cik,ticker,year,val_raw,tag,end,form,filed,dur,split_factor_to_latest,val_adj
1800,ABT,2014,1592000000.0,WeightedAverageNumberOfDilutedSharesOutstanding,2012-12-31,10-K,2015-02-27,365,2.084201750729471,3318049187.1613173
1800,ABT,2015,1574000000.0,WeightedAverageNumberOfDilutedSharesOutstanding,2013-12-31,10-K,2016-02-19,364,1.0,1574000000.0
1800,ABT,2016,1483000000.0,WeightedAverageNumberOfDilutedSharesOutstanding,2016-12-31,10-K,2017-02-17,365,1.0,1483000000.0
1800,ABT,2017,1483000000.0,WeightedAverageNumberOfDilutedSharesOutstanding,2016-12-31,10-K,2018-02-16,365,1.0,1483000000.0
1800,ABT,2018,1483000000.0,WeightedAverageNumberOfDilutedSharesOutstanding,2016-12-31,10-K,2019-02-22,365,1.0,1483000000.0
1800,ABT,2019,1749000000.0,WeightedAverageNumberOfDilutedSharesOutstanding,2017-12-31,10-K,2020-02-21,364,1.0,1749000000.0
1800,ABT,2020,1786000000.0,WeightedAverageNumberOfDilutedSharesOutstanding,2020-12-31,10-K,2021-02-19,365,1.0,1786000000.0
1800,ABT,2021,1786000000.0,WeightedAverageNumberOfDilutedSharesOutstanding,2020-12-31,10-K,2022-02-18,365,1.0,1786000000.0
1800,ABT,2022,1786000000.0,WeightedAverageNumberOfDilutedSharesOutstanding,2020-12-31,10-K,2023-02-17,365,1.0,1786000000.0
1800,ABT,2023,1789000000.0,WeightedAverageNumberOfDilutedSharesOutstanding,2021-12-31,10-K,2024-02-16,364,1.0,1789000000.0
1800,ABT,2024,1748000000.0,WeightedAverageNumberOfDilutedSharesOutstanding,2024-12-31,10-K,2025-02-21,365,1.0,1748000000.0
1800,ABT,2025,1748000000.0,WeightedAverageNumberOfDilutedSharesOutstanding,2024-12-31,10-K,2026-02-20,365,1.0,1748000000.0
2488,AMD,2014,741000000.0,WeightedAverageNumberOfDilutedSharesOutstanding,2012-12-29,10-K,2015-02-19,363,1.0,741000000.0
2488,AMD,2015,754000000.0,WeightedAverageNumberOfDilutedSharesOutstanding,2013-12-28,10-K,2016-02-18,363,1.0,754000000.0
2488,AMD,2016,835000000.0,WeightedAverageNumberOfDilutedSharesOutstanding,2016-12-31,10-K,2017-02-21,370,1.0,835000000.0
2488,AMD,2017,835000000.0,WeightedAverageNumberOfDilutedSharesOutstanding,2016-12-31,10-K,2018-02-27,370,1.0,835000000.0
2488,AMD,2018,835000000.0,WeightedAverageNumberOfDilutedSharesOutstanding,2016-12-31,10-K,2019-02-08,370,1.0,835000000.0
2488,AMD,2019,952000000.0,WeightedAverageNumberOfDilutedSharesOutstanding,2017-12-30,10-K,2020-02-04,363,1.0,952000000.0
2488,AMD,2020,1064000000.0,WeightedAverageNumberOfDilutedSharesOutstanding,2018-12-29,10-K,2021-01-29,363,1.0,1064000000.0
2488,AMD,2021,1120000000.0,WeightedAverageNumberOfDilutedSharesOutstanding,2019-12-28,10-K,2022-02-03,363,1.0,1120000000.0
2488,AMD,2022,1571000000.0,WeightedAverageNumberOfDilutedSharesOutstanding,2022-12-31,10-K,2023-02-27,370,1.0,1571000000.0
2488,AMD,2023,1571000000.0,WeightedAverageNumberOfDilutedSharesOutstanding,2022-12-31,10-K,2024-01-31,370,1.0,1571000000.0
2488,AMD,2024,1571000000.0,WeightedAverageNumberOfDilutedSharesOutstanding,2022-12-31,10-K,2025-02-05,370,1.0,1571000000.0
2488,AMD,2025,1625000000.0,WeightedAverageNumberOfDilutedSharesOutstanding,2023-12-30,10-K,2026-02-04,363,1.0,1625000000.0
2969,APD,2014,214700000.0,WeightedAverageNumberOfDilutedSharesOutstanding,2012-09-30,10-K,2014-11-24,365,1.081,232090700.0
2969,APD,2015,212300000.0,WeightedAverageNumberOfDilutedSharesOutstanding,2013-09-30,10-K,2015-11-24,364,1.081,229496300.0
2969,APD,2016,218300000.0,WeightedAverageNumberOfDilutedSharesOutstanding,2016-09-30,10-K,2016-11-21,365,1.081,235982300.0
2969,APD,2017,218300000.0,WeightedAverageNumberOfDilutedSharesOutstanding,2016-09-30,10-K,2017-11-16,365,1.081,235982300.0
2969,APD,2018,218300000.0,WeightedAverageNumberOfDilutedSharesOutstanding,2016-09-30,10-K,2018-11-20,365,1.081,235982300.0
2969,APD,2019,219800000.0,WeightedAverageNumberOfDilutedSharesOutstanding,2017-09-30,10-K,2019-11-26,364,1.0,219800000.0
2969,APD,2020,222300000.0,WeightedAverageNumberOfDilutedSharesOutstanding,2020-09-30,10-K,2020-11-19,365,1.0,222300000.0
2969,APD,2021,222300000.0,WeightedAverageNumberOfDilutedSharesOutstanding,2020-09-30,10-K,2021-11-18,365,1.0,222300000.0
2969,APD,2022,222300000.0,WeightedAverageNumberOfDilutedSharesOutstanding,2020-09-30,10-K,2022-11-22,365,1.0,222300000.0
2969,APD,2023,222500000.0,WeightedAverageNumberOfDilutedSharesOutstanding,2021-09-30,10-K,2023-11-16,364,1.0,222500000.0
2969,APD,2024,222800000.0,WeightedAverageNumberOfDilutedSharesOutstanding,2024-09-30,10-K,2024-11-21,365,1.0,222800000.0
2969,APD,2025,222800000.0,WeightedAverageNumberOfDilutedSharesOutstanding,2024-09-30,10-K,2025-11-20,365,1.0,222800000.0
4127,SWKS,2014,192600000.0,WeightedAverageNumberOfDilutedSharesOutstanding,2014-10-03,10-K,2014-11-25,370,1.0,192600000.0
4127,SWKS,2015,192600000.0,WeightedAverageNumberOfDilutedSharesOutstanding,2014-10-03,10-K,2015-11-24,370,1.0,192600000.0
4127,SWKS,2016,192600000.0,WeightedAverageNumberOfDilutedSharesOutstanding,2014-10-03,10-K,2016-11-22,370,1.0,192600000.0
4127,SWKS,2017,194900000.0,WeightedAverageNumberOfDilutedSharesOutstanding,2015-10-02,10-K,2017-11-13,363,1.0,194900000.0
4127,SWKS,2018,192100000.0,WeightedAverageNumberOfDilutedSharesOutstanding,2016-09-30,10-K,2018-11-15,363,1.0,192100000.0
4127,SWKS,2019,186700000.0,WeightedAverageNumberOfDilutedSharesOutstanding,2017-09-29,10-K,2019-11-14,363,1.0,186700000.0
4127,SWKS,2020,169900000.0,WeightedAverageNumberOfDilutedSharesOutstanding,2020-10-02,10-K,2020-11-17,370,1.0,169900000.0
4127,SWKS,2021,169900000.0,WeightedAverageNumberOfDilutedSharesOutstanding,2020-10-02,10-K,2021-11-24,370,1.0,169900000.0
4127,SWKS,2022,169900000.0,WeightedAverageNumberOfDilutedSharesOutstanding,2020-10-02,10-K,2022-11-23,370,1.0,169900000.0
4127,SWKS,2023,167000000.0,WeightedAverageNumberOfDilutedSharesOutstanding,2021-10-01,10-K,2023-11-17,363,1.0,167000000.0
4127,SWKS,2024,163300000.0,WeightedAverageNumberOfDilutedSharesOutstanding,2022-09-30,10-K,2024-11-15,363,1.0,163300000.0
4127,SWKS,2025,155100000.0,WeightedAverageNumberOfDilutedSharesOutstanding,2025-10-03,10-K,2025-11-07,370,1.0,155100000.0
4281,HWM,2014,1076000000.0,WeightedAverageNumberOfDilutedSharesOutstanding,2012-12-31,10-K,2015-02-19,365,1.0,1076000000.0
4281,HWM,2015,1070000000.0,WeightedAverageNumberOfDilutedSharesOutstanding,2013-12-31,10-K,2016-02-19,364,1.0,1070000000.0
4281,HWM,2016,438000000.0,WeightedAverageNumberOfDilutedSharesOutstanding,2016-12-31,10-K,2017-02-28,365,1.0,438000000.0
4281,HWM,2017,438000000.0,WeightedAverageNumberOfDilutedSharesOutstanding,2016-12-31,10-K,2018-02-26,365,1.0,438000000.0
4281,HWM,2018,438000000.0,WeightedAverageNumberOfDilutedSharesOutstanding,2016-12-31,10-K,2019-02-21,365,1.0,438000000.0
4281,HWM,2019,451000000.0,WeightedAverageNumberOfDilutedSharesOutstanding,2017-12-31,10-K,2020-02-27,364,1.0,451000000.0
4281,HWM,2020,439000000.0,WeightedAverageNumberOfDilutedSharesOutstanding,2020-12-31,10-K,2021-02-16,365,1.0,439000000.0
4281,HWM,2021,439000000.0,WeightedAverageNumberOfDilutedSharesOutstanding,2020-12-31,10-K,2022-02-14,365,1.0,439000000.0
4281,HWM,2022,439000000.0,WeightedAverageNumberOfDilutedSharesOutstanding,2020-12-31,10-K,2023-02-14,365,1.0,439000000.0
4281,HWM,2023,435000000.0,WeightedAverageNumberOfDilutedSharesOutstanding,2021-12-31,10-K,2024-02-13,364,1.0,435000000.0
4281,HWM,2024,410000000.0,WeightedAverageNumberOfDilutedSharesOutstanding,2024-12-31,10-K,2025-02-14,365,1.0,410000000.0
4281,HWM,2025,410000000.0,WeightedAverageNumberOfDilutedSharesOutstanding,2024-12-31,10-K,2026-02-12,365,1.0,410000000.0
4904,AEP,2014,485084694.0,WeightedAverageNumberOfDilutedSharesOutstanding,2012-12-31,10-K,2015-02-20,365,1.0,485084694.0
4904,AEP,2015,487040956.0,WeightedAverageNumberOfDilutedSharesOutstanding,2013-12-31,10-K,2016-02-24,364,1.0,487040956.0
4904,AEP,2016,491662007.0,WeightedAverageNumberOfDilutedSharesOutstanding,2016-12-31,10-K,2017-02-28,365,1.0,491662007.0
4904,AEP,2017,491662007.0,WeightedAverageNumberOfDilutedSharesOutstanding,2016-12-31,10-K,2018-02-23,365,1.0,491662007.0
4904,AEP,2018,491662007.0,WeightedAverageNumberOfDilutedSharesOutstanding,2016-12-31,10-K,2019-02-21,365,1.0,491662007.0
4904,AEP,2019,492611067.0,WeightedAverageNumberOfDilutedSharesOutstanding,2017-12-31,10-K,2020-02-20,364,1.0,492611067.0
4904,AEP,2020,497226867.0,WeightedAverageNumberOfDilutedSharesOutstanding,2020-12-31,10-K,2021-02-25,365,1.0,497226867.0
4904,AEP,2021,497226867.0,WeightedAverageNumberOfDilutedSharesOutstanding,2020-12-31,10-K,2022-02-24,365,1.0,497226867.0
4904,AEP,2022,497226867.0,WeightedAverageNumberOfDilutedSharesOutstanding,2020-12-31,10-K,2023-02-23,365,1.0,497226867.0
4904,AEP,2023,501784032.0,WeightedAverageNumberOfDilutedSharesOutstanding,2021-12-31,10-K,2024-02-26,364,1.0,501784032.0
4904,AEP,2024,531337703.0,WeightedAverageNumberOfDilutedSharesOutstanding,2024-12-31,10-K,2025-02-13,365,1.0,531337703.0
4904,AEP,2025,531337703.0,WeightedAverageNumberOfDilutedSharesOutstanding,2024-12-31,10-K,2026-02-12,365,1.0,531337703.0
4962,AXP,2014,1141000000.0,WeightedAverageNumberOfDilutedSharesOutstanding,2012-12-31,10-K,2015-02-24,365,1.0,1141000000.0
4962,AXP,2015,1089000000.0,WeightedAverageNumberOfDilutedSharesOutstanding,2013-12-31,10-K,2016-02-19,364,1.0,1089000000.0
4962,AXP,2016,935000000.0,WeightedAverageNumberOfDilutedSharesOutstanding,2016-12-31,10-K,2017-02-17,365,1.0,935000000.0
4962,AXP,2017,935000000.0,WeightedAverageNumberOfDilutedSharesOutstanding,2016-12-31,10-K,2018-02-16,365,1.0,935000000.0
4962,AXP,2018,935000000.0,WeightedAverageNumberOfDilutedSharesOutstanding,2016-12-31,10-K,2019-02-13,365,1.0,935000000.0
4962,AXP,2019,886000000.0,WeightedAverageNumberOfDilutedSharesOutstanding,2017-12-31,10-K,2020-02-13,364,1.0,886000000.0
4962,AXP,2020,806000000.0,WeightedAverageNumberOfDilutedSharesOutstanding,2020-12-31,10-K,2021-02-12,365,1.0,806000000.0
4962,AXP,2021,806000000.0,WeightedAverageNumberOfDilutedSharesOutstanding,2020-12-31,10-K,2022-02-11,365,1.0,806000000.0
4962,AXP,2022,806000000.0,WeightedAverageNumberOfDilutedSharesOutstanding,2020-12-31,10-K,2023-02-10,365,1.0,806000000.0
4962,AXP,2023,790000000.0,WeightedAverageNumberOfDilutedSharesOutstanding,2021-12-31,10-K,2024-02-09,364,1.0,790000000.0
4962,AXP,2024,713000000.0,WeightedAverageNumberOfDilutedSharesOutstanding,2024-12-31,10-K,2025-02-07,365,1.0,713000000.0
4962,AXP,2025,713000000.0,WeightedAverageNumberOfDilutedSharesOutstanding,2024-12-31,10-K,2026-02-06,365,1.0,713000000.0
4977,AFL,2014,469287000.0,WeightedAverageNumberOfDilutedSharesOutstanding,2012-12-31,10-K,2015-02-26,365,2.0,938574000.0
4977,AFL,2015,467408000.0,WeightedAverageNumberOfDilutedSharesOutstanding,2013-12-31,10-K,2016-02-25,364,2.0,934816000.0
4977,AFL,2016,413921000.0,WeightedAverageNumberOfDilutedSharesOutstanding,2016-12-31,10-K,2017-02-24,365,2.0,827842000.0
4977,AFL,2017,413921000.0,WeightedAverageNumberOfDilutedSharesOutstanding,2016-12-31,10-K,2018-02-23,365,2.0,827842000.0
4977,AFL,2018,827841000.0,WeightedAverageNumberOfDilutedSharesOutstanding,2016-12-31,10-K,2019-02-25,365,2.0,1655682000.0
4977,AFL,2019,797861000.0,WeightedAverageNumberOfDilutedSharesOutstanding,2017-12-31,10-K,2020-02-21,364,2.0,1595722000.0
4977,AFL,2020,716192000.0,WeightedAverageNumberOfDilutedSharesOutstanding,2020-12-31,10-K,2021-02-23,365,1.0,716192000.0
4977,AFL,2021,716192000.0,WeightedAverageNumberOfDilutedSharesOutstanding,2020-12-31,10-K,2022-02-23,365,1.0,716192000.0
4977,AFL,2022,716192000.0,WeightedAverageNumberOfDilutedSharesOutstanding,2020-12-31,10-K,2023-02-24,365,1.0,716192000.0
4977,AFL,2023,676729000.0,WeightedAverageNumberOfDilutedSharesOutstanding,2021-12-31,10-K,2024-02-22,364,1.0,676729000.0
4977,AFL,2024,565015000.0,WeightedAverageNumberOfDilutedSharesOutstanding,2024-12-31,10-K,2025-02-26,365,1.0,565015000.0
4977,AFL,2025,565015000.0,WeightedAverageNumberOfDilutedSharesOutstanding,2024-12-31,10-K,2026-02-25,365,1.0,565015000.0
5272,AIG,2014,1687226641.0,WeightedAverageNumberOfDilutedSharesOutstanding,2012-12-31,10-K,2015-02-20,365,1.0,1687226641.0
5272,AIG,2015,1481206797.0,WeightedAverageNumberOfDilutedSharesOutstanding,2013-12-31,10-K,2016-02-19,364,1.0,1481206797.0
5272,AIG,2016,1091085131.0,WeightedAverageNumberOfDilutedSharesOutstanding,2016-12-31,10-K,2017-02-23,365,1.0,1091085131.0
5272,AIG,2017,1091085131.0,WeightedAverageNumberOfDilutedSharesOutstanding,2016-12-31,10-K,2018-02-16,365,1.0,1091085131.0
5272,AIG,2018,1091085131.0,WeightedAverageNumberOfDilutedSharesOutstanding,2016-12-31,10-K,2019-02-15,365,1.0,1091085131.0
5272,AIG,2019,930561286.0,WeightedAverageNumberOfDilutedSharesOutstanding,2017-12-31,10-K,2020-02-21,364,1.0,930561286.0
5272,AIG,2020,869309458.0,WeightedAverageNumberOfDilutedSharesOutstanding,2020-12-31,10-K,2021-02-19,365,1.0,869309458.0
5272,AIG,2021,869309458.0,WeightedAverageNumberOfDilutedSharesOutstanding,2020-12-31,10-K,2022-02-17,365,1.0,869309458.0
5272,AIG,2022,869309458.0,WeightedAverageNumberOfDilutedSharesOutstanding,2020-12-31,10-K,2023-02-17,365,1.0,869309458.0
5272,AIG,2023,864884879.0,WeightedAverageNumberOfDilutedSharesOutstanding,2021-12-31,10-K,2024-02-14,364,1.0,864884879.0
5272,AIG,2024,657283160.0,WeightedAverageNumberOfDilutedSharesOutstanding,2024-12-31,10-K,2025-02-13,365,1.0,657283160.0
5272,AIG,2025,657283160.0,WeightedAverageNumberOfDilutedSharesOutstanding,2024-12-31,10-K,2026-02-12,365,1.0,657283160.0
6281,ADI,2014,306191000.0,WeightedAverageNumberOfDilutedSharesOutstanding,2012-11-03,10-K,2014-12-10,370,1.0,306191000.0
6281,ADI,2015,314041000.0,WeightedAverageNumberOfDilutedSharesOutstanding,2013-11-02,10-K,2015-11-24,363,1.0,314041000.0
6281,ADI,2016,318027000.0,WeightedAverageNumberOfDilutedSharesOutstanding,2014-11-01,10-K,2016-11-22,363,1.0,318027000.0
6281,ADI,2017,316872000.0,WeightedAverageNumberOfDilutedSharesOutstanding,2015-10-31,10-K,2017-11-22,363,1.0,316872000.0
6281,ADI,2018,374938000.0,WeightedAverageNumberOfDilutedSharesOutstanding,2018-11-03,10-K,2018-11-27,370,1.0,374938000.0
6281,ADI,2019,374938000.0,WeightedAverageNumberOfDilutedSharesOutstanding,2018-11-03,10-K,2019-11-26,370,1.0,374938000.0
6281,ADI,2020,374938000.0,WeightedAverageNumberOfDilutedSharesOutstanding,2018-11-03,10-K,2020-11-24,370,1.0,374938000.0
6281,ADI,2021,372871000.0,WeightedAverageNumberOfDilutedSharesOutstanding,2019-11-02,10-K,2021-12-03,363,1.0,372871000.0
6281,ADI,2022,371973000.0,WeightedAverageNumberOfDilutedSharesOutstanding,2020-10-31,10-K,2022-11-22,363,1.0,371973000.0
6281,ADI,2023,401288000.0,WeightedAverageNumberOfDilutedSharesOutstanding,2021-10-30,10-K,2023-11-21,363,1.0,401288000.0
6281,ADI,2024,498697000.0,WeightedAverageNumberOfDilutedSharesOutstanding,2024-11-02,10-K,2024-11-26,370,1.0,498697000.0
6281,ADI,2025,498697000.0,WeightedAverageNumberOfDilutedSharesOutstanding,2024-11-02,10-K,2025-11-25,370,1.0,498697000.0
6951,AMAT,2014,1277000000.0,WeightedAverageNumberOfDilutedSharesOutstanding,2012-10-28,10-K,2014-12-17,363,1.0,1277000000.0
6951,AMAT,2015,1219000000.0,WeightedAverageNumberOfDilutedSharesOutstanding,2013-10-27,10-K,2015-12-09,363,1.0,1219000000.0
6951,AMAT,2016,1116000000.0,WeightedAverageNumberOfDilutedSharesOutstanding,2016-10-30,10-K,2016-12-15,370,1.0,1116000000.0
6951,AMAT,2017,1116000000.0,WeightedAverageNumberOfDilutedSharesOutstanding,2016-10-30,10-K,2017-12-15,370,1.0,1116000000.0
6951,AMAT,2018,1116000000.0,WeightedAverageNumberOfDilutedSharesOutstanding,2016-10-30,10-K,2018-12-13,370,1.0,1116000000.0
6951,AMAT,2019,1084000000.0,WeightedAverageNumberOfDilutedSharesOutstanding,2017-10-29,10-K,2019-12-13,363,1.0,1084000000.0
6951,AMAT,2020,1026000000.0,WeightedAverageNumberOfDilutedSharesOutstanding,2018-10-28,10-K,2020-12-11,363,1.0,1026000000.0
6951,AMAT,2021,919000000.0,WeightedAverageNumberOfDilutedSharesOutstanding,2021-10-31,10-K,2021-12-17,370,1.0,919000000.0
6951,AMAT,2022,919000000.0,WeightedAverageNumberOfDilutedSharesOutstanding,2021-10-31,10-K,2022-12-16,370,1.0,919000000.0
6951,AMAT,2023,919000000.0,WeightedAverageNumberOfDilutedSharesOutstanding,2021-10-31,10-K,2023-12-15,370,1.0,919000000.0
6951,AMAT,2024,877000000.0,WeightedAverageNumberOfDilutedSharesOutstanding,2022-10-30,10-K,2024-12-13,363,1.0,877000000.0
6951,AMAT,2025,845000000.0,WeightedAverageNumberOfDilutedSharesOutstanding,2023-10-29,10-K,2025-12-12,363,1.0,845000000.0
7084,ADM,2014,666000000.0,WeightedAverageNumberOfDilutedSharesOutstanding,2012-06-30,10-K,2015-02-20,365,1.0,666000000.0
7084,ADM,2015,663000000.0,WeightedAverageNumberOfDilutedSharesOutstanding,2013-12-31,10-K,2016-02-19,364,1.0,663000000.0
7084,ADM,2016,591000000.0,WeightedAverageNumberOfDilutedSharesOutstanding,2016-12-31,10-K,2017-02-17,365,1.0,591000000.0
7084,ADM,2017,591000000.0,WeightedAverageNumberOfDilutedSharesOutstanding,2016-12-31,10-K,2018-02-16,365,1.0,591000000.0
7084,ADM,2018,591000000.0,WeightedAverageNumberOfDilutedSharesOutstanding,2016-12-31,10-K,2019-02-19,365,1.0,591000000.0
7084,ADM,2019,572000000.0,WeightedAverageNumberOfDilutedSharesOutstanding,2017-12-31,10-K,2020-02-18,364,1.0,572000000.0
7084,ADM,2020,563000000.0,WeightedAverageNumberOfDilutedSharesOutstanding,2020-12-31,10-K,2021-02-18,365,1.0,563000000.0
7084,ADM,2021,565000000.0,WeightedAverageNumberOfDilutedSharesOutstanding,2020-12-31,10-K,2022-02-17,365,1.0,565000000.0
7084,ADM,2022,565000000.0,WeightedAverageNumberOfDilutedSharesOutstanding,2020-12-31,10-K,2023-02-14,365,1.0,565000000.0
7084,ADM,2023,566000000.0,WeightedAverageNumberOfDilutedSharesOutstanding,2021-12-31,10-K/A,2024-11-18,364,1.0,566000000.0
7084,ADM,2024,493000000.0,WeightedAverageNumberOfDilutedSharesOutstanding,2024-12-31,10-K,2025-02-20,365,1.0,493000000.0
7084,ADM,2025,493000000.0,WeightedAverageNumberOfDilutedSharesOutstanding,2024-12-31,10-K,2026-02-17,365,1.0,493000000.0
8670,ADP,2014,492200000.0,WeightedAverageNumberOfDilutedSharesOutstanding,2012-06-30,10-K,2014-08-08,365,1.139,560615800.0
8670,ADP,2015,487100000.0,WeightedAverageNumberOfDilutedSharesOutstanding,2013-06-30,10-K,2015-08-07,364,1.139,554806900.0
8670,ADP,2016,459100000.0,WeightedAverageNumberOfDilutedSharesOutstanding,2016-06-30,10-K,2016-08-05,365,1.0,459100000.0
8670,ADP,2017,459100000.0,WeightedAverageNumberOfDilutedSharesOutstanding,2016-06-30,10-K,2017-08-04,365,1.0,459100000.0
8670,ADP,2018,459100000.0,WeightedAverageNumberOfDilutedSharesOutstanding,2016-06-30,10-K,2018-08-03,365,1.0,459100000.0
8670,ADP,2019,450300000.0,WeightedAverageNumberOfDilutedSharesOutstanding,2017-06-30,10-K,2019-08-09,364,1.0,450300000.0
8670,ADP,2020,432700000.0,WeightedAverageNumberOfDilutedSharesOutstanding,2020-06-30,10-K,2020-08-05,365,1.0,432700000.0
8670,ADP,2021,432700000.0,WeightedAverageNumberOfDilutedSharesOutstanding,2020-06-30,10-K,2021-08-04,365,1.0,432700000.0
8670,ADP,2022,432700000.0,WeightedAverageNumberOfDilutedSharesOutstanding,2020-06-30,10-K,2022-08-03,365,1.0,432700000.0
8670,ADP,2023,428100000.0,WeightedAverageNumberOfDilutedSharesOutstanding,2021-06-30,10-K,2023-08-03,364,1.0,428100000.0
8670,ADP,2024,412200000.0,WeightedAverageNumberOfDilutedSharesOutstanding,2024-06-30,10-K,2024-08-07,365,1.0,412200000.0
8670,ADP,2025,412200000.0,WeightedAverageNumberOfDilutedSharesOutstanding,2024-06-30,10-K,2025-08-06,365,1.0,412200000.0
8670,ADP,2026,412200000.0,WeightedAverageNumberOfDilutedSharesOutstanding,2024-06-30,10-K,2026-08-05,365,1.0,412200000.0
8818,AVY,2014,95700000.0,WeightedAverageNumberOfDilutedSharesOutstanding,2015-01-03,10-K,2015-02-25,370,1.0,95700000.0
8818,AVY,2015,95700000.0,WeightedAverageNumberOfDilutedSharesOutstanding,2015-01-03,10-K,2016-02-24,370,1.0,95700000.0
8818,AVY,2016,95700000.0,WeightedAverageNumberOfDilutedSharesOutstanding,2015-01-03,10-K,2017-02-23,370,1.0,95700000.0
8818,AVY,2017,92900000.0,WeightedAverageNumberOfDilutedSharesOutstanding,2016-01-02,10-K,2018-02-21,363,1.0,92900000.0
8818,AVY,2018,90700000.0,WeightedAverageNumberOfDilutedSharesOutstanding,2016-12-31,10-K,2019-02-27,363,1.0,90700000.0
8818,AVY,2019,90100000.0,WeightedAverageNumberOfDilutedSharesOutstanding,2017-12-30,10-K,2020-02-26,363,1.0,90100000.0
8818,AVY,2020,84100000.0,WeightedAverageNumberOfDilutedSharesOutstanding,2021-01-02,10-K,2021-02-25,370,1.0,84100000.0
8818,AVY,2021,84100000.0,WeightedAverageNumberOfDilutedSharesOutstanding,2021-01-02,10-K,2022-02-23,370,1.0,84100000.0
8818,AVY,2022,84100000.0,WeightedAverageNumberOfDilutedSharesOutstanding,2021-01-02,10-K,2023-02-22,370,1.0,84100000.0
8818,AVY,2023,83800000.0,WeightedAverageNumberOfDilutedSharesOutstanding,2022-01-01,10-K,2024-02-21,363,1.0,83800000.0
8818,AVY,2024,82200000.0,WeightedAverageNumberOfDilutedSharesOutstanding,2022-12-31,10-K,2025-02-26,363,1.0,82200000.0
8818,AVY,2025,78300000.0,WeightedAverageNumberOfDilutedSharesOutstanding,2025-12-31,10-K,2026-02-25,367,1.0,78300000.0
9389,BALL,2014,158084000.0,WeightedAverageNumberOfDilutedSharesOutstanding,2012-12-31,10-K,2015-02-20,365,2.0,316168000.0
9389,BALL,2015,149223000.0,WeightedAverageNumberOfDilutedSharesOutstanding,2013-12-31,10-K,2016-02-16,364,2.0,298446000.0
9389,BALL,2016,161442000.0,WeightedAverageNumberOfDilutedSharesOutstanding,2016-12-31,10-K,2017-03-02,365,2.0,322884000.0
9389,BALL,2017,322884000.0,WeightedAverageNumberOfDilutedSharesOutstanding,2016-12-31,10-K,2018-03-01,365,2.0,645768000.0
9389,BALL,2018,322884000.0,WeightedAverageNumberOfDilutedSharesOutstanding,2016-12-31,10-K,2019-02-22,365,2.0,645768000.0
9389,BALL,2019,356985000.0,WeightedAverageNumberOfDilutedSharesOutstanding,2017-12-31,10-K,2020-02-19,364,1.0,356985000.0
9389,BALL,2020,332815000.0,WeightedAverageNumberOfDilutedSharesOutstanding,2020-12-31,10-K,2021-02-17,365,1.0,332815000.0
9389,BALL,2021,332815000.0,WeightedAverageNumberOfDilutedSharesOutstanding,2020-12-31,10-K,2022-02-16,365,1.0,332815000.0
9389,BALL,2022,332815000.0,WeightedAverageNumberOfDilutedSharesOutstanding,2020-12-31,10-K,2023-02-21,365,1.0,332815000.0
9389,BALL,2023,331615000.0,WeightedAverageNumberOfDilutedSharesOutstanding,2021-12-31,10-K,2024-02-20,364,1.0,331615000.0
9389,BALL,2024,308206000.0,WeightedAverageNumberOfDilutedSharesOutstanding,2024-12-31,10-K,2025-02-20,365,1.0,308206000.0
9389,BALL,2025,308206000.0,WeightedAverageNumberOfDilutedSharesOutstanding,2024-12-31,10-K,2026-02-19,365,1.0,308206000.0
10456,BAX,2014,556000000.0,WeightedAverageNumberOfDilutedSharesOutstanding,2012-12-31,10-K,2015-02-26,365,1.841,1023596000.0
10456,BAX,2015,549000000.0,WeightedAverageNumberOfDilutedSharesOutstanding,2013-12-31,10-K,2016-02-26,364,1.841,1010709000.0
10456,BAX,2016,551000000.0,WeightedAverageNumberOfDilutedSharesOutstanding,2016-12-31,10-K,2017-02-23,365,1.0,551000000.0
10456,BAX,2017,551000000.0,WeightedAverageNumberOfDilutedSharesOutstanding,2016-12-31,10-K,2018-02-23,365,1.0,551000000.0
10456,BAX,2018,551000000.0,WeightedAverageNumberOfDilutedSharesOutstanding,2016-12-31,10-K,2019-02-21,365,1.0,551000000.0
10456,BAX,2019,555000000.0,WeightedAverageNumberOfDilutedSharesOutstanding,2017-12-31,10-K,2020-03-17,364,1.0,555000000.0
10456,BAX,2020,517000000.0,WeightedAverageNumberOfDilutedSharesOutstanding,2020-12-31,10-K,2021-02-11,365,1.0,517000000.0
10456,BAX,2021,517000000.0,WeightedAverageNumberOfDilutedSharesOutstanding,2020-12-31,10-K,2022-02-23,365,1.0,517000000.0
10456,BAX,2022,517000000.0,WeightedAverageNumberOfDilutedSharesOutstanding,2020-12-31,10-K,2023-02-09,365,1.0,517000000.0
10456,BAX,2023,508000000.0,WeightedAverageNumberOfDilutedSharesOutstanding,2021-12-31,10-K,2024-02-08,364,1.0,508000000.0
10456,BAX,2024,510000000.0,WeightedAverageNumberOfDilutedSharesOutstanding,2024-12-31,10-K,2025-02-21,365,1.0,510000000.0
10456,BAX,2025,510000000.0,WeightedAverageNumberOfDilutedSharesOutstanding,2024-12-31,10-K,2026-02-12,365,1.0,510000000.0
10795,BDX,2014,209181000.0,WeightedAverageNumberOfDilutedSharesOutstanding,2012-09-30,10-K,2014-11-26,365,1.3037999999999998,272730187.79999995
10795,BDX,2015,199193000.0,WeightedAverageNumberOfDilutedSharesOutstanding,2013-09-30,10-K,2015-11-25,364,1.3037999999999998,259707833.39999998
10795,BDX,2016,217536000.0,WeightedAverageNumberOfDilutedSharesOutstanding,2016-09-30,10-K,2016-11-23,365,1.3037999999999998,283623436.79999995
10795,BDX,2017,217536000.0,WeightedAverageNumberOfDilutedSharesOutstanding,2016-09-30,10-K,2017-11-22,365,1.3037999999999998,283623436.79999995
10795,BDX,2018,217536000.0,WeightedAverageNumberOfDilutedSharesOutstanding,2016-09-30,10-K,2018-11-21,365,1.3037999999999998,283623436.79999995
10795,BDX,2019,223588000.0,WeightedAverageNumberOfDilutedSharesOutstanding,2017-09-30,10-K,2019-11-27,364,1.3037999999999998,291514034.4
10795,BDX,2020,282402000.0,WeightedAverageNumberOfDilutedSharesOutstanding,2020-09-30,10-K,2020-11-25,365,1.3037999999999998,368195727.59999996
10795,BDX,2021,282402000.0,WeightedAverageNumberOfDilutedSharesOutstanding,2020-09-30,10-K,2021-11-24,365,1.3037999999999998,368195727.59999996
10795,BDX,2022,282402000.0,WeightedAverageNumberOfDilutedSharesOutstanding,2020-09-30,10-K,2022-11-22,365,1.3037999999999998,368195727.59999996
10795,BDX,2023,292089000.0,WeightedAverageNumberOfDilutedSharesOutstanding,2021-09-30,10-K,2023-11-21,364,1.3037999999999998,380825638.1999999
10795,BDX,2024,291009000.0,WeightedAverageNumberOfDilutedSharesOutstanding,2024-09-30,10-K,2024-11-27,365,1.272,370163448.0
10795,BDX,2025,291009000.0,WeightedAverageNumberOfDilutedSharesOutstanding,2024-09-30,10-K,2025-11-25,365,1.272,370163448.0
11544,WRB,2014,143314544.0,WeightedAverageNumberOfDilutedSharesOutstanding,2012-12-31,10-K,2015-02-27,365,3.375,483686586.0
11544,WRB,2015,140742922.0,WeightedAverageNumberOfDilutedSharesOutstanding,2013-12-31,10-K,2016-02-22,364,3.375,475007361.75
11544,WRB,2016,128552838.0,WeightedAverageNumberOfDilutedSharesOutstanding,2016-12-31,10-K,2017-02-28,365,3.375,433865828.25
11544,WRB,2017,128552838.0,WeightedAverageNumberOfDilutedSharesOutstanding,2016-12-31,10-K,2018-02-23,365,3.375,433865828.25
11544,WRB,2018,128552838.0,WeightedAverageNumberOfDilutedSharesOutstanding,2016-12-31,10-K,2019-02-22,365,3.375,433865828.25
11544,WRB,2019,193527.0,WeightedAverageNumberOfDilutedSharesOutstanding,2017-12-31,10-K,2020-02-20,364,3.375,653153.625
11544,WRB,2020,283145.0,WeightedAverageNumberOfDilutedSharesOutstanding,2020-12-31,10-K,2023-02-24,365,2.25,637076.25
11544,WRB,2023,279749.0,WeightedAverageNumberOfDilutedSharesOutstanding,2021-12-31,10-K,2024-02-23,364,2.25,629435.25
11544,WRB,2024,403224.0,WeightedAverageNumberOfDilutedSharesOutstanding,2024-12-31,10-K,2025-02-24,365,1.0,403224.0
11544,WRB,2025,403224000.0,WeightedAverageNumberOfDilutedSharesOutstanding,2024-12-31,10-K,2026-02-27,365,1.0,403224000.0
12927,BA,2014,761500000.0,WeightedAverageNumberOfDilutedSharesOutstanding,2012-12-31,10-K,2015-02-12,365,1.0,761500000.0
12927,BA,2015,767600000.0,WeightedAverageNumberOfDilutedSharesOutstanding,2013-12-31,10-K,2016-02-10,364,1.0,767600000.0
12927,BA,2016,642800000.0,WeightedAverageNumberOfDilutedSharesOutstanding,2016-12-31,10-K,2017-02-08,365,1.0,642800000.0
12927,BA,2017,642800000.0,WeightedAverageNumberOfDilutedSharesOutstanding,2016-12-31,10-K,2018-02-12,365,1.0,642800000.0
12927,BA,2018,642800000.0,WeightedAverageNumberOfDilutedSharesOutstanding,2016-12-31,10-K,2019-02-08,365,1.0,642800000.0
12927,BA,2019,610000000.0,WeightedAverageNumberOfDilutedSharesOutstanding,2017-12-31,10-K,2020-01-31,364,1.0,610000000.0
12927,BA,2020,568600000.0,WeightedAverageNumberOfDilutedSharesOutstanding,2020-12-31,10-K,2021-02-01,365,1.0,568600000.0
12927,BA,2021,568600000.0,WeightedAverageNumberOfDilutedSharesOutstanding,2020-12-31,10-K,2022-01-31,365,1.0,568600000.0
12927,BA,2022,568600000.0,WeightedAverageNumberOfDilutedSharesOutstanding,2020-12-31,10-K,2023-01-27,365,1.0,568600000.0
12927,BA,2023,587600000.0,WeightedAverageNumberOfDilutedSharesOutstanding,2021-12-31,10-K,2024-01-31,364,1.0,587600000.0
12927,BA,2024,646900000.0,WeightedAverageNumberOfDilutedSharesOutstanding,2024-12-31,10-K,2025-02-03,365,1.0,646900000.0
12927,BA,2025,646900000.0,WeightedAverageNumberOfDilutedSharesOutstanding,2024-12-31,10-K,2026-01-30,365,1.0,646900000.0
14272,BMY,2014,1688000000.0,WeightedAverageNumberOfDilutedSharesOutstanding,2012-12-31,10-K,2015-02-13,365,1.0,1688000000.0
14272,BMY,2015,1662000000.0,WeightedAverageNumberOfDilutedSharesOutstanding,2013-12-31,10-K,2016-02-12,364,1.0,1662000000.0
14272,BMY,2016,1680000000.0,WeightedAverageNumberOfDilutedSharesOutstanding,2016-12-31,10-K,2017-02-21,365,1.0,1680000000.0
14272,BMY,2017,1680000000.0,WeightedAverageNumberOfDilutedSharesOutstanding,2016-12-31,10-K,2018-02-13,365,1.0,1680000000.0
14272,BMY,2018,1680000000.0,WeightedAverageNumberOfDilutedSharesOutstanding,2016-12-31,10-K,2019-02-25,365,1.0,1680000000.0
14272,BMY,2019,1652000000.0,WeightedAverageNumberOfDilutedSharesOutstanding,2017-12-31,10-K,2020-02-24,364,1.0,1652000000.0
14272,BMY,2020,2258000000.0,WeightedAverageNumberOfDilutedSharesOutstanding,2020-12-31,10-K,2021-02-10,365,1.0,2258000000.0
14272,BMY,2021,2258000000.0,WeightedAverageNumberOfDilutedSharesOutstanding,2020-12-31,10-K,2022-02-09,365,1.0,2258000000.0
14272,BMY,2022,2258000000.0,WeightedAverageNumberOfDilutedSharesOutstanding,2020-12-31,10-K,2023-02-14,365,1.0,2258000000.0
14272,BMY,2023,2245000000.0,WeightedAverageNumberOfDilutedSharesOutstanding,2021-12-31,10-K,2024-02-13,364,1.0,2245000000.0
14272,BMY,2024,2027000000.0,WeightedAverageNumberOfDilutedSharesOutstanding,2024-12-31,10-K,2025-02-12,365,1.0,2027000000.0
14272,BMY,2025,2027000000.0,WeightedAverageNumberOfDilutedSharesOutstanding,2024-12-31,10-K,2026-02-11,365,1.0,2027000000.0
14693,BF-B,2014,216083000.0,WeightedAverageNumberOfDilutedSharesOutstanding,2012-04-30,10-K,2014-06-20,365,3.75,810311250.0
14693,BF-B,2015,214986000.0,WeightedAverageNumberOfDilutedSharesOutstanding,2013-04-30,10-K,2015-06-18,364,2.5,537465000.0
14693,BF-B,2016,204280000.0,WeightedAverageNumberOfDilutedSharesOutstanding,2016-04-30,10-K,2016-06-16,365,2.5,510700000.0
14693,BF-B,2017,408560000.0,WeightedAverageNumberOfDilutedSharesOutstanding,2016-04-30,10-K,2017-06-15,365,2.5,1021400000.0
14693,BF-B,2018,510700000.0,WeightedAverageNumberOfDilutedSharesOutstanding,2016-04-30,10-K,2018-06-13,365,2.5,1276750000.0
14693,BF-B,2019,488077000.0,WeightedAverageNumberOfDilutedSharesOutstanding,2017-04-30,10-K,2019-06-13,364,1.25,610096250.0
14693,BF-B,2020,480409000.0,WeightedAverageNumberOfDilutedSharesOutstanding,2020-04-30,10-K/A,2020-06-22,365,1.0,480409000.0
14693,BF-B,2021,480409000.0,WeightedAverageNumberOfDilutedSharesOutstanding,2020-04-30,10-K,2021-06-21,365,1.0,480409000.0
14693,BF-B,2022,480409000.0,WeightedAverageNumberOfDilutedSharesOutstanding,2020-04-30,10-K,2022-06-17,365,1.0,480409000.0
14693,BF-B,2023,480677000.0,WeightedAverageNumberOfDilutedSharesOutstanding,2021-04-30,10-K,2023-06-16,364,1.0,480677000.0
14693,BF-B,2024,477220000.0,WeightedAverageNumberOfDilutedSharesOutstanding,2024-04-30,10-K,2024-06-14,365,1.0,477220000.0
14693,BF-B,2025,477220000.0,WeightedAverageNumberOfDilutedSharesOutstanding,2024-04-30,10-K,2025-06-13,365,1.0,477220000.0
14693,BF-B,2026,477220000.0,WeightedAverageNumberOfDilutedSharesOutstanding,2024-04-30,10-K,2026-06-12,365,1.0,477220000.0
18230,CAT,2014,669600000.0,WeightedAverageNumberOfDilutedSharesOutstanding,2012-12-31,10-K,2015-02-17,365,1.0,669600000.0
18230,CAT,2015,658600000.0,WeightedAverageNumberOfDilutedSharesOutstanding,2013-12-31,10-K,2016-02-16,364,1.0,658600000.0
18230,CAT,2016,584300000.0,WeightedAverageNumberOfDilutedSharesOutstanding,2016-12-31,10-K,2017-02-15,365,1.0,584300000.0
18230,CAT,2017,584300000.0,WeightedAverageNumberOfDilutedSharesOutstanding,2016-12-31,10-K,2018-02-15,365,1.0,584300000.0
18230,CAT,2018,584300000.0,WeightedAverageNumberOfDilutedSharesOutstanding,2016-12-31,10-K,2019-02-14,365,1.0,584300000.0
18230,CAT,2019,599300000.0,WeightedAverageNumberOfDilutedSharesOutstanding,2017-12-31,10-K,2020-02-19,364,1.0,599300000.0
18230,CAT,2020,548600000.0,WeightedAverageNumberOfDilutedSharesOutstanding,2020-12-31,10-K,2021-02-17,365,1.0,548600000.0
18230,CAT,2021,548600000.0,WeightedAverageNumberOfDilutedSharesOutstanding,2020-12-31,10-K,2022-02-16,365,1.0,548600000.0
18230,CAT,2022,548600000.0,WeightedAverageNumberOfDilutedSharesOutstanding,2020-12-31,10-K,2023-02-15,365,1.0,548600000.0
18230,CAT,2023,548500000.0,WeightedAverageNumberOfDilutedSharesOutstanding,2021-12-31,10-K,2024-02-16,364,1.0,548500000.0
18230,CAT,2024,489400000.0,WeightedAverageNumberOfDilutedSharesOutstanding,2024-12-31,10-K,2025-02-14,365,1.0,489400000.0
18230,CAT,2025,489400000.0,WeightedAverageNumberOfDilutedSharesOutstanding,2024-12-31,10-K,2026-02-13,365,1.0,489400000.0
19617,JPM,2014,3822200000.0,WeightedAverageNumberOfDilutedSharesOutstanding,2012-12-31,10-K,2015-02-24,365,1.0,3822200000.0
19617,JPM,2015,3814900000.0,WeightedAverageNumberOfDilutedSharesOutstanding,2013-12-31,10-K,2016-02-23,364,1.0,3814900000.0
19617,JPM,2016,3649800000.0,WeightedAverageNumberOfDilutedSharesOutstanding,2016-12-31,10-K,2017-02-28,365,1.0,3649800000.0
19617,JPM,2017,3690000000.0,WeightedAverageNumberOfDilutedSharesOutstanding,2016-12-31,10-K,2018-02-27,365,1.0,3690000000.0
19617,JPM,2018,3690000000.0,WeightedAverageNumberOfDilutedSharesOutstanding,2016-12-31,10-K,2019-02-26,365,1.0,3690000000.0
19617,JPM,2019,3576800000.0,WeightedAverageNumberOfDilutedSharesOutstanding,2017-12-31,10-K,2020-02-25,364,1.0,3576800000.0
19617,JPM,2020,3087400000.0,WeightedAverageNumberOfDilutedSharesOutstanding,2020-12-31,10-K,2021-02-23,365,1.0,3087400000.0
19617,JPM,2021,3087400000.0,WeightedAverageNumberOfDilutedSharesOutstanding,2020-12-31,10-K,2022-02-22,365,1.0,3087400000.0
19617,JPM,2022,3087400000.0,WeightedAverageNumberOfDilutedSharesOutstanding,2020-12-31,10-K,2023-02-21,365,1.0,3087400000.0
19617,JPM,2023,3026600000.0,WeightedAverageNumberOfDilutedSharesOutstanding,2021-12-31,10-K,2024-02-16,364,1.0,3026600000.0
19617,JPM,2024,2879000000.0,WeightedAverageNumberOfDilutedSharesOutstanding,2024-12-31,10-K,2025-02-14,365,1.0,2879000000.0
19617,JPM,2025,2879000000.0,WeightedAverageNumberOfDilutedSharesOutstanding,2024-12-31,10-K,2026-02-13,365,1.0,2879000000.0
20286,CINF,2014,163700000.0,WeightedAverageNumberOfDilutedSharesOutstanding,2012-12-31,10-K,2015-02-27,365,1.0,163700000.0
20286,CINF,2015,165400000.0,WeightedAverageNumberOfDilutedSharesOutstanding,2013-12-31,10-K,2016-02-26,364,1.0,165400000.0
20286,CINF,2016,166500000.0,WeightedAverageNumberOfDilutedSharesOutstanding,2016-12-31,10-K,2017-02-24,365,1.0,166500000.0
20286,CINF,2017,166500000.0,WeightedAverageNumberOfDilutedSharesOutstanding,2016-12-31,10-K,2018-02-23,365,1.0,166500000.0
20286,CINF,2018,166500000.0,WeightedAverageNumberOfDilutedSharesOutstanding,2016-12-31,10-K,2019-02-22,365,1.0,166500000.0
20286,CINF,2019,166000000.0,WeightedAverageNumberOfDilutedSharesOutstanding,2017-12-31,10-K,2020-02-25,364,1.0,166000000.0
20286,CINF,2020,162400000.0,WeightedAverageNumberOfDilutedSharesOutstanding,2020-12-31,10-K,2021-02-25,365,1.0,162400000.0
20286,CINF,2021,162400000.0,WeightedAverageNumberOfDilutedSharesOutstanding,2020-12-31,10-K,2022-02-24,365,1.0,162400000.0
20286,CINF,2022,162400000.0,WeightedAverageNumberOfDilutedSharesOutstanding,2020-12-31,10-K,2023-02-23,365,1.0,162400000.0
20286,CINF,2023,162700000.0,WeightedAverageNumberOfDilutedSharesOutstanding,2021-12-31,10-K,2024-02-26,364,1.0,162700000.0
20286,CINF,2024,157800000.0,WeightedAverageNumberOfDilutedSharesOutstanding,2024-12-31,10-K,2025-02-24,365,1.0,157800000.0
20286,CINF,2025,157800000.0,WeightedAverageNumberOfDilutedSharesOutstanding,2024-12-31,10-K,2026-02-23,365,1.0,157800000.0
21076,CLX,2014,132310000.0,WeightedAverageNumberOfDilutedSharesOutstanding,2012-06-30,10-K,2014-08-25,365,1.0,132310000.0
21076,CLX,2015,132969000.0,WeightedAverageNumberOfDilutedSharesOutstanding,2013-06-30,10-K,2015-08-21,364,1.0,132969000.0
21076,CLX,2016,131717000.0,WeightedAverageNumberOfDilutedSharesOutstanding,2016-06-30,10-K,2016-08-16,365,1.0,131717000.0
21076,CLX,2017,131717000.0,WeightedAverageNumberOfDilutedSharesOutstanding,2016-06-30,10-K,2017-08-15,365,1.0,131717000.0
21076,CLX,2018,131717000.0,WeightedAverageNumberOfDilutedSharesOutstanding,2016-06-30,10-K,2018-08-14,365,1.0,131717000.0
21076,CLX,2019,131566000.0,WeightedAverageNumberOfDilutedSharesOutstanding,2017-06-30,10-K,2019-08-14,364,1.0,131566000.0
21076,CLX,2020,127671000.0,WeightedAverageNumberOfDilutedSharesOutstanding,2020-06-30,10-K,2020-08-13,365,1.0,127671000.0
21076,CLX,2021,127671000.0,WeightedAverageNumberOfDilutedSharesOutstanding,2020-06-30,10-K,2021-08-10,365,1.0,127671000.0
21076,CLX,2022,127671000.0,WeightedAverageNumberOfDilutedSharesOutstanding,2020-06-30,10-K,2022-08-10,365,1.0,127671000.0
21076,CLX,2023,127299000.0,WeightedAverageNumberOfDilutedSharesOutstanding,2021-06-30,10-K,2023-08-10,364,1.0,127299000.0
21076,CLX,2024,124804000.0,WeightedAverageNumberOfDilutedSharesOutstanding,2024-06-30,10-K,2024-08-08,365,1.0,124804000.0
21076,CLX,2025,124804000.0,WeightedAverageNumberOfDilutedSharesOutstanding,2024-06-30,10-K,2025-08-08,365,1.0,124804000.0
21344,KO,2014,4584000000.0,WeightedAverageNumberOfDilutedSharesOutstanding,2012-12-31,10-K,2015-02-25,365,1.0,4584000000.0
21344,KO,2015,4509000000.0,WeightedAverageNumberOfDilutedSharesOutstanding,2013-12-31,10-K,2016-02-25,364,1.0,4509000000.0
21344,KO,2016,4367000000.0,WeightedAverageNumberOfDilutedSharesOutstanding,2016-12-31,10-K,2017-02-24,365,1.0,4367000000.0
21344,KO,2017,4367000000.0,WeightedAverageNumberOfDilutedSharesOutstanding,2016-12-31,10-K,2018-02-23,365,1.0,4367000000.0
21344,KO,2018,4367000000.0,WeightedAverageNumberOfDilutedSharesOutstanding,2016-12-31,10-K,2019-02-21,365,1.0,4367000000.0
21344,KO,2019,4324000000.0,WeightedAverageNumberOfDilutedSharesOutstanding,2017-12-31,10-K,2020-02-24,364,1.0,4324000000.0
21344,KO,2020,4323000000.0,WeightedAverageNumberOfDilutedSharesOutstanding,2020-12-31,10-K,2021-02-25,365,1.0,4323000000.0
21344,KO,2021,4323000000.0,WeightedAverageNumberOfDilutedSharesOutstanding,2020-12-31,10-K,2022-02-22,365,1.0,4323000000.0
21344,KO,2022,4323000000.0,WeightedAverageNumberOfDilutedSharesOutstanding,2020-12-31,10-K,2023-02-21,365,1.0,4323000000.0
21344,KO,2023,4340000000.0,WeightedAverageNumberOfDilutedSharesOutstanding,2021-12-31,10-K,2024-02-20,364,1.0,4340000000.0
21344,KO,2024,4320000000.0,WeightedAverageNumberOfDilutedSharesOutstanding,2024-12-31,10-K,2025-02-20,365,1.0,4320000000.0
21344,KO,2025,4320000000.0,WeightedAverageNumberOfDilutedSharesOutstanding,2024-12-31,10-K,2026-02-20,365,1.0,4320000000.0
21665,CL,2014,960200000.0,WeightedAverageNumberOfDilutedSharesOutstanding,2012-12-31,10-K,2015-02-19,365,2.0,1920400000.0
21665,CL,2015,939900000.0,WeightedAverageNumberOfDilutedSharesOutstanding,2013-12-31,10-K,2016-02-18,364,1.0,939900000.0
21665,CL,2016,898400000.0,WeightedAverageNumberOfDilutedSharesOutstanding,2016-12-31,10-K,2017-02-23,365,1.0,898400000.0
21665,CL,2017,898400000.0,WeightedAverageNumberOfDilutedSharesOutstanding,2016-12-31,10-K/A,2018-02-21,365,1.0,898400000.0
21665,CL,2018,898400000.0,WeightedAverageNumberOfDilutedSharesOutstanding,2016-12-31,10-K,2019-02-21,365,1.0,898400000.0
21665,CL,2019,887800000.0,WeightedAverageNumberOfDilutedSharesOutstanding,2017-12-31,10-K,2020-02-21,364,1.0,887800000.0
21665,CL,2020,859300000.0,WeightedAverageNumberOfDilutedSharesOutstanding,2020-12-31,10-K,2021-02-18,365,1.0,859300000.0
21665,CL,2021,859300000.0,WeightedAverageNumberOfDilutedSharesOutstanding,2020-12-31,10-K,2022-02-17,365,1.0,859300000.0
21665,CL,2022,859300000.0,WeightedAverageNumberOfDilutedSharesOutstanding,2020-12-31,10-K,2023-02-16,365,1.0,859300000.0
21665,CL,2023,848300000.0,WeightedAverageNumberOfDilutedSharesOutstanding,2021-12-31,10-K,2024-02-15,364,1.0,848300000.0
21665,CL,2024,823200000.0,WeightedAverageNumberOfDilutedSharesOutstanding,2024-12-31,10-K,2025-02-13,365,1.0,823200000.0
21665,CL,2025,823200000.0,WeightedAverageNumberOfDilutedSharesOutstanding,2024-12-31,10-K,2026-02-23,365,1.0,823200000.0
24545,TAP,2014,184200000.0,WeightedAverageNumberOfDilutedSharesOutstanding,2013-12-31,10-K,2015-02-12,366,1.0,184200000.0
24545,TAP,2015,184200000.0,WeightedAverageNumberOfDilutedSharesOutstanding,2013-12-31,10-K,2016-02-11,366,1.0,184200000.0
24545,TAP,2016,213400000.0,WeightedAverageNumberOfDilutedSharesOutstanding,2016-12-31,10-K,2017-02-14,365,1.0,213400000.0
24545,TAP,2017,213400000.0,WeightedAverageNumberOfDilutedSharesOutstanding,2016-12-31,10-K,2018-02-14,365,1.0,213400000.0
24545,TAP,2018,213400000.0,WeightedAverageNumberOfDilutedSharesOutstanding,2016-12-31,10-K,2019-02-12,365,1.0,213400000.0
24545,TAP,2019,216500000.0,WeightedAverageNumberOfDilutedSharesOutstanding,2017-12-31,10-K,2020-02-12,364,1.0,216500000.0
24545,TAP,2020,216800000.0,WeightedAverageNumberOfDilutedSharesOutstanding,2020-12-31,10-K,2021-02-11,365,1.0,216800000.0
24545,TAP,2021,216800000.0,WeightedAverageNumberOfDilutedSharesOutstanding,2020-12-31,10-K,2022-02-23,365,1.0,216800000.0
24545,TAP,2022,216800000.0,WeightedAverageNumberOfDilutedSharesOutstanding,2020-12-31,10-K,2023-02-21,365,1.0,216800000.0
24545,TAP,2023,217600000.0,WeightedAverageNumberOfDilutedSharesOutstanding,2021-12-31,10-K,2024-02-20,364,1.0,217600000.0
24545,TAP,2024,209900000.0,WeightedAverageNumberOfDilutedSharesOutstanding,2024-12-31,10-K,2025-02-18,365,1.0,209900000.0
24545,TAP,2025,209900000.0,WeightedAverageNumberOfDilutedSharesOutstanding,2024-12-31,10-K,2026-02-18,365,1.0,209900000.0
24741,GLW,2014,1506000000.0,WeightedAverageNumberOfDilutedSharesOutstanding,2012-12-31,10-K,2015-02-13,365,1.0,1506000000.0
24741,GLW,2015,1462000000.0,WeightedAverageNumberOfDilutedSharesOutstanding,2013-12-31,10-K,2016-02-12,364,1.0,1462000000.0
24741,GLW,2016,1144000000.0,WeightedAverageNumberOfDilutedSharesOutstanding,2016-12-31,10-K,2017-02-06,365,1.0,1144000000.0
24741,GLW,2017,1144000000.0,WeightedAverageNumberOfDilutedSharesOutstanding,2016-12-31,10-K,2018-02-15,365,1.0,1144000000.0
24741,GLW,2018,1144000000.0,WeightedAverageNumberOfDilutedSharesOutstanding,2016-12-31,10-K,2019-02-12,365,1.0,1144000000.0
24741,GLW,2019,895000000.0,WeightedAverageNumberOfDilutedSharesOutstanding,2017-12-31,10-K,2020-02-18,364,1.0,895000000.0
24741,GLW,2020,772000000.0,WeightedAverageNumberOfDilutedSharesOutstanding,2020-12-31,10-K,2021-02-12,365,1.0,772000000.0
24741,GLW,2021,772000000.0,WeightedAverageNumberOfDilutedSharesOutstanding,2020-12-31,10-K,2022-02-14,365,1.0,772000000.0
24741,GLW,2022,772000000.0,WeightedAverageNumberOfDilutedSharesOutstanding,2020-12-31,10-K,2023-02-13,365,1.0,772000000.0
24741,GLW,2023,844000000.0,WeightedAverageNumberOfDilutedSharesOutstanding,2021-12-31,10-K,2024-02-12,364,1.0,844000000.0
24741,GLW,2024,869000000.0,WeightedAverageNumberOfDilutedSharesOutstanding,2024-12-31,10-K,2025-02-13,365,1.0,869000000.0
24741,GLW,2025,869000000.0,WeightedAverageNumberOfDilutedSharesOutstanding,2024-12-31,10-K,2026-02-12,365,1.0,869000000.0
26172,CMI,2014,189668704.0,WeightedAverageNumberOfDilutedSharesOutstanding,2012-12-31,10-K,2015-02-17,365,1.0,189668704.0
26172,CMI,2015,187417841.0,WeightedAverageNumberOfDilutedSharesOutstanding,2013-12-31,10-K,2016-02-12,364,1.0,187417841.0
26172,CMI,2016,169336616.0,WeightedAverageNumberOfDilutedSharesOutstanding,2016-12-31,10-K,2017-02-13,365,1.0,169336616.0
26172,CMI,2017,169336616.0,WeightedAverageNumberOfDilutedSharesOutstanding,2016-12-31,10-K,2018-02-14,365,1.0,169336616.0
26172,CMI,2018,169336616.0,WeightedAverageNumberOfDilutedSharesOutstanding,2016-12-31,10-K,2019-02-11,365,1.0,169336616.0
26172,CMI,2019,167300000.0,WeightedAverageNumberOfDilutedSharesOutstanding,2017-12-31,10-K,2020-02-11,364,1.0,167300000.0
26172,CMI,2020,149000000.0,WeightedAverageNumberOfDilutedSharesOutstanding,2020-12-31,10-K,2021-02-10,365,1.0,149000000.0
26172,CMI,2021,149000000.0,WeightedAverageNumberOfDilutedSharesOutstanding,2020-12-31,10-K,2022-02-08,365,1.0,149000000.0
26172,CMI,2022,149000000.0,WeightedAverageNumberOfDilutedSharesOutstanding,2020-12-31,10-K,2023-02-14,365,1.0,149000000.0
26172,CMI,2023,145900000.0,WeightedAverageNumberOfDilutedSharesOutstanding,2021-12-31,10-K,2024-02-12,364,1.0,145900000.0
26172,CMI,2024,139100000.0,WeightedAverageNumberOfDilutedSharesOutstanding,2024-12-31,10-K,2025-02-11,365,1.0,139100000.0
26172,CMI,2025,139100000.0,WeightedAverageNumberOfDilutedSharesOutstanding,2024-12-31,10-K,2026-02-10,365,1.0,139100000.0
27419,TGT,2014,663300000.0,WeightedAverageNumberOfDilutedSharesOutstanding,2013-02-02,10-K,2015-03-13,370,1.0,663300000.0
27419,TGT,2015,641800000.0,WeightedAverageNumberOfDilutedSharesOutstanding,2014-02-01,10-K,2016-03-11,363,1.0,641800000.0
27419,TGT,2016,640100000.0,WeightedAverageNumberOfDilutedSharesOutstanding,2015-01-31,10-K,2017-03-08,363,1.0,640100000.0
27419,TGT,2017,550300000.0,WeightedAverageNumberOfDilutedSharesOutstanding,2018-02-03,10-K,2018-03-14,370,1.0,550300000.0
27419,TGT,2018,550300000.0,WeightedAverageNumberOfDilutedSharesOutstanding,2018-02-03,10-K,2019-03-13,370,1.0,550300000.0
27419,TGT,2019,550300000.0,WeightedAverageNumberOfDilutedSharesOutstanding,2018-02-03,10-K,2020-03-11,370,1.0,550300000.0
27419,TGT,2020,533200000.0,WeightedAverageNumberOfDilutedSharesOutstanding,2019-02-02,10-K,2021-03-10,363,1.0,533200000.0
27419,TGT,2021,515600000.0,WeightedAverageNumberOfDilutedSharesOutstanding,2020-02-01,10-K,2022-03-09,363,1.0,515600000.0
27419,TGT,2022,505400000.0,WeightedAverageNumberOfDilutedSharesOutstanding,2021-01-30,10-K,2023-03-08,363,1.0,505400000.0
27419,TGT,2023,462800000.0,WeightedAverageNumberOfDilutedSharesOutstanding,2024-02-03,10-K,2024-03-13,370,1.0,462800000.0
27419,TGT,2024,462800000.0,WeightedAverageNumberOfDilutedSharesOutstanding,2024-02-03,10-K,2025-03-12,370,1.0,462800000.0
27419,TGT,2025,462800000.0,WeightedAverageNumberOfDilutedSharesOutstanding,2024-02-03,10-K,2026-03-11,370,1.0,462800000.0
27904,DAL,2014,850000000.0,WeightedAverageNumberOfDilutedSharesOutstanding,2012-12-31,10-K,2015-02-11,365,1.0,850000000.0
27904,DAL,2015,858000000.0,WeightedAverageNumberOfDilutedSharesOutstanding,2013-12-31,10-K,2016-02-05,364,1.0,858000000.0
27904,DAL,2016,755000000.0,WeightedAverageNumberOfDilutedSharesOutstanding,2016-12-31,10-K,2017-02-13,365,1.0,755000000.0
27904,DAL,2017,755000000.0,WeightedAverageNumberOfDilutedSharesOutstanding,2016-12-31,10-K,2018-02-23,365,1.0,755000000.0
27904,DAL,2018,755000000.0,WeightedAverageNumberOfDilutedSharesOutstanding,2016-12-31,10-K,2019-02-15,365,1.0,755000000.0
27904,DAL,2019,723000000.0,WeightedAverageNumberOfDilutedSharesOutstanding,2017-12-31,10-K,2020-02-13,364,1.0,723000000.0
27904,DAL,2020,636000000.0,WeightedAverageNumberOfDilutedSharesOutstanding,2020-12-31,10-K,2021-02-12,365,1.0,636000000.0
27904,DAL,2021,636000000.0,WeightedAverageNumberOfDilutedSharesOutstanding,2020-12-31,10-K,2022-02-11,365,1.0,636000000.0
27904,DAL,2022,636000000.0,WeightedAverageNumberOfDilutedSharesOutstanding,2020-12-31,10-K,2023-02-10,365,1.0,636000000.0
27904,DAL,2023,641000000.0,WeightedAverageNumberOfDilutedSharesOutstanding,2021-12-31,10-K,2024-02-12,364,1.0,641000000.0
27904,DAL,2024,648000000.0,WeightedAverageNumberOfDilutedSharesOutstanding,2024-12-31,10-K,2025-02-11,365,1.0,648000000.0
27904,DAL,2025,648000000.0,WeightedAverageNumberOfDilutedSharesOutstanding,2024-12-31,10-K,2026-02-11,365,1.0,648000000.0
29534,DG,2014,334469000.0,WeightedAverageNumberOfDilutedSharesOutstanding,2013-02-01,10-K,2015-03-20,363,1.0,334469000.0
29534,DG,2015,323854000.0,WeightedAverageNumberOfDilutedSharesOutstanding,2014-01-31,10-K,2016-03-22,363,1.0,323854000.0
29534,DG,2016,282261000.0,WeightedAverageNumberOfDilutedSharesOutstanding,2017-02-03,10-K,2017-03-24,370,1.0,282261000.0
29534,DG,2017,282261000.0,WeightedAverageNumberOfDilutedSharesOutstanding,2017-02-03,10-K,2018-03-23,370,1.0,282261000.0
29534,DG,2018,282261000.0,WeightedAverageNumberOfDilutedSharesOutstanding,2017-02-03,10-K,2019-03-22,370,1.0,282261000.0
29534,DG,2019,273362000.0,WeightedAverageNumberOfDilutedSharesOutstanding,2018-02-02,10-K,2020-03-19,363,1.0,273362000.0
29534,DG,2020,266105000.0,WeightedAverageNumberOfDilutedSharesOutstanding,2019-02-01,10-K,2021-03-19,363,1.0,266105000.0
29534,DG,2021,258053000.0,WeightedAverageNumberOfDilutedSharesOutstanding,2020-01-31,10-K,2022-03-18,363,1.0,258053000.0
29534,DG,2022,226297000.0,WeightedAverageNumberOfDilutedSharesOutstanding,2023-02-03,10-K,2023-03-24,370,1.0,226297000.0
29534,DG,2023,226297000.0,WeightedAverageNumberOfDilutedSharesOutstanding,2023-02-03,10-K,2024-03-25,370,1.0,226297000.0
29534,DG,2024,226297000.0,WeightedAverageNumberOfDilutedSharesOutstanding,2023-02-03,10-K,2025-03-21,370,1.0,226297000.0
29534,DG,2025,219938000.0,WeightedAverageNumberOfDilutedSharesOutstanding,2024-02-02,10-K,2026-03-20,363,1.0,219938000.0
29905,DOV,2014,183993000.0,WeightedAverageNumberOfDilutedSharesOutstanding,2012-12-31,10-K,2015-02-13,365,1.4917900000000002,274478917.47
29905,DOV,2015,173547000.0,WeightedAverageNumberOfDilutedSharesOutstanding,2013-12-31,10-K,2016-02-12,364,1.4917900000000002,258895679.13000003
29905,DOV,2016,156636000.0,WeightedAverageNumberOfDilutedSharesOutstanding,2016-12-31,10-K,2017-02-10,365,1.238,193915368.0
29905,DOV,2017,156636000.0,WeightedAverageNumberOfDilutedSharesOutstanding,2016-12-31,10-K/A,2018-02-16,365,1.238,193915368.0
29905,DOV,2018,156636000.0,WeightedAverageNumberOfDilutedSharesOutstanding,2016-12-31,10-K,2019-02-15,365,1.238,193915368.0
29905,DOV,2019,157744000.0,WeightedAverageNumberOfDilutedSharesOutstanding,2017-12-31,10-K,2020-02-14,364,1.238,195287072.0
29905,DOV,2020,145393000.0,WeightedAverageNumberOfDilutedSharesOutstanding,2020-12-31,10-K,2021-02-12,365,1.0,145393000.0
29905,DOV,2021,145393000.0,WeightedAverageNumberOfDilutedSharesOutstanding,2020-12-31,10-K,2022-02-11,365,1.0,145393000.0
29905,DOV,2022,145393000.0,WeightedAverageNumberOfDilutedSharesOutstanding,2020-12-31,10-K,2023-02-10,365,1.0,145393000.0
29905,DOV,2023,145273000.0,WeightedAverageNumberOfDilutedSharesOutstanding,2021-12-31,10-K,2024-02-09,364,1.0,145273000.0
29905,DOV,2024,138696000.0,WeightedAverageNumberOfDilutedSharesOutstanding,2024-12-31,10-K,2025-02-14,365,1.0,138696000.0
29905,DOV,2025,138696000.0,WeightedAverageNumberOfDilutedSharesOutstanding,2024-12-31,10-K,2026-02-13,365,1.0,138696000.0
29989,OMC,2014,270000000.0,WeightedAverageNumberOfDilutedSharesOutstanding,2012-12-31,10-K,2015-02-10,365,1.0,270000000.0
29989,OMC,2015,260400000.0,WeightedAverageNumberOfDilutedSharesOutstanding,2013-12-31,10-K,2016-02-09,364,1.0,260400000.0
29989,OMC,2016,239200000.0,WeightedAverageNumberOfDilutedSharesOutstanding,2016-12-31,10-K,2017-02-09,365,1.0,239200000.0
29989,OMC,2017,239200000.0,WeightedAverageNumberOfDilutedSharesOutstanding,2016-12-31,10-K,2018-02-15,365,1.0,239200000.0
29989,OMC,2018,239200000.0,WeightedAverageNumberOfDilutedSharesOutstanding,2016-12-31,10-K,2019-02-12,365,1.0,239200000.0
29989,OMC,2019,233900000.0,WeightedAverageNumberOfDilutedSharesOutstanding,2017-12-31,10-K,2020-02-11,364,1.0,233900000.0
29989,OMC,2020,216200000.0,WeightedAverageNumberOfDilutedSharesOutstanding,2020-12-31,10-K,2021-02-18,365,1.0,216200000.0
29989,OMC,2021,216200000.0,WeightedAverageNumberOfDilutedSharesOutstanding,2020-12-31,10-K,2022-02-09,365,1.0,216200000.0
29989,OMC,2022,216200000.0,WeightedAverageNumberOfDilutedSharesOutstanding,2020-12-31,10-K,2023-02-08,365,1.0,216200000.0
29989,OMC,2023,215600000.0,WeightedAverageNumberOfDilutedSharesOutstanding,2021-12-31,10-K,2024-02-07,364,1.0,215600000.0
29989,OMC,2024,198600000.0,WeightedAverageNumberOfDilutedSharesOutstanding,2024-12-31,10-K,2025-02-05,365,1.0,198600000.0
29989,OMC,2025,198600000.0,WeightedAverageNumberOfDilutedSharesOutstanding,2024-12-31,10-K,2026-02-20,365,1.0,198600000.0
31462,ECL,2014,298900000.0,WeightedAverageNumberOfDilutedSharesOutstanding,2012-12-31,10-K,2015-02-27,365,1.0,298900000.0
31462,ECL,2015,305900000.0,WeightedAverageNumberOfDilutedSharesOutstanding,2013-12-31,10-K,2016-02-26,364,1.0,305900000.0
31462,ECL,2016,296700000.0,WeightedAverageNumberOfDilutedSharesOutstanding,2016-12-31,10-K,2017-02-24,365,1.0,296700000.0
31462,ECL,2017,296700000.0,WeightedAverageNumberOfDilutedSharesOutstanding,2016-12-31,10-K,2018-02-23,365,1.0,296700000.0
31462,ECL,2018,296700000.0,WeightedAverageNumberOfDilutedSharesOutstanding,2016-12-31,10-K,2019-03-01,365,1.0,296700000.0
31462,ECL,2019,294000000.0,WeightedAverageNumberOfDilutedSharesOutstanding,2017-12-31,10-K,2020-02-28,364,1.0,294000000.0
31462,ECL,2020,290300000.0,WeightedAverageNumberOfDilutedSharesOutstanding,2020-12-31,10-K,2021-02-26,365,1.0,290300000.0
31462,ECL,2021,290300000.0,WeightedAverageNumberOfDilutedSharesOutstanding,2020-12-31,10-K,2022-02-25,365,1.0,290300000.0
31462,ECL,2022,290300000.0,WeightedAverageNumberOfDilutedSharesOutstanding,2020-12-31,10-K,2023-02-24,365,1.0,290300000.0
31462,ECL,2023,289100000.0,WeightedAverageNumberOfDilutedSharesOutstanding,2021-12-31,10-K,2024-02-23,364,1.0,289100000.0
31462,ECL,2024,286600000.0,WeightedAverageNumberOfDilutedSharesOutstanding,2024-12-31,10-K,2025-02-21,365,1.0,286600000.0
31462,ECL,2025,286600000.0,WeightedAverageNumberOfDilutedSharesOutstanding,2024-12-31,10-K,2026-02-23,365,1.0,286600000.0
31791,RVTY,2014,114860000.0,WeightedAverageNumberOfDilutedSharesOutstanding,2012-12-30,10-K,2015-02-24,363,1.0,114860000.0
31791,RVTY,2015,113315000.0,WeightedAverageNumberOfDilutedSharesOutstanding,2016-01-03,10-K,2016-03-01,370,1.0,113315000.0
31791,RVTY,2016,113315000.0,WeightedAverageNumberOfDilutedSharesOutstanding,2016-01-03,10-K,2017-02-28,370,1.0,113315000.0
31791,RVTY,2017,113315000.0,WeightedAverageNumberOfDilutedSharesOutstanding,2016-01-03,10-K,2018-02-27,370,1.0,113315000.0
31791,RVTY,2018,110313000.0,WeightedAverageNumberOfDilutedSharesOutstanding,2017-01-01,10-K,2019-02-26,363,1.0,110313000.0
31791,RVTY,2019,110859000.0,WeightedAverageNumberOfDilutedSharesOutstanding,2017-12-31,10-K,2020-02-25,363,1.0,110859000.0
31791,RVTY,2020,112085000.0,WeightedAverageNumberOfDilutedSharesOutstanding,2021-01-03,10-K,2021-03-02,370,1.0,112085000.0
31791,RVTY,2021,112085000.0,WeightedAverageNumberOfDilutedSharesOutstanding,2021-01-03,10-K,2022-03-03,370,1.0,112085000.0
31791,RVTY,2022,112085000.0,WeightedAverageNumberOfDilutedSharesOutstanding,2021-01-03,10-K,2023-03-01,370,1.0,112085000.0
31791,RVTY,2023,116674000.0,WeightedAverageNumberOfDilutedSharesOutstanding,2022-01-02,10-K,2024-02-27,363,1.0,116674000.0
31791,RVTY,2024,126426000.0,WeightedAverageNumberOfDilutedSharesOutstanding,2023-01-01,10-K,2025-02-25,363,1.0,126426000.0
31791,RVTY,2025,124812000.0,WeightedAverageNumberOfDilutedSharesOutstanding,2023-12-31,10-K,2026-02-24,363,1.0,124812000.0
32604,EMR,2014,734600000.0,WeightedAverageNumberOfDilutedSharesOutstanding,2012-09-30,10-K,2014-11-19,365,1.0,734600000.0
32604,EMR,2015,722900000.0,WeightedAverageNumberOfDilutedSharesOutstanding,2013-09-30,10-K,2015-11-18,364,1.0,722900000.0
32604,EMR,2016,646800000.0,WeightedAverageNumberOfDilutedSharesOutstanding,2016-09-30,10-K,2016-11-16,365,1.0,646800000.0
32604,EMR,2017,646800000.0,WeightedAverageNumberOfDilutedSharesOutstanding,2016-09-30,10-K,2017-11-20,365,1.0,646800000.0
32604,EMR,2018,646800000.0,WeightedAverageNumberOfDilutedSharesOutstanding,2016-09-30,10-K,2018-11-19,365,1.0,646800000.0
32604,EMR,2019,643400000.0,WeightedAverageNumberOfDilutedSharesOutstanding,2017-09-30,10-K,2019-11-18,364,1.0,643400000.0
32604,EMR,2020,606600000.0,WeightedAverageNumberOfDilutedSharesOutstanding,2020-09-30,10-K,2020-11-16,365,1.0,606600000.0
32604,EMR,2021,606600000.0,WeightedAverageNumberOfDilutedSharesOutstanding,2020-09-30,10-K,2021-11-15,365,1.0,606600000.0
32604,EMR,2022,606600000.0,WeightedAverageNumberOfDilutedSharesOutstanding,2020-09-30,10-K,2022-11-14,365,1.0,606600000.0
32604,EMR,2023,601800000.0,WeightedAverageNumberOfDilutedSharesOutstanding,2021-09-30,10-K,2023-11-13,364,1.0,601800000.0
32604,EMR,2024,574000000.0,WeightedAverageNumberOfDilutedSharesOutstanding,2024-09-30,10-K,2024-11-12,365,1.0,574000000.0
32604,EMR,2025,574000000.0,WeightedAverageNumberOfDilutedSharesOutstanding,2024-09-30,10-K,2025-11-10,365,1.0,574000000.0
33185,EFX,2014,122500000.0,WeightedAverageNumberOfDilutedSharesOutstanding,2012-12-31,10-K,2015-02-25,365,1.0,122500000.0
33185,EFX,2015,123700000.0,WeightedAverageNumberOfDilutedSharesOutstanding,2013-12-31,10-K,2016-02-24,364,1.0,123700000.0
33185,EFX,2016,121100000.0,WeightedAverageNumberOfDilutedSharesOutstanding,2016-12-31,10-K,2017-02-22,365,1.0,121100000.0
33185,EFX,2017,121100000.0,WeightedAverageNumberOfDilutedSharesOutstanding,2016-12-31,10-K,2018-03-01,365,1.0,121100000.0
33185,EFX,2018,121100000.0,WeightedAverageNumberOfDilutedSharesOutstanding,2016-12-31,10-K,2019-02-21,365,1.0,121100000.0
33185,EFX,2019,121500000.0,WeightedAverageNumberOfDilutedSharesOutstanding,2017-12-31,10-K,2020-02-20,364,1.0,121500000.0
33185,EFX,2020,122800000.0,WeightedAverageNumberOfDilutedSharesOutstanding,2020-12-31,10-K,2021-02-25,365,1.0,122800000.0
33185,EFX,2021,122800000.0,WeightedAverageNumberOfDilutedSharesOutstanding,2020-12-31,10-K,2022-02-24,365,1.0,122800000.0
33185,EFX,2022,122800000.0,WeightedAverageNumberOfDilutedSharesOutstanding,2020-12-31,10-K,2023-02-23,365,1.0,122800000.0
33185,EFX,2023,123600000.0,WeightedAverageNumberOfDilutedSharesOutstanding,2021-12-31,10-K,2024-02-22,364,1.0,123600000.0
33185,EFX,2024,124900000.0,WeightedAverageNumberOfDilutedSharesOutstanding,2024-12-31,10-K,2025-02-20,365,1.0,124900000.0
33185,EFX,2025,124900000.0,WeightedAverageNumberOfDilutedSharesOutstanding,2024-12-31,10-K,2026-02-19,365,1.0,124900000.0
33213,EQT,2014,150506000.0,WeightedAverageNumberOfDilutedSharesOutstanding,2012-12-31,10-K,2015-02-12,365,1.837,276479522.0
33213,EQT,2015,151787000.0,WeightedAverageNumberOfDilutedSharesOutstanding,2013-12-31,10-K,2016-02-11,364,1.837,278832719.0
33213,EQT,2016,166978000.0,WeightedAverageNumberOfDilutedSharesOutstanding,2016-12-31,10-K,2017-02-09,365,1.837,306738586.0
33213,EQT,2017,166978000.0,WeightedAverageNumberOfDilutedSharesOutstanding,2016-12-31,10-K,2018-02-15,365,1.837,306738586.0
33213,EQT,2018,166978000.0,WeightedAverageNumberOfDilutedSharesOutstanding,2016-12-31,10-K,2019-02-14,365,1.837,306738586.0
33213,EQT,2019,187727000.0,WeightedAverageNumberOfDilutedSharesOutstanding,2017-12-31,10-K,2020-02-27,364,1.837,344854499.0
33213,EQT,2021,260613000.0,WeightedAverageNumberOfDilutedSharesOutstanding,2020-12-31,10-K,2022-02-10,365,1.0,260613000.0
33213,EQT,2022,260613000.0,WeightedAverageNumberOfDilutedSharesOutstanding,2020-12-31,10-K,2023-02-16,365,1.0,260613000.0
33213,EQT,2023,323196000.0,WeightedAverageNumberOfDilutedSharesOutstanding,2021-12-31,10-K,2024-02-14,364,1.0,323196000.0
33213,EQT,2024,514593000.0,WeightedAverageNumberOfDilutedSharesOutstanding,2024-12-31,10-K,2025-02-19,365,1.0,514593000.0
33213,EQT,2025,514593000.0,WeightedAverageNumberOfDilutedSharesOutstanding,2024-12-31,10-K,2026-02-18,365,1.0,514593000.0
34903,FRT,2014,64056000.0,WeightedAverageNumberOfDilutedSharesOutstanding,2012-12-31,10-K,2015-02-10,365,1.0,64056000.0
34903,FRT,2015,65483000.0,WeightedAverageNumberOfDilutedSharesOutstanding,2013-12-31,10-K,2016-02-09,364,1.0,65483000.0
34903,FRT,2016,71049000.0,WeightedAverageNumberOfDilutedSharesOutstanding,2016-12-31,10-K,2017-02-13,365,1.0,71049000.0
34903,FRT,2017,71049000.0,WeightedAverageNumberOfDilutedSharesOutstanding,2016-12-31,10-K,2018-02-13,365,1.0,71049000.0
34903,FRT,2018,71049000.0,WeightedAverageNumberOfDilutedSharesOutstanding,2016-12-31,10-K,2019-02-13,365,1.0,71049000.0
34903,FRT,2019,72233000.0,WeightedAverageNumberOfDilutedSharesOutstanding,2017-12-31,10-K,2020-02-10,364,1.0,72233000.0
34903,FRT,2020,75515000.0,WeightedAverageNumberOfDilutedSharesOutstanding,2020-12-31,10-K,2021-02-11,365,1.0,75515000.0
34903,FRT,2021,75515000.0,WeightedAverageNumberOfDilutedSharesOutstanding,2020-12-31,10-K,2022-02-10,365,1.0,75515000.0
34903,FRT,2022,75515000.0,WeightedAverageNumberOfDilutedSharesOutstanding,2020-12-31,10-K,2023-02-08,365,1.0,75515000.0
34903,FRT,2023,77368000.0,WeightedAverageNumberOfDilutedSharesOutstanding,2021-12-31,10-K,2024-02-12,364,1.0,77368000.0
34903,FRT,2024,83566000.0,WeightedAverageNumberOfDilutedSharesOutstanding,2024-12-31,10-K,2026-02-12,365,1.0,83566000.0
35527,FITB,2014,945554102.0,WeightedAverageNumberOfDilutedSharesOutstanding,2012-12-31,10-K,2015-02-25,365,1.0,945554102.0
35527,FITB,2015,894736445.0,WeightedAverageNumberOfDilutedSharesOutstanding,2013-12-31,10-K,2016-02-25,364,1.0,894736445.0
35527,FITB,2016,764495353.0,WeightedAverageNumberOfDilutedSharesOutstanding,2016-12-31,10-K,2017-02-24,365,1.0,764495353.0
35527,FITB,2017,764495353.0,WeightedAverageNumberOfDilutedSharesOutstanding,2016-12-31,10-K,2018-02-28,365,1.0,764495353.0
35527,FITB,2018,764495353.0,WeightedAverageNumberOfDilutedSharesOutstanding,2016-12-31,10-K,2019-03-01,365,1.0,764495353.0
35527,FITB,2019,740691433.0,WeightedAverageNumberOfDilutedSharesOutstanding,2017-12-31,10-K,2020-03-02,364,1.0,740691433.0
35527,FITB,2020,719735415.0,WeightedAverageNumberOfDilutedSharesOutstanding,2020-12-31,10-K,2021-02-26,365,1.0,719735415.0
35527,FITB,2021,719735415.0,WeightedAverageNumberOfDilutedSharesOutstanding,2020-12-31,10-K,2022-02-25,365,1.0,719735415.0
35527,FITB,2022,719735415.0,WeightedAverageNumberOfDilutedSharesOutstanding,2020-12-31,10-K,2023-02-24,365,1.0,719735415.0
35527,FITB,2023,711197805.0,WeightedAverageNumberOfDilutedSharesOutstanding,2021-12-31,10-K,2024-02-27,364,1.0,711197805.0
35527,FITB,2024,687300837.0,WeightedAverageNumberOfDilutedSharesOutstanding,2024-12-31,10-K,2025-02-24,365,1.0,687300837.0
35527,FITB,2025,687300837.0,WeightedAverageNumberOfDilutedSharesOutstanding,2024-12-31,10-K,2026-02-24,365,1.0,687300837.0
36104,USB,2014,1896000000.0,WeightedAverageNumberOfDilutedSharesOutstanding,2012-12-31,10-K,2015-02-27,365,1.0,1896000000.0
36104,USB,2015,1849000000.0,WeightedAverageNumberOfDilutedSharesOutstanding,2013-12-31,10-K,2016-02-25,364,1.0,1849000000.0
36104,USB,2016,1724000000.0,WeightedAverageNumberOfDilutedSharesOutstanding,2016-12-31,10-K,2017-02-23,365,1.0,1724000000.0
36104,USB,2017,1724000000.0,WeightedAverageNumberOfDilutedSharesOutstanding,2016-12-31,10-K,2018-02-22,365,1.0,1724000000.0
36104,USB,2018,1724000000.0,WeightedAverageNumberOfDilutedSharesOutstanding,2016-12-31,10-K,2019-02-22,365,1.0,1724000000.0
36104,USB,2019,1683000000.0,WeightedAverageNumberOfDilutedSharesOutstanding,2017-12-31,10-K,2020-02-20,364,1.0,1683000000.0
36104,USB,2020,1510000000.0,WeightedAverageNumberOfDilutedSharesOutstanding,2020-12-31,10-K,2021-02-23,365,1.0,1510000000.0
36104,USB,2021,1510000000.0,WeightedAverageNumberOfDilutedSharesOutstanding,2020-12-31,10-K,2022-02-22,365,1.0,1510000000.0
36104,USB,2022,1510000000.0,WeightedAverageNumberOfDilutedSharesOutstanding,2020-12-31,10-K,2023-02-27,365,1.0,1510000000.0
36104,USB,2023,1490000000.0,WeightedAverageNumberOfDilutedSharesOutstanding,2021-12-31,10-K,2024-02-20,364,1.0,1490000000.0
36104,USB,2024,1561000000.0,WeightedAverageNumberOfDilutedSharesOutstanding,2024-12-31,10-K,2025-02-21,365,1.0,1561000000.0
36104,USB,2025,1561000000.0,WeightedAverageNumberOfDilutedSharesOutstanding,2024-12-31,10-K,2026-02-23,365,1.0,1561000000.0
36270,MTB,2014,126405000.0,WeightedAverageNumberOfDilutedSharesOutstanding,2012-12-31,10-K,2015-02-20,365,1.0,126405000.0
36270,MTB,2015,129603000.0,WeightedAverageNumberOfDilutedSharesOutstanding,2013-12-31,10-K,2016-02-19,364,1.0,129603000.0
36270,MTB,2016,157304000.0,WeightedAverageNumberOfDilutedSharesOutstanding,2016-12-31,10-K,2017-02-22,365,1.0,157304000.0
36270,MTB,2017,157304000.0,WeightedAverageNumberOfDilutedSharesOutstanding,2016-12-31,10-K,2018-02-22,365,1.0,157304000.0
36270,MTB,2018,157304000.0,WeightedAverageNumberOfDilutedSharesOutstanding,2016-12-31,10-K,2019-02-20,365,1.0,157304000.0
36270,MTB,2019,152551000.0,WeightedAverageNumberOfDilutedSharesOutstanding,2017-12-31,10-K,2020-02-20,364,1.0,152551000.0
36270,MTB,2020,128704000.0,WeightedAverageNumberOfDilutedSharesOutstanding,2020-12-31,10-K,2021-02-22,365,1.0,128704000.0
36270,MTB,2021,128704000.0,WeightedAverageNumberOfDilutedSharesOutstanding,2020-12-31,10-K,2022-02-16,365,1.0,128704000.0
36270,MTB,2022,128704000.0,WeightedAverageNumberOfDilutedSharesOutstanding,2020-12-31,10-K,2023-02-22,365,1.0,128704000.0
36270,MTB,2023,128812000.0,WeightedAverageNumberOfDilutedSharesOutstanding,2021-12-31,10-K,2024-02-21,364,1.0,128812000.0
36270,MTB,2024,167319000.0,WeightedAverageNumberOfDilutedSharesOutstanding,2024-12-31,10-K,2025-02-19,365,1.0,167319000.0
36270,MTB,2025,167319000.0,WeightedAverageNumberOfDilutedSharesOutstanding,2024-12-31,10-K,2026-02-18,365,1.0,167319000.0
37996,F,2014,4015000000.0,WeightedAverageNumberOfDilutedSharesOutstanding,2012-12-31,10-K,2015-02-13,365,1.0,4015000000.0
37996,F,2015,4087000000.0,WeightedAverageNumberOfDilutedSharesOutstanding,2013-12-31,10-K,2016-02-11,364,1.0,4087000000.0
37996,F,2016,3999000000.0,WeightedAverageNumberOfDilutedSharesOutstanding,2016-12-31,10-K,2017-02-09,365,1.0,3999000000.0
37996,F,2017,3999000000.0,WeightedAverageNumberOfDilutedSharesOutstanding,2016-12-31,10-K,2018-02-08,365,1.0,3999000000.0
37996,F,2018,3999000000.0,WeightedAverageNumberOfDilutedSharesOutstanding,2016-12-31,10-K,2019-02-21,365,1.0,3999000000.0
37996,F,2019,3998000000.0,WeightedAverageNumberOfDilutedSharesOutstanding,2017-12-31,10-K,2020-02-05,364,1.0,3998000000.0
37996,F,2020,3973000000.0,WeightedAverageNumberOfDilutedSharesOutstanding,2020-12-31,10-K,2021-02-05,365,1.0,3973000000.0
37996,F,2021,3973000000.0,WeightedAverageNumberOfDilutedSharesOutstanding,2020-12-31,10-K,2022-02-04,365,1.0,3973000000.0
37996,F,2022,3973000000.0,WeightedAverageNumberOfDilutedSharesOutstanding,2020-12-31,10-K,2023-02-03,365,1.0,3973000000.0
37996,F,2023,4034000000.0,WeightedAverageNumberOfDilutedSharesOutstanding,2021-12-31,10-K,2024-02-07,364,1.0,4034000000.0
37996,F,2024,4021000000.0,WeightedAverageNumberOfDilutedSharesOutstanding,2024-12-31,10-K,2025-02-06,365,1.0,4021000000.0
37996,F,2025,4021000000.0,WeightedAverageNumberOfDilutedSharesOutstanding,2024-12-31,10-K,2026-02-11,365,1.0,4021000000.0
38777,BEN,2014,643300000.0,WeightedAverageNumberOfDilutedSharesOutstanding,2012-09-30,10-K,2014-11-12,365,3.0,1929900000.0
38777,BEN,2015,634100000.0,WeightedAverageNumberOfDilutedSharesOutstanding,2013-09-30,10-K,2015-11-12,364,1.0,634100000.0
38777,BEN,2016,583800000.0,WeightedAverageNumberOfDilutedSharesOutstanding,2016-09-30,10-K,2016-11-14,365,1.0,583800000.0
38777,BEN,2017,583800000.0,WeightedAverageNumberOfDilutedSharesOutstanding,2016-09-30,10-K,2017-11-13,365,1.0,583800000.0
38777,BEN,2018,583800000.0,WeightedAverageNumberOfDilutedSharesOutstanding,2016-09-30,10-K,2018-11-09,365,1.0,583800000.0
38777,BEN,2019,559100000.0,WeightedAverageNumberOfDilutedSharesOutstanding,2017-09-30,10-K,2019-11-12,364,1.0,559100000.0
38777,BEN,2020,492400000.0,WeightedAverageNumberOfDilutedSharesOutstanding,2020-09-30,10-K,2020-11-23,365,1.0,492400000.0
38777,BEN,2021,492400000.0,WeightedAverageNumberOfDilutedSharesOutstanding,2020-09-30,10-K,2021-11-19,365,1.0,492400000.0
38777,BEN,2022,492400000.0,WeightedAverageNumberOfDilutedSharesOutstanding,2020-09-30,10-K,2022-11-14,365,1.0,492400000.0
38777,BEN,2023,490600000.0,WeightedAverageNumberOfDilutedSharesOutstanding,2021-09-30,10-K,2023-11-14,364,1.0,490600000.0
38777,BEN,2024,510300000.0,WeightedAverageNumberOfDilutedSharesOutstanding,2024-09-30,10-K,2024-11-12,365,1.0,510300000.0
38777,BEN,2025,510300000.0,WeightedAverageNumberOfDilutedSharesOutstanding,2024-09-30,10-K,2025-11-10,365,1.0,510300000.0
40533,GD,2014,353346000.0,WeightedAverageNumberOfDilutedSharesOutstanding,2012-12-31,10-K,2015-02-09,365,1.0,353346000.0
40533,GD,2015,353499000.0,WeightedAverageNumberOfDilutedSharesOutstanding,2013-12-31,10-K,2016-02-08,364,1.0,353499000.0
40533,GD,2016,310387000.0,WeightedAverageNumberOfDilutedSharesOutstanding,2016-12-31,10-K,2017-02-06,365,1.0,310387000.0
40533,GD,2017,310387000.0,WeightedAverageNumberOfDilutedSharesOutstanding,2016-12-31,10-K,2018-02-12,365,1.0,310387000.0
40533,GD,2018,310387000.0,WeightedAverageNumberOfDilutedSharesOutstanding,2016-12-31,10-K,2019-02-13,365,1.0,310387000.0
40533,GD,2019,304637000.0,WeightedAverageNumberOfDilutedSharesOutstanding,2017-12-31,10-K,2020-02-10,364,1.0,304637000.0
40533,GD,2020,287913000.0,WeightedAverageNumberOfDilutedSharesOutstanding,2020-12-31,10-K,2021-02-09,365,1.0,287913000.0
40533,GD,2021,287913000.0,WeightedAverageNumberOfDilutedSharesOutstanding,2020-12-31,10-K,2022-02-09,365,1.0,287913000.0
40533,GD,2022,287913000.0,WeightedAverageNumberOfDilutedSharesOutstanding,2020-12-31,10-K,2023-02-07,365,1.0,287913000.0
40533,GD,2023,282017000.0,WeightedAverageNumberOfDilutedSharesOutstanding,2021-12-31,10-K,2024-02-08,364,1.0,282017000.0
40533,GD,2024,277485000.0,WeightedAverageNumberOfDilutedSharesOutstanding,2024-12-31,10-K,2025-02-07,365,1.0,277485000.0
40533,GD,2025,277485000.0,WeightedAverageNumberOfDilutedSharesOutstanding,2024-12-31,10-K,2026-01-30,365,1.0,277485000.0
40545,GE,2015,10289000000.0,WeightedAverageNumberOfDilutedSharesOutstanding,2013-12-31,10-K,2016-02-26,364,0.20866208999999997,2146924244.0099998
40545,GE,2016,9130000000.0,WeightedAverageNumberOfDilutedSharesOutstanding,2016-12-31,10-K,2017-02-24,365,0.20866208999999997,1905084881.6999998
40545,GE,2017,9130000000.0,WeightedAverageNumberOfDilutedSharesOutstanding,2016-12-31,10-K,2018-02-23,365,0.20866208999999997,1905084881.6999998
40545,GE,2018,9130000000.0,WeightedAverageNumberOfDilutedSharesOutstanding,2016-12-31,10-K,2019-02-26,365,0.20866208999999997,1905084881.6999998
40545,GE,2019,8687000000.0,WeightedAverageNumberOfDilutedSharesOutstanding,2017-12-31,10-K,2020-02-24,364,0.20866208999999997,1812647575.8299997
40545,GE,2020,8761000000.0,WeightedAverageNumberOfDilutedSharesOutstanding,2020-12-31,10-K,2021-02-12,365,0.20063662499999996,1757777471.6249995
40545,GE,2021,1095000000.0,WeightedAverageNumberOfDilutedSharesOutstanding,2020-12-31,10-K,2022-02-11,365,0.20063662499999996,219697104.37499994
40545,GE,2022,1095000000.0,WeightedAverageNumberOfDilutedSharesOutstanding,2020-12-31,10-K,2023-02-10,365,0.20063662499999996,219697104.37499994
40545,GE,2023,1098000000.0,WeightedAverageNumberOfDilutedSharesOutstanding,2021-12-31,10-K,2024-02-02,364,1.6050929999999997,1762392113.9999995
40545,GE,2024,1094000000.0,WeightedAverageNumberOfDilutedSharesOutstanding,2024-12-31,10-K,2025-02-03,365,1.0,1094000000.0
40545,GE,2025,1094000000.0,WeightedAverageNumberOfDilutedSharesOutstanding,2024-12-31,10-K,2026-01-29,365,1.0,1094000000.0
40704,GIS,2014,666700000.0,WeightedAverageNumberOfDilutedSharesOutstanding,2012-05-27,10-K,2014-07-03,363,1.0,666700000.0
40704,GIS,2015,618800000.0,WeightedAverageNumberOfDilutedSharesOutstanding,2015-05-31,10-K,2015-07-06,370,1.0,618800000.0
40704,GIS,2016,618800000.0,WeightedAverageNumberOfDilutedSharesOutstanding,2015-05-31,10-K,2016-06-30,370,1.0,618800000.0
40704,GIS,2017,618800000.0,WeightedAverageNumberOfDilutedSharesOutstanding,2015-05-31,10-K,2017-06-29,370,1.0,618800000.0
40704,GIS,2018,611900000.0,WeightedAverageNumberOfDilutedSharesOutstanding,2016-05-29,10-K,2018-06-29,363,1.0,611900000.0
40704,GIS,2019,598000000.0,WeightedAverageNumberOfDilutedSharesOutstanding,2017-05-28,10-K,2019-06-28,363,1.0,598000000.0
40704,GIS,2020,613300000.0,WeightedAverageNumberOfDilutedSharesOutstanding,2020-05-31,10-K,2020-07-02,370,1.0,613300000.0
40704,GIS,2021,613300000.0,WeightedAverageNumberOfDilutedSharesOutstanding,2020-05-31,10-K,2021-06-30,370,1.0,613300000.0
40704,GIS,2022,613300000.0,WeightedAverageNumberOfDilutedSharesOutstanding,2020-05-31,10-K,2022-06-30,370,1.0,613300000.0
40704,GIS,2023,619100000.0,WeightedAverageNumberOfDilutedSharesOutstanding,2021-05-30,10-K,2023-06-28,363,1.0,619100000.0
40704,GIS,2024,612600000.0,WeightedAverageNumberOfDilutedSharesOutstanding,2022-05-29,10-K,2024-06-26,363,1.0,612600000.0
40704,GIS,2025,601200000.0,WeightedAverageNumberOfDilutedSharesOutstanding,2023-05-28,10-K,2025-06-26,363,1.0,601200000.0
40704,GIS,2026,537700000.0,WeightedAverageNumberOfDilutedSharesOutstanding,2026-05-31,10-K,2026-07-01,370,1.0,537700000.0
40987,GPC,2014,156420000.0,WeightedAverageNumberOfDilutedSharesOutstanding,2012-12-31,10-K,2015-02-26,365,1.0,156420000.0
40987,GPC,2015,155714000.0,WeightedAverageNumberOfDilutedSharesOutstanding,2013-12-31,10-K,2016-02-26,364,1.0,155714000.0
40987,GPC,2016,149804000.0,WeightedAverageNumberOfDilutedSharesOutstanding,2016-12-31,10-K,2017-02-27,365,1.0,149804000.0
40987,GPC,2017,149804000.0,WeightedAverageNumberOfDilutedSharesOutstanding,2016-12-31,10-K,2018-02-27,365,1.0,149804000.0
40987,GPC,2018,149804000.0,WeightedAverageNumberOfDilutedSharesOutstanding,2016-12-31,10-K,2019-02-25,365,1.0,149804000.0
40987,GPC,2019,147701000.0,WeightedAverageNumberOfDilutedSharesOutstanding,2017-12-31,10-K,2020-02-21,364,1.0,147701000.0
40987,GPC,2020,145115000.0,WeightedAverageNumberOfDilutedSharesOutstanding,2020-12-31,10-K,2021-02-19,365,1.0,145115000.0
40987,GPC,2021,145115000.0,WeightedAverageNumberOfDilutedSharesOutstanding,2020-12-31,10-K,2022-02-17,365,1.0,145115000.0
40987,GPC,2022,145115000.0,WeightedAverageNumberOfDilutedSharesOutstanding,2020-12-31,10-K,2023-02-23,365,1.0,145115000.0
40987,GPC,2023,144221000.0,WeightedAverageNumberOfDilutedSharesOutstanding,2021-12-31,10-K,2024-02-22,364,1.0,144221000.0
40987,GPC,2024,139670000.0,WeightedAverageNumberOfDilutedSharesOutstanding,2024-12-31,10-K,2025-02-21,365,1.0,139670000.0
40987,GPC,2025,139670000.0,WeightedAverageNumberOfDilutedSharesOutstanding,2024-12-31,10-K,2026-02-20,365,1.0,139670000.0
45012,HAL,2014,928000000.0,WeightedAverageNumberOfDilutedSharesOutstanding,2012-12-31,10-K,2015-02-24,365,1.0,928000000.0
45012,HAL,2015,902000000.0,WeightedAverageNumberOfDilutedSharesOutstanding,2013-12-31,10-K,2016-02-05,364,1.0,902000000.0
45012,HAL,2016,861000000.0,WeightedAverageNumberOfDilutedSharesOutstanding,2016-12-31,10-K,2017-02-07,365,1.0,861000000.0
45012,HAL,2017,861000000.0,WeightedAverageNumberOfDilutedSharesOutstanding,2016-12-31,10-K,2018-02-09,365,1.0,861000000.0
45012,HAL,2018,861000000.0,WeightedAverageNumberOfDilutedSharesOutstanding,2016-12-31,10-K,2019-02-13,365,1.0,861000000.0
45012,HAL,2019,870000000.0,WeightedAverageNumberOfDilutedSharesOutstanding,2017-12-31,10-K,2020-02-11,364,1.0,870000000.0
45012,HAL,2020,881000000.0,WeightedAverageNumberOfDilutedSharesOutstanding,2020-12-31,10-K,2021-02-05,365,1.0,881000000.0
45012,HAL,2021,881000000.0,WeightedAverageNumberOfDilutedSharesOutstanding,2020-12-31,10-K,2022-02-04,365,1.0,881000000.0
45012,HAL,2022,881000000.0,WeightedAverageNumberOfDilutedSharesOutstanding,2020-12-31,10-K,2023-02-07,365,1.0,881000000.0
45012,HAL,2023,892000000.0,WeightedAverageNumberOfDilutedSharesOutstanding,2021-12-31,10-K,2024-02-06,364,1.0,892000000.0
45012,HAL,2024,883000000.0,WeightedAverageNumberOfDilutedSharesOutstanding,2024-12-31,10-K,2025-02-12,365,1.0,883000000.0
45012,HAL,2025,883000000.0,WeightedAverageNumberOfDilutedSharesOutstanding,2024-12-31,10-K,2026-02-06,365,1.0,883000000.0
46080,HAS,2014,131926000.0,WeightedAverageNumberOfDilutedSharesOutstanding,2012-12-30,10-K,2015-02-26,370,1.0,131926000.0
46080,HAS,2015,131788000.0,WeightedAverageNumberOfDilutedSharesOutstanding,2013-12-29,10-K,2016-02-24,363,1.0,131788000.0
46080,HAS,2016,129886000.0,WeightedAverageNumberOfDilutedSharesOutstanding,2014-12-28,10-K,2017-02-22,363,1.0,129886000.0
46080,HAS,2017,127031000.0,WeightedAverageNumberOfDilutedSharesOutstanding,2017-12-31,10-K,2018-02-26,370,1.0,127031000.0
46080,HAS,2018,127031000.0,WeightedAverageNumberOfDilutedSharesOutstanding,2017-12-31,10-K,2019-02-26,370,1.0,127031000.0
46080,HAS,2019,127031000.0,WeightedAverageNumberOfDilutedSharesOutstanding,2017-12-31,10-K,2020-02-27,370,1.0,127031000.0
46080,HAS,2020,126890000.0,WeightedAverageNumberOfDilutedSharesOutstanding,2018-12-30,10-K,2021-02-24,363,1.0,126890000.0
46080,HAS,2021,128500000.0,WeightedAverageNumberOfDilutedSharesOutstanding,2019-12-29,10-K,2022-02-23,363,1.0,128500000.0
46080,HAS,2022,137600000.0,WeightedAverageNumberOfDilutedSharesOutstanding,2020-12-27,10-K,2023-02-22,363,1.0,137600000.0
46080,HAS,2023,138800000.0,WeightedAverageNumberOfDilutedSharesOutstanding,2023-12-31,10-K,2024-02-28,370,1.0,138800000.0
46080,HAS,2024,138800000.0,WeightedAverageNumberOfDilutedSharesOutstanding,2023-12-31,10-K,2025-02-27,370,1.0,138800000.0
46080,HAS,2025,138800000.0,WeightedAverageNumberOfDilutedSharesOutstanding,2023-12-31,10-K,2026-02-25,370,1.0,138800000.0
47111,HSY,2014,228337000.0,WeightedAverageNumberOfDilutedSharesOutstanding,2012-12-31,10-K,2015-02-20,365,1.0,228337000.0
47217,HPQ,2014,1974000000.0,WeightedAverageNumberOfDilutedSharesOutstanding,2012-10-31,10-K,2014-12-18,365,2.202,4346748000.0
47217,HPQ,2015,1950000000.0,WeightedAverageNumberOfDilutedSharesOutstanding,2013-10-31,10-K,2015-12-16,364,2.202,4293900000.0
47217,HPQ,2016,1743000000.0,WeightedAverageNumberOfDilutedSharesOutstanding,2016-10-31,10-K,2016-12-15,365,1.0,1743000000.0
47217,HPQ,2017,1743000000.0,WeightedAverageNumberOfDilutedSharesOutstanding,2016-10-31,10-K/A,2017-12-15,365,1.0,1743000000.0
47217,HPQ,2018,1743000000.0,WeightedAverageNumberOfDilutedSharesOutstanding,2016-10-31,10-K,2018-12-13,365,1.0,1743000000.0
47217,HPQ,2019,1702000000.0,WeightedAverageNumberOfDilutedSharesOutstanding,2017-10-31,10-K,2019-12-12,364,1.0,1702000000.0
47217,HPQ,2020,1420000000.0,WeightedAverageNumberOfDilutedSharesOutstanding,2020-10-31,10-K,2020-12-10,365,1.0,1420000000.0
47217,HPQ,2021,1420000000.0,WeightedAverageNumberOfDilutedSharesOutstanding,2020-10-31,10-K,2021-12-09,365,1.0,1420000000.0
47217,HPQ,2022,1420000000.0,WeightedAverageNumberOfDilutedSharesOutstanding,2020-10-31,10-K/A,2023-09-11,365,1.0,1420000000.0
47217,HPQ,2023,1220000000.0,WeightedAverageNumberOfDilutedSharesOutstanding,2021-10-31,10-K,2023-12-18,364,1.0,1220000000.0
47217,HPQ,2024,989000000.0,WeightedAverageNumberOfDilutedSharesOutstanding,2024-10-31,10-K,2024-12-13,365,1.0,989000000.0
47217,HPQ,2025,989000000.0,WeightedAverageNumberOfDilutedSharesOutstanding,2024-10-31,10-K,2025-12-10,365,1.0,989000000.0
48465,HRL,2014,268891000.0,WeightedAverageNumberOfDilutedSharesOutstanding,2012-10-28,10-K,2014-12-17,363,2.0,537782000.0
48465,HRL,2015,270224000.0,WeightedAverageNumberOfDilutedSharesOutstanding,2013-10-27,10-K,2015-12-16,363,2.0,540448000.0
48465,HRL,2016,542473000.0,WeightedAverageNumberOfDilutedSharesOutstanding,2016-10-30,10-K,2016-12-21,370,1.0,542473000.0
48465,HRL,2017,542473000.0,WeightedAverageNumberOfDilutedSharesOutstanding,2016-10-30,10-K,2017-12-20,370,1.0,542473000.0
48465,HRL,2018,542473000.0,WeightedAverageNumberOfDilutedSharesOutstanding,2016-10-30,10-K,2018-12-07,370,1.0,542473000.0
48465,HRL,2019,539116000.0,WeightedAverageNumberOfDilutedSharesOutstanding,2017-10-29,10-K,2019-12-06,363,1.0,539116000.0
48465,HRL,2020,543869000.0,WeightedAverageNumberOfDilutedSharesOutstanding,2018-10-28,10-K,2020-12-04,363,1.0,543869000.0
48465,HRL,2021,547580000.0,WeightedAverageNumberOfDilutedSharesOutstanding,2021-10-31,10-K,2021-12-10,370,1.0,547580000.0
48465,HRL,2022,547580000.0,WeightedAverageNumberOfDilutedSharesOutstanding,2021-10-31,10-K,2022-12-06,370,1.0,547580000.0
48465,HRL,2023,547580000.0,WeightedAverageNumberOfDilutedSharesOutstanding,2021-10-31,10-K,2023-12-06,370,1.0,547580000.0
48465,HRL,2024,549566000.0,WeightedAverageNumberOfDilutedSharesOutstanding,2022-10-30,10-K,2024-12-05,363,1.0,549566000.0
48465,HRL,2025,548982000.0,WeightedAverageNumberOfDilutedSharesOutstanding,2023-10-29,10-K,2025-12-05,363,1.0,548982000.0
48898,HUBB,2014,59800000.0,WeightedAverageNumberOfDilutedSharesOutstanding,2012-12-31,10-K,2015-02-19,365,1.0,59800000.0
48898,HUBB,2015,59600000.0,WeightedAverageNumberOfDilutedSharesOutstanding,2013-12-31,10-K,2016-02-18,364,1.0,59600000.0
48898,HUBB,2016,55700000.0,WeightedAverageNumberOfDilutedSharesOutstanding,2016-12-31,10-K,2017-02-16,365,1.0,55700000.0
48898,HUBB,2017,55700000.0,WeightedAverageNumberOfDilutedSharesOutstanding,2016-12-31,10-K,2018-02-15,365,1.0,55700000.0
48898,HUBB,2018,55700000.0,WeightedAverageNumberOfDilutedSharesOutstanding,2016-12-31,10-K,2019-02-15,365,1.0,55700000.0
48898,HUBB,2019,55100000.0,WeightedAverageNumberOfDilutedSharesOutstanding,2017-12-31,10-K,2020-02-14,364,1.0,55100000.0
48898,HUBB,2020,54500000.0,WeightedAverageNumberOfDilutedSharesOutstanding,2020-12-31,10-K,2021-02-11,365,1.0,54500000.0
48898,HUBB,2021,54500000.0,WeightedAverageNumberOfDilutedSharesOutstanding,2020-12-31,10-K,2022-02-11,365,1.0,54500000.0
48898,HUBB,2022,54500000.0,WeightedAverageNumberOfDilutedSharesOutstanding,2020-12-31,10-K,2023-02-09,365,1.0,54500000.0
48898,HUBB,2023,54700000.0,WeightedAverageNumberOfDilutedSharesOutstanding,2021-12-31,10-K,2024-02-08,364,1.0,54700000.0
48898,HUBB,2024,54000000.0,WeightedAverageNumberOfDilutedSharesOutstanding,2024-12-31,10-K,2025-02-13,365,1.0,54000000.0
48898,HUBB,2025,54000000.0,WeightedAverageNumberOfDilutedSharesOutstanding,2024-12-31,10-K,2026-02-12,365,1.0,54000000.0
49071,HUM,2014,163457000.0,WeightedAverageNumberOfDilutedSharesOutstanding,2012-12-31,10-K,2015-02-18,365,1.0,163457000.0
49071,HUM,2015,159151000.0,WeightedAverageNumberOfDilutedSharesOutstanding,2013-12-31,10-K,2016-02-18,364,1.0,159151000.0
49071,HUM,2016,150917000.0,WeightedAverageNumberOfDilutedSharesOutstanding,2016-12-31,10-K,2017-02-17,365,1.0,150917000.0
49071,HUM,2017,150917000.0,WeightedAverageNumberOfDilutedSharesOutstanding,2016-12-31,10-K,2018-02-16,365,1.0,150917000.0
49071,HUM,2018,150917000.0,WeightedAverageNumberOfDilutedSharesOutstanding,2016-12-31,10-K,2019-02-21,365,1.0,150917000.0
49071,HUM,2019,145585000.0,WeightedAverageNumberOfDilutedSharesOutstanding,2017-12-31,10-K,2020-02-20,364,1.0,145585000.0
49071,HUM,2020,133012000.0,WeightedAverageNumberOfDilutedSharesOutstanding,2020-12-31,10-K,2021-02-18,365,1.0,133012000.0
49071,HUM,2021,133012000.0,WeightedAverageNumberOfDilutedSharesOutstanding,2020-12-31,10-K,2022-02-17,365,1.0,133012000.0
49071,HUM,2022,133012000.0,WeightedAverageNumberOfDilutedSharesOutstanding,2020-12-31,10-K,2023-02-16,365,1.0,133012000.0
49071,HUM,2023,129396000.0,WeightedAverageNumberOfDilutedSharesOutstanding,2021-12-31,10-K,2024-02-15,364,1.0,129396000.0
49071,HUM,2024,120869000.0,WeightedAverageNumberOfDilutedSharesOutstanding,2024-12-31,10-K,2025-02-20,365,1.0,120869000.0
49071,HUM,2025,120869000.0,WeightedAverageNumberOfDilutedSharesOutstanding,2024-12-31,10-K,2026-02-19,365,1.0,120869000.0
49196,HBAN,2014,863402000.0,WeightedAverageNumberOfDilutedSharesOutstanding,2012-12-31,10-K,2015-02-13,365,1.0,863402000.0
49196,HBAN,2015,843974000.0,WeightedAverageNumberOfDilutedSharesOutstanding,2013-12-31,10-K,2016-02-17,364,1.0,843974000.0
49196,HBAN,2016,918790000.0,WeightedAverageNumberOfDilutedSharesOutstanding,2016-12-31,10-K,2017-02-22,365,1.0,918790000.0
49196,HBAN,2017,918790000.0,WeightedAverageNumberOfDilutedSharesOutstanding,2016-12-31,10-K,2018-02-16,365,1.0,918790000.0
49196,HBAN,2018,918790000.0,WeightedAverageNumberOfDilutedSharesOutstanding,2016-12-31,10-K,2019-02-15,365,1.0,918790000.0
49196,HBAN,2019,1136186000.0,WeightedAverageNumberOfDilutedSharesOutstanding,2017-12-31,10-K,2020-02-14,364,1.0,1136186000.0
49196,HBAN,2020,1032683000.0,WeightedAverageNumberOfDilutedSharesOutstanding,2020-12-31,10-K,2021-02-26,365,1.0,1032683000.0
49196,HBAN,2021,1032683000.0,WeightedAverageNumberOfDilutedSharesOutstanding,2020-12-31,10-K,2022-02-18,365,1.0,1032683000.0
49196,HBAN,2022,1032683000.0,WeightedAverageNumberOfDilutedSharesOutstanding,2020-12-31,10-K,2023-02-17,365,1.0,1032683000.0
49196,HBAN,2023,1286733000.0,WeightedAverageNumberOfDilutedSharesOutstanding,2021-12-31,10-K,2024-02-16,364,1.0,1286733000.0
49196,HBAN,2024,1476442000.0,WeightedAverageNumberOfDilutedSharesOutstanding,2024-12-31,10-K,2025-02-14,365,1.0,1476442000.0
49196,HBAN,2025,1476442000.0,WeightedAverageNumberOfDilutedSharesOutstanding,2024-12-31,10-K,2026-02-13,365,1.0,1476442000.0
49826,ITW,2014,473200000.0,WeightedAverageNumberOfDilutedSharesOutstanding,2012-12-31,10-K,2015-02-13,365,1.0,473200000.0
49826,ITW,2015,449300000.0,WeightedAverageNumberOfDilutedSharesOutstanding,2013-12-31,10-K,2016-02-12,364,1.0,449300000.0
49826,ITW,2016,357100000.0,WeightedAverageNumberOfDilutedSharesOutstanding,2016-12-31,10-K,2017-02-10,365,1.0,357100000.0
49826,ITW,2017,357100000.0,WeightedAverageNumberOfDilutedSharesOutstanding,2016-12-31,10-K,2018-02-15,365,1.0,357100000.0
49826,ITW,2018,357100000.0,WeightedAverageNumberOfDilutedSharesOutstanding,2016-12-31,10-K,2019-02-15,365,1.0,357100000.0
49826,ITW,2019,346800000.0,WeightedAverageNumberOfDilutedSharesOutstanding,2017-12-31,10-K,2020-02-14,364,1.0,346800000.0
49826,ITW,2020,318300000.0,WeightedAverageNumberOfDilutedSharesOutstanding,2020-12-31,10-K,2021-02-12,365,1.0,318300000.0
49826,ITW,2021,318300000.0,WeightedAverageNumberOfDilutedSharesOutstanding,2020-12-31,10-K,2022-02-11,365,1.0,318300000.0
49826,ITW,2022,318300000.0,WeightedAverageNumberOfDilutedSharesOutstanding,2020-12-31,10-K,2023-02-10,365,1.0,318300000.0
49826,ITW,2023,316400000.0,WeightedAverageNumberOfDilutedSharesOutstanding,2021-12-31,10-K,2024-02-09,364,1.0,316400000.0
49826,ITW,2024,297800000.0,WeightedAverageNumberOfDilutedSharesOutstanding,2024-12-31,10-K,2025-02-14,365,1.0,297800000.0
49826,ITW,2025,297800000.0,WeightedAverageNumberOfDilutedSharesOutstanding,2024-12-31,10-K,2026-02-13,365,1.0,297800000.0
50863,INTC,2014,5160000000.0,WeightedAverageNumberOfDilutedSharesOutstanding,2012-12-29,10-K,2015-02-13,363,1.0,5160000000.0
50863,INTC,2015,5097000000.0,WeightedAverageNumberOfDilutedSharesOutstanding,2013-12-28,10-K,2016-02-12,363,1.0,5097000000.0
50863,INTC,2016,4875000000.0,WeightedAverageNumberOfDilutedSharesOutstanding,2016-12-31,10-K,2017-02-17,370,1.0,4875000000.0
50863,INTC,2017,4875000000.0,WeightedAverageNumberOfDilutedSharesOutstanding,2016-12-31,10-K,2018-02-16,370,1.0,4875000000.0
50863,INTC,2018,4875000000.0,WeightedAverageNumberOfDilutedSharesOutstanding,2016-12-31,10-K,2019-02-01,370,1.0,4875000000.0
50863,INTC,2019,4835000000.0,WeightedAverageNumberOfDilutedSharesOutstanding,2017-12-30,10-K,2020-01-24,363,1.0,4835000000.0
50863,INTC,2020,4701000000.0,WeightedAverageNumberOfDilutedSharesOutstanding,2018-12-29,10-K,2021-01-22,363,1.0,4701000000.0
50863,INTC,2021,4473000000.0,WeightedAverageNumberOfDilutedSharesOutstanding,2019-12-28,10-K,2022-01-27,363,1.0,4473000000.0
50863,INTC,2022,4123000000.0,WeightedAverageNumberOfDilutedSharesOutstanding,2022-12-31,10-K,2023-01-27,370,1.0,4123000000.0
50863,INTC,2023,4123000000.0,WeightedAverageNumberOfDilutedSharesOutstanding,2022-12-31,10-K,2024-01-26,370,1.0,4123000000.0
50863,INTC,2024,4123000000.0,WeightedAverageNumberOfDilutedSharesOutstanding,2022-12-31,10-K,2025-01-31,370,1.0,4123000000.0
50863,INTC,2025,4212000000.0,WeightedAverageNumberOfDilutedSharesOutstanding,2023-12-30,10-K,2026-01-23,363,1.0,4212000000.0
51143,IBM,2014,1155449317.0,WeightedAverageNumberOfDilutedSharesOutstanding,2012-12-31,10-K,2015-02-24,365,1.046,1208599985.582
51143,IBM,2015,1103042156.0,WeightedAverageNumberOfDilutedSharesOutstanding,2013-12-31,10-K,2016-02-23,364,1.046,1153782095.176
51143,IBM,2016,958714097.0,WeightedAverageNumberOfDilutedSharesOutstanding,2016-12-31,10-K,2017-02-28,365,1.046,1002814945.462
51143,IBM,2017,958714097.0,WeightedAverageNumberOfDilutedSharesOutstanding,2016-12-31,10-K,2018-02-27,365,1.046,1002814945.462
51143,IBM,2018,958714097.0,WeightedAverageNumberOfDilutedSharesOutstanding,2016-12-31,10-K,2019-02-26,365,1.046,1002814945.462
51143,IBM,2019,937385625.0,WeightedAverageNumberOfDilutedSharesOutstanding,2017-12-31,10-K,2020-02-25,364,1.046,980505363.75
51143,IBM,2020,896563971.0,WeightedAverageNumberOfDilutedSharesOutstanding,2020-12-31,10-K,2021-02-23,365,1.046,937805913.666
51143,IBM,2021,896563971.0,WeightedAverageNumberOfDilutedSharesOutstanding,2020-12-31,10-K,2022-02-22,365,1.046,937805913.666
51143,IBM,2022,896563971.0,WeightedAverageNumberOfDilutedSharesOutstanding,2020-12-31,10-K,2023-02-28,365,1.046,937805913.666
51143,IBM,2023,904641001.0,WeightedAverageNumberOfDilutedSharesOutstanding,2021-12-31,10-K,2024-02-26,364,1.0,904641001.0
51143,IBM,2024,937161224.0,WeightedAverageNumberOfDilutedSharesOutstanding,2024-12-31,10-K,2025-02-25,365,1.0,937161224.0
51143,IBM,2025,937161224.0,WeightedAverageNumberOfDilutedSharesOutstanding,2024-12-31,10-K,2026-02-24,365,1.0,937161224.0
51253,IFF,2014,81833000.0,WeightedAverageNumberOfDilutedSharesOutstanding,2012-12-31,10-K,2015-03-02,365,1.0,81833000.0
51253,IFF,2015,81930000.0,WeightedAverageNumberOfDilutedSharesOutstanding,2013-12-31,10-K,2016-03-01,364,1.0,81930000.0
51253,IFF,2016,79981000.0,WeightedAverageNumberOfDilutedSharesOutstanding,2016-12-31,10-K,2017-02-28,365,1.0,79981000.0
51253,IFF,2017,79981000.0,WeightedAverageNumberOfDilutedSharesOutstanding,2016-12-31,10-K,2018-02-27,365,1.0,79981000.0
51253,IFF,2018,79981000.0,WeightedAverageNumberOfDilutedSharesOutstanding,2016-12-31,10-K,2019-02-26,365,1.0,79981000.0
51253,IFF,2019,79370000.0,WeightedAverageNumberOfDilutedSharesOutstanding,2017-12-31,10-K,2020-03-03,364,1.0,79370000.0
51253,IFF,2020,113630000.0,WeightedAverageNumberOfDilutedSharesOutstanding,2020-12-31,10-K,2021-02-22,365,1.0,113630000.0
51253,IFF,2021,114000000.0,WeightedAverageNumberOfDilutedSharesOutstanding,2020-12-31,10-K,2022-02-28,365,1.0,114000000.0
51253,IFF,2022,114000000.0,WeightedAverageNumberOfDilutedSharesOutstanding,2020-12-31,10-K,2023-02-27,365,1.0,114000000.0
51253,IFF,2023,243000000.0,WeightedAverageNumberOfDilutedSharesOutstanding,2021-12-31,10-K,2024-02-28,364,1.0,243000000.0
51253,IFF,2024,256000000.0,WeightedAverageNumberOfDilutedSharesOutstanding,2024-12-31,10-K,2025-02-28,365,1.0,256000000.0
51253,IFF,2025,256000000.0,WeightedAverageNumberOfDilutedSharesOutstanding,2024-12-31,10-K,2026-02-27,365,1.0,256000000.0
51434,IP,2014,440200000.0,WeightedAverageNumberOfDilutedSharesOutstanding,2012-12-31,10-K,2015-02-26,365,1.070784,471359116.79999995
51434,IP,2015,448100000.0,WeightedAverageNumberOfDilutedSharesOutstanding,2013-12-31,10-K,2016-02-25,364,1.070784,479818310.4
51434,IP,2016,415600000.0,WeightedAverageNumberOfDilutedSharesOutstanding,2016-12-31,10-K,2017-02-22,365,1.056,438873600.0
51434,IP,2017,415600000.0,WeightedAverageNumberOfDilutedSharesOutstanding,2016-12-31,10-K,2018-02-22,365,1.056,438873600.0
51434,IP,2018,415600000.0,WeightedAverageNumberOfDilutedSharesOutstanding,2016-12-31,10-K,2019-02-20,365,1.056,438873600.0
51434,IP,2019,417700000.0,WeightedAverageNumberOfDilutedSharesOutstanding,2017-12-31,10-K,2020-02-19,364,1.056,441091200.0
51434,IP,2020,395700000.0,WeightedAverageNumberOfDilutedSharesOutstanding,2020-12-31,10-K,2021-02-19,365,1.056,417859200.0
51434,IP,2021,395700000.0,WeightedAverageNumberOfDilutedSharesOutstanding,2020-12-31,10-K,2022-02-18,365,1.056,417859200.0
51434,IP,2022,395700000.0,WeightedAverageNumberOfDilutedSharesOutstanding,2020-12-31,10-K,2023-02-17,365,1.056,417859200.0
51434,IP,2023,392400000.0,WeightedAverageNumberOfDilutedSharesOutstanding,2021-12-31,10-K,2024-02-16,364,1.0,392400000.0
51434,IP,2024,354200000.0,WeightedAverageNumberOfDilutedSharesOutstanding,2024-12-31,10-K,2025-02-21,365,1.0,354200000.0
51434,IP,2025,354200000.0,WeightedAverageNumberOfDilutedSharesOutstanding,2024-12-31,10-K,2026-02-27,365,1.0,354200000.0
52988,J,2014,128692000.0,WeightedAverageNumberOfDilutedSharesOutstanding,2012-09-28,10-K,2014-11-24,363,1.20897,155584767.24
52988,J,2015,126110000.0,WeightedAverageNumberOfDilutedSharesOutstanding,2015-10-02,10-K,2015-11-24,370,1.20897,152463206.70000002
52988,J,2016,126110000.0,WeightedAverageNumberOfDilutedSharesOutstanding,2015-10-02,10-K,2016-11-22,370,1.20897,152463206.70000002
52988,J,2017,126110000.0,WeightedAverageNumberOfDilutedSharesOutstanding,2015-10-02,10-K,2017-11-21,370,1.20897,152463206.70000002
52988,J,2018,121483000.0,WeightedAverageNumberOfDilutedSharesOutstanding,2016-09-30,10-K,2018-11-21,363,1.20897,146869302.51000002
52988,J,2019,120147000.0,WeightedAverageNumberOfDilutedSharesOutstanding,2017-09-29,10-K,2019-11-25,363,1.20897,145254118.59
52988,J,2020,132721000.0,WeightedAverageNumberOfDilutedSharesOutstanding,2020-10-02,10-K,2020-11-24,370,1.20897,160455707.37
52988,J,2021,132721000.0,WeightedAverageNumberOfDilutedSharesOutstanding,2020-10-02,10-K,2021-11-23,370,1.20897,160455707.37
52988,J,2022,132721000.0,WeightedAverageNumberOfDilutedSharesOutstanding,2020-10-02,10-K,2022-11-21,370,1.20897,160455707.37
52988,J,2023,131274000.0,WeightedAverageNumberOfDilutedSharesOutstanding,2021-10-01,10-K,2023-11-21,363,1.20897,158706327.78
52988,J,2024,129445000.0,WeightedAverageNumberOfDilutedSharesOutstanding,2022-09-30,10-K,2024-11-25,363,1.20897,156495121.65
52988,J,2025,127214000.0,WeightedAverageNumberOfDilutedSharesOutstanding,2023-09-29,10-K,2025-11-20,363,1.20897,153797909.58
55785,KMB,2014,396100000.0,WeightedAverageNumberOfDilutedSharesOutstanding,2012-12-31,10-K,2015-02-18,365,1.043,413132300.0
55785,KMB,2015,387300000.0,WeightedAverageNumberOfDilutedSharesOutstanding,2013-12-31,10-K,2016-02-11,364,1.043,403953900.0
55785,KMB,2016,361700000.0,WeightedAverageNumberOfDilutedSharesOutstanding,2016-12-31,10-K,2017-02-08,365,1.0,361700000.0
55785,KMB,2017,361700000.0,WeightedAverageNumberOfDilutedSharesOutstanding,2016-12-31,10-K,2018-02-08,365,1.0,361700000.0
55785,KMB,2018,361700000.0,WeightedAverageNumberOfDilutedSharesOutstanding,2016-12-31,10-K,2019-02-07,365,1.0,361700000.0
55785,KMB,2019,355900000.0,WeightedAverageNumberOfDilutedSharesOutstanding,2017-12-31,10-K,2020-02-13,364,1.0,355900000.0
55785,KMB,2020,342500000.0,WeightedAverageNumberOfDilutedSharesOutstanding,2020-12-31,10-K,2021-02-11,365,1.0,342500000.0
55785,KMB,2021,342500000.0,WeightedAverageNumberOfDilutedSharesOutstanding,2020-12-31,10-K,2022-02-10,365,1.0,342500000.0
55785,KMB,2022,342500000.0,WeightedAverageNumberOfDilutedSharesOutstanding,2020-12-31,10-K,2023-02-09,365,1.0,342500000.0
55785,KMB,2023,338800000.0,WeightedAverageNumberOfDilutedSharesOutstanding,2021-12-31,10-K,2024-02-08,364,1.0,338800000.0
55785,KMB,2024,337000000.0,WeightedAverageNumberOfDilutedSharesOutstanding,2024-12-31,10-K,2025-02-13,365,1.0,337000000.0
55785,KMB,2025,337000000.0,WeightedAverageNumberOfDilutedSharesOutstanding,2024-12-31,10-K,2026-02-12,365,1.0,337000000.0
56873,KR,2014,537000000.0,WeightedAverageNumberOfDilutedSharesOutstanding,2013-02-02,10-K/A,2015-04-01,370,2.0,1074000000.0
56873,KR,2015,1040000000.0,WeightedAverageNumberOfDilutedSharesOutstanding,2014-02-01,10-K,2016-03-29,363,2.0,2080000000.0
56873,KR,2016,993000000.0,WeightedAverageNumberOfDilutedSharesOutstanding,2015-01-31,10-K,2017-03-28,363,2.0,1986000000.0
56873,KR,2017,904000000.0,WeightedAverageNumberOfDilutedSharesOutstanding,2018-02-03,10-K/A,2018-04-18,370,1.0,904000000.0
56873,KR,2018,904000000.0,WeightedAverageNumberOfDilutedSharesOutstanding,2018-02-03,10-K,2019-04-02,370,1.0,904000000.0
56873,KR,2019,904000000.0,WeightedAverageNumberOfDilutedSharesOutstanding,2018-02-03,10-K,2020-04-01,370,1.0,904000000.0
56873,KR,2020,818000000.0,WeightedAverageNumberOfDilutedSharesOutstanding,2019-02-02,10-K,2021-03-30,363,1.0,818000000.0
56873,KR,2021,805000000.0,WeightedAverageNumberOfDilutedSharesOutstanding,2020-02-01,10-K,2022-03-29,363,1.0,805000000.0
56873,KR,2022,781000000.0,WeightedAverageNumberOfDilutedSharesOutstanding,2021-01-30,10-K,2023-03-28,363,1.0,781000000.0
56873,KR,2024,725000000.0,WeightedAverageNumberOfDilutedSharesOutstanding,2024-02-03,10-K,2024-04-02,370,1.0,725000000.0
56873,KR,2025,725000000.0,WeightedAverageNumberOfDilutedSharesOutstanding,2024-02-03,10-K,2026-03-31,370,1.0,725000000.0
59478,LLY,2014,1117294000.0,WeightedAverageNumberOfDilutedSharesOutstanding,2012-12-31,10-K,2015-02-19,365,1.0,1117294000.0
59478,LLY,2015,1084766000.0,WeightedAverageNumberOfDilutedSharesOutstanding,2013-12-31,10-K,2016-02-19,364,1.0,1084766000.0
59478,LLY,2016,1061825000.0,WeightedAverageNumberOfDilutedSharesOutstanding,2016-12-31,10-K,2017-02-21,365,1.0,1061825000.0
59478,LLY,2017,1061825000.0,WeightedAverageNumberOfDilutedSharesOutstanding,2016-12-31,10-K,2018-02-20,365,1.0,1061825000.0
59478,LLY,2018,1061825000.0,WeightedAverageNumberOfDilutedSharesOutstanding,2016-12-31,10-K,2019-02-19,365,1.0,1061825000.0
59478,LLY,2019,1052023000.0,WeightedAverageNumberOfDilutedSharesOutstanding,2017-12-31,10-K,2020-02-19,364,1.0,1052023000.0
59478,LLY,2020,912505000.0,WeightedAverageNumberOfDilutedSharesOutstanding,2020-12-31,10-K,2021-02-17,365,1.0,912505000.0
59478,LLY,2021,912505000.0,WeightedAverageNumberOfDilutedSharesOutstanding,2020-12-31,10-K,2022-02-23,365,1.0,912505000.0
59478,LLY,2022,912505000.0,WeightedAverageNumberOfDilutedSharesOutstanding,2020-12-31,10-K,2023-02-22,365,1.0,912505000.0
59478,LLY,2023,911681000.0,WeightedAverageNumberOfDilutedSharesOutstanding,2021-12-31,10-K,2024-02-21,364,1.0,911681000.0
59478,LLY,2024,904059000.0,WeightedAverageNumberOfDilutedSharesOutstanding,2024-12-31,10-K,2025-02-19,365,1.0,904059000.0
59478,LLY,2025,904100000.0,WeightedAverageNumberOfDilutedSharesOutstanding,2024-12-31,10-K,2026-02-12,365,1.0,904100000.0
60086,L,2016,338310000.0,WeightedAverageNumberOfDilutedSharesOutstanding,2016-12-31,10-K,2017-02-16,365,1.0,338310000.0
60086,L,2017,338310000.0,WeightedAverageNumberOfDilutedSharesOutstanding,2016-12-31,10-K,2018-02-15,365,1.0,338310000.0
60086,L,2018,338310000.0,WeightedAverageNumberOfDilutedSharesOutstanding,2016-12-31,10-K,2019-02-13,365,1.0,338310000.0
60086,L,2019,337500000.0,WeightedAverageNumberOfDilutedSharesOutstanding,2017-12-31,10-K,2020-02-12,364,1.0,337500000.0
60086,L,2020,280320000.0,WeightedAverageNumberOfDilutedSharesOutstanding,2020-12-31,10-K,2021-02-09,365,1.0,280320000.0
60086,L,2021,280320000.0,WeightedAverageNumberOfDilutedSharesOutstanding,2020-12-31,10-K,2022-02-08,365,1.0,280320000.0
60086,L,2022,280320000.0,WeightedAverageNumberOfDilutedSharesOutstanding,2020-12-31,10-K,2023-02-07,365,1.0,280320000.0
60086,L,2023,260200000.0,WeightedAverageNumberOfDilutedSharesOutstanding,2021-12-31,10-K,2024-02-06,364,1.0,260200000.0
60086,L,2024,220530000.0,WeightedAverageNumberOfDilutedSharesOutstanding,2024-12-31,10-K,2025-02-11,365,1.0,220530000.0
60086,L,2025,220530000.0,WeightedAverageNumberOfDilutedSharesOutstanding,2024-12-31,10-K,2026-02-10,365,1.0,220530000.0
60667,LOW,2014,1152000000.0,WeightedAverageNumberOfDilutedSharesOutstanding,2013-02-01,10-K,2015-03-31,363,1.0,1152000000.0
60667,LOW,2015,1061000000.0,WeightedAverageNumberOfDilutedSharesOutstanding,2014-01-31,10-K,2016-03-29,363,1.0,1061000000.0
60667,LOW,2016,881000000.0,WeightedAverageNumberOfDilutedSharesOutstanding,2017-02-03,10-K,2017-04-04,370,1.0,881000000.0
60667,LOW,2017,881000000.0,WeightedAverageNumberOfDilutedSharesOutstanding,2017-02-03,10-K,2018-04-02,370,1.0,881000000.0
60667,LOW,2018,881000000.0,WeightedAverageNumberOfDilutedSharesOutstanding,2017-02-03,10-K,2019-04-02,370,1.0,881000000.0
60667,LOW,2019,840000000.0,WeightedAverageNumberOfDilutedSharesOutstanding,2018-02-02,10-K,2020-03-23,363,1.0,840000000.0
60667,LOW,2020,812000000.0,WeightedAverageNumberOfDilutedSharesOutstanding,2019-02-01,10-K,2021-03-22,363,1.0,812000000.0
60667,LOW,2021,778000000.0,WeightedAverageNumberOfDilutedSharesOutstanding,2020-01-31,10-K,2022-03-21,363,1.0,778000000.0
60667,LOW,2022,631000000.0,WeightedAverageNumberOfDilutedSharesOutstanding,2023-02-03,10-K,2023-03-27,370,1.0,631000000.0
60667,LOW,2023,631000000.0,WeightedAverageNumberOfDilutedSharesOutstanding,2023-02-03,10-K,2024-03-25,370,1.0,631000000.0
60667,LOW,2024,631000000.0,WeightedAverageNumberOfDilutedSharesOutstanding,2023-02-03,10-K,2025-03-24,370,1.0,631000000.0
60667,LOW,2025,584000000.0,WeightedAverageNumberOfDilutedSharesOutstanding,2024-02-02,10-K,2026-03-23,363,1.0,584000000.0
62709,MRSH,2014,552000000.0,WeightedAverageNumberOfDilutedSharesOutstanding,2012-12-31,10-K,2015-02-26,365,1.0,552000000.0
62709,MRSH,2015,558000000.0,WeightedAverageNumberOfDilutedSharesOutstanding,2013-12-31,10-K,2016-02-24,364,1.0,558000000.0
62709,MRSH,2016,524000000.0,WeightedAverageNumberOfDilutedSharesOutstanding,2016-12-31,10-K,2017-02-24,365,1.0,524000000.0
62709,MRSH,2017,524000000.0,WeightedAverageNumberOfDilutedSharesOutstanding,2016-12-31,10-K,2018-02-22,365,1.0,524000000.0
62709,MRSH,2018,524000000.0,WeightedAverageNumberOfDilutedSharesOutstanding,2016-12-31,10-K,2019-02-21,365,1.0,524000000.0
62709,MRSH,2019,519000000.0,WeightedAverageNumberOfDilutedSharesOutstanding,2017-12-31,10-K,2020-02-20,364,1.0,519000000.0
62709,MRSH,2020,512000000.0,WeightedAverageNumberOfDilutedSharesOutstanding,2020-12-31,10-K,2021-02-17,365,1.0,512000000.0
62709,MRSH,2021,512000000.0,WeightedAverageNumberOfDilutedSharesOutstanding,2020-12-31,10-K,2022-02-16,365,1.0,512000000.0
62709,MRSH,2022,512000000.0,WeightedAverageNumberOfDilutedSharesOutstanding,2020-12-31,10-K,2023-02-13,365,1.0,512000000.0
62709,MRSH,2023,513000000.0,WeightedAverageNumberOfDilutedSharesOutstanding,2021-12-31,10-K,2024-02-12,364,1.0,513000000.0
62709,MRSH,2024,496000000.0,WeightedAverageNumberOfDilutedSharesOutstanding,2024-12-31,10-K,2025-02-10,365,1.0,496000000.0
62709,MRSH,2025,496000000.0,WeightedAverageNumberOfDilutedSharesOutstanding,2024-12-31,10-K,2026-02-09,365,1.0,496000000.0
62996,MAS,2014,349000000.0,WeightedAverageNumberOfDilutedSharesOutstanding,2012-12-31,10-K,2015-02-13,365,1.138,397161999.99999994
62996,MAS,2015,352000000.0,WeightedAverageNumberOfDilutedSharesOutstanding,2013-12-31,10-K,2016-02-12,364,1.138,400575999.99999994
62996,MAS,2016,330000000.0,WeightedAverageNumberOfDilutedSharesOutstanding,2016-12-31,10-K,2017-02-09,365,1.0,330000000.0
62996,MAS,2017,330000000.0,WeightedAverageNumberOfDilutedSharesOutstanding,2016-12-31,10-K,2018-02-08,365,1.0,330000000.0
62996,MAS,2018,330000000.0,WeightedAverageNumberOfDilutedSharesOutstanding,2016-12-31,10-K,2019-02-07,365,1.0,330000000.0
62996,MAS,2019,318000000.0,WeightedAverageNumberOfDilutedSharesOutstanding,2017-12-31,10-K,2020-02-11,364,1.0,318000000.0
62996,MAS,2020,264000000.0,WeightedAverageNumberOfDilutedSharesOutstanding,2020-12-31,10-K,2021-02-09,365,1.0,264000000.0
62996,MAS,2021,264000000.0,WeightedAverageNumberOfDilutedSharesOutstanding,2020-12-31,10-K,2022-02-08,365,1.0,264000000.0
62996,MAS,2022,264000000.0,WeightedAverageNumberOfDilutedSharesOutstanding,2020-12-31,10-K,2023-02-09,365,1.0,264000000.0
62996,MAS,2023,251000000.0,WeightedAverageNumberOfDilutedSharesOutstanding,2021-12-31,10-K,2024-02-08,364,1.0,251000000.0
62996,MAS,2024,219000000.0,WeightedAverageNumberOfDilutedSharesOutstanding,2024-12-31,10-K,2025-02-11,365,1.0,219000000.0
62996,MAS,2025,219000000.0,WeightedAverageNumberOfDilutedSharesOutstanding,2024-12-31,10-K,2026-02-10,365,1.0,219000000.0
63754,MKC,2014,134300000.0,WeightedAverageNumberOfDilutedSharesOutstanding,2012-11-30,10-K,2015-01-29,365,2.0,268600000.0
63754,MKC,2015,133600000.0,WeightedAverageNumberOfDilutedSharesOutstanding,2013-11-30,10-K,2016-01-28,364,2.0,267200000.0
63754,MKC,2016,128000000.0,WeightedAverageNumberOfDilutedSharesOutstanding,2016-11-30,10-K,2017-01-25,365,2.0,256000000.0
63754,MKC,2017,128000000.0,WeightedAverageNumberOfDilutedSharesOutstanding,2016-11-30,10-K,2018-01-25,365,2.0,256000000.0
63754,MKC,2018,128000000.0,WeightedAverageNumberOfDilutedSharesOutstanding,2016-11-30,10-K,2019-01-25,365,2.0,256000000.0
63754,MKC,2019,128400000.0,WeightedAverageNumberOfDilutedSharesOutstanding,2017-11-30,10-K,2020-01-28,364,2.0,256800000.0
63754,MKC,2020,269100000.0,WeightedAverageNumberOfDilutedSharesOutstanding,2020-11-30,10-K,2021-01-28,365,2.0,538200000.0
63754,MKC,2021,269100000.0,WeightedAverageNumberOfDilutedSharesOutstanding,2020-11-30,10-K,2022-01-27,365,2.0,538200000.0
63754,MKC,2022,269100000.0,WeightedAverageNumberOfDilutedSharesOutstanding,2020-11-30,10-K,2023-01-26,365,2.0,538200000.0
63754,MKC,2023,269900000.0,WeightedAverageNumberOfDilutedSharesOutstanding,2021-11-30,10-K,2024-01-25,364,1.0,269900000.0
63754,MKC,2024,269600000.0,WeightedAverageNumberOfDilutedSharesOutstanding,2024-11-30,10-K,2025-01-23,365,1.0,269600000.0
63754,MKC,2025,269600000.0,WeightedAverageNumberOfDilutedSharesOutstanding,2024-11-30,10-K,2026-01-22,365,1.0,269600000.0
63908,MCD,2014,1020200000.0,WeightedAverageNumberOfDilutedSharesOutstanding,2012-12-31,10-K,2015-02-24,365,1.0,1020200000.0
63908,MCD,2015,1006000000.0,WeightedAverageNumberOfDilutedSharesOutstanding,2013-12-31,10-K,2016-02-25,364,1.0,1006000000.0
63908,MCD,2016,861200000.0,WeightedAverageNumberOfDilutedSharesOutstanding,2016-12-31,10-K,2017-03-01,365,1.0,861200000.0
63908,MCD,2017,861200000.0,WeightedAverageNumberOfDilutedSharesOutstanding,2016-12-31,10-K,2018-02-23,365,1.0,861200000.0
63908,MCD,2018,861200000.0,WeightedAverageNumberOfDilutedSharesOutstanding,2016-12-31,10-K,2019-02-22,365,1.0,861200000.0
63908,MCD,2019,815500000.0,WeightedAverageNumberOfDilutedSharesOutstanding,2017-12-31,10-K,2020-02-26,364,1.0,815500000.0
63908,MCD,2020,750100000.0,WeightedAverageNumberOfDilutedSharesOutstanding,2020-12-31,10-K,2021-02-23,365,1.0,750100000.0
63908,MCD,2021,750100000.0,WeightedAverageNumberOfDilutedSharesOutstanding,2020-12-31,10-K,2022-02-24,365,1.0,750100000.0
63908,MCD,2022,750100000.0,WeightedAverageNumberOfDilutedSharesOutstanding,2020-12-31,10-K,2023-02-24,365,1.0,750100000.0
63908,MCD,2023,751.8,WeightedAverageNumberOfDilutedSharesOutstanding,2021-12-31,10-K,2024-02-22,364,1.0,751.8
63908,MCD,2024,721.9,WeightedAverageNumberOfDilutedSharesOutstanding,2024-12-31,10-K,2025-02-25,365,1.0,721.9
63908,MCD,2025,721.9,WeightedAverageNumberOfDilutedSharesOutstanding,2024-12-31,10-K,2026-02-24,365,1.0,721.9
64040,SPGI,2014,284600000.0,WeightedAverageNumberOfDilutedSharesOutstanding,2012-12-31,10-K,2015-02-13,365,1.057,300822200.0
64040,SPGI,2015,279800000.0,WeightedAverageNumberOfDilutedSharesOutstanding,2013-12-31,10-K,2016-02-12,364,1.057,295748600.0
64040,SPGI,2016,265200000.0,WeightedAverageNumberOfDilutedSharesOutstanding,2016-12-31,10-K,2017-02-09,365,1.057,280316400.0
64040,SPGI,2017,265200000.0,WeightedAverageNumberOfDilutedSharesOutstanding,2016-12-31,10-K,2018-02-09,365,1.057,280316400.0
64040,SPGI,2018,265200000.0,WeightedAverageNumberOfDilutedSharesOutstanding,2016-12-31,10-K,2019-02-13,365,1.057,280316400.0
64040,SPGI,2019,258900000.0,WeightedAverageNumberOfDilutedSharesOutstanding,2017-12-31,10-K,2020-02-10,364,1.057,273657300.0
64040,SPGI,2020,242100000.0,WeightedAverageNumberOfDilutedSharesOutstanding,2020-12-31,10-K,2021-02-09,365,1.057,255899700.0
64040,SPGI,2021,242100000.0,WeightedAverageNumberOfDilutedSharesOutstanding,2020-12-31,10-K,2022-02-08,365,1.057,255899700.0
64040,SPGI,2022,242100000.0,WeightedAverageNumberOfDilutedSharesOutstanding,2020-12-31,10-K,2023-02-10,365,1.057,255899700.0
64040,SPGI,2023,241800000.0,WeightedAverageNumberOfDilutedSharesOutstanding,2021-12-31,10-K,2024-02-09,364,1.057,255582600.0
64040,SPGI,2025,311900000.0,WeightedAverageNumberOfDilutedSharesOutstanding,2024-12-31,10-K,2026-02-11,365,1.057,329678300.0
64803,CVS,2014,1280000000.0,WeightedAverageNumberOfDilutedSharesOutstanding,2012-12-31,10-K,2015-02-10,365,1.0,1280000000.0
64803,CVS,2015,1226000000.0,WeightedAverageNumberOfDilutedSharesOutstanding,2013-12-31,10-K,2016-02-09,364,1.0,1226000000.0
64803,CVS,2016,1079000000.0,WeightedAverageNumberOfDilutedSharesOutstanding,2016-12-31,10-K,2017-02-09,365,1.0,1079000000.0
64803,CVS,2017,1079000000.0,WeightedAverageNumberOfDilutedSharesOutstanding,2016-12-31,10-K,2018-02-14,365,1.0,1079000000.0
64803,CVS,2018,1079000000.0,WeightedAverageNumberOfDilutedSharesOutstanding,2016-12-31,10-K,2019-02-28,365,1.0,1079000000.0
64803,CVS,2019,1024000000.0,WeightedAverageNumberOfDilutedSharesOutstanding,2017-12-31,10-K,2020-02-18,364,1.0,1024000000.0
64803,CVS,2020,1314000000.0,WeightedAverageNumberOfDilutedSharesOutstanding,2020-12-31,10-K,2021-02-16,365,1.0,1314000000.0
64803,CVS,2021,1314000000.0,WeightedAverageNumberOfDilutedSharesOutstanding,2020-12-31,10-K,2022-02-09,365,1.0,1314000000.0
64803,CVS,2022,1314000000.0,WeightedAverageNumberOfDilutedSharesOutstanding,2020-12-31,10-K,2023-02-08,365,1.0,1314000000.0
64803,CVS,2023,1329000000.0,WeightedAverageNumberOfDilutedSharesOutstanding,2021-12-31,10-K,2024-02-07,364,1.0,1329000000.0
64803,CVS,2024,1262000000.0,WeightedAverageNumberOfDilutedSharesOutstanding,2024-12-31,10-K,2025-02-12,365,1.0,1262000000.0
64803,CVS,2025,1262000000.0,WeightedAverageNumberOfDilutedSharesOutstanding,2024-12-31,10-K,2026-02-10,365,1.0,1262000000.0
65984,ETR,2014,177737565.0,WeightedAverageNumberOfDilutedSharesOutstanding,2012-12-31,10-K,2015-02-26,365,2.0,355475130.0
65984,ETR,2015,178570400.0,WeightedAverageNumberOfDilutedSharesOutstanding,2013-12-31,10-K,2016-02-26,364,2.0,357140800.0
65984,ETR,2016,178885660.0,WeightedAverageNumberOfDilutedSharesOutstanding,2016-12-31,10-K,2017-02-24,365,2.0,357771320.0
65984,ETR,2017,178885660.0,WeightedAverageNumberOfDilutedSharesOutstanding,2016-12-31,10-K,2018-02-26,365,2.0,357771320.0
65984,ETR,2018,178885660.0,WeightedAverageNumberOfDilutedSharesOutstanding,2016-12-31,10-K,2019-02-26,365,2.0,357771320.0
65984,ETR,2019,180535893.0,WeightedAverageNumberOfDilutedSharesOutstanding,2017-12-31,10-K,2020-02-21,364,2.0,361071786.0
65984,ETR,2020,201102220.0,WeightedAverageNumberOfDilutedSharesOutstanding,2020-12-31,10-K,2021-02-26,365,2.0,402204440.0
65984,ETR,2021,201102220.0,WeightedAverageNumberOfDilutedSharesOutstanding,2020-12-31,10-K,2022-02-25,365,2.0,402204440.0
65984,ETR,2022,201102220.0,WeightedAverageNumberOfDilutedSharesOutstanding,2020-12-31,10-K,2023-02-24,365,2.0,402204440.0
65984,ETR,2023,201873024.0,WeightedAverageNumberOfDilutedSharesOutstanding,2021-12-31,10-K,2024-02-23,364,2.0,403746048.0
65984,ETR,2024,431581696.0,WeightedAverageNumberOfDilutedSharesOutstanding,2024-12-31,10-K,2025-02-18,365,1.0,431581696.0
65984,ETR,2025,431581696.0,WeightedAverageNumberOfDilutedSharesOutstanding,2024-12-31,10-K,2026-02-19,365,1.0,431581696.0
66740,MMM,2014,703300000.0,WeightedAverageNumberOfDilutedSharesOutstanding,2012-12-31,10-K,2015-02-12,365,1.196,841146800.0
66740,MMM,2015,693600000.0,WeightedAverageNumberOfDilutedSharesOutstanding,2013-12-31,10-K,2016-02-11,364,1.196,829545600.0
66740,MMM,2016,618700000.0,WeightedAverageNumberOfDilutedSharesOutstanding,2016-12-31,10-K,2017-02-09,365,1.196,739965200.0
66740,MMM,2017,618700000.0,WeightedAverageNumberOfDilutedSharesOutstanding,2016-12-31,10-K,2018-02-08,365,1.196,739965200.0
66740,MMM,2018,618700000.0,WeightedAverageNumberOfDilutedSharesOutstanding,2016-12-31,10-K,2019-02-07,365,1.196,739965200.0
66740,MMM,2019,612700000.0,WeightedAverageNumberOfDilutedSharesOutstanding,2017-12-31,10-K,2020-02-06,364,1.196,732789200.0
66740,MMM,2020,582200000.0,WeightedAverageNumberOfDilutedSharesOutstanding,2020-12-31,10-K,2021-02-04,365,1.196,696311200.0
66740,MMM,2021,582200000.0,WeightedAverageNumberOfDilutedSharesOutstanding,2020-12-31,10-K,2022-02-09,365,1.196,696311200.0
66740,MMM,2022,582200000.0,WeightedAverageNumberOfDilutedSharesOutstanding,2020-12-31,10-K,2023-02-08,365,1.196,696311200.0
66740,MMM,2023,585300000.0,WeightedAverageNumberOfDilutedSharesOutstanding,2021-12-31,10-K,2024-02-07,364,1.196,700018800.0
66740,MMM,2024,552400000.0,WeightedAverageNumberOfDilutedSharesOutstanding,2024-12-31,10-K,2025-02-05,365,1.0,552400000.0
66740,MMM,2025,552400000.0,WeightedAverageNumberOfDilutedSharesOutstanding,2024-12-31,10-K,2026-02-03,365,1.0,552400000.0
68505,MSI,2014,297400000.0,WeightedAverageNumberOfDilutedSharesOutstanding,2012-12-31,10-K,2015-02-13,365,1.0,297400000.0
68505,MSI,2015,270500000.0,WeightedAverageNumberOfDilutedSharesOutstanding,2013-12-31,10-K,2016-02-23,364,1.0,270500000.0
68505,MSI,2016,173100000.0,WeightedAverageNumberOfDilutedSharesOutstanding,2016-12-31,10-K,2017-02-21,365,1.0,173100000.0
68505,MSI,2017,173100000.0,WeightedAverageNumberOfDilutedSharesOutstanding,2016-12-31,10-K,2018-02-16,365,1.0,173100000.0
68505,MSI,2018,173100000.0,WeightedAverageNumberOfDilutedSharesOutstanding,2016-12-31,10-K,2019-02-15,365,1.0,173100000.0
68505,MSI,2019,162900000.0,WeightedAverageNumberOfDilutedSharesOutstanding,2017-12-31,10-K,2020-02-14,364,1.0,162900000.0
68505,MSI,2020,174100000.0,WeightedAverageNumberOfDilutedSharesOutstanding,2020-12-31,10-K,2021-02-12,365,1.0,174100000.0
68505,MSI,2021,174100000.0,WeightedAverageNumberOfDilutedSharesOutstanding,2020-12-31,10-K,2022-02-16,365,1.0,174100000.0
68505,MSI,2022,174100000.0,WeightedAverageNumberOfDilutedSharesOutstanding,2020-12-31,10-K,2023-02-16,365,1.0,174100000.0
68505,MSI,2023,173600000.0,WeightedAverageNumberOfDilutedSharesOutstanding,2021-12-31,10-K,2024-02-15,364,1.0,173600000.0
68505,MSI,2024,170800000.0,WeightedAverageNumberOfDilutedSharesOutstanding,2024-12-31,10-K,2025-02-14,365,1.0,170800000.0
68505,MSI,2025,170800000.0,WeightedAverageNumberOfDilutedSharesOutstanding,2024-12-31,10-K,2026-02-12,365,1.0,170800000.0
70858,BAC,2014,10840854000.0,WeightedAverageNumberOfDilutedSharesOutstanding,2012-12-31,10-K,2015-02-25,365,1.0,10840854000.0
70858,BAC,2015,11491418000.0,WeightedAverageNumberOfDilutedSharesOutstanding,2013-12-31,10-K,2016-02-24,364,1.0,11491418000.0
70858,BAC,2016,11035657000.0,WeightedAverageNumberOfDilutedSharesOutstanding,2016-12-31,10-K,2017-02-23,365,1.0,11035657000.0
70858,BAC,2017,11046806000.0,WeightedAverageNumberOfDilutedSharesOutstanding,2016-12-31,10-K,2018-02-22,365,1.0,11046806000.0
70858,BAC,2018,11046800000.0,WeightedAverageNumberOfDilutedSharesOutstanding,2016-12-31,10-K,2019-02-26,365,1.0,11046800000.0
70858,BAC,2019,10778400000.0,WeightedAverageNumberOfDilutedSharesOutstanding,2017-12-31,10-K,2020-02-19,364,1.0,10778400000.0
70858,BAC,2020,8796900000.0,WeightedAverageNumberOfDilutedSharesOutstanding,2020-12-31,10-K,2021-02-24,365,1.0,8796900000.0
70858,BAC,2021,8796900000.0,WeightedAverageNumberOfDilutedSharesOutstanding,2020-12-31,10-K,2022-02-22,365,1.0,8796900000.0
70858,BAC,2022,8796900000.0,WeightedAverageNumberOfDilutedSharesOutstanding,2020-12-31,10-K,2023-02-22,365,1.0,8796900000.0
70858,BAC,2023,8558400000.0,WeightedAverageNumberOfDilutedSharesOutstanding,2021-12-31,10-K,2024-02-20,364,1.0,8558400000.0
70858,BAC,2024,7935800000.0,WeightedAverageNumberOfDilutedSharesOutstanding,2024-12-31,10-K,2025-02-25,365,1.0,7935800000.0
70858,BAC,2025,7935800000.0,WeightedAverageNumberOfDilutedSharesOutstanding,2024-12-31,10-K,2026-02-25,365,1.0,7935800000.0
72331,NDSN,2014,65103000.0,WeightedAverageNumberOfDilutedSharesOutstanding,2012-10-31,10-K,2014-12-15,365,1.0,65103000.0
72331,NDSN,2015,64908000.0,WeightedAverageNumberOfDilutedSharesOutstanding,2013-10-31,10-K,2015-12-15,364,1.0,64908000.0
72331,NDSN,2016,57530000.0,WeightedAverageNumberOfDilutedSharesOutstanding,2016-10-31,10-K,2016-12-15,365,1.0,57530000.0
72331,NDSN,2017,57530000.0,WeightedAverageNumberOfDilutedSharesOutstanding,2016-10-31,10-K,2017-12-15,365,1.0,57530000.0
72331,NDSN,2018,57530000.0,WeightedAverageNumberOfDilutedSharesOutstanding,2016-10-31,10-K,2018-12-14,365,1.0,57530000.0
72331,NDSN,2019,58204000.0,WeightedAverageNumberOfDilutedSharesOutstanding,2017-10-31,10-K,2019-12-13,364,1.0,58204000.0
72331,NDSN,2020,58473000.0,WeightedAverageNumberOfDilutedSharesOutstanding,2020-10-31,10-K,2020-12-18,365,1.0,58473000.0
72331,NDSN,2021,58473000.0,WeightedAverageNumberOfDilutedSharesOutstanding,2020-10-31,10-K,2021-12-17,365,1.0,58473000.0
72331,NDSN,2022,58473000.0,WeightedAverageNumberOfDilutedSharesOutstanding,2020-10-31,10-K,2022-12-19,365,1.0,58473000.0
72331,NDSN,2023,58734000.0,WeightedAverageNumberOfDilutedSharesOutstanding,2021-10-31,10-K,2023-12-20,364,1.0,58734000.0
72331,NDSN,2024,57616000.0,WeightedAverageNumberOfDilutedSharesOutstanding,2024-10-31,10-K,2024-12-18,365,1.0,57616000.0
72331,NDSN,2025,57616000.0,WeightedAverageNumberOfDilutedSharesOutstanding,2024-10-31,10-K,2025-12-17,365,1.0,57616000.0
72741,ES,2014,277993631.0,WeightedAverageNumberOfDilutedSharesOutstanding,2012-12-31,10-K,2015-02-25,365,1.0,277993631.0
72741,ES,2015,316211160.0,WeightedAverageNumberOfDilutedSharesOutstanding,2013-12-31,10-K,2016-02-26,364,1.0,316211160.0
72741,ES,2016,318454239.0,WeightedAverageNumberOfDilutedSharesOutstanding,2016-12-31,10-K,2017-02-23,365,1.0,318454239.0
72741,ES,2017,318454239.0,WeightedAverageNumberOfDilutedSharesOutstanding,2016-12-31,10-K,2018-02-26,365,1.0,318454239.0
72741,ES,2018,318454239.0,WeightedAverageNumberOfDilutedSharesOutstanding,2016-12-31,10-K,2019-02-26,365,1.0,318454239.0
72741,ES,2019,318031580.0,WeightedAverageNumberOfDilutedSharesOutstanding,2017-12-31,10-K,2020-02-27,364,1.0,318031580.0
72741,ES,2020,339847062.0,WeightedAverageNumberOfDilutedSharesOutstanding,2020-12-31,10-K,2021-02-17,365,1.0,339847062.0
72741,ES,2021,339847062.0,WeightedAverageNumberOfDilutedSharesOutstanding,2020-12-31,10-K,2022-02-17,365,1.0,339847062.0
72741,ES,2022,339847062.0,WeightedAverageNumberOfDilutedSharesOutstanding,2020-12-31,10-K,2023-02-15,365,1.0,339847062.0
72741,ES,2023,344631056.0,WeightedAverageNumberOfDilutedSharesOutstanding,2021-12-31,10-K,2024-02-14,364,1.0,344631056.0
72741,ES,2024,357779408.0,WeightedAverageNumberOfDilutedSharesOutstanding,2024-12-31,10-K,2025-02-14,365,1.0,357779408.0
72741,ES,2025,357779408.0,WeightedAverageNumberOfDilutedSharesOutstanding,2024-12-31,10-K,2026-02-17,365,1.0,357779408.0
72903,XEL,2014,488434000.0,WeightedAverageNumberOfDilutedSharesOutstanding,2012-12-31,10-K,2015-02-20,365,1.0,488434000.0
72903,XEL,2015,496532000.0,WeightedAverageNumberOfDilutedSharesOutstanding,2013-12-31,10-K,2016-02-19,364,1.0,496532000.0
72903,XEL,2016,509465000.0,WeightedAverageNumberOfDilutedSharesOutstanding,2016-12-31,10-K,2017-02-24,365,1.0,509465000.0
72903,XEL,2017,509000000.0,WeightedAverageNumberOfDilutedSharesOutstanding,2016-12-31,10-K,2018-02-23,365,1.0,509000000.0
72903,XEL,2018,509000000.0,WeightedAverageNumberOfDilutedSharesOutstanding,2016-12-31,10-K,2019-02-22,365,1.0,509000000.0
72903,XEL,2019,509000000.0,WeightedAverageNumberOfDilutedSharesOutstanding,2017-12-31,10-K,2020-02-21,364,1.0,509000000.0
72903,XEL,2020,528000000.0,WeightedAverageNumberOfDilutedSharesOutstanding,2020-12-31,10-K,2021-02-17,365,1.0,528000000.0
72903,XEL,2021,528000000.0,WeightedAverageNumberOfDilutedSharesOutstanding,2020-12-31,10-K,2022-02-23,365,1.0,528000000.0
72903,XEL,2022,528000000.0,WeightedAverageNumberOfDilutedSharesOutstanding,2020-12-31,10-K,2023-02-23,365,1.0,528000000.0
72903,XEL,2023,540000000.0,WeightedAverageNumberOfDilutedSharesOutstanding,2021-12-31,10-K,2024-02-21,364,1.0,540000000.0
72903,XEL,2024,563000000.0,WeightedAverageNumberOfDilutedSharesOutstanding,2024-12-31,10-K,2025-02-27,365,1.0,563000000.0
72903,XEL,2025,563000000.0,WeightedAverageNumberOfDilutedSharesOutstanding,2024-12-31,10-K,2026-02-25,365,1.0,563000000.0
72971,WFC,2014,5351500000.0,WeightedAverageNumberOfDilutedSharesOutstanding,2012-12-31,10-K,2015-02-25,365,1.0,5351500000.0
72971,WFC,2015,5371200000.0,WeightedAverageNumberOfDilutedSharesOutstanding,2013-12-31,10-K,2016-02-24,364,1.0,5371200000.0
72971,WFC,2016,5108300000.0,WeightedAverageNumberOfDilutedSharesOutstanding,2016-12-31,10-K,2017-03-01,365,1.0,5108300000.0
72971,WFC,2017,5108300000.0,WeightedAverageNumberOfDilutedSharesOutstanding,2016-12-31,10-K,2018-03-01,365,1.0,5108300000.0
72971,WFC,2018,5108300000.0,WeightedAverageNumberOfDilutedSharesOutstanding,2016-12-31,10-K,2019-02-27,365,1.0,5108300000.0
72971,WFC,2019,5017300000.0,WeightedAverageNumberOfDilutedSharesOutstanding,2017-12-31,10-K,2020-02-27,364,1.0,5017300000.0
72971,WFC,2020,4134200000.0,WeightedAverageNumberOfDilutedSharesOutstanding,2020-12-31,10-K,2021-02-23,365,1.0,4134200000.0
72971,WFC,2021,4134200000.0,WeightedAverageNumberOfDilutedSharesOutstanding,2020-12-31,10-K,2022-02-22,365,1.0,4134200000.0
72971,WFC,2022,4134200000.0,WeightedAverageNumberOfDilutedSharesOutstanding,2020-12-31,10-K,2023-02-21,365,1.0,4134200000.0
72971,WFC,2023,4096200000.0,WeightedAverageNumberOfDilutedSharesOutstanding,2021-12-31,10-K,2024-02-20,364,1.0,4096200000.0
72971,WFC,2024,3467600000.0,WeightedAverageNumberOfDilutedSharesOutstanding,2024-12-31,10-K,2025-02-25,365,1.0,3467600000.0
72971,WFC,2025,3467600000.0,WeightedAverageNumberOfDilutedSharesOutstanding,2024-12-31,10-K,2026-02-24,365,1.0,3467600000.0
73124,NTRS,2014,240881244.0,WeightedAverageNumberOfDilutedSharesOutstanding,2012-12-31,10-K,2015-02-26,365,1.0,240881244.0
73124,NTRS,2015,240554840.0,WeightedAverageNumberOfDilutedSharesOutstanding,2013-12-31,10-K,2016-02-29,364,1.0,240554840.0
73124,NTRS,2016,229151406.0,WeightedAverageNumberOfDilutedSharesOutstanding,2016-12-31,10-K,2017-02-28,365,1.0,229151406.0
73124,NTRS,2017,229151406.0,WeightedAverageNumberOfDilutedSharesOutstanding,2016-12-31,10-K,2018-02-27,365,1.0,229151406.0
73124,NTRS,2018,229151406.0,WeightedAverageNumberOfDilutedSharesOutstanding,2016-12-31,10-K,2019-02-26,365,1.0,229151406.0
73124,NTRS,2019,229654401.0,WeightedAverageNumberOfDilutedSharesOutstanding,2017-12-31,10-K,2020-02-25,364,1.0,229654401.0
73124,NTRS,2020,209007986.0,WeightedAverageNumberOfDilutedSharesOutstanding,2020-12-31,10-K,2021-02-23,365,1.0,209007986.0
73124,NTRS,2021,209007986.0,WeightedAverageNumberOfDilutedSharesOutstanding,2020-12-31,10-K,2022-02-28,365,1.0,209007986.0
73124,NTRS,2022,209007986.0,WeightedAverageNumberOfDilutedSharesOutstanding,2020-12-31,10-K,2023-02-28,365,1.0,209007986.0
73124,NTRS,2023,208899230.0,WeightedAverageNumberOfDilutedSharesOutstanding,2021-12-31,10-K,2024-02-27,364,1.0,208899230.0
73124,NTRS,2024,201870105.0,WeightedAverageNumberOfDilutedSharesOutstanding,2024-12-31,10-K,2025-02-24,365,1.0,201870105.0
73124,NTRS,2025,201870105.0,WeightedAverageNumberOfDilutedSharesOutstanding,2024-12-31,10-K,2026-02-24,365,1.0,201870105.0
73309,NUE,2014,318240000.0,WeightedAverageNumberOfDilutedSharesOutstanding,2012-12-31,10-K,2015-02-27,365,1.0,318240000.0
73309,NUE,2015,319266000.0,WeightedAverageNumberOfDilutedSharesOutstanding,2013-12-31,10-K,2016-02-26,364,1.0,319266000.0
73309,NUE,2016,319822000.0,WeightedAverageNumberOfDilutedSharesOutstanding,2016-12-31,10-K,2017-02-28,365,1.0,319822000.0
73309,NUE,2017,319822000.0,WeightedAverageNumberOfDilutedSharesOutstanding,2016-12-31,10-K,2018-02-28,365,1.0,319822000.0
73309,NUE,2018,319822000.0,WeightedAverageNumberOfDilutedSharesOutstanding,2016-12-31,10-K,2019-02-28,365,1.0,319822000.0
73309,NUE,2019,320773000.0,WeightedAverageNumberOfDilutedSharesOutstanding,2017-12-31,10-K,2020-02-28,364,1.0,320773000.0
73309,NUE,2020,303271000.0,WeightedAverageNumberOfDilutedSharesOutstanding,2020-12-31,10-K,2021-02-26,365,1.0,303271000.0
73309,NUE,2021,303271000.0,WeightedAverageNumberOfDilutedSharesOutstanding,2020-12-31,10-K,2022-02-28,365,1.0,303271000.0
73309,NUE,2022,303271000.0,WeightedAverageNumberOfDilutedSharesOutstanding,2020-12-31,10-K,2023-03-01,365,1.0,303271000.0
73309,NUE,2023,293390000.0,WeightedAverageNumberOfDilutedSharesOutstanding,2021-12-31,10-K,2024-02-27,364,1.0,293390000.0
73309,NUE,2024,238500000.0,WeightedAverageNumberOfDilutedSharesOutstanding,2024-12-31,10-K,2025-02-27,365,1.0,238500000.0
73309,NUE,2025,238500000.0,WeightedAverageNumberOfDilutedSharesOutstanding,2024-12-31,10-K,2026-02-25,365,1.0,238500000.0
74208,UDR,2014,238851000.0,WeightedAverageNumberOfDilutedSharesOutstanding,2012-12-31,10-K,2015-02-24,365,1.0,238851000.0
74208,UDR,2015,249969000.0,WeightedAverageNumberOfDilutedSharesOutstanding,2013-12-31,10-K,2016-02-23,364,1.0,249969000.0
74208,UDR,2016,267311000.0,WeightedAverageNumberOfDilutedSharesOutstanding,2016-12-31,10-K,2017-02-21,365,1.0,267311000.0
74208,UDR,2017,267311000.0,WeightedAverageNumberOfDilutedSharesOutstanding,2016-12-31,10-K,2018-02-20,365,1.0,267311000.0
74208,UDR,2018,267311000.0,WeightedAverageNumberOfDilutedSharesOutstanding,2016-12-31,10-K,2019-02-19,365,1.0,267311000.0
74208,UDR,2019,268830000.0,WeightedAverageNumberOfDilutedSharesOutstanding,2017-12-31,10-K,2020-02-18,364,1.0,268830000.0
74208,UDR,2020,294927000.0,WeightedAverageNumberOfDilutedSharesOutstanding,2020-12-31,10-K,2021-02-18,365,1.0,294927000.0
74208,UDR,2021,294927000.0,WeightedAverageNumberOfDilutedSharesOutstanding,2020-12-31,10-K,2022-02-15,365,1.0,294927000.0
74208,UDR,2022,294927000.0,WeightedAverageNumberOfDilutedSharesOutstanding,2020-12-31,10-K,2023-02-13,365,1.0,294927000.0
74208,UDR,2023,301703000.0,WeightedAverageNumberOfDilutedSharesOutstanding,2021-12-31,10-K,2024-02-20,364,1.0,301703000.0
74208,UDR,2024,330116000.0,WeightedAverageNumberOfDilutedSharesOutstanding,2024-12-31,10-K,2025-02-18,365,1.0,330116000.0
74208,UDR,2025,330116000.0,WeightedAverageNumberOfDilutedSharesOutstanding,2024-12-31,10-K,2026-02-17,365,1.0,330116000.0
75362,PCAR,2014,355800000.0,WeightedAverageNumberOfDilutedSharesOutstanding,2012-12-31,10-K,2015-02-26,365,1.5,533700000.0
75362,PCAR,2015,355200000.0,WeightedAverageNumberOfDilutedSharesOutstanding,2013-12-31,10-K,2016-02-16,364,1.5,532800000.0
75362,PCAR,2016,351800000.0,WeightedAverageNumberOfDilutedSharesOutstanding,2016-12-31,10-K,2017-02-21,365,1.5,527700000.0
75362,PCAR,2017,351800000.0,WeightedAverageNumberOfDilutedSharesOutstanding,2016-12-31,10-K,2018-02-21,365,1.5,527700000.0
75362,PCAR,2018,351.8,WeightedAverageNumberOfDilutedSharesOutstanding,2016-12-31,10-K,2019-02-21,365,1.5,527.7
75362,PCAR,2019,352900000.0,WeightedAverageNumberOfDilutedSharesOutstanding,2017-12-31,10-K,2020-02-19,364,1.5,529350000.0
75362,PCAR,2020,347400000.0,WeightedAverageNumberOfDilutedSharesOutstanding,2020-12-31,10-K,2021-02-17,365,1.5,521100000.0
75362,PCAR,2021,347400000.0,WeightedAverageNumberOfDilutedSharesOutstanding,2020-12-31,10-K,2022-02-23,365,1.5,521100000.0
75362,PCAR,2022,521200000.0,WeightedAverageNumberOfDilutedSharesOutstanding,2020-12-31,10-K,2023-02-22,365,1.5,781800000.0
75362,PCAR,2023,522700000.0,WeightedAverageNumberOfDilutedSharesOutstanding,2021-12-31,10-K,2024-02-21,364,1.5,784050000.0
75362,PCAR,2024,526600000.0,WeightedAverageNumberOfDilutedSharesOutstanding,2024-12-31,10-K,2025-02-19,365,1.0,526600000.0
75362,PCAR,2025,526600000.0,WeightedAverageNumberOfDilutedSharesOutstanding,2024-12-31,10-K,2026-02-18,365,1.0,526600000.0
75677,PKG,2014,97500000.0,WeightedAverageNumberOfDilutedSharesOutstanding,2012-12-31,10-K,2015-02-27,365,1.0,97500000.0
75677,PKG,2015,97500000.0,WeightedAverageNumberOfDilutedSharesOutstanding,2013-12-31,10-K,2016-02-26,364,1.0,97500000.0
75677,PKG,2016,93700000.0,WeightedAverageNumberOfDilutedSharesOutstanding,2016-12-31,10-K,2017-02-28,365,1.0,93700000.0
75677,PKG,2017,93700000.0,WeightedAverageNumberOfDilutedSharesOutstanding,2016-12-31,10-K,2018-02-28,365,1.0,93700000.0
75677,PKG,2018,93700000.0,WeightedAverageNumberOfDilutedSharesOutstanding,2016-12-31,10-K,2019-02-28,365,1.0,93700000.0
75677,PKG,2019,93700000.0,WeightedAverageNumberOfDilutedSharesOutstanding,2017-12-31,10-K,2020-02-26,364,1.0,93700000.0
75677,PKG,2020,94400000.0,WeightedAverageNumberOfDilutedSharesOutstanding,2020-12-31,10-K,2021-02-24,365,1.0,94400000.0
75677,PKG,2021,94400000.0,WeightedAverageNumberOfDilutedSharesOutstanding,2020-12-31,10-K,2022-02-24,365,1.0,94400000.0
75677,PKG,2022,94400000.0,WeightedAverageNumberOfDilutedSharesOutstanding,2020-12-31,10-K,2023-02-23,365,1.0,94400000.0
75677,PKG,2023,94500000.0,WeightedAverageNumberOfDilutedSharesOutstanding,2021-12-31,10-K,2024-02-29,364,1.0,94500000.0
75677,PKG,2024,89500000.0,WeightedAverageNumberOfDilutedSharesOutstanding,2024-12-31,10-K,2025-02-27,365,1.0,89500000.0
75677,PKG,2025,89500000.0,WeightedAverageNumberOfDilutedSharesOutstanding,2024-12-31,10-K,2026-02-26,365,1.0,89500000.0
76334,PH,2014,154664510.0,WeightedAverageNumberOfDilutedSharesOutstanding,2012-06-30,10-K,2014-08-22,365,1.0,154664510.0
76334,PH,2015,151588031.0,WeightedAverageNumberOfDilutedSharesOutstanding,2013-06-30,10-K,2015-08-26,364,1.0,151588031.0
76334,PH,2016,136911690.0,WeightedAverageNumberOfDilutedSharesOutstanding,2016-06-30,10-K,2016-08-26,365,1.0,136911690.0
76334,PH,2017,136911690.0,WeightedAverageNumberOfDilutedSharesOutstanding,2016-06-30,10-K,2017-08-25,365,1.0,136911690.0
76334,PH,2018,136911690.0,WeightedAverageNumberOfDilutedSharesOutstanding,2016-06-30,10-K,2018-08-24,365,1.0,136911690.0
76334,PH,2019,135559764.0,WeightedAverageNumberOfDilutedSharesOutstanding,2017-06-30,10-K,2019-08-23,364,1.0,135559764.0
76334,PH,2020,129805034.0,WeightedAverageNumberOfDilutedSharesOutstanding,2020-06-30,10-K,2020-08-26,365,1.0,129805034.0
76334,PH,2021,129805034.0,WeightedAverageNumberOfDilutedSharesOutstanding,2020-06-30,10-K,2021-08-25,365,1.0,129805034.0
76334,PH,2022,129805034.0,WeightedAverageNumberOfDilutedSharesOutstanding,2020-06-30,10-K,2022-08-24,365,1.0,129805034.0
76334,PH,2023,130834478.0,WeightedAverageNumberOfDilutedSharesOutstanding,2021-06-30,10-K,2023-08-24,364,1.0,130834478.0
76334,PH,2024,130239737.0,WeightedAverageNumberOfDilutedSharesOutstanding,2024-06-30,10-K,2024-08-22,365,1.0,130239737.0
76334,PH,2025,130200000.0,WeightedAverageNumberOfDilutedSharesOutstanding,2024-06-30,10-K,2025-08-22,365,1.0,130200000.0
76334,PH,2026,130200000.0,WeightedAverageNumberOfDilutedSharesOutstanding,2024-06-30,10-K,2026-08-21,365,1.0,130200000.0
77360,PNR,2014,127400000.0,WeightedAverageNumberOfDilutedSharesOutstanding,2012-12-31,10-K,2015-02-24,365,1.489,189698600.0
77360,PNR,2015,204600000.0,WeightedAverageNumberOfDilutedSharesOutstanding,2013-12-31,10-K,2016-02-26,364,1.489,304649400.0
77360,PNR,2016,183100000.0,WeightedAverageNumberOfDilutedSharesOutstanding,2016-12-31,10-K,2017-02-21,365,1.489,272635900.0
77360,PNR,2017,183100000.0,WeightedAverageNumberOfDilutedSharesOutstanding,2016-12-31,10-K,2018-02-27,365,1.489,272635900.0
77360,PNR,2018,183100000.0,WeightedAverageNumberOfDilutedSharesOutstanding,2016-12-31,10-K,2019-02-19,365,1.489,272635900.0
77360,PNR,2019,183700000.0,WeightedAverageNumberOfDilutedSharesOutstanding,2017-12-31,10-K,2020-02-25,364,1.489,273529300.0
77360,PNR,2020,167400000.0,WeightedAverageNumberOfDilutedSharesOutstanding,2020-12-31,10-K,2021-02-16,365,1.0,167400000.0
77360,PNR,2021,167400000.0,WeightedAverageNumberOfDilutedSharesOutstanding,2020-12-31,10-K,2022-02-22,365,1.0,167400000.0
77360,PNR,2022,167400000.0,WeightedAverageNumberOfDilutedSharesOutstanding,2020-12-31,10-K,2023-02-21,365,1.0,167400000.0
77360,PNR,2023,167500000.0,WeightedAverageNumberOfDilutedSharesOutstanding,2021-12-31,10-K,2024-02-20,364,1.0,167500000.0
77360,PNR,2024,167100000.0,WeightedAverageNumberOfDilutedSharesOutstanding,2024-12-31,10-K,2025-02-25,365,1.0,167100000.0
77360,PNR,2025,167100000.0,WeightedAverageNumberOfDilutedSharesOutstanding,2024-12-31,10-K,2026-02-24,365,1.0,167100000.0
77476,PEP,2014,1575000000.0,WeightedAverageNumberOfDilutedSharesOutstanding,2012-12-29,10-K,2015-02-12,363,1.0,1575000000.0
77476,PEP,2015,1560000000.0,WeightedAverageNumberOfDilutedSharesOutstanding,2013-12-28,10-K,2016-02-11,363,1.0,1560000000.0
77476,PEP,2016,1452000000.0,WeightedAverageNumberOfDilutedSharesOutstanding,2016-12-31,10-K,2017-02-15,370,1.0,1452000000.0
77476,PEP,2017,1452000000.0,WeightedAverageNumberOfDilutedSharesOutstanding,2016-12-31,10-K,2018-02-13,370,1.0,1452000000.0
77476,PEP,2018,1452000000.0,WeightedAverageNumberOfDilutedSharesOutstanding,2016-12-31,10-K,2019-02-15,370,1.0,1452000000.0
77476,PEP,2019,1438000000.0,WeightedAverageNumberOfDilutedSharesOutstanding,2017-12-30,10-K,2020-02-13,363,1.0,1438000000.0
77476,PEP,2020,1425000000.0,WeightedAverageNumberOfDilutedSharesOutstanding,2018-12-29,10-K,2021-02-11,363,1.0,1425000000.0
77476,PEP,2021,1407000000.0,WeightedAverageNumberOfDilutedSharesOutstanding,2019-12-28,10-K,2022-02-10,363,1.0,1407000000.0
77476,PEP,2022,1387000000.0,WeightedAverageNumberOfDilutedSharesOutstanding,2022-12-31,10-K,2023-02-09,370,1.0,1387000000.0
77476,PEP,2023,1387000000.0,WeightedAverageNumberOfDilutedSharesOutstanding,2022-12-31,10-K,2024-02-09,370,1.0,1387000000.0
77476,PEP,2024,1387000000.0,WeightedAverageNumberOfDilutedSharesOutstanding,2022-12-31,10-K,2025-02-04,370,1.0,1387000000.0
77476,PEP,2025,1383000000.0,WeightedAverageNumberOfDilutedSharesOutstanding,2023-12-30,10-K,2026-02-03,363,1.0,1383000000.0
78003,PFE,2014,7508000000.0,WeightedAverageNumberOfDilutedSharesOutstanding,2012-12-31,10-K,2015-02-27,365,1.054,7913432000.0
78003,PFE,2015,6895000000.0,WeightedAverageNumberOfDilutedSharesOutstanding,2013-12-31,10-K,2016-02-29,364,1.054,7267330000.0
78003,PFE,2016,6159000000.0,WeightedAverageNumberOfDilutedSharesOutstanding,2016-12-31,10-K,2017-02-23,365,1.054,6491586000.0
78003,PFE,2017,6159000000.0,WeightedAverageNumberOfDilutedSharesOutstanding,2016-12-31,10-K,2018-02-22,365,1.054,6491586000.0
78003,PFE,2018,6159000000.0,WeightedAverageNumberOfDilutedSharesOutstanding,2016-12-31,10-K,2019-02-28,365,1.054,6491586000.0
78003,PFE,2019,6058000000.0,WeightedAverageNumberOfDilutedSharesOutstanding,2017-12-31,10-K,2020-02-27,364,1.054,6385132000.0
78003,PFE,2020,5632000000.0,WeightedAverageNumberOfDilutedSharesOutstanding,2020-12-31,10-K,2021-02-25,365,1.0,5632000000.0
78003,PFE,2021,5632000000.0,WeightedAverageNumberOfDilutedSharesOutstanding,2020-12-31,10-K,2022-02-24,365,1.0,5632000000.0
78003,PFE,2022,5632000000.0,WeightedAverageNumberOfDilutedSharesOutstanding,2020-12-31,10-K,2023-02-23,365,1.0,5632000000.0
78003,PFE,2023,5708000000.0,WeightedAverageNumberOfDilutedSharesOutstanding,2021-12-31,10-K,2024-02-22,364,1.0,5708000000.0
78003,PFE,2024,5700000000.0,WeightedAverageNumberOfDilutedSharesOutstanding,2024-12-31,10-K,2025-02-27,365,1.0,5700000000.0
78003,PFE,2025,5700000000.0,WeightedAverageNumberOfDilutedSharesOutstanding,2024-12-31,10-K,2026-02-26,365,1.0,5700000000.0
79282,BRO,2014,142010000.0,WeightedAverageNumberOfDilutedSharesOutstanding,2012-12-31,10-K,2015-03-02,365,2.0,284020000.0
79282,BRO,2015,142624000.0,WeightedAverageNumberOfDilutedSharesOutstanding,2013-12-31,10-K,2016-02-26,364,2.0,285248000.0
79282,BRO,2016,137804000.0,WeightedAverageNumberOfDilutedSharesOutstanding,2016-12-31,10-K,2017-02-24,365,2.0,275608000.0
79282,BRO,2017,137804000.0,WeightedAverageNumberOfDilutedSharesOutstanding,2016-12-31,10-K,2018-02-28,365,2.0,275608000.0
79282,BRO,2018,275608000.0,WeightedAverageNumberOfDilutedSharesOutstanding,2016-12-31,10-K,2019-02-26,365,2.0,551216000.0
79282,BRO,2019,277586000.0,WeightedAverageNumberOfDilutedSharesOutstanding,2017-12-31,10-K,2020-02-24,364,2.0,555172000.0
79282,BRO,2020,275867000.0,WeightedAverageNumberOfDilutedSharesOutstanding,2020-12-31,10-K,2021-02-23,365,1.0,275867000.0
79282,BRO,2021,275867.0,WeightedAverageNumberOfDilutedSharesOutstanding,2020-12-31,10-K,2022-02-23,365,1.0,275867.0
79282,BRO,2022,275800000.0,WeightedAverageNumberOfDilutedSharesOutstanding,2020-12-31,10-K,2023-02-27,365,1.0,275800000.0
79282,BRO,2023,277400000.0,WeightedAverageNumberOfDilutedSharesOutstanding,2021-12-31,10-K,2024-02-22,364,1.0,277400000.0
79282,BRO,2024,284000000.0,WeightedAverageNumberOfDilutedSharesOutstanding,2024-12-31,10-K,2025-02-13,365,1.0,284000000.0
79282,BRO,2025,284000000.0,WeightedAverageNumberOfDilutedSharesOutstanding,2024-12-31,10-K,2026-02-12,365,1.0,284000000.0
79879,PPG,2014,155100000.0,WeightedAverageNumberOfDilutedSharesOutstanding,2012-12-31,10-K,2015-02-19,365,2.0,310200000.0
79879,PPG,2015,290200000.0,WeightedAverageNumberOfDilutedSharesOutstanding,2013-12-31,10-K,2016-02-18,364,2.0,580400000.0
79879,PPG,2016,267400000.0,WeightedAverageNumberOfDilutedSharesOutstanding,2016-12-31,10-K,2017-02-16,365,1.0,267400000.0
79879,PPG,2017,267400000.0,WeightedAverageNumberOfDilutedSharesOutstanding,2016-12-31,10-K/A,2018-06-28,365,1.0,267400000.0
79879,PPG,2018,267400000.0,WeightedAverageNumberOfDilutedSharesOutstanding,2016-12-31,10-K,2019-02-21,365,1.0,267400000.0
79879,PPG,2019,257800000.0,WeightedAverageNumberOfDilutedSharesOutstanding,2017-12-31,10-K,2020-02-20,364,1.0,257800000.0
79879,PPG,2020,237900000.0,WeightedAverageNumberOfDilutedSharesOutstanding,2020-12-31,10-K,2021-02-18,365,1.0,237900000.0
79879,PPG,2021,237900000.0,WeightedAverageNumberOfDilutedSharesOutstanding,2020-12-31,10-K,2022-02-17,365,1.0,237900000.0
79879,PPG,2022,237900000.0,WeightedAverageNumberOfDilutedSharesOutstanding,2020-12-31,10-K,2023-02-16,365,1.0,237900000.0
79879,PPG,2023,239400000.0,WeightedAverageNumberOfDilutedSharesOutstanding,2021-12-31,10-K,2024-02-15,364,1.0,239400000.0
79879,PPG,2024,234900000.0,WeightedAverageNumberOfDilutedSharesOutstanding,2024-12-31,10-K,2025-02-20,365,1.0,234900000.0
79879,PPG,2025,234900000.0,WeightedAverageNumberOfDilutedSharesOutstanding,2024-12-31,10-K,2026-02-19,365,1.0,234900000.0
80424,PG,2014,2941200000.0,WeightedAverageNumberOfDilutedSharesOutstanding,2012-06-30,10-K,2014-08-08,365,1.0,2941200000.0
80424,PG,2015,2930600000.0,WeightedAverageNumberOfDilutedSharesOutstanding,2013-06-30,10-K,2015-08-07,364,1.0,2930600000.0
80424,PG,2016,2844400000.0,WeightedAverageNumberOfDilutedSharesOutstanding,2016-06-30,10-K,2016-08-09,365,1.0,2844400000.0
80424,PG,2017,2844400000.0,WeightedAverageNumberOfDilutedSharesOutstanding,2016-06-30,10-K,2017-08-07,365,1.0,2844400000.0
80424,PG,2018,2844400000.0,WeightedAverageNumberOfDilutedSharesOutstanding,2016-06-30,10-K,2018-08-07,365,1.0,2844400000.0
80424,PG,2019,2740400000.0,WeightedAverageNumberOfDilutedSharesOutstanding,2017-06-30,10-K,2019-08-06,364,1.0,2740400000.0
80424,PG,2020,2625800000.0,WeightedAverageNumberOfDilutedSharesOutstanding,2020-06-30,10-K/A,2020-08-07,365,1.0,2625800000.0
80424,PG,2021,2625800000.0,WeightedAverageNumberOfDilutedSharesOutstanding,2020-06-30,10-K,2021-08-06,365,1.0,2625800000.0
80424,PG,2022,2625800000.0,WeightedAverageNumberOfDilutedSharesOutstanding,2020-06-30,10-K,2022-08-05,365,1.0,2625800000.0
80424,PG,2023,2601000000.0,WeightedAverageNumberOfDilutedSharesOutstanding,2021-06-30,10-K,2023-08-04,364,1.0,2601000000.0
80424,PG,2024,2471900000.0,WeightedAverageNumberOfDilutedSharesOutstanding,2024-06-30,10-K,2024-08-05,365,1.0,2471900000.0
80424,PG,2025,2471900000.0,WeightedAverageNumberOfDilutedSharesOutstanding,2024-06-30,10-K,2025-08-04,365,1.0,2471900000.0
80424,PG,2026,2471900000.0,WeightedAverageNumberOfDilutedSharesOutstanding,2024-06-30,10-K,2026-08-04,365,1.0,2471900000.0
80661,PGR,2014,607800000.0,WeightedAverageNumberOfDilutedSharesOutstanding,2012-12-31,10-K,2015-03-02,365,1.0,607800000.0
80661,PGR,2015,603600000.0,WeightedAverageNumberOfDilutedSharesOutstanding,2013-12-31,10-K,2016-02-29,364,1.0,603600000.0
80661,PGR,2016,585000000.0,WeightedAverageNumberOfDilutedSharesOutstanding,2016-12-31,10-K,2017-03-01,365,1.0,585000000.0
80661,PGR,2017,585000000.0,WeightedAverageNumberOfDilutedSharesOutstanding,2016-12-31,10-K,2018-02-27,365,1.0,585000000.0
80661,PGR,2018,585000000.0,WeightedAverageNumberOfDilutedSharesOutstanding,2016-12-31,10-K,2019-02-27,365,1.0,585000000.0
80661,PGR,2019,585700000.0,WeightedAverageNumberOfDilutedSharesOutstanding,2017-12-31,10-K,2020-03-02,364,1.0,585700000.0
80661,PGR,2020,587600000.0,WeightedAverageNumberOfDilutedSharesOutstanding,2020-12-31,10-K,2021-03-01,365,1.0,587600000.0
80661,PGR,2021,587600000.0,WeightedAverageNumberOfDilutedSharesOutstanding,2020-12-31,10-K,2022-02-28,365,1.0,587600000.0
80661,PGR,2022,587600000.0,WeightedAverageNumberOfDilutedSharesOutstanding,2020-12-31,10-K,2023-02-27,365,1.0,587600000.0
80661,PGR,2023,587100000.0,WeightedAverageNumberOfDilutedSharesOutstanding,2021-12-31,10-K,2024-02-26,364,1.0,587100000.0
80661,PGR,2024,587700000.0,WeightedAverageNumberOfDilutedSharesOutstanding,2024-12-31,10-K,2025-03-03,365,1.0,587700000.0
80661,PGR,2025,587700000.0,WeightedAverageNumberOfDilutedSharesOutstanding,2024-12-31,10-K,2026-03-02,365,1.0,587700000.0
84839,ROL,2014,146299.0,WeightedAverageNumberOfDilutedSharesOutstanding,2012-12-31,10-K,2015-02-25,365,3.375,493759.125
84839,ROL,2015,219121000.0,WeightedAverageNumberOfDilutedSharesOutstanding,2013-12-31,10-K,2016-02-24,364,3.375,739533375.0
84839,ROL,2016,218244000.0,WeightedAverageNumberOfDilutedSharesOutstanding,2016-12-31,10-K,2017-02-24,365,2.25,491049000.0
84839,ROL,2017,218244000.0,WeightedAverageNumberOfDilutedSharesOutstanding,2016-12-31,10-K,2018-02-26,365,2.25,491049000.0
84839,ROL,2018,327366000.0,WeightedAverageNumberOfDilutedSharesOutstanding,2016-12-31,10-K,2019-03-01,365,2.25,736573500.0
84839,ROL,2019,326982000.0,WeightedAverageNumberOfDilutedSharesOutstanding,2017-12-31,10-K,2020-02-28,364,2.25,735709500.0
84839,ROL,2020,491604000.0,WeightedAverageNumberOfDilutedSharesOutstanding,2020-12-31,10-K,2021-02-26,365,1.0,491604000.0
84839,ROL,2021,491604000.0,WeightedAverageNumberOfDilutedSharesOutstanding,2020-12-31,10-K,2022-02-25,365,1.0,491604000.0
84839,ROL,2022,491604000.0,WeightedAverageNumberOfDilutedSharesOutstanding,2020-12-31,10-K,2023-02-16,365,1.0,491604000.0
84839,ROL,2023,492054000.0,WeightedAverageNumberOfDilutedSharesOutstanding,2021-12-31,10-K,2024-02-15,364,1.0,492054000.0
84839,ROL,2024,484295000.0,WeightedAverageNumberOfDilutedSharesOutstanding,2024-12-31,10-K,2025-02-13,365,1.0,484295000.0
84839,ROL,2025,484295000.0,WeightedAverageNumberOfDilutedSharesOutstanding,2024-12-31,10-K,2026-02-12,365,1.0,484295000.0
86312,TRV,2014,389800000.0,WeightedAverageNumberOfDilutedSharesOutstanding,2012-12-31,10-K,2015-02-12,365,1.0,389800000.0
86312,TRV,2015,374300000.0,WeightedAverageNumberOfDilutedSharesOutstanding,2013-12-31,10-K,2016-02-11,364,1.0,374300000.0
86312,TRV,2016,291000000.0,WeightedAverageNumberOfDilutedSharesOutstanding,2016-12-31,10-K,2017-02-16,365,1.0,291000000.0
86312,TRV,2017,291000000.0,WeightedAverageNumberOfDilutedSharesOutstanding,2016-12-31,10-K,2018-02-15,365,1.0,291000000.0
86312,TRV,2018,291000000.0,WeightedAverageNumberOfDilutedSharesOutstanding,2016-12-31,10-K,2019-02-14,365,1.0,291000000.0
86312,TRV,2019,278600000.0,WeightedAverageNumberOfDilutedSharesOutstanding,2017-12-31,10-K,2020-02-13,364,1.0,278600000.0
86312,TRV,2020,254600000.0,WeightedAverageNumberOfDilutedSharesOutstanding,2020-12-31,10-K,2021-02-11,365,1.0,254600000.0
86312,TRV,2021,254600000.0,WeightedAverageNumberOfDilutedSharesOutstanding,2020-12-31,10-K,2022-02-17,365,1.0,254600000.0
86312,TRV,2022,254600000.0,WeightedAverageNumberOfDilutedSharesOutstanding,2020-12-31,10-K,2023-02-16,365,1.0,254600000.0
86312,TRV,2023,250800000.0,WeightedAverageNumberOfDilutedSharesOutstanding,2021-12-31,10-K,2024-02-15,364,1.0,250800000.0
86312,TRV,2024,231100000.0,WeightedAverageNumberOfDilutedSharesOutstanding,2024-12-31,10-K,2025-02-13,365,1.0,231100000.0
86312,TRV,2025,231100000.0,WeightedAverageNumberOfDilutedSharesOutstanding,2024-12-31,10-K,2026-02-12,365,1.0,231100000.0
87347,SLB,2014,1339000000.0,WeightedAverageNumberOfDilutedSharesOutstanding,2012-12-31,10-K,2015-01-29,365,1.0,1339000000.0
87347,SLB,2015,1333000000.0,WeightedAverageNumberOfDilutedSharesOutstanding,2013-12-31,10-K,2016-01-27,364,1.0,1333000000.0
87347,SLB,2016,1357000000.0,WeightedAverageNumberOfDilutedSharesOutstanding,2016-12-31,10-K,2017-01-25,365,1.0,1357000000.0
87347,SLB,2017,1357000000.0,WeightedAverageNumberOfDilutedSharesOutstanding,2016-12-31,10-K,2018-01-24,365,1.0,1357000000.0
87347,SLB,2018,1357000000.0,WeightedAverageNumberOfDilutedSharesOutstanding,2016-12-31,10-K,2019-01-23,365,1.0,1357000000.0
87347,SLB,2019,1388000000.0,WeightedAverageNumberOfDilutedSharesOutstanding,2017-12-31,10-K,2020-01-22,364,1.0,1388000000.0
87347,SLB,2020,1390000000.0,WeightedAverageNumberOfDilutedSharesOutstanding,2020-12-31,10-K,2021-01-27,365,1.0,1390000000.0
87347,SLB,2021,1390000000.0,WeightedAverageNumberOfDilutedSharesOutstanding,2020-12-31,10-K,2022-01-26,365,1.0,1390000000.0
87347,SLB,2022,1390000000.0,WeightedAverageNumberOfDilutedSharesOutstanding,2020-12-31,10-K,2023-01-25,365,1.0,1390000000.0
87347,SLB,2023,1427000000.0,WeightedAverageNumberOfDilutedSharesOutstanding,2021-12-31,10-K,2024-01-24,364,1.0,1427000000.0
87347,SLB,2024,1436000000.0,WeightedAverageNumberOfDilutedSharesOutstanding,2024-12-31,10-K,2025-01-22,365,1.0,1436000000.0
87347,SLB,2025,1436000000.0,WeightedAverageNumberOfDilutedSharesOutstanding,2024-12-31,10-K,2026-01-23,365,1.0,1436000000.0
89800,SHW,2014,103930429.0,WeightedAverageNumberOfDilutedSharesOutstanding,2012-12-31,10-K,2015-02-25,365,3.0,311791287.0
89800,SHW,2015,103048871.0,WeightedAverageNumberOfDilutedSharesOutstanding,2013-12-31,10-K,2016-02-24,364,3.0,309146613.0
89800,SHW,2016,94488086.0,WeightedAverageNumberOfDilutedSharesOutstanding,2016-12-31,10-K,2017-02-22,365,3.0,283464258.0
89800,SHW,2017,94488086.0,WeightedAverageNumberOfDilutedSharesOutstanding,2016-12-31,10-K,2018-02-23,365,3.0,283464258.0
89800,SHW,2018,94488086.0,WeightedAverageNumberOfDilutedSharesOutstanding,2016-12-31,10-K,2019-02-22,365,3.0,283464258.0
89800,SHW,2019,94927213.0,WeightedAverageNumberOfDilutedSharesOutstanding,2017-12-31,10-K,2020-02-21,364,3.0,284781639.0
89800,SHW,2020,91942623.0,WeightedAverageNumberOfDilutedSharesOutstanding,2020-12-31,10-K,2021-02-19,365,3.0,275827869.0
89800,SHW,2021,275800000.0,WeightedAverageNumberOfDilutedSharesOutstanding,2020-12-31,10-K,2022-02-17,365,3.0,827400000.0
89800,SHW,2022,275800000.0,WeightedAverageNumberOfDilutedSharesOutstanding,2020-12-31,10-K,2023-02-22,365,3.0,827400000.0
89800,SHW,2023,267100000.0,WeightedAverageNumberOfDilutedSharesOutstanding,2021-12-31,10-K,2024-02-20,364,1.0,267100000.0
89800,SHW,2024,254100000.0,WeightedAverageNumberOfDilutedSharesOutstanding,2024-12-31,10-K,2025-02-20,365,1.0,254100000.0
89800,SHW,2025,254100000.0,WeightedAverageNumberOfDilutedSharesOutstanding,2024-12-31,10-K,2026-02-19,365,1.0,254100000.0
91142,AOS,2014,93108122.0,WeightedAverageNumberOfDilutedSharesOutstanding,2012-12-31,10-K,2015-02-18,365,4.0,372432488.0
91142,AOS,2015,92787670.0,WeightedAverageNumberOfDilutedSharesOutstanding,2013-12-31,10-K,2016-02-17,364,2.0,185575340.0
91142,AOS,2016,176825280.0,WeightedAverageNumberOfDilutedSharesOutstanding,2016-12-31,10-K,2017-02-17,365,1.0,176825280.0
91142,AOS,2017,176825280.0,WeightedAverageNumberOfDilutedSharesOutstanding,2016-12-31,10-K,2018-02-16,365,1.0,176825280.0
91142,AOS,2018,176825280.0,WeightedAverageNumberOfDilutedSharesOutstanding,2016-12-31,10-K,2019-02-15,365,1.0,176825280.0
91142,AOS,2019,174605189.0,WeightedAverageNumberOfDilutedSharesOutstanding,2017-12-31,10-K,2020-02-24,364,1.0,174605189.0
91142,AOS,2020,162604149.0,WeightedAverageNumberOfDilutedSharesOutstanding,2020-12-31,10-K,2021-02-12,365,1.0,162604149.0
91142,AOS,2021,162604149.0,WeightedAverageNumberOfDilutedSharesOutstanding,2020-12-31,10-K,2022-02-11,365,1.0,162604149.0
91142,AOS,2022,162604149.0,WeightedAverageNumberOfDilutedSharesOutstanding,2020-12-31,10-K,2023-02-14,365,1.0,162604149.0
91142,AOS,2023,161319902.0,WeightedAverageNumberOfDilutedSharesOutstanding,2021-12-31,10-K,2024-02-13,364,1.0,161319902.0
91142,AOS,2025,147084080.0,WeightedAverageNumberOfDilutedSharesOutstanding,2024-12-31,10-K,2026-02-10,365,1.0,147084080.0
91419,SJM,2016,118959814.0,WeightedAverageNumberOfDilutedSharesOutstanding,2016-04-30,10-K,2016-06-21,365,1.0,118959814.0
91419,SJM,2017,118959814.0,WeightedAverageNumberOfDilutedSharesOutstanding,2016-04-30,10-K,2017-06-19,365,1.0,118959814.0
91419,SJM,2018,119000000.0,WeightedAverageNumberOfDilutedSharesOutstanding,2016-04-30,10-K,2018-06-18,365,1.0,119000000.0
91419,SJM,2019,115600000.0,WeightedAverageNumberOfDilutedSharesOutstanding,2017-04-30,10-K,2019-06-17,364,1.0,115600000.0
91419,SJM,2020,113400000.0,WeightedAverageNumberOfDilutedSharesOutstanding,2020-04-30,10-K,2020-06-19,365,1.0,113400000.0
91419,SJM,2021,113400000.0,WeightedAverageNumberOfDilutedSharesOutstanding,2020-04-30,10-K,2021-06-17,365,1.0,113400000.0
91419,SJM,2022,108400000.0,WeightedAverageNumberOfDilutedSharesOutstanding,2022-04-30,10-K,2022-06-16,364,1.0,108400000.0
91440,SNA,2014,59100000.0,WeightedAverageNumberOfDilutedSharesOutstanding,2015-01-03,10-K,2015-02-12,370,1.0,59100000.0
91440,SNA,2015,59100000.0,WeightedAverageNumberOfDilutedSharesOutstanding,2015-01-03,10-K,2016-02-11,370,1.0,59100000.0
91440,SNA,2016,59100000.0,WeightedAverageNumberOfDilutedSharesOutstanding,2015-01-03,10-K,2017-02-09,370,1.0,59100000.0
91440,SNA,2017,59100000.0,WeightedAverageNumberOfDilutedSharesOutstanding,2016-01-02,10-K,2018-02-15,363,1.0,59100000.0
91440,SNA,2018,59400000.0,WeightedAverageNumberOfDilutedSharesOutstanding,2016-12-31,10-K,2019-02-14,363,1.0,59400000.0
91440,SNA,2019,58600000.0,WeightedAverageNumberOfDilutedSharesOutstanding,2017-12-30,10-K,2020-02-13,363,1.0,58600000.0
91440,SNA,2020,54800000.0,WeightedAverageNumberOfDilutedSharesOutstanding,2021-01-02,10-K,2021-02-11,370,1.0,54800000.0
91440,SNA,2021,54800000.0,WeightedAverageNumberOfDilutedSharesOutstanding,2021-01-02,10-K,2022-02-11,370,1.0,54800000.0
91440,SNA,2022,54800000.0,WeightedAverageNumberOfDilutedSharesOutstanding,2021-01-02,10-K,2023-02-09,370,1.0,54800000.0
91440,SNA,2023,55000000.0,WeightedAverageNumberOfDilutedSharesOutstanding,2022-01-01,10-K,2024-02-16,363,1.0,55000000.0
91440,SNA,2024,54200000.0,WeightedAverageNumberOfDilutedSharesOutstanding,2022-12-31,10-K,2025-02-13,363,1.0,54200000.0
91440,SNA,2025,53000000.0,WeightedAverageNumberOfDilutedSharesOutstanding,2026-01-03,10-K,2026-02-12,370,1.0,53000000.0
91576,KEY,2014,943259000.0,WeightedAverageNumberOfDilutedSharesOutstanding,2012-12-31,10-K,2015-03-02,365,1.0,943259000.0
91576,KEY,2015,912571000.0,WeightedAverageNumberOfDilutedSharesOutstanding,2013-12-31,10-K,2016-02-24,364,1.0,912571000.0
91576,KEY,2016,938536000.0,WeightedAverageNumberOfDilutedSharesOutstanding,2016-12-31,10-K,2017-02-28,365,1.0,938536000.0
91576,KEY,2017,938536000.0,WeightedAverageNumberOfDilutedSharesOutstanding,2016-12-31,10-K,2018-02-26,365,1.0,938536000.0
91576,KEY,2018,938536000.0,WeightedAverageNumberOfDilutedSharesOutstanding,2016-12-31,10-K,2019-02-25,365,1.0,938536000.0
91576,KEY,2019,1088593000.0,WeightedAverageNumberOfDilutedSharesOutstanding,2017-12-31,10-K,2020-02-26,364,1.0,1088593000.0
91576,KEY,2020,974807000.0,WeightedAverageNumberOfDilutedSharesOutstanding,2020-12-31,10-K,2021-02-22,365,1.0,974807000.0
91576,KEY,2021,974807000.0,WeightedAverageNumberOfDilutedSharesOutstanding,2020-12-31,10-K,2022-02-22,365,1.0,974807000.0
91576,KEY,2022,974807000.0,WeightedAverageNumberOfDilutedSharesOutstanding,2020-12-31,10-K,2023-02-22,365,1.0,974807000.0
91576,KEY,2023,957414000.0,WeightedAverageNumberOfDilutedSharesOutstanding,2021-12-31,10-K,2024-02-22,364,1.0,957414000.0
91576,KEY,2024,949561000.0,WeightedAverageNumberOfDilutedSharesOutstanding,2024-12-31,10-K,2025-02-21,365,1.0,949561000.0
91576,KEY,2025,949561000.0,WeightedAverageNumberOfDilutedSharesOutstanding,2024-12-31,10-K,2026-02-23,365,1.0,949561000.0
92122,SO,2014,879000000.0,WeightedAverageNumberOfDilutedSharesOutstanding,2012-12-31,10-K,2015-03-02,365,1.0,879000000.0
92122,SO,2015,881000000.0,WeightedAverageNumberOfDilutedSharesOutstanding,2013-12-31,10-K,2016-02-26,364,1.0,881000000.0
92122,SO,2016,958000000.0,WeightedAverageNumberOfDilutedSharesOutstanding,2016-12-31,10-K,2017-02-22,365,1.0,958000000.0
92122,SO,2017,958000000.0,WeightedAverageNumberOfDilutedSharesOutstanding,2016-12-31,10-K,2018-02-21,365,1.0,958000000.0
92122,SO,2018,958000000.0,WeightedAverageNumberOfDilutedSharesOutstanding,2016-12-31,10-K,2019-02-20,365,1.0,958000000.0
92122,SO,2019,1008000000.0,WeightedAverageNumberOfDilutedSharesOutstanding,2017-12-31,10-K,2020-02-20,364,1.0,1008000000.0
92122,SO,2020,1065000000.0,WeightedAverageNumberOfDilutedSharesOutstanding,2020-12-31,10-K,2021-02-18,365,1.0,1065000000.0
92122,SO,2021,1065000000.0,WeightedAverageNumberOfDilutedSharesOutstanding,2020-12-31,10-K,2022-02-17,365,1.0,1065000000.0
92122,SO,2022,1065000000.0,WeightedAverageNumberOfDilutedSharesOutstanding,2020-12-31,10-K,2023-02-16,365,1.0,1065000000.0
92122,SO,2023,1068000000.0,WeightedAverageNumberOfDilutedSharesOutstanding,2021-12-31,10-K,2024-02-15,364,1.0,1068000000.0
92122,SO,2024,1102000000.0,WeightedAverageNumberOfDilutedSharesOutstanding,2024-12-31,10-K,2025-02-20,365,1.0,1102000000.0
92122,SO,2025,1102000000.0,WeightedAverageNumberOfDilutedSharesOutstanding,2024-12-31,10-K,2026-02-19,365,1.0,1102000000.0
92230,TFC,2014,708877000.0,WeightedAverageNumberOfDilutedSharesOutstanding,2012-12-31,10-K,2015-02-25,365,1.0,708877000.0
92230,TFC,2015,714363000.0,WeightedAverageNumberOfDilutedSharesOutstanding,2013-12-31,10-K,2016-02-25,364,1.0,714363000.0
92230,TFC,2016,814916000.0,WeightedAverageNumberOfDilutedSharesOutstanding,2016-12-31,10-K,2017-02-21,365,1.0,814916000.0
92230,TFC,2017,814916000.0,WeightedAverageNumberOfDilutedSharesOutstanding,2016-12-31,10-K,2018-02-21,365,1.0,814916000.0
92230,TFC,2018,814916000.0,WeightedAverageNumberOfDilutedSharesOutstanding,2016-12-31,10-K,2019-02-26,365,1.0,814916000.0
92230,TFC,2019,810977000.0,WeightedAverageNumberOfDilutedSharesOutstanding,2017-12-31,10-K,2020-03-03,364,1.0,810977000.0
92230,TFC,2020,1358289000.0,WeightedAverageNumberOfDilutedSharesOutstanding,2020-12-31,10-K,2021-02-24,365,1.0,1358289000.0
92230,TFC,2021,1358289000.0,WeightedAverageNumberOfDilutedSharesOutstanding,2020-12-31,10-K,2022-02-23,365,1.0,1358289000.0
92230,TFC,2022,1358289000.0,WeightedAverageNumberOfDilutedSharesOutstanding,2020-12-31,10-K,2023-02-28,365,1.0,1358289000.0
92230,TFC,2023,1349378000.0,WeightedAverageNumberOfDilutedSharesOutstanding,2021-12-31,10-K,2024-02-27,364,1.0,1349378000.0
92230,TFC,2024,1331087000.0,WeightedAverageNumberOfDilutedSharesOutstanding,2024-12-31,10-K,2025-02-25,365,1.0,1331087000.0
92230,TFC,2025,1331087000.0,WeightedAverageNumberOfDilutedSharesOutstanding,2024-12-31,10-K,2026-02-24,365,1.0,1331087000.0
92380,LUV,2014,757000000.0,WeightedAverageNumberOfDilutedSharesOutstanding,2012-12-31,10-K,2015-02-06,365,1.0,757000000.0
92380,LUV,2015,718000000.0,WeightedAverageNumberOfDilutedSharesOutstanding,2013-12-31,10-K,2016-02-03,364,1.0,718000000.0
92380,LUV,2016,633000000.0,WeightedAverageNumberOfDilutedSharesOutstanding,2016-12-31,10-K,2017-02-07,365,1.0,633000000.0
92380,LUV,2017,633000000.0,WeightedAverageNumberOfDilutedSharesOutstanding,2016-12-31,10-K,2018-02-07,365,1.0,633000000.0
92380,LUV,2018,633000000.0,WeightedAverageNumberOfDilutedSharesOutstanding,2016-12-31,10-K,2019-02-05,365,1.0,633000000.0
92380,LUV,2019,603000000.0,WeightedAverageNumberOfDilutedSharesOutstanding,2017-12-31,10-K,2020-02-04,364,1.0,603000000.0
92380,LUV,2020,565000000.0,WeightedAverageNumberOfDilutedSharesOutstanding,2020-12-31,10-K,2021-02-08,365,1.0,565000000.0
92380,LUV,2021,565000000.0,WeightedAverageNumberOfDilutedSharesOutstanding,2020-12-31,10-K,2022-02-07,365,1.0,565000000.0
92380,LUV,2022,565000000.0,WeightedAverageNumberOfDilutedSharesOutstanding,2020-12-31,10-K,2023-02-07,365,1.0,565000000.0
92380,LUV,2023,609000000.0,WeightedAverageNumberOfDilutedSharesOutstanding,2021-12-31,10-K,2024-02-06,364,1.0,609000000.0
92380,LUV,2024,643000000.0,WeightedAverageNumberOfDilutedSharesOutstanding,2024-12-31,10-K,2025-02-07,365,1.0,643000000.0
92380,LUV,2025,643000000.0,WeightedAverageNumberOfDilutedSharesOutstanding,2024-12-31,10-K,2026-02-05,365,1.0,643000000.0
93410,CVX,2014,1965000000.0,WeightedAverageNumberOfDilutedSharesOutstanding,2012-12-31,10-K,2015-02-20,365,1.0,1965000000.0
93410,CVX,2015,1932000000.0,WeightedAverageNumberOfDilutedSharesOutstanding,2013-12-31,10-K,2016-02-25,364,1.0,1932000000.0
93410,CVX,2016,1873000000.0,WeightedAverageNumberOfDilutedSharesOutstanding,2016-12-31,10-K,2017-02-23,365,1.0,1873000000.0
93410,CVX,2017,1873000000.0,WeightedAverageNumberOfDilutedSharesOutstanding,2016-12-31,10-K,2018-02-22,365,1.0,1873000000.0
93410,CVX,2018,1873000000.0,WeightedAverageNumberOfDilutedSharesOutstanding,2016-12-31,10-K,2019-02-22,365,1.0,1873000000.0
93410,CVX,2019,1898000000.0,WeightedAverageNumberOfDilutedSharesOutstanding,2017-12-31,10-K,2020-02-21,364,1.0,1898000000.0
93410,CVX,2020,1870000000.0,WeightedAverageNumberOfDilutedSharesOutstanding,2020-12-31,10-K,2021-02-25,365,1.0,1870000000.0
93410,CVX,2021,1870000000.0,WeightedAverageNumberOfDilutedSharesOutstanding,2020-12-31,10-K,2022-02-24,365,1.0,1870000000.0
93410,CVX,2022,1870000000.0,WeightedAverageNumberOfDilutedSharesOutstanding,2020-12-31,10-K,2023-02-23,365,1.0,1870000000.0
93410,CVX,2023,1920000000.0,WeightedAverageNumberOfDilutedSharesOutstanding,2021-12-31,10-K,2024-02-26,364,1.0,1920000000.0
93410,CVX,2024,1817000000.0,WeightedAverageNumberOfDilutedSharesOutstanding,2024-12-31,10-K,2025-02-21,365,1.0,1817000000.0
93410,CVX,2025,1817000000.0,WeightedAverageNumberOfDilutedSharesOutstanding,2024-12-31,10-K,2026-02-24,365,1.0,1817000000.0
93556,SWK,2014,159737000.0,WeightedAverageNumberOfDilutedSharesOutstanding,2015-01-03,10-K,2015-02-19,370,1.0,159737000.0
93556,SWK,2015,159737000.0,WeightedAverageNumberOfDilutedSharesOutstanding,2015-01-03,10-K,2016-02-19,370,1.0,159737000.0
93556,SWK,2016,159737000.0,WeightedAverageNumberOfDilutedSharesOutstanding,2015-01-03,10-K,2017-02-15,370,1.0,159737000.0
93556,SWK,2017,148207000.0,WeightedAverageNumberOfDilutedSharesOutstanding,2016-12-31,10-K,2019-02-26,363,1.0,148207000.0
93556,SWK,2019,152449000.0,WeightedAverageNumberOfDilutedSharesOutstanding,2017-12-30,10-K,2020-02-21,363,1.0,152449000.0
93556,SWK,2020,162427000.0,WeightedAverageNumberOfDilutedSharesOutstanding,2021-01-02,10-K/A,2022-01-31,370,1.0,162427000.0
93556,SWK,2021,162427000.0,WeightedAverageNumberOfDilutedSharesOutstanding,2021-01-02,10-K,2022-02-22,370,1.0,162427000.0
93556,SWK,2022,162427000.0,WeightedAverageNumberOfDilutedSharesOutstanding,2021-01-02,10-K,2023-02-23,370,1.0,162427000.0
93556,SWK,2023,165024000.0,WeightedAverageNumberOfDilutedSharesOutstanding,2022-01-01,10-K,2024-02-27,363,1.0,165024000.0
93556,SWK,2024,156553000.0,WeightedAverageNumberOfDilutedSharesOutstanding,2022-12-31,10-K,2025-02-18,363,1.0,156553000.0
93556,SWK,2025,151878000.0,WeightedAverageNumberOfDilutedSharesOutstanding,2026-01-03,10-K,2026-02-24,370,1.0,151878000.0
93751,STT,2014,481129000.0,WeightedAverageNumberOfDilutedSharesOutstanding,2012-12-31,10-K,2015-02-20,365,1.0,481129000.0
93751,STT,2015,455155000.0,WeightedAverageNumberOfDilutedSharesOutstanding,2013-12-31,10-K,2016-02-19,364,1.0,455155000.0
93751,STT,2016,396090000.0,WeightedAverageNumberOfDilutedSharesOutstanding,2016-12-31,10-K,2017-02-17,365,1.0,396090000.0
93751,STT,2017,396090000.0,WeightedAverageNumberOfDilutedSharesOutstanding,2016-12-31,10-K,2018-02-26,365,1.0,396090000.0
93751,STT,2018,396090000.0,WeightedAverageNumberOfDilutedSharesOutstanding,2016-12-31,10-K,2019-02-21,365,1.0,396090000.0
93751,STT,2019,380213000.0,WeightedAverageNumberOfDilutedSharesOutstanding,2017-12-31,10-K,2020-02-20,364,1.0,380213000.0
93751,STT,2020,357106000.0,WeightedAverageNumberOfDilutedSharesOutstanding,2020-12-31,10-K,2021-02-19,365,1.0,357106000.0
93751,STT,2021,357106000.0,WeightedAverageNumberOfDilutedSharesOutstanding,2020-12-31,10-K,2022-02-17,365,1.0,357106000.0
93751,STT,2022,357106000.0,WeightedAverageNumberOfDilutedSharesOutstanding,2020-12-31,10-K,2023-02-16,365,1.0,357106000.0
93751,STT,2023,357962000.0,WeightedAverageNumberOfDilutedSharesOutstanding,2021-12-31,10-K,2024-02-15,364,1.0,357962000.0
93751,STT,2024,302226000.0,WeightedAverageNumberOfDilutedSharesOutstanding,2024-12-31,10-K,2025-02-13,365,1.0,302226000.0
93751,STT,2025,302226000.0,WeightedAverageNumberOfDilutedSharesOutstanding,2024-12-31,10-K,2026-02-19,365,1.0,302226000.0
96021,SYY,2014,588991441.0,WeightedAverageNumberOfDilutedSharesOutstanding,2012-06-30,10-K,2014-08-26,363,1.0,588991441.0
96021,SYY,2015,592675110.0,WeightedAverageNumberOfDilutedSharesOutstanding,2013-06-29,10-K,2015-08-25,363,1.0,592675110.0
96021,SYY,2016,577391406.0,WeightedAverageNumberOfDilutedSharesOutstanding,2016-07-02,10-K,2016-08-30,370,1.0,577391406.0
96021,SYY,2017,577391406.0,WeightedAverageNumberOfDilutedSharesOutstanding,2016-07-02,10-K,2017-08-30,370,1.0,577391406.0
96021,SYY,2018,577391406.0,WeightedAverageNumberOfDilutedSharesOutstanding,2016-07-02,10-K,2018-08-27,370,1.0,577391406.0
96021,SYY,2019,548545027.0,WeightedAverageNumberOfDilutedSharesOutstanding,2017-07-01,10-K,2019-08-26,363,1.0,548545027.0
96021,SYY,2020,529089854.0,WeightedAverageNumberOfDilutedSharesOutstanding,2018-06-30,10-K,2020-08-26,363,1.0,529089854.0
96021,SYY,2021,513555088.0,WeightedAverageNumberOfDilutedSharesOutstanding,2021-07-03,10-K,2021-08-30,370,1.0,513555088.0
96021,SYY,2022,513555088.0,WeightedAverageNumberOfDilutedSharesOutstanding,2021-07-03,10-K,2022-08-26,370,1.0,513555088.0
96021,SYY,2023,513555088.0,WeightedAverageNumberOfDilutedSharesOutstanding,2021-07-03,10-K,2023-08-25,370,1.0,513555088.0
96021,SYY,2024,514005827.0,WeightedAverageNumberOfDilutedSharesOutstanding,2022-07-02,10-K,2024-08-28,363,1.0,514005827.0
96021,SYY,2025,509719756.0,WeightedAverageNumberOfDilutedSharesOutstanding,2023-07-01,10-K,2025-08-22,363,1.0,509719756.0
96021,SYY,2026,503096086.0,WeightedAverageNumberOfDilutedSharesOutstanding,2024-06-29,10-K,2026-08-21,363,1.0,503096086.0
97210,TER,2014,230246000.0,WeightedAverageNumberOfDilutedSharesOutstanding,2012-12-31,10-K,2015-02-27,365,1.0,230246000.0
97210,TER,2015,235599000.0,WeightedAverageNumberOfDilutedSharesOutstanding,2013-12-31,10-K,2016-02-29,364,1.0,235599000.0
97210,TER,2016,202578000.0,WeightedAverageNumberOfDilutedSharesOutstanding,2016-12-31,10-K,2017-03-01,365,1.0,202578000.0
97210,TER,2017,202578000.0,WeightedAverageNumberOfDilutedSharesOutstanding,2016-12-31,10-K,2018-03-01,365,1.0,202578000.0
97210,TER,2018,202578000.0,WeightedAverageNumberOfDilutedSharesOutstanding,2016-12-31,10-K,2019-03-01,365,1.0,202578000.0
97210,TER,2019,201641000.0,WeightedAverageNumberOfDilutedSharesOutstanding,2017-12-31,10-K,2020-03-02,364,1.0,201641000.0
97210,TER,2020,183042000.0,WeightedAverageNumberOfDilutedSharesOutstanding,2020-12-31,10-K,2021-02-22,365,1.0,183042000.0
97210,TER,2021,183042000.0,WeightedAverageNumberOfDilutedSharesOutstanding,2020-12-31,10-K,2022-02-23,365,1.0,183042000.0
97210,TER,2022,183042000.0,WeightedAverageNumberOfDilutedSharesOutstanding,2020-12-31,10-K,2023-02-22,365,1.0,183042000.0
97210,TER,2023,183625000.0,WeightedAverageNumberOfDilutedSharesOutstanding,2021-12-31,10-K,2024-02-22,364,1.0,183625000.0
97210,TER,2024,163314000.0,WeightedAverageNumberOfDilutedSharesOutstanding,2024-12-31,10-K,2025-02-20,365,1.0,163314000.0
97210,TER,2025,163314000.0,WeightedAverageNumberOfDilutedSharesOutstanding,2024-12-31,10-K,2026-02-19,365,1.0,163314000.0
97476,TXN,2014,1146000000.0,WeightedAverageNumberOfDilutedSharesOutstanding,2012-12-31,10-K,2015-02-24,365,1.0,1146000000.0
97476,TXN,2015,1113000000.0,WeightedAverageNumberOfDilutedSharesOutstanding,2013-12-31,10-K,2016-02-24,364,1.0,1113000000.0
97476,TXN,2016,1021000000.0,WeightedAverageNumberOfDilutedSharesOutstanding,2016-12-31,10-K,2017-02-23,365,1.0,1021000000.0
97476,TXN,2017,1021000000.0,WeightedAverageNumberOfDilutedSharesOutstanding,2016-12-31,10-K,2018-02-22,365,1.0,1021000000.0
97476,TXN,2018,1021000000.0,WeightedAverageNumberOfDilutedSharesOutstanding,2016-12-31,10-K,2019-02-22,365,1.0,1021000000.0
97476,TXN,2019,1012000000.0,WeightedAverageNumberOfDilutedSharesOutstanding,2017-12-31,10-K,2020-02-20,364,1.0,1012000000.0
97476,TXN,2020,933000000.0,WeightedAverageNumberOfDilutedSharesOutstanding,2020-12-31,10-K,2021-02-05,365,1.0,933000000.0
97476,TXN,2021,933000000.0,WeightedAverageNumberOfDilutedSharesOutstanding,2020-12-31,10-K,2022-02-04,365,1.0,933000000.0
97476,TXN,2022,933000000.0,WeightedAverageNumberOfDilutedSharesOutstanding,2020-12-31,10-K,2023-02-03,365,1.0,933000000.0
97476,TXN,2023,936000000.0,WeightedAverageNumberOfDilutedSharesOutstanding,2021-12-31,10-K,2024-02-02,364,1.0,936000000.0
97476,TXN,2024,919000000.0,WeightedAverageNumberOfDilutedSharesOutstanding,2024-12-31,10-K,2025-02-14,365,1.0,919000000.0
97476,TXN,2025,919000000.0,WeightedAverageNumberOfDilutedSharesOutstanding,2024-12-31,10-K,2026-02-06,365,1.0,919000000.0
97745,TMO,2014,366600000.0,WeightedAverageNumberOfDilutedSharesOutstanding,2012-12-31,10-K,2015-02-26,365,1.0,366600000.0
97745,TMO,2015,365800000.0,WeightedAverageNumberOfDilutedSharesOutstanding,2013-12-31,10-K,2016-02-25,364,1.0,365800000.0
97745,TMO,2016,397400000.0,WeightedAverageNumberOfDilutedSharesOutstanding,2016-12-31,10-K,2017-02-28,365,1.0,397400000.0
97745,TMO,2017,397000000.0,WeightedAverageNumberOfDilutedSharesOutstanding,2016-12-31,10-K,2018-02-28,365,1.0,397000000.0
97745,TMO,2018,397000000.0,WeightedAverageNumberOfDilutedSharesOutstanding,2016-12-31,10-K,2019-02-27,365,1.0,397000000.0
97745,TMO,2019,398000000.0,WeightedAverageNumberOfDilutedSharesOutstanding,2017-12-31,10-K,2020-02-26,364,1.0,398000000.0
97745,TMO,2020,399000000.0,WeightedAverageNumberOfDilutedSharesOutstanding,2020-12-31,10-K,2021-02-25,365,1.0,399000000.0
97745,TMO,2021,399000000.0,WeightedAverageNumberOfDilutedSharesOutstanding,2020-12-31,10-K,2022-02-24,365,1.0,399000000.0
97745,TMO,2022,399000000.0,WeightedAverageNumberOfDilutedSharesOutstanding,2020-12-31,10-K,2023-02-23,365,1.0,399000000.0
97745,TMO,2023,397000000.0,WeightedAverageNumberOfDilutedSharesOutstanding,2021-12-31,10-K,2024-02-22,364,1.0,397000000.0
97745,TMO,2024,383000000.0,WeightedAverageNumberOfDilutedSharesOutstanding,2024-12-31,10-K,2025-02-20,365,1.0,383000000.0
97745,TMO,2025,383000000.0,WeightedAverageNumberOfDilutedSharesOutstanding,2024-12-31,10-K,2026-02-26,365,1.0,383000000.0
100493,TSN,2014,370000000.0,WeightedAverageNumberOfDilutedSharesOutstanding,2012-09-29,10-K,2014-11-17,363,1.0,370000000.0
100493,TSN,2015,413000000.0,WeightedAverageNumberOfDilutedSharesOutstanding,2015-10-03,10-K,2015-11-23,370,1.0,413000000.0
100493,TSN,2016,413000000.0,WeightedAverageNumberOfDilutedSharesOutstanding,2015-10-03,10-K,2016-11-21,370,1.0,413000000.0
100493,TSN,2017,413000000.0,WeightedAverageNumberOfDilutedSharesOutstanding,2015-10-03,10-K,2017-11-13,370,1.0,413000000.0
100493,TSN,2018,390000000.0,WeightedAverageNumberOfDilutedSharesOutstanding,2016-10-01,10-K,2018-11-13,363,1.0,390000000.0
100493,TSN,2019,370000000.0,WeightedAverageNumberOfDilutedSharesOutstanding,2017-09-30,10-K,2019-11-12,363,1.0,370000000.0
100493,TSN,2020,365000000.0,WeightedAverageNumberOfDilutedSharesOutstanding,2020-10-03,10-K/A,2021-02-11,370,1.0,365000000.0
100493,TSN,2021,365000000.0,WeightedAverageNumberOfDilutedSharesOutstanding,2020-10-03,10-K,2021-11-15,370,1.0,365000000.0
100493,TSN,2022,365000000.0,WeightedAverageNumberOfDilutedSharesOutstanding,2020-10-03,10-K,2022-11-14,370,1.0,365000000.0
100493,TSN,2023,365000000.0,WeightedAverageNumberOfDilutedSharesOutstanding,2021-10-02,10-K,2023-11-13,363,1.0,365000000.0
100493,TSN,2024,363000000.0,WeightedAverageNumberOfDilutedSharesOutstanding,2022-10-01,10-K,2024-11-12,363,1.0,363000000.0
100493,TSN,2025,284000000.0,WeightedAverageNumberOfDilutedSharesOutstanding,2023-09-30,10-K,2025-11-10,363,1.0,284000000.0
100517,UAL,2014,331000000.0,WeightedAverageNumberOfDilutedSharesOutstanding,2012-12-31,10-K,2015-02-20,365,1.0,331000000.0
100517,UAL,2015,391000000.0,WeightedAverageNumberOfDilutedSharesOutstanding,2013-12-31,10-K,2016-02-18,364,1.0,391000000.0
100517,UAL,2016,330300000.0,WeightedAverageNumberOfDilutedSharesOutstanding,2016-12-31,10-K,2017-02-23,365,1.0,330300000.0
100517,UAL,2017,330300000.0,WeightedAverageNumberOfDilutedSharesOutstanding,2016-12-31,10-K,2018-02-22,365,1.0,330300000.0
100517,UAL,2018,330300000.0,WeightedAverageNumberOfDilutedSharesOutstanding,2016-12-31,10-K,2019-02-28,365,1.0,330300000.0
100517,UAL,2019,303600000.0,WeightedAverageNumberOfDilutedSharesOutstanding,2017-12-31,10-K,2020-02-25,364,1.0,303600000.0
100517,UAL,2020,279400000.0,WeightedAverageNumberOfDilutedSharesOutstanding,2020-12-31,10-K,2021-03-01,365,1.0,279400000.0
100517,UAL,2021,279400000.0,WeightedAverageNumberOfDilutedSharesOutstanding,2020-12-31,10-K,2022-02-18,365,1.0,279400000.0
100517,UAL,2022,279400000.0,WeightedAverageNumberOfDilutedSharesOutstanding,2020-12-31,10-K,2023-02-16,365,1.0,279400000.0
100517,UAL,2023,321900000.0,WeightedAverageNumberOfDilutedSharesOutstanding,2021-12-31,10-K,2024-02-29,364,1.0,321900000.0
100517,UAL,2024,333200000.0,WeightedAverageNumberOfDilutedSharesOutstanding,2024-12-31,10-K,2025-02-27,365,1.0,333200000.0
100517,UAL,2025,333200000.0,WeightedAverageNumberOfDilutedSharesOutstanding,2024-12-31,10-K,2026-02-12,365,1.0,333200000.0
100885,UNP,2014,952900000.0,WeightedAverageNumberOfDilutedSharesOutstanding,2012-12-31,10-K,2015-02-06,365,2.0,1905800000.0
100885,UNP,2015,931500000.0,WeightedAverageNumberOfDilutedSharesOutstanding,2013-12-31,10-K,2016-02-05,364,2.0,1863000000.0
100885,UNP,2016,835400000.0,WeightedAverageNumberOfDilutedSharesOutstanding,2016-12-31,10-K,2017-02-03,365,1.0,835400000.0
100885,UNP,2017,835400000.0,WeightedAverageNumberOfDilutedSharesOutstanding,2016-12-31,10-K,2018-02-09,365,1.0,835400000.0
100885,UNP,2018,835400000.0,WeightedAverageNumberOfDilutedSharesOutstanding,2016-12-31,10-K,2019-02-08,365,1.0,835400000.0
100885,UNP,2019,801700000.0,WeightedAverageNumberOfDilutedSharesOutstanding,2017-12-31,10-K,2020-02-07,364,1.0,801700000.0
100885,UNP,2020,679100000.0,WeightedAverageNumberOfDilutedSharesOutstanding,2020-12-31,10-K,2021-02-05,365,1.0,679100000.0
100885,UNP,2021,679100000.0,WeightedAverageNumberOfDilutedSharesOutstanding,2020-12-31,10-K,2022-02-04,365,1.0,679100000.0
100885,UNP,2022,679100000.0,WeightedAverageNumberOfDilutedSharesOutstanding,2020-12-31,10-K,2023-02-10,365,1.0,679100000.0
100885,UNP,2023,655400000.0,WeightedAverageNumberOfDilutedSharesOutstanding,2021-12-31,10-K,2024-02-09,364,1.0,655400000.0
100885,UNP,2024,608600000.0,WeightedAverageNumberOfDilutedSharesOutstanding,2024-12-31,10-K,2025-02-07,365,1.0,608600000.0
100885,UNP,2025,608600000.0,WeightedAverageNumberOfDilutedSharesOutstanding,2024-12-31,10-K,2026-02-06,365,1.0,608600000.0
101829,RTX,2014,906600000.0,WeightedAverageNumberOfDilutedSharesOutstanding,2012-12-31,10-K,2015-02-05,365,1.589,1440587400.0
101829,RTX,2015,915100000.0,WeightedAverageNumberOfDilutedSharesOutstanding,2013-12-31,10-K,2016-02-11,364,1.589,1454093900.0
101829,RTX,2016,826100000.0,WeightedAverageNumberOfDilutedSharesOutstanding,2016-12-31,10-K,2017-02-09,365,1.589,1312672900.0
101829,RTX,2017,826100000.0,WeightedAverageNumberOfDilutedSharesOutstanding,2016-12-31,10-K,2018-02-09,365,1.589,1312672900.0
101829,RTX,2018,826100000.0,WeightedAverageNumberOfDilutedSharesOutstanding,2016-12-31,10-K,2019-02-07,365,1.589,1312672900.0
101829,RTX,2019,799100000.0,WeightedAverageNumberOfDilutedSharesOutstanding,2017-12-31,10-K,2020-02-06,364,1.589,1269769900.0
101829,RTX,2020,1357800000.0,WeightedAverageNumberOfDilutedSharesOutstanding,2020-12-31,10-K,2021-02-08,365,1.0,1357800000.0
101829,RTX,2021,1357800000.0,WeightedAverageNumberOfDilutedSharesOutstanding,2020-12-31,10-K,2022-02-11,365,1.0,1357800000.0
101829,RTX,2022,1357800000.0,WeightedAverageNumberOfDilutedSharesOutstanding,2020-12-31,10-K,2023-02-07,365,1.0,1357800000.0
101829,RTX,2023,1508500000.0,WeightedAverageNumberOfDilutedSharesOutstanding,2021-12-31,10-K,2024-02-05,364,1.0,1508500000.0
101829,RTX,2024,1343600000.0,WeightedAverageNumberOfDilutedSharesOutstanding,2024-12-31,10-K,2025-02-03,365,1.0,1343600000.0
101829,RTX,2025,1343600000.0,WeightedAverageNumberOfDilutedSharesOutstanding,2024-12-31,10-K,2026-02-06,365,1.0,1343600000.0
104169,WMT,2015,3389000000.0,WeightedAverageNumberOfDilutedSharesOutstanding,2013-01-31,10-K,2015-04-01,365,3.0,10167000000.0
104169,WMT,2016,3283000000.0,WeightedAverageNumberOfDilutedSharesOutstanding,2014-01-31,10-K,2016-03-30,364,3.0,9849000000.0
104169,WMT,2017,3112000000.0,WeightedAverageNumberOfDilutedSharesOutstanding,2017-01-31,10-K,2017-03-31,365,3.0,9336000000.0
104169,WMT,2018,3112000000.0,WeightedAverageNumberOfDilutedSharesOutstanding,2017-01-31,10-K,2018-03-30,365,3.0,9336000000.0
104169,WMT,2019,3112000000.0,WeightedAverageNumberOfDilutedSharesOutstanding,2017-01-31,10-K,2019-03-28,365,3.0,9336000000.0
104169,WMT,2020,3010000000.0,WeightedAverageNumberOfDilutedSharesOutstanding,2018-01-31,10-K,2020-03-20,364,3.0,9030000000.0
104169,WMT,2021,2847000000.0,WeightedAverageNumberOfDilutedSharesOutstanding,2021-01-31,10-K,2021-03-19,365,3.0,8541000000.0
104169,WMT,2022,2847000000.0,WeightedAverageNumberOfDilutedSharesOutstanding,2021-01-31,10-K,2022-03-18,365,3.0,8541000000.0
104169,WMT,2023,2847000000.0,WeightedAverageNumberOfDilutedSharesOutstanding,2021-01-31,10-K,2023-03-17,365,3.0,8541000000.0
104169,WMT,2024,8415000000.0,WeightedAverageNumberOfDilutedSharesOutstanding,2022-01-31,10-K,2024-03-15,364,3.0,25245000000.0
104169,WMT,2025,8081000000.0,WeightedAverageNumberOfDilutedSharesOutstanding,2025-01-31,10-K,2025-03-14,365,1.0,8081000000.0
104169,WMT,2026,8081000000.0,WeightedAverageNumberOfDilutedSharesOutstanding,2025-01-31,10-K,2026-03-13,365,1.0,8081000000.0
105634,EME,2014,67738418.0,WeightedAverageNumberOfDilutedSharesOutstanding,2012-12-31,10-K,2015-02-26,365,1.0,67738418.0
105634,EME,2015,68076841.0,WeightedAverageNumberOfDilutedSharesOutstanding,2013-12-31,10-K,2016-02-25,364,1.0,68076841.0
105634,EME,2016,61206792.0,WeightedAverageNumberOfDilutedSharesOutstanding,2016-12-31,10-K,2017-02-23,365,1.0,61206792.0
105634,EME,2017,61206792.0,WeightedAverageNumberOfDilutedSharesOutstanding,2016-12-31,10-K,2018-02-22,365,1.0,61206792.0
105634,EME,2018,61206792.0,WeightedAverageNumberOfDilutedSharesOutstanding,2016-12-31,10-K,2019-02-21,365,1.0,61206792.0
105634,EME,2019,59618969.0,WeightedAverageNumberOfDilutedSharesOutstanding,2017-12-31,10-K,2020-02-27,364,1.0,59618969.0
105634,EME,2020,55421271.0,WeightedAverageNumberOfDilutedSharesOutstanding,2020-12-31,10-K,2021-02-25,365,1.0,55421271.0
105634,EME,2021,55421271.0,WeightedAverageNumberOfDilutedSharesOutstanding,2020-12-31,10-K,2022-02-24,365,1.0,55421271.0
105634,EME,2022,55421271.0,WeightedAverageNumberOfDilutedSharesOutstanding,2020-12-31,10-K,2023-02-23,365,1.0,55421271.0
105634,EME,2023,54347534.0,WeightedAverageNumberOfDilutedSharesOutstanding,2021-12-31,10-K,2024-02-28,364,1.0,54347534.0
105634,EME,2024,46808293.0,WeightedAverageNumberOfDilutedSharesOutstanding,2024-12-31,10-K,2025-02-26,365,1.0,46808293.0
105634,EME,2025,46808293.0,WeightedAverageNumberOfDilutedSharesOutstanding,2024-12-31,10-K,2026-02-26,365,1.0,46808293.0
105770,WST,2014,71800000.0,WeightedAverageNumberOfDilutedSharesOutstanding,2012-12-31,10-K,2015-02-25,365,2.0,143600000.0
105770,WST,2015,71400000.0,WeightedAverageNumberOfDilutedSharesOutstanding,2013-12-31,10-K,2016-02-26,364,1.0,71400000.0
105770,WST,2016,75000000.0,WeightedAverageNumberOfDilutedSharesOutstanding,2016-12-31,10-K,2017-02-28,365,1.0,75000000.0
105770,WST,2017,75000000.0,WeightedAverageNumberOfDilutedSharesOutstanding,2016-12-31,10-K,2018-02-26,365,1.0,75000000.0
105770,WST,2018,75000000.0,WeightedAverageNumberOfDilutedSharesOutstanding,2016-12-31,10-K,2019-02-28,365,1.0,75000000.0
105770,WST,2019,75800000.0,WeightedAverageNumberOfDilutedSharesOutstanding,2017-12-31,10-K,2020-02-24,364,1.0,75800000.0
105770,WST,2020,75800000.0,WeightedAverageNumberOfDilutedSharesOutstanding,2020-12-31,10-K,2021-02-23,365,1.0,75800000.0
105770,WST,2021,75800000.0,WeightedAverageNumberOfDilutedSharesOutstanding,2020-12-31,10-K,2022-02-22,365,1.0,75800000.0
105770,WST,2022,75800000.0,WeightedAverageNumberOfDilutedSharesOutstanding,2020-12-31,10-K,2023-02-21,365,1.0,75800000.0
105770,WST,2023,76300000.0,WeightedAverageNumberOfDilutedSharesOutstanding,2021-12-31,10-K,2024-02-20,364,1.0,76300000.0
105770,WST,2024,73700000.0,WeightedAverageNumberOfDilutedSharesOutstanding,2024-12-31,10-K,2025-02-18,365,1.0,73700000.0
105770,WST,2025,73700000.0,WeightedAverageNumberOfDilutedSharesOutstanding,2024-12-31,10-K,2026-02-17,365,1.0,73700000.0
106040,WDC,2014,245000000.0,WeightedAverageNumberOfDilutedSharesOutstanding,2012-06-29,10-K,2014-08-15,363,1.323,324135000.0
106040,WDC,2015,237000000.0,WeightedAverageNumberOfDilutedSharesOutstanding,2015-07-03,10-K,2015-08-21,370,1.323,313551000.0
106040,WDC,2016,237000000.0,WeightedAverageNumberOfDilutedSharesOutstanding,2015-07-03,10-K,2016-08-29,370,1.323,313551000.0
106040,WDC,2017,237000000.0,WeightedAverageNumberOfDilutedSharesOutstanding,2015-07-03,10-K,2017-08-29,370,1.323,313551000.0
106040,WDC,2018,242000000.0,WeightedAverageNumberOfDilutedSharesOutstanding,2016-07-01,10-K,2018-08-24,363,1.323,320166000.0
106040,WDC,2019,307000000.0,WeightedAverageNumberOfDilutedSharesOutstanding,2018-06-29,10-K,2019-08-27,363,1.323,406161000.0
106040,WDC,2020,298000000.0,WeightedAverageNumberOfDilutedSharesOutstanding,2020-07-03,10-K,2020-08-28,370,1.323,394254000.0
106040,WDC,2021,298000000.0,WeightedAverageNumberOfDilutedSharesOutstanding,2020-07-03,10-K,2021-08-27,370,1.323,394254000.0
106040,WDC,2022,298000000.0,WeightedAverageNumberOfDilutedSharesOutstanding,2020-07-03,10-K,2022-08-25,370,1.323,394254000.0
106040,WDC,2023,309000000.0,WeightedAverageNumberOfDilutedSharesOutstanding,2021-07-02,10-K,2023-08-22,363,1.323,408807000.0
106040,WDC,2024,316000000.0,WeightedAverageNumberOfDilutedSharesOutstanding,2022-07-01,10-K,2024-08-20,363,1.323,418068000.0
106040,WDC,2025,318000000.0,WeightedAverageNumberOfDilutedSharesOutstanding,2023-06-30,10-K,2025-08-14,363,1.323,420714000.0
106040,WDC,2026,383000000.0,WeightedAverageNumberOfDilutedSharesOutstanding,2026-07-03,10-K,2026-08-14,370,1.0,383000000.0
106535,WY,2014,542310000.0,WeightedAverageNumberOfDilutedSharesOutstanding,2012-12-31,10-K,2015-02-13,365,1.0,542310000.0
106535,WY,2015,571239000.0,WeightedAverageNumberOfDilutedSharesOutstanding,2013-12-31,10-K,2016-02-17,364,1.0,571239000.0
106535,WY,2016,722401000.0,WeightedAverageNumberOfDilutedSharesOutstanding,2016-12-31,10-K,2017-02-24,365,1.0,722401000.0
106535,WY,2017,722401000.0,WeightedAverageNumberOfDilutedSharesOutstanding,2016-12-31,10-K,2018-02-16,365,1.0,722401000.0
106535,WY,2018,722401000.0,WeightedAverageNumberOfDilutedSharesOutstanding,2016-12-31,10-K,2019-02-15,365,1.0,722401000.0
106535,WY,2019,756666000.0,WeightedAverageNumberOfDilutedSharesOutstanding,2017-12-31,10-K,2020-02-14,364,1.0,756666000.0
106535,WY,2020,747899000.0,WeightedAverageNumberOfDilutedSharesOutstanding,2020-12-31,10-K,2021-02-19,365,1.0,747899000.0
106535,WY,2021,747899000.0,WeightedAverageNumberOfDilutedSharesOutstanding,2020-12-31,10-K,2022-02-18,365,1.0,747899000.0
106535,WY,2022,747899000.0,WeightedAverageNumberOfDilutedSharesOutstanding,2020-12-31,10-K,2023-02-17,365,1.0,747899000.0
106535,WY,2023,750983000.0,WeightedAverageNumberOfDilutedSharesOutstanding,2021-12-31,10-K,2024-02-16,364,1.0,750983000.0
106535,WY,2024,728957000.0,WeightedAverageNumberOfDilutedSharesOutstanding,2024-12-31,10-K,2025-02-14,365,1.0,728957000.0
106535,WY,2025,728957000.0,WeightedAverageNumberOfDilutedSharesOutstanding,2024-12-31,10-K,2026-02-13,365,1.0,728957000.0
107263,WMB,2014,625486000.0,WeightedAverageNumberOfDilutedSharesOutstanding,2012-12-31,10-K,2015-02-25,365,1.0,625486000.0
107263,WMB,2015,687185000.0,WeightedAverageNumberOfDilutedSharesOutstanding,2013-12-31,10-K,2016-02-26,364,1.0,687185000.0
107263,WMB,2016,750673000.0,WeightedAverageNumberOfDilutedSharesOutstanding,2016-12-31,10-K,2017-02-22,365,1.0,750673000.0
107263,WMB,2017,750673000.0,WeightedAverageNumberOfDilutedSharesOutstanding,2016-12-31,10-K,2018-02-22,365,1.0,750673000.0
107263,WMB,2018,750673000.0,WeightedAverageNumberOfDilutedSharesOutstanding,2016-12-31,10-K,2019-02-21,365,1.0,750673000.0
107263,WMB,2019,828518000.0,WeightedAverageNumberOfDilutedSharesOutstanding,2017-12-31,10-K,2020-02-24,364,1.0,828518000.0
107263,WMB,2020,1215165000.0,WeightedAverageNumberOfDilutedSharesOutstanding,2020-12-31,10-K,2021-02-24,365,1.0,1215165000.0
107263,WMB,2021,1215165000.0,WeightedAverageNumberOfDilutedSharesOutstanding,2020-12-31,10-K,2022-02-28,365,1.0,1215165000.0
107263,WMB,2022,1215165000.0,WeightedAverageNumberOfDilutedSharesOutstanding,2020-12-31,10-K,2023-02-27,365,1.0,1215165000.0
107263,WMB,2023,1218215000.0,WeightedAverageNumberOfDilutedSharesOutstanding,2021-12-31,10-K,2024-02-21,364,1.0,1218215000.0
107263,WMB,2024,1222954000.0,WeightedAverageNumberOfDilutedSharesOutstanding,2024-12-31,10-K,2025-02-25,365,1.0,1222954000.0
107263,WMB,2025,1223000000.0,WeightedAverageNumberOfDilutedSharesOutstanding,2024-12-31,10-K,2026-02-24,365,1.0,1223000000.0
109198,TJX,2014,747555000.0,WeightedAverageNumberOfDilutedSharesOutstanding,2013-02-02,10-K,2015-03-31,370,2.0,1495110000.0
109198,TJX,2015,726376000.0,WeightedAverageNumberOfDilutedSharesOutstanding,2014-02-01,10-K,2016-03-29,363,2.0,1452752000.0
109198,TJX,2016,703545000.0,WeightedAverageNumberOfDilutedSharesOutstanding,2015-01-31,10-K,2017-03-28,363,2.0,1407090000.0
109198,TJX,2017,646105000.0,WeightedAverageNumberOfDilutedSharesOutstanding,2018-02-03,10-K,2018-04-04,370,2.0,1292210000.0
109198,TJX,2018,1292209000.0,WeightedAverageNumberOfDilutedSharesOutstanding,2018-02-03,10-K,2019-04-03,370,2.0,2584418000.0
109198,TJX,2019,1292209000.0,WeightedAverageNumberOfDilutedSharesOutstanding,2018-02-03,10-K,2020-03-27,370,2.0,2584418000.0
109198,TJX,2020,1259252000.0,WeightedAverageNumberOfDilutedSharesOutstanding,2019-02-02,10-K,2021-03-31,363,1.0,1259252000.0
109198,TJX,2022,1226519000.0,WeightedAverageNumberOfDilutedSharesOutstanding,2020-02-01,10-K,2022-03-30,363,1.0,1226519000.0
109198,TJX,2023,1215000000.0,WeightedAverageNumberOfDilutedSharesOutstanding,2021-01-30,10-K,2023-03-29,363,1.0,1215000000.0
109198,TJX,2024,1159000000.0,WeightedAverageNumberOfDilutedSharesOutstanding,2024-02-03,10-K,2024-04-03,370,1.0,1159000000.0
109198,TJX,2025,1159000000.0,WeightedAverageNumberOfDilutedSharesOutstanding,2024-02-03,10-K,2025-04-02,370,1.0,1159000000.0
109198,TJX,2026,1159000000.0,WeightedAverageNumberOfDilutedSharesOutstanding,2024-02-03,10-K,2026-03-31,370,1.0,1159000000.0
200406,JNJ,2014,2812600000.0,WeightedAverageNumberOfDilutedSharesOutstanding,2012-12-30,10-K,2015-02-24,363,1.0,2812600000.0
200406,JNJ,2015,2812900000.0,WeightedAverageNumberOfDilutedSharesOutstanding,2016-01-03,10-K,2016-02-24,370,1.0,2812900000.0
200406,JNJ,2016,2812900000.0,WeightedAverageNumberOfDilutedSharesOutstanding,2016-01-03,10-K,2017-02-27,370,1.0,2812900000.0
200406,JNJ,2017,2812900000.0,WeightedAverageNumberOfDilutedSharesOutstanding,2016-01-03,10-K,2018-02-21,370,1.0,2812900000.0
200406,JNJ,2018,2788900000.0,WeightedAverageNumberOfDilutedSharesOutstanding,2017-01-01,10-K,2019-02-20,363,1.0,2788900000.0
200406,JNJ,2019,2745300000.0,WeightedAverageNumberOfDilutedSharesOutstanding,2017-12-31,10-K,2020-02-18,363,1.0,2745300000.0
200406,JNJ,2020,2670700000.0,WeightedAverageNumberOfDilutedSharesOutstanding,2021-01-03,10-K,2021-02-22,370,1.0,2670700000.0
200406,JNJ,2021,2670700000.0,WeightedAverageNumberOfDilutedSharesOutstanding,2021-01-03,10-K,2022-02-17,370,1.0,2670700000.0
200406,JNJ,2022,2670700000.0,WeightedAverageNumberOfDilutedSharesOutstanding,2021-01-03,10-K,2023-02-16,370,1.0,2670700000.0
200406,JNJ,2023,2674000000.0,WeightedAverageNumberOfDilutedSharesOutstanding,2022-01-02,10-K,2024-02-16,363,1.0,2674000000.0
200406,JNJ,2024,2663900000.0,WeightedAverageNumberOfDilutedSharesOutstanding,2023-01-01,10-K,2025-02-13,363,1.0,2663900000.0
200406,JNJ,2025,2560400000.0,WeightedAverageNumberOfDilutedSharesOutstanding,2023-12-31,10-K,2026-02-11,363,1.0,2560400000.0
202058,LHX,2014,114800000.0,WeightedAverageNumberOfDilutedSharesOutstanding,2012-06-29,10-K,2014-08-25,363,1.0,114800000.0
202058,LHX,2015,106800000.0,WeightedAverageNumberOfDilutedSharesOutstanding,2015-07-03,10-K,2015-08-31,370,1.0,106800000.0
202058,LHX,2016,106800000.0,WeightedAverageNumberOfDilutedSharesOutstanding,2015-07-03,10-K,2016-08-29,370,1.0,106800000.0
202058,LHX,2017,106800000.0,WeightedAverageNumberOfDilutedSharesOutstanding,2015-07-03,10-K,2017-08-29,370,1.0,106800000.0
202058,LHX,2018,125000000.0,WeightedAverageNumberOfDilutedSharesOutstanding,2016-07-01,10-K,2018-08-27,363,1.0,125000000.0
202058,LHX,2019,124300000.0,WeightedAverageNumberOfDilutedSharesOutstanding,2017-06-30,10-K,2019-08-22,363,1.0,124300000.0
202058,LHX,2020,169000000.0,WeightedAverageNumberOfDilutedSharesOutstanding,2020-01-03,10-K,2021-03-01,370,1.0,169000000.0
202058,LHX,2021,169000000.0,WeightedAverageNumberOfDilutedSharesOutstanding,2020-01-03,10-K,2022-02-25,370,1.0,169000000.0
202058,LHX,2022,215900000.0,WeightedAverageNumberOfDilutedSharesOutstanding,2021-01-01,10-K,2023-02-24,363,1.0,215900000.0
202058,LHX,2023,203200000.0,WeightedAverageNumberOfDilutedSharesOutstanding,2021-12-31,10-K,2024-02-20,363,1.0,203200000.0
202058,LHX,2024,190700000.0,WeightedAverageNumberOfDilutedSharesOutstanding,2025-01-03,10-K,2025-02-14,370,1.0,190700000.0
202058,LHX,2025,190700000.0,WeightedAverageNumberOfDilutedSharesOutstanding,2025-01-03,10-K,2026-02-12,370,1.0,190700000.0
217346,TXT,2014,281790000.0,WeightedAverageNumberOfDilutedSharesOutstanding,2015-01-03,10-K,2015-02-25,370,1.0,281790000.0
217346,TXT,2015,281790000.0,WeightedAverageNumberOfDilutedSharesOutstanding,2015-01-03,10-K,2016-02-24,370,1.0,281790000.0
217346,TXT,2016,281790000.0,WeightedAverageNumberOfDilutedSharesOutstanding,2015-01-03,10-K,2017-02-22,370,1.0,281790000.0
217346,TXT,2017,278727000.0,WeightedAverageNumberOfDilutedSharesOutstanding,2016-01-02,10-K,2018-02-15,363,1.0,278727000.0
217346,TXT,2018,272365000.0,WeightedAverageNumberOfDilutedSharesOutstanding,2016-12-31,10-K,2019-02-14,363,1.0,272365000.0
217346,TXT,2019,232709000.0,WeightedAverageNumberOfDilutedSharesOutstanding,2020-01-04,10-K,2020-02-25,370,1.0,232709000.0
217346,TXT,2020,232709000.0,WeightedAverageNumberOfDilutedSharesOutstanding,2020-01-04,10-K,2021-02-19,370,1.0,232709000.0
217346,TXT,2021,232709000.0,WeightedAverageNumberOfDilutedSharesOutstanding,2020-01-04,10-K,2022-02-17,370,1.0,232709000.0
217346,TXT,2022,228979000.0,WeightedAverageNumberOfDilutedSharesOutstanding,2021-01-02,10-K,2023-02-16,363,1.0,228979000.0
217346,TXT,2023,226520000.0,WeightedAverageNumberOfDilutedSharesOutstanding,2022-01-01,10-K,2024-02-12,363,1.0,226520000.0
217346,TXT,2024,214973000.0,WeightedAverageNumberOfDilutedSharesOutstanding,2022-12-31,10-K,2025-02-06,363,1.0,214973000.0
217346,TXT,2025,180258000.0,WeightedAverageNumberOfDilutedSharesOutstanding,2026-01-03,10-K,2026-02-11,370,1.0,180258000.0
277135,GWW,2014,71181733.0,WeightedAverageNumberOfDilutedSharesOutstanding,2012-12-31,10-K,2015-02-27,365,1.0,71181733.0
277135,GWW,2015,70576432.0,WeightedAverageNumberOfDilutedSharesOutstanding,2013-12-31,10-K,2016-02-29,364,1.0,70576432.0
277135,GWW,2016,60839930.0,WeightedAverageNumberOfDilutedSharesOutstanding,2016-12-31,10-K,2017-02-28,365,1.0,60839930.0
277135,GWW,2017,60839930.0,WeightedAverageNumberOfDilutedSharesOutstanding,2016-12-31,10-K,2018-02-26,365,1.0,60839930.0
277135,GWW,2018,60839930.0,WeightedAverageNumberOfDilutedSharesOutstanding,2016-12-31,10-K,2019-02-28,365,1.0,60839930.0
277135,GWW,2019,58000000.0,WeightedAverageNumberOfDilutedSharesOutstanding,2017-12-31,10-K,2020-02-20,364,1.0,58000000.0
277135,GWW,2020,53700000.0,WeightedAverageNumberOfDilutedSharesOutstanding,2020-12-31,10-K,2021-02-24,365,1.0,53700000.0
277135,GWW,2021,53700000.0,WeightedAverageNumberOfDilutedSharesOutstanding,2020-12-31,10-K,2022-02-23,365,1.0,53700000.0
277135,GWW,2022,53700000.0,WeightedAverageNumberOfDilutedSharesOutstanding,2020-12-31,10-K,2023-02-21,365,1.0,53700000.0
277135,GWW,2023,52200000.0,WeightedAverageNumberOfDilutedSharesOutstanding,2021-12-31,10-K,2024-02-22,364,1.0,52200000.0
277135,GWW,2024,49000000.0,WeightedAverageNumberOfDilutedSharesOutstanding,2024-12-31,10-K,2025-02-20,365,1.0,49000000.0
277135,GWW,2025,49000000.0,WeightedAverageNumberOfDilutedSharesOutstanding,2024-12-31,10-K,2026-02-19,365,1.0,49000000.0
277948,CSX,2014,1040000000.0,WeightedAverageNumberOfDilutedSharesOutstanding,2012-12-28,10-K,2015-02-11,363,3.0,3120000000.0
277948,CSX,2015,1019000000.0,WeightedAverageNumberOfDilutedSharesOutstanding,2013-12-27,10-K,2016-02-10,363,3.0,3057000000.0
277948,CSX,2016,948000000.0,WeightedAverageNumberOfDilutedSharesOutstanding,2016-12-30,10-K,2017-02-14,370,3.0,2844000000.0
277948,CSX,2017,948000000.0,WeightedAverageNumberOfDilutedSharesOutstanding,2016-12-30,10-K,2018-02-07,370,3.0,2844000000.0
277948,CSX,2018,948000000.0,WeightedAverageNumberOfDilutedSharesOutstanding,2016-12-30,10-K,2019-02-06,370,3.0,2844000000.0
277948,CSX,2019,914000000.0,WeightedAverageNumberOfDilutedSharesOutstanding,2017-12-31,10-K,2020-02-12,365,3.0,2742000000.0
277948,CSX,2020,768000000.0,WeightedAverageNumberOfDilutedSharesOutstanding,2020-12-31,10-K,2021-02-10,365,3.0,2304000000.0
277948,CSX,2021,2305000000.0,WeightedAverageNumberOfDilutedSharesOutstanding,2020-12-31,10-K,2022-02-16,365,3.0,6915000000.0
277948,CSX,2022,2305000000.0,WeightedAverageNumberOfDilutedSharesOutstanding,2020-12-31,10-K,2023-02-15,365,3.0,6915000000.0
277948,CSX,2023,2255000000.0,WeightedAverageNumberOfDilutedSharesOutstanding,2021-12-31,10-K,2024-02-14,364,1.0,2255000000.0
277948,CSX,2024,1943000000.0,WeightedAverageNumberOfDilutedSharesOutstanding,2024-12-31,10-K,2025-02-27,365,1.0,1943000000.0
277948,CSX,2025,1943000000.0,WeightedAverageNumberOfDilutedSharesOutstanding,2024-12-31,10-K,2026-02-12,365,1.0,1943000000.0
310158,MRK,2014,3076000000.0,WeightedAverageNumberOfDilutedSharesOutstanding,2012-12-31,10-K,2015-02-27,365,1.048,3223648000.0
310158,MRK,2015,2996000000.0,WeightedAverageNumberOfDilutedSharesOutstanding,2013-12-31,10-K,2016-02-26,364,1.048,3139808000.0
310158,MRK,2016,2787000000.0,WeightedAverageNumberOfDilutedSharesOutstanding,2016-12-31,10-K,2017-02-28,365,1.048,2920776000.0
310158,MRK,2017,2787000000.0,WeightedAverageNumberOfDilutedSharesOutstanding,2016-12-31,10-K,2018-02-27,365,1.048,2920776000.0
310158,MRK,2018,2787000000.0,WeightedAverageNumberOfDilutedSharesOutstanding,2016-12-31,10-K,2019-02-27,365,1.048,2920776000.0
310158,MRK,2019,2748000000.0,WeightedAverageNumberOfDilutedSharesOutstanding,2017-12-31,10-K,2020-02-26,364,1.048,2879904000.0
310158,MRK,2020,2541000000.0,WeightedAverageNumberOfDilutedSharesOutstanding,2020-12-31,10-K,2021-02-25,365,1.048,2662968000.0
310158,MRK,2021,2541000000.0,WeightedAverageNumberOfDilutedSharesOutstanding,2020-12-31,10-K,2022-02-25,365,1.048,2662968000.0
310158,MRK,2022,2541000000.0,WeightedAverageNumberOfDilutedSharesOutstanding,2020-12-31,10-K,2023-02-24,365,1.048,2662968000.0
310158,MRK,2023,2538000000.0,WeightedAverageNumberOfDilutedSharesOutstanding,2021-12-31,10-K,2024-02-26,364,1.0,2538000000.0
310158,MRK,2024,2541000000.0,WeightedAverageNumberOfDilutedSharesOutstanding,2024-12-31,10-K,2025-02-25,365,1.0,2541000000.0
310158,MRK,2025,2541000000.0,WeightedAverageNumberOfDilutedSharesOutstanding,2024-12-31,10-K,2026-02-24,365,1.0,2541000000.0
310764,SYK,2014,383000000.0,WeightedAverageNumberOfDilutedSharesOutstanding,2012-12-31,10-K,2015-02-12,365,1.0,383000000.0
310764,SYK,2015,382100000.0,WeightedAverageNumberOfDilutedSharesOutstanding,2013-12-31,10-K,2016-02-11,364,1.0,382100000.0
310764,SYK,2016,378500000.0,WeightedAverageNumberOfDilutedSharesOutstanding,2016-12-31,10-K,2017-02-09,365,1.0,378500000.0
310764,SYK,2017,378500000.0,WeightedAverageNumberOfDilutedSharesOutstanding,2016-12-31,10-K,2018-02-08,365,1.0,378500000.0
310764,SYK,2018,378500000.0,WeightedAverageNumberOfDilutedSharesOutstanding,2016-12-31,10-K,2019-02-07,365,1.0,378500000.0
310764,SYK,2019,380100000.0,WeightedAverageNumberOfDilutedSharesOutstanding,2017-12-31,10-K,2020-02-06,364,1.0,380100000.0
310764,SYK,2020,380300000.0,WeightedAverageNumberOfDilutedSharesOutstanding,2020-12-31,10-K,2021-02-11,365,1.0,380300000.0
310764,SYK,2021,380300000.0,WeightedAverageNumberOfDilutedSharesOutstanding,2020-12-31,10-K,2022-02-11,365,1.0,380300000.0
310764,SYK,2022,380300000.0,WeightedAverageNumberOfDilutedSharesOutstanding,2020-12-31,10-K,2023-02-10,365,1.0,380300000.0
310764,SYK,2023,382300000.0,WeightedAverageNumberOfDilutedSharesOutstanding,2021-12-31,10-K,2024-02-14,364,1.0,382300000.0
310764,SYK,2024,385600000.0,WeightedAverageNumberOfDilutedSharesOutstanding,2024-12-31,10-K,2025-02-12,365,1.0,385600000.0
310764,SYK,2025,385600000.0,WeightedAverageNumberOfDilutedSharesOutstanding,2024-12-31,10-K,2026-02-11,365,1.0,385600000.0
313616,DHR,2014,713100000.0,WeightedAverageNumberOfDilutedSharesOutstanding,2012-12-31,10-K,2015-02-25,365,1.4878319999999998,1060972999.1999999
313616,DHR,2015,711000000.0,WeightedAverageNumberOfDilutedSharesOutstanding,2013-12-31,10-K,2016-02-24,364,1.4878319999999998,1057848551.9999999
313616,DHR,2016,699800000.0,WeightedAverageNumberOfDilutedSharesOutstanding,2016-12-31,10-K,2017-02-22,365,1.128,789374399.9999999
313616,DHR,2017,699800000.0,WeightedAverageNumberOfDilutedSharesOutstanding,2016-12-31,10-K,2018-02-21,365,1.128,789374399.9999999
313616,DHR,2018,699800000.0,WeightedAverageNumberOfDilutedSharesOutstanding,2016-12-31,10-K,2019-02-21,365,1.128,789374399.9999999
313616,DHR,2019,706100000.0,WeightedAverageNumberOfDilutedSharesOutstanding,2017-12-31,10-K,2020-02-21,364,1.128,796480799.9999999
313616,DHR,2020,718700000.0,WeightedAverageNumberOfDilutedSharesOutstanding,2020-12-31,10-K,2021-02-25,365,1.128,810693599.9999999
313616,DHR,2021,718700000.0,WeightedAverageNumberOfDilutedSharesOutstanding,2020-12-31,10-K,2022-02-23,365,1.128,810693599.9999999
313616,DHR,2022,718700000.0,WeightedAverageNumberOfDilutedSharesOutstanding,2020-12-31,10-K,2023-02-22,365,1.128,810693599.9999999
313616,DHR,2023,736800000.0,WeightedAverageNumberOfDilutedSharesOutstanding,2021-12-31,10-K,2024-02-21,364,1.128,831110399.9999999
313616,DHR,2024,737200000.0,WeightedAverageNumberOfDilutedSharesOutstanding,2024-12-31,10-K,2025-02-20,365,1.0,737200000.0
313616,DHR,2025,737200000.0,WeightedAverageNumberOfDilutedSharesOutstanding,2024-12-31,10-K,2026-02-24,365,1.0,737200000.0
313927,CHD,2014,142700000.0,WeightedAverageNumberOfDilutedSharesOutstanding,2012-12-31,10-K,2015-02-20,365,2.0,285400000.0
313927,CHD,2015,141200000.0,WeightedAverageNumberOfDilutedSharesOutstanding,2013-12-31,10-K,2016-02-19,364,2.0,282400000.0
313927,CHD,2016,262100000.0,WeightedAverageNumberOfDilutedSharesOutstanding,2016-12-31,10-K,2017-02-24,365,1.0,262100000.0
313927,CHD,2017,262100000.0,WeightedAverageNumberOfDilutedSharesOutstanding,2016-12-31,10-K,2018-02-23,365,1.0,262100000.0
313927,CHD,2018,262100000.0,WeightedAverageNumberOfDilutedSharesOutstanding,2016-12-31,10-K,2019-02-21,365,1.0,262100000.0
313927,CHD,2019,256100000.0,WeightedAverageNumberOfDilutedSharesOutstanding,2017-12-31,10-K,2020-02-18,364,1.0,256100000.0
313927,CHD,2020,252200000.0,WeightedAverageNumberOfDilutedSharesOutstanding,2020-12-31,10-K,2021-02-18,365,1.0,252200000.0
313927,CHD,2021,252200000.0,WeightedAverageNumberOfDilutedSharesOutstanding,2020-12-31,10-K,2022-02-17,365,1.0,252200000.0
313927,CHD,2022,252200000.0,WeightedAverageNumberOfDilutedSharesOutstanding,2020-12-31,10-K,2023-02-16,365,1.0,252200000.0
313927,CHD,2023,249600000.0,WeightedAverageNumberOfDilutedSharesOutstanding,2021-12-31,10-K,2024-02-15,364,1.0,249600000.0
313927,CHD,2024,246900000.0,WeightedAverageNumberOfDilutedSharesOutstanding,2024-12-31,10-K,2025-02-13,365,1.0,246900000.0
313927,CHD,2025,246900000.0,WeightedAverageNumberOfDilutedSharesOutstanding,2024-12-31,10-K,2026-02-12,365,1.0,246900000.0
315189,DE,2014,401500000.0,WeightedAverageNumberOfDilutedSharesOutstanding,2012-10-31,10-K,2014-12-19,365,1.0,401500000.0
315189,DE,2015,389200000.0,WeightedAverageNumberOfDilutedSharesOutstanding,2013-10-31,10-K/A,2016-02-01,364,1.0,389200000.0
315189,DE,2016,316600000.0,WeightedAverageNumberOfDilutedSharesOutstanding,2016-10-31,10-K,2016-12-19,365,1.0,316600000.0
315189,DE,2017,336000000.0,WeightedAverageNumberOfDilutedSharesOutstanding,2015-11-01,10-K,2017-12-18,363,1.0,336000000.0
315189,DE,2018,316600000.0,WeightedAverageNumberOfDilutedSharesOutstanding,2016-10-30,10-K,2018-12-17,363,1.0,316600000.0
315189,DE,2019,320600000.0,WeightedAverageNumberOfDilutedSharesOutstanding,2019-11-03,10-K,2019-12-19,370,1.0,320600000.0
315189,DE,2020,320600000.0,WeightedAverageNumberOfDilutedSharesOutstanding,2019-11-03,10-K,2020-12-17,370,1.0,320600000.0
315189,DE,2021,320600000.0,WeightedAverageNumberOfDilutedSharesOutstanding,2019-11-03,10-K,2021-12-16,370,1.0,320600000.0
315189,DE,2022,316600000.0,WeightedAverageNumberOfDilutedSharesOutstanding,2020-11-01,10-K,2022-12-15,363,1.0,316600000.0
315189,DE,2023,314000000.0,WeightedAverageNumberOfDilutedSharesOutstanding,2021-10-31,10-K,2023-12-15,363,1.0,314000000.0
315189,DE,2024,306300000.0,WeightedAverageNumberOfDilutedSharesOutstanding,2022-10-30,10-K,2024-12-12,363,1.0,306300000.0
315189,DE,2025,271700000.0,WeightedAverageNumberOfDilutedSharesOutstanding,2025-11-02,10-K,2025-12-18,370,1.0,271700000.0
315293,AON,2014,332600000.0,WeightedAverageNumberOfDilutedSharesOutstanding,2012-12-31,10-K,2015-02-24,365,1.0,332600000.0
315293,AON,2015,315400000.0,WeightedAverageNumberOfDilutedSharesOutstanding,2013-12-31,10-K,2016-02-22,364,1.0,315400000.0
315293,AON,2016,270300000.0,WeightedAverageNumberOfDilutedSharesOutstanding,2016-12-31,10-K,2017-02-23,365,1.0,270300000.0
315293,AON,2017,270300000.0,WeightedAverageNumberOfDilutedSharesOutstanding,2016-12-31,10-K,2018-02-20,365,1.0,270300000.0
315293,AON,2018,270300000.0,WeightedAverageNumberOfDilutedSharesOutstanding,2016-12-31,10-K,2019-02-19,365,1.0,270300000.0
315293,AON,2019,260700000.0,WeightedAverageNumberOfDilutedSharesOutstanding,2017-12-31,10-K,2020-02-14,364,1.0,260700000.0
315293,AON,2020,233100000.0,WeightedAverageNumberOfDilutedSharesOutstanding,2020-12-31,10-K,2021-02-19,365,1.0,233100000.0
315293,AON,2021,233100000.0,WeightedAverageNumberOfDilutedSharesOutstanding,2020-12-31,10-K,2022-02-18,365,1.0,233100000.0
315293,AON,2022,233100000.0,WeightedAverageNumberOfDilutedSharesOutstanding,2020-12-31,10-K,2023-02-17,365,1.0,233100000.0
315293,AON,2023,226100000.0,WeightedAverageNumberOfDilutedSharesOutstanding,2021-12-31,10-K,2024-02-16,364,1.0,226100000.0
315293,AON,2024,212500000.0,WeightedAverageNumberOfDilutedSharesOutstanding,2024-12-31,10-K,2025-02-18,365,1.0,212500000.0
315293,AON,2025,212500000.0,WeightedAverageNumberOfDilutedSharesOutstanding,2024-12-31,10-K,2026-02-13,365,1.0,212500000.0
316709,SCHW,2014,1275000000.0,WeightedAverageNumberOfDilutedSharesOutstanding,2012-12-31,10-K,2015-02-23,365,1.0,1275000000.0
316709,SCHW,2015,1293000000.0,WeightedAverageNumberOfDilutedSharesOutstanding,2013-12-31,10-K,2016-02-24,364,1.0,1293000000.0
316709,SCHW,2016,1334000000.0,WeightedAverageNumberOfDilutedSharesOutstanding,2016-12-31,10-K,2017-02-23,365,1.0,1334000000.0
316709,SCHW,2017,1334000000.0,WeightedAverageNumberOfDilutedSharesOutstanding,2016-12-31,10-K,2018-02-22,365,1.0,1334000000.0
316709,SCHW,2018,1334000000.0,WeightedAverageNumberOfDilutedSharesOutstanding,2016-12-31,10-K,2019-02-22,365,1.0,1334000000.0
316709,SCHW,2019,1353000000.0,WeightedAverageNumberOfDilutedSharesOutstanding,2017-12-31,10-K,2020-02-26,364,1.0,1353000000.0
316709,SCHW,2020,1435000000.0,WeightedAverageNumberOfDilutedSharesOutstanding,2020-12-31,10-K,2021-02-24,365,1.0,1435000000.0
316709,SCHW,2021,1435000000.0,WeightedAverageNumberOfDilutedSharesOutstanding,2020-12-31,10-K,2022-02-24,365,1.0,1435000000.0
316709,SCHW,2022,1435000000.0,WeightedAverageNumberOfDilutedSharesOutstanding,2020-12-31,10-K,2023-02-24,365,1.0,1435000000.0
316709,SCHW,2023,1897000000.0,WeightedAverageNumberOfDilutedSharesOutstanding,2021-12-31,10-K,2024-02-23,364,1.0,1897000000.0
316709,SCHW,2024,1834000000.0,WeightedAverageNumberOfDilutedSharesOutstanding,2024-12-31,10-K,2025-02-26,365,1.0,1834000000.0
316709,SCHW,2025,1834000000.0,WeightedAverageNumberOfDilutedSharesOutstanding,2024-12-31,10-K,2026-02-25,365,1.0,1834000000.0
318154,AMGN,2014,787000000.0,WeightedAverageNumberOfDilutedSharesOutstanding,2012-12-31,10-K,2015-02-19,365,1.0,787000000.0
318154,AMGN,2015,765000000.0,WeightedAverageNumberOfDilutedSharesOutstanding,2013-12-31,10-K,2016-02-16,364,1.0,765000000.0
318154,AMGN,2016,754000000.0,WeightedAverageNumberOfDilutedSharesOutstanding,2016-12-31,10-K,2017-02-14,365,1.0,754000000.0
318154,AMGN,2017,754000000.0,WeightedAverageNumberOfDilutedSharesOutstanding,2016-12-31,10-K,2018-02-13,365,1.0,754000000.0
318154,AMGN,2018,754000000.0,WeightedAverageNumberOfDilutedSharesOutstanding,2016-12-31,10-K,2019-02-13,365,1.0,754000000.0
318154,AMGN,2019,735000000.0,WeightedAverageNumberOfDilutedSharesOutstanding,2017-12-31,10-K,2020-02-12,364,1.0,735000000.0
318154,AMGN,2020,590000000.0,WeightedAverageNumberOfDilutedSharesOutstanding,2020-12-31,10-K,2021-02-09,365,1.0,590000000.0
318154,AMGN,2021,590000000.0,WeightedAverageNumberOfDilutedSharesOutstanding,2020-12-31,10-K,2022-02-16,365,1.0,590000000.0
318154,AMGN,2022,590000000.0,WeightedAverageNumberOfDilutedSharesOutstanding,2020-12-31,10-K,2023-02-09,365,1.0,590000000.0
318154,AMGN,2023,573000000.0,WeightedAverageNumberOfDilutedSharesOutstanding,2021-12-31,10-K,2024-02-14,364,1.0,573000000.0
318154,AMGN,2024,541000000.0,WeightedAverageNumberOfDilutedSharesOutstanding,2024-12-31,10-K,2025-02-14,365,1.0,541000000.0
318154,AMGN,2025,541000000.0,WeightedAverageNumberOfDilutedSharesOutstanding,2024-12-31,10-K,2026-02-13,365,1.0,541000000.0
319201,KLAC,2014,170147000.0,WeightedAverageNumberOfDilutedSharesOutstanding,2012-06-30,10-K,2014-08-08,365,10.0,1701470000.0
319201,KLAC,2015,169260000.0,WeightedAverageNumberOfDilutedSharesOutstanding,2013-06-30,10-K,2015-08-07,364,10.0,1692600000.0
319201,KLAC,2016,156779000.0,WeightedAverageNumberOfDilutedSharesOutstanding,2016-06-30,10-K,2016-08-05,365,10.0,1567790000.0
319201,KLAC,2017,156779000.0,WeightedAverageNumberOfDilutedSharesOutstanding,2016-06-30,10-K,2017-08-04,365,10.0,1567790000.0
319201,KLAC,2018,156779000.0,WeightedAverageNumberOfDilutedSharesOutstanding,2016-06-30,10-K,2018-08-06,365,10.0,1567790000.0
319201,KLAC,2019,157481000.0,WeightedAverageNumberOfDilutedSharesOutstanding,2017-06-30,10-K,2019-08-16,364,10.0,1574810000.0
319201,KLAC,2020,158005000.0,WeightedAverageNumberOfDilutedSharesOutstanding,2020-06-30,10-K,2020-08-10,365,10.0,1580050000.0
319201,KLAC,2021,158005000.0,WeightedAverageNumberOfDilutedSharesOutstanding,2020-06-30,10-K,2021-08-06,365,10.0,1580050000.0
319201,KLAC,2022,158005000.0,WeightedAverageNumberOfDilutedSharesOutstanding,2020-06-30,10-K,2022-08-05,365,10.0,1580050000.0
319201,KLAC,2023,155437000.0,WeightedAverageNumberOfDilutedSharesOutstanding,2021-06-30,10-K,2023-08-04,364,10.0,1554370000.0
319201,KLAC,2024,136187000.0,WeightedAverageNumberOfDilutedSharesOutstanding,2024-06-30,10-K,2024-08-05,365,10.0,1361870000.0
319201,KLAC,2025,136187000.0,WeightedAverageNumberOfDilutedSharesOutstanding,2024-06-30,10-K,2025-08-08,365,10.0,1361870000.0
319201,KLAC,2026,1361869000.0,WeightedAverageNumberOfDilutedSharesOutstanding,2024-06-30,10-K,2026-08-06,365,10.0,13618690000.0
320187,NKE,2014,939600000.0,WeightedAverageNumberOfDilutedSharesOutstanding,2012-05-31,10-K,2014-07-25,365,4.0,3758400000.0
320187,NKE,2015,916400000.0,WeightedAverageNumberOfDilutedSharesOutstanding,2013-05-31,10-K,2015-07-23,364,2.0,1832800000.0
320187,NKE,2016,1742500000.0,WeightedAverageNumberOfDilutedSharesOutstanding,2016-05-31,10-K,2016-07-21,365,1.0,1742500000.0
320187,NKE,2017,1742500000.0,WeightedAverageNumberOfDilutedSharesOutstanding,2016-05-31,10-K,2017-07-20,365,1.0,1742500000.0
320187,NKE,2018,1742500000.0,WeightedAverageNumberOfDilutedSharesOutstanding,2016-05-31,10-K,2018-07-25,365,1.0,1742500000.0
320187,NKE,2019,1692000000.0,WeightedAverageNumberOfDilutedSharesOutstanding,2017-05-31,10-K,2019-07-23,364,1.0,1692000000.0
320187,NKE,2020,1591600000.0,WeightedAverageNumberOfDilutedSharesOutstanding,2020-05-31,10-K,2020-07-24,365,1.0,1591600000.0
320187,NKE,2021,1591600000.0,WeightedAverageNumberOfDilutedSharesOutstanding,2020-05-31,10-K,2021-07-20,365,1.0,1591600000.0
320187,NKE,2022,1591600000.0,WeightedAverageNumberOfDilutedSharesOutstanding,2020-05-31,10-K,2022-07-21,365,1.0,1591600000.0
320187,NKE,2023,1609400000.0,WeightedAverageNumberOfDilutedSharesOutstanding,2021-05-31,10-K,2023-07-20,364,1.0,1609400000.0
320187,NKE,2024,1529700000.0,WeightedAverageNumberOfDilutedSharesOutstanding,2024-05-31,10-K,2024-07-25,365,1.0,1529700000.0
320187,NKE,2025,1529700000.0,WeightedAverageNumberOfDilutedSharesOutstanding,2024-05-31,10-K,2025-07-17,365,1.0,1529700000.0
320187,NKE,2026,1529700000.0,WeightedAverageNumberOfDilutedSharesOutstanding,2024-05-31,10-K,2026-07-15,365,1.0,1529700000.0
320193,AAPL,2014,6617483000.0,WeightedAverageNumberOfDilutedSharesOutstanding,2012-09-29,10-K,2014-10-27,370,28.0,185289524000.0
320193,AAPL,2015,6521634000.0,WeightedAverageNumberOfDilutedSharesOutstanding,2013-09-28,10-K,2015-10-28,363,28.0,182605752000.0
320193,AAPL,2016,6122663000.0,WeightedAverageNumberOfDilutedSharesOutstanding,2014-09-27,10-K,2016-10-26,363,4.0,24490652000.0
320193,AAPL,2017,5251692000.0,WeightedAverageNumberOfDilutedSharesOutstanding,2017-09-30,10-K,2017-11-03,370,4.0,21006768000.0
320193,AAPL,2018,5251692000.0,WeightedAverageNumberOfDilutedSharesOutstanding,2017-09-30,10-K,2018-11-05,370,4.0,21006768000.0
320193,AAPL,2019,5251692000.0,WeightedAverageNumberOfDilutedSharesOutstanding,2017-09-30,10-K,2019-10-31,370,4.0,21006768000.0
320193,AAPL,2020,20000435000.0,WeightedAverageNumberOfDilutedSharesOutstanding,2018-09-29,10-K,2020-10-30,363,4.0,80001740000.0
320193,AAPL,2021,18595651000.0,WeightedAverageNumberOfDilutedSharesOutstanding,2019-09-28,10-K,2021-10-29,363,4.0,74382604000.0
320193,AAPL,2022,17528214000.0,WeightedAverageNumberOfDilutedSharesOutstanding,2020-09-26,10-K,2022-10-28,363,1.0,17528214000.0
320193,AAPL,2023,15812547000.0,WeightedAverageNumberOfDilutedSharesOutstanding,2023-09-30,10-K,2023-11-03,370,1.0,15812547000.0
320193,AAPL,2024,15812547000.0,WeightedAverageNumberOfDilutedSharesOutstanding,2023-09-30,10-K,2024-11-01,370,1.0,15812547000.0
320193,AAPL,2025,15812547000.0,WeightedAverageNumberOfDilutedSharesOutstanding,2023-09-30,10-K,2025-10-31,370,1.0,15812547000.0
320335,GL,2014,146847582.0,WeightedAverageNumberOfDilutedSharesOutstanding,2012-12-31,10-K,2015-02-27,365,1.5,220271373.0
320335,GL,2015,139563785.0,WeightedAverageNumberOfDilutedSharesOutstanding,2013-12-31,10-K,2016-02-26,364,1.5,209345677.5
320335,GL,2016,122367785.0,WeightedAverageNumberOfDilutedSharesOutstanding,2016-12-31,10-K,2017-02-27,365,1.0,122367785.0
320335,GL,2017,122367785.0,WeightedAverageNumberOfDilutedSharesOutstanding,2016-12-31,10-K,2018-02-27,365,1.0,122367785.0
320335,GL,2018,122367785.0,WeightedAverageNumberOfDilutedSharesOutstanding,2016-12-31,10-K,2019-03-01,365,1.0,122367785.0
320335,GL,2019,118983494.0,WeightedAverageNumberOfDilutedSharesOutstanding,2017-12-31,10-K,2020-02-27,364,1.0,118983494.0
320335,GL,2020,107224594.0,WeightedAverageNumberOfDilutedSharesOutstanding,2020-12-31,10-K,2021-02-25,365,1.0,107224594.0
320335,GL,2021,107224594.0,WeightedAverageNumberOfDilutedSharesOutstanding,2020-12-31,10-K,2022-02-24,365,1.0,107224594.0
320335,GL,2022,107224594.0,WeightedAverageNumberOfDilutedSharesOutstanding,2020-12-31,10-K,2023-02-23,365,1.0,107224594.0
320335,GL,2023,103170132.0,WeightedAverageNumberOfDilutedSharesOutstanding,2021-12-31,10-K,2024-02-28,364,1.0,103170132.0
320335,GL,2024,89661422.0,WeightedAverageNumberOfDilutedSharesOutstanding,2024-12-31,10-K,2025-02-26,365,1.0,89661422.0
320335,GL,2025,89661422.0,WeightedAverageNumberOfDilutedSharesOutstanding,2024-12-31,10-K,2026-02-25,365,1.0,89661422.0
352541,LNT,2019,229700000.0,WeightedAverageNumberOfDilutedSharesOutstanding,2017-12-31,10-K,2020-02-21,364,1.0,229700000.0
352541,LNT,2020,248700000.0,WeightedAverageNumberOfDilutedSharesOutstanding,2020-12-31,10-K,2021-02-19,365,1.0,248700000.0
352541,LNT,2021,248700000.0,WeightedAverageNumberOfDilutedSharesOutstanding,2020-12-31,10-K,2022-02-18,365,1.0,248700000.0
352541,LNT,2022,248700000.0,WeightedAverageNumberOfDilutedSharesOutstanding,2020-12-31,10-K,2023-02-24,365,1.0,248700000.0
352541,LNT,2023,250700000.0,WeightedAverageNumberOfDilutedSharesOutstanding,2021-12-31,10-K,2024-02-16,364,1.0,250700000.0
352541,LNT,2024,256800000.0,WeightedAverageNumberOfDilutedSharesOutstanding,2024-12-31,10-K,2025-02-21,365,1.0,256800000.0
352541,LNT,2025,256800000.0,WeightedAverageNumberOfDilutedSharesOutstanding,2024-12-31,10-K,2026-02-20,365,1.0,256800000.0
352915,UHS,2014,97711000.0,WeightedAverageNumberOfDilutedSharesOutstanding,2012-12-31,10-K,2015-02-26,365,1.0,97711000.0
352915,UHS,2015,99361000.0,WeightedAverageNumberOfDilutedSharesOutstanding,2013-12-31,10-K,2016-02-25,364,1.0,99361000.0
352915,UHS,2016,98380000.0,WeightedAverageNumberOfDilutedSharesOutstanding,2016-12-31,10-K,2017-02-28,365,1.0,98380000.0
352915,UHS,2017,98380000.0,WeightedAverageNumberOfDilutedSharesOutstanding,2016-12-31,10-K,2018-02-28,365,1.0,98380000.0
352915,UHS,2018,98380000.0,WeightedAverageNumberOfDilutedSharesOutstanding,2016-12-31,10-K,2019-02-27,365,1.0,98380000.0
352915,UHS,2019,96325000.0,WeightedAverageNumberOfDilutedSharesOutstanding,2017-12-31,10-K,2020-02-26,364,1.0,96325000.0
352915,UHS,2020,85587000.0,WeightedAverageNumberOfDilutedSharesOutstanding,2020-12-31,10-K,2021-02-25,365,1.0,85587000.0
352915,UHS,2021,85587000.0,WeightedAverageNumberOfDilutedSharesOutstanding,2020-12-31,10-K,2022-02-24,365,1.0,85587000.0
352915,UHS,2022,85587000.0,WeightedAverageNumberOfDilutedSharesOutstanding,2020-12-31,10-K,2023-02-27,365,1.0,85587000.0
352915,UHS,2023,83692000.0,WeightedAverageNumberOfDilutedSharesOutstanding,2021-12-31,10-K,2024-02-27,364,1.0,83692000.0
352915,UHS,2024,67896000.0,WeightedAverageNumberOfDilutedSharesOutstanding,2024-12-31,10-K,2025-02-26,365,1.0,67896000.0
352915,UHS,2025,67896000.0,WeightedAverageNumberOfDilutedSharesOutstanding,2024-12-31,10-K,2026-02-25,365,1.0,67896000.0
354950,HD,2014,1511000000.0,WeightedAverageNumberOfDilutedSharesOutstanding,2013-02-03,10-K,2015-03-26,370,1.0,1511000000.0
354950,HD,2015,1434000000.0,WeightedAverageNumberOfDilutedSharesOutstanding,2014-02-02,10-K,2016-03-24,363,1.0,1434000000.0
354950,HD,2016,1346000000.0,WeightedAverageNumberOfDilutedSharesOutstanding,2015-02-01,10-K,2017-03-23,363,1.0,1346000000.0
354950,HD,2017,1283000000.0,WeightedAverageNumberOfDilutedSharesOutstanding,2016-01-31,10-K,2018-03-22,363,1.0,1283000000.0
354950,HD,2018,1143000000.0,WeightedAverageNumberOfDilutedSharesOutstanding,2019-02-03,10-K,2019-03-28,370,1.0,1143000000.0
354950,HD,2019,1143000000.0,WeightedAverageNumberOfDilutedSharesOutstanding,2019-02-03,10-K,2020-03-25,370,1.0,1143000000.0
354950,HD,2020,1143000000.0,WeightedAverageNumberOfDilutedSharesOutstanding,2019-02-03,10-K,2021-03-24,370,1.0,1143000000.0
354950,HD,2021,1097000000.0,WeightedAverageNumberOfDilutedSharesOutstanding,2020-02-02,10-K,2022-03-23,363,1.0,1097000000.0
354950,HD,2022,1078000000.0,WeightedAverageNumberOfDilutedSharesOutstanding,2021-01-31,10-K,2023-03-15,363,1.0,1078000000.0
354950,HD,2023,1058000000.0,WeightedAverageNumberOfDilutedSharesOutstanding,2022-01-30,10-K,2024-03-13,363,1.0,1058000000.0
354950,HD,2024,993000000.0,WeightedAverageNumberOfDilutedSharesOutstanding,2025-02-02,10-K,2025-03-21,370,1.0,993000000.0
354950,HD,2025,993000000.0,WeightedAverageNumberOfDilutedSharesOutstanding,2025-02-02,10-K,2026-03-18,370,1.0,993000000.0
702165,NSC,2016,296000000.0,WeightedAverageNumberOfDilutedSharesOutstanding,2016-12-31,10-K,2017-02-06,365,1.0,296000000.0
702165,NSC,2017,296000000.0,WeightedAverageNumberOfDilutedSharesOutstanding,2016-12-31,10-K,2018-02-05,365,1.0,296000000.0
702165,NSC,2018,296000000.0,WeightedAverageNumberOfDilutedSharesOutstanding,2016-12-31,10-K,2019-02-08,365,1.0,296000000.0
702165,NSC,2019,290300000.0,WeightedAverageNumberOfDilutedSharesOutstanding,2017-12-31,10-K,2020-02-06,364,1.0,290300000.0
702165,NSC,2020,256600000.0,WeightedAverageNumberOfDilutedSharesOutstanding,2020-12-31,10-K,2021-02-04,365,1.0,256600000.0
702165,NSC,2021,256600000.0,WeightedAverageNumberOfDilutedSharesOutstanding,2020-12-31,10-K,2022-02-04,365,1.0,256600000.0
702165,NSC,2022,256600000.0,WeightedAverageNumberOfDilutedSharesOutstanding,2020-12-31,10-K,2023-02-03,365,1.0,256600000.0
702165,NSC,2023,248100000.0,WeightedAverageNumberOfDilutedSharesOutstanding,2021-12-31,10-K,2024-02-05,364,1.0,248100000.0
702165,NSC,2024,226400000.0,WeightedAverageNumberOfDilutedSharesOutstanding,2024-12-31,10-K,2025-02-10,365,1.0,226400000.0
702165,NSC,2025,226400000.0,WeightedAverageNumberOfDilutedSharesOutstanding,2024-12-31,10-K,2026-02-09,365,1.0,226400000.0
707549,LRCX,2014,173430000.0,WeightedAverageNumberOfDilutedSharesOutstanding,2013-06-30,10-K,2014-08-26,370,10.0,1734300000.0
707549,LRCX,2015,173430000.0,WeightedAverageNumberOfDilutedSharesOutstanding,2013-06-30,10-K,2015-08-13,364,10.0,1734300000.0
707549,LRCX,2016,174503000.0,WeightedAverageNumberOfDilutedSharesOutstanding,2014-06-29,10-K,2016-08-17,363,10.0,1745030000.0
707549,LRCX,2017,177067000.0,WeightedAverageNumberOfDilutedSharesOutstanding,2015-06-28,10-K,2017-08-15,363,10.0,1770670000.0
707549,LRCX,2018,175159000.0,WeightedAverageNumberOfDilutedSharesOutstanding,2016-06-26,10-K,2018-08-14,363,10.0,1751590000.0
707549,LRCX,2019,159915000.0,WeightedAverageNumberOfDilutedSharesOutstanding,2019-06-30,10-K,2019-08-20,370,10.0,1599150000.0
707549,LRCX,2020,159915000.0,WeightedAverageNumberOfDilutedSharesOutstanding,2019-06-30,10-K,2020-08-18,370,10.0,1599150000.0
707549,LRCX,2021,159915000.0,WeightedAverageNumberOfDilutedSharesOutstanding,2019-06-30,10-K,2021-08-17,370,10.0,1599150000.0
707549,LRCX,2022,149090000.0,WeightedAverageNumberOfDilutedSharesOutstanding,2020-06-28,10-K,2022-08-24,363,10.0,1490900000.0
707549,LRCX,2023,145320000.0,WeightedAverageNumberOfDilutedSharesOutstanding,2021-06-27,10-K,2023-08-15,363,10.0,1453200000.0
707549,LRCX,2024,131995000.0,WeightedAverageNumberOfDilutedSharesOutstanding,2024-06-30,10-K,2024-08-29,370,10.0,1319950000.0
707549,LRCX,2025,1319949000.0,WeightedAverageNumberOfDilutedSharesOutstanding,2024-06-30,10-K,2025-08-11,370,10.0,13199490000.0
707549,LRCX,2026,1319949000.0,WeightedAverageNumberOfDilutedSharesOutstanding,2024-06-30,10-K,2026-08-07,370,10.0,13199490000.0
711404,COO,2014,49152000.0,WeightedAverageNumberOfDilutedSharesOutstanding,2012-10-31,10-K,2014-12-19,365,4.0,196608000.0
711404,COO,2015,49685000.0,WeightedAverageNumberOfDilutedSharesOutstanding,2013-10-31,10-K,2015-12-18,364,4.0,198740000.0
711404,COO,2016,49026000.0,WeightedAverageNumberOfDilutedSharesOutstanding,2016-10-31,10-K,2016-12-22,365,4.0,196104000.0
711404,COO,2017,49000000.0,WeightedAverageNumberOfDilutedSharesOutstanding,2016-10-31,10-K,2017-12-22,365,4.0,196000000.0
711404,COO,2018,49000000.0,WeightedAverageNumberOfDilutedSharesOutstanding,2016-10-31,10-K,2018-12-21,365,4.0,196000000.0
711404,COO,2019,49600000.0,WeightedAverageNumberOfDilutedSharesOutstanding,2017-10-31,10-K,2019-12-20,364,4.0,198400000.0
711404,COO,2020,49600000.0,WeightedAverageNumberOfDilutedSharesOutstanding,2020-10-31,10-K,2020-12-11,365,4.0,198400000.0
711404,COO,2021,49600000.0,WeightedAverageNumberOfDilutedSharesOutstanding,2020-10-31,10-K,2021-12-10,365,4.0,198400000.0
711404,COO,2022,49600000.0,WeightedAverageNumberOfDilutedSharesOutstanding,2020-10-31,10-K,2022-12-09,365,4.0,198400000.0
711404,COO,2023,49800000.0,WeightedAverageNumberOfDilutedSharesOutstanding,2021-10-31,10-K,2023-12-08,364,4.0,199200000.0
711404,COO,2024,200400000.0,WeightedAverageNumberOfDilutedSharesOutstanding,2024-10-31,10-K,2024-12-06,365,1.0,200400000.0
711404,COO,2025,200400000.0,WeightedAverageNumberOfDilutedSharesOutstanding,2024-10-31,10-K,2025-12-05,365,1.0,200400000.0
713676,PNC,2014,529000000.0,WeightedAverageNumberOfDilutedSharesOutstanding,2012-12-31,10-K,2015-03-02,365,1.0,529000000.0
713676,PNC,2015,532000000.0,WeightedAverageNumberOfDilutedSharesOutstanding,2013-12-31,10-K,2016-02-29,364,1.0,532000000.0
713676,PNC,2016,500000000.0,WeightedAverageNumberOfDilutedSharesOutstanding,2016-12-31,10-K,2017-02-28,365,1.0,500000000.0
713676,PNC,2017,500000000.0,WeightedAverageNumberOfDilutedSharesOutstanding,2016-12-31,10-K,2018-02-28,365,1.0,500000000.0
713676,PNC,2018,500000000.0,WeightedAverageNumberOfDilutedSharesOutstanding,2016-12-31,10-K,2019-03-01,365,1.0,500000000.0
713676,PNC,2019,486000000.0,WeightedAverageNumberOfDilutedSharesOutstanding,2017-12-31,10-K,2020-03-02,364,1.0,486000000.0
713676,PNC,2020,427000000.0,WeightedAverageNumberOfDilutedSharesOutstanding,2020-12-31,10-K,2021-02-26,365,1.0,427000000.0
713676,PNC,2021,427000000.0,WeightedAverageNumberOfDilutedSharesOutstanding,2020-12-31,10-K,2022-02-25,365,1.0,427000000.0
713676,PNC,2022,427000000.0,WeightedAverageNumberOfDilutedSharesOutstanding,2020-12-31,10-K,2023-02-22,365,1.0,427000000.0
713676,PNC,2023,426000000.0,WeightedAverageNumberOfDilutedSharesOutstanding,2021-12-31,10-K,2024-02-21,364,1.0,426000000.0
713676,PNC,2024,400000000.0,WeightedAverageNumberOfDilutedSharesOutstanding,2024-12-31,10-K,2025-02-21,365,1.0,400000000.0
713676,PNC,2025,400000000.0,WeightedAverageNumberOfDilutedSharesOutstanding,2024-12-31,10-K,2026-02-20,365,1.0,400000000.0
715957,D,2014,573900000.0,WeightedAverageNumberOfDilutedSharesOutstanding,2012-12-31,10-K,2015-02-27,365,1.0,573900000.0
715957,D,2015,579500000.0,WeightedAverageNumberOfDilutedSharesOutstanding,2013-12-31,10-K,2016-02-26,364,1.0,579500000.0
715957,D,2016,617100000.0,WeightedAverageNumberOfDilutedSharesOutstanding,2016-12-31,10-K,2017-02-28,365,1.0,617100000.0
715957,D,2017,617100000.0,WeightedAverageNumberOfDilutedSharesOutstanding,2016-12-31,10-K,2018-02-27,365,1.0,617100000.0
715957,D,2018,617100000.0,WeightedAverageNumberOfDilutedSharesOutstanding,2016-12-31,10-K,2019-02-28,365,1.0,617100000.0
715957,D,2019,636000000.0,WeightedAverageNumberOfDilutedSharesOutstanding,2017-12-31,10-K,2020-02-28,364,1.0,636000000.0
715957,D,2020,831000000.0,WeightedAverageNumberOfDilutedSharesOutstanding,2020-12-31,10-K,2021-02-25,365,1.0,831000000.0
715957,D,2021,831000000.0,WeightedAverageNumberOfDilutedSharesOutstanding,2020-12-31,10-K,2022-02-24,365,1.0,831000000.0
715957,D,2022,831000000.0,WeightedAverageNumberOfDilutedSharesOutstanding,2020-12-31,10-K,2023-02-21,365,1.0,831000000.0
715957,D,2023,808500000.0,WeightedAverageNumberOfDilutedSharesOutstanding,2021-12-31,10-K,2024-02-23,364,1.0,808500000.0
715957,D,2024,839400000.0,WeightedAverageNumberOfDilutedSharesOutstanding,2024-12-31,10-K,2025-02-27,365,1.0,839400000.0
715957,D,2025,839400000.0,WeightedAverageNumberOfDilutedSharesOutstanding,2024-12-31,10-K,2026-02-23,365,1.0,839400000.0
719955,WSM,2014,101051000.0,WeightedAverageNumberOfDilutedSharesOutstanding,2013-02-03,10-K,2015-04-02,368,2.0,202102000.0
719955,WSM,2015,98765000.0,WeightedAverageNumberOfDilutedSharesOutstanding,2014-02-02,10-K,2016-03-31,363,2.0,197530000.0
719955,WSM,2016,95200000.0,WeightedAverageNumberOfDilutedSharesOutstanding,2015-02-01,10-K,2017-03-30,363,2.0,190400000.0
719955,WSM,2017,92102000.0,WeightedAverageNumberOfDilutedSharesOutstanding,2016-01-31,10-K,2018-03-29,363,2.0,184204000.0
719955,WSM,2019,82340000.0,WeightedAverageNumberOfDilutedSharesOutstanding,2019-02-03,10-K,2020-03-27,370,2.0,164680000.0
719955,WSM,2020,82340000.0,WeightedAverageNumberOfDilutedSharesOutstanding,2019-02-03,10-K,2021-03-30,370,2.0,164680000.0
719955,WSM,2021,79225000.0,WeightedAverageNumberOfDilutedSharesOutstanding,2020-02-02,10-K,2022-03-28,363,2.0,158450000.0
719955,WSM,2022,79055000.0,WeightedAverageNumberOfDilutedSharesOutstanding,2021-01-31,10-K,2023-03-24,363,2.0,158110000.0
719955,WSM,2023,76354000.0,WeightedAverageNumberOfDilutedSharesOutstanding,2022-01-30,10-K,2024-03-20,363,2.0,152708000.0
719955,WSM,2024,128041000.0,WeightedAverageNumberOfDilutedSharesOutstanding,2025-02-02,10-K,2025-03-27,370,1.0,128041000.0
719955,WSM,2025,128041000.0,WeightedAverageNumberOfDilutedSharesOutstanding,2025-02-02,10-K,2026-03-26,370,1.0,128041000.0
720005,RJF,2014,131791000.0,WeightedAverageNumberOfDilutedSharesOutstanding,2012-09-30,10-K,2014-11-25,365,1.5,197686500.0
720005,RJF,2015,140541000.0,WeightedAverageNumberOfDilutedSharesOutstanding,2013-09-30,10-K,2015-11-25,364,1.5,210811500.0
720005,RJF,2016,144513000.0,WeightedAverageNumberOfDilutedSharesOutstanding,2016-09-30,10-K,2016-11-22,365,1.5,216769500.0
720005,RJF,2017,144513000.0,WeightedAverageNumberOfDilutedSharesOutstanding,2016-09-30,10-K,2017-11-22,365,1.5,216769500.0
720005,RJF,2018,144513000.0,WeightedAverageNumberOfDilutedSharesOutstanding,2016-09-30,10-K,2018-11-21,365,1.5,216769500.0
720005,RJF,2019,146600000.0,WeightedAverageNumberOfDilutedSharesOutstanding,2017-09-30,10-K,2019-11-26,364,1.5,219900000.0
720005,RJF,2020,140200000.0,WeightedAverageNumberOfDilutedSharesOutstanding,2020-09-30,10-K,2020-11-24,365,1.5,210300000.0
720005,RJF,2021,210300000.0,WeightedAverageNumberOfDilutedSharesOutstanding,2020-09-30,10-K,2021-11-23,365,1.5,315450000.0
720005,RJF,2022,210300000.0,WeightedAverageNumberOfDilutedSharesOutstanding,2020-09-30,10-K,2022-11-22,365,1.5,315450000.0
720005,RJF,2023,211200000.0,WeightedAverageNumberOfDilutedSharesOutstanding,2021-09-30,10-K,2023-11-21,364,1.0,211200000.0
720005,RJF,2024,212300000.0,WeightedAverageNumberOfDilutedSharesOutstanding,2024-09-30,10-K,2024-11-26,365,1.0,212300000.0
720005,RJF,2025,212300000.0,WeightedAverageNumberOfDilutedSharesOutstanding,2024-09-30,10-K,2025-11-25,365,1.0,212300000.0
721371,CAH,2014,349000000.0,WeightedAverageNumberOfDilutedSharesOutstanding,2012-06-30,10-K,2014-08-13,365,1.0,349000000.0
721371,CAH,2015,344000000.0,WeightedAverageNumberOfDilutedSharesOutstanding,2013-06-30,10-K,2015-08-13,364,1.0,344000000.0
721371,CAH,2016,330000000.0,WeightedAverageNumberOfDilutedSharesOutstanding,2016-06-30,10-K,2016-08-12,365,1.0,330000000.0
721371,CAH,2017,330000000.0,WeightedAverageNumberOfDilutedSharesOutstanding,2016-06-30,10-K,2017-08-10,365,1.0,330000000.0
721371,CAH,2018,330000000.0,WeightedAverageNumberOfDilutedSharesOutstanding,2016-06-30,10-K,2018-08-22,365,1.0,330000000.0
721371,CAH,2019,320000000.0,WeightedAverageNumberOfDilutedSharesOutstanding,2017-06-30,10-K,2019-08-20,364,1.0,320000000.0
721371,CAH,2020,293000000.0,WeightedAverageNumberOfDilutedSharesOutstanding,2020-06-30,10-K,2020-08-13,365,1.0,293000000.0
721371,CAH,2021,293000000.0,WeightedAverageNumberOfDilutedSharesOutstanding,2020-06-30,10-K,2021-08-16,365,1.0,293000000.0
721371,CAH,2022,293000000.0,WeightedAverageNumberOfDilutedSharesOutstanding,2020-06-30,10-K,2022-08-11,365,1.0,293000000.0
721371,CAH,2023,294000000.0,WeightedAverageNumberOfDilutedSharesOutstanding,2021-06-30,10-K,2023-08-15,364,1.0,294000000.0
721371,CAH,2024,247000000.0,WeightedAverageNumberOfDilutedSharesOutstanding,2024-06-30,10-K,2024-08-14,365,1.0,247000000.0
721371,CAH,2025,247000000.0,WeightedAverageNumberOfDilutedSharesOutstanding,2024-06-30,10-K,2025-08-12,365,1.0,247000000.0
721371,CAH,2026,247000000.0,WeightedAverageNumberOfDilutedSharesOutstanding,2024-06-30,10-K,2026-08-11,365,1.0,247000000.0
723125,MU,2014,991000000.0,WeightedAverageNumberOfDilutedSharesOutstanding,2012-08-30,10-K,2014-10-27,363,1.0,991000000.0
723125,MU,2015,1170000000.0,WeightedAverageNumberOfDilutedSharesOutstanding,2015-09-03,10-K,2015-10-27,370,1.0,1170000000.0
723125,MU,2016,1170000000.0,WeightedAverageNumberOfDilutedSharesOutstanding,2015-09-03,10-K,2016-10-28,370,1.0,1170000000.0
723125,MU,2017,1170000000.0,WeightedAverageNumberOfDilutedSharesOutstanding,2015-09-03,10-K,2017-10-26,370,1.0,1170000000.0
723125,MU,2018,1036000000.0,WeightedAverageNumberOfDilutedSharesOutstanding,2016-09-01,10-K,2018-10-15,363,1.0,1036000000.0
723125,MU,2019,1154000000.0,WeightedAverageNumberOfDilutedSharesOutstanding,2017-08-31,10-K,2019-10-17,363,1.0,1154000000.0
723125,MU,2020,1131000000.0,WeightedAverageNumberOfDilutedSharesOutstanding,2020-09-03,10-K,2020-10-19,370,1.0,1131000000.0
723125,MU,2021,1131000000.0,WeightedAverageNumberOfDilutedSharesOutstanding,2020-09-03,10-K,2021-10-08,370,1.0,1131000000.0
723125,MU,2022,1131000000.0,WeightedAverageNumberOfDilutedSharesOutstanding,2020-09-03,10-K,2022-10-07,370,1.0,1131000000.0
723125,MU,2023,1141000000.0,WeightedAverageNumberOfDilutedSharesOutstanding,2021-09-02,10-K,2023-10-06,363,1.0,1141000000.0
723125,MU,2024,1122000000.0,WeightedAverageNumberOfDilutedSharesOutstanding,2022-09-01,10-K,2024-10-04,363,1.0,1122000000.0
723125,MU,2025,1093000000.0,WeightedAverageNumberOfDilutedSharesOutstanding,2023-08-31,10-K,2025-10-03,363,1.0,1093000000.0
723254,CTAS,2014,130033000.0,WeightedAverageNumberOfDilutedSharesOutstanding,2012-05-31,10-K,2014-07-30,365,4.0,520132000.0
723254,CTAS,2015,124531000.0,WeightedAverageNumberOfDilutedSharesOutstanding,2013-05-31,10-K,2015-07-30,364,4.0,498124000.0
723254,CTAS,2016,109956000.0,WeightedAverageNumberOfDilutedSharesOutstanding,2016-05-31,10-K,2016-07-29,365,4.0,439824000.0
723254,CTAS,2017,109956000.0,WeightedAverageNumberOfDilutedSharesOutstanding,2016-05-31,10-K,2017-07-31,365,4.0,439824000.0
723254,CTAS,2018,109956000.0,WeightedAverageNumberOfDilutedSharesOutstanding,2016-05-31,10-K,2018-07-27,365,4.0,439824000.0
723254,CTAS,2019,107783000.0,WeightedAverageNumberOfDilutedSharesOutstanding,2017-05-31,10-K,2019-07-26,364,4.0,431132000.0
723254,CTAS,2020,107012000.0,WeightedAverageNumberOfDilutedSharesOutstanding,2020-05-31,10-K,2020-07-29,365,4.0,428048000.0
723254,CTAS,2021,107012000.0,WeightedAverageNumberOfDilutedSharesOutstanding,2020-05-31,10-K,2021-07-28,365,4.0,428048000.0
723254,CTAS,2022,107012000.0,WeightedAverageNumberOfDilutedSharesOutstanding,2020-05-31,10-K,2022-07-27,365,4.0,428048000.0
723254,CTAS,2023,107707000.0,WeightedAverageNumberOfDilutedSharesOutstanding,2021-05-31,10-K,2023-07-27,364,4.0,430828000.0
723254,CTAS,2024,103367000.0,WeightedAverageNumberOfDilutedSharesOutstanding,2024-05-31,10-K,2024-07-25,365,4.0,413468000.0
723254,CTAS,2025,413468000.0,WeightedAverageNumberOfDilutedSharesOutstanding,2024-05-31,10-K,2025-07-28,365,4.0,1653872000.0
723254,CTAS,2026,413468000.0,WeightedAverageNumberOfDilutedSharesOutstanding,2024-05-31,10-K,2026-07-29,365,4.0,1653872000.0
723531,PAYX,2014,363000000.0,WeightedAverageNumberOfDilutedSharesOutstanding,2012-05-31,10-K,2014-07-22,365,1.0,363000000.0
723531,PAYX,2015,364700000.0,WeightedAverageNumberOfDilutedSharesOutstanding,2013-05-31,10-K,2015-07-21,364,1.0,364700000.0
723531,PAYX,2016,362500000.0,WeightedAverageNumberOfDilutedSharesOutstanding,2016-05-31,10-K,2016-07-22,365,1.0,362500000.0
723531,PAYX,2017,362500000.0,WeightedAverageNumberOfDilutedSharesOutstanding,2016-05-31,10-K,2017-07-21,365,1.0,362500000.0
723531,PAYX,2018,362500000.0,WeightedAverageNumberOfDilutedSharesOutstanding,2016-05-31,10-K,2018-07-20,365,1.0,362500000.0
723531,PAYX,2019,362600000.0,WeightedAverageNumberOfDilutedSharesOutstanding,2017-05-31,10-K,2019-07-24,364,1.0,362600000.0
723531,PAYX,2020,361000000.0,WeightedAverageNumberOfDilutedSharesOutstanding,2020-05-31,10-K,2020-07-17,365,1.0,361000000.0
723531,PAYX,2021,361000000.0,WeightedAverageNumberOfDilutedSharesOutstanding,2020-05-31,10-K,2021-07-16,365,1.0,361000000.0
723531,PAYX,2022,361000000.0,WeightedAverageNumberOfDilutedSharesOutstanding,2020-05-31,10-K,2022-07-15,365,1.0,361000000.0
723531,PAYX,2023,362100000.0,WeightedAverageNumberOfDilutedSharesOutstanding,2021-05-31,10-K,2023-07-14,364,1.0,362100000.0
723531,PAYX,2024,362100000.0,WeightedAverageNumberOfDilutedSharesOutstanding,2024-05-31,10-K,2024-07-11,365,1.0,362100000.0
723531,PAYX,2025,362100000.0,WeightedAverageNumberOfDilutedSharesOutstanding,2024-05-31,10-K,2025-07-11,365,1.0,362100000.0
723531,PAYX,2026,362100000.0,WeightedAverageNumberOfDilutedSharesOutstanding,2024-05-31,10-K,2026-07-17,365,1.0,362100000.0
726728,O,2014,132884933.0,WeightedAverageNumberOfDilutedSharesOutstanding,2012-12-31,10-K,2015-02-18,365,1.032,137137250.856
726728,O,2015,191781622.0,WeightedAverageNumberOfDilutedSharesOutstanding,2013-12-31,10-K,2016-02-11,364,1.032,197918633.904
726728,O,2016,255624250.0,WeightedAverageNumberOfDilutedSharesOutstanding,2016-12-31,10-K,2017-02-23,365,1.032,263804226.0
726728,O,2017,255624250.0,WeightedAverageNumberOfDilutedSharesOutstanding,2016-12-31,10-K,2018-02-22,365,1.032,263804226.0
726728,O,2018,255624250.0,WeightedAverageNumberOfDilutedSharesOutstanding,2016-12-31,10-K/A,2019-03-01,365,1.032,263804226.0
726728,O,2019,273936752.0,WeightedAverageNumberOfDilutedSharesOutstanding,2017-12-31,10-K,2020-02-24,364,1.032,282702728.064
726728,O,2020,345415258.0,WeightedAverageNumberOfDilutedSharesOutstanding,2020-12-31,10-K,2021-02-23,365,1.032,356468546.256
726728,O,2021,345415258.0,WeightedAverageNumberOfDilutedSharesOutstanding,2020-12-31,10-K,2022-02-23,365,1.032,356468546.256
726728,O,2022,345415258.0,WeightedAverageNumberOfDilutedSharesOutstanding,2020-12-31,10-K,2023-02-22,365,1.032,356468546.256
726728,O,2023,414770000.0,WeightedAverageNumberOfDilutedSharesOutstanding,2021-12-31,10-K,2024-02-21,364,1.0,414770000.0
726728,O,2024,863792000.0,WeightedAverageNumberOfDilutedSharesOutstanding,2024-12-31,10-K,2025-02-25,365,1.0,863792000.0
726728,O,2025,863792000.0,WeightedAverageNumberOfDilutedSharesOutstanding,2024-12-31,10-K,2026-02-25,365,1.0,863792000.0
726958,CASY,2014,38391704.0,WeightedAverageNumberOfDilutedSharesOutstanding,2012-04-30,10-K/A,2014-12-10,365,1.0,38391704.0
726958,CASY,2015,38620076.0,WeightedAverageNumberOfDilutedSharesOutstanding,2013-04-30,10-K,2015-06-26,364,1.0,38620076.0
726958,CASY,2016,39422199.0,WeightedAverageNumberOfDilutedSharesOutstanding,2016-04-30,10-K,2016-06-27,365,1.0,39422199.0
726958,CASY,2017,39422199.0,WeightedAverageNumberOfDilutedSharesOutstanding,2016-04-30,10-K,2017-06-29,365,1.0,39422199.0
726958,CASY,2018,39422199.0,WeightedAverageNumberOfDilutedSharesOutstanding,2016-04-30,10-K,2018-06-29,365,1.0,39422199.0
726958,CASY,2019,39578998.0,WeightedAverageNumberOfDilutedSharesOutstanding,2017-04-30,10-K,2019-06-28,364,1.0,39578998.0
726958,CASY,2020,37185828.0,WeightedAverageNumberOfDilutedSharesOutstanding,2020-04-30,10-K,2020-06-26,365,1.0,37185828.0
726958,CASY,2021,37185828.0,WeightedAverageNumberOfDilutedSharesOutstanding,2020-04-30,10-K,2021-06-25,365,1.0,37185828.0
726958,CASY,2022,37185828.0,WeightedAverageNumberOfDilutedSharesOutstanding,2020-04-30,10-K,2022-06-24,365,1.0,37185828.0
726958,CASY,2023,37356138.0,WeightedAverageNumberOfDilutedSharesOutstanding,2021-04-30,10-K,2023-06-23,364,1.0,37356138.0
726958,CASY,2024,37370306.0,WeightedAverageNumberOfDilutedSharesOutstanding,2024-04-30,10-K,2024-06-24,365,1.0,37370306.0
726958,CASY,2025,37370306.0,WeightedAverageNumberOfDilutedSharesOutstanding,2024-04-30,10-K,2025-06-23,365,1.0,37370306.0
726958,CASY,2026,37370306.0,WeightedAverageNumberOfDilutedSharesOutstanding,2024-04-30,10-K,2026-06-22,365,1.0,37370306.0
728535,JBHT,2014,120022000.0,WeightedAverageNumberOfDilutedSharesOutstanding,2012-12-31,10-K,2015-02-24,365,1.0,120022000.0
728535,JBHT,2015,119404000.0,WeightedAverageNumberOfDilutedSharesOutstanding,2013-12-31,10-K,2016-02-23,364,1.0,119404000.0
728535,JBHT,2016,113361000.0,WeightedAverageNumberOfDilutedSharesOutstanding,2016-12-31,10-K,2017-02-23,365,1.0,113361000.0
728535,JBHT,2017,113361000.0,WeightedAverageNumberOfDilutedSharesOutstanding,2016-12-31,10-K,2018-02-23,365,1.0,113361000.0
728535,JBHT,2018,113361000.0,WeightedAverageNumberOfDilutedSharesOutstanding,2016-12-31,10-K,2019-02-22,365,1.0,113361000.0
728535,JBHT,2019,111049000.0,WeightedAverageNumberOfDilutedSharesOutstanding,2017-12-31,10-K,2020-03-02,364,1.0,111049000.0
728535,JBHT,2020,106766000.0,WeightedAverageNumberOfDilutedSharesOutstanding,2020-12-31,10-K,2021-02-23,365,1.0,106766000.0
728535,JBHT,2021,106766000.0,WeightedAverageNumberOfDilutedSharesOutstanding,2020-12-31,10-K,2022-02-25,365,1.0,106766000.0
728535,JBHT,2022,106766000.0,WeightedAverageNumberOfDilutedSharesOutstanding,2020-12-31,10-K,2023-02-24,365,1.0,106766000.0
728535,JBHT,2023,106593000.0,WeightedAverageNumberOfDilutedSharesOutstanding,2021-12-31,10-K,2024-02-23,364,1.0,106593000.0
728535,JBHT,2024,102754000.0,WeightedAverageNumberOfDilutedSharesOutstanding,2024-12-31,10-K,2025-02-21,365,1.0,102754000.0
728535,JBHT,2025,102754000.0,WeightedAverageNumberOfDilutedSharesOutstanding,2024-12-31,10-K,2026-02-24,365,1.0,102754000.0
731766,UNH,2014,1046000000.0,WeightedAverageNumberOfDilutedSharesOutstanding,2012-12-31,10-K,2015-02-10,365,1.0,1046000000.0
731766,UNH,2015,1023000000.0,WeightedAverageNumberOfDilutedSharesOutstanding,2013-12-31,10-K,2016-02-09,364,1.0,1023000000.0
731766,UNH,2016,968000000.0,WeightedAverageNumberOfDilutedSharesOutstanding,2016-12-31,10-K,2017-02-08,365,1.0,968000000.0
731766,UNH,2017,968000000.0,WeightedAverageNumberOfDilutedSharesOutstanding,2016-12-31,10-K,2018-02-13,365,1.0,968000000.0
731766,UNH,2018,968000000.0,WeightedAverageNumberOfDilutedSharesOutstanding,2016-12-31,10-K,2019-02-12,365,1.0,968000000.0
731766,UNH,2019,985000000.0,WeightedAverageNumberOfDilutedSharesOutstanding,2017-12-31,10-K,2020-02-14,364,1.0,985000000.0
731766,UNH,2020,961000000.0,WeightedAverageNumberOfDilutedSharesOutstanding,2020-12-31,10-K,2021-03-01,365,1.0,961000000.0
731766,UNH,2021,961000000.0,WeightedAverageNumberOfDilutedSharesOutstanding,2020-12-31,10-K,2022-02-15,365,1.0,961000000.0
731766,UNH,2022,961000000.0,WeightedAverageNumberOfDilutedSharesOutstanding,2020-12-31,10-K,2023-02-24,365,1.0,961000000.0
731766,UNH,2023,956000000.0,WeightedAverageNumberOfDilutedSharesOutstanding,2021-12-31,10-K,2024-02-28,364,1.0,956000000.0
731766,UNH,2024,929000000.0,WeightedAverageNumberOfDilutedSharesOutstanding,2024-12-31,10-K,2025-02-27,365,1.0,929000000.0
731766,UNH,2025,929000000.0,WeightedAverageNumberOfDilutedSharesOutstanding,2024-12-31,10-K,2026-03-02,365,1.0,929000000.0
731802,ATO,2014,91172000.0,WeightedAverageNumberOfDilutedSharesOutstanding,2012-09-30,10-K,2014-11-06,365,1.0,91172000.0
731802,ATO,2015,91711000.0,WeightedAverageNumberOfDilutedSharesOutstanding,2013-09-30,10-K,2015-11-06,364,1.0,91711000.0
731802,ATO,2016,103524000.0,WeightedAverageNumberOfDilutedSharesOutstanding,2016-09-30,10-K,2016-11-14,365,1.0,103524000.0
731802,ATO,2019,106100000.0,WeightedAverageNumberOfDilutedSharesOutstanding,2017-09-30,10-K,2019-11-12,364,1.0,106100000.0
731802,ATO,2020,122872000.0,WeightedAverageNumberOfDilutedSharesOutstanding,2020-09-30,10-K,2020-11-13,365,1.0,122872000.0
731802,ATO,2021,122872000.0,WeightedAverageNumberOfDilutedSharesOutstanding,2020-09-30,10-K,2021-11-12,365,1.0,122872000.0
731802,ATO,2022,122872000.0,WeightedAverageNumberOfDilutedSharesOutstanding,2020-09-30,10-K,2022-11-14,365,1.0,122872000.0
731802,ATO,2023,129834000.0,WeightedAverageNumberOfDilutedSharesOutstanding,2021-09-30,10-K,2023-11-14,364,1.0,129834000.0
731802,ATO,2024,152666000.0,WeightedAverageNumberOfDilutedSharesOutstanding,2024-09-30,10-K,2024-11-18,365,1.0,152666000.0
731802,ATO,2025,152666000.0,WeightedAverageNumberOfDilutedSharesOutstanding,2024-09-30,10-K,2025-11-14,365,1.0,152666000.0
732712,VZ,2014,2862000000.0,WeightedAverageNumberOfDilutedSharesOutstanding,2012-12-31,10-K,2015-02-23,365,1.0,2862000000.0
732712,VZ,2015,2874000000.0,WeightedAverageNumberOfDilutedSharesOutstanding,2013-12-31,10-K,2016-02-23,364,1.0,2874000000.0
732712,VZ,2016,4086000000.0,WeightedAverageNumberOfDilutedSharesOutstanding,2016-12-31,10-K,2017-02-21,365,1.0,4086000000.0
732712,VZ,2017,4086000000.0,WeightedAverageNumberOfDilutedSharesOutstanding,2016-12-31,10-K,2018-02-23,365,1.0,4086000000.0
732712,VZ,2018,4086000000.0,WeightedAverageNumberOfDilutedSharesOutstanding,2016-12-31,10-K,2019-02-15,365,1.0,4086000000.0
732712,VZ,2019,4089000000.0,WeightedAverageNumberOfDilutedSharesOutstanding,2017-12-31,10-K,2020-02-21,364,1.0,4089000000.0
732712,VZ,2020,4142000000.0,WeightedAverageNumberOfDilutedSharesOutstanding,2020-12-31,10-K,2021-02-25,365,1.0,4142000000.0
732712,VZ,2021,4142000000.0,WeightedAverageNumberOfDilutedSharesOutstanding,2020-12-31,10-K,2022-02-11,365,1.0,4142000000.0
732712,VZ,2022,4142000000.0,WeightedAverageNumberOfDilutedSharesOutstanding,2020-12-31,10-K,2023-02-10,365,1.0,4142000000.0
732712,VZ,2023,4150000000.0,WeightedAverageNumberOfDilutedSharesOutstanding,2021-12-31,10-K,2024-02-09,364,1.0,4150000000.0
732712,VZ,2024,4223000000.0,WeightedAverageNumberOfDilutedSharesOutstanding,2024-12-31,10-K,2025-02-12,365,1.0,4223000000.0
732712,VZ,2025,4223000000.0,WeightedAverageNumberOfDilutedSharesOutstanding,2024-12-31,10-K,2026-02-17,365,1.0,4223000000.0
732717,T,2014,5821000000.0,WeightedAverageNumberOfDilutedSharesOutstanding,2012-12-31,10-K,2015-02-20,365,1.324,7707004000.0
732717,T,2015,5385000000.0,WeightedAverageNumberOfDilutedSharesOutstanding,2013-12-31,10-K,2016-02-18,364,1.324,7129740000.0
732717,T,2016,6189000000.0,WeightedAverageNumberOfDilutedSharesOutstanding,2016-12-31,10-K,2017-02-17,365,1.324,8194236000.0
732717,T,2017,6189000000.0,WeightedAverageNumberOfDilutedSharesOutstanding,2016-12-31,10-K,2018-02-20,365,1.324,8194236000.0
732717,T,2018,6189000000.0,WeightedAverageNumberOfDilutedSharesOutstanding,2016-12-31,10-K,2019-02-20,365,1.324,8194236000.0
732717,T,2019,6183000000.0,WeightedAverageNumberOfDilutedSharesOutstanding,2017-12-31,10-K,2020-02-20,364,1.324,8186292000.0
732717,T,2020,7183000000.0,WeightedAverageNumberOfDilutedSharesOutstanding,2020-12-31,10-K,2021-02-25,365,1.324,9510292000.0
732717,T,2021,7183000000.0,WeightedAverageNumberOfDilutedSharesOutstanding,2020-12-31,10-K,2022-02-16,365,1.324,9510292000.0
732717,T,2022,7466000000.0,WeightedAverageNumberOfDilutedSharesOutstanding,2020-12-31,10-K,2023-02-13,365,1.324,9884984000.0
732717,T,2023,7503000000.0,WeightedAverageNumberOfDilutedSharesOutstanding,2021-12-31,10-K,2024-02-23,364,1.324,9933972000.0
732717,T,2024,7204000000.0,WeightedAverageNumberOfDilutedSharesOutstanding,2024-12-31,10-K,2025-02-12,365,1.0,7204000000.0
732717,T,2025,7204000000.0,WeightedAverageNumberOfDilutedSharesOutstanding,2024-12-31,10-K,2026-02-09,365,1.0,7204000000.0
740260,VTR,2014,294488000.0,WeightedAverageNumberOfDilutedSharesOutstanding,2012-12-31,10-K,2015-02-13,365,0.8757,257883141.60000002
740260,VTR,2015,295110000.0,WeightedAverageNumberOfDilutedSharesOutstanding,2013-12-31,10-K,2016-02-12,364,0.8757,258427827.0
740260,VTR,2016,348390000.0,WeightedAverageNumberOfDilutedSharesOutstanding,2016-12-31,10-K,2017-02-14,365,1.0,348390000.0
740260,VTR,2017,348390000.0,WeightedAverageNumberOfDilutedSharesOutstanding,2016-12-31,10-K,2018-02-09,365,1.0,348390000.0
740260,VTR,2018,348390000.0,WeightedAverageNumberOfDilutedSharesOutstanding,2016-12-31,10-K,2019-02-08,365,1.0,348390000.0
740260,VTR,2019,358566000.0,WeightedAverageNumberOfDilutedSharesOutstanding,2017-12-31,10-K,2020-02-24,364,1.0,358566000.0
740260,VTR,2020,376503000.0,WeightedAverageNumberOfDilutedSharesOutstanding,2020-12-31,10-K,2021-02-23,365,1.0,376503000.0
740260,VTR,2021,376503000.0,WeightedAverageNumberOfDilutedSharesOutstanding,2020-12-31,10-K,2022-02-18,365,1.0,376503000.0
740260,VTR,2022,376503000.0,WeightedAverageNumberOfDilutedSharesOutstanding,2020-12-31,10-K,2023-02-10,365,1.0,376503000.0
740260,VTR,2023,386304000.0,WeightedAverageNumberOfDilutedSharesOutstanding,2021-12-31,10-K,2024-02-15,364,1.0,386304000.0
740260,VTR,2024,416366000.0,WeightedAverageNumberOfDilutedSharesOutstanding,2024-12-31,10-K,2025-02-13,365,1.0,416366000.0
740260,VTR,2025,416366000.0,WeightedAverageNumberOfDilutedSharesOutstanding,2024-12-31,10-K,2026-02-06,365,1.0,416366000.0
745732,ROST,2014,222784000.0,WeightedAverageNumberOfDilutedSharesOutstanding,2013-02-02,10-K,2015-03-31,370,2.0,445568000.0
745732,ROST,2015,431610000.0,WeightedAverageNumberOfDilutedSharesOutstanding,2014-02-01,10-K,2016-03-29,363,2.0,863220000.0
745732,ROST,2016,418077000.0,WeightedAverageNumberOfDilutedSharesOutstanding,2015-01-31,10-K,2017-03-28,363,2.0,836154000.0
745732,ROST,2017,384329000.0,WeightedAverageNumberOfDilutedSharesOutstanding,2018-02-03,10-K,2018-04-03,370,1.0,384329000.0
745732,ROST,2018,384329000.0,WeightedAverageNumberOfDilutedSharesOutstanding,2018-02-03,10-K,2019-04-02,370,1.0,384329000.0
745732,ROST,2019,384329000.0,WeightedAverageNumberOfDilutedSharesOutstanding,2018-02-03,10-K,2020-03-31,370,1.0,384329000.0
745732,ROST,2020,372678000.0,WeightedAverageNumberOfDilutedSharesOutstanding,2019-02-02,10-K,2021-03-30,363,1.0,372678000.0
745732,ROST,2021,361182000.0,WeightedAverageNumberOfDilutedSharesOutstanding,2020-02-01,10-K,2022-03-29,363,1.0,361182000.0
745732,ROST,2022,354619000.0,WeightedAverageNumberOfDilutedSharesOutstanding,2021-01-30,10-K,2023-03-28,363,1.0,354619000.0
745732,ROST,2023,337433000.0,WeightedAverageNumberOfDilutedSharesOutstanding,2024-02-03,10-K,2024-04-02,370,1.0,337433000.0
745732,ROST,2024,337433000.0,WeightedAverageNumberOfDilutedSharesOutstanding,2024-02-03,10-K,2025-04-01,370,1.0,337433000.0
745732,ROST,2025,337433000.0,WeightedAverageNumberOfDilutedSharesOutstanding,2024-02-03,10-K,2026-03-31,370,1.0,337433000.0
746515,EXPD,2014,211935171.0,WeightedAverageNumberOfDilutedSharesOutstanding,2012-12-31,10-K,2015-02-26,365,1.0,211935171.0
746515,EXPD,2015,206895000.0,WeightedAverageNumberOfDilutedSharesOutstanding,2013-12-31,10-K,2016-02-25,364,1.0,206895000.0
746515,EXPD,2016,182704000.0,WeightedAverageNumberOfDilutedSharesOutstanding,2016-12-31,10-K,2017-02-23,365,1.0,182704000.0
746515,EXPD,2017,182704000.0,WeightedAverageNumberOfDilutedSharesOutstanding,2016-12-31,10-K,2018-02-23,365,1.0,182704000.0
746515,EXPD,2018,182704000.0,WeightedAverageNumberOfDilutedSharesOutstanding,2016-12-31,10-K,2019-02-22,365,1.0,182704000.0
746515,EXPD,2019,181666000.0,WeightedAverageNumberOfDilutedSharesOutstanding,2017-12-31,10-K,2020-02-21,364,1.0,181666000.0
746515,EXPD,2020,170896000.0,WeightedAverageNumberOfDilutedSharesOutstanding,2020-12-31,10-K,2021-02-19,365,1.0,170896000.0
746515,EXPD,2021,170896000.0,WeightedAverageNumberOfDilutedSharesOutstanding,2020-12-31,10-K,2022-03-15,365,1.0,170896000.0
746515,EXPD,2022,170896000.0,WeightedAverageNumberOfDilutedSharesOutstanding,2020-12-31,10-K,2023-03-01,365,1.0,170896000.0
746515,EXPD,2023,171250000.0,WeightedAverageNumberOfDilutedSharesOutstanding,2021-12-31,10-K,2024-02-23,364,1.0,171250000.0
746515,EXPD,2024,141722000.0,WeightedAverageNumberOfDilutedSharesOutstanding,2024-12-31,10-K,2025-02-21,365,1.0,141722000.0
746515,EXPD,2025,141722000.0,WeightedAverageNumberOfDilutedSharesOutstanding,2024-12-31,10-K,2026-02-25,365,1.0,141722000.0
749251,IT,2014,95842000.0,WeightedAverageNumberOfDilutedSharesOutstanding,2012-12-31,10-K,2015-02-27,365,1.0,95842000.0
749251,IT,2015,94830000.0,WeightedAverageNumberOfDilutedSharesOutstanding,2013-12-31,10-K,2016-02-24,364,1.0,94830000.0
749251,IT,2016,83820000.0,WeightedAverageNumberOfDilutedSharesOutstanding,2016-12-31,10-K,2017-02-22,365,1.0,83820000.0
749251,IT,2017,83820000.0,WeightedAverageNumberOfDilutedSharesOutstanding,2016-12-31,10-K,2018-02-22,365,1.0,83820000.0
749251,IT,2018,83820000.0,WeightedAverageNumberOfDilutedSharesOutstanding,2016-12-31,10-K,2019-02-22,365,1.0,83820000.0
749251,IT,2019,89790000.0,WeightedAverageNumberOfDilutedSharesOutstanding,2017-12-31,10-K,2020-02-19,364,1.0,89790000.0
749251,IT,2020,90017000.0,WeightedAverageNumberOfDilutedSharesOutstanding,2020-12-31,10-K,2021-02-24,365,1.0,90017000.0
749251,IT,2021,90017000.0,WeightedAverageNumberOfDilutedSharesOutstanding,2020-12-31,10-K,2022-02-23,365,1.0,90017000.0
749251,IT,2022,90017000.0,WeightedAverageNumberOfDilutedSharesOutstanding,2020-12-31,10-K,2023-02-16,365,1.0,90017000.0
749251,IT,2023,86177000.0,WeightedAverageNumberOfDilutedSharesOutstanding,2021-12-31,10-K,2024-02-15,364,1.0,86177000.0
749251,IT,2024,78338000.0,WeightedAverageNumberOfDilutedSharesOutstanding,2024-12-31,10-K,2025-02-13,365,1.0,78338000.0
749251,IT,2025,78338000.0,WeightedAverageNumberOfDilutedSharesOutstanding,2024-12-31,10-K,2026-02-12,365,1.0,78338000.0
753308,NEE,2014,419200000.0,WeightedAverageNumberOfDilutedSharesOutstanding,2012-12-31,10-K,2015-02-20,365,4.0,1676800000.0
753308,NEE,2015,427000000.0,WeightedAverageNumberOfDilutedSharesOutstanding,2013-12-31,10-K,2016-02-22,364,4.0,1708000000.0
753308,NEE,2016,465800000.0,WeightedAverageNumberOfDilutedSharesOutstanding,2016-12-31,10-K,2017-02-23,365,4.0,1863200000.0
753308,NEE,2017,465800000.0,WeightedAverageNumberOfDilutedSharesOutstanding,2016-12-31,10-K,2018-02-16,365,4.0,1863200000.0
753308,NEE,2018,465800000.0,WeightedAverageNumberOfDilutedSharesOutstanding,2016-12-31,10-K,2019-02-15,365,4.0,1863200000.0
753308,NEE,2019,472500000.0,WeightedAverageNumberOfDilutedSharesOutstanding,2017-12-31,10-K,2020-02-14,364,4.0,1890000000.0
753308,NEE,2020,1968800000.0,WeightedAverageNumberOfDilutedSharesOutstanding,2020-12-31,10-K,2021-02-12,365,1.0,1968800000.0
753308,NEE,2021,1968800000.0,WeightedAverageNumberOfDilutedSharesOutstanding,2020-12-31,10-K,2022-02-18,365,1.0,1968800000.0
753308,NEE,2022,1968800000.0,WeightedAverageNumberOfDilutedSharesOutstanding,2020-12-31,10-K,2023-02-17,365,1.0,1968800000.0
753308,NEE,2023,1972200000.0,WeightedAverageNumberOfDilutedSharesOutstanding,2021-12-31,10-K,2024-02-16,364,1.0,1972200000.0
753308,NEE,2024,2059200000.0,WeightedAverageNumberOfDilutedSharesOutstanding,2024-12-31,10-K,2025-02-14,365,1.0,2059200000.0
753308,NEE,2025,2059200000.0,WeightedAverageNumberOfDilutedSharesOutstanding,2024-12-31,10-K,2026-02-13,365,1.0,2059200000.0
759944,CFG,2014,559998324.0,WeightedAverageNumberOfDilutedSharesOutstanding,2012-12-31,10-K,2015-03-03,365,1.0,559998324.0
759944,CFG,2015,559998324.0,WeightedAverageNumberOfDilutedSharesOutstanding,2013-12-31,10-K,2016-02-26,364,1.0,559998324.0
759944,CFG,2016,523930718.0,WeightedAverageNumberOfDilutedSharesOutstanding,2016-12-31,10-K,2017-02-24,365,1.0,523930718.0
759944,CFG,2018,523930718.0,WeightedAverageNumberOfDilutedSharesOutstanding,2016-12-31,10-K,2019-02-21,365,1.0,523930718.0
759944,CFG,2019,503685091.0,WeightedAverageNumberOfDilutedSharesOutstanding,2017-12-31,10-K,2020-02-24,364,1.0,503685091.0
759944,CFG,2020,428157780.0,WeightedAverageNumberOfDilutedSharesOutstanding,2020-12-31,10-K,2021-02-23,365,1.0,428157780.0
759944,CFG,2021,428157780.0,WeightedAverageNumberOfDilutedSharesOutstanding,2020-12-31,10-K,2022-02-23,365,1.0,428157780.0
759944,CFG,2022,428157780.0,WeightedAverageNumberOfDilutedSharesOutstanding,2020-12-31,10-K,2023-02-17,365,1.0,428157780.0
759944,CFG,2023,427435818.0,WeightedAverageNumberOfDilutedSharesOutstanding,2021-12-31,10-K,2024-02-16,364,1.0,427435818.0
759944,CFG,2024,453510245.0,WeightedAverageNumberOfDilutedSharesOutstanding,2024-12-31,10-K,2025-02-13,365,1.0,453510245.0
759944,CFG,2025,453510245.0,WeightedAverageNumberOfDilutedSharesOutstanding,2024-12-31,10-K,2026-02-12,365,1.0,453510245.0
764180,MO,2018,1952000000.0,WeightedAverageNumberOfDilutedSharesOutstanding,2016-12-31,10-K,2019-02-26,365,1.0,1952000000.0
764180,MO,2019,1921000000.0,WeightedAverageNumberOfDilutedSharesOutstanding,2017-12-31,10-K,2020-02-25,364,1.0,1921000000.0
764180,MO,2020,1859000000.0,WeightedAverageNumberOfDilutedSharesOutstanding,2020-12-31,10-K,2021-02-26,365,1.0,1859000000.0
764180,MO,2021,1859000000.0,WeightedAverageNumberOfDilutedSharesOutstanding,2020-12-31,10-K,2022-02-25,365,1.0,1859000000.0
764180,MO,2022,1859000000.0,WeightedAverageNumberOfDilutedSharesOutstanding,2020-12-31,10-K,2023-02-27,365,1.0,1859000000.0
764180,MO,2023,1845000000.0,WeightedAverageNumberOfDilutedSharesOutstanding,2021-12-31,10-K,2024-02-27,364,1.0,1845000000.0
764180,MO,2024,1718000000.0,WeightedAverageNumberOfDilutedSharesOutstanding,2024-12-31,10-K,2025-02-26,365,1.0,1718000000.0
764180,MO,2025,1718000000.0,WeightedAverageNumberOfDilutedSharesOutstanding,2024-12-31,10-K,2026-02-25,365,1.0,1718000000.0
764478,BBY,2015,347600000.0,WeightedAverageNumberOfDilutedSharesOutstanding,2014-02-01,10-K,2015-03-31,363,1.0,347600000.0
764478,BBY,2016,347600000.0,WeightedAverageNumberOfDilutedSharesOutstanding,2014-02-01,10-K,2016-03-23,363,1.0,347600000.0
764478,BBY,2017,353600000.0,WeightedAverageNumberOfDilutedSharesOutstanding,2015-01-31,10-K,2017-03-24,363,1.0,353600000.0
764478,BBY,2018,307100000.0,WeightedAverageNumberOfDilutedSharesOutstanding,2018-02-03,10-K,2018-04-02,370,1.0,307100000.0
764478,BBY,2019,307100000.0,WeightedAverageNumberOfDilutedSharesOutstanding,2018-02-03,10-K,2019-03-28,370,1.0,307100000.0
764478,BBY,2020,281400000.0,WeightedAverageNumberOfDilutedSharesOutstanding,2019-02-02,10-K,2021-03-19,363,1.0,281400000.0
764478,BBY,2022,268100000.0,WeightedAverageNumberOfDilutedSharesOutstanding,2020-02-01,10-K,2022-03-18,363,1.0,268100000.0
764478,BBY,2023,263000000.0,WeightedAverageNumberOfDilutedSharesOutstanding,2021-01-30,10-K,2023-03-17,363,1.0,263000000.0
764478,BBY,2024,218500000.0,WeightedAverageNumberOfDilutedSharesOutstanding,2024-02-03,10-K,2024-03-15,370,1.0,218500000.0
764478,BBY,2025,218500000.0,WeightedAverageNumberOfDilutedSharesOutstanding,2024-02-03,10-K,2025-03-19,370,1.0,218500000.0
764478,BBY,2026,218500000.0,WeightedAverageNumberOfDilutedSharesOutstanding,2024-02-03,10-K,2026-03-18,370,1.0,218500000.0
764622,PNW,2014,110527000.0,WeightedAverageNumberOfDilutedSharesOutstanding,2012-12-31,10-K,2015-02-20,365,1.0,110527000.0
764622,PNW,2015,110806000.0,WeightedAverageNumberOfDilutedSharesOutstanding,2013-12-31,10-K,2016-02-19,364,1.0,110806000.0
764622,PNW,2016,112046000.0,WeightedAverageNumberOfDilutedSharesOutstanding,2016-12-31,10-K,2017-02-24,365,1.0,112046000.0
764622,PNW,2017,112046000.0,WeightedAverageNumberOfDilutedSharesOutstanding,2016-12-31,10-K,2018-02-23,365,1.0,112046000.0
764622,PNW,2018,112046000.0,WeightedAverageNumberOfDilutedSharesOutstanding,2016-12-31,10-K,2019-02-22,365,1.0,112046000.0
764622,PNW,2019,112367000.0,WeightedAverageNumberOfDilutedSharesOutstanding,2017-12-31,10-K,2020-02-21,364,1.0,112367000.0
764622,PNW,2020,112942000.0,WeightedAverageNumberOfDilutedSharesOutstanding,2020-12-31,10-K,2021-02-24,365,1.0,112942000.0
764622,PNW,2021,112942000.0,WeightedAverageNumberOfDilutedSharesOutstanding,2020-12-31,10-K,2022-02-25,365,1.0,112942000.0
764622,PNW,2022,112942000.0,WeightedAverageNumberOfDilutedSharesOutstanding,2020-12-31,10-K,2023-02-27,365,1.0,112942000.0
764622,PNW,2023,113192000.0,WeightedAverageNumberOfDilutedSharesOutstanding,2021-12-31,10-K,2024-02-27,364,1.0,113192000.0
764622,PNW,2024,116232000.0,WeightedAverageNumberOfDilutedSharesOutstanding,2024-12-31,10-K,2025-02-25,365,1.0,116232000.0
764622,PNW,2025,116232000.0,WeightedAverageNumberOfDilutedSharesOutstanding,2024-12-31,10-K,2026-02-25,365,1.0,116232000.0
765880,DOC,2014,428316000.0,WeightedAverageNumberOfDilutedSharesOutstanding,2012-12-31,10-K,2015-02-10,365,1.098,470290968.00000006
765880,DOC,2015,455702000.0,WeightedAverageNumberOfDilutedSharesOutstanding,2013-12-31,10-K,2016-02-09,364,1.098,500360796.00000006
765880,DOC,2016,467403000.0,WeightedAverageNumberOfDilutedSharesOutstanding,2016-12-31,10-K,2017-02-13,365,1.0,467403000.0
765880,DOC,2017,467403000.0,WeightedAverageNumberOfDilutedSharesOutstanding,2016-12-31,10-K,2018-02-13,365,1.0,467403000.0
765880,DOC,2018,467403000.0,WeightedAverageNumberOfDilutedSharesOutstanding,2016-12-31,10-K,2019-02-14,365,1.0,467403000.0
765880,DOC,2019,468935000.0,WeightedAverageNumberOfDilutedSharesOutstanding,2017-12-31,10-K,2020-02-13,364,1.0,468935000.0
765880,DOC,2020,531056000.0,WeightedAverageNumberOfDilutedSharesOutstanding,2020-12-31,10-K,2021-02-10,365,1.0,531056000.0
765880,DOC,2021,531056000.0,WeightedAverageNumberOfDilutedSharesOutstanding,2020-12-31,10-K,2022-02-09,365,1.0,531056000.0
765880,DOC,2022,531056000.0,WeightedAverageNumberOfDilutedSharesOutstanding,2020-12-31,10-K,2023-02-08,365,1.0,531056000.0
765880,DOC,2023,539241000.0,WeightedAverageNumberOfDilutedSharesOutstanding,2021-12-31,10-K,2024-02-09,364,1.0,539241000.0
765880,DOC,2024,676233000.0,WeightedAverageNumberOfDilutedSharesOutstanding,2024-12-31,10-K,2025-02-04,365,1.0,676233000.0
765880,DOC,2025,676233000.0,WeightedAverageNumberOfDilutedSharesOutstanding,2024-12-31,10-K,2026-02-03,365,1.0,676233000.0
766704,WELL,2015,278761000.0,WeightedAverageNumberOfDilutedSharesOutstanding,2013-12-31,10-K,2016-02-18,364,1.0,278761000.0
766704,WELL,2016,360227000.0,WeightedAverageNumberOfDilutedSharesOutstanding,2016-12-31,10-K,2017-02-22,365,1.0,360227000.0
766704,WELL,2017,360227000.0,WeightedAverageNumberOfDilutedSharesOutstanding,2016-12-31,10-K,2018-02-28,365,1.0,360227000.0
766704,WELL,2018,360227000.0,WeightedAverageNumberOfDilutedSharesOutstanding,2016-12-31,10-K,2019-02-25,365,1.0,360227000.0
766704,WELL,2019,369001000.0,WeightedAverageNumberOfDilutedSharesOutstanding,2017-12-31,10-K,2020-02-14,364,1.0,369001000.0
766704,WELL,2020,417387000.0,WeightedAverageNumberOfDilutedSharesOutstanding,2020-12-31,10-K,2021-02-10,365,1.0,417387000.0
766704,WELL,2021,417387000.0,WeightedAverageNumberOfDilutedSharesOutstanding,2020-12-31,10-K,2022-02-16,365,1.0,417387000.0
766704,WELL,2022,417387000.0,WeightedAverageNumberOfDilutedSharesOutstanding,2020-12-31,10-K,2023-02-21,365,1.0,417387000.0
766704,WELL,2023,426841000.0,WeightedAverageNumberOfDilutedSharesOutstanding,2021-12-31,10-K,2024-02-15,364,1.0,426841000.0
766704,WELL,2024,608750000.0,WeightedAverageNumberOfDilutedSharesOutstanding,2024-12-31,10-K,2025-02-12,365,1.0,608750000.0
766704,WELL,2025,608750000.0,WeightedAverageNumberOfDilutedSharesOutstanding,2024-12-31,10-K,2026-02-12,365,1.0,608750000.0
769397,ADSK,2015,231700000.0,WeightedAverageNumberOfDilutedSharesOutstanding,2013-01-31,10-K,2015-03-18,365,1.0,231700000.0
769397,ADSK,2016,229600000.0,WeightedAverageNumberOfDilutedSharesOutstanding,2014-01-31,10-K,2016-03-23,364,1.0,229600000.0
769397,ADSK,2017,222700000.0,WeightedAverageNumberOfDilutedSharesOutstanding,2017-01-31,10-K,2017-03-21,365,1.0,222700000.0
769397,ADSK,2018,222700000.0,WeightedAverageNumberOfDilutedSharesOutstanding,2017-01-31,10-K,2018-03-22,365,1.0,222700000.0
769397,ADSK,2019,222700000.0,WeightedAverageNumberOfDilutedSharesOutstanding,2017-01-31,10-K,2019-03-25,365,1.0,222700000.0
769397,ADSK,2020,219500000.0,WeightedAverageNumberOfDilutedSharesOutstanding,2018-01-31,10-K,2020-03-19,364,1.0,219500000.0
769397,ADSK,2021,222100000.0,WeightedAverageNumberOfDilutedSharesOutstanding,2021-01-31,10-K,2021-03-19,365,1.0,222100000.0
769397,ADSK,2022,222100000.0,WeightedAverageNumberOfDilutedSharesOutstanding,2021-01-31,10-K,2022-03-14,365,1.0,222100000.0
769397,ADSK,2023,222000000.0,WeightedAverageNumberOfDilutedSharesOutstanding,2021-01-31,10-K,2023-03-14,365,1.0,222000000.0
769397,ADSK,2024,222000000.0,WeightedAverageNumberOfDilutedSharesOutstanding,2022-01-31,10-K,2024-06-10,364,1.0,222000000.0
769397,ADSK,2025,217000000.0,WeightedAverageNumberOfDilutedSharesOutstanding,2025-01-31,10-K,2025-03-06,365,1.0,217000000.0
769397,ADSK,2026,217000000.0,WeightedAverageNumberOfDilutedSharesOutstanding,2025-01-31,10-K,2026-03-03,365,1.0,217000000.0
773840,HON,2014,791900000.0,WeightedAverageNumberOfDilutedSharesOutstanding,2012-12-31,10-K,2015-02-13,365,1.0611452056419017,840320888.347822
773840,HON,2015,797300000.0,WeightedAverageNumberOfDilutedSharesOutstanding,2013-12-31,10-K,2016-02-12,364,1.0611452056419017,846051072.4582883
773840,HON,2016,775300000.0,WeightedAverageNumberOfDilutedSharesOutstanding,2016-12-31,10-K,2017-02-10,365,1.0555211360519998,818345536.7811154
773840,HON,2017,775300000.0,WeightedAverageNumberOfDilutedSharesOutstanding,2016-12-31,10-K,2018-02-09,365,1.0555211360519998,818345536.7811154
773840,HON,2018,775300000.0,WeightedAverageNumberOfDilutedSharesOutstanding,2016-12-31,10-K,2019-02-08,365,1.0555211360519998,818345536.7811154
773840,HON,2019,772100000.0,WeightedAverageNumberOfDilutedSharesOutstanding,2017-12-31,10-K,2020-02-14,364,1.0555211360519998,814967869.1457491
773840,HON,2020,711200000.0,WeightedAverageNumberOfDilutedSharesOutstanding,2020-12-31,10-K,2022-02-11,365,1.0116635,719495081.2
773840,HON,2022,711200000.0,WeightedAverageNumberOfDilutedSharesOutstanding,2020-12-31,10-K,2023-02-10,365,1.0116635,719495081.2
773840,HON,2023,700400000.0,WeightedAverageNumberOfDilutedSharesOutstanding,2021-12-31,10-K,2024-02-16,364,1.0116635,708569115.4
773840,HON,2024,655300000.0,WeightedAverageNumberOfDilutedSharesOutstanding,2024-12-31,10-K,2025-02-14,365,1.0116635,662943091.5500001
773840,HON,2025,655300000.0,WeightedAverageNumberOfDilutedSharesOutstanding,2024-12-31,10-K,2026-02-17,365,1.0116635,662943091.5500001
779152,JKHY,2014,87287000.0,WeightedAverageNumberOfDilutedSharesOutstanding,2012-06-30,10-K/A,2015-06-25,365,1.0,87287000.0
779152,JKHY,2015,86619000.0,WeightedAverageNumberOfDilutedSharesOutstanding,2013-06-30,10-K,2015-09-11,364,1.0,86619000.0
779152,JKHY,2016,79734000.0,WeightedAverageNumberOfDilutedSharesOutstanding,2016-06-30,10-K,2016-08-29,365,1.0,79734000.0
779152,JKHY,2017,79734000.0,WeightedAverageNumberOfDilutedSharesOutstanding,2016-06-30,10-K,2017-08-25,365,1.0,79734000.0
779152,JKHY,2018,79734000.0,WeightedAverageNumberOfDilutedSharesOutstanding,2016-06-30,10-K,2018-08-24,365,1.0,79734000.0
779152,JKHY,2019,78255000.0,WeightedAverageNumberOfDilutedSharesOutstanding,2017-06-30,10-K,2019-08-26,364,1.0,78255000.0
779152,JKHY,2020,76934000.0,WeightedAverageNumberOfDilutedSharesOutstanding,2020-06-30,10-K,2020-08-25,365,1.0,76934000.0
779152,JKHY,2021,76934000.0,WeightedAverageNumberOfDilutedSharesOutstanding,2020-06-30,10-K,2021-08-25,365,1.0,76934000.0
779152,JKHY,2022,76934000.0,WeightedAverageNumberOfDilutedSharesOutstanding,2020-06-30,10-K,2022-08-25,365,1.0,76934000.0
779152,JKHY,2023,75658000.0,WeightedAverageNumberOfDilutedSharesOutstanding,2021-06-30,10-K,2023-08-24,364,1.0,75658000.0
779152,JKHY,2024,73025000.0,WeightedAverageNumberOfDilutedSharesOutstanding,2024-06-30,10-K,2024-08-26,365,1.0,73025000.0
779152,JKHY,2025,73025000.0,WeightedAverageNumberOfDilutedSharesOutstanding,2024-06-30,10-K,2025-08-25,365,1.0,73025000.0
779152,JKHY,2026,73025000.0,WeightedAverageNumberOfDilutedSharesOutstanding,2024-06-30,10-K,2026-08-28,365,1.0,73025000.0
783325,WEC,2014,232800000.0,WeightedAverageNumberOfDilutedSharesOutstanding,2012-12-31,10-K,2015-02-27,365,1.0,232800000.0
783325,WEC,2015,229700000.0,WeightedAverageNumberOfDilutedSharesOutstanding,2013-12-31,10-K,2016-02-26,364,1.0,229700000.0
783325,WEC,2016,316900000.0,WeightedAverageNumberOfDilutedSharesOutstanding,2016-12-31,10-K,2017-02-28,365,1.0,316900000.0
783325,WEC,2017,316900000.0,WeightedAverageNumberOfDilutedSharesOutstanding,2016-12-31,10-K,2018-02-28,365,1.0,316900000.0
783325,WEC,2018,316900000.0,WeightedAverageNumberOfDilutedSharesOutstanding,2016-12-31,10-K,2019-02-26,365,1.0,316900000.0
783325,WEC,2019,317200000.0,WeightedAverageNumberOfDilutedSharesOutstanding,2017-12-31,10-K,2020-02-27,364,1.0,317200000.0
783325,WEC,2020,316500000.0,WeightedAverageNumberOfDilutedSharesOutstanding,2020-12-31,10-K,2021-02-25,365,1.0,316500000.0
783325,WEC,2021,316500000.0,WeightedAverageNumberOfDilutedSharesOutstanding,2020-12-31,10-K,2022-02-24,365,1.0,316500000.0
783325,WEC,2022,316500000.0,WeightedAverageNumberOfDilutedSharesOutstanding,2020-12-31,10-K,2023-02-23,365,1.0,316500000.0
783325,WEC,2023,316300000.0,WeightedAverageNumberOfDilutedSharesOutstanding,2021-12-31,10-K,2024-02-22,364,1.0,316300000.0
783325,WEC,2024,316500000.0,WeightedAverageNumberOfDilutedSharesOutstanding,2024-12-31,10-K,2025-02-21,365,1.0,316500000.0
783325,WEC,2025,316500000.0,WeightedAverageNumberOfDilutedSharesOutstanding,2024-12-31,10-K,2026-02-20,365,1.0,316500000.0
788784,PEG,2014,507000000.0,WeightedAverageNumberOfDilutedSharesOutstanding,2012-12-31,10-K,2015-02-26,365,1.0,507000000.0
788784,PEG,2015,508000000.0,WeightedAverageNumberOfDilutedSharesOutstanding,2013-12-31,10-K,2016-02-26,364,1.0,508000000.0
788784,PEG,2016,508000000.0,WeightedAverageNumberOfDilutedSharesOutstanding,2016-12-31,10-K,2017-02-27,365,1.0,508000000.0
788784,PEG,2017,508000000.0,WeightedAverageNumberOfDilutedSharesOutstanding,2016-12-31,10-K,2018-02-26,365,1.0,508000000.0
788784,PEG,2018,508000000.0,WeightedAverageNumberOfDilutedSharesOutstanding,2016-12-31,10-K,2019-02-28,365,1.0,508000000.0
788784,PEG,2019,507000000.0,WeightedAverageNumberOfDilutedSharesOutstanding,2017-12-31,10-K,2020-02-26,364,1.0,507000000.0
788784,PEG,2020,507000000.0,WeightedAverageNumberOfDilutedSharesOutstanding,2020-12-31,10-K,2021-03-01,365,1.0,507000000.0
788784,PEG,2021,507000000.0,WeightedAverageNumberOfDilutedSharesOutstanding,2020-12-31,10-K,2022-02-24,365,1.0,507000000.0
788784,PEG,2022,507000000.0,WeightedAverageNumberOfDilutedSharesOutstanding,2020-12-31,10-K,2023-02-22,365,1.0,507000000.0
788784,PEG,2023,504000000.0,WeightedAverageNumberOfDilutedSharesOutstanding,2021-12-31,10-K,2024-02-26,364,1.0,504000000.0
788784,PEG,2024,500000000.0,WeightedAverageNumberOfDilutedSharesOutstanding,2024-12-31,10-K,2025-02-25,365,1.0,500000000.0
788784,PEG,2025,500000000.0,WeightedAverageNumberOfDilutedSharesOutstanding,2024-12-31,10-K,2026-02-26,365,1.0,500000000.0
789019,MSFT,2014,8506000000.0,WeightedAverageNumberOfDilutedSharesOutstanding,2012-06-30,10-K,2014-07-31,365,1.0,8506000000.0
789019,MSFT,2015,8470000000.0,WeightedAverageNumberOfDilutedSharesOutstanding,2013-06-30,10-K,2015-07-31,364,1.0,8470000000.0
789019,MSFT,2016,8013000000.0,WeightedAverageNumberOfDilutedSharesOutstanding,2016-06-30,10-K,2016-07-28,365,1.0,8013000000.0
789019,MSFT,2017,8013000000.0,WeightedAverageNumberOfDilutedSharesOutstanding,2016-06-30,10-K,2017-08-02,365,1.0,8013000000.0
789019,MSFT,2018,8013000000.0,WeightedAverageNumberOfDilutedSharesOutstanding,2016-06-30,10-K,2018-08-03,365,1.0,8013000000.0
789019,MSFT,2019,7832000000.0,WeightedAverageNumberOfDilutedSharesOutstanding,2017-06-30,10-K,2019-08-01,364,1.0,7832000000.0
789019,MSFT,2020,7683000000.0,WeightedAverageNumberOfDilutedSharesOutstanding,2020-06-30,10-K,2020-07-30,365,1.0,7683000000.0
789019,MSFT,2021,7683000000.0,WeightedAverageNumberOfDilutedSharesOutstanding,2020-06-30,10-K,2021-07-29,365,1.0,7683000000.0
789019,MSFT,2022,7683000000.0,WeightedAverageNumberOfDilutedSharesOutstanding,2020-06-30,10-K,2022-07-28,365,1.0,7683000000.0
789019,MSFT,2023,7608000000.0,WeightedAverageNumberOfDilutedSharesOutstanding,2021-06-30,10-K,2023-07-27,364,1.0,7608000000.0
789019,MSFT,2024,7469000000.0,WeightedAverageNumberOfDilutedSharesOutstanding,2024-06-30,10-K,2024-07-30,365,1.0,7469000000.0
789019,MSFT,2025,7469000000.0,WeightedAverageNumberOfDilutedSharesOutstanding,2024-06-30,10-K,2025-07-30,365,1.0,7469000000.0
789019,MSFT,2026,7469000000.0,WeightedAverageNumberOfDilutedSharesOutstanding,2024-06-30,10-K,2026-07-29,365,1.0,7469000000.0
789570,MGM,2016,573317000.0,WeightedAverageNumberOfDilutedSharesOutstanding,2016-12-31,10-K,2017-03-01,365,1.0,573317000.0
789570,MGM,2017,573317000.0,WeightedAverageNumberOfDilutedSharesOutstanding,2016-12-31,10-K,2018-03-01,365,1.0,573317000.0
789570,MGM,2018,573317000.0,WeightedAverageNumberOfDilutedSharesOutstanding,2016-12-31,10-K,2019-02-27,365,1.0,573317000.0
789570,MGM,2019,578795000.0,WeightedAverageNumberOfDilutedSharesOutstanding,2017-12-31,10-K,2020-02-27,364,1.0,578795000.0
789570,MGM,2020,494152000.0,WeightedAverageNumberOfDilutedSharesOutstanding,2020-12-31,10-K,2021-02-26,365,1.0,494152000.0
789570,MGM,2021,494152000.0,WeightedAverageNumberOfDilutedSharesOutstanding,2020-12-31,10-K,2022-02-25,365,1.0,494152000.0
789570,MGM,2022,494152000.0,WeightedAverageNumberOfDilutedSharesOutstanding,2020-12-31,10-K,2023-02-24,365,1.0,494152000.0
789570,MGM,2023,487356000.0,WeightedAverageNumberOfDilutedSharesOutstanding,2021-12-31,10-K,2024-02-23,364,1.0,487356000.0
789570,MGM,2024,310232000.0,WeightedAverageNumberOfDilutedSharesOutstanding,2024-12-31,10-K,2025-02-18,365,1.0,310232000.0
789570,MGM,2025,310232000.0,WeightedAverageNumberOfDilutedSharesOutstanding,2024-12-31,10-K,2026-02-11,365,1.0,310232000.0
796343,ADBE,2014,502721000.0,WeightedAverageNumberOfDilutedSharesOutstanding,2012-11-30,10-K,2015-01-20,363,1.0,502721000.0
796343,ADBE,2015,513476000.0,WeightedAverageNumberOfDilutedSharesOutstanding,2013-11-29,10-K,2016-01-19,363,1.0,513476000.0
796343,ADBE,2016,504299000.0,WeightedAverageNumberOfDilutedSharesOutstanding,2016-12-02,10-K,2017-01-20,370,1.0,504299000.0
796343,ADBE,2017,504299000.0,WeightedAverageNumberOfDilutedSharesOutstanding,2016-12-02,10-K,2018-01-22,370,1.0,504299000.0
796343,ADBE,2018,504299000.0,WeightedAverageNumberOfDilutedSharesOutstanding,2016-12-02,10-K,2019-01-25,370,1.0,504299000.0
796343,ADBE,2019,501123000.0,WeightedAverageNumberOfDilutedSharesOutstanding,2017-12-01,10-K,2020-01-21,363,1.0,501123000.0
796343,ADBE,2020,497800000.0,WeightedAverageNumberOfDilutedSharesOutstanding,2018-11-30,10-K,2021-01-15,363,1.0,497800000.0
796343,ADBE,2021,481000000.0,WeightedAverageNumberOfDilutedSharesOutstanding,2021-12-03,10-K,2022-01-21,370,1.0,481000000.0
796343,ADBE,2022,481000000.0,WeightedAverageNumberOfDilutedSharesOutstanding,2021-12-03,10-K,2023-01-17,370,1.0,481000000.0
796343,ADBE,2023,481000000.0,WeightedAverageNumberOfDilutedSharesOutstanding,2021-12-03,10-K,2024-01-17,370,1.0,481000000.0
796343,ADBE,2024,470900000.0,WeightedAverageNumberOfDilutedSharesOutstanding,2022-12-02,10-K,2025-01-13,363,1.0,470900000.0
796343,ADBE,2025,459100000.0,WeightedAverageNumberOfDilutedSharesOutstanding,2023-12-01,10-K,2026-01-15,363,1.0,459100000.0
797468,OXY,2014,810000000.0,WeightedAverageNumberOfDilutedSharesOutstanding,2012-12-31,10-K,2015-02-23,365,1.0437744165080636,845457277.3715315
797468,OXY,2015,804600000.0,WeightedAverageNumberOfDilutedSharesOutstanding,2013-12-31,10-K,2016-02-26,364,1.0437744165080636,839820895.522388
797468,OXY,2016,763800000.0,WeightedAverageNumberOfDilutedSharesOutstanding,2016-12-31,10-K,2017-02-23,365,1.0,763800000.0
797468,OXY,2017,763800000.0,WeightedAverageNumberOfDilutedSharesOutstanding,2016-12-31,10-K,2018-02-23,365,1.0,763800000.0
797468,OXY,2018,763800000.0,WeightedAverageNumberOfDilutedSharesOutstanding,2016-12-31,10-K,2019-02-21,365,1.0,763800000.0
797468,OXY,2019,765900000.0,WeightedAverageNumberOfDilutedSharesOutstanding,2017-12-31,10-K,2020-02-28,364,1.0,765900000.0
797468,OXY,2020,918700000.0,WeightedAverageNumberOfDilutedSharesOutstanding,2020-12-31,10-K,2021-02-26,365,1.0,918700000.0
797468,OXY,2021,918700000.0,WeightedAverageNumberOfDilutedSharesOutstanding,2020-12-31,10-K,2022-02-24,365,1.0,918700000.0
797468,OXY,2022,918700000.0,WeightedAverageNumberOfDilutedSharesOutstanding,2020-12-31,10-K/A,2023-05-09,365,1.0,918700000.0
797468,OXY,2023,958800000.0,WeightedAverageNumberOfDilutedSharesOutstanding,2021-12-31,10-K,2024-02-14,364,1.0,958800000.0
797468,OXY,2024,967100000.0,WeightedAverageNumberOfDilutedSharesOutstanding,2024-12-31,10-K,2025-02-18,365,1.0,967100000.0
797468,OXY,2025,967100000.0,WeightedAverageNumberOfDilutedSharesOutstanding,2024-12-31,10-K,2026-02-18,365,1.0,967100000.0
798354,FISV,2014,275000000.0,WeightedAverageNumberOfDilutedSharesOutstanding,2012-12-31,10-K,2015-02-20,365,4.0,1100000000.0
798354,FISV,2015,266100000.0,WeightedAverageNumberOfDilutedSharesOutstanding,2013-12-31,10-K,2016-02-19,364,2.0,532200000.0
798354,FISV,2016,223900000.0,WeightedAverageNumberOfDilutedSharesOutstanding,2016-12-31,10-K,2017-02-23,365,2.0,447800000.0
798354,FISV,2017,223900000.0,WeightedAverageNumberOfDilutedSharesOutstanding,2016-12-31,10-K,2018-02-22,365,2.0,447800000.0
798354,FISV,2018,447800000.0,WeightedAverageNumberOfDilutedSharesOutstanding,2016-12-31,10-K,2019-02-21,365,2.0,895600000.0
798354,FISV,2019,431300000.0,WeightedAverageNumberOfDilutedSharesOutstanding,2017-12-31,10-K,2020-02-27,364,2.0,862600000.0
798354,FISV,2020,683400000.0,WeightedAverageNumberOfDilutedSharesOutstanding,2020-12-31,10-K,2021-02-26,365,1.0,683400000.0
798354,FISV,2021,683400000.0,WeightedAverageNumberOfDilutedSharesOutstanding,2020-12-31,10-K,2022-02-24,365,1.0,683400000.0
798354,FISV,2022,683400000.0,WeightedAverageNumberOfDilutedSharesOutstanding,2020-12-31,10-K,2023-02-23,365,1.0,683400000.0
798354,FISV,2023,671600000.0,WeightedAverageNumberOfDilutedSharesOutstanding,2021-12-31,10-K,2024-02-22,364,1.0,671600000.0
798354,FISV,2024,582100000.0,WeightedAverageNumberOfDilutedSharesOutstanding,2024-12-31,10-K,2025-02-20,365,1.0,582100000.0
798354,FISV,2025,582100000.0,WeightedAverageNumberOfDilutedSharesOutstanding,2024-12-31,10-K,2026-02-19,365,1.0,582100000.0
804328,QCOM,2014,1741000000.0,WeightedAverageNumberOfDilutedSharesOutstanding,2012-09-30,10-K,2014-11-05,370,1.0,1741000000.0
804328,QCOM,2015,1754000000.0,WeightedAverageNumberOfDilutedSharesOutstanding,2013-09-29,10-K,2015-11-04,363,1.0,1754000000.0
804328,QCOM,2016,1714000000.0,WeightedAverageNumberOfDilutedSharesOutstanding,2014-09-28,10-K,2016-11-02,363,1.0,1714000000.0
804328,QCOM,2017,1639000000.0,WeightedAverageNumberOfDilutedSharesOutstanding,2015-09-27,10-K,2017-11-01,363,1.0,1639000000.0
804328,QCOM,2018,1463000000.0,WeightedAverageNumberOfDilutedSharesOutstanding,2018-09-30,10-K,2018-11-07,370,1.0,1463000000.0
804328,QCOM,2019,1463000000.0,WeightedAverageNumberOfDilutedSharesOutstanding,2018-09-30,10-K,2019-11-06,370,1.0,1463000000.0
804328,QCOM,2020,1463000000.0,WeightedAverageNumberOfDilutedSharesOutstanding,2018-09-30,10-K,2020-11-04,370,1.0,1463000000.0
804328,QCOM,2021,1220000000.0,WeightedAverageNumberOfDilutedSharesOutstanding,2019-09-29,10-K,2021-11-03,363,1.0,1220000000.0
804328,QCOM,2022,1149000000.0,WeightedAverageNumberOfDilutedSharesOutstanding,2020-09-27,10-K,2022-11-02,363,1.0,1149000000.0
804328,QCOM,2023,1149000000.0,WeightedAverageNumberOfDilutedSharesOutstanding,2021-09-26,10-K,2023-11-01,363,1.0,1149000000.0
804328,QCOM,2024,1130000000.0,WeightedAverageNumberOfDilutedSharesOutstanding,2024-09-29,10-K,2024-11-06,370,1.0,1130000000.0
804328,QCOM,2025,1130000000.0,WeightedAverageNumberOfDilutedSharesOutstanding,2024-09-29,10-K,2025-11-05,370,1.0,1130000000.0
811156,CMS,2014,268600000.0,WeightedAverageNumberOfDilutedSharesOutstanding,2012-12-31,10-K,2015-02-05,365,1.0,268600000.0
811156,CMS,2015,271900000.0,WeightedAverageNumberOfDilutedSharesOutstanding,2013-12-31,10-K,2016-02-11,364,1.0,271900000.0
811156,CMS,2016,278900000.0,WeightedAverageNumberOfDilutedSharesOutstanding,2016-12-31,10-K,2017-02-07,365,1.0,278900000.0
811156,CMS,2017,278900000.0,WeightedAverageNumberOfDilutedSharesOutstanding,2016-12-31,10-K,2018-02-14,365,1.0,278900000.0
811156,CMS,2018,278900000.0,WeightedAverageNumberOfDilutedSharesOutstanding,2016-12-31,10-K,2019-02-05,365,1.0,278900000.0
811156,CMS,2019,280800000.0,WeightedAverageNumberOfDilutedSharesOutstanding,2017-12-31,10-K,2020-02-06,364,1.0,280800000.0
811156,CMS,2020,286300000.0,WeightedAverageNumberOfDilutedSharesOutstanding,2020-12-31,10-K,2021-02-11,365,1.0,286300000.0
811156,CMS,2021,286300000.0,WeightedAverageNumberOfDilutedSharesOutstanding,2020-12-31,10-K,2022-02-10,365,1.0,286300000.0
811156,CMS,2022,286300000.0,WeightedAverageNumberOfDilutedSharesOutstanding,2020-12-31,10-K,2023-02-09,365,1.0,286300000.0
811156,CMS,2023,289500000.0,WeightedAverageNumberOfDilutedSharesOutstanding,2021-12-31,10-K,2024-02-08,364,1.0,289500000.0
811156,CMS,2024,298300000.0,WeightedAverageNumberOfDilutedSharesOutstanding,2024-12-31,10-K,2025-02-11,365,1.0,298300000.0
811156,CMS,2025,298300000.0,WeightedAverageNumberOfDilutedSharesOutstanding,2024-12-31,10-K,2026-02-10,365,1.0,298300000.0
813672,CDNS,2014,306775000.0,WeightedAverageNumberOfDilutedSharesOutstanding,2015-01-03,10-K,2015-02-20,370,1.0,306775000.0
813672,CDNS,2015,306775000.0,WeightedAverageNumberOfDilutedSharesOutstanding,2015-01-03,10-K,2016-02-18,370,1.0,306775000.0
813672,CDNS,2016,306775000.0,WeightedAverageNumberOfDilutedSharesOutstanding,2015-01-03,10-K,2017-02-10,370,1.0,306775000.0
813672,CDNS,2017,312302000.0,WeightedAverageNumberOfDilutedSharesOutstanding,2016-01-02,10-K,2018-02-20,363,1.0,312302000.0
813672,CDNS,2018,291256000.0,WeightedAverageNumberOfDilutedSharesOutstanding,2016-12-31,10-K,2019-02-27,363,1.0,291256000.0
813672,CDNS,2019,280221000.0,WeightedAverageNumberOfDilutedSharesOutstanding,2017-12-30,10-K,2020-02-24,363,1.0,280221000.0
813672,CDNS,2020,279641000.0,WeightedAverageNumberOfDilutedSharesOutstanding,2021-01-02,10-K/A,2021-05-14,370,1.0,279641000.0
813672,CDNS,2021,279641000.0,WeightedAverageNumberOfDilutedSharesOutstanding,2021-01-02,10-K,2022-02-22,370,1.0,279641000.0
813672,CDNS,2022,279641000.0,WeightedAverageNumberOfDilutedSharesOutstanding,2021-01-02,10-K,2023-02-13,370,1.0,279641000.0
813672,CDNS,2023,272748000.0,WeightedAverageNumberOfDilutedSharesOutstanding,2023-12-31,10-K,2024-02-14,364,1.0,272748000.0
813672,CDNS,2024,273833000.0,WeightedAverageNumberOfDilutedSharesOutstanding,2024-12-31,10-K,2025-02-21,365,1.0,273833000.0
813672,CDNS,2025,273833000.0,WeightedAverageNumberOfDilutedSharesOutstanding,2024-12-31,10-K,2026-02-19,365,1.0,273833000.0
814547,FICO,2014,36063000.0,WeightedAverageNumberOfDilutedSharesOutstanding,2012-09-30,10-K,2014-11-10,365,1.0,36063000.0
814547,FICO,2015,36292000.0,WeightedAverageNumberOfDilutedSharesOutstanding,2013-09-30,10-K,2015-11-10,364,1.0,36292000.0
814547,FICO,2016,32308000.0,WeightedAverageNumberOfDilutedSharesOutstanding,2016-09-30,10-K,2016-11-10,365,1.0,32308000.0
814547,FICO,2017,32308000.0,WeightedAverageNumberOfDilutedSharesOutstanding,2016-09-30,10-K,2017-11-09,365,1.0,32308000.0
814547,FICO,2018,32308000.0,WeightedAverageNumberOfDilutedSharesOutstanding,2016-09-30,10-K,2018-11-09,365,1.0,32308000.0
814547,FICO,2019,29932000.0,WeightedAverageNumberOfDilutedSharesOutstanding,2020-09-30,10-K,2020-11-12,365,1.0,29932000.0
814547,FICO,2021,29932000.0,WeightedAverageNumberOfDilutedSharesOutstanding,2020-09-30,10-K,2021-11-10,365,1.0,29932000.0
814547,FICO,2022,29932000.0,WeightedAverageNumberOfDilutedSharesOutstanding,2020-09-30,10-K,2022-11-09,365,1.0,29932000.0
814547,FICO,2023,29260000.0,WeightedAverageNumberOfDilutedSharesOutstanding,2021-09-30,10-K,2023-11-08,364,1.0,29260000.0
814547,FICO,2024,25079000.0,WeightedAverageNumberOfDilutedSharesOutstanding,2024-09-30,10-K,2024-11-06,365,1.0,25079000.0
814547,FICO,2025,25079000.0,WeightedAverageNumberOfDilutedSharesOutstanding,2024-09-30,10-K,2025-11-07,365,1.0,25079000.0
815097,CCL,2014,779000000.0,WeightedAverageNumberOfDilutedSharesOutstanding,2012-11-30,10-K,2015-01-29,365,1.0,779000000.0
815097,CCL,2015,777000000.0,WeightedAverageNumberOfDilutedSharesOutstanding,2013-11-30,10-K,2016-01-29,364,1.0,777000000.0
815097,CCL,2016,747000000.0,WeightedAverageNumberOfDilutedSharesOutstanding,2016-11-30,10-K,2017-01-30,365,1.0,747000000.0
815097,CCL,2017,747000000.0,WeightedAverageNumberOfDilutedSharesOutstanding,2016-11-30,10-K,2018-01-29,365,1.0,747000000.0
815097,CCL,2018,747000000.0,WeightedAverageNumberOfDilutedSharesOutstanding,2016-11-30,10-K,2019-01-28,365,1.0,747000000.0
815097,CCL,2019,725000000.0,WeightedAverageNumberOfDilutedSharesOutstanding,2017-11-30,10-K,2020-01-28,364,1.0,725000000.0
815097,CCL,2020,775000000.0,WeightedAverageNumberOfDilutedSharesOutstanding,2020-11-30,10-K,2021-01-26,365,1.0,775000000.0
815097,CCL,2021,775000000.0,WeightedAverageNumberOfDilutedSharesOutstanding,2020-11-30,10-K,2022-01-27,365,1.0,775000000.0
815097,CCL,2022,775000000.0,WeightedAverageNumberOfDilutedSharesOutstanding,2020-11-30,10-K,2023-01-27,365,1.0,775000000.0
815097,CCL,2023,1123000000.0,WeightedAverageNumberOfDilutedSharesOutstanding,2021-11-30,10-K,2024-01-26,364,1.0,1123000000.0
815097,CCL,2024,1398000000.0,WeightedAverageNumberOfDilutedSharesOutstanding,2024-11-30,10-K,2025-01-27,365,1.0,1398000000.0
815097,CCL,2025,1398000000.0,WeightedAverageNumberOfDilutedSharesOutstanding,2024-11-30,10-K,2026-01-27,365,1.0,1398000000.0
815556,FAST,2014,297150950.0,WeightedAverageNumberOfDilutedSharesOutstanding,2012-12-31,10-K,2015-02-05,365,4.0,1188603800.0
815556,FAST,2015,297683588.0,WeightedAverageNumberOfDilutedSharesOutstanding,2013-12-31,10-K,2016-02-05,364,4.0,1190734352.0
815556,FAST,2016,289157523.0,WeightedAverageNumberOfDilutedSharesOutstanding,2016-12-31,10-K,2017-02-06,365,4.0,1156630092.0
815556,FAST,2017,289157523.0,WeightedAverageNumberOfDilutedSharesOutstanding,2016-12-31,10-K,2018-02-05,365,4.0,1156630092.0
815556,FAST,2018,289157523.0,WeightedAverageNumberOfDilutedSharesOutstanding,2016-12-31,10-K,2019-02-06,365,4.0,1156630092.0
815556,FAST,2019,576685466.0,WeightedAverageNumberOfDilutedSharesOutstanding,2017-12-31,10-K,2020-02-06,364,4.0,2306741864.0
815556,FAST,2020,575671954.0,WeightedAverageNumberOfDilutedSharesOutstanding,2020-12-31,10-K,2021-02-08,365,2.0,1151343908.0
815556,FAST,2021,575671954.0,WeightedAverageNumberOfDilutedSharesOutstanding,2020-12-31,10-K,2022-02-07,365,2.0,1151343908.0
815556,FAST,2022,575671954.0,WeightedAverageNumberOfDilutedSharesOutstanding,2020-12-31,10-K,2023-02-07,365,2.0,1151343908.0
815556,FAST,2023,577117056.0,WeightedAverageNumberOfDilutedSharesOutstanding,2021-12-31,10-K,2024-02-06,364,2.0,1154234112.0
815556,FAST,2024,574282211.0,WeightedAverageNumberOfDilutedSharesOutstanding,2024-12-31,10-K,2025-02-06,365,2.0,1148564422.0
815556,FAST,2025,1148564422.0,WeightedAverageNumberOfDilutedSharesOutstanding,2024-12-31,10-K,2026-02-05,365,2.0,2297128844.0
820027,AMP,2014,222800000.0,WeightedAverageNumberOfDilutedSharesOutstanding,2012-12-31,10-K,2015-02-24,365,1.0,222800000.0
820027,AMP,2015,207100000.0,WeightedAverageNumberOfDilutedSharesOutstanding,2013-12-31,10-K,2016-02-25,364,1.0,207100000.0
820027,AMP,2016,168200000.0,WeightedAverageNumberOfDilutedSharesOutstanding,2016-12-31,10-K,2017-02-23,365,1.0,168200000.0
820027,AMP,2017,168200000.0,WeightedAverageNumberOfDilutedSharesOutstanding,2016-12-31,10-K,2018-02-23,365,1.0,168200000.0
820027,AMP,2018,168200000.0,WeightedAverageNumberOfDilutedSharesOutstanding,2016-12-31,10-K,2019-02-27,365,1.0,168200000.0
820027,AMP,2019,156700000.0,WeightedAverageNumberOfDilutedSharesOutstanding,2017-12-31,10-K,2020-02-26,364,1.0,156700000.0
820027,AMP,2020,125700000.0,WeightedAverageNumberOfDilutedSharesOutstanding,2020-12-31,10-K,2021-02-24,365,1.0,125700000.0
820027,AMP,2021,125700000.0,WeightedAverageNumberOfDilutedSharesOutstanding,2020-12-31,10-K,2022-02-25,365,1.0,125700000.0
820027,AMP,2022,125700000.0,WeightedAverageNumberOfDilutedSharesOutstanding,2020-12-31,10-K,2023-02-23,365,1.0,125700000.0
820027,AMP,2023,120000000.0,WeightedAverageNumberOfDilutedSharesOutstanding,2021-12-31,10-K,2024-02-22,364,1.0,120000000.0
820027,AMP,2024,102900000.0,WeightedAverageNumberOfDilutedSharesOutstanding,2024-12-31,10-K,2025-02-20,365,1.0,102900000.0
820027,AMP,2025,102900000.0,WeightedAverageNumberOfDilutedSharesOutstanding,2024-12-31,10-K/A,2026-03-12,365,1.0,102900000.0
820313,APH,2014,327894222.0,WeightedAverageNumberOfDilutedSharesOutstanding,2012-12-31,10-K,2015-02-20,365,16.0,5246307552.0
820313,APH,2015,324500000.0,WeightedAverageNumberOfDilutedSharesOutstanding,2013-12-31,10-K,2016-02-19,364,16.0,5192000000.0
820313,APH,2016,315200000.0,WeightedAverageNumberOfDilutedSharesOutstanding,2016-12-31,10-K,2017-02-17,365,8.0,2521600000.0
820313,APH,2017,315200000.0,WeightedAverageNumberOfDilutedSharesOutstanding,2016-12-31,10-K,2018-02-21,365,8.0,2521600000.0
820313,APH,2018,315200000.0,WeightedAverageNumberOfDilutedSharesOutstanding,2016-12-31,10-K,2019-02-13,365,8.0,2521600000.0
820313,APH,2019,316500000.0,WeightedAverageNumberOfDilutedSharesOutstanding,2017-12-31,10-K,2020-02-12,364,8.0,2532000000.0
820313,APH,2020,307500000.0,WeightedAverageNumberOfDilutedSharesOutstanding,2020-12-31,10-K,2021-02-10,365,8.0,2460000000.0
820313,APH,2021,615000000.0,WeightedAverageNumberOfDilutedSharesOutstanding,2020-12-31,10-K,2022-02-09,365,8.0,4920000000.0
820313,APH,2022,615000000.0,WeightedAverageNumberOfDilutedSharesOutstanding,2020-12-31,10-K,2023-02-08,365,8.0,4920000000.0
820313,APH,2023,625500000.0,WeightedAverageNumberOfDilutedSharesOutstanding,2021-12-31,10-K,2024-02-07,364,4.0,2502000000.0
820313,APH,2024,1263600000.0,WeightedAverageNumberOfDilutedSharesOutstanding,2024-12-31,10-K,2025-02-07,365,2.0,2527200000.0
820313,APH,2025,1263600000.0,WeightedAverageNumberOfDilutedSharesOutstanding,2024-12-31,10-K,2026-02-11,365,2.0,2527200000.0
820318,COHR,2014,64385000.0,WeightedAverageNumberOfDilutedSharesOutstanding,2012-06-30,10-K,2014-08-28,365,1.0,64385000.0
820318,COHR,2015,63884000.0,WeightedAverageNumberOfDilutedSharesOutstanding,2013-06-30,10-K,2015-08-28,364,1.0,63884000.0
820318,COHR,2016,62909000.0,WeightedAverageNumberOfDilutedSharesOutstanding,2016-06-30,10-K,2016-08-26,365,1.0,62909000.0
820318,COHR,2017,62909000.0,WeightedAverageNumberOfDilutedSharesOutstanding,2016-06-30,10-K,2017-08-21,365,1.0,62909000.0
820318,COHR,2018,62909000.0,WeightedAverageNumberOfDilutedSharesOutstanding,2016-06-30,10-K,2018-08-28,365,1.0,62909000.0
820318,COHR,2019,64507000.0,WeightedAverageNumberOfDilutedSharesOutstanding,2017-06-30,10-K,2019-08-16,364,1.0,64507000.0
820318,COHR,2020,84828000.0,WeightedAverageNumberOfDilutedSharesOutstanding,2020-06-30,10-K,2021-08-20,365,1.0,84828000.0
820318,COHR,2022,84828000.0,WeightedAverageNumberOfDilutedSharesOutstanding,2020-06-30,10-K,2022-08-29,365,1.0,84828000.0
820318,COHR,2023,115034000.0,WeightedAverageNumberOfDilutedSharesOutstanding,2021-06-30,10-K,2023-08-18,364,1.0,115034000.0
820318,COHR,2024,151642000.0,WeightedAverageNumberOfDilutedSharesOutstanding,2024-06-30,10-K,2024-08-16,365,1.0,151642000.0
820318,COHR,2025,151642000.0,WeightedAverageNumberOfDilutedSharesOutstanding,2024-06-30,10-K,2025-08-15,365,1.0,151642000.0
820318,COHR,2026,151642000.0,WeightedAverageNumberOfDilutedSharesOutstanding,2024-06-30,10-K,2026-08-14,365,1.0,151642000.0
821189,EOG,2014,541524000.0,WeightedAverageNumberOfDilutedSharesOutstanding,2012-12-31,10-K,2015-02-18,365,2.0,1083048000.0
821189,EOG,2015,546227000.0,WeightedAverageNumberOfDilutedSharesOutstanding,2013-12-31,10-K,2016-02-25,364,2.0,1092454000.0
821189,EOG,2016,553384000.0,WeightedAverageNumberOfDilutedSharesOutstanding,2016-12-31,10-K,2017-02-27,365,1.0,553384000.0
821189,EOG,2017,553384000.0,WeightedAverageNumberOfDilutedSharesOutstanding,2016-12-31,10-K,2018-02-27,365,1.0,553384000.0
821189,EOG,2018,553384000.0,WeightedAverageNumberOfDilutedSharesOutstanding,2016-12-31,10-K,2019-02-26,365,1.0,553384000.0
821189,EOG,2019,578693000.0,WeightedAverageNumberOfDilutedSharesOutstanding,2017-12-31,10-K,2020-02-27,364,1.0,578693000.0
821189,EOG,2020,578949000.0,WeightedAverageNumberOfDilutedSharesOutstanding,2020-12-31,10-K,2021-02-25,365,1.0,578949000.0
821189,EOG,2021,579000000.0,WeightedAverageNumberOfDilutedSharesOutstanding,2020-12-31,10-K,2022-02-24,365,1.0,579000000.0
821189,EOG,2022,579000000.0,WeightedAverageNumberOfDilutedSharesOutstanding,2020-12-31,10-K,2023-02-23,365,1.0,579000000.0
821189,EOG,2023,584000000.0,WeightedAverageNumberOfDilutedSharesOutstanding,2021-12-31,10-K,2024-02-22,364,1.0,584000000.0
821189,EOG,2024,569000000.0,WeightedAverageNumberOfDilutedSharesOutstanding,2024-12-31,10-K,2025-02-27,365,1.0,569000000.0
821189,EOG,2025,569000000.0,WeightedAverageNumberOfDilutedSharesOutstanding,2024-12-31,10-K,2026-02-24,365,1.0,569000000.0
822416,PHM,2014,384564000.0,WeightedAverageNumberOfDilutedSharesOutstanding,2012-12-31,10-K,2015-02-04,365,1.0,384564000.0
822416,PHM,2015,386866000.0,WeightedAverageNumberOfDilutedSharesOutstanding,2013-12-31,10-K,2016-02-08,364,1.0,386866000.0
822416,PHM,2016,342123000.0,WeightedAverageNumberOfDilutedSharesOutstanding,2016-12-31,10-K,2017-02-01,365,1.0,342123000.0
822416,PHM,2017,342123000.0,WeightedAverageNumberOfDilutedSharesOutstanding,2016-12-31,10-K,2018-02-07,365,1.0,342123000.0
822416,PHM,2018,342123000.0,WeightedAverageNumberOfDilutedSharesOutstanding,2016-12-31,10-K,2019-01-31,365,1.0,342123000.0
822416,PHM,2019,306814000.0,WeightedAverageNumberOfDilutedSharesOutstanding,2017-12-31,10-K,2020-01-30,364,1.0,306814000.0
822416,PHM,2020,269414000.0,WeightedAverageNumberOfDilutedSharesOutstanding,2020-12-31,10-K,2021-02-02,365,1.0,269414000.0
822416,PHM,2021,269414000.0,WeightedAverageNumberOfDilutedSharesOutstanding,2020-12-31,10-K,2022-02-07,365,1.0,269414000.0
822416,PHM,2022,269414000.0,WeightedAverageNumberOfDilutedSharesOutstanding,2020-12-31,10-K,2023-02-06,365,1.0,269414000.0
822416,PHM,2023,259928000.0,WeightedAverageNumberOfDilutedSharesOutstanding,2021-12-31,10-K,2024-02-05,364,1.0,259928000.0
822416,PHM,2024,209829000.0,WeightedAverageNumberOfDilutedSharesOutstanding,2024-12-31,10-K,2025-02-06,365,1.0,209829000.0
822416,PHM,2025,209829000.0,WeightedAverageNumberOfDilutedSharesOutstanding,2024-12-31,10-K,2026-02-04,365,1.0,209829000.0
823768,WM,2014,464400000.0,WeightedAverageNumberOfDilutedSharesOutstanding,2012-12-31,10-K,2015-02-17,365,1.0,464400000.0
823768,WM,2015,469800000.0,WeightedAverageNumberOfDilutedSharesOutstanding,2013-12-31,10-K,2016-02-18,364,1.0,469800000.0
823768,WM,2016,446500000.0,WeightedAverageNumberOfDilutedSharesOutstanding,2016-12-31,10-K,2017-02-16,365,1.0,446500000.0
823768,WM,2017,446500000.0,WeightedAverageNumberOfDilutedSharesOutstanding,2016-12-31,10-K,2018-02-15,365,1.0,446500000.0
823768,WM,2018,446500000.0,WeightedAverageNumberOfDilutedSharesOutstanding,2016-12-31,10-K,2019-02-14,365,1.0,446500000.0
823768,WM,2019,441900000.0,WeightedAverageNumberOfDilutedSharesOutstanding,2017-12-31,10-K,2020-02-13,364,1.0,441900000.0
823768,WM,2020,425100000.0,WeightedAverageNumberOfDilutedSharesOutstanding,2020-12-31,10-K,2021-02-22,365,1.0,425100000.0
823768,WM,2021,425100000.0,WeightedAverageNumberOfDilutedSharesOutstanding,2020-12-31,10-K,2022-02-15,365,1.0,425100000.0
823768,WM,2022,425100000.0,WeightedAverageNumberOfDilutedSharesOutstanding,2020-12-31,10-K,2023-02-07,365,1.0,425100000.0
823768,WM,2023,422900000.0,WeightedAverageNumberOfDilutedSharesOutstanding,2021-12-31,10-K,2024-02-13,364,1.0,422900000.0
823768,WM,2024,403400000.0,WeightedAverageNumberOfDilutedSharesOutstanding,2024-12-31,10-K,2025-02-19,365,1.0,403400000.0
823768,WM,2025,403400000.0,WeightedAverageNumberOfDilutedSharesOutstanding,2024-12-31,10-K,2026-02-09,365,1.0,403400000.0
827052,EIX,2014,330000000.0,WeightedAverageNumberOfDilutedSharesOutstanding,2012-12-31,10-K,2015-02-24,365,1.0,330000000.0
827052,EIX,2015,329000000.0,WeightedAverageNumberOfDilutedSharesOutstanding,2013-12-31,10-K,2016-02-23,364,1.0,329000000.0
827052,EIX,2016,330000000.0,WeightedAverageNumberOfDilutedSharesOutstanding,2016-12-31,10-K,2017-02-21,365,1.0,330000000.0
827052,EIX,2017,330000000.0,WeightedAverageNumberOfDilutedSharesOutstanding,2016-12-31,10-K,2018-02-22,365,1.0,330000000.0
827052,EIX,2018,330000000.0,WeightedAverageNumberOfDilutedSharesOutstanding,2016-12-31,10-K,2019-02-28,365,1.0,330000000.0
827052,EIX,2019,328000000.0,WeightedAverageNumberOfDilutedSharesOutstanding,2017-12-31,10-K,2020-02-27,364,1.0,328000000.0
827052,EIX,2020,374000000.0,WeightedAverageNumberOfDilutedSharesOutstanding,2020-12-31,10-K,2021-02-25,365,1.0,374000000.0
827052,EIX,2021,374000000.0,WeightedAverageNumberOfDilutedSharesOutstanding,2020-12-31,10-K,2022-02-24,365,1.0,374000000.0
827052,EIX,2022,374000000.0,WeightedAverageNumberOfDilutedSharesOutstanding,2020-12-31,10-K,2023-02-23,365,1.0,374000000.0
827052,EIX,2023,380000000.0,WeightedAverageNumberOfDilutedSharesOutstanding,2021-12-31,10-K,2024-02-22,364,1.0,380000000.0
827052,EIX,2024,388000000.0,WeightedAverageNumberOfDilutedSharesOutstanding,2024-12-31,10-K,2025-02-27,365,1.0,388000000.0
827052,EIX,2025,388000000.0,WeightedAverageNumberOfDilutedSharesOutstanding,2024-12-31,10-K,2026-02-18,365,1.0,388000000.0
827054,MCHP,2015,205776000.0,WeightedAverageNumberOfDilutedSharesOutstanding,2013-03-31,10-K,2015-05-27,364,2.0,411552000.0
827054,MCHP,2016,217388000.0,WeightedAverageNumberOfDilutedSharesOutstanding,2016-03-31,10-K,2016-05-24,365,2.0,434776000.0
827054,MCHP,2017,217388000.0,WeightedAverageNumberOfDilutedSharesOutstanding,2016-03-31,10-K,2017-05-30,365,2.0,434776000.0
827054,MCHP,2018,217400000.0,WeightedAverageNumberOfDilutedSharesOutstanding,2016-03-31,10-K,2018-05-18,365,2.0,434800000.0
827054,MCHP,2019,234800000.0,WeightedAverageNumberOfDilutedSharesOutstanding,2017-03-31,10-K,2019-05-30,364,2.0,469600000.0
827054,MCHP,2020,256200000.0,WeightedAverageNumberOfDilutedSharesOutstanding,2020-03-31,10-K,2020-05-22,365,2.0,512400000.0
827054,MCHP,2021,256200000.0,WeightedAverageNumberOfDilutedSharesOutstanding,2020-03-31,10-K,2021-05-18,365,2.0,512400000.0
827054,MCHP,2022,512400000.0,WeightedAverageNumberOfDilutedSharesOutstanding,2020-03-31,10-K,2022-05-20,365,2.0,1024800000.0
827054,MCHP,2023,541200000.0,WeightedAverageNumberOfDilutedSharesOutstanding,2021-03-31,10-K,2023-05-25,364,2.0,1082400000.0
827054,MCHP,2024,548000000.0,WeightedAverageNumberOfDilutedSharesOutstanding,2024-03-31,10-K,2024-05-23,365,1.0,548000000.0
827054,MCHP,2025,548000000.0,WeightedAverageNumberOfDilutedSharesOutstanding,2024-03-31,10-K,2025-05-23,365,1.0,548000000.0
827054,MCHP,2026,548000000.0,WeightedAverageNumberOfDilutedSharesOutstanding,2024-03-31,10-K,2026-05-21,365,1.0,548000000.0
829224,SBUX,2014,773000000.0,WeightedAverageNumberOfDilutedSharesOutstanding,2012-09-30,10-K,2014-11-14,363,2.0,1546000000.0
829224,SBUX,2015,1524500000.0,WeightedAverageNumberOfDilutedSharesOutstanding,2013-09-29,10-K,2015-11-12,363,2.0,3049000000.0
829224,SBUX,2016,1486700000.0,WeightedAverageNumberOfDilutedSharesOutstanding,2016-10-02,10-K,2016-11-18,370,1.0,1486700000.0
829224,SBUX,2017,1486700000.0,WeightedAverageNumberOfDilutedSharesOutstanding,2016-10-02,10-K,2017-11-17,370,1.0,1486700000.0
829224,SBUX,2018,1486700000.0,WeightedAverageNumberOfDilutedSharesOutstanding,2016-10-02,10-K,2018-11-16,370,1.0,1486700000.0
829224,SBUX,2019,1461500000.0,WeightedAverageNumberOfDilutedSharesOutstanding,2017-10-01,10-K,2019-11-15,363,1.0,1461500000.0
829224,SBUX,2020,1394600000.0,WeightedAverageNumberOfDilutedSharesOutstanding,2018-09-30,10-K,2020-11-12,363,1.0,1394600000.0
829224,SBUX,2021,1185500000.0,WeightedAverageNumberOfDilutedSharesOutstanding,2021-10-03,10-K,2021-11-19,370,1.0,1185500000.0
829224,SBUX,2022,1185500000.0,WeightedAverageNumberOfDilutedSharesOutstanding,2021-10-03,10-K,2022-11-18,370,1.0,1185500000.0
829224,SBUX,2023,1185500000.0,WeightedAverageNumberOfDilutedSharesOutstanding,2021-10-03,10-K,2023-11-17,370,1.0,1185500000.0
829224,SBUX,2024,1158500000.0,WeightedAverageNumberOfDilutedSharesOutstanding,2022-10-02,10-K,2024-11-20,363,1.0,1158500000.0
829224,SBUX,2025,1151300000.0,WeightedAverageNumberOfDilutedSharesOutstanding,2023-10-01,10-K,2025-11-14,363,1.0,1151300000.0
831001,C,2014,3015500000.0,WeightedAverageNumberOfDilutedSharesOutstanding,2012-12-31,10-K,2015-02-25,365,1.0,3015500000.0
831001,C,2015,3041600000.0,WeightedAverageNumberOfDilutedSharesOutstanding,2013-12-31,10-K,2016-02-26,364,1.0,3041600000.0
831001,C,2016,2888300000.0,WeightedAverageNumberOfDilutedSharesOutstanding,2016-12-31,10-K,2017-02-24,365,1.0,2888300000.0
831001,C,2017,2888300000.0,WeightedAverageNumberOfDilutedSharesOutstanding,2016-12-31,10-K,2018-02-23,365,1.0,2888300000.0
831001,C,2018,2888300000.0,WeightedAverageNumberOfDilutedSharesOutstanding,2016-12-31,10-K,2019-02-22,365,1.0,2888300000.0
831001,C,2019,2698500000.0,WeightedAverageNumberOfDilutedSharesOutstanding,2017-12-31,10-K,2020-02-21,364,1.0,2698500000.0
831001,C,2020,2099000000.0,WeightedAverageNumberOfDilutedSharesOutstanding,2020-12-31,10-K,2021-02-26,365,1.0,2099000000.0
831001,C,2021,2099000000.0,WeightedAverageNumberOfDilutedSharesOutstanding,2020-12-31,10-K,2022-02-28,365,1.0,2099000000.0
831001,C,2022,2099000000.0,WeightedAverageNumberOfDilutedSharesOutstanding,2020-12-31,10-K,2023-02-27,365,1.0,2099000000.0
831001,C,2023,2049400000.0,WeightedAverageNumberOfDilutedSharesOutstanding,2021-12-31,10-K,2024-02-23,364,1.0,2049400000.0
831001,C,2024,1940100000.0,WeightedAverageNumberOfDilutedSharesOutstanding,2024-12-31,10-K,2025-02-21,365,1.0,1940100000.0
831001,C,2025,1940100000.0,WeightedAverageNumberOfDilutedSharesOutstanding,2024-12-31,10-K,2026-02-20,365,1.0,1940100000.0
831259,FCX,2014,954000000.0,WeightedAverageNumberOfDilutedSharesOutstanding,2012-12-31,10-K,2015-02-27,365,1.0,954000000.0
831259,FCX,2015,1006000000.0,WeightedAverageNumberOfDilutedSharesOutstanding,2013-12-31,10-K,2016-02-26,364,1.0,1006000000.0
831259,FCX,2017,1318000000.0,WeightedAverageNumberOfDilutedSharesOutstanding,2016-12-31,10-K,2018-02-20,365,1.0,1318000000.0
831259,FCX,2018,1318000000.0,WeightedAverageNumberOfDilutedSharesOutstanding,2016-12-31,10-K,2019-02-15,365,1.0,1318000000.0
831259,FCX,2019,1454000000.0,WeightedAverageNumberOfDilutedSharesOutstanding,2017-12-31,10-K,2020-02-14,364,1.0,1454000000.0
831259,FCX,2020,1461000000.0,WeightedAverageNumberOfDilutedSharesOutstanding,2020-12-31,10-K,2021-02-16,365,1.0,1461000000.0
831259,FCX,2021,1461000000.0,WeightedAverageNumberOfDilutedSharesOutstanding,2020-12-31,10-K,2022-02-15,365,1.0,1461000000.0
831259,FCX,2022,1461000000.0,WeightedAverageNumberOfDilutedSharesOutstanding,2020-12-31,10-K,2023-02-15,365,1.0,1461000000.0
831259,FCX,2023,1445000000.0,WeightedAverageNumberOfDilutedSharesOutstanding,2024-12-31,10-K,2025-02-14,365,1.0,1445000000.0
831259,FCX,2025,1445000000.0,WeightedAverageNumberOfDilutedSharesOutstanding,2024-12-31,10-K,2026-02-13,365,1.0,1445000000.0
832101,IEX,2014,83641000.0,WeightedAverageNumberOfDilutedSharesOutstanding,2012-12-31,10-K,2015-02-23,365,1.0,83641000.0
832101,IEX,2015,82489000.0,WeightedAverageNumberOfDilutedSharesOutstanding,2013-12-31,10-K,2016-02-19,364,1.0,82489000.0
832101,IEX,2016,76758000.0,WeightedAverageNumberOfDilutedSharesOutstanding,2016-12-31,10-K,2017-02-23,365,1.0,76758000.0
832101,IEX,2017,76758000.0,WeightedAverageNumberOfDilutedSharesOutstanding,2016-12-31,10-K,2018-02-22,365,1.0,76758000.0
832101,IEX,2018,76758000.0,WeightedAverageNumberOfDilutedSharesOutstanding,2016-12-31,10-K,2019-02-28,365,1.0,76758000.0
832101,IEX,2019,77333000.0,WeightedAverageNumberOfDilutedSharesOutstanding,2017-12-31,10-K,2020-02-21,364,1.0,77333000.0
832101,IEX,2020,76400000.0,WeightedAverageNumberOfDilutedSharesOutstanding,2020-12-31,10-K,2021-02-25,365,1.0,76400000.0
832101,IEX,2021,76400000.0,WeightedAverageNumberOfDilutedSharesOutstanding,2020-12-31,10-K,2022-02-24,365,1.0,76400000.0
832101,IEX,2022,76400000.0,WeightedAverageNumberOfDilutedSharesOutstanding,2020-12-31,10-K,2023-02-23,365,1.0,76400000.0
832101,IEX,2023,76400000.0,WeightedAverageNumberOfDilutedSharesOutstanding,2021-12-31,10-K,2024-02-22,364,1.0,76400000.0
832101,IEX,2024,75900000.0,WeightedAverageNumberOfDilutedSharesOutstanding,2024-12-31,10-K,2025-02-20,365,1.0,75900000.0
832101,IEX,2025,75900000.0,WeightedAverageNumberOfDilutedSharesOutstanding,2024-12-31,10-K,2026-02-19,365,1.0,75900000.0
833444,JCI,2014,463000000.0,WeightedAverageNumberOfDilutedSharesOutstanding,2012-09-28,10-K,2014-11-14,363,1.9211426272379801,889489036.4111848
833444,JCI,2015,472000000.0,WeightedAverageNumberOfDilutedSharesOutstanding,2013-09-27,10-K,2015-11-13,363,0.955,450760000.0
833444,JCI,2016,667400000.0,WeightedAverageNumberOfDilutedSharesOutstanding,2016-09-30,10-K,2016-11-23,365,1.0,667400000.0
833444,JCI,2017,672600000.0,WeightedAverageNumberOfDilutedSharesOutstanding,2016-09-30,10-K,2017-11-21,365,1.0,672600000.0
833444,JCI,2018,672600000.0,WeightedAverageNumberOfDilutedSharesOutstanding,2016-09-30,10-K,2018-11-20,365,1.0,672600000.0
833444,JCI,2019,944600000.0,WeightedAverageNumberOfDilutedSharesOutstanding,2017-09-30,10-K,2019-11-21,364,1.0,944600000.0
833444,JCI,2020,753600000.0,WeightedAverageNumberOfDilutedSharesOutstanding,2020-09-30,10-K,2020-11-16,365,1.0,753600000.0
833444,JCI,2021,753600000.0,WeightedAverageNumberOfDilutedSharesOutstanding,2020-09-30,10-K,2021-11-15,365,1.0,753600000.0
833444,JCI,2022,753600000.0,WeightedAverageNumberOfDilutedSharesOutstanding,2020-09-30,10-K,2022-11-15,365,1.0,753600000.0
833444,JCI,2023,721100000.0,WeightedAverageNumberOfDilutedSharesOutstanding,2021-09-30,10-K,2023-12-14,364,1.0,721100000.0
833444,JCI,2024,676000000.0,WeightedAverageNumberOfDilutedSharesOutstanding,2024-09-30,10-K,2024-11-19,365,1.0,676000000.0
833444,JCI,2025,676000000.0,WeightedAverageNumberOfDilutedSharesOutstanding,2024-09-30,10-K,2025-11-14,365,1.0,676000000.0
842023,TECH,2014,37006000.0,WeightedAverageNumberOfDilutedSharesOutstanding,2012-06-30,10-K,2014-08-29,365,4.0,148024000.0
842023,TECH,2015,36900000.0,WeightedAverageNumberOfDilutedSharesOutstanding,2013-06-30,10-K,2015-08-31,364,4.0,147600000.0
842023,TECH,2016,37326000.0,WeightedAverageNumberOfDilutedSharesOutstanding,2016-06-30,10-K,2016-08-29,365,4.0,149304000.0
842023,TECH,2017,37326000.0,WeightedAverageNumberOfDilutedSharesOutstanding,2016-06-30,10-K,2017-09-07,365,4.0,149304000.0
842023,TECH,2018,37326000.0,WeightedAverageNumberOfDilutedSharesOutstanding,2016-06-30,10-K,2018-08-27,365,4.0,149304000.0
842023,TECH,2019,37500000.0,WeightedAverageNumberOfDilutedSharesOutstanding,2017-06-30,10-K/A,2019-11-06,364,4.0,150000000.0
842023,TECH,2020,39401000.0,WeightedAverageNumberOfDilutedSharesOutstanding,2020-06-30,10-K,2020-08-26,365,4.0,157604000.0
842023,TECH,2021,39401000.0,WeightedAverageNumberOfDilutedSharesOutstanding,2020-06-30,10-K,2021-08-25,365,4.0,157604000.0
842023,TECH,2022,39401000.0,WeightedAverageNumberOfDilutedSharesOutstanding,2020-06-30,10-K,2022-08-24,365,4.0,157604000.0
842023,TECH,2023,161932000.0,WeightedAverageNumberOfDilutedSharesOutstanding,2021-06-30,10-K,2023-08-23,364,4.0,647728000.0
842023,TECH,2024,160774000.0,WeightedAverageNumberOfDilutedSharesOutstanding,2024-06-30,10-K,2024-08-22,365,1.0,160774000.0
842023,TECH,2025,160774000.0,WeightedAverageNumberOfDilutedSharesOutstanding,2024-06-30,10-K,2025-08-22,365,1.0,160774000.0
842023,TECH,2026,160774000.0,WeightedAverageNumberOfDilutedSharesOutstanding,2024-06-30,10-K,2026-08-24,365,1.0,160774000.0
849395,CRH,2023,786800000.0,WeightedAverageNumberOfDilutedSharesOutstanding,2021-12-31,10-K,2024-02-29,364,1.0,786800000.0
849395,CRH,2024,689500000.0,WeightedAverageNumberOfDilutedSharesOutstanding,2024-12-31,10-K,2025-02-26,365,1.0,689500000.0
849395,CRH,2025,689500000.0,WeightedAverageNumberOfDilutedSharesOutstanding,2024-12-31,10-K,2026-02-18,365,1.0,689500000.0
849399,GEN,2015,696000000.0,WeightedAverageNumberOfDilutedSharesOutstanding,2015-04-03,10-K,2015-05-22,370,1.0,696000000.0
849399,GEN,2016,696000000.0,WeightedAverageNumberOfDilutedSharesOutstanding,2015-04-03,10-K,2016-05-20,370,1.0,696000000.0
849399,GEN,2017,696000000.0,WeightedAverageNumberOfDilutedSharesOutstanding,2015-04-03,10-K,2017-05-19,370,1.0,696000000.0
849399,GEN,2018,670000000.0,WeightedAverageNumberOfDilutedSharesOutstanding,2016-04-01,10-K,2018-10-26,363,1.0,670000000.0
849399,GEN,2019,618000000.0,WeightedAverageNumberOfDilutedSharesOutstanding,2017-03-31,10-K,2019-05-24,363,1.0,618000000.0
849399,GEN,2020,643000000.0,WeightedAverageNumberOfDilutedSharesOutstanding,2020-04-03,10-K,2020-05-28,370,1.0,643000000.0
849399,GEN,2021,643000000.0,WeightedAverageNumberOfDilutedSharesOutstanding,2020-04-03,10-K,2021-05-21,370,1.0,643000000.0
849399,GEN,2022,643000000.0,WeightedAverageNumberOfDilutedSharesOutstanding,2020-04-03,10-K,2022-05-20,370,1.0,643000000.0
849399,GEN,2023,600000000.0,WeightedAverageNumberOfDilutedSharesOutstanding,2021-04-02,10-K,2023-05-25,363,1.0,600000000.0
849399,GEN,2024,591000000.0,WeightedAverageNumberOfDilutedSharesOutstanding,2022-04-01,10-K,2024-05-16,363,1.0,591000000.0
849399,GEN,2025,624000000.0,WeightedAverageNumberOfDilutedSharesOutstanding,2023-03-31,10-K,2025-05-15,363,1.0,624000000.0
849399,GEN,2026,619000000.0,WeightedAverageNumberOfDilutedSharesOutstanding,2026-04-03,10-K,2026-05-21,370,1.0,619000000.0
857005,PTC,2014,118705000.0,WeightedAverageNumberOfDilutedSharesOutstanding,2012-09-30,10-K,2014-11-26,365,1.0,118705000.0
857005,PTC,2015,121240000.0,WeightedAverageNumberOfDilutedSharesOutstanding,2013-09-30,10-K,2015-11-23,364,1.0,121240000.0
857005,PTC,2016,114612000.0,WeightedAverageNumberOfDilutedSharesOutstanding,2016-09-30,10-K,2016-11-18,365,1.0,114612000.0
857005,PTC,2017,114612000.0,WeightedAverageNumberOfDilutedSharesOutstanding,2016-09-30,10-K,2017-11-29,365,1.0,114612000.0
857005,PTC,2018,114612000.0,WeightedAverageNumberOfDilutedSharesOutstanding,2016-09-30,10-K,2018-11-16,365,1.0,114612000.0
857005,PTC,2019,117356000.0,WeightedAverageNumberOfDilutedSharesOutstanding,2017-09-30,10-K,2019-11-18,364,1.0,117356000.0
857005,PTC,2020,116267000.0,WeightedAverageNumberOfDilutedSharesOutstanding,2020-09-30,10-K,2020-11-20,365,1.0,116267000.0
857005,PTC,2021,116267000.0,WeightedAverageNumberOfDilutedSharesOutstanding,2020-09-30,10-K,2021-11-22,365,1.0,116267000.0
857005,PTC,2022,116267000.0,WeightedAverageNumberOfDilutedSharesOutstanding,2020-09-30,10-K,2022-11-15,365,1.0,116267000.0
857005,PTC,2023,118367000.0,WeightedAverageNumberOfDilutedSharesOutstanding,2021-09-30,10-K,2023-11-20,364,1.0,118367000.0
857005,PTC,2024,120742000.0,WeightedAverageNumberOfDilutedSharesOutstanding,2024-09-30,10-K,2024-11-14,365,1.0,120742000.0
857005,PTC,2025,120742000.0,WeightedAverageNumberOfDilutedSharesOutstanding,2024-09-30,10-K,2025-11-21,365,1.0,120742000.0
858877,CSCO,2014,5404000000.0,WeightedAverageNumberOfDilutedSharesOutstanding,2012-07-28,10-K,2014-09-09,363,1.0,5404000000.0
858877,CSCO,2015,5380000000.0,WeightedAverageNumberOfDilutedSharesOutstanding,2013-07-27,10-K,2015-09-08,363,1.0,5380000000.0
858877,CSCO,2016,5088000000.0,WeightedAverageNumberOfDilutedSharesOutstanding,2016-07-30,10-K,2016-09-08,370,1.0,5088000000.0
858877,CSCO,2017,5088000000.0,WeightedAverageNumberOfDilutedSharesOutstanding,2016-07-30,10-K,2017-09-07,370,1.0,5088000000.0
858877,CSCO,2018,5088000000.0,WeightedAverageNumberOfDilutedSharesOutstanding,2016-07-30,10-K,2018-09-06,370,1.0,5088000000.0
858877,CSCO,2019,5049000000.0,WeightedAverageNumberOfDilutedSharesOutstanding,2017-07-29,10-K,2019-09-05,363,1.0,5049000000.0
858877,CSCO,2020,4881000000.0,WeightedAverageNumberOfDilutedSharesOutstanding,2018-07-28,10-K,2020-09-03,363,1.0,4881000000.0
858877,CSCO,2021,4236000000.0,WeightedAverageNumberOfDilutedSharesOutstanding,2021-07-31,10-K,2021-09-09,370,1.0,4236000000.0
858877,CSCO,2022,4236000000.0,WeightedAverageNumberOfDilutedSharesOutstanding,2021-07-31,10-K,2022-09-08,370,1.0,4236000000.0
858877,CSCO,2023,4236000000.0,WeightedAverageNumberOfDilutedSharesOutstanding,2021-07-31,10-K,2023-09-07,370,1.0,4236000000.0
858877,CSCO,2024,4192000000.0,WeightedAverageNumberOfDilutedSharesOutstanding,2022-07-30,10-K,2024-09-05,363,1.0,4192000000.0
858877,CSCO,2025,4105000000.0,WeightedAverageNumberOfDilutedSharesOutstanding,2023-07-29,10-K,2025-09-03,363,1.0,4105000000.0
858877,CSCO,2026,4062000000.0,WeightedAverageNumberOfDilutedSharesOutstanding,2024-07-27,10-K,2026-09-02,363,1.0,4062000000.0
860730,HCA,2014,459403000.0,WeightedAverageNumberOfDilutedSharesOutstanding,2012-12-31,10-K,2015-02-26,365,1.0,459403000.0
860730,HCA,2015,461913000.0,WeightedAverageNumberOfDilutedSharesOutstanding,2013-12-31,10-K,2016-02-26,364,1.0,461913000.0
860730,HCA,2016,395851000.0,WeightedAverageNumberOfDilutedSharesOutstanding,2016-12-31,10-K,2017-02-22,365,1.0,395851000.0
860730,HCA,2017,395851000.0,WeightedAverageNumberOfDilutedSharesOutstanding,2016-12-31,10-K,2018-02-23,365,1.0,395851000.0
860730,HCA,2018,395851000.0,WeightedAverageNumberOfDilutedSharesOutstanding,2016-12-31,10-K,2019-02-21,365,1.0,395851000.0
860730,HCA,2019,372221000.0,WeightedAverageNumberOfDilutedSharesOutstanding,2017-12-31,10-K,2020-02-20,364,1.0,372221000.0
860730,HCA,2020,343605000.0,WeightedAverageNumberOfDilutedSharesOutstanding,2020-12-31,10-K,2021-02-19,365,1.0,343605000.0
860730,HCA,2021,343605000.0,WeightedAverageNumberOfDilutedSharesOutstanding,2020-12-31,10-K,2022-02-18,365,1.0,343605000.0
860730,HCA,2022,343605000.0,WeightedAverageNumberOfDilutedSharesOutstanding,2020-12-31,10-K,2023-02-17,365,1.0,343605000.0
860730,HCA,2023,328752000.0,WeightedAverageNumberOfDilutedSharesOutstanding,2021-12-31,10-K,2024-02-16,364,1.0,328752000.0
860730,HCA,2024,261806000.0,WeightedAverageNumberOfDilutedSharesOutstanding,2024-12-31,10-K,2025-02-14,365,1.0,261806000.0
860730,HCA,2025,261806000.0,WeightedAverageNumberOfDilutedSharesOutstanding,2024-12-31,10-K,2026-02-10,365,1.0,261806000.0
860731,TYL,2014,32916000.0,WeightedAverageNumberOfDilutedSharesOutstanding,2012-12-31,10-K,2015-02-18,365,1.0,32916000.0
860731,TYL,2015,34590000.0,WeightedAverageNumberOfDilutedSharesOutstanding,2013-12-31,10-K,2016-02-24,364,1.0,34590000.0
860731,TYL,2016,38961000.0,WeightedAverageNumberOfDilutedSharesOutstanding,2016-12-31,10-K,2017-02-22,365,1.0,38961000.0
860731,TYL,2017,38961000.0,WeightedAverageNumberOfDilutedSharesOutstanding,2016-12-31,10-K,2018-02-21,365,1.0,38961000.0
860731,TYL,2018,38961000.0,WeightedAverageNumberOfDilutedSharesOutstanding,2016-12-31,10-K,2019-02-20,365,1.0,38961000.0
860731,TYL,2019,39246000.0,WeightedAverageNumberOfDilutedSharesOutstanding,2017-12-31,10-K,2020-02-19,364,1.0,39246000.0
860731,TYL,2020,41526000.0,WeightedAverageNumberOfDilutedSharesOutstanding,2020-12-31,10-K,2021-02-19,365,1.0,41526000.0
860731,TYL,2021,41526000.0,WeightedAverageNumberOfDilutedSharesOutstanding,2020-12-31,10-K,2022-02-23,365,1.0,41526000.0
860731,TYL,2022,41526000.0,WeightedAverageNumberOfDilutedSharesOutstanding,2020-12-31,10-K,2023-02-22,365,1.0,41526000.0
860731,TYL,2023,42244000.0,WeightedAverageNumberOfDilutedSharesOutstanding,2021-12-31,10-K,2024-02-21,364,1.0,42244000.0
860731,TYL,2024,43497000.0,WeightedAverageNumberOfDilutedSharesOutstanding,2024-12-31,10-K,2025-02-19,365,1.0,43497000.0
860731,TYL,2025,43497000.0,WeightedAverageNumberOfDilutedSharesOutstanding,2024-12-31,10-K,2026-02-18,365,1.0,43497000.0
864749,TRMB,2014,261206000.0,WeightedAverageNumberOfDilutedSharesOutstanding,2014-01-03,10-K,2015-02-25,370,1.0,261206000.0
864749,TRMB,2015,261200000.0,WeightedAverageNumberOfDilutedSharesOutstanding,2014-01-03,10-K,2016-02-24,370,1.0,261200000.0
864749,TRMB,2016,264500000.0,WeightedAverageNumberOfDilutedSharesOutstanding,2015-01-02,10-K,2017-02-24,363,1.0,264500000.0
864749,TRMB,2017,258500000.0,WeightedAverageNumberOfDilutedSharesOutstanding,2016-01-01,10-K,2018-02-27,363,1.0,258500000.0
864749,TRMB,2018,253900000.0,WeightedAverageNumberOfDilutedSharesOutstanding,2016-12-30,10-K,2019-02-22,363,1.0,253900000.0
864749,TRMB,2019,252900000.0,WeightedAverageNumberOfDilutedSharesOutstanding,2020-01-03,10-K,2020-02-28,370,1.0,252900000.0
864749,TRMB,2020,252900000.0,WeightedAverageNumberOfDilutedSharesOutstanding,2020-01-03,10-K,2021-02-26,370,1.0,252900000.0
864749,TRMB,2021,252900000.0,WeightedAverageNumberOfDilutedSharesOutstanding,2020-01-03,10-K,2022-02-23,370,1.0,252900000.0
864749,TRMB,2022,252300000.0,WeightedAverageNumberOfDilutedSharesOutstanding,2021-01-01,10-K,2023-02-17,363,1.0,252300000.0
864749,TRMB,2023,254300000.0,WeightedAverageNumberOfDilutedSharesOutstanding,2021-12-31,10-K,2024-02-26,363,1.0,254300000.0
864749,TRMB,2024,247200000.0,WeightedAverageNumberOfDilutedSharesOutstanding,2025-01-03,10-K,2025-04-25,370,1.0,247200000.0
864749,TRMB,2025,247200000.0,WeightedAverageNumberOfDilutedSharesOutstanding,2025-01-03,10-K,2026-02-25,370,1.0,247200000.0
865752,MNST,2014,183083000.0,WeightedAverageNumberOfDilutedSharesOutstanding,2012-12-31,10-K,2015-03-02,365,12.0,2196996000.0
865752,MNST,2015,173387000.0,WeightedAverageNumberOfDilutedSharesOutstanding,2013-12-31,10-K,2016-02-29,364,12.0,2080644000.0
865752,MNST,2016,599819000.0,WeightedAverageNumberOfDilutedSharesOutstanding,2016-12-31,10-K,2017-03-01,365,4.0,2399276000.0
865752,MNST,2017,599819000.0,WeightedAverageNumberOfDilutedSharesOutstanding,2016-12-31,10-K,2018-03-01,365,4.0,2399276000.0
865752,MNST,2018,599819000.0,WeightedAverageNumberOfDilutedSharesOutstanding,2016-12-31,10-K,2019-02-28,365,4.0,2399276000.0
865752,MNST,2019,577141000.0,WeightedAverageNumberOfDilutedSharesOutstanding,2017-12-31,10-K,2020-02-28,364,4.0,2308564000.0
865752,MNST,2020,534807000.0,WeightedAverageNumberOfDilutedSharesOutstanding,2020-12-31,10-K,2021-03-01,365,4.0,2139228000.0
865752,MNST,2021,534807000.0,WeightedAverageNumberOfDilutedSharesOutstanding,2020-12-31,10-K,2022-02-28,365,4.0,2139228000.0
865752,MNST,2022,534807000.0,WeightedAverageNumberOfDilutedSharesOutstanding,2020-12-31,10-K,2023-03-01,365,4.0,2139228000.0
865752,MNST,2023,1071278000.0,WeightedAverageNumberOfDilutedSharesOutstanding,2021-12-31,10-K,2024-02-29,364,4.0,4285112000.0
865752,MNST,2024,1013107000.0,WeightedAverageNumberOfDilutedSharesOutstanding,2024-12-31,10-K,2025-02-28,365,2.0,2026214000.0
865752,MNST,2025,1013107000.0,WeightedAverageNumberOfDilutedSharesOutstanding,2024-12-31,10-K,2026-02-27,365,2.0,2026214000.0
866374,FLEX,2015,675033000.0,WeightedAverageNumberOfDilutedSharesOutstanding,2013-03-31,10-K,2015-05-21,364,1.327,895768791.0
866374,FLEX,2016,564869000.0,WeightedAverageNumberOfDilutedSharesOutstanding,2016-03-31,10-K,2016-05-20,365,1.327,749581163.0
866374,FLEX,2017,564869000.0,WeightedAverageNumberOfDilutedSharesOutstanding,2016-03-31,10-K,2017-05-16,365,1.327,749581163.0
866374,FLEX,2018,564869000.0,WeightedAverageNumberOfDilutedSharesOutstanding,2016-03-31,10-K,2018-06-14,365,1.327,749581163.0
866374,FLEX,2019,546220000.0,WeightedAverageNumberOfDilutedSharesOutstanding,2017-03-31,10-K,2019-05-21,364,1.327,724833940.0
866374,FLEX,2020,512437000.0,WeightedAverageNumberOfDilutedSharesOutstanding,2020-03-31,10-K,2020-05-28,365,1.327,680003899.0
866374,FLEX,2021,512000000.0,WeightedAverageNumberOfDilutedSharesOutstanding,2020-03-31,10-K,2021-05-19,365,1.327,679424000.0
866374,FLEX,2022,512000000.0,WeightedAverageNumberOfDilutedSharesOutstanding,2020-03-31,10-K,2022-05-20,365,1.327,679424000.0
866374,FLEX,2023,506000000.0,WeightedAverageNumberOfDilutedSharesOutstanding,2021-03-31,10-K,2023-05-19,364,1.327,671462000.0
866374,FLEX,2024,441000000.0,WeightedAverageNumberOfDilutedSharesOutstanding,2024-03-31,10-K,2024-05-17,365,1.0,441000000.0
866374,FLEX,2025,441000000.0,WeightedAverageNumberOfDilutedSharesOutstanding,2024-03-31,10-K,2025-05-21,365,1.0,441000000.0
866374,FLEX,2026,441000000.0,WeightedAverageNumberOfDilutedSharesOutstanding,2024-03-31,10-K,2026-05-20,365,1.0,441000000.0
866787,AZO,2014,36581000.0,WeightedAverageNumberOfDilutedSharesOutstanding,2013-08-31,10-K,2014-10-27,370,1.0,36581000.0
866787,AZO,2015,36581000.0,WeightedAverageNumberOfDilutedSharesOutstanding,2013-08-31,10-K,2015-10-26,370,1.0,36581000.0
866787,AZO,2016,33882000.0,WeightedAverageNumberOfDilutedSharesOutstanding,2014-08-30,10-K,2016-10-24,363,1.0,33882000.0
866787,AZO,2017,32206000.0,WeightedAverageNumberOfDilutedSharesOutstanding,2015-08-29,10-K,2017-10-25,363,1.0,32206000.0
866787,AZO,2018,30488000.0,WeightedAverageNumberOfDilutedSharesOutstanding,2016-08-27,10-K,2018-10-24,363,1.0,30488000.0
866787,AZO,2019,25498000.0,WeightedAverageNumberOfDilutedSharesOutstanding,2019-08-31,10-K,2019-10-28,370,1.0,25498000.0
866787,AZO,2020,25498000.0,WeightedAverageNumberOfDilutedSharesOutstanding,2019-08-31,10-K,2020-10-26,370,1.0,25498000.0
866787,AZO,2021,25498000.0,WeightedAverageNumberOfDilutedSharesOutstanding,2019-08-31,10-K,2021-10-25,370,1.0,25498000.0
866787,AZO,2022,24093000.0,WeightedAverageNumberOfDilutedSharesOutstanding,2020-08-29,10-K,2022-10-24,363,1.0,24093000.0
866787,AZO,2023,22799000.0,WeightedAverageNumberOfDilutedSharesOutstanding,2021-08-28,10-K,2023-10-24,363,1.0,22799000.0
866787,AZO,2024,17803000.0,WeightedAverageNumberOfDilutedSharesOutstanding,2024-08-31,10-K,2024-10-28,370,1.0,17803000.0
866787,AZO,2025,17803000.0,WeightedAverageNumberOfDilutedSharesOutstanding,2024-08-31,10-K,2025-10-27,370,1.0,17803000.0
872589,REGN,2014,115382000.0,WeightedAverageNumberOfDilutedSharesOutstanding,2012-12-31,10-K,2015-02-12,365,1.0,115382000.0
872589,REGN,2015,111290000.0,WeightedAverageNumberOfDilutedSharesOutstanding,2013-12-31,10-K,2016-02-11,364,1.0,111290000.0
872589,REGN,2016,116367000.0,WeightedAverageNumberOfDilutedSharesOutstanding,2016-12-31,10-K,2017-02-09,365,1.0,116367000.0
872589,REGN,2017,116367000.0,WeightedAverageNumberOfDilutedSharesOutstanding,2016-12-31,10-K,2018-02-08,365,1.0,116367000.0
872589,REGN,2018,116300000.0,WeightedAverageNumberOfDilutedSharesOutstanding,2016-12-31,10-K,2019-02-07,365,1.0,116300000.0
872589,REGN,2019,115900000.0,WeightedAverageNumberOfDilutedSharesOutstanding,2017-12-31,10-K,2020-02-07,364,1.0,115900000.0
872589,REGN,2020,115100000.0,WeightedAverageNumberOfDilutedSharesOutstanding,2020-12-31,10-K,2021-02-08,365,1.0,115100000.0
872589,REGN,2021,115100000.0,WeightedAverageNumberOfDilutedSharesOutstanding,2020-12-31,10-K,2022-02-07,365,1.0,115100000.0
872589,REGN,2022,115100000.0,WeightedAverageNumberOfDilutedSharesOutstanding,2020-12-31,10-K,2023-02-06,365,1.0,115100000.0
872589,REGN,2023,112200000.0,WeightedAverageNumberOfDilutedSharesOutstanding,2021-12-31,10-K,2024-02-05,364,1.0,112200000.0
872589,REGN,2024,115100000.0,WeightedAverageNumberOfDilutedSharesOutstanding,2024-12-31,10-K,2025-02-05,365,1.0,115100000.0
872589,REGN,2025,115100000.0,WeightedAverageNumberOfDilutedSharesOutstanding,2024-12-31,10-K,2026-02-04,365,1.0,115100000.0
874716,IDXX,2014,56155000.0,WeightedAverageNumberOfDilutedSharesOutstanding,2012-12-31,10-K,2015-02-17,365,2.0,112310000.0
874716,IDXX,2015,107970000.0,WeightedAverageNumberOfDilutedSharesOutstanding,2013-12-31,10-K,2016-02-17,364,2.0,215940000.0
874716,IDXX,2016,90884000.0,WeightedAverageNumberOfDilutedSharesOutstanding,2016-12-31,10-K,2017-02-17,365,1.0,90884000.0
874716,IDXX,2017,90884000.0,WeightedAverageNumberOfDilutedSharesOutstanding,2016-12-31,10-K,2018-02-16,365,1.0,90884000.0
874716,IDXX,2018,90884000.0,WeightedAverageNumberOfDilutedSharesOutstanding,2016-12-31,10-K,2019-02-15,365,1.0,90884000.0
874716,IDXX,2019,89567000.0,WeightedAverageNumberOfDilutedSharesOutstanding,2017-12-31,10-K,2020-02-14,364,1.0,89567000.0
874716,IDXX,2020,86722000.0,WeightedAverageNumberOfDilutedSharesOutstanding,2020-12-31,10-K,2021-02-12,365,1.0,86722000.0
874716,IDXX,2021,86722000.0,WeightedAverageNumberOfDilutedSharesOutstanding,2020-12-31,10-K,2022-02-16,365,1.0,86722000.0
874716,IDXX,2022,86722000.0,WeightedAverageNumberOfDilutedSharesOutstanding,2020-12-31,10-K,2023-02-16,365,1.0,86722000.0
874716,IDXX,2023,86572000.0,WeightedAverageNumberOfDilutedSharesOutstanding,2021-12-31,10-K,2024-02-22,364,1.0,86572000.0
874716,IDXX,2024,83246000.0,WeightedAverageNumberOfDilutedSharesOutstanding,2024-12-31,10-K,2025-02-21,365,1.0,83246000.0
874716,IDXX,2025,83246000.0,WeightedAverageNumberOfDilutedSharesOutstanding,2024-12-31,10-K,2026-02-20,365,1.0,83246000.0
874761,AES,2014,755000000.0,WeightedAverageNumberOfDilutedSharesOutstanding,2012-12-31,10-K,2015-02-26,365,1.0,755000000.0
874761,AES,2015,748000000.0,WeightedAverageNumberOfDilutedSharesOutstanding,2013-12-31,10-K,2016-02-24,364,1.0,748000000.0
874761,AES,2016,662000000.0,WeightedAverageNumberOfDilutedSharesOutstanding,2016-12-31,10-K,2017-02-27,365,1.0,662000000.0
874761,AES,2017,660000000.0,WeightedAverageNumberOfDilutedSharesOutstanding,2016-12-31,10-K,2018-02-27,365,1.0,660000000.0
874761,AES,2018,660000000.0,WeightedAverageNumberOfDilutedSharesOutstanding,2016-12-31,10-K,2019-02-27,365,1.0,660000000.0
874761,AES,2019,660000000.0,WeightedAverageNumberOfDilutedSharesOutstanding,2017-12-31,10-K,2020-02-28,364,1.0,660000000.0
874761,AES,2020,668000000.0,WeightedAverageNumberOfDilutedSharesOutstanding,2020-12-31,10-K,2021-02-25,365,1.0,668000000.0
874761,AES,2021,668000000.0,WeightedAverageNumberOfDilutedSharesOutstanding,2020-12-31,10-K,2022-02-28,365,1.0,668000000.0
874761,AES,2022,668000000.0,WeightedAverageNumberOfDilutedSharesOutstanding,2020-12-31,10-K,2023-03-01,365,1.0,668000000.0
874761,AES,2023,666000000.0,WeightedAverageNumberOfDilutedSharesOutstanding,2021-12-31,10-K,2024-02-26,364,1.0,666000000.0
874761,AES,2024,713000000.0,WeightedAverageNumberOfDilutedSharesOutstanding,2024-12-31,10-K,2025-03-11,365,1.0,713000000.0
874761,AES,2025,713000000.0,WeightedAverageNumberOfDilutedSharesOutstanding,2024-12-31,10-K,2026-03-02,365,1.0,713000000.0
874766,HIG,2014,465900000.0,WeightedAverageNumberOfDilutedSharesOutstanding,2012-12-31,10-K,2015-02-27,365,1.0,465900000.0
874766,HIG,2015,490600000.0,WeightedAverageNumberOfDilutedSharesOutstanding,2013-12-31,10-K,2016-02-26,364,1.0,490600000.0
874766,HIG,2019,363700000.0,WeightedAverageNumberOfDilutedSharesOutstanding,2017-12-31,10-K,2020-02-21,364,1.0,363700000.0
874766,HIG,2020,360600000.0,WeightedAverageNumberOfDilutedSharesOutstanding,2020-12-31,10-K,2021-02-19,365,1.0,360600000.0
874766,HIG,2021,360600000.0,WeightedAverageNumberOfDilutedSharesOutstanding,2020-12-31,10-K,2022-02-18,365,1.0,360600000.0
874766,HIG,2022,360600000.0,WeightedAverageNumberOfDilutedSharesOutstanding,2020-12-31,10-K,2023-02-24,365,1.0,360600000.0
874766,HIG,2023,354100000.0,WeightedAverageNumberOfDilutedSharesOutstanding,2021-12-31,10-K,2024-02-23,364,1.0,354100000.0
874766,HIG,2024,298600000.0,WeightedAverageNumberOfDilutedSharesOutstanding,2024-12-31,10-K,2025-02-21,365,1.0,298600000.0
874766,HIG,2025,298600000.0,WeightedAverageNumberOfDilutedSharesOutstanding,2024-12-31,10-K,2026-02-20,365,1.0,298600000.0
875045,BIIB,2014,239740000.0,WeightedAverageNumberOfDilutedSharesOutstanding,2012-12-31,10-K,2015-02-04,365,1.0,239740000.0
875045,BIIB,2015,238300000.0,WeightedAverageNumberOfDilutedSharesOutstanding,2013-12-31,10-K,2016-02-03,364,1.0,238300000.0
875045,BIIB,2016,218800000.0,WeightedAverageNumberOfDilutedSharesOutstanding,2016-12-31,10-K,2017-02-02,365,1.0,218800000.0
875045,BIIB,2017,218800000.0,WeightedAverageNumberOfDilutedSharesOutstanding,2016-12-31,10-K,2018-02-01,365,1.0,218800000.0
875045,BIIB,2018,218800000.0,WeightedAverageNumberOfDilutedSharesOutstanding,2016-12-31,10-K,2019-02-06,365,1.0,218800000.0
875045,BIIB,2019,213000000.0,WeightedAverageNumberOfDilutedSharesOutstanding,2017-12-31,10-K,2020-02-06,364,1.0,213000000.0
875045,BIIB,2020,161300000.0,WeightedAverageNumberOfDilutedSharesOutstanding,2020-12-31,10-K,2021-02-03,365,1.0,161300000.0
875045,BIIB,2021,161300000.0,WeightedAverageNumberOfDilutedSharesOutstanding,2020-12-31,10-K,2022-02-03,365,1.0,161300000.0
875045,BIIB,2022,161300000.0,WeightedAverageNumberOfDilutedSharesOutstanding,2020-12-31,10-K,2023-02-15,365,1.0,161300000.0
875045,BIIB,2023,149600000.0,WeightedAverageNumberOfDilutedSharesOutstanding,2021-12-31,10-K,2024-02-14,364,1.0,149600000.0
875045,BIIB,2024,145900000.0,WeightedAverageNumberOfDilutedSharesOutstanding,2024-12-31,10-K,2025-02-12,365,1.0,145900000.0
875045,BIIB,2025,145900000.0,WeightedAverageNumberOfDilutedSharesOutstanding,2024-12-31,10-K,2026-02-06,365,1.0,145900000.0
875320,VRTX,2014,215262000.0,WeightedAverageNumberOfDilutedSharesOutstanding,2012-12-31,10-K,2015-02-13,365,1.0,215262000.0
875320,VRTX,2015,224906000.0,WeightedAverageNumberOfDilutedSharesOutstanding,2013-12-31,10-K,2016-02-16,364,1.0,224906000.0
875320,VRTX,2016,244685000.0,WeightedAverageNumberOfDilutedSharesOutstanding,2016-12-31,10-K,2017-02-23,365,1.0,244685000.0
875320,VRTX,2017,244685000.0,WeightedAverageNumberOfDilutedSharesOutstanding,2016-12-31,10-K,2018-02-15,365,1.0,244685000.0
875320,VRTX,2018,244685000.0,WeightedAverageNumberOfDilutedSharesOutstanding,2016-12-31,10-K,2019-02-13,365,1.0,244685000.0
875320,VRTX,2019,253225000.0,WeightedAverageNumberOfDilutedSharesOutstanding,2017-12-31,10-K,2020-02-13,364,1.0,253225000.0
875320,VRTX,2020,263396000.0,WeightedAverageNumberOfDilutedSharesOutstanding,2020-12-31,10-K,2021-02-11,365,1.0,263396000.0
875320,VRTX,2021,263400000.0,WeightedAverageNumberOfDilutedSharesOutstanding,2020-12-31,10-K,2022-02-09,365,1.0,263400000.0
875320,VRTX,2022,263400000.0,WeightedAverageNumberOfDilutedSharesOutstanding,2020-12-31,10-K,2023-02-10,365,1.0,263400000.0
875320,VRTX,2023,259900000.0,WeightedAverageNumberOfDilutedSharesOutstanding,2021-12-31,10-K,2024-02-15,364,1.0,259900000.0
875320,VRTX,2024,257900000.0,WeightedAverageNumberOfDilutedSharesOutstanding,2024-12-31,10-K,2025-02-13,365,1.0,257900000.0
875320,VRTX,2025,257900000.0,WeightedAverageNumberOfDilutedSharesOutstanding,2024-12-31,10-K,2026-02-13,365,1.0,257900000.0
877212,ZBRA,2014,51843000.0,WeightedAverageNumberOfDilutedSharesOutstanding,2012-12-31,10-K,2015-03-17,365,1.0,51843000.0
877212,ZBRA,2015,51063189.0,WeightedAverageNumberOfDilutedSharesOutstanding,2013-12-31,10-K/A,2016-11-14,364,1.0,51063189.0
877212,ZBRA,2016,51579112.0,WeightedAverageNumberOfDilutedSharesOutstanding,2016-12-31,10-K,2017-02-27,365,1.0,51579112.0
877212,ZBRA,2017,51579112.0,WeightedAverageNumberOfDilutedSharesOutstanding,2016-12-31,10-K,2018-02-22,365,1.0,51579112.0
877212,ZBRA,2018,51579112.0,WeightedAverageNumberOfDilutedSharesOutstanding,2016-12-31,10-K,2019-02-14,365,1.0,51579112.0
877212,ZBRA,2019,53688832.0,WeightedAverageNumberOfDilutedSharesOutstanding,2017-12-31,10-K,2020-02-13,364,1.0,53688832.0
877212,ZBRA,2020,53913245.0,WeightedAverageNumberOfDilutedSharesOutstanding,2020-12-31,10-K,2021-02-11,365,1.0,53913245.0
877212,ZBRA,2021,53913245.0,WeightedAverageNumberOfDilutedSharesOutstanding,2020-12-31,10-K,2022-02-10,365,1.0,53913245.0
877212,ZBRA,2022,53913245.0,WeightedAverageNumberOfDilutedSharesOutstanding,2020-12-31,10-K,2023-02-16,365,1.0,53913245.0
877212,ZBRA,2023,53902430.0,WeightedAverageNumberOfDilutedSharesOutstanding,2021-12-31,10-K,2024-02-15,364,1.0,53902430.0
877212,ZBRA,2024,51879709.0,WeightedAverageNumberOfDilutedSharesOutstanding,2024-12-31,10-K,2025-02-13,365,1.0,51879709.0
877212,ZBRA,2025,51879709.0,WeightedAverageNumberOfDilutedSharesOutstanding,2024-12-31,10-K,2026-02-12,365,1.0,51879709.0
878927,ODFL,2014,86164964.0,WeightedAverageNumberOfDilutedSharesOutstanding,2012-12-31,10-K,2015-02-26,365,3.0,258494892.0
878927,ODFL,2015,86164917.0,WeightedAverageNumberOfDilutedSharesOutstanding,2013-12-31,10-K,2016-02-29,364,3.0,258494751.0
878927,ODFL,2016,83153659.0,WeightedAverageNumberOfDilutedSharesOutstanding,2016-12-31,10-K,2017-02-27,365,3.0,249460977.0
878927,ODFL,2017,83153659.0,WeightedAverageNumberOfDilutedSharesOutstanding,2016-12-31,10-K,2018-02-27,365,3.0,249460977.0
878927,ODFL,2018,83153659.0,WeightedAverageNumberOfDilutedSharesOutstanding,2016-12-31,10-K,2019-02-27,365,3.0,249460977.0
878927,ODFL,2019,82407068.0,WeightedAverageNumberOfDilutedSharesOutstanding,2017-12-31,10-K,2020-02-26,364,3.0,247221204.0
878927,ODFL,2020,118493203.0,WeightedAverageNumberOfDilutedSharesOutstanding,2020-12-31,10-K,2021-02-24,365,2.0,236986406.0
878927,ODFL,2021,118493203.0,WeightedAverageNumberOfDilutedSharesOutstanding,2020-12-31,10-K,2022-02-23,365,2.0,236986406.0
878927,ODFL,2022,118493203.0,WeightedAverageNumberOfDilutedSharesOutstanding,2020-12-31,10-K,2023-02-22,365,2.0,236986406.0
878927,ODFL,2023,116409989.0,WeightedAverageNumberOfDilutedSharesOutstanding,2021-12-31,10-K,2024-02-26,364,2.0,232819978.0
878927,ODFL,2024,216485000.0,WeightedAverageNumberOfDilutedSharesOutstanding,2024-12-31,10-K,2025-02-25,365,1.0,216485000.0
878927,ODFL,2025,216485000.0,WeightedAverageNumberOfDilutedSharesOutstanding,2024-12-31,10-K,2026-02-24,365,1.0,216485000.0
879101,KIM,2014,406689000.0,WeightedAverageNumberOfDilutedSharesOutstanding,2012-12-31,10-K,2015-02-27,365,1.0,406689000.0
879101,KIM,2015,408614000.0,WeightedAverageNumberOfDilutedSharesOutstanding,2013-12-31,10-K,2016-02-26,364,1.0,408614000.0
879101,KIM,2016,419709000.0,WeightedAverageNumberOfDilutedSharesOutstanding,2016-12-31,10-K,2017-02-27,365,1.0,419709000.0
879101,KIM,2017,419709000.0,WeightedAverageNumberOfDilutedSharesOutstanding,2016-12-31,10-K,2018-02-23,365,1.0,419709000.0
879101,KIM,2018,419709000.0,WeightedAverageNumberOfDilutedSharesOutstanding,2016-12-31,10-K,2019-02-15,365,1.0,419709000.0
879101,KIM,2019,424019000.0,WeightedAverageNumberOfDilutedSharesOutstanding,2017-12-31,10-K,2020-02-25,364,1.0,424019000.0
879101,KIM,2020,431633000.0,WeightedAverageNumberOfDilutedSharesOutstanding,2020-12-31,10-K,2021-02-23,365,1.0,431633000.0
879101,KIM,2021,431633000.0,WeightedAverageNumberOfDilutedSharesOutstanding,2020-12-31,10-K,2022-03-01,365,1.0,431633000.0
879101,KIM,2022,431633000.0,WeightedAverageNumberOfDilutedSharesOutstanding,2020-12-31,10-K,2023-02-24,365,1.0,431633000.0
879101,KIM,2023,511385000.0,WeightedAverageNumberOfDilutedSharesOutstanding,2021-12-31,10-K,2024-02-26,364,1.0,511385000.0
879101,KIM,2024,672136000.0,WeightedAverageNumberOfDilutedSharesOutstanding,2024-12-31,10-K,2025-02-21,365,1.0,672136000.0
879101,KIM,2025,672136000.0,WeightedAverageNumberOfDilutedSharesOutstanding,2024-12-31,10-K,2026-02-20,365,1.0,672136000.0
879169,INCY,2015,148403000.0,WeightedAverageNumberOfDilutedSharesOutstanding,2013-12-31,10-K,2016-02-12,364,1.0,148403000.0
879169,INCY,2014,189046000.0,WeightedAverageNumberOfDilutedSharesOutstanding,2014-09-30,10-K,2015-02-17,91,1.0,189046000.0
879169,INCY,2016,194125000.0,WeightedAverageNumberOfDilutedSharesOutstanding,2016-12-31,10-K,2017-02-14,365,1.0,194125000.0
879169,INCY,2017,194125000.0,WeightedAverageNumberOfDilutedSharesOutstanding,2016-12-31,10-K,2018-02-15,365,1.0,194125000.0
879169,INCY,2018,194125000.0,WeightedAverageNumberOfDilutedSharesOutstanding,2016-12-31,10-K,2019-02-14,365,1.0,194125000.0
879169,INCY,2019,204580000.0,WeightedAverageNumberOfDilutedSharesOutstanding,2017-12-31,10-K,2020-02-13,364,1.0,204580000.0
879169,INCY,2020,218073000.0,WeightedAverageNumberOfDilutedSharesOutstanding,2020-12-31,10-K,2021-02-09,365,1.0,218073000.0
879169,INCY,2021,218073000.0,WeightedAverageNumberOfDilutedSharesOutstanding,2020-12-31,10-K,2022-02-08,365,1.0,218073000.0
879169,INCY,2022,218073000.0,WeightedAverageNumberOfDilutedSharesOutstanding,2020-12-31,10-K,2023-02-07,365,1.0,218073000.0
879169,INCY,2023,222074000.0,WeightedAverageNumberOfDilutedSharesOutstanding,2021-12-31,10-K,2024-02-13,364,1.0,222074000.0
879169,INCY,2024,210530000.0,WeightedAverageNumberOfDilutedSharesOutstanding,2024-12-31,10-K,2025-02-10,365,1.0,210530000.0
879169,INCY,2025,210530000.0,WeightedAverageNumberOfDilutedSharesOutstanding,2024-12-31,10-K,2026-02-10,365,1.0,210530000.0
882095,GILD,2014,1583000000.0,WeightedAverageNumberOfDilutedSharesOutstanding,2012-12-31,10-K,2015-02-25,365,2.0,3166000000.0
882095,GILD,2015,1695000000.0,WeightedAverageNumberOfDilutedSharesOutstanding,2013-12-31,10-K,2016-02-24,364,1.0,1695000000.0
882095,GILD,2016,1358000000.0,WeightedAverageNumberOfDilutedSharesOutstanding,2016-12-31,10-K,2017-02-27,365,1.0,1358000000.0
882095,GILD,2017,1358000000.0,WeightedAverageNumberOfDilutedSharesOutstanding,2016-12-31,10-K,2018-02-27,365,1.0,1358000000.0
882095,GILD,2018,1358000000.0,WeightedAverageNumberOfDilutedSharesOutstanding,2016-12-31,10-K,2019-02-26,365,1.0,1358000000.0
882095,GILD,2019,1319000000.0,WeightedAverageNumberOfDilutedSharesOutstanding,2017-12-31,10-K,2020-02-25,364,1.0,1319000000.0
882095,GILD,2020,1263000000.0,WeightedAverageNumberOfDilutedSharesOutstanding,2020-12-31,10-K,2021-02-25,365,1.0,1263000000.0
882095,GILD,2021,1263000000.0,WeightedAverageNumberOfDilutedSharesOutstanding,2020-12-31,10-K,2022-02-23,365,1.0,1263000000.0
882095,GILD,2022,1263000000.0,WeightedAverageNumberOfDilutedSharesOutstanding,2020-12-31,10-K,2023-02-22,365,1.0,1263000000.0
882095,GILD,2023,1262000000.0,WeightedAverageNumberOfDilutedSharesOutstanding,2021-12-31,10-K,2024-02-23,364,1.0,1262000000.0
882095,GILD,2024,1255000000.0,WeightedAverageNumberOfDilutedSharesOutstanding,2024-12-31,10-K,2025-02-28,365,1.0,1255000000.0
882095,GILD,2025,1255000000.0,WeightedAverageNumberOfDilutedSharesOutstanding,2024-12-31,10-K,2026-02-24,365,1.0,1255000000.0
882184,DHI,2014,359000000.0,WeightedAverageNumberOfDilutedSharesOutstanding,2012-09-30,10-K,2014-11-18,365,1.0,359000000.0
882184,DHI,2015,364900000.0,WeightedAverageNumberOfDilutedSharesOutstanding,2013-09-30,10-K,2015-11-19,364,1.0,364900000.0
882184,DHI,2016,375100000.0,WeightedAverageNumberOfDilutedSharesOutstanding,2016-09-30,10-K,2016-11-18,365,1.0,375100000.0
882184,DHI,2017,375100000.0,WeightedAverageNumberOfDilutedSharesOutstanding,2016-09-30,10-K,2017-11-15,365,1.0,375100000.0
882184,DHI,2018,375100000.0,WeightedAverageNumberOfDilutedSharesOutstanding,2016-09-30,10-K,2018-11-16,365,1.0,375100000.0
882184,DHI,2019,378900000.0,WeightedAverageNumberOfDilutedSharesOutstanding,2017-09-30,10-K,2019-11-25,364,1.0,378900000.0
882184,DHI,2020,370200000.0,WeightedAverageNumberOfDilutedSharesOutstanding,2020-09-30,10-K,2020-11-20,365,1.0,370200000.0
882184,DHI,2021,370200000.0,WeightedAverageNumberOfDilutedSharesOutstanding,2020-09-30,10-K,2021-11-18,365,1.0,370200000.0
882184,DHI,2022,370200000.0,WeightedAverageNumberOfDilutedSharesOutstanding,2020-09-30,10-K,2022-11-18,365,1.0,370200000.0
882184,DHI,2023,365800000.0,WeightedAverageNumberOfDilutedSharesOutstanding,2021-09-30,10-K,2023-11-17,364,1.0,365800000.0
882184,DHI,2024,331600000.0,WeightedAverageNumberOfDilutedSharesOutstanding,2024-09-30,10-K,2024-11-19,365,1.0,331600000.0
882184,DHI,2025,331600000.0,WeightedAverageNumberOfDilutedSharesOutstanding,2024-09-30,10-K,2025-11-19,365,1.0,331600000.0
882835,ROP,2014,99558000.0,WeightedAverageNumberOfDilutedSharesOutstanding,2012-12-31,10-K,2015-02-20,365,1.0,99558000.0
882835,ROP,2015,100209000.0,WeightedAverageNumberOfDilutedSharesOutstanding,2013-12-31,10-K,2016-02-26,364,1.0,100209000.0
882835,ROP,2016,102464000.0,WeightedAverageNumberOfDilutedSharesOutstanding,2016-12-31,10-K,2017-02-27,365,1.0,102464000.0
882835,ROP,2017,102464000.0,WeightedAverageNumberOfDilutedSharesOutstanding,2016-12-31,10-K,2018-02-23,365,1.0,102464000.0
882835,ROP,2018,102500000.0,WeightedAverageNumberOfDilutedSharesOutstanding,2016-12-31,10-K,2019-02-25,365,1.0,102500000.0
882835,ROP,2019,103500000.0,WeightedAverageNumberOfDilutedSharesOutstanding,2017-12-31,10-K,2020-02-28,364,1.0,103500000.0
882835,ROP,2020,105700000.0,WeightedAverageNumberOfDilutedSharesOutstanding,2020-12-31,10-K,2021-02-22,365,1.0,105700000.0
882835,ROP,2021,105700000.0,WeightedAverageNumberOfDilutedSharesOutstanding,2020-12-31,10-K,2022-02-22,365,1.0,105700000.0
882835,ROP,2022,105700000.0,WeightedAverageNumberOfDilutedSharesOutstanding,2020-12-31,10-K,2023-02-27,365,1.0,105700000.0
882835,ROP,2023,106500000.0,WeightedAverageNumberOfDilutedSharesOutstanding,2021-12-31,10-K,2024-02-22,364,1.0,106500000.0
882835,ROP,2024,108000000.0,WeightedAverageNumberOfDilutedSharesOutstanding,2024-12-31,10-K,2025-02-24,365,1.0,108000000.0
882835,ROP,2025,108000000.0,WeightedAverageNumberOfDilutedSharesOutstanding,2024-12-31,10-K,2026-02-24,365,1.0,108000000.0
883241,SNPS,2014,150280000.0,WeightedAverageNumberOfDilutedSharesOutstanding,2012-10-31,10-K,2014-12-15,365,1.0,150280000.0
883241,SNPS,2015,156601000.0,WeightedAverageNumberOfDilutedSharesOutstanding,2013-10-31,10-K,2015-12-14,364,1.0,156601000.0
883241,SNPS,2016,154721000.0,WeightedAverageNumberOfDilutedSharesOutstanding,2016-10-31,10-K,2016-12-12,365,1.0,154721000.0
883241,SNPS,2017,154721000.0,WeightedAverageNumberOfDilutedSharesOutstanding,2016-10-31,10-K,2017-12-14,365,1.0,154721000.0
883241,SNPS,2018,154721000.0,WeightedAverageNumberOfDilutedSharesOutstanding,2016-10-31,10-K,2018-12-17,365,1.0,154721000.0
883241,SNPS,2019,154874000.0,WeightedAverageNumberOfDilutedSharesOutstanding,2017-10-31,10-K,2019-12-20,364,1.0,154874000.0
883241,SNPS,2020,155706000.0,WeightedAverageNumberOfDilutedSharesOutstanding,2020-10-31,10-K,2020-12-15,365,1.0,155706000.0
883241,SNPS,2021,155706000.0,WeightedAverageNumberOfDilutedSharesOutstanding,2020-10-31,10-K,2021-12-13,365,1.0,155706000.0
883241,SNPS,2022,155706000.0,WeightedAverageNumberOfDilutedSharesOutstanding,2020-10-31,10-K,2022-12-12,365,1.0,155706000.0
883241,SNPS,2023,157340000.0,WeightedAverageNumberOfDilutedSharesOutstanding,2021-10-31,10-K,2023-12-12,364,1.0,157340000.0
883241,SNPS,2024,155944000.0,WeightedAverageNumberOfDilutedSharesOutstanding,2024-10-31,10-K,2024-12-19,365,1.0,155944000.0
883241,SNPS,2025,155944000.0,WeightedAverageNumberOfDilutedSharesOutstanding,2024-10-31,10-K,2025-12-22,365,1.0,155944000.0
884887,RCL,2014,220941000.0,WeightedAverageNumberOfDilutedSharesOutstanding,2013-12-31,10-K,2016-02-22,364,1.0,220941000.0
884887,RCL,2016,216316000.0,WeightedAverageNumberOfDilutedSharesOutstanding,2016-12-31,10-K,2017-02-23,365,1.0,216316000.0
884887,RCL,2017,216316000.0,WeightedAverageNumberOfDilutedSharesOutstanding,2016-12-31,10-K,2018-02-21,365,1.0,216316000.0
884887,RCL,2018,216316000.0,WeightedAverageNumberOfDilutedSharesOutstanding,2016-12-31,10-K,2019-02-22,365,1.0,216316000.0
884887,RCL,2019,215694000.0,WeightedAverageNumberOfDilutedSharesOutstanding,2017-12-31,10-K,2020-02-25,364,1.0,215694000.0
884887,RCL,2020,214335000.0,WeightedAverageNumberOfDilutedSharesOutstanding,2020-12-31,10-K,2021-02-26,365,1.0,214335000.0
884887,RCL,2021,214335000.0,WeightedAverageNumberOfDilutedSharesOutstanding,2020-12-31,10-K,2022-03-01,365,1.0,214335000.0
884887,RCL,2022,214335000.0,WeightedAverageNumberOfDilutedSharesOutstanding,2020-12-31,10-K,2023-02-23,365,1.0,214335000.0
884887,RCL,2023,252000000.0,WeightedAverageNumberOfDilutedSharesOutstanding,2021-12-31,10-K,2024-02-21,364,1.0,252000000.0
884887,RCL,2024,279000000.0,WeightedAverageNumberOfDilutedSharesOutstanding,2024-12-31,10-K,2025-02-14,365,1.0,279000000.0
884887,RCL,2025,279000000.0,WeightedAverageNumberOfDilutedSharesOutstanding,2024-12-31,10-K,2026-02-11,365,1.0,279000000.0
885725,BSX,2014,1406700000.0,WeightedAverageNumberOfDilutedSharesOutstanding,2012-12-31,10-K,2015-02-25,365,1.0,1406700000.0
885725,BSX,2015,1341200000.0,WeightedAverageNumberOfDilutedSharesOutstanding,2013-12-31,10-K,2016-02-24,364,1.0,1341200000.0
885725,BSX,2016,1377200000.0,WeightedAverageNumberOfDilutedSharesOutstanding,2016-12-31,10-K,2017-02-23,365,1.0,1377200000.0
885725,BSX,2017,1377200000.0,WeightedAverageNumberOfDilutedSharesOutstanding,2016-12-31,10-K,2018-02-20,365,1.0,1377200000.0
885725,BSX,2018,1377200000.0,WeightedAverageNumberOfDilutedSharesOutstanding,2016-12-31,10-K,2019-02-19,365,1.0,1377200000.0
885725,BSX,2019,1392700000.0,WeightedAverageNumberOfDilutedSharesOutstanding,2017-12-31,10-K,2020-02-25,364,1.0,1392700000.0
885725,BSX,2020,1416700000.0,WeightedAverageNumberOfDilutedSharesOutstanding,2020-12-31,10-K,2021-02-23,365,1.0,1416700000.0
885725,BSX,2021,1416700000.0,WeightedAverageNumberOfDilutedSharesOutstanding,2020-12-31,10-K,2022-02-23,365,1.0,1416700000.0
885725,BSX,2022,1416700000.0,WeightedAverageNumberOfDilutedSharesOutstanding,2020-12-31,10-K,2023-02-23,365,1.0,1416700000.0
885725,BSX,2023,1433800000.0,WeightedAverageNumberOfDilutedSharesOutstanding,2021-12-31,10-K,2024-02-20,364,1.0,1433800000.0
885725,BSX,2024,1485900000.0,WeightedAverageNumberOfDilutedSharesOutstanding,2024-12-31,10-K,2025-02-18,365,1.0,1485900000.0
885725,BSX,2025,1485900000.0,WeightedAverageNumberOfDilutedSharesOutstanding,2024-12-31,10-K,2026-02-17,365,1.0,1485900000.0
886982,GS,2014,516100000.0,WeightedAverageNumberOfDilutedSharesOutstanding,2012-12-31,10-K,2015-02-23,365,1.0,516100000.0
886982,GS,2015,499600000.0,WeightedAverageNumberOfDilutedSharesOutstanding,2013-12-31,10-K/A,2016-03-02,364,1.0,499600000.0
886982,GS,2016,435100000.0,WeightedAverageNumberOfDilutedSharesOutstanding,2016-12-31,10-K,2017-02-27,365,1.0,435100000.0
886982,GS,2017,435100000.0,WeightedAverageNumberOfDilutedSharesOutstanding,2016-12-31,10-K,2018-02-26,365,1.0,435100000.0
886982,GS,2018,435100000.0,WeightedAverageNumberOfDilutedSharesOutstanding,2016-12-31,10-K,2019-02-26,365,1.0,435100000.0
886982,GS,2019,409100000.0,WeightedAverageNumberOfDilutedSharesOutstanding,2017-12-31,10-K,2020-02-21,364,1.0,409100000.0
886982,GS,2020,360300000.0,WeightedAverageNumberOfDilutedSharesOutstanding,2020-12-31,10-K,2021-02-22,365,1.0,360300000.0
886982,GS,2021,360300000.0,WeightedAverageNumberOfDilutedSharesOutstanding,2020-12-31,10-K,2022-02-25,365,1.0,360300000.0
886982,GS,2022,360300000.0,WeightedAverageNumberOfDilutedSharesOutstanding,2020-12-31,10-K,2023-02-24,365,1.0,360300000.0
886982,GS,2023,355800000.0,WeightedAverageNumberOfDilutedSharesOutstanding,2021-12-31,10-K,2024-02-23,364,1.0,355800000.0
886982,GS,2024,333600000.0,WeightedAverageNumberOfDilutedSharesOutstanding,2024-12-31,10-K,2025-02-27,365,1.0,333600000.0
886982,GS,2025,333600000.0,WeightedAverageNumberOfDilutedSharesOutstanding,2024-12-31,10-K,2026-02-25,365,1.0,333600000.0
895126,EXE,2014,643000000.0,WeightedAverageNumberOfDilutedSharesOutstanding,2012-12-31,10-K,2015-02-27,365,1.0,643000000.0
895126,EXE,2015,653000000.0,WeightedAverageNumberOfDilutedSharesOutstanding,2013-12-31,10-K,2016-02-25,364,1.0,653000000.0
895126,EXE,2016,764000000.0,WeightedAverageNumberOfDilutedSharesOutstanding,2016-12-31,10-K,2017-03-03,365,1.0,764000000.0
895126,EXE,2017,764000000.0,WeightedAverageNumberOfDilutedSharesOutstanding,2016-12-31,10-K,2018-02-22,365,1.0,764000000.0
895126,EXE,2018,764000000.0,WeightedAverageNumberOfDilutedSharesOutstanding,2016-12-31,10-K,2019-02-27,365,1.0,764000000.0
895126,EXE,2019,906000000.0,WeightedAverageNumberOfDilutedSharesOutstanding,2017-12-31,10-K,2020-02-27,364,1.0,906000000.0
895126,EXE,2020,9773000.0,WeightedAverageNumberOfDilutedSharesOutstanding,2020-12-31,10-K,2021-03-01,365,1.0,9773000.0
895126,EXE,2021,9773000.0,WeightedAverageNumberOfDilutedSharesOutstanding,2020-12-31,10-K,2022-02-24,365,1.0,9773000.0
895126,EXE,2022,9773000.0,WeightedAverageNumberOfDilutedSharesOutstanding,2020-12-31,10-K,2023-02-22,365,1.0,9773000.0
895126,EXE,2023,145961000.0,WeightedAverageNumberOfDilutedSharesOutstanding,2022-12-31,10-K,2024-02-21,364,1.0,145961000.0
895126,EXE,2024,156989000.0,WeightedAverageNumberOfDilutedSharesOutstanding,2024-12-31,10-K,2025-02-26,365,1.0,156989000.0
895126,EXE,2025,156989000.0,WeightedAverageNumberOfDilutedSharesOutstanding,2024-12-31,10-K,2026-02-18,365,1.0,156989000.0
895421,MS,2014,1918811270.0,WeightedAverageNumberOfDilutedSharesOutstanding,2012-12-31,10-K,2015-03-02,365,1.0,1918811270.0
895421,MS,2015,1956519738.0,WeightedAverageNumberOfDilutedSharesOutstanding,2013-12-31,10-K,2016-02-23,364,1.0,1956519738.0
895421,MS,2016,1887000000.0,WeightedAverageNumberOfDilutedSharesOutstanding,2016-12-31,10-K,2017-02-27,365,1.0,1887000000.0
895421,MS,2017,1887000000.0,WeightedAverageNumberOfDilutedSharesOutstanding,2016-12-31,10-K,2018-02-27,365,1.0,1887000000.0
895421,MS,2018,1887000000.0,WeightedAverageNumberOfDilutedSharesOutstanding,2016-12-31,10-K,2019-02-26,365,1.0,1887000000.0
895421,MS,2019,1821000000.0,WeightedAverageNumberOfDilutedSharesOutstanding,2017-12-31,10-K,2020-02-27,364,1.0,1821000000.0
895421,MS,2020,1624000000.0,WeightedAverageNumberOfDilutedSharesOutstanding,2020-12-31,10-K,2021-02-26,365,1.0,1624000000.0
895421,MS,2021,1624000000.0,WeightedAverageNumberOfDilutedSharesOutstanding,2020-12-31,10-K,2022-02-24,365,1.0,1624000000.0
895421,MS,2022,1624000000.0,WeightedAverageNumberOfDilutedSharesOutstanding,2020-12-31,10-K,2023-02-24,365,1.0,1624000000.0
895421,MS,2023,1814000000.0,WeightedAverageNumberOfDilutedSharesOutstanding,2021-12-31,10-K,2024-02-22,364,1.0,1814000000.0
895421,MS,2024,1611000000.0,WeightedAverageNumberOfDilutedSharesOutstanding,2024-12-31,10-K,2025-02-21,365,1.0,1611000000.0
895421,MS,2025,1611000000.0,WeightedAverageNumberOfDilutedSharesOutstanding,2024-12-31,10-K,2026-02-19,365,1.0,1611000000.0
896159,CB,2014,342746950.0,WeightedAverageNumberOfDilutedSharesOutstanding,2012-12-31,10-K,2015-02-27,365,1.0,342746950.0
896159,CB,2015,344147575.0,WeightedAverageNumberOfDilutedSharesOutstanding,2013-12-31,10-K,2016-02-26,364,1.0,344147575.0
896159,CB,2016,465949399.0,WeightedAverageNumberOfDilutedSharesOutstanding,2016-12-31,10-K,2017-02-28,365,1.0,465949399.0
896159,CB,2017,465949399.0,WeightedAverageNumberOfDilutedSharesOutstanding,2016-12-31,10-K,2018-02-23,365,1.0,465949399.0
896159,CB,2018,465949399.0,WeightedAverageNumberOfDilutedSharesOutstanding,2016-12-31,10-K,2019-02-28,365,1.0,465949399.0
896159,CB,2019,471196901.0,WeightedAverageNumberOfDilutedSharesOutstanding,2017-12-31,10-K,2020-02-27,364,1.0,471196901.0
896159,CB,2020,453441512.0,WeightedAverageNumberOfDilutedSharesOutstanding,2020-12-31,10-K,2021-02-25,365,1.0,453441512.0
896159,CB,2021,453441512.0,WeightedAverageNumberOfDilutedSharesOutstanding,2020-12-31,10-K,2022-02-24,365,1.0,453441512.0
896159,CB,2022,453441512.0,WeightedAverageNumberOfDilutedSharesOutstanding,2020-12-31,10-K,2023-02-24,365,1.0,453441512.0
896159,CB,2023,443197278.0,WeightedAverageNumberOfDilutedSharesOutstanding,2021-12-31,10-K,2024-02-23,364,1.0,443197278.0
896159,CB,2024,408486435.0,WeightedAverageNumberOfDilutedSharesOutstanding,2024-12-31,10-K,2025-02-27,365,1.0,408486435.0
896159,CB,2025,408486435.0,WeightedAverageNumberOfDilutedSharesOutstanding,2024-12-31,10-K,2026-02-27,365,1.0,408486435.0
896878,INTU,2014,305000000.0,WeightedAverageNumberOfDilutedSharesOutstanding,2012-07-31,10-K,2014-09-12,365,1.0,305000000.0
896878,INTU,2015,303000000.0,WeightedAverageNumberOfDilutedSharesOutstanding,2013-07-31,10-K,2015-09-01,364,1.0,303000000.0
896878,INTU,2016,265000000.0,WeightedAverageNumberOfDilutedSharesOutstanding,2016-07-31,10-K,2016-09-01,365,1.0,265000000.0
896878,INTU,2017,265000000.0,WeightedAverageNumberOfDilutedSharesOutstanding,2016-07-31,10-K,2017-09-01,365,1.0,265000000.0
896878,INTU,2018,265000000.0,WeightedAverageNumberOfDilutedSharesOutstanding,2016-07-31,10-K,2018-08-31,365,1.0,265000000.0
896878,INTU,2019,261000000.0,WeightedAverageNumberOfDilutedSharesOutstanding,2017-07-31,10-K,2019-08-30,364,1.0,261000000.0
896878,INTU,2020,264000000.0,WeightedAverageNumberOfDilutedSharesOutstanding,2020-07-31,10-K,2020-08-31,365,1.0,264000000.0
896878,INTU,2021,264000000.0,WeightedAverageNumberOfDilutedSharesOutstanding,2020-07-31,10-K,2021-09-08,365,1.0,264000000.0
896878,INTU,2022,264000000.0,WeightedAverageNumberOfDilutedSharesOutstanding,2020-07-31,10-K,2022-09-02,365,1.0,264000000.0
896878,INTU,2023,273000000.0,WeightedAverageNumberOfDilutedSharesOutstanding,2021-07-31,10-K,2023-09-01,364,1.0,273000000.0
896878,INTU,2024,284000000.0,WeightedAverageNumberOfDilutedSharesOutstanding,2024-07-31,10-K,2024-09-04,365,1.0,284000000.0
896878,INTU,2025,284000000.0,WeightedAverageNumberOfDilutedSharesOutstanding,2024-07-31,10-K,2025-09-03,365,1.0,284000000.0
896878,INTU,2026,284000000.0,WeightedAverageNumberOfDilutedSharesOutstanding,2024-07-31,10-K,2026-09-09,365,1.0,284000000.0
898173,ORLY,2014,123314000.0,WeightedAverageNumberOfDilutedSharesOutstanding,2012-12-31,10-K,2015-02-27,365,15.0,1849710000.0
898173,ORLY,2015,111101000.0,WeightedAverageNumberOfDilutedSharesOutstanding,2013-12-31,10-K,2016-02-26,364,15.0,1666515000.0
898173,ORLY,2016,96720000.0,WeightedAverageNumberOfDilutedSharesOutstanding,2016-12-31,10-K,2017-02-28,365,15.0,1450800000.0
898173,ORLY,2017,96720000.0,WeightedAverageNumberOfDilutedSharesOutstanding,2016-12-31,10-K,2018-02-28,365,15.0,1450800000.0
898173,ORLY,2018,96720000.0,WeightedAverageNumberOfDilutedSharesOutstanding,2016-12-31,10-K,2019-02-27,365,15.0,1450800000.0
898173,ORLY,2019,89502000.0,WeightedAverageNumberOfDilutedSharesOutstanding,2017-12-31,10-K,2020-02-28,364,15.0,1342530000.0
898173,ORLY,2020,74462000.0,WeightedAverageNumberOfDilutedSharesOutstanding,2020-12-31,10-K,2021-02-26,365,15.0,1116930000.0
898173,ORLY,2021,74462000.0,WeightedAverageNumberOfDilutedSharesOutstanding,2020-12-31,10-K,2022-02-28,365,15.0,1116930000.0
898173,ORLY,2022,74462000.0,WeightedAverageNumberOfDilutedSharesOutstanding,2020-12-31,10-K,2023-02-28,365,15.0,1116930000.0
898173,ORLY,2023,69611000.0,WeightedAverageNumberOfDilutedSharesOutstanding,2021-12-31,10-K,2024-02-28,364,15.0,1044165000.0
898173,ORLY,2024,58705000.0,WeightedAverageNumberOfDilutedSharesOutstanding,2024-12-31,10-K,2025-02-28,365,15.0,880575000.0
898173,ORLY,2025,880572000.0,WeightedAverageNumberOfDilutedSharesOutstanding,2024-12-31,10-K,2026-02-27,365,15.0,13208580000.0
898293,JBL,2014,211181000.0,WeightedAverageNumberOfDilutedSharesOutstanding,2012-08-31,10-K,2014-10-21,365,1.0,211181000.0
898293,JBL,2015,207815000.0,WeightedAverageNumberOfDilutedSharesOutstanding,2013-08-31,10-K,2015-10-16,364,1.0,207815000.0
898293,JBL,2016,192750000.0,WeightedAverageNumberOfDilutedSharesOutstanding,2016-08-31,10-K,2016-10-20,365,1.0,192750000.0
898293,JBL,2017,192750.0,WeightedAverageNumberOfDilutedSharesOutstanding,2016-08-31,10-K,2017-10-19,365,1.0,192750.0
898293,JBL,2018,192750000.0,WeightedAverageNumberOfDilutedSharesOutstanding,2016-08-31,10-K,2018-10-19,365,1.0,192750000.0
898293,JBL,2019,185838000.0,WeightedAverageNumberOfDilutedSharesOutstanding,2017-08-31,10-K,2019-10-22,364,1.0,185838000.0
898293,JBL,2020,155274000.0,WeightedAverageNumberOfDilutedSharesOutstanding,2020-08-31,10-K,2020-10-22,365,1.0,155274000.0
898293,JBL,2021,155300000.0,WeightedAverageNumberOfDilutedSharesOutstanding,2020-08-31,10-K,2021-10-22,365,1.0,155300000.0
898293,JBL,2022,155300000.0,WeightedAverageNumberOfDilutedSharesOutstanding,2020-08-31,10-K,2022-10-25,365,1.0,155300000.0
898293,JBL,2023,152100000.0,WeightedAverageNumberOfDilutedSharesOutstanding,2021-08-31,10-K,2023-10-20,364,1.0,152100000.0
898293,JBL,2024,124300000.0,WeightedAverageNumberOfDilutedSharesOutstanding,2024-08-31,10-K,2024-10-28,365,1.0,124300000.0
898293,JBL,2025,124300000.0,WeightedAverageNumberOfDilutedSharesOutstanding,2024-08-31,10-K,2025-10-17,365,1.0,124300000.0
899051,ALL,2014,493000000.0,WeightedAverageNumberOfDilutedSharesOutstanding,2012-12-31,10-K,2015-02-19,365,1.0,493000000.0
899051,ALL,2015,470300000.0,WeightedAverageNumberOfDilutedSharesOutstanding,2013-12-31,10-K,2016-02-19,364,1.0,470300000.0
899051,ALL,2016,377300000.0,WeightedAverageNumberOfDilutedSharesOutstanding,2016-12-31,10-K,2017-02-17,365,1.0,377300000.0
899051,ALL,2017,377300000.0,WeightedAverageNumberOfDilutedSharesOutstanding,2016-12-31,10-K,2018-02-26,365,1.0,377300000.0
899051,ALL,2018,377300000.0,WeightedAverageNumberOfDilutedSharesOutstanding,2016-12-31,10-K,2019-02-15,365,1.0,377300000.0
899051,ALL,2019,367800000.0,WeightedAverageNumberOfDilutedSharesOutstanding,2017-12-31,10-K,2020-02-21,364,1.0,367800000.0
899051,ALL,2020,315500000.0,WeightedAverageNumberOfDilutedSharesOutstanding,2020-12-31,10-K,2021-02-22,365,1.0,315500000.0
899051,ALL,2021,315500000.0,WeightedAverageNumberOfDilutedSharesOutstanding,2020-12-31,10-K,2022-02-18,365,1.0,315500000.0
899051,ALL,2022,315500000.0,WeightedAverageNumberOfDilutedSharesOutstanding,2020-12-31,10-K,2023-02-16,365,1.0,315500000.0
899051,ALL,2023,299100000.0,WeightedAverageNumberOfDilutedSharesOutstanding,2021-12-31,10-K,2024-02-21,364,1.0,299100000.0
899051,ALL,2024,267800000.0,WeightedAverageNumberOfDilutedSharesOutstanding,2024-12-31,10-K,2025-02-24,365,1.0,267800000.0
899051,ALL,2025,267800000.0,WeightedAverageNumberOfDilutedSharesOutstanding,2024-12-31,10-K,2026-02-20,365,1.0,267800000.0
900075,CPRT,2014,131428.0,WeightedAverageNumberOfDilutedSharesOutstanding,2012-07-31,10-K,2014-09-29,365,8.0,1051424.0
900075,CPRT,2015,129781000.0,WeightedAverageNumberOfDilutedSharesOutstanding,2013-07-31,10-K,2015-09-25,364,8.0,1038248000.0
900075,CPRT,2016,122147000.0,WeightedAverageNumberOfDilutedSharesOutstanding,2016-07-31,10-K,2016-09-28,365,8.0,977176000.0
900075,CPRT,2017,244295000.0,WeightedAverageNumberOfDilutedSharesOutstanding,2016-07-31,10-K,2017-09-28,365,8.0,1954360000.0
900075,CPRT,2018,244295000.0,WeightedAverageNumberOfDilutedSharesOutstanding,2016-07-31,10-K,2018-10-01,365,8.0,1954360000.0
900075,CPRT,2019,237019000.0,WeightedAverageNumberOfDilutedSharesOutstanding,2017-07-31,10-K,2019-09-30,364,4.0,948076000.0
900075,CPRT,2020,238656000.0,WeightedAverageNumberOfDilutedSharesOutstanding,2020-07-31,10-K,2020-09-28,365,4.0,954624000.0
900075,CPRT,2021,238656000.0,WeightedAverageNumberOfDilutedSharesOutstanding,2020-07-31,10-K,2021-09-27,365,4.0,954624000.0
900075,CPRT,2022,238656000.0,WeightedAverageNumberOfDilutedSharesOutstanding,2020-07-31,10-K,2022-09-27,365,4.0,954624000.0
900075,CPRT,2023,961160000.0,WeightedAverageNumberOfDilutedSharesOutstanding,2021-07-31,10-K,2023-09-28,364,4.0,3844640000.0
900075,CPRT,2024,974798000.0,WeightedAverageNumberOfDilutedSharesOutstanding,2024-07-31,10-K,2024-09-30,365,1.0,974798000.0
900075,CPRT,2025,974798000.0,WeightedAverageNumberOfDilutedSharesOutstanding,2024-07-31,10-K,2025-09-26,365,1.0,974798000.0
906107,VMRK,2014,319766000.0,WeightedAverageNumberOfDilutedSharesOutstanding,2012-12-31,10-K,2015-02-26,365,1.0,319766000.0
906107,VMRK,2015,354305000.0,WeightedAverageNumberOfDilutedSharesOutstanding,2013-12-31,10-K,2016-02-25,364,1.0,354305000.0
906107,VMRK,2016,381992000.0,WeightedAverageNumberOfDilutedSharesOutstanding,2016-12-31,10-K,2017-02-23,365,1.0,381992000.0
906107,VMRK,2017,381992000.0,WeightedAverageNumberOfDilutedSharesOutstanding,2016-12-31,10-K,2018-02-22,365,1.0,381992000.0
906107,VMRK,2018,381992000.0,WeightedAverageNumberOfDilutedSharesOutstanding,2016-12-31,10-K,2019-02-21,365,1.0,381992000.0
906107,VMRK,2019,382678000.0,WeightedAverageNumberOfDilutedSharesOutstanding,2017-12-31,10-K,2020-02-20,364,1.0,382678000.0
906107,VMRK,2020,385874000.0,WeightedAverageNumberOfDilutedSharesOutstanding,2020-12-31,10-K,2021-02-18,365,1.0,385874000.0
906107,VMRK,2021,385874000.0,WeightedAverageNumberOfDilutedSharesOutstanding,2020-12-31,10-K,2022-02-17,365,1.0,385874000.0
906107,VMRK,2022,385874000.0,WeightedAverageNumberOfDilutedSharesOutstanding,2020-12-31,10-K,2023-02-16,365,1.0,385874000.0
906107,VMRK,2023,388089000.0,WeightedAverageNumberOfDilutedSharesOutstanding,2021-12-31,10-K,2024-02-15,364,1.0,388089000.0
906107,VMRK,2024,390740000.0,WeightedAverageNumberOfDilutedSharesOutstanding,2024-12-31,10-K,2025-02-13,365,1.0,390740000.0
906107,VMRK,2025,390740000.0,WeightedAverageNumberOfDilutedSharesOutstanding,2024-12-31,10-K,2026-02-13,365,1.0,390740000.0
906163,NVR,2014,5142000.0,WeightedAverageNumberOfDilutedSharesOutstanding,2012-12-31,10-K,2015-02-19,365,1.0,5142000.0
906163,NVR,2015,4862000.0,WeightedAverageNumberOfDilutedSharesOutstanding,2013-12-31,10-K,2016-02-17,364,1.0,4862000.0
906163,NVR,2016,4104000.0,WeightedAverageNumberOfDilutedSharesOutstanding,2016-12-31,10-K,2017-02-15,365,1.0,4104000.0
906163,NVR,2017,4104000.0,WeightedAverageNumberOfDilutedSharesOutstanding,2016-12-31,10-K,2018-02-14,365,1.0,4104000.0
906163,NVR,2018,4104000.0,WeightedAverageNumberOfDilutedSharesOutstanding,2016-12-31,10-K,2019-02-13,365,1.0,4104000.0
906163,NVR,2019,4240000.0,WeightedAverageNumberOfDilutedSharesOutstanding,2017-12-31,10-K,2020-02-19,364,1.0,4240000.0
906163,NVR,2020,3917000.0,WeightedAverageNumberOfDilutedSharesOutstanding,2020-12-31,10-K,2021-02-12,365,1.0,3917000.0
906163,NVR,2021,3916661.0,WeightedAverageNumberOfDilutedSharesOutstanding,2020-12-31,10-K,2022-02-16,365,1.0,3916661.0
906163,NVR,2022,3916661.0,WeightedAverageNumberOfDilutedSharesOutstanding,2020-12-31,10-K,2023-02-15,365,1.0,3916661.0
906163,NVR,2023,3858912.0,WeightedAverageNumberOfDilutedSharesOutstanding,2021-12-31,10-K,2024-02-14,364,1.0,3858912.0
906163,NVR,2024,3319434.0,WeightedAverageNumberOfDilutedSharesOutstanding,2024-12-31,10-K,2025-02-12,365,1.0,3319434.0
906163,NVR,2025,3319434.0,WeightedAverageNumberOfDilutedSharesOutstanding,2024-12-31,10-K,2026-02-11,365,1.0,3319434.0
906345,CPT,2014,85556000.0,WeightedAverageNumberOfDilutedSharesOutstanding,2012-12-31,10-K,2015-02-20,365,1.0,85556000.0
906345,CPT,2015,88494000.0,WeightedAverageNumberOfDilutedSharesOutstanding,2013-12-31,10-K,2016-02-19,364,1.0,88494000.0
906345,CPT,2016,89903000.0,WeightedAverageNumberOfDilutedSharesOutstanding,2016-12-31,10-K,2017-02-13,365,1.0,89903000.0
906345,CPT,2017,89903000.0,WeightedAverageNumberOfDilutedSharesOutstanding,2016-12-31,10-K,2018-02-16,365,1.0,89903000.0
906345,CPT,2018,89903000.0,WeightedAverageNumberOfDilutedSharesOutstanding,2016-12-31,10-K,2019-02-15,365,1.0,89903000.0
906345,CPT,2019,92515000.0,WeightedAverageNumberOfDilutedSharesOutstanding,2017-12-31,10-K,2020-02-20,364,1.0,92515000.0
906345,CPT,2020,99438000.0,WeightedAverageNumberOfDilutedSharesOutstanding,2020-12-31,10-K,2021-02-18,365,1.0,99438000.0
906345,CPT,2021,99438000.0,WeightedAverageNumberOfDilutedSharesOutstanding,2020-12-31,10-K,2022-02-17,365,1.0,99438000.0
906345,CPT,2022,99438000.0,WeightedAverageNumberOfDilutedSharesOutstanding,2020-12-31,10-K,2023-02-23,365,1.0,99438000.0
906345,CPT,2023,102829000.0,WeightedAverageNumberOfDilutedSharesOutstanding,2021-12-31,10-K,2024-02-22,364,1.0,102829000.0
906345,CPT,2024,108539000.0,WeightedAverageNumberOfDilutedSharesOutstanding,2024-12-31,10-K,2025-02-20,365,1.0,108539000.0
906345,CPT,2025,108539000.0,WeightedAverageNumberOfDilutedSharesOutstanding,2024-12-31,10-K,2026-02-12,365,1.0,108539000.0
909832,COST,2014,439373000.0,WeightedAverageNumberOfDilutedSharesOutstanding,2012-09-02,10-K,2014-10-15,370,1.0,439373000.0
909832,COST,2015,440512000.0,WeightedAverageNumberOfDilutedSharesOutstanding,2013-09-01,10-K,2015-10-14,363,1.0,440512000.0
909832,COST,2016,442485000.0,WeightedAverageNumberOfDilutedSharesOutstanding,2014-08-31,10-K,2016-10-12,363,1.0,442485000.0
909832,COST,2017,440937000.0,WeightedAverageNumberOfDilutedSharesOutstanding,2017-09-03,10-K,2017-10-18,370,1.0,440937000.0
909832,COST,2018,440937000.0,WeightedAverageNumberOfDilutedSharesOutstanding,2017-09-03,10-K,2018-10-26,370,1.0,440937000.0
909832,COST,2020,441834000.0,WeightedAverageNumberOfDilutedSharesOutstanding,2018-09-02,10-K,2020-10-07,363,1.0,441834000.0
909832,COST,2021,442923000.0,WeightedAverageNumberOfDilutedSharesOutstanding,2019-09-01,10-K,2021-10-06,363,1.0,442923000.0
909832,COST,2022,443901000.0,WeightedAverageNumberOfDilutedSharesOutstanding,2020-08-30,10-K,2022-10-05,363,1.0,443901000.0
909832,COST,2023,444452000.0,WeightedAverageNumberOfDilutedSharesOutstanding,2023-09-03,10-K,2023-10-11,370,1.0,444452000.0
909832,COST,2024,444452000.0,WeightedAverageNumberOfDilutedSharesOutstanding,2023-09-03,10-K,2024-10-09,370,1.0,444452000.0
909832,COST,2025,444452000.0,WeightedAverageNumberOfDilutedSharesOutstanding,2023-09-03,10-K,2025-10-08,370,1.0,444452000.0
910521,DECK,2015,37334000.0,WeightedAverageNumberOfDilutedSharesOutstanding,2012-12-31,10-K,2015-06-01,365,6.0,224004000.0
910521,DECK,2016,33039000.0,WeightedAverageNumberOfDilutedSharesOutstanding,2016-03-31,10-K,2016-05-31,365,6.0,198234000.0
910521,DECK,2017,33039000.0,WeightedAverageNumberOfDilutedSharesOutstanding,2016-03-31,10-K,2017-05-30,365,6.0,198234000.0
910521,DECK,2018,33039000.0,WeightedAverageNumberOfDilutedSharesOutstanding,2016-03-31,10-K,2018-05-30,365,6.0,198234000.0
910521,DECK,2019,32355000.0,WeightedAverageNumberOfDilutedSharesOutstanding,2017-03-31,10-K,2019-05-30,364,6.0,194130000.0
910521,DECK,2020,28694000.0,WeightedAverageNumberOfDilutedSharesOutstanding,2020-03-31,10-K,2020-06-01,365,6.0,172164000.0
910521,DECK,2021,28694000.0,WeightedAverageNumberOfDilutedSharesOutstanding,2020-03-31,10-K,2021-05-28,365,6.0,172164000.0
910521,DECK,2022,28694000.0,WeightedAverageNumberOfDilutedSharesOutstanding,2020-03-31,10-K,2022-05-27,365,6.0,172164000.0
910521,DECK,2023,28406000.0,WeightedAverageNumberOfDilutedSharesOutstanding,2021-03-31,10-K,2023-05-26,364,6.0,170436000.0
910521,DECK,2024,26048000.0,WeightedAverageNumberOfDilutedSharesOutstanding,2024-03-31,10-K,2024-05-24,365,6.0,156288000.0
910521,DECK,2025,156285000.0,WeightedAverageNumberOfDilutedSharesOutstanding,2024-03-31,10-K,2025-05-23,365,6.0,937710000.0
910521,DECK,2026,156285000.0,WeightedAverageNumberOfDilutedSharesOutstanding,2024-03-31,10-K,2026-05-22,365,6.0,937710000.0
910606,REG,2019,159960000.0,WeightedAverageNumberOfDilutedSharesOutstanding,2017-12-31,10-K,2020-02-18,364,1.0,159960000.0
910606,REG,2020,169460000.0,WeightedAverageNumberOfDilutedSharesOutstanding,2020-12-31,10-K,2021-02-17,365,1.0,169460000.0
912595,MAA,2019,113687000.0,WeightedAverageNumberOfDilutedSharesOutstanding,2017-12-31,10-K,2020-02-20,364,1.0,113687000.0
912595,MAA,2020,114500000.0,WeightedAverageNumberOfDilutedSharesOutstanding,2020-12-31,10-K,2021-02-18,365,1.0,114500000.0
912595,MAA,2021,114500000.0,WeightedAverageNumberOfDilutedSharesOutstanding,2020-12-31,10-K,2022-02-17,365,1.0,114500000.0
912595,MAA,2022,114500000.0,WeightedAverageNumberOfDilutedSharesOutstanding,2020-12-31,10-K,2023-02-14,365,1.0,114500000.0
912595,MAA,2023,115039000.0,WeightedAverageNumberOfDilutedSharesOutstanding,2021-12-31,10-K,2024-02-09,364,1.0,115039000.0
912595,MAA,2024,116776000.0,WeightedAverageNumberOfDilutedSharesOutstanding,2024-12-31,10-K,2025-02-07,365,1.0,116776000.0
912595,MAA,2025,116776000.0,WeightedAverageNumberOfDilutedSharesOutstanding,2024-12-31,10-K,2026-02-06,365,1.0,116776000.0
914208,IVZ,2014,453800000.0,WeightedAverageNumberOfDilutedSharesOutstanding,2012-12-31,10-K,2015-02-20,365,1.0,453800000.0
914208,IVZ,2015,448500000.0,WeightedAverageNumberOfDilutedSharesOutstanding,2013-12-31,10-K,2016-02-19,364,1.0,448500000.0
914208,IVZ,2016,415000000.0,WeightedAverageNumberOfDilutedSharesOutstanding,2016-12-31,10-K,2017-02-23,365,1.0,415000000.0
914208,IVZ,2017,415000000.0,WeightedAverageNumberOfDilutedSharesOutstanding,2016-12-31,10-K,2018-02-23,365,1.0,415000000.0
914208,IVZ,2018,415000000.0,WeightedAverageNumberOfDilutedSharesOutstanding,2016-12-31,10-K,2019-02-22,365,1.0,415000000.0
914208,IVZ,2019,409900000.0,WeightedAverageNumberOfDilutedSharesOutstanding,2017-12-31,10-K,2020-03-02,364,1.0,409900000.0
914208,IVZ,2020,462500000.0,WeightedAverageNumberOfDilutedSharesOutstanding,2020-12-31,10-K,2021-02-19,365,1.0,462500000.0
914208,IVZ,2021,462500000.0,WeightedAverageNumberOfDilutedSharesOutstanding,2020-12-31,10-K,2022-02-18,365,1.0,462500000.0
914208,IVZ,2022,462500000.0,WeightedAverageNumberOfDilutedSharesOutstanding,2020-12-31,10-K,2023-02-23,365,1.0,462500000.0
914208,IVZ,2023,465400000.0,WeightedAverageNumberOfDilutedSharesOutstanding,2021-12-31,10-K,2024-02-21,364,1.0,465400000.0
914208,IVZ,2024,457700000.0,WeightedAverageNumberOfDilutedSharesOutstanding,2024-12-31,10-K,2025-02-25,365,1.0,457700000.0
914208,IVZ,2025,457700000.0,WeightedAverageNumberOfDilutedSharesOutstanding,2024-12-31,10-K,2026-02-24,365,1.0,457700000.0
915913,ALB,2014,89884000.0,WeightedAverageNumberOfDilutedSharesOutstanding,2012-12-31,10-K,2015-03-02,365,1.0,89884000.0
915913,ALB,2015,84322000.0,WeightedAverageNumberOfDilutedSharesOutstanding,2013-12-31,10-K,2016-02-29,364,1.0,84322000.0
915913,ALB,2016,113239000.0,WeightedAverageNumberOfDilutedSharesOutstanding,2016-12-31,10-K,2017-02-28,365,1.0,113239000.0
915913,ALB,2017,113239000.0,WeightedAverageNumberOfDilutedSharesOutstanding,2016-12-31,10-K,2018-02-28,365,1.0,113239000.0
915913,ALB,2018,113239000.0,WeightedAverageNumberOfDilutedSharesOutstanding,2016-12-31,10-K,2019-02-27,365,1.0,113239000.0
915913,ALB,2019,112380000.0,WeightedAverageNumberOfDilutedSharesOutstanding,2017-12-31,10-K,2020-02-26,364,1.0,112380000.0
915913,ALB,2020,106808000.0,WeightedAverageNumberOfDilutedSharesOutstanding,2020-12-31,10-K,2021-02-19,365,1.0,106808000.0
915913,ALB,2021,106808000.0,WeightedAverageNumberOfDilutedSharesOutstanding,2020-12-31,10-K,2023-02-15,365,1.0,106808000.0
915913,ALB,2023,116536000.0,WeightedAverageNumberOfDilutedSharesOutstanding,2021-12-31,10-K,2024-02-15,364,1.0,116536000.0
915913,ALB,2024,117516000.0,WeightedAverageNumberOfDilutedSharesOutstanding,2024-12-31,10-K,2025-02-12,365,1.0,117516000.0
915913,ALB,2025,117516000.0,WeightedAverageNumberOfDilutedSharesOutstanding,2024-12-31,10-K,2026-02-11,365,1.0,117516000.0
916076,MLM,2014,45970000.0,WeightedAverageNumberOfDilutedSharesOutstanding,2012-12-31,10-K,2015-02-24,365,1.0,45970000.0
916076,MLM,2015,46285000.0,WeightedAverageNumberOfDilutedSharesOutstanding,2013-12-31,10-K,2016-02-23,364,1.0,46285000.0
916076,MLM,2016,63861000.0,WeightedAverageNumberOfDilutedSharesOutstanding,2016-12-31,10-K,2017-02-24,365,1.0,63861000.0
916076,MLM,2017,63861000.0,WeightedAverageNumberOfDilutedSharesOutstanding,2016-12-31,10-K,2018-02-23,365,1.0,63861000.0
916076,MLM,2018,63861000.0,WeightedAverageNumberOfDilutedSharesOutstanding,2016-12-31,10-K,2019-02-25,365,1.0,63861000.0
916076,MLM,2019,63200000.0,WeightedAverageNumberOfDilutedSharesOutstanding,2017-12-31,10-K,2020-02-21,364,1.0,63200000.0
916076,MLM,2020,62400000.0,WeightedAverageNumberOfDilutedSharesOutstanding,2020-12-31,10-K,2021-02-19,365,1.0,62400000.0
916076,MLM,2021,62400000.0,WeightedAverageNumberOfDilutedSharesOutstanding,2020-12-31,10-K,2022-02-22,365,1.0,62400000.0
916076,MLM,2022,62400000.0,WeightedAverageNumberOfDilutedSharesOutstanding,2020-12-31,10-K,2023-02-24,365,1.0,62400000.0
916076,MLM,2023,62600000.0,WeightedAverageNumberOfDilutedSharesOutstanding,2021-12-31,10-K,2024-02-23,364,1.0,62600000.0
916076,MLM,2024,61600000.0,WeightedAverageNumberOfDilutedSharesOutstanding,2024-12-31,10-K,2025-02-21,365,1.0,61600000.0
916076,MLM,2025,61600000.0,WeightedAverageNumberOfDilutedSharesOutstanding,2024-12-31,10-K,2026-02-19,365,1.0,61600000.0
916365,TSCO,2014,145514000.0,WeightedAverageNumberOfDilutedSharesOutstanding,2012-12-29,10-K,2015-02-18,363,10.0,1455140000.0
916365,TSCO,2015,141723000.0,WeightedAverageNumberOfDilutedSharesOutstanding,2013-12-28,10-K,2016-02-23,363,5.0,708615000.0
916365,TSCO,2016,133813000.0,WeightedAverageNumberOfDilutedSharesOutstanding,2016-12-31,10-K,2017-02-23,370,5.0,669065000.0
916365,TSCO,2017,133813000.0,WeightedAverageNumberOfDilutedSharesOutstanding,2016-12-31,10-K,2018-02-22,370,5.0,669065000.0
916365,TSCO,2018,133813000.0,WeightedAverageNumberOfDilutedSharesOutstanding,2016-12-31,10-K,2019-02-21,370,5.0,669065000.0
916365,TSCO,2019,128204000.0,WeightedAverageNumberOfDilutedSharesOutstanding,2017-12-30,10-K,2020-02-20,363,5.0,641020000.0
916365,TSCO,2020,123471000.0,WeightedAverageNumberOfDilutedSharesOutstanding,2018-12-29,10-K,2021-02-18,363,5.0,617355000.0
916365,TSCO,2021,120743000.0,WeightedAverageNumberOfDilutedSharesOutstanding,2019-12-28,10-K,2022-02-17,363,5.0,603715000.0
916365,TSCO,2022,112149000.0,WeightedAverageNumberOfDilutedSharesOutstanding,2022-12-31,10-K,2023-02-23,370,5.0,560745000.0
916365,TSCO,2023,112149000.0,WeightedAverageNumberOfDilutedSharesOutstanding,2022-12-31,10-K,2024-02-23,370,5.0,560745000.0
916365,TSCO,2024,560743000.0,WeightedAverageNumberOfDilutedSharesOutstanding,2022-12-31,10-K,2025-02-20,370,5.0,2803715000.0
916365,TSCO,2025,548729000.0,WeightedAverageNumberOfDilutedSharesOutstanding,2023-12-30,10-K,2026-02-19,363,5.0,2743645000.0
920148,LH,2014,97400000.0,WeightedAverageNumberOfDilutedSharesOutstanding,2012-12-31,10-K,2015-02-26,365,1.164,113373600.0
920148,LH,2015,91800000.0,WeightedAverageNumberOfDilutedSharesOutstanding,2013-12-31,10-K,2016-03-01,364,1.164,106855200.0
920148,LH,2016,104300000.0,WeightedAverageNumberOfDilutedSharesOutstanding,2016-12-31,10-K,2017-02-27,365,1.164,121405199.99999999
920148,LH,2017,104300000.0,WeightedAverageNumberOfDilutedSharesOutstanding,2016-12-31,10-K,2018-02-27,365,1.164,121405199.99999999
920148,LH,2018,104300000.0,WeightedAverageNumberOfDilutedSharesOutstanding,2016-12-31,10-K,2019-02-28,365,1.164,121405199.99999999
920148,LH,2019,103900000.0,WeightedAverageNumberOfDilutedSharesOutstanding,2017-12-31,10-K,2020-02-28,364,1.164,120939599.99999999
920148,LH,2020,98000000.0,WeightedAverageNumberOfDilutedSharesOutstanding,2020-12-31,10-K,2021-02-25,365,1.164,114071999.99999999
920148,LH,2021,98000000.0,WeightedAverageNumberOfDilutedSharesOutstanding,2020-12-31,10-K,2023-02-28,365,1.164,114071999.99999999
920148,LH,2023,97500000.0,WeightedAverageNumberOfDilutedSharesOutstanding,2021-12-31,10-K,2024-02-26,364,1.164,113490000.0
920148,LH,2024,84400000.0,WeightedAverageNumberOfDilutedSharesOutstanding,2024-12-31,10-K,2025-02-25,365,1.0,84400000.0
920148,LH,2025,84400000.0,WeightedAverageNumberOfDilutedSharesOutstanding,2024-12-31,10-K,2026-02-24,365,1.0,84400000.0
920522,ESS,2014,35124921.0,WeightedAverageNumberOfDilutedSharesOutstanding,2012-12-31,10-K,2015-03-02,365,1.0,35124921.0
920522,ESS,2015,37335295.0,WeightedAverageNumberOfDilutedSharesOutstanding,2013-12-31,10-K,2016-02-26,364,1.0,37335295.0
920522,ESS,2016,65587816.0,WeightedAverageNumberOfDilutedSharesOutstanding,2016-12-31,10-K,2017-02-24,365,1.0,65587816.0
920522,ESS,2017,65587816.0,WeightedAverageNumberOfDilutedSharesOutstanding,2016-12-31,10-K,2018-02-22,365,1.0,65587816.0
920522,ESS,2018,65587816.0,WeightedAverageNumberOfDilutedSharesOutstanding,2016-12-31,10-K,2019-02-21,365,1.0,65587816.0
920522,ESS,2019,65898255.0,WeightedAverageNumberOfDilutedSharesOutstanding,2017-12-31,10-K,2020-02-20,364,1.0,65898255.0
920522,ESS,2020,65564982.0,WeightedAverageNumberOfDilutedSharesOutstanding,2020-12-31,10-K,2021-02-19,365,1.0,65564982.0
920522,ESS,2021,65564982.0,WeightedAverageNumberOfDilutedSharesOutstanding,2020-12-31,10-K,2022-02-25,365,1.0,65564982.0
920522,ESS,2022,65564982.0,WeightedAverageNumberOfDilutedSharesOutstanding,2020-12-31,10-K,2023-02-23,365,1.0,65564982.0
920522,ESS,2023,65088874.0,WeightedAverageNumberOfDilutedSharesOutstanding,2021-12-31,10-K,2024-02-23,364,1.0,65088874.0
920522,ESS,2024,64251234.0,WeightedAverageNumberOfDilutedSharesOutstanding,2024-12-31,10-K,2025-02-21,365,1.0,64251234.0
920522,ESS,2025,64251234.0,WeightedAverageNumberOfDilutedSharesOutstanding,2024-12-31,10-K,2026-02-20,365,1.0,64251234.0
920760,LEN,2014,218695000.0,WeightedAverageNumberOfDilutedSharesOutstanding,2012-11-30,10-K,2015-01-23,365,1.0505609999999999,229752437.89499998
920760,LEN,2015,225920000.0,WeightedAverageNumberOfDilutedSharesOutstanding,2013-11-30,10-K,2016-01-22,364,1.0505609999999999,237342741.11999997
920760,LEN,2016,230712000.0,WeightedAverageNumberOfDilutedSharesOutstanding,2016-11-30,10-K,2017-01-20,365,1.0505609999999999,242377029.43199998
920760,LEN,2017,235370000.0,WeightedAverageNumberOfDilutedSharesOutstanding,2016-11-30,10-K,2018-01-25,365,1.0505609999999999,247270542.56999996
920760,LEN,2018,235370000.0,WeightedAverageNumberOfDilutedSharesOutstanding,2016-11-30,10-K,2019-01-28,365,1.0505609999999999,247270542.56999996
920760,LEN,2019,237156000.0,WeightedAverageNumberOfDilutedSharesOutstanding,2017-11-30,10-K,2020-01-27,364,1.033,244982147.99999997
920760,LEN,2020,309407000.0,WeightedAverageNumberOfDilutedSharesOutstanding,2020-11-30,10-K,2021-01-22,365,1.033,319617431.0
920760,LEN,2021,309407000.0,WeightedAverageNumberOfDilutedSharesOutstanding,2020-11-30,10-K,2022-01-28,365,1.033,319617431.0
920760,LEN,2022,309407000.0,WeightedAverageNumberOfDilutedSharesOutstanding,2020-11-30,10-K,2023-01-26,365,1.033,319617431.0
920760,LEN,2023,306612000.0,WeightedAverageNumberOfDilutedSharesOutstanding,2021-11-30,10-K,2024-01-26,364,1.033,316730196.0
920760,LEN,2024,272019000.0,WeightedAverageNumberOfDilutedSharesOutstanding,2024-11-30,10-K,2025-01-23,365,1.033,280995627.0
922224,PPL,2014,581626000.0,WeightedAverageNumberOfDilutedSharesOutstanding,2012-12-31,10-K,2015-02-23,365,1.0736525660296328,624464247.3695512
922224,PPL,2015,663073000.0,WeightedAverageNumberOfDilutedSharesOutstanding,2013-12-31,10-K,2016-02-19,364,1.0736525660296328,711910027.9149667
922224,PPL,2016,680446000.0,WeightedAverageNumberOfDilutedSharesOutstanding,2016-12-31,10-K,2017-02-17,365,1.0,680446000.0
922224,PPL,2017,680446000.0,WeightedAverageNumberOfDilutedSharesOutstanding,2016-12-31,10-K,2018-02-22,365,1.0,680446000.0
922224,PPL,2018,680446000.0,WeightedAverageNumberOfDilutedSharesOutstanding,2016-12-31,10-K,2019-02-14,365,1.0,680446000.0
922224,PPL,2019,769384000.0,WeightedAverageNumberOfDilutedSharesOutstanding,2020-12-31,10-K,2021-02-18,365,1.0,769384000.0
922224,PPL,2021,739853000.0,WeightedAverageNumberOfDilutedSharesOutstanding,2024-12-31,10-K,2025-02-13,365,1.0,739853000.0
922224,PPL,2025,739853000.0,WeightedAverageNumberOfDilutedSharesOutstanding,2024-12-31,10-K,2026-02-20,365,1.0,739853000.0
927066,DVA,2014,195942160.0,WeightedAverageNumberOfDilutedSharesOutstanding,2012-12-31,10-K,2015-02-26,365,2.0,391884320.0
927066,DVA,2015,214763887.0,WeightedAverageNumberOfDilutedSharesOutstanding,2013-12-31,10-K,2016-02-26,364,1.0,214763887.0
927066,DVA,2016,204904656.0,WeightedAverageNumberOfDilutedSharesOutstanding,2016-12-31,10-K,2017-02-24,365,1.0,204904656.0
927066,DVA,2017,204904656.0,WeightedAverageNumberOfDilutedSharesOutstanding,2016-12-31,10-K,2018-02-23,365,1.0,204904656.0
927066,DVA,2018,204904656.0,WeightedAverageNumberOfDilutedSharesOutstanding,2016-12-31,10-K,2019-02-22,365,1.0,204904656.0
927066,DVA,2019,191348533.0,WeightedAverageNumberOfDilutedSharesOutstanding,2017-12-31,10-K,2020-02-21,364,1.0,191348533.0
927066,DVA,2020,122623000.0,WeightedAverageNumberOfDilutedSharesOutstanding,2020-12-31,10-K,2021-02-12,365,1.0,122623000.0
927066,DVA,2021,122623000.0,WeightedAverageNumberOfDilutedSharesOutstanding,2020-12-31,10-K,2022-02-11,365,1.0,122623000.0
927066,DVA,2022,122623000.0,WeightedAverageNumberOfDilutedSharesOutstanding,2020-12-31,10-K,2023-02-22,365,1.0,122623000.0
927066,DVA,2023,109948000.0,WeightedAverageNumberOfDilutedSharesOutstanding,2021-12-31,10-K,2024-02-14,364,1.0,109948000.0
927066,DVA,2024,87274000.0,WeightedAverageNumberOfDilutedSharesOutstanding,2024-12-31,10-K,2025-02-13,365,1.0,87274000.0
927066,DVA,2025,87274000.0,WeightedAverageNumberOfDilutedSharesOutstanding,2024-12-31,10-K,2026-02-11,365,1.0,87274000.0
927628,COF,2014,566500000.0,WeightedAverageNumberOfDilutedSharesOutstanding,2012-12-31,10-K,2015-02-24,365,1.0,566500000.0
927628,COF,2015,587600000.0,WeightedAverageNumberOfDilutedSharesOutstanding,2013-12-31,10-K,2016-02-25,364,1.0,587600000.0
927628,COF,2017,509800000.0,WeightedAverageNumberOfDilutedSharesOutstanding,2016-12-31,10-K,2018-02-21,365,1.0,509800000.0
927628,COF,2018,509800000.0,WeightedAverageNumberOfDilutedSharesOutstanding,2016-12-31,10-K,2019-02-20,365,1.0,509800000.0
927628,COF,2019,488600000.0,WeightedAverageNumberOfDilutedSharesOutstanding,2017-12-31,10-K,2020-02-20,364,1.0,488600000.0
927628,COF,2020,458900000.0,WeightedAverageNumberOfDilutedSharesOutstanding,2020-12-31,10-K,2021-02-25,365,1.0,458900000.0
927628,COF,2021,458900000.0,WeightedAverageNumberOfDilutedSharesOutstanding,2020-12-31,10-K,2022-02-25,365,1.0,458900000.0
927628,COF,2022,458900000.0,WeightedAverageNumberOfDilutedSharesOutstanding,2020-12-31,10-K,2023-02-24,365,1.0,458900000.0
927628,COF,2023,444200000.0,WeightedAverageNumberOfDilutedSharesOutstanding,2021-12-31,10-K,2024-02-23,364,1.0,444200000.0
927628,COF,2024,383600000.0,WeightedAverageNumberOfDilutedSharesOutstanding,2024-12-31,10-K,2025-02-20,365,1.0,383600000.0
927628,COF,2025,383600000.0,WeightedAverageNumberOfDilutedSharesOutstanding,2024-12-31,10-K,2026-02-19,365,1.0,383600000.0
927653,MCK,2015,239000000.0,WeightedAverageNumberOfDilutedSharesOutstanding,2013-03-31,10-K,2015-05-12,364,1.0,239000000.0
927653,MCK,2016,233000000.0,WeightedAverageNumberOfDilutedSharesOutstanding,2016-03-31,10-K,2016-05-05,365,1.0,233000000.0
927653,MCK,2017,233000000.0,WeightedAverageNumberOfDilutedSharesOutstanding,2016-03-31,10-K,2017-05-22,365,1.0,233000000.0
927653,MCK,2018,233000000.0,WeightedAverageNumberOfDilutedSharesOutstanding,2016-03-31,10-K,2018-05-24,365,1.0,233000000.0
927653,MCK,2019,223000000.0,WeightedAverageNumberOfDilutedSharesOutstanding,2017-03-31,10-K,2019-05-15,364,1.0,223000000.0
927653,MCK,2020,182000000.0,WeightedAverageNumberOfDilutedSharesOutstanding,2020-03-31,10-K,2020-05-22,365,1.0,182000000.0
927653,MCK,2021,181600000.0,WeightedAverageNumberOfDilutedSharesOutstanding,2020-03-31,10-K,2021-05-12,365,1.0,181600000.0
927653,MCK,2022,181600000.0,WeightedAverageNumberOfDilutedSharesOutstanding,2020-03-31,10-K,2022-05-09,365,1.0,181600000.0
927653,MCK,2023,160600000.0,WeightedAverageNumberOfDilutedSharesOutstanding,2021-03-31,10-K,2023-05-09,364,1.0,160600000.0
927653,MCK,2024,134100000.0,WeightedAverageNumberOfDilutedSharesOutstanding,2024-03-31,10-K,2024-05-08,365,1.0,134100000.0
927653,MCK,2025,134100000.0,WeightedAverageNumberOfDilutedSharesOutstanding,2024-03-31,10-K,2025-05-09,365,1.0,134100000.0
927653,MCK,2026,134100000.0,WeightedAverageNumberOfDilutedSharesOutstanding,2024-03-31,10-K,2026-05-08,365,1.0,134100000.0
935703,DLTR,2014,230700000.0,WeightedAverageNumberOfDilutedSharesOutstanding,2013-02-02,10-K,2015-03-13,370,1.0,230700000.0
935703,DLTR,2015,219100000.0,WeightedAverageNumberOfDilutedSharesOutstanding,2014-02-01,10-K,2016-03-28,363,1.0,219100000.0
935703,DLTR,2016,207000000.0,WeightedAverageNumberOfDilutedSharesOutstanding,2015-01-31,10-K,2017-03-28,363,1.0,207000000.0
935703,DLTR,2017,237700000.0,WeightedAverageNumberOfDilutedSharesOutstanding,2018-02-03,10-K,2018-03-26,370,1.0,237700000.0
935703,DLTR,2018,237700000.0,WeightedAverageNumberOfDilutedSharesOutstanding,2018-02-03,10-K,2019-03-27,370,1.0,237700000.0
935703,DLTR,2019,237700000.0,WeightedAverageNumberOfDilutedSharesOutstanding,2018-02-03,10-K,2020-03-20,370,1.0,237700000.0
935703,DLTR,2020,237900000.0,WeightedAverageNumberOfDilutedSharesOutstanding,2019-02-02,10-K,2021-03-16,363,1.0,237900000.0
935703,DLTR,2021,238300000.0,WeightedAverageNumberOfDilutedSharesOutstanding,2020-02-01,10-K,2022-03-15,363,1.0,238300000.0
935703,DLTR,2022,237300000.0,WeightedAverageNumberOfDilutedSharesOutstanding,2021-01-30,10-K,2023-03-10,363,1.0,237300000.0
935703,DLTR,2023,219500000.0,WeightedAverageNumberOfDilutedSharesOutstanding,2024-02-03,10-K,2024-03-20,370,1.0,219500000.0
935703,DLTR,2024,219900000.0,WeightedAverageNumberOfDilutedSharesOutstanding,2024-02-03,10-K,2025-03-26,370,1.0,219900000.0
935703,DLTR,2025,219900000.0,WeightedAverageNumberOfDilutedSharesOutstanding,2024-02-03,10-K,2026-03-16,370,1.0,219900000.0
936340,DTE,2014,171000000.0,WeightedAverageNumberOfDilutedSharesOutstanding,2012-12-31,10-K,2015-02-13,365,1.175,200925000.0
936340,DTE,2015,175000000.0,WeightedAverageNumberOfDilutedSharesOutstanding,2013-12-31,10-K,2016-02-10,364,1.175,205625000.0
936340,DTE,2016,179000000.0,WeightedAverageNumberOfDilutedSharesOutstanding,2016-12-31,10-K,2017-02-09,365,1.175,210325000.0
936340,DTE,2017,179000000.0,WeightedAverageNumberOfDilutedSharesOutstanding,2016-12-31,10-K,2018-02-16,365,1.175,210325000.0
936340,DTE,2018,179000000.0,WeightedAverageNumberOfDilutedSharesOutstanding,2016-12-31,10-K,2019-02-07,365,1.175,210325000.0
936340,DTE,2019,179000000.0,WeightedAverageNumberOfDilutedSharesOutstanding,2017-12-31,10-K,2020-02-05,364,1.175,210325000.0
936340,DTE,2020,193000000.0,WeightedAverageNumberOfDilutedSharesOutstanding,2020-12-31,10-K,2021-02-19,365,1.175,226775000.0
936340,DTE,2021,193000000.0,WeightedAverageNumberOfDilutedSharesOutstanding,2020-12-31,10-K,2022-02-10,365,1.175,226775000.0
936340,DTE,2022,193000000.0,WeightedAverageNumberOfDilutedSharesOutstanding,2020-12-31,10-K,2023-02-23,365,1.175,226775000.0
936340,DTE,2023,194000000.0,WeightedAverageNumberOfDilutedSharesOutstanding,2021-12-31,10-K,2024-02-08,364,1.0,194000000.0
936340,DTE,2024,207000000.0,WeightedAverageNumberOfDilutedSharesOutstanding,2024-12-31,10-K,2025-02-13,365,1.0,207000000.0
936340,DTE,2025,207000000.0,WeightedAverageNumberOfDilutedSharesOutstanding,2024-12-31,10-K,2026-02-17,365,1.0,207000000.0
936395,CIEN,2014,99341000.0,WeightedAverageNumberOfDilutedSharesOutstanding,2012-10-31,10-K,2014-12-19,365,1.0,99341000.0
936395,CIEN,2015,102350000.0,WeightedAverageNumberOfDilutedSharesOutstanding,2013-10-31,10-K,2015-12-21,364,1.0,102350000.0
936395,CIEN,2016,150704000.0,WeightedAverageNumberOfDilutedSharesOutstanding,2016-10-31,10-K,2016-12-21,365,1.0,150704000.0
936395,CIEN,2017,150704000.0,WeightedAverageNumberOfDilutedSharesOutstanding,2016-10-31,10-K,2017-12-22,365,1.0,150704000.0
936395,CIEN,2018,150704000.0,WeightedAverageNumberOfDilutedSharesOutstanding,2016-10-31,10-K,2018-12-21,365,1.0,150704000.0
936395,CIEN,2019,169919000.0,WeightedAverageNumberOfDilutedSharesOutstanding,2017-10-31,10-K,2019-12-20,364,1.0,169919000.0
936395,CIEN,2020,143738000.0,WeightedAverageNumberOfDilutedSharesOutstanding,2018-11-03,10-K,2020-12-18,367,1.0,143738000.0
936395,CIEN,2021,157612000.0,WeightedAverageNumberOfDilutedSharesOutstanding,2019-11-02,10-K,2021-12-17,363,1.0,157612000.0
936395,CIEN,2022,155955000.0,WeightedAverageNumberOfDilutedSharesOutstanding,2020-10-31,10-K,2022-12-16,363,1.0,155955000.0
936395,CIEN,2023,156743000.0,WeightedAverageNumberOfDilutedSharesOutstanding,2021-10-30,10-K,2023-12-15,363,1.0,156743000.0
936395,CIEN,2024,145964000.0,WeightedAverageNumberOfDilutedSharesOutstanding,2024-11-02,10-K,2024-12-20,370,1.0,145964000.0
936395,CIEN,2025,145964000.0,WeightedAverageNumberOfDilutedSharesOutstanding,2024-11-02,10-K,2025-12-12,370,1.0,145964000.0
936468,LMT,2014,328400000.0,WeightedAverageNumberOfDilutedSharesOutstanding,2012-12-31,10-K,2015-02-09,365,1.0,328400000.0
936468,LMT,2015,326500000.0,WeightedAverageNumberOfDilutedSharesOutstanding,2013-12-31,10-K,2016-02-24,364,1.0,326500000.0
936468,LMT,2016,303100000.0,WeightedAverageNumberOfDilutedSharesOutstanding,2016-12-31,10-K,2017-02-09,365,1.0,303100000.0
936468,LMT,2017,303100000.0,WeightedAverageNumberOfDilutedSharesOutstanding,2016-12-31,10-K/A,2018-02-16,365,1.0,303100000.0
936468,LMT,2018,303100000.0,WeightedAverageNumberOfDilutedSharesOutstanding,2016-12-31,10-K,2019-02-08,365,1.0,303100000.0
936468,LMT,2019,290600000.0,WeightedAverageNumberOfDilutedSharesOutstanding,2017-12-31,10-K,2020-02-07,364,1.0,290600000.0
936468,LMT,2020,281200000.0,WeightedAverageNumberOfDilutedSharesOutstanding,2020-12-31,10-K,2021-01-28,365,1.0,281200000.0
936468,LMT,2021,281200000.0,WeightedAverageNumberOfDilutedSharesOutstanding,2020-12-31,10-K,2022-01-25,365,1.0,281200000.0
936468,LMT,2022,281200000.0,WeightedAverageNumberOfDilutedSharesOutstanding,2020-12-31,10-K,2023-01-26,365,1.0,281200000.0
936468,LMT,2023,277400000.0,WeightedAverageNumberOfDilutedSharesOutstanding,2021-12-31,10-K,2024-01-23,364,1.0,277400000.0
936468,LMT,2024,239200000.0,WeightedAverageNumberOfDilutedSharesOutstanding,2024-12-31,10-K,2025-01-28,365,1.0,239200000.0
936468,LMT,2025,239200000.0,WeightedAverageNumberOfDilutedSharesOutstanding,2024-12-31,10-K,2026-01-29,365,1.0,239200000.0
940944,DRI,2014,133200000.0,WeightedAverageNumberOfDilutedSharesOutstanding,2012-05-27,10-K,2014-07-18,363,1.1186933661483387,149009956.37095872
940944,DRI,2015,129700000.0,WeightedAverageNumberOfDilutedSharesOutstanding,2015-05-31,10-K,2015-07-24,370,1.1186933661483387,145094529.58943954
940944,DRI,2016,129700000.0,WeightedAverageNumberOfDilutedSharesOutstanding,2015-05-31,10-K,2016-07-25,370,1.1186933661483387,145094529.58943954
940944,DRI,2017,129700000.0,WeightedAverageNumberOfDilutedSharesOutstanding,2015-05-31,10-K,2017-07-21,370,1.1186933661483387,145094529.58943954
940944,DRI,2018,129300000.0,WeightedAverageNumberOfDilutedSharesOutstanding,2016-05-29,10-K,2018-07-20,363,1.0,129300000.0
940944,DRI,2019,126000000.0,WeightedAverageNumberOfDilutedSharesOutstanding,2017-05-28,10-K,2019-07-19,363,1.0,126000000.0
940944,DRI,2020,122700000.0,WeightedAverageNumberOfDilutedSharesOutstanding,2020-05-31,10-K,2020-07-24,370,1.0,122700000.0
940944,DRI,2021,122700000.0,WeightedAverageNumberOfDilutedSharesOutstanding,2020-05-31,10-K,2021-07-23,370,1.0,122700000.0
940944,DRI,2022,122700000.0,WeightedAverageNumberOfDilutedSharesOutstanding,2020-05-31,10-K,2022-07-22,370,1.0,122700000.0
940944,DRI,2023,131800000.0,WeightedAverageNumberOfDilutedSharesOutstanding,2021-05-30,10-K,2023-07-21,363,1.0,131800000.0
940944,DRI,2024,129000000.0,WeightedAverageNumberOfDilutedSharesOutstanding,2022-05-29,10-K,2024-07-19,363,1.0,129000000.0
940944,DRI,2025,122900000.0,WeightedAverageNumberOfDilutedSharesOutstanding,2023-05-28,10-K,2025-07-18,363,1.0,122900000.0
940944,DRI,2026,116300000.0,WeightedAverageNumberOfDilutedSharesOutstanding,2026-05-31,10-K,2026-07-24,370,1.0,116300000.0
943452,WAB,2014,96742000.0,WeightedAverageNumberOfDilutedSharesOutstanding,2012-12-31,10-K,2015-02-20,365,2.0,193484000.0
943452,WAB,2015,96832000.0,WeightedAverageNumberOfDilutedSharesOutstanding,2013-12-31,10-K,2016-02-19,364,1.0,96832000.0
943452,WAB,2016,91141000.0,WeightedAverageNumberOfDilutedSharesOutstanding,2016-12-31,10-K,2017-02-28,365,1.0,91141000.0
943452,WAB,2017,91141000.0,WeightedAverageNumberOfDilutedSharesOutstanding,2016-12-31,10-K,2018-02-26,365,1.0,91141000.0
943452,WAB,2018,91141000.0,WeightedAverageNumberOfDilutedSharesOutstanding,2016-12-31,10-K,2019-02-27,365,1.0,91141000.0
943452,WAB,2019,96100000.0,WeightedAverageNumberOfDilutedSharesOutstanding,2017-12-31,10-K,2020-02-24,364,1.0,96100000.0
943452,WAB,2020,190400000.0,WeightedAverageNumberOfDilutedSharesOutstanding,2020-12-31,10-K,2021-02-19,365,1.0,190400000.0
943452,WAB,2021,190400000.0,WeightedAverageNumberOfDilutedSharesOutstanding,2020-12-31,10-K,2022-02-17,365,1.0,190400000.0
943452,WAB,2022,190400000.0,WeightedAverageNumberOfDilutedSharesOutstanding,2020-12-31,10-K,2023-02-15,365,1.0,190400000.0
943452,WAB,2023,188100000.0,WeightedAverageNumberOfDilutedSharesOutstanding,2021-12-31,10-K,2024-02-14,364,1.0,188100000.0
943452,WAB,2024,174800000.0,WeightedAverageNumberOfDilutedSharesOutstanding,2024-12-31,10-K,2025-02-12,365,1.0,174800000.0
943452,WAB,2025,174800000.0,WeightedAverageNumberOfDilutedSharesOutstanding,2024-12-31,10-K,2026-02-13,365,1.0,174800000.0
943819,RMD,2014,149316000.0,WeightedAverageNumberOfDilutedSharesOutstanding,2012-06-30,10-K,2014-08-08,365,1.0,149316000.0
943819,RMD,2015,146410000.0,WeightedAverageNumberOfDilutedSharesOutstanding,2013-06-30,10-K,2015-08-07,364,1.0,146410000.0
943819,RMD,2016,141669000.0,WeightedAverageNumberOfDilutedSharesOutstanding,2016-06-30,10-K,2016-08-05,365,1.0,141669000.0
943819,RMD,2017,141669000.0,WeightedAverageNumberOfDilutedSharesOutstanding,2016-06-30,10-K,2017-08-04,365,1.0,141669000.0
943819,RMD,2018,141669000.0,WeightedAverageNumberOfDilutedSharesOutstanding,2016-06-30,10-K,2018-08-17,365,1.0,141669000.0
943819,RMD,2019,142453000.0,WeightedAverageNumberOfDilutedSharesOutstanding,2017-06-30,10-K,2019-08-08,364,1.0,142453000.0
943819,RMD,2020,145652000.0,WeightedAverageNumberOfDilutedSharesOutstanding,2020-06-30,10-K,2020-08-13,365,1.0,145652000.0
943819,RMD,2021,145652000.0,WeightedAverageNumberOfDilutedSharesOutstanding,2020-06-30,10-K,2021-08-17,365,1.0,145652000.0
943819,RMD,2022,145652000.0,WeightedAverageNumberOfDilutedSharesOutstanding,2020-06-30,10-K,2022-08-12,365,1.0,145652000.0
943819,RMD,2023,146451000.0,WeightedAverageNumberOfDilutedSharesOutstanding,2021-06-30,10-K,2023-08-11,364,1.0,146451000.0
943819,RMD,2024,147550000.0,WeightedAverageNumberOfDilutedSharesOutstanding,2024-06-30,10-K,2024-08-09,365,1.0,147550000.0
943819,RMD,2025,147550000.0,WeightedAverageNumberOfDilutedSharesOutstanding,2024-06-30,10-K,2025-08-08,365,1.0,147550000.0
943819,RMD,2026,147550000.0,WeightedAverageNumberOfDilutedSharesOutstanding,2024-06-30,10-K,2026-08-13,365,1.0,147550000.0
946581,TTWO,2017,83417000.0,WeightedAverageNumberOfDilutedSharesOutstanding,2016-03-31,10-K,2017-05-24,365,1.0,83417000.0
946581,TTWO,2018,83417000.0,WeightedAverageNumberOfDilutedSharesOutstanding,2016-03-31,10-K,2018-05-17,365,1.0,83417000.0
946581,TTWO,2019,94073000.0,WeightedAverageNumberOfDilutedSharesOutstanding,2017-03-31,10-K,2019-05-14,364,1.0,94073000.0
946581,TTWO,2020,114136000.0,WeightedAverageNumberOfDilutedSharesOutstanding,2020-03-31,10-K,2020-05-22,365,1.0,114136000.0
946581,TTWO,2021,114136000.0,WeightedAverageNumberOfDilutedSharesOutstanding,2020-03-31,10-K,2021-05-19,365,1.0,114136000.0
946581,TTWO,2022,114136000.0,WeightedAverageNumberOfDilutedSharesOutstanding,2020-03-31,10-K,2022-05-17,365,1.0,114136000.0
946581,TTWO,2023,115700000.0,WeightedAverageNumberOfDilutedSharesOutstanding,2021-03-31,10-K,2023-05-26,364,1.0,115700000.0
946581,TTWO,2024,170100000.0,WeightedAverageNumberOfDilutedSharesOutstanding,2024-03-31,10-K,2024-05-22,365,1.0,170100000.0
947484,ACGL,2014,138258847.0,WeightedAverageNumberOfDilutedSharesOutstanding,2012-12-31,10-K,2015-02-27,365,3.0,414776541.0
947484,ACGL,2015,135777183.0,WeightedAverageNumberOfDilutedSharesOutstanding,2013-12-31,10-K,2016-02-26,364,3.0,407331549.0
947484,ACGL,2016,124717493.0,WeightedAverageNumberOfDilutedSharesOutstanding,2016-12-31,10-K,2017-03-01,365,3.0,374152479.0
947484,ACGL,2017,124717493.0,WeightedAverageNumberOfDilutedSharesOutstanding,2016-12-31,10-K,2018-02-28,365,3.0,374152479.0
947484,ACGL,2018,374152479.0,WeightedAverageNumberOfDilutedSharesOutstanding,2016-12-31,10-K,2019-02-28,365,3.0,1122457437.0
947484,ACGL,2019,417785025.0,WeightedAverageNumberOfDilutedSharesOutstanding,2017-12-31,10-K,2020-02-28,364,3.0,1253355075.0
947484,ACGL,2020,410259455.0,WeightedAverageNumberOfDilutedSharesOutstanding,2020-12-31,10-K,2022-02-25,365,1.0,410259455.0
947484,ACGL,2022,410259455.0,WeightedAverageNumberOfDilutedSharesOutstanding,2020-12-31,10-K,2023-02-24,365,1.0,410259455.0
947484,ACGL,2023,400300000.0,WeightedAverageNumberOfDilutedSharesOutstanding,2021-12-31,10-K,2024-02-23,364,1.0,400300000.0
947484,ACGL,2024,381800000.0,WeightedAverageNumberOfDilutedSharesOutstanding,2024-12-31,10-K,2025-02-27,365,1.0,381800000.0
947484,ACGL,2025,381800000.0,WeightedAverageNumberOfDilutedSharesOutstanding,2024-12-31,10-K,2026-02-26,365,1.0,381800000.0
1000228,HSIC,2014,89823000.0,WeightedAverageNumberOfDilutedSharesOutstanding,2012-12-29,10-K,2015-02-11,363,2.55,229048649.99999997
1000228,HSIC,2015,87622000.0,WeightedAverageNumberOfDilutedSharesOutstanding,2013-12-28,10-K,2016-02-10,363,2.55,223436099.99999997
1000228,HSIC,2016,81862000.0,WeightedAverageNumberOfDilutedSharesOutstanding,2016-12-31,10-K,2017-02-21,370,2.55,208748100.0
1000228,HSIC,2017,163723000.0,WeightedAverageNumberOfDilutedSharesOutstanding,2016-12-31,10-K,2018-02-21,370,2.55,417493650.0
1000228,HSIC,2018,163723000.0,WeightedAverageNumberOfDilutedSharesOutstanding,2016-12-31,10-K,2019-02-20,370,2.55,417493650.0
1000228,HSIC,2019,158208000.0,WeightedAverageNumberOfDilutedSharesOutstanding,2017-12-30,10-K,2020-02-20,363,1.275,201715200.0
1000228,HSIC,2020,153707000.0,WeightedAverageNumberOfDilutedSharesOutstanding,2018-12-29,10-K,2021-02-17,363,1.275,195976425.0
1000228,HSIC,2021,149257000.0,WeightedAverageNumberOfDilutedSharesOutstanding,2019-12-28,10-K,2022-02-15,363,1.0,149257000.0
1000228,HSIC,2022,137755670.0,WeightedAverageNumberOfDilutedSharesOutstanding,2022-12-31,10-K,2023-02-21,370,1.0,137755670.0
1000228,HSIC,2023,137755670.0,WeightedAverageNumberOfDilutedSharesOutstanding,2022-12-31,10-K,2024-02-28,370,1.0,137755670.0
1000228,HSIC,2024,137755670.0,WeightedAverageNumberOfDilutedSharesOutstanding,2022-12-31,10-K,2025-02-25,370,1.0,137755670.0
1000228,HSIC,2025,131748171.0,WeightedAverageNumberOfDilutedSharesOutstanding,2023-12-30,10-K,2026-02-24,363,1.0,131748171.0
1000697,WAT,2014,88979000.0,WeightedAverageNumberOfDilutedSharesOutstanding,2012-12-31,10-K,2015-02-27,365,1.0,88979000.0
1000697,WAT,2015,86546000.0,WeightedAverageNumberOfDilutedSharesOutstanding,2013-12-31,10-K,2016-02-26,364,1.0,86546000.0
1000697,WAT,2016,81417000.0,WeightedAverageNumberOfDilutedSharesOutstanding,2016-12-31,10-K,2017-02-24,365,1.0,81417000.0
1000697,WAT,2017,81417000.0,WeightedAverageNumberOfDilutedSharesOutstanding,2016-12-31,10-K,2018-02-27,365,1.0,81417000.0
1000697,WAT,2018,81417000.0,WeightedAverageNumberOfDilutedSharesOutstanding,2016-12-31,10-K/A,2019-03-01,365,1.0,81417000.0
1000697,WAT,2019,80604000.0,WeightedAverageNumberOfDilutedSharesOutstanding,2017-12-31,10-K,2020-02-25,364,1.0,80604000.0
1000697,WAT,2020,62414000.0,WeightedAverageNumberOfDilutedSharesOutstanding,2020-12-31,10-K,2021-02-24,365,1.0,62414000.0
1000697,WAT,2021,62414000.0,WeightedAverageNumberOfDilutedSharesOutstanding,2020-12-31,10-K,2022-02-24,365,1.0,62414000.0
1000697,WAT,2022,62414000.0,WeightedAverageNumberOfDilutedSharesOutstanding,2020-12-31,10-K,2023-02-27,365,1.0,62414000.0
1000697,WAT,2023,62028000.0,WeightedAverageNumberOfDilutedSharesOutstanding,2021-12-31,10-K,2024-02-27,364,1.0,62028000.0
1000697,WAT,2024,59552000.0,WeightedAverageNumberOfDilutedSharesOutstanding,2024-12-31,10-K,2025-02-25,365,1.0,59552000.0
1000697,WAT,2025,59552000.0,WeightedAverageNumberOfDilutedSharesOutstanding,2024-12-31,10-K,2026-02-23,365,1.0,59552000.0
1001250,EL,2014,397000000.0,WeightedAverageNumberOfDilutedSharesOutstanding,2012-06-30,10-K,2014-08-20,365,1.0,397000000.0
1001250,EL,2015,394900000.0,WeightedAverageNumberOfDilutedSharesOutstanding,2013-06-30,10-K,2015-08-20,364,1.0,394900000.0
1001250,EL,2016,376600000.0,WeightedAverageNumberOfDilutedSharesOutstanding,2016-06-30,10-K,2016-08-24,365,1.0,376600000.0
1001250,EL,2017,376600000.0,WeightedAverageNumberOfDilutedSharesOutstanding,2016-06-30,10-K,2017-08-25,365,1.0,376600000.0
1001250,EL,2018,376600000.0,WeightedAverageNumberOfDilutedSharesOutstanding,2016-06-30,10-K,2018-08-24,365,1.0,376600000.0
1001250,EL,2019,373000000.0,WeightedAverageNumberOfDilutedSharesOutstanding,2017-06-30,10-K,2019-08-23,364,1.0,373000000.0
1001250,EL,2020,366900000.0,WeightedAverageNumberOfDilutedSharesOutstanding,2020-06-30,10-K,2020-08-28,365,1.0,366900000.0
1001250,EL,2021,366900000.0,WeightedAverageNumberOfDilutedSharesOutstanding,2020-06-30,10-K,2021-08-27,365,1.0,366900000.0
1001250,EL,2022,366900000.0,WeightedAverageNumberOfDilutedSharesOutstanding,2020-06-30,10-K,2022-08-24,365,1.0,366900000.0
1001250,EL,2023,368200000.0,WeightedAverageNumberOfDilutedSharesOutstanding,2021-06-30,10-K,2023-08-18,364,1.0,368200000.0
1001250,EL,2024,360800000.0,WeightedAverageNumberOfDilutedSharesOutstanding,2024-06-30,10-K,2024-08-19,365,1.0,360800000.0
1001250,EL,2025,360800000.0,WeightedAverageNumberOfDilutedSharesOutstanding,2024-06-30,10-K,2025-08-20,365,1.0,360800000.0
1001250,EL,2026,360800000.0,WeightedAverageNumberOfDilutedSharesOutstanding,2024-06-30,10-K,2026-08-19,365,1.0,360800000.0
1002047,NTAP,2014,384300000.0,WeightedAverageNumberOfDilutedSharesOutstanding,2012-04-27,10-K,2014-06-17,363,1.0,384300000.0
1002047,NTAP,2015,368000000.0,WeightedAverageNumberOfDilutedSharesOutstanding,2013-04-26,10-K,2015-06-12,363,1.0,368000000.0
1002047,NTAP,2016,297000000.0,WeightedAverageNumberOfDilutedSharesOutstanding,2016-04-29,10-K,2016-06-22,370,1.0,297000000.0
1002047,NTAP,2017,297000000.0,WeightedAverageNumberOfDilutedSharesOutstanding,2016-04-29,10-K,2017-06-20,370,1.0,297000000.0
1002047,NTAP,2018,297000000.0,WeightedAverageNumberOfDilutedSharesOutstanding,2016-04-29,10-K,2018-06-19,370,1.0,297000000.0
1002047,NTAP,2019,281000000.0,WeightedAverageNumberOfDilutedSharesOutstanding,2017-04-28,10-K,2019-06-18,363,1.0,281000000.0
1002047,NTAP,2020,276000000.0,WeightedAverageNumberOfDilutedSharesOutstanding,2018-04-27,10-K,2020-06-15,363,1.0,276000000.0
1002047,NTAP,2021,226000000.0,WeightedAverageNumberOfDilutedSharesOutstanding,2021-04-30,10-K,2021-06-21,370,1.0,226000000.0
1002047,NTAP,2022,226000000.0,WeightedAverageNumberOfDilutedSharesOutstanding,2021-04-30,10-K,2022-06-16,370,1.0,226000000.0
1002047,NTAP,2023,226000000.0,WeightedAverageNumberOfDilutedSharesOutstanding,2021-04-30,10-K,2023-06-14,364,1.0,226000000.0
1002047,NTAP,2024,229000000.0,WeightedAverageNumberOfDilutedSharesOutstanding,2022-04-29,10-K,2024-06-10,363,1.0,229000000.0
1002047,NTAP,2025,220000000.0,WeightedAverageNumberOfDilutedSharesOutstanding,2023-04-28,10-K,2025-06-09,363,1.0,220000000.0
1002047,NTAP,2026,213000000.0,WeightedAverageNumberOfDilutedSharesOutstanding,2024-04-26,10-K,2026-06-05,363,1.0,213000000.0
1002910,AEE,2014,243000000.0,WeightedAverageNumberOfDilutedSharesOutstanding,2012-12-31,10-K,2015-03-02,365,1.0,243000000.0
1002910,AEE,2015,244500000.0,WeightedAverageNumberOfDilutedSharesOutstanding,2013-12-31,10-K,2016-02-26,364,1.0,244500000.0
1002910,AEE,2016,243400000.0,WeightedAverageNumberOfDilutedSharesOutstanding,2016-12-31,10-K,2017-02-28,365,1.0,243400000.0
1002910,AEE,2017,243400000.0,WeightedAverageNumberOfDilutedSharesOutstanding,2016-12-31,10-K,2018-02-28,365,1.0,243400000.0
1002910,AEE,2018,243400000.0,WeightedAverageNumberOfDilutedSharesOutstanding,2016-12-31,10-K,2019-02-26,365,1.0,243400000.0
1002910,AEE,2019,244200000.0,WeightedAverageNumberOfDilutedSharesOutstanding,2017-12-31,10-K,2020-02-28,364,1.0,244200000.0
1002910,AEE,2020,248700000.0,WeightedAverageNumberOfDilutedSharesOutstanding,2020-12-31,10-K,2021-02-22,365,1.0,248700000.0
1002910,AEE,2021,248700000.0,WeightedAverageNumberOfDilutedSharesOutstanding,2020-12-31,10-K,2022-02-23,365,1.0,248700000.0
1002910,AEE,2022,248700000.0,WeightedAverageNumberOfDilutedSharesOutstanding,2020-12-31,10-K,2023-02-22,365,1.0,248700000.0
1002910,AEE,2023,257600000.0,WeightedAverageNumberOfDilutedSharesOutstanding,2021-12-31,10-K,2024-02-29,364,1.0,257600000.0
1002910,AEE,2024,267400000.0,WeightedAverageNumberOfDilutedSharesOutstanding,2024-12-31,10-K,2025-02-18,365,1.0,267400000.0
1002910,AEE,2025,267400000.0,WeightedAverageNumberOfDilutedSharesOutstanding,2024-12-31,10-K,2026-02-18,365,1.0,267400000.0
1004980,PCG,2014,425000000.0,WeightedAverageNumberOfDilutedSharesOutstanding,2012-12-31,10-K,2015-02-10,365,1.0,425000000.0
1004980,PCG,2015,445000000.0,WeightedAverageNumberOfDilutedSharesOutstanding,2013-12-31,10-K,2016-02-18,364,1.0,445000000.0
1004980,PCG,2016,501000000.0,WeightedAverageNumberOfDilutedSharesOutstanding,2016-12-31,10-K,2017-02-16,365,1.0,501000000.0
1004980,PCG,2017,501000000.0,WeightedAverageNumberOfDilutedSharesOutstanding,2016-12-31,10-K,2018-02-09,365,1.0,501000000.0
1004980,PCG,2018,501000000.0,WeightedAverageNumberOfDilutedSharesOutstanding,2016-12-31,10-K,2019-02-28,365,1.0,501000000.0
1004980,PCG,2019,513000000.0,WeightedAverageNumberOfDilutedSharesOutstanding,2017-12-31,10-K,2020-02-18,364,1.0,513000000.0
1004980,PCG,2020,1257000000.0,WeightedAverageNumberOfDilutedSharesOutstanding,2020-12-31,10-K,2021-02-25,365,1.0,1257000000.0
1004980,PCG,2021,1257000000.0,WeightedAverageNumberOfDilutedSharesOutstanding,2020-12-31,10-K,2022-02-10,365,1.0,1257000000.0
1004980,PCG,2022,1257000000.0,WeightedAverageNumberOfDilutedSharesOutstanding,2020-12-31,10-K,2023-02-23,365,1.0,1257000000.0
1004980,PCG,2023,1985000000.0,WeightedAverageNumberOfDilutedSharesOutstanding,2021-12-31,10-K,2024-02-22,364,1.0,1985000000.0
1004980,PCG,2024,2147000000.0,WeightedAverageNumberOfDilutedSharesOutstanding,2024-12-31,10-K,2025-02-13,365,1.0,2147000000.0
1004980,PCG,2025,2147000000.0,WeightedAverageNumberOfDilutedSharesOutstanding,2024-12-31,10-K,2026-02-12,365,1.0,2147000000.0
1013237,FDS,2014,45810000.0,WeightedAverageNumberOfDilutedSharesOutstanding,2012-08-31,10-K,2014-10-30,365,1.0,45810000.0
1013237,FDS,2015,44624000.0,WeightedAverageNumberOfDilutedSharesOutstanding,2013-08-31,10-K,2015-11-02,364,1.0,44624000.0
1013237,FDS,2016,41365000.0,WeightedAverageNumberOfDilutedSharesOutstanding,2016-08-31,10-K,2016-10-31,365,1.0,41365000.0
1013237,FDS,2017,41365000.0,WeightedAverageNumberOfDilutedSharesOutstanding,2016-08-31,10-K,2017-10-30,365,1.0,41365000.0
1013237,FDS,2018,41365000.0,WeightedAverageNumberOfDilutedSharesOutstanding,2016-08-31,10-K,2018-10-30,365,1.0,41365000.0
1013237,FDS,2019,39642000.0,WeightedAverageNumberOfDilutedSharesOutstanding,2017-08-31,10-K,2019-10-30,364,1.0,39642000.0
1013237,FDS,2020,38646000.0,WeightedAverageNumberOfDilutedSharesOutstanding,2020-08-31,10-K,2020-10-29,365,1.0,38646000.0
1013237,FDS,2021,38646000.0,WeightedAverageNumberOfDilutedSharesOutstanding,2020-08-31,10-K,2021-10-22,365,1.0,38646000.0
1013237,FDS,2022,38646000.0,WeightedAverageNumberOfDilutedSharesOutstanding,2020-08-31,10-K,2022-10-21,365,1.0,38646000.0
1013237,FDS,2023,38570000.0,WeightedAverageNumberOfDilutedSharesOutstanding,2021-08-31,10-K,2023-10-27,364,1.0,38570000.0
1013237,FDS,2024,38618000.0,WeightedAverageNumberOfDilutedSharesOutstanding,2024-08-31,10-K,2024-10-29,365,1.0,38618000.0
1013237,FDS,2025,38618000.0,WeightedAverageNumberOfDilutedSharesOutstanding,2024-08-31,10-K,2025-10-22,365,1.0,38618000.0
1013871,NRG,2014,234000000.0,WeightedAverageNumberOfDilutedSharesOutstanding,2012-12-31,10-K,2015-02-27,365,1.0,234000000.0
1013871,NRG,2015,323000000.0,WeightedAverageNumberOfDilutedSharesOutstanding,2013-12-31,10-K,2016-02-29,364,1.0,323000000.0
1013871,NRG,2016,316000000.0,WeightedAverageNumberOfDilutedSharesOutstanding,2016-12-31,10-K,2017-02-28,365,1.0,316000000.0
1013871,NRG,2017,317000000.0,WeightedAverageNumberOfDilutedSharesOutstanding,2016-09-30,10-K,2018-03-01,91,1.0,317000000.0
1013871,NRG,2018,316000000.0,WeightedAverageNumberOfDilutedSharesOutstanding,2016-12-31,10-K,2019-02-28,365,1.0,316000000.0
1013871,NRG,2019,317000000.0,WeightedAverageNumberOfDilutedSharesOutstanding,2017-12-31,10-K,2020-02-27,364,1.0,317000000.0
1013871,NRG,2020,246000000.0,WeightedAverageNumberOfDilutedSharesOutstanding,2020-12-31,10-K,2021-03-01,365,1.0,246000000.0
1013871,NRG,2021,246000000.0,WeightedAverageNumberOfDilutedSharesOutstanding,2020-12-31,10-K,2022-02-24,365,1.0,246000000.0
1013871,NRG,2022,246000000.0,WeightedAverageNumberOfDilutedSharesOutstanding,2020-12-31,10-K,2023-02-23,365,1.0,246000000.0
1013871,NRG,2023,245000000.0,WeightedAverageNumberOfDilutedSharesOutstanding,2021-12-31,10-K,2024-02-28,364,1.0,245000000.0
1013871,NRG,2024,212000000.0,WeightedAverageNumberOfDilutedSharesOutstanding,2024-12-31,10-K,2025-02-26,365,1.0,212000000.0
1013871,NRG,2025,212000000.0,WeightedAverageNumberOfDilutedSharesOutstanding,2024-12-31,10-K,2026-02-24,365,1.0,212000000.0
1014473,VRSN,2014,163909000.0,WeightedAverageNumberOfDilutedSharesOutstanding,2012-12-31,10-K,2015-02-13,365,1.0,163909000.0
1014473,VRSN,2015,155786000.0,WeightedAverageNumberOfDilutedSharesOutstanding,2013-12-31,10-K,2016-02-19,364,1.0,155786000.0
1014473,VRSN,2016,128833000.0,WeightedAverageNumberOfDilutedSharesOutstanding,2016-12-31,10-K,2017-02-17,365,1.0,128833000.0
1014473,VRSN,2017,128833000.0,WeightedAverageNumberOfDilutedSharesOutstanding,2016-12-31,10-K,2018-02-16,365,1.0,128833000.0
1014473,VRSN,2018,128833000.0,WeightedAverageNumberOfDilutedSharesOutstanding,2016-12-31,10-K,2019-02-15,365,1.0,128833000.0
1014473,VRSN,2019,124180000.0,WeightedAverageNumberOfDilutedSharesOutstanding,2017-12-31,10-K,2020-02-14,364,1.0,124180000.0
1014473,VRSN,2020,115298000.0,WeightedAverageNumberOfDilutedSharesOutstanding,2020-12-31,10-K,2021-02-19,365,1.0,115298000.0
1014473,VRSN,2021,115298000.0,WeightedAverageNumberOfDilutedSharesOutstanding,2020-12-31,10-K,2022-02-18,365,1.0,115298000.0
1014473,VRSN,2022,115300000.0,WeightedAverageNumberOfDilutedSharesOutstanding,2020-12-31,10-K,2023-02-17,365,1.0,115300000.0
1014473,VRSN,2023,112200000.0,WeightedAverageNumberOfDilutedSharesOutstanding,2021-12-31,10-K,2024-02-15,364,1.0,112200000.0
1014473,VRSN,2024,98200000.0,WeightedAverageNumberOfDilutedSharesOutstanding,2024-12-31,10-K,2025-02-13,365,1.0,98200000.0
1014473,VRSN,2025,98200000.0,WeightedAverageNumberOfDilutedSharesOutstanding,2024-12-31,10-K,2026-02-05,365,1.0,98200000.0
1018724,AMZN,2014,453000000.0,WeightedAverageNumberOfDilutedSharesOutstanding,2012-12-31,10-K,2015-01-30,365,20.0,9060000000.0
1018724,AMZN,2015,465000000.0,WeightedAverageNumberOfDilutedSharesOutstanding,2013-12-31,10-K,2016-01-29,364,20.0,9300000000.0
1018724,AMZN,2016,484000000.0,WeightedAverageNumberOfDilutedSharesOutstanding,2016-12-31,10-K,2017-02-10,365,20.0,9680000000.0
1018724,AMZN,2017,484000000.0,WeightedAverageNumberOfDilutedSharesOutstanding,2016-12-31,10-K,2018-02-02,365,20.0,9680000000.0
1018724,AMZN,2018,484000000.0,WeightedAverageNumberOfDilutedSharesOutstanding,2016-12-31,10-K,2019-02-01,365,20.0,9680000000.0
1018724,AMZN,2019,493000000.0,WeightedAverageNumberOfDilutedSharesOutstanding,2017-12-31,10-K,2020-01-31,364,20.0,9860000000.0
1018724,AMZN,2020,510000000.0,WeightedAverageNumberOfDilutedSharesOutstanding,2020-12-31,10-K,2021-02-03,365,20.0,10200000000.0
1018724,AMZN,2021,510000000.0,WeightedAverageNumberOfDilutedSharesOutstanding,2020-12-31,10-K,2022-02-04,365,20.0,10200000000.0
1018724,AMZN,2022,10198000000.0,WeightedAverageNumberOfDilutedSharesOutstanding,2020-12-31,10-K,2023-02-03,365,20.0,203960000000.0
1018724,AMZN,2023,10296000000.0,WeightedAverageNumberOfDilutedSharesOutstanding,2021-12-31,10-K,2024-02-02,364,20.0,205920000000.0
1018724,AMZN,2024,10721000000.0,WeightedAverageNumberOfDilutedSharesOutstanding,2024-12-31,10-K,2025-02-07,365,1.0,10721000000.0
1018724,AMZN,2025,10721000000.0,WeightedAverageNumberOfDilutedSharesOutstanding,2024-12-31,10-K,2026-02-06,365,1.0,10721000000.0
1020569,IRM,2014,174867000.0,WeightedAverageNumberOfDilutedSharesOutstanding,2012-12-31,10-K,2015-02-27,365,1.082,189206094.0
1020569,IRM,2015,192411881.0,WeightedAverageNumberOfDilutedSharesOutstanding,2013-12-31,10-K,2016-02-26,364,1.082,208189655.242
1020569,IRM,2016,247266998.0,WeightedAverageNumberOfDilutedSharesOutstanding,2016-12-31,10-K,2017-02-23,365,1.0,247266998.0
1020569,IRM,2017,247267000.0,WeightedAverageNumberOfDilutedSharesOutstanding,2016-12-31,10-K,2018-02-16,365,1.0,247267000.0
1020569,IRM,2018,247266998.0,WeightedAverageNumberOfDilutedSharesOutstanding,2016-12-31,10-K,2019-02-14,365,1.0,247266998.0
1020569,IRM,2019,266844584.0,WeightedAverageNumberOfDilutedSharesOutstanding,2017-12-31,10-K,2020-02-13,364,1.0,266844584.0
1020569,IRM,2020,288643190.0,WeightedAverageNumberOfDilutedSharesOutstanding,2020-12-31,10-K,2021-02-24,365,1.0,288643190.0
1020569,IRM,2021,288643190.0,WeightedAverageNumberOfDilutedSharesOutstanding,2020-12-31,10-K,2022-02-24,365,1.0,288643190.0
1020569,IRM,2022,288643190.0,WeightedAverageNumberOfDilutedSharesOutstanding,2020-12-31,10-K,2023-02-23,365,1.0,288643190.0
1020569,IRM,2023,290975090.0,WeightedAverageNumberOfDilutedSharesOutstanding,2021-12-31,10-K,2024-02-22,364,1.0,290975090.0
1020569,IRM,2024,296234000.0,WeightedAverageNumberOfDilutedSharesOutstanding,2024-12-31,10-K,2025-02-14,365,1.0,296234000.0
1020569,IRM,2025,296234000.0,WeightedAverageNumberOfDilutedSharesOutstanding,2024-12-31,10-K,2026-02-12,365,1.0,296234000.0
1022079,DGX,2014,160000000.0,WeightedAverageNumberOfDilutedSharesOutstanding,2012-12-31,10-K,2015-02-24,365,1.0,160000000.0
1022079,DGX,2015,153000000.0,WeightedAverageNumberOfDilutedSharesOutstanding,2013-12-31,10-K,2016-02-26,364,1.0,153000000.0
1022079,DGX,2016,142000000.0,WeightedAverageNumberOfDilutedSharesOutstanding,2016-12-31,10-K,2017-02-22,365,1.0,142000000.0
1022079,DGX,2017,142000000.0,WeightedAverageNumberOfDilutedSharesOutstanding,2016-12-31,10-K,2018-02-23,365,1.0,142000000.0
1022079,DGX,2018,142000000.0,WeightedAverageNumberOfDilutedSharesOutstanding,2016-12-31,10-K,2019-02-21,365,1.0,142000000.0
1022079,DGX,2019,140000000.0,WeightedAverageNumberOfDilutedSharesOutstanding,2017-12-31,10-K,2020-02-20,364,1.0,140000000.0
1022079,DGX,2020,136000000.0,WeightedAverageNumberOfDilutedSharesOutstanding,2020-12-31,10-K,2021-02-22,365,1.0,136000000.0
1022079,DGX,2021,136000000.0,WeightedAverageNumberOfDilutedSharesOutstanding,2020-12-31,10-K,2022-02-28,365,1.0,136000000.0
1022079,DGX,2022,136000000.0,WeightedAverageNumberOfDilutedSharesOutstanding,2020-12-31,10-K,2023-02-21,365,1.0,136000000.0
1022079,DGX,2023,128000000.0,WeightedAverageNumberOfDilutedSharesOutstanding,2021-12-31,10-K,2024-02-22,364,1.0,128000000.0
1022079,DGX,2024,113000000.0,WeightedAverageNumberOfDilutedSharesOutstanding,2024-12-31,10-K,2025-02-20,365,1.0,113000000.0
1022079,DGX,2025,113000000.0,WeightedAverageNumberOfDilutedSharesOutstanding,2024-12-31,10-K,2026-02-26,365,1.0,113000000.0
1022671,STLD,2014,236624000.0,WeightedAverageNumberOfDilutedSharesOutstanding,2012-12-31,10-K,2015-03-02,365,1.0,236624000.0
1022671,STLD,2015,238996000.0,WeightedAverageNumberOfDilutedSharesOutstanding,2013-12-31,10-K,2016-02-26,364,1.0,238996000.0
1022671,STLD,2016,245298000.0,WeightedAverageNumberOfDilutedSharesOutstanding,2016-12-31,10-K,2017-02-28,365,1.0,245298000.0
1022671,STLD,2017,245298000.0,WeightedAverageNumberOfDilutedSharesOutstanding,2016-12-31,10-K,2018-02-27,365,1.0,245298000.0
1022671,STLD,2018,245298000.0,WeightedAverageNumberOfDilutedSharesOutstanding,2016-12-31,10-K,2019-02-27,365,1.0,245298000.0
1022671,STLD,2019,241781000.0,WeightedAverageNumberOfDilutedSharesOutstanding,2017-12-31,10-K,2020-02-27,364,1.0,241781000.0
1022671,STLD,2020,212345000.0,WeightedAverageNumberOfDilutedSharesOutstanding,2020-12-31,10-K,2021-03-01,365,1.0,212345000.0
1022671,STLD,2021,212345000.0,WeightedAverageNumberOfDilutedSharesOutstanding,2020-12-31,10-K,2022-02-28,365,1.0,212345000.0
1022671,STLD,2022,212345000.0,WeightedAverageNumberOfDilutedSharesOutstanding,2020-12-31,10-K,2023-02-28,365,1.0,212345000.0
1022671,STLD,2023,206615000.0,WeightedAverageNumberOfDilutedSharesOutstanding,2021-12-31,10-K,2024-02-29,364,1.0,206615000.0
1022671,STLD,2024,156136000.0,WeightedAverageNumberOfDilutedSharesOutstanding,2024-12-31,10-K,2025-02-28,365,1.0,156136000.0
1022671,STLD,2025,156136000.0,WeightedAverageNumberOfDilutedSharesOutstanding,2024-12-31,10-K,2026-02-27,365,1.0,156136000.0
1024478,ROK,2014,143400000.0,WeightedAverageNumberOfDilutedSharesOutstanding,2012-09-30,10-K,2014-11-18,365,1.0,143400000.0
1024478,ROK,2015,140900000.0,WeightedAverageNumberOfDilutedSharesOutstanding,2013-09-30,10-K,2015-11-17,364,1.0,140900000.0
1024478,ROK,2016,131100000.0,WeightedAverageNumberOfDilutedSharesOutstanding,2016-09-30,10-K,2016-11-15,365,1.0,131100000.0
1024478,ROK,2017,131100000.0,WeightedAverageNumberOfDilutedSharesOutstanding,2016-09-30,10-K,2017-11-15,365,1.0,131100000.0
1024478,ROK,2018,131100000.0,WeightedAverageNumberOfDilutedSharesOutstanding,2016-09-30,10-K,2018-11-09,365,1.0,131100000.0
1024478,ROK,2019,129900000.0,WeightedAverageNumberOfDilutedSharesOutstanding,2017-09-30,10-K,2019-11-12,364,1.0,129900000.0
1024478,ROK,2020,116600000.0,WeightedAverageNumberOfDilutedSharesOutstanding,2020-09-30,10-K,2020-11-10,365,1.0,116600000.0
1024478,ROK,2021,116600000.0,WeightedAverageNumberOfDilutedSharesOutstanding,2020-09-30,10-K,2021-11-09,365,1.0,116600000.0
1024478,ROK,2022,116600000.0,WeightedAverageNumberOfDilutedSharesOutstanding,2020-09-30,10-K,2022-11-08,365,1.0,116600000.0
1024478,ROK,2023,117100000.0,WeightedAverageNumberOfDilutedSharesOutstanding,2021-09-30,10-K,2023-11-08,364,1.0,117100000.0
1024478,ROK,2024,114500000.0,WeightedAverageNumberOfDilutedSharesOutstanding,2024-09-30,10-K,2024-11-12,365,1.0,114500000.0
1024478,ROK,2025,114500000.0,WeightedAverageNumberOfDilutedSharesOutstanding,2024-09-30,10-K,2025-11-12,365,1.0,114500000.0
1031296,FE,2014,419000000.0,WeightedAverageNumberOfDilutedSharesOutstanding,2012-12-31,10-K,2015-02-17,365,1.0,419000000.0
1031296,FE,2015,419000000.0,WeightedAverageNumberOfDilutedSharesOutstanding,2013-12-31,10-K,2016-02-16,364,1.0,419000000.0
1031296,FE,2016,426000000.0,WeightedAverageNumberOfDilutedSharesOutstanding,2016-12-31,10-K,2017-02-21,365,1.0,426000000.0
1031296,FE,2017,426000000.0,WeightedAverageNumberOfDilutedSharesOutstanding,2016-12-31,10-K,2018-02-20,365,1.0,426000000.0
1031296,FE,2018,426000000.0,WeightedAverageNumberOfDilutedSharesOutstanding,2016-12-31,10-K,2019-02-19,365,1.0,426000000.0
1031296,FE,2019,444000000.0,WeightedAverageNumberOfDilutedSharesOutstanding,2017-12-31,10-K/A,2020-11-19,364,1.0,444000000.0
1031296,FE,2020,543000000.0,WeightedAverageNumberOfDilutedSharesOutstanding,2020-12-31,10-K,2021-02-18,365,1.0,543000000.0
1031296,FE,2021,543000000.0,WeightedAverageNumberOfDilutedSharesOutstanding,2020-12-31,10-K,2022-02-16,365,1.0,543000000.0
1031296,FE,2022,543000000.0,WeightedAverageNumberOfDilutedSharesOutstanding,2020-12-31,10-K,2023-02-13,365,1.0,543000000.0
1031296,FE,2023,546000000.0,WeightedAverageNumberOfDilutedSharesOutstanding,2021-12-31,10-K,2024-02-13,364,1.0,546000000.0
1031296,FE,2024,577000000.0,WeightedAverageNumberOfDilutedSharesOutstanding,2024-12-31,10-K,2025-02-27,365,1.0,577000000.0
1031296,FE,2025,577000000.0,WeightedAverageNumberOfDilutedSharesOutstanding,2024-12-31,10-K,2026-02-18,365,1.0,577000000.0
1032208,SRE,2014,246693000.0,WeightedAverageNumberOfDilutedSharesOutstanding,2012-12-31,10-K,2015-02-26,365,2.0,493386000.0
1032208,SRE,2015,249332000.0,WeightedAverageNumberOfDilutedSharesOutstanding,2013-12-31,10-K,2016-02-26,364,2.0,498664000.0
1032208,SRE,2016,251155000.0,WeightedAverageNumberOfDilutedSharesOutstanding,2016-12-31,10-K,2017-02-28,365,2.0,502310000.0
1032208,SRE,2017,251155000.0,WeightedAverageNumberOfDilutedSharesOutstanding,2016-12-31,10-K,2018-02-27,365,2.0,502310000.0
1032208,SRE,2018,251155000.0,WeightedAverageNumberOfDilutedSharesOutstanding,2016-12-31,10-K,2019-02-26,365,2.0,502310000.0
1032208,SRE,2019,252300000.0,WeightedAverageNumberOfDilutedSharesOutstanding,2017-12-31,10-K,2020-02-27,364,2.0,504600000.0
1032208,SRE,2020,292252000.0,WeightedAverageNumberOfDilutedSharesOutstanding,2020-12-31,10-K,2021-02-25,365,2.0,584504000.0
1032208,SRE,2021,292252000.0,WeightedAverageNumberOfDilutedSharesOutstanding,2020-12-31,10-K,2022-02-25,365,2.0,584504000.0
1032208,SRE,2022,292252000.0,WeightedAverageNumberOfDilutedSharesOutstanding,2020-12-31,10-K,2023-02-28,365,2.0,584504000.0
1032208,SRE,2023,626073000.0,WeightedAverageNumberOfDilutedSharesOutstanding,2021-12-31,10-K,2024-02-27,364,2.0,1252146000.0
1032208,SRE,2024,637943000.0,WeightedAverageNumberOfDilutedSharesOutstanding,2024-12-31,10-K,2025-02-25,365,1.0,637943000.0
1032208,SRE,2025,637943000.0,WeightedAverageNumberOfDilutedSharesOutstanding,2024-12-31,10-K,2026-02-26,365,1.0,637943000.0
1034054,SBAC,2016,125144000.0,WeightedAverageNumberOfDilutedSharesOutstanding,2016-12-31,10-K,2017-03-01,365,1.0,125144000.0
1034054,SBAC,2017,125144000.0,WeightedAverageNumberOfDilutedSharesOutstanding,2016-12-31,10-K,2018-03-01,365,1.0,125144000.0
1034054,SBAC,2018,125144000.0,WeightedAverageNumberOfDilutedSharesOutstanding,2016-12-31,10-K,2019-02-28,365,1.0,125144000.0
1034054,SBAC,2019,121022000.0,WeightedAverageNumberOfDilutedSharesOutstanding,2017-12-31,10-K,2020-02-24,364,1.0,121022000.0
1034054,SBAC,2020,113465000.0,WeightedAverageNumberOfDilutedSharesOutstanding,2020-12-31,10-K,2021-02-25,365,1.0,113465000.0
1034054,SBAC,2021,113465000.0,WeightedAverageNumberOfDilutedSharesOutstanding,2020-12-31,10-K,2022-03-01,365,1.0,113465000.0
1034054,SBAC,2022,113465000.0,WeightedAverageNumberOfDilutedSharesOutstanding,2020-12-31,10-K,2023-03-01,365,1.0,113465000.0
1034054,SBAC,2023,111177000.0,WeightedAverageNumberOfDilutedSharesOutstanding,2021-12-31,10-K,2024-02-28,364,1.0,111177000.0
1034054,SBAC,2024,108080000.0,WeightedAverageNumberOfDilutedSharesOutstanding,2024-12-31,10-K,2025-02-26,365,1.0,108080000.0
1034054,SBAC,2025,108080000.0,WeightedAverageNumberOfDilutedSharesOutstanding,2024-12-31,10-K,2026-02-27,365,1.0,108080000.0
1035002,VLO,2014,556000000.0,WeightedAverageNumberOfDilutedSharesOutstanding,2012-12-31,10-K,2015-02-26,365,1.094,608264000.0
1035002,VLO,2015,548000000.0,WeightedAverageNumberOfDilutedSharesOutstanding,2013-12-31,10-K,2016-02-25,364,1.0,548000000.0
1035002,VLO,2016,464000000.0,WeightedAverageNumberOfDilutedSharesOutstanding,2016-12-31,10-K,2017-02-23,365,1.0,464000000.0
1035002,VLO,2017,464000000.0,WeightedAverageNumberOfDilutedSharesOutstanding,2016-12-31,10-K,2018-02-28,365,1.0,464000000.0
1035002,VLO,2018,464000000.0,WeightedAverageNumberOfDilutedSharesOutstanding,2016-12-31,10-K,2019-02-28,365,1.0,464000000.0
1035002,VLO,2019,444000000.0,WeightedAverageNumberOfDilutedSharesOutstanding,2017-12-31,10-K,2020-02-26,364,1.0,444000000.0
1035002,VLO,2020,407000000.0,WeightedAverageNumberOfDilutedSharesOutstanding,2020-12-31,10-K,2021-02-23,365,1.0,407000000.0
1035002,VLO,2021,407000000.0,WeightedAverageNumberOfDilutedSharesOutstanding,2020-12-31,10-K,2022-02-22,365,1.0,407000000.0
1035002,VLO,2022,407000000.0,WeightedAverageNumberOfDilutedSharesOutstanding,2020-12-31,10-K,2023-02-23,365,1.0,407000000.0
1035002,VLO,2023,407000000.0,WeightedAverageNumberOfDilutedSharesOutstanding,2021-12-31,10-K,2024-02-22,364,1.0,407000000.0
1035002,VLO,2024,322000000.0,WeightedAverageNumberOfDilutedSharesOutstanding,2024-12-31,10-K,2025-02-26,365,1.0,322000000.0
1035002,VLO,2025,322000000.0,WeightedAverageNumberOfDilutedSharesOutstanding,2024-12-31,10-K,2026-02-25,365,1.0,322000000.0
1035267,ISRG,2014,41100000.0,WeightedAverageNumberOfDilutedSharesOutstanding,2012-12-31,10-K,2015-02-06,365,9.0,369900000.0
1035267,ISRG,2015,40100000.0,WeightedAverageNumberOfDilutedSharesOutstanding,2013-12-31,10-K,2016-02-02,364,9.0,360900000.0
1035267,ISRG,2016,39300000.0,WeightedAverageNumberOfDilutedSharesOutstanding,2016-12-31,10-K,2017-02-06,365,9.0,353700000.0
1035267,ISRG,2017,117900000.0,WeightedAverageNumberOfDilutedSharesOutstanding,2016-12-31,10-K,2018-02-02,365,9.0,1061100000.0
1035267,ISRG,2018,117900000.0,WeightedAverageNumberOfDilutedSharesOutstanding,2016-12-31,10-K,2019-02-04,365,9.0,1061100000.0
1035267,ISRG,2019,116300000.0,WeightedAverageNumberOfDilutedSharesOutstanding,2017-12-31,10-K,2020-02-07,364,3.0,348900000.0
1035267,ISRG,2020,120300000.0,WeightedAverageNumberOfDilutedSharesOutstanding,2020-12-31,10-K,2021-02-10,365,3.0,360900000.0
1035267,ISRG,2021,361000000.0,WeightedAverageNumberOfDilutedSharesOutstanding,2020-12-31,10-K,2022-02-03,365,3.0,1083000000.0
1035267,ISRG,2022,361000000.0,WeightedAverageNumberOfDilutedSharesOutstanding,2020-12-31,10-K,2023-02-10,365,3.0,1083000000.0
1035267,ISRG,2023,365800000.0,WeightedAverageNumberOfDilutedSharesOutstanding,2021-12-31,10-K,2024-01-31,364,1.0,365800000.0
1035267,ISRG,2024,362000000.0,WeightedAverageNumberOfDilutedSharesOutstanding,2024-12-31,10-K,2025-01-31,365,1.0,362000000.0
1035267,ISRG,2025,362000000.0,WeightedAverageNumberOfDilutedSharesOutstanding,2024-12-31,10-K,2026-02-03,365,1.0,362000000.0
1035443,ARE,2017,76103000.0,WeightedAverageNumberOfDilutedSharesOutstanding,2016-12-31,10-K,2018-01-30,365,1.0,76103000.0
1035443,ARE,2018,76103000.0,WeightedAverageNumberOfDilutedSharesOutstanding,2016-12-31,10-K,2019-02-05,365,1.0,76103000.0
1035443,ARE,2019,92063000.0,WeightedAverageNumberOfDilutedSharesOutstanding,2017-12-31,10-K,2020-02-04,364,1.0,92063000.0
1035443,ARE,2020,126490000.0,WeightedAverageNumberOfDilutedSharesOutstanding,2020-12-31,10-K,2021-02-01,365,1.0,126490000.0
1035443,ARE,2021,126490000.0,WeightedAverageNumberOfDilutedSharesOutstanding,2020-12-31,10-K,2022-01-31,365,1.0,126490000.0
1035443,ARE,2022,126490000.0,WeightedAverageNumberOfDilutedSharesOutstanding,2020-12-31,10-K,2023-01-30,365,1.0,126490000.0
1035443,ARE,2023,147460000.0,WeightedAverageNumberOfDilutedSharesOutstanding,2021-12-31,10-K,2024-01-29,364,1.0,147460000.0
1035443,ARE,2024,172071000.0,WeightedAverageNumberOfDilutedSharesOutstanding,2024-12-31,10-K,2025-01-27,365,1.0,172071000.0
1035443,ARE,2025,172071000.0,WeightedAverageNumberOfDilutedSharesOutstanding,2024-12-31,10-K,2026-01-26,365,1.0,172071000.0
1035983,FIX,2014,37259000.0,WeightedAverageNumberOfDilutedSharesOutstanding,2012-12-31,10-K,2015-02-26,365,1.0,37259000.0
1035983,FIX,2015,37536000.0,WeightedAverageNumberOfDilutedSharesOutstanding,2013-12-31,10-K,2016-02-23,364,1.0,37536000.0
1035983,FIX,2016,37811000.0,WeightedAverageNumberOfDilutedSharesOutstanding,2016-12-31,10-K,2017-02-23,365,1.0,37811000.0
1035983,FIX,2017,37811000.0,WeightedAverageNumberOfDilutedSharesOutstanding,2016-12-31,10-K,2018-02-22,365,1.0,37811000.0
1035983,FIX,2018,37811000.0,WeightedAverageNumberOfDilutedSharesOutstanding,2016-12-31,10-K,2019-02-21,365,1.0,37811000.0
1035983,FIX,2019,37672000.0,WeightedAverageNumberOfDilutedSharesOutstanding,2017-12-31,10-K,2020-02-26,364,1.0,37672000.0
1035983,FIX,2020,36738000.0,WeightedAverageNumberOfDilutedSharesOutstanding,2020-12-31,10-K,2021-02-25,365,1.0,36738000.0
1035983,FIX,2021,36738000.0,WeightedAverageNumberOfDilutedSharesOutstanding,2020-12-31,10-K,2022-02-23,365,1.0,36738000.0
1035983,FIX,2022,36738000.0,WeightedAverageNumberOfDilutedSharesOutstanding,2020-12-31,10-K,2023-02-22,365,1.0,36738000.0
1035983,FIX,2023,36450000.0,WeightedAverageNumberOfDilutedSharesOutstanding,2021-12-31,10-K,2024-02-22,364,1.0,36450000.0
1035983,FIX,2024,35775000.0,WeightedAverageNumberOfDilutedSharesOutstanding,2024-12-31,10-K,2025-02-20,365,1.0,35775000.0
1035983,FIX,2025,35775000.0,WeightedAverageNumberOfDilutedSharesOutstanding,2024-12-31,10-K,2026-02-19,365,1.0,35775000.0
1037038,RL,2015,93700000.0,WeightedAverageNumberOfDilutedSharesOutstanding,2013-03-30,10-K,2015-05-15,363,1.0,93700000.0
1037038,RL,2016,85900000.0,WeightedAverageNumberOfDilutedSharesOutstanding,2016-04-02,10-K,2016-05-19,370,1.0,85900000.0
1037038,RL,2017,85900000.0,WeightedAverageNumberOfDilutedSharesOutstanding,2016-04-02,10-K,2017-05-18,370,1.0,85900000.0
1037038,RL,2018,85900000.0,WeightedAverageNumberOfDilutedSharesOutstanding,2016-04-02,10-K,2018-05-23,370,1.0,85900000.0
1037038,RL,2019,82700000.0,WeightedAverageNumberOfDilutedSharesOutstanding,2017-04-01,10-K,2019-05-16,363,1.0,82700000.0
1037038,RL,2020,82500000.0,WeightedAverageNumberOfDilutedSharesOutstanding,2018-03-31,10-K,2020-05-27,363,1.0,82500000.0
1037038,RL,2021,81700000.0,WeightedAverageNumberOfDilutedSharesOutstanding,2019-03-30,10-K,2021-05-20,363,1.0,81700000.0
1037038,RL,2022,74300000.0,WeightedAverageNumberOfDilutedSharesOutstanding,2022-04-02,10-K,2022-05-24,370,1.0,74300000.0
1037038,RL,2023,74300000.0,WeightedAverageNumberOfDilutedSharesOutstanding,2022-04-02,10-K,2023-05-25,370,1.0,74300000.0
1037038,RL,2024,74300000.0,WeightedAverageNumberOfDilutedSharesOutstanding,2022-04-02,10-K,2024-05-23,370,1.0,74300000.0
1037038,RL,2025,69000000.0,WeightedAverageNumberOfDilutedSharesOutstanding,2023-04-01,10-K,2025-05-22,363,1.0,69000000.0
1037038,RL,2026,66500000.0,WeightedAverageNumberOfDilutedSharesOutstanding,2024-03-30,10-K,2026-05-21,363,1.0,66500000.0
1037540,BXP,2014,150711000.0,WeightedAverageNumberOfDilutedSharesOutstanding,2012-12-31,10-K,2015-03-02,365,1.0,150711000.0
1037540,BXP,2015,152521000.0,WeightedAverageNumberOfDilutedSharesOutstanding,2013-12-31,10-K,2016-02-29,364,1.0,152521000.0
1037540,BXP,2016,153977000.0,WeightedAverageNumberOfDilutedSharesOutstanding,2016-12-31,10-K,2017-02-28,365,1.0,153977000.0
1037540,BXP,2017,153977000.0,WeightedAverageNumberOfDilutedSharesOutstanding,2016-12-31,10-K,2018-02-28,365,1.0,153977000.0
1037540,BXP,2018,153977000.0,WeightedAverageNumberOfDilutedSharesOutstanding,2016-12-31,10-K,2019-02-28,365,1.0,153977000.0
1037540,BXP,2019,154390000.0,WeightedAverageNumberOfDilutedSharesOutstanding,2017-12-31,10-K,2020-03-02,364,1.0,154390000.0
1037540,BXP,2020,155517000.0,WeightedAverageNumberOfDilutedSharesOutstanding,2020-12-31,10-K,2021-02-26,365,1.0,155517000.0
1037540,BXP,2021,155517000.0,WeightedAverageNumberOfDilutedSharesOutstanding,2020-12-31,10-K,2022-02-25,365,1.0,155517000.0
1037540,BXP,2022,155517000.0,WeightedAverageNumberOfDilutedSharesOutstanding,2020-12-31,10-K,2023-02-27,365,1.0,155517000.0
1037540,BXP,2023,156376000.0,WeightedAverageNumberOfDilutedSharesOutstanding,2021-12-31,10-K,2024-02-27,364,1.0,156376000.0
1037540,BXP,2024,157793000.0,WeightedAverageNumberOfDilutedSharesOutstanding,2024-12-31,10-K,2025-02-27,365,1.0,157793000.0
1037540,BXP,2025,157793000.0,WeightedAverageNumberOfDilutedSharesOutstanding,2024-12-31,10-K,2026-02-27,365,1.0,157793000.0
1037646,MTD,2019,26393783.0,WeightedAverageNumberOfDilutedSharesOutstanding,2017-12-31,10-K,2020-02-07,364,1.0,26393783.0
1037646,MTD,2020,24199230.0,WeightedAverageNumberOfDilutedSharesOutstanding,2020-12-31,10-K,2021-02-08,365,1.0,24199230.0
1037646,MTD,2021,24199230.0,WeightedAverageNumberOfDilutedSharesOutstanding,2020-12-31,10-K,2022-02-11,365,1.0,24199230.0
1037646,MTD,2022,24199230.0,WeightedAverageNumberOfDilutedSharesOutstanding,2020-12-31,10-K,2023-02-10,365,1.0,24199230.0
1037646,MTD,2023,23457630.0,WeightedAverageNumberOfDilutedSharesOutstanding,2021-12-31,10-K,2024-02-09,364,1.0,23457630.0
1037646,MTD,2024,21320641.0,WeightedAverageNumberOfDilutedSharesOutstanding,2024-12-31,10-K,2025-02-07,365,1.0,21320641.0
1037646,MTD,2025,21320641.0,WeightedAverageNumberOfDilutedSharesOutstanding,2024-12-31,10-K,2026-02-06,365,1.0,21320641.0
1037868,AME,2014,243986000.0,WeightedAverageNumberOfDilutedSharesOutstanding,2012-12-31,10-K,2015-02-24,365,1.0,243986000.0
1037868,AME,2015,246065000.0,WeightedAverageNumberOfDilutedSharesOutstanding,2013-12-31,10-K,2016-02-25,364,1.0,246065000.0
1037868,AME,2016,233730000.0,WeightedAverageNumberOfDilutedSharesOutstanding,2016-12-31,10-K,2017-02-23,365,1.0,233730000.0
1037868,AME,2017,233730000.0,WeightedAverageNumberOfDilutedSharesOutstanding,2016-12-31,10-K,2018-02-22,365,1.0,233730000.0
1037868,AME,2018,233730000.0,WeightedAverageNumberOfDilutedSharesOutstanding,2016-12-31,10-K,2019-02-21,365,1.0,233730000.0
1037868,AME,2019,231845000.0,WeightedAverageNumberOfDilutedSharesOutstanding,2017-12-31,10-K,2020-02-20,364,1.0,231845000.0
1037868,AME,2020,231150000.0,WeightedAverageNumberOfDilutedSharesOutstanding,2020-12-31,10-K,2021-02-18,365,1.0,231150000.0
1037868,AME,2021,231150000.0,WeightedAverageNumberOfDilutedSharesOutstanding,2020-12-31,10-K,2022-02-22,365,1.0,231150000.0
1037868,AME,2022,231150000.0,WeightedAverageNumberOfDilutedSharesOutstanding,2020-12-31,10-K,2023-02-21,365,1.0,231150000.0
1037868,AME,2023,232813000.0,WeightedAverageNumberOfDilutedSharesOutstanding,2021-12-31,10-K,2024-02-22,364,1.0,232813000.0
1037868,AME,2024,232168000.0,WeightedAverageNumberOfDilutedSharesOutstanding,2024-12-31,10-K,2025-02-20,365,1.0,232168000.0
1037868,AME,2025,232168000.0,WeightedAverageNumberOfDilutedSharesOutstanding,2024-12-31,10-K,2026-02-17,365,1.0,232168000.0
1039684,OKE,2014,210710000.0,WeightedAverageNumberOfDilutedSharesOutstanding,2012-12-31,10-K,2015-02-25,365,1.1422,240672962.00000003
1039684,OKE,2015,209695000.0,WeightedAverageNumberOfDilutedSharesOutstanding,2013-12-31,10-K,2016-02-23,364,1.1422,239513629.00000003
1039684,OKE,2016,212383000.0,WeightedAverageNumberOfDilutedSharesOutstanding,2016-12-31,10-K,2017-02-28,365,1.0,212383000.0
1039684,OKE,2017,212383000.0,WeightedAverageNumberOfDilutedSharesOutstanding,2016-12-31,10-K,2018-02-27,365,1.0,212383000.0
1039684,OKE,2018,212383000.0,WeightedAverageNumberOfDilutedSharesOutstanding,2016-12-31,10-K,2019-02-26,365,1.0,212383000.0
1039684,OKE,2019,299780000.0,WeightedAverageNumberOfDilutedSharesOutstanding,2017-12-31,10-K,2020-02-25,364,1.0,299780000.0
1039684,OKE,2020,431782000.0,WeightedAverageNumberOfDilutedSharesOutstanding,2020-12-31,10-K,2021-02-23,365,1.0,431782000.0
1039684,OKE,2021,431782000.0,WeightedAverageNumberOfDilutedSharesOutstanding,2020-12-31,10-K,2022-03-01,365,1.0,431782000.0
1039684,OKE,2022,431782000.0,WeightedAverageNumberOfDilutedSharesOutstanding,2020-12-31,10-K,2023-02-28,365,1.0,431782000.0
1039684,OKE,2023,447400000.0,WeightedAverageNumberOfDilutedSharesOutstanding,2021-12-31,10-K,2024-02-27,364,1.0,447400000.0
1039684,OKE,2024,586500000.0,WeightedAverageNumberOfDilutedSharesOutstanding,2024-12-31,10-K,2025-02-25,365,1.0,586500000.0
1039684,OKE,2025,586500000.0,WeightedAverageNumberOfDilutedSharesOutstanding,2024-12-31,10-K,2026-02-24,365,1.0,586500000.0
1041061,YUM,2014,473000000.0,WeightedAverageNumberOfDilutedSharesOutstanding,2012-12-29,10-K,2015-02-17,363,1.391,657943000.0
1041061,YUM,2015,461000000.0,WeightedAverageNumberOfDilutedSharesOutstanding,2013-12-28,10-K,2016-02-16,363,1.391,641251000.0
1041061,YUM,2016,400000000.0,WeightedAverageNumberOfDilutedSharesOutstanding,2016-12-31,10-K,2017-02-22,370,1.0,400000000.0
1041061,YUM,2017,400000000.0,WeightedAverageNumberOfDilutedSharesOutstanding,2016-12-31,10-K,2018-02-22,365,1.0,400000000.0
1041061,YUM,2018,400000000.0,WeightedAverageNumberOfDilutedSharesOutstanding,2016-12-31,10-K,2019-02-21,365,1.0,400000000.0
1041061,YUM,2019,355000000.0,WeightedAverageNumberOfDilutedSharesOutstanding,2017-12-31,10-K,2020-02-20,364,1.0,355000000.0
1041061,YUM,2020,307000000.0,WeightedAverageNumberOfDilutedSharesOutstanding,2020-12-31,10-K,2021-02-22,365,1.0,307000000.0
1041061,YUM,2021,307000000.0,WeightedAverageNumberOfDilutedSharesOutstanding,2020-12-31,10-K,2022-02-23,365,1.0,307000000.0
1041061,YUM,2022,307000000.0,WeightedAverageNumberOfDilutedSharesOutstanding,2020-12-31,10-K,2023-02-27,365,1.0,307000000.0
1041061,YUM,2023,302000000.0,WeightedAverageNumberOfDilutedSharesOutstanding,2021-12-31,10-K,2024-02-20,364,1.0,302000000.0
1041061,YUM,2024,285000000.0,WeightedAverageNumberOfDilutedSharesOutstanding,2024-12-31,10-K,2025-02-19,365,1.0,285000000.0
1041061,YUM,2025,285000000.0,WeightedAverageNumberOfDilutedSharesOutstanding,2024-12-31,10-K,2026-02-20,365,1.0,285000000.0
1043277,CHRW,2014,161946000.0,WeightedAverageNumberOfDilutedSharesOutstanding,2012-12-31,10-K,2015-03-02,365,1.0,161946000.0
1043277,CHRW,2015,157080000.0,WeightedAverageNumberOfDilutedSharesOutstanding,2013-12-31,10-K,2016-02-29,364,1.0,157080000.0
1043277,CHRW,2016,142991000.0,WeightedAverageNumberOfDilutedSharesOutstanding,2016-12-31,10-K,2017-03-01,365,1.0,142991000.0
1043277,CHRW,2017,142991000.0,WeightedAverageNumberOfDilutedSharesOutstanding,2016-12-31,10-K,2018-02-28,365,1.0,142991000.0
1043277,CHRW,2018,142991000.0,WeightedAverageNumberOfDilutedSharesOutstanding,2016-12-31,10-K,2019-02-25,365,1.0,142991000.0
1043277,CHRW,2019,141382000.0,WeightedAverageNumberOfDilutedSharesOutstanding,2017-12-31,10-K,2020-02-19,364,1.0,141382000.0
1043277,CHRW,2020,136173000.0,WeightedAverageNumberOfDilutedSharesOutstanding,2020-12-31,10-K,2021-02-19,365,1.0,136173000.0
1043277,CHRW,2021,136173000.0,WeightedAverageNumberOfDilutedSharesOutstanding,2020-12-31,10-K,2022-02-23,365,1.0,136173000.0
1043277,CHRW,2022,136173000.0,WeightedAverageNumberOfDilutedSharesOutstanding,2020-12-31,10-K,2023-02-17,365,1.0,136173000.0
1043277,CHRW,2023,133834000.0,WeightedAverageNumberOfDilutedSharesOutstanding,2021-12-31,10-K,2024-02-16,364,1.0,133834000.0
1043277,CHRW,2024,120679000.0,WeightedAverageNumberOfDilutedSharesOutstanding,2024-12-31,10-K,2025-02-14,365,1.0,120679000.0
1043277,CHRW,2025,120679000.0,WeightedAverageNumberOfDilutedSharesOutstanding,2024-12-31,10-K,2026-02-13,365,1.0,120679000.0
1045609,PLD,2014,461848000.0,WeightedAverageNumberOfDilutedSharesOutstanding,2012-12-31,10-K,2015-02-25,365,1.0,461848000.0
1045609,PLD,2015,491546000.0,WeightedAverageNumberOfDilutedSharesOutstanding,2013-12-31,10-K,2016-02-19,364,1.0,491546000.0
1045609,PLD,2016,546666000.0,WeightedAverageNumberOfDilutedSharesOutstanding,2016-12-31,10-K,2017-02-15,365,1.0,546666000.0
1045609,PLD,2017,546666000.0,WeightedAverageNumberOfDilutedSharesOutstanding,2016-12-31,10-K,2018-02-15,365,1.0,546666000.0
1045609,PLD,2018,546666000.0,WeightedAverageNumberOfDilutedSharesOutstanding,2016-12-31,10-K,2019-02-13,365,1.0,546666000.0
1045609,PLD,2019,552300000.0,WeightedAverageNumberOfDilutedSharesOutstanding,2017-12-31,10-K,2020-02-11,364,1.0,552300000.0
1045609,PLD,2020,754414000.0,WeightedAverageNumberOfDilutedSharesOutstanding,2020-12-31,10-K,2021-02-11,365,1.0,754414000.0
1045609,PLD,2021,754414000.0,WeightedAverageNumberOfDilutedSharesOutstanding,2020-12-31,10-K,2022-02-09,365,1.0,754414000.0
1045609,PLD,2022,754414000.0,WeightedAverageNumberOfDilutedSharesOutstanding,2020-12-31,10-K,2023-02-14,365,1.0,754414000.0
1045609,PLD,2023,764762000.0,WeightedAverageNumberOfDilutedSharesOutstanding,2021-12-31,10-K,2024-02-13,364,1.0,764762000.0
1045609,PLD,2024,953590000.0,WeightedAverageNumberOfDilutedSharesOutstanding,2024-12-31,10-K,2025-02-14,365,1.0,953590000.0
1045609,PLD,2025,953590000.0,WeightedAverageNumberOfDilutedSharesOutstanding,2024-12-31,10-K,2026-02-13,365,1.0,953590000.0
1045810,NVDA,2015,624957000.0,WeightedAverageNumberOfDilutedSharesOutstanding,2013-01-27,10-K,2015-03-12,363,40.0,24998280000.0
1045810,NVDA,2016,569000000.0,WeightedAverageNumberOfDilutedSharesOutstanding,2016-01-31,10-K,2016-03-17,370,40.0,22760000000.0
1045810,NVDA,2017,569000000.0,WeightedAverageNumberOfDilutedSharesOutstanding,2016-01-31,10-K,2017-03-01,370,40.0,22760000000.0
1045810,NVDA,2018,569000000.0,WeightedAverageNumberOfDilutedSharesOutstanding,2016-01-31,10-K,2018-02-28,370,40.0,22760000000.0
1045810,NVDA,2019,649000000.0,WeightedAverageNumberOfDilutedSharesOutstanding,2017-01-29,10-K,2019-02-21,363,40.0,25960000000.0
1045810,NVDA,2020,632000000.0,WeightedAverageNumberOfDilutedSharesOutstanding,2018-01-28,10-K,2020-02-20,363,40.0,25280000000.0
1045810,NVDA,2021,628000000.0,WeightedAverageNumberOfDilutedSharesOutstanding,2021-01-31,10-K,2021-02-26,370,40.0,25120000000.0
1045810,NVDA,2022,2510000000.0,WeightedAverageNumberOfDilutedSharesOutstanding,2021-01-31,10-K,2022-03-18,370,40.0,100400000000.0
1045810,NVDA,2023,2510000000.0,WeightedAverageNumberOfDilutedSharesOutstanding,2021-01-31,10-K,2023-02-24,370,40.0,100400000000.0
1045810,NVDA,2024,2535000000.0,WeightedAverageNumberOfDilutedSharesOutstanding,2022-01-30,10-K,2024-02-21,363,10.0,25350000000.0
1045810,NVDA,2025,25070000000.0,WeightedAverageNumberOfDilutedSharesOutstanding,2023-01-29,10-K,2025-02-26,363,10.0,250700000000.0
1045810,NVDA,2026,24940000000.0,WeightedAverageNumberOfDilutedSharesOutstanding,2024-01-28,10-K,2026-02-25,363,10.0,249400000000.0
1047862,ED,2014,294500000.0,WeightedAverageNumberOfDilutedSharesOutstanding,2012-12-31,10-K,2015-02-19,365,1.0,294500000.0
1047862,ED,2015,294400000.0,WeightedAverageNumberOfDilutedSharesOutstanding,2013-12-31,10-K,2016-02-18,364,1.0,294400000.0
1047862,ED,2016,301900000.0,WeightedAverageNumberOfDilutedSharesOutstanding,2016-12-31,10-K,2017-02-16,365,1.0,301900000.0
1047862,ED,2017,301900000.0,WeightedAverageNumberOfDilutedSharesOutstanding,2016-12-31,10-K,2018-02-15,365,1.0,301900000.0
1047862,ED,2018,301900000.0,WeightedAverageNumberOfDilutedSharesOutstanding,2016-12-31,10-K,2019-02-21,365,1.0,301900000.0
1047862,ED,2019,308800000.0,WeightedAverageNumberOfDilutedSharesOutstanding,2017-12-31,10-K,2020-02-20,364,1.0,308800000.0
1047862,ED,2020,335700000.0,WeightedAverageNumberOfDilutedSharesOutstanding,2020-12-31,10-K,2021-02-18,365,1.0,335700000.0
1047862,ED,2021,335700000.0,WeightedAverageNumberOfDilutedSharesOutstanding,2020-12-31,10-K,2022-02-17,365,1.0,335700000.0
1047862,ED,2022,335700000.0,WeightedAverageNumberOfDilutedSharesOutstanding,2020-12-31,10-K,2023-02-16,365,1.0,335700000.0
1047862,ED,2023,349400000.0,WeightedAverageNumberOfDilutedSharesOutstanding,2021-12-31,10-K,2024-02-15,364,1.0,349400000.0
1047862,ED,2024,347300000.0,WeightedAverageNumberOfDilutedSharesOutstanding,2024-12-31,10-K,2025-02-20,365,1.0,347300000.0
1047862,ED,2025,347300000.0,WeightedAverageNumberOfDilutedSharesOutstanding,2024-12-31,10-K,2026-02-19,365,1.0,347300000.0
1048286,MAR,2014,313000000.0,WeightedAverageNumberOfDilutedSharesOutstanding,2013-12-31,10-K,2015-02-19,367,1.0,313000000.0
1048286,MAR,2015,313000000.0,WeightedAverageNumberOfDilutedSharesOutstanding,2013-12-31,10-K,2016-02-18,367,1.0,313000000.0
1048286,MAR,2016,295700000.0,WeightedAverageNumberOfDilutedSharesOutstanding,2016-12-31,10-K,2017-02-21,365,1.0,295700000.0
1048286,MAR,2017,295700000.0,WeightedAverageNumberOfDilutedSharesOutstanding,2016-12-31,10-K,2018-02-15,365,1.0,295700000.0
1048286,MAR,2018,295700000.0,WeightedAverageNumberOfDilutedSharesOutstanding,2016-12-31,10-K,2019-03-01,365,1.0,295700000.0
1048286,MAR,2019,379900000.0,WeightedAverageNumberOfDilutedSharesOutstanding,2017-12-31,10-K,2020-02-27,364,1.0,379900000.0
1048286,MAR,2020,325800000.0,WeightedAverageNumberOfDilutedSharesOutstanding,2020-12-31,10-K,2021-02-18,365,1.0,325800000.0
1048286,MAR,2021,325800000.0,WeightedAverageNumberOfDilutedSharesOutstanding,2020-12-31,10-K,2022-02-15,365,1.0,325800000.0
1048286,MAR,2022,325800000.0,WeightedAverageNumberOfDilutedSharesOutstanding,2020-12-31,10-K,2023-02-14,365,1.0,325800000.0
1048286,MAR,2023,329300000.0,WeightedAverageNumberOfDilutedSharesOutstanding,2021-12-31,10-K,2024-02-13,364,1.0,329300000.0
1048286,MAR,2024,285200000.0,WeightedAverageNumberOfDilutedSharesOutstanding,2024-12-31,10-K,2025-02-11,365,1.0,285200000.0
1048286,MAR,2025,285200000.0,WeightedAverageNumberOfDilutedSharesOutstanding,2024-12-31,10-K,2026-02-10,365,1.0,285200000.0
1048695,FFIV,2014,79780000.0,WeightedAverageNumberOfDilutedSharesOutstanding,2012-09-30,10-K,2014-11-26,365,1.0,79780000.0
1048695,FFIV,2015,79136000.0,WeightedAverageNumberOfDilutedSharesOutstanding,2013-09-30,10-K,2015-11-06,364,1.0,79136000.0
1048695,FFIV,2016,67984000.0,WeightedAverageNumberOfDilutedSharesOutstanding,2016-09-30,10-K,2016-11-04,365,1.0,67984000.0
1048695,FFIV,2017,67984000.0,WeightedAverageNumberOfDilutedSharesOutstanding,2016-09-30,10-K,2017-11-03,365,1.0,67984000.0
1048695,FFIV,2018,67984000.0,WeightedAverageNumberOfDilutedSharesOutstanding,2016-09-30,10-K,2018-11-21,365,1.0,67984000.0
1048695,FFIV,2019,64775000.0,WeightedAverageNumberOfDilutedSharesOutstanding,2017-09-30,10-K,2019-11-15,364,1.0,64775000.0
1048695,FFIV,2020,61378000.0,WeightedAverageNumberOfDilutedSharesOutstanding,2020-09-30,10-K,2020-11-19,365,1.0,61378000.0
1048695,FFIV,2021,61378000.0,WeightedAverageNumberOfDilutedSharesOutstanding,2020-09-30,10-K,2021-11-16,365,1.0,61378000.0
1048695,FFIV,2022,61378000.0,WeightedAverageNumberOfDilutedSharesOutstanding,2020-09-30,10-K,2022-11-15,365,1.0,61378000.0
1048695,FFIV,2023,62057000.0,WeightedAverageNumberOfDilutedSharesOutstanding,2021-09-30,10-K,2023-11-14,364,1.0,62057000.0
1048695,FFIV,2024,59359000.0,WeightedAverageNumberOfDilutedSharesOutstanding,2024-09-30,10-K,2024-11-18,365,1.0,59359000.0
1048695,FFIV,2025,59359000.0,WeightedAverageNumberOfDilutedSharesOutstanding,2024-09-30,10-K,2025-11-25,365,1.0,59359000.0
1048911,FDX,2014,317000000.0,WeightedAverageNumberOfDilutedSharesOutstanding,2012-05-31,10-K,2014-07-14,365,1.241,393397000.00000006
1048911,FDX,2015,317000000.0,WeightedAverageNumberOfDilutedSharesOutstanding,2013-05-31,10-K,2015-07-14,364,1.241,393397000.00000006
1048911,FDX,2016,279000000.0,WeightedAverageNumberOfDilutedSharesOutstanding,2016-05-31,10-K,2016-07-18,365,1.241,346239000.0
1048911,FDX,2017,279000000.0,WeightedAverageNumberOfDilutedSharesOutstanding,2016-05-31,10-K,2017-07-17,365,1.241,346239000.0
1048911,FDX,2018,279000000.0,WeightedAverageNumberOfDilutedSharesOutstanding,2016-05-31,10-K,2018-07-16,365,1.241,346239000.0
1048911,FDX,2019,270000000.0,WeightedAverageNumberOfDilutedSharesOutstanding,2017-05-31,10-K,2019-07-16,364,1.241,335070000.0
1048911,FDX,2020,262000000.0,WeightedAverageNumberOfDilutedSharesOutstanding,2020-05-31,10-K,2020-07-20,365,1.241,325142000.0
1048911,FDX,2021,262000000.0,WeightedAverageNumberOfDilutedSharesOutstanding,2020-05-31,10-K,2021-07-19,365,1.241,325142000.0
1048911,FDX,2022,262000000.0,WeightedAverageNumberOfDilutedSharesOutstanding,2020-05-31,10-K,2022-07-18,365,1.241,325142000.0
1048911,FDX,2023,268000000.0,WeightedAverageNumberOfDilutedSharesOutstanding,2021-05-31,10-K,2023-07-17,364,1.241,332588000.0
1048911,FDX,2024,251000000.0,WeightedAverageNumberOfDilutedSharesOutstanding,2024-05-31,10-K,2024-07-15,365,1.241,311491000.0
1048911,FDX,2025,251000000.0,WeightedAverageNumberOfDilutedSharesOutstanding,2024-05-31,10-K,2025-07-21,365,1.241,311491000.0
1048911,FDX,2026,251000000.0,WeightedAverageNumberOfDilutedSharesOutstanding,2024-05-31,10-K,2026-07-20,365,1.241,311491000.0
1050915,PWR,2014,212835000.0,WeightedAverageNumberOfDilutedSharesOutstanding,2012-12-31,10-K,2015-03-02,365,1.0,212835000.0
1050915,PWR,2015,214978000.0,WeightedAverageNumberOfDilutedSharesOutstanding,2013-12-31,10-K,2016-02-29,364,1.0,214978000.0
1050915,PWR,2016,157288000.0,WeightedAverageNumberOfDilutedSharesOutstanding,2016-12-31,10-K,2017-03-01,365,1.0,157288000.0
1050915,PWR,2017,157288000.0,WeightedAverageNumberOfDilutedSharesOutstanding,2016-12-31,10-K,2018-02-28,365,1.0,157288000.0
1050915,PWR,2018,157288000.0,WeightedAverageNumberOfDilutedSharesOutstanding,2016-12-31,10-K,2019-02-28,365,1.0,157288000.0
1050915,PWR,2019,157155000.0,WeightedAverageNumberOfDilutedSharesOutstanding,2017-12-31,10-K,2020-02-28,364,1.0,157155000.0
1050915,PWR,2020,145247000.0,WeightedAverageNumberOfDilutedSharesOutstanding,2020-12-31,10-K,2021-03-01,365,1.0,145247000.0
1050915,PWR,2021,145247000.0,WeightedAverageNumberOfDilutedSharesOutstanding,2020-12-31,10-K,2022-02-25,365,1.0,145247000.0
1050915,PWR,2022,145247000.0,WeightedAverageNumberOfDilutedSharesOutstanding,2020-12-31,10-K,2023-02-23,365,1.0,145247000.0
1050915,PWR,2023,145373000.0,WeightedAverageNumberOfDilutedSharesOutstanding,2021-12-31,10-K,2024-02-22,364,1.0,145373000.0
1050915,PWR,2024,150056000.0,WeightedAverageNumberOfDilutedSharesOutstanding,2024-12-31,10-K,2025-02-20,365,1.0,150056000.0
1050915,PWR,2025,150056000.0,WeightedAverageNumberOfDilutedSharesOutstanding,2024-12-31,10-K,2026-02-19,365,1.0,150056000.0
1051470,CCI,2014,291270000.0,WeightedAverageNumberOfDilutedSharesOutstanding,2012-12-31,10-K,2015-02-19,365,1.0,291270000.0
1051470,CCI,2015,299293000.0,WeightedAverageNumberOfDilutedSharesOutstanding,2013-12-31,10-K,2016-02-22,364,1.0,299293000.0
1051470,CCI,2016,340879000.0,WeightedAverageNumberOfDilutedSharesOutstanding,2016-12-31,10-K,2017-02-22,365,1.0,340879000.0
1051470,CCI,2017,340879000.0,WeightedAverageNumberOfDilutedSharesOutstanding,2016-12-31,10-K,2018-02-26,365,1.0,340879000.0
1051470,CCI,2018,341000000.0,WeightedAverageNumberOfDilutedSharesOutstanding,2016-12-31,10-K,2019-02-25,365,1.0,341000000.0
1051470,CCI,2019,383000000.0,WeightedAverageNumberOfDilutedSharesOutstanding,2017-12-31,10-K,2020-03-10,364,1.0,383000000.0
1051470,CCI,2020,425000000.0,WeightedAverageNumberOfDilutedSharesOutstanding,2020-12-31,10-K,2021-02-22,365,1.0,425000000.0
1051470,CCI,2021,425000000.0,WeightedAverageNumberOfDilutedSharesOutstanding,2020-12-31,10-K,2022-02-22,365,1.0,425000000.0
1051470,CCI,2022,425000000.0,WeightedAverageNumberOfDilutedSharesOutstanding,2020-12-31,10-K,2023-02-24,365,1.0,425000000.0
1051470,CCI,2023,434000000.0,WeightedAverageNumberOfDilutedSharesOutstanding,2021-12-31,10-K,2024-02-23,364,1.0,434000000.0
1051470,CCI,2024,434000000.0,WeightedAverageNumberOfDilutedSharesOutstanding,2024-12-31,10-K,2025-03-14,365,1.0,434000000.0
1051470,CCI,2025,434000000.0,WeightedAverageNumberOfDilutedSharesOutstanding,2024-12-31,10-K,2026-02-23,365,1.0,434000000.0
1053507,AMT,2014,399287000.0,WeightedAverageNumberOfDilutedSharesOutstanding,2012-12-31,10-K,2015-02-24,365,1.0,399287000.0
1053507,AMT,2015,399146000.0,WeightedAverageNumberOfDilutedSharesOutstanding,2013-12-31,10-K,2016-02-26,364,1.0,399146000.0
1053507,AMT,2016,429283000.0,WeightedAverageNumberOfDilutedSharesOutstanding,2016-12-31,10-K,2017-02-27,365,1.0,429283000.0
1053507,AMT,2019,431688000.0,WeightedAverageNumberOfDilutedSharesOutstanding,2017-12-31,10-K,2020-02-25,364,1.0,431688000.0
1053507,AMT,2020,446104000.0,WeightedAverageNumberOfDilutedSharesOutstanding,2020-12-31,10-K,2021-02-25,365,1.0,446104000.0
1053507,AMT,2021,446104000.0,WeightedAverageNumberOfDilutedSharesOutstanding,2020-12-31,10-K,2022-02-25,365,1.0,446104000.0
1053507,AMT,2022,446104000.0,WeightedAverageNumberOfDilutedSharesOutstanding,2020-12-31,10-K,2023-02-23,365,1.0,446104000.0
1053507,AMT,2023,453294000.0,WeightedAverageNumberOfDilutedSharesOutstanding,2021-12-31,10-K,2024-02-27,364,1.0,453294000.0
1053507,AMT,2024,468120000.0,WeightedAverageNumberOfDilutedSharesOutstanding,2024-12-31,10-K,2025-02-25,365,1.0,468120000.0
1053507,AMT,2025,468120000.0,WeightedAverageNumberOfDilutedSharesOutstanding,2024-12-31,10-K,2026-02-24,365,1.0,468120000.0
1057352,CSGP,2014,26949000.0,WeightedAverageNumberOfDilutedSharesOutstanding,2012-12-31,10-K,2015-02-26,365,10.0,269490000.0
1057352,CSGP,2015,28212000.0,WeightedAverageNumberOfDilutedSharesOutstanding,2013-12-31,10-K,2016-02-26,364,10.0,282120000.0
1057352,CSGP,2016,32436000.0,WeightedAverageNumberOfDilutedSharesOutstanding,2016-12-31,10-K,2017-02-24,365,10.0,324360000.0
1057352,CSGP,2017,32436000.0,WeightedAverageNumberOfDilutedSharesOutstanding,2016-12-31,10-K,2018-02-23,365,10.0,324360000.0
1057352,CSGP,2018,32436000.0,WeightedAverageNumberOfDilutedSharesOutstanding,2016-12-31,10-K,2019-02-28,365,10.0,324360000.0
1057352,CSGP,2019,33559000.0,WeightedAverageNumberOfDilutedSharesOutstanding,2017-12-31,10-K,2020-02-26,364,10.0,335590000.0
1057352,CSGP,2020,38326000.0,WeightedAverageNumberOfDilutedSharesOutstanding,2020-12-31,10-K,2021-02-24,365,10.0,383260000.0
1057352,CSGP,2021,383266000.0,WeightedAverageNumberOfDilutedSharesOutstanding,2020-12-31,10-K,2022-02-23,365,10.0,3832660000.0
1057352,CSGP,2022,383266000.0,WeightedAverageNumberOfDilutedSharesOutstanding,2020-12-31,10-K,2023-02-22,365,10.0,3832660000.0
1057352,CSGP,2023,394200000.0,WeightedAverageNumberOfDilutedSharesOutstanding,2021-12-31,10-K,2024-02-22,364,1.0,394200000.0
1057352,CSGP,2024,407800000.0,WeightedAverageNumberOfDilutedSharesOutstanding,2024-12-31,10-K,2025-02-20,365,1.0,407800000.0
1057352,CSGP,2025,407800000.0,WeightedAverageNumberOfDilutedSharesOutstanding,2024-12-31,10-K,2026-02-26,365,1.0,407800000.0
1058090,CMG,2014,31783000.0,WeightedAverageNumberOfDilutedSharesOutstanding,2012-12-31,10-K,2015-02-04,365,50.0,1589150000.0
1058090,CMG,2015,31281000.0,WeightedAverageNumberOfDilutedSharesOutstanding,2013-12-31,10-K,2016-02-05,364,50.0,1564050000.0
1058090,CMG,2016,29770000.0,WeightedAverageNumberOfDilutedSharesOutstanding,2016-12-31,10-K,2017-02-07,365,50.0,1488500000.0
1058090,CMG,2017,29770000.0,WeightedAverageNumberOfDilutedSharesOutstanding,2016-12-31,10-K,2018-02-08,365,50.0,1488500000.0
1058090,CMG,2018,29770000.0,WeightedAverageNumberOfDilutedSharesOutstanding,2016-12-31,10-K,2019-02-08,365,50.0,1488500000.0
1058090,CMG,2019,28561000.0,WeightedAverageNumberOfDilutedSharesOutstanding,2017-12-31,10-K,2020-02-05,364,50.0,1428050000.0
1058090,CMG,2020,28416000.0,WeightedAverageNumberOfDilutedSharesOutstanding,2020-12-31,10-K,2021-02-10,365,50.0,1420800000.0
1058090,CMG,2021,28416000.0,WeightedAverageNumberOfDilutedSharesOutstanding,2020-12-31,10-K,2022-02-11,365,50.0,1420800000.0
1058090,CMG,2022,28416000.0,WeightedAverageNumberOfDilutedSharesOutstanding,2020-12-31,10-K,2023-02-09,365,50.0,1420800000.0
1058090,CMG,2023,28511000.0,WeightedAverageNumberOfDilutedSharesOutstanding,2021-12-31,10-K,2024-02-08,364,50.0,1425550000.0
1058090,CMG,2024,1376555000.0,WeightedAverageNumberOfDilutedSharesOutstanding,2024-12-31,10-K,2025-02-05,365,1.0,1376555000.0
1058090,CMG,2025,1376555000.0,WeightedAverageNumberOfDilutedSharesOutstanding,2024-12-31,10-K,2026-02-04,365,1.0,1376555000.0
1058290,CTSH,2014,611722000.0,WeightedAverageNumberOfDilutedSharesOutstanding,2012-12-31,10-K,2015-02-27,365,2.0,1223444000.0
1058290,CTSH,2015,609700000.0,WeightedAverageNumberOfDilutedSharesOutstanding,2013-12-31,10-K,2016-02-25,364,2.0,1219400000.0
1058290,CTSH,2016,610000000.0,WeightedAverageNumberOfDilutedSharesOutstanding,2016-12-31,10-K,2017-03-01,365,1.0,610000000.0
1058290,CTSH,2017,610000000.0,WeightedAverageNumberOfDilutedSharesOutstanding,2016-12-31,10-K,2018-02-27,365,1.0,610000000.0
1058290,CTSH,2018,610000000.0,WeightedAverageNumberOfDilutedSharesOutstanding,2016-12-31,10-K,2019-02-19,365,1.0,610000000.0
1058290,CTSH,2019,595000000.0,WeightedAverageNumberOfDilutedSharesOutstanding,2017-12-31,10-K,2020-02-14,364,1.0,595000000.0
1058290,CTSH,2020,541000000.0,WeightedAverageNumberOfDilutedSharesOutstanding,2020-12-31,10-K,2021-02-12,365,1.0,541000000.0
1058290,CTSH,2021,541000000.0,WeightedAverageNumberOfDilutedSharesOutstanding,2020-12-31,10-K,2022-02-16,365,1.0,541000000.0
1058290,CTSH,2022,541000000.0,WeightedAverageNumberOfDilutedSharesOutstanding,2020-12-31,10-K,2023-02-15,365,1.0,541000000.0
1058290,CTSH,2023,528000000.0,WeightedAverageNumberOfDilutedSharesOutstanding,2021-12-31,10-K,2024-02-14,364,1.0,528000000.0
1058290,CTSH,2024,497000000.0,WeightedAverageNumberOfDilutedSharesOutstanding,2024-12-31,10-K,2025-02-12,365,1.0,497000000.0
1058290,CTSH,2025,497000000.0,WeightedAverageNumberOfDilutedSharesOutstanding,2024-12-31,10-K,2026-02-12,365,1.0,497000000.0
1059556,MCO,2014,226600000.0,WeightedAverageNumberOfDilutedSharesOutstanding,2012-12-31,10-K,2015-02-26,365,1.0,226600000.0
1059556,MCO,2015,223500000.0,WeightedAverageNumberOfDilutedSharesOutstanding,2013-12-31,10-K,2016-02-25,364,1.0,223500000.0
1059556,MCO,2016,195400000.0,WeightedAverageNumberOfDilutedSharesOutstanding,2016-12-31,10-K,2017-02-24,365,1.0,195400000.0
1059556,MCO,2017,195400000.0,WeightedAverageNumberOfDilutedSharesOutstanding,2016-12-31,10-K,2018-02-27,365,1.0,195400000.0
1059556,MCO,2018,195400000.0,WeightedAverageNumberOfDilutedSharesOutstanding,2016-12-31,10-K,2019-02-25,365,1.0,195400000.0
1059556,MCO,2019,194200000.0,WeightedAverageNumberOfDilutedSharesOutstanding,2017-12-31,10-K,2020-02-24,364,1.0,194200000.0
1059556,MCO,2020,189300000.0,WeightedAverageNumberOfDilutedSharesOutstanding,2020-12-31,10-K,2021-02-22,365,1.0,189300000.0
1059556,MCO,2021,189300000.0,WeightedAverageNumberOfDilutedSharesOutstanding,2020-12-31,10-K,2022-02-22,365,1.0,189300000.0
1059556,MCO,2022,189300000.0,WeightedAverageNumberOfDilutedSharesOutstanding,2020-12-31,10-K,2023-02-15,365,1.0,189300000.0
1059556,MCO,2023,187900000.0,WeightedAverageNumberOfDilutedSharesOutstanding,2021-12-31,10-K,2024-02-14,364,1.0,187900000.0
1059556,MCO,2024,182700000.0,WeightedAverageNumberOfDilutedSharesOutstanding,2024-12-31,10-K,2025-02-14,365,1.0,182700000.0
1059556,MCO,2025,182700000.0,WeightedAverageNumberOfDilutedSharesOutstanding,2024-12-31,10-K,2026-02-18,365,1.0,182700000.0
1060391,RSG,2014,368020000.0,WeightedAverageNumberOfDilutedSharesOutstanding,2012-12-31,10-K,2015-02-23,365,1.0,368020000.0
1060391,RSG,2015,344390000.0,WeightedAverageNumberOfDilutedSharesOutstanding,2016-12-31,10-K,2017-02-17,365,1.0,344390000.0
1060391,RSG,2017,344390000.0,WeightedAverageNumberOfDilutedSharesOutstanding,2016-12-31,10-K,2018-02-09,365,1.0,344390000.0
1060391,RSG,2018,344390000.0,WeightedAverageNumberOfDilutedSharesOutstanding,2016-12-31,10-K,2019-02-08,365,1.0,344390000.0
1060391,RSG,2019,338981000.0,WeightedAverageNumberOfDilutedSharesOutstanding,2017-12-31,10-K,2020-02-14,364,1.0,338981000.0
1060391,RSG,2020,319836000.0,WeightedAverageNumberOfDilutedSharesOutstanding,2020-12-31,10-K,2021-02-23,365,1.0,319836000.0
1060391,RSG,2021,319836000.0,WeightedAverageNumberOfDilutedSharesOutstanding,2020-12-31,10-K,2022-02-11,365,1.0,319836000.0
1060391,RSG,2022,319836000.0,WeightedAverageNumberOfDilutedSharesOutstanding,2020-12-31,10-K,2023-02-23,365,1.0,319836000.0
1060391,RSG,2023,319425000.0,WeightedAverageNumberOfDilutedSharesOutstanding,2021-12-31,10-K,2024-02-29,364,1.0,319425000.0
1060391,RSG,2024,314809000.0,WeightedAverageNumberOfDilutedSharesOutstanding,2024-12-31,10-K,2025-02-14,365,1.0,314809000.0
1060391,RSG,2025,314809000.0,WeightedAverageNumberOfDilutedSharesOutstanding,2024-12-31,10-K,2026-02-18,365,1.0,314809000.0
1063761,SPG,2014,303138422.0,WeightedAverageNumberOfDilutedSharesOutstanding,2012-12-31,10-K,2015-02-27,365,1.063,322236142.58599997
1063761,SPG,2015,310255218.0,WeightedAverageNumberOfDilutedSharesOutstanding,2013-12-31,10-K,2016-02-26,364,1.063,329801296.73399997
1063761,SPG,2021,308737625.0,WeightedAverageNumberOfDilutedSharesOutstanding,2020-12-31,10-K,2022-02-24,365,1.0,308737625.0
1063761,SPG,2022,308737625.0,WeightedAverageNumberOfDilutedSharesOutstanding,2020-12-31,10-K,2023-02-23,365,1.0,308737625.0
1063761,SPG,2023,328587137.0,WeightedAverageNumberOfDilutedSharesOutstanding,2021-12-31,10-K,2024-02-22,364,1.0,328587137.0
1063761,SPG,2024,326097137.0,WeightedAverageNumberOfDilutedSharesOutstanding,2024-12-31,10-K,2025-02-21,365,1.0,326097137.0
1063761,SPG,2025,326097137.0,WeightedAverageNumberOfDilutedSharesOutstanding,2024-12-31,10-K,2026-02-25,365,1.0,326097137.0
1065088,EBAY,2014,1313000000.0,WeightedAverageNumberOfDilutedSharesOutstanding,2012-12-31,10-K,2015-02-06,365,2.376,3119688000.0
1065088,EBAY,2015,1313000000.0,WeightedAverageNumberOfDilutedSharesOutstanding,2013-12-31,10-K,2016-02-01,364,2.376,3119688000.0
1065088,EBAY,2016,1144000000.0,WeightedAverageNumberOfDilutedSharesOutstanding,2016-12-31,10-K,2017-02-06,365,1.0,1144000000.0
1065088,EBAY,2017,1144000000.0,WeightedAverageNumberOfDilutedSharesOutstanding,2016-12-31,10-K,2018-02-05,365,1.0,1144000000.0
1065088,EBAY,2018,1144000000.0,WeightedAverageNumberOfDilutedSharesOutstanding,2016-12-31,10-K,2019-01-30,365,1.0,1144000000.0
1065088,EBAY,2019,1064000000.0,WeightedAverageNumberOfDilutedSharesOutstanding,2017-12-31,10-K,2020-01-31,364,1.0,1064000000.0
1065088,EBAY,2020,718000000.0,WeightedAverageNumberOfDilutedSharesOutstanding,2020-12-31,10-K,2021-02-04,365,1.0,718000000.0
1065088,EBAY,2021,718000000.0,WeightedAverageNumberOfDilutedSharesOutstanding,2020-12-31,10-K,2022-02-24,365,1.0,718000000.0
1065088,EBAY,2022,718000000.0,WeightedAverageNumberOfDilutedSharesOutstanding,2020-12-31,10-K,2023-02-23,365,1.0,718000000.0
1065088,EBAY,2023,663000000.0,WeightedAverageNumberOfDilutedSharesOutstanding,2021-12-31,10-K,2024-02-28,364,1.0,663000000.0
1065088,EBAY,2024,501000000.0,WeightedAverageNumberOfDilutedSharesOutstanding,2024-12-31,10-K,2025-02-27,365,1.0,501000000.0
1065088,EBAY,2025,501000000.0,WeightedAverageNumberOfDilutedSharesOutstanding,2024-12-31,10-K,2026-02-19,365,1.0,501000000.0
1065280,NFLX,2014,58904000.0,WeightedAverageNumberOfDilutedSharesOutstanding,2012-12-31,10-K,2015-01-29,365,70.0,4123280000.0
1065280,NFLX,2015,425327000.0,WeightedAverageNumberOfDilutedSharesOutstanding,2013-12-31,10-K,2016-01-28,364,70.0,29772890000.0
1065280,NFLX,2016,438652000.0,WeightedAverageNumberOfDilutedSharesOutstanding,2016-12-31,10-K,2017-01-27,365,10.0,4386520000.0
1065280,NFLX,2017,438652000.0,WeightedAverageNumberOfDilutedSharesOutstanding,2016-12-31,10-K/A,2018-02-05,365,10.0,4386520000.0
1065280,NFLX,2018,438652000.0,WeightedAverageNumberOfDilutedSharesOutstanding,2016-12-31,10-K,2019-01-29,365,10.0,4386520000.0
1065280,NFLX,2019,446814000.0,WeightedAverageNumberOfDilutedSharesOutstanding,2017-12-31,10-K,2020-01-29,364,10.0,4468140000.0
1065280,NFLX,2020,454208000.0,WeightedAverageNumberOfDilutedSharesOutstanding,2020-12-31,10-K,2021-01-28,365,10.0,4542080000.0
1065280,NFLX,2021,454208000.0,WeightedAverageNumberOfDilutedSharesOutstanding,2020-12-31,10-K,2022-01-27,365,10.0,4542080000.0
1065280,NFLX,2022,454208000.0,WeightedAverageNumberOfDilutedSharesOutstanding,2020-12-31,10-K,2023-01-26,365,10.0,4542080000.0
1065280,NFLX,2023,455372000.0,WeightedAverageNumberOfDilutedSharesOutstanding,2021-12-31,10-K,2024-01-26,364,10.0,4553720000.0
1065280,NFLX,2024,439261000.0,WeightedAverageNumberOfDilutedSharesOutstanding,2024-12-31,10-K,2025-01-27,365,10.0,4392610000.0
1065280,NFLX,2025,4392608000.0,WeightedAverageNumberOfDilutedSharesOutstanding,2024-12-31,10-K,2026-01-23,365,10.0,43926080000.0
1067701,URI,2014,94848000.0,WeightedAverageNumberOfDilutedSharesOutstanding,2012-12-31,10-K,2015-01-21,365,1.0,94848000.0
1067701,URI,2015,106291000.0,WeightedAverageNumberOfDilutedSharesOutstanding,2013-12-31,10-K,2016-01-27,364,1.0,106291000.0
1067701,URI,2016,87775000.0,WeightedAverageNumberOfDilutedSharesOutstanding,2016-12-31,10-K,2017-01-25,365,1.0,87775000.0
1067701,URI,2017,87775000.0,WeightedAverageNumberOfDilutedSharesOutstanding,2016-12-31,10-K,2018-01-24,365,1.0,87775000.0
1067701,URI,2018,87775000.0,WeightedAverageNumberOfDilutedSharesOutstanding,2016-12-31,10-K,2019-01-23,365,1.0,87775000.0
1067701,URI,2019,85562000.0,WeightedAverageNumberOfDilutedSharesOutstanding,2017-12-31,10-K,2020-01-29,364,1.0,85562000.0
1067701,URI,2020,72929000.0,WeightedAverageNumberOfDilutedSharesOutstanding,2020-12-31,10-K,2021-01-27,365,1.0,72929000.0
1067701,URI,2021,72929000.0,WeightedAverageNumberOfDilutedSharesOutstanding,2020-12-31,10-K,2022-01-26,365,1.0,72929000.0
1067701,URI,2022,72929000.0,WeightedAverageNumberOfDilutedSharesOutstanding,2020-12-31,10-K,2023-01-25,365,1.0,72929000.0
1067701,URI,2023,72817000.0,WeightedAverageNumberOfDilutedSharesOutstanding,2021-12-31,10-K,2024-01-24,364,1.0,72817000.0
1067701,URI,2024,66567000.0,WeightedAverageNumberOfDilutedSharesOutstanding,2024-12-31,10-K,2025-01-29,365,1.0,66567000.0
1067701,URI,2025,66567000.0,WeightedAverageNumberOfDilutedSharesOutstanding,2024-12-31,10-K,2026-01-28,365,1.0,66567000.0
1069183,AXON,2014,54723000.0,WeightedAverageNumberOfDilutedSharesOutstanding,2012-12-31,10-K,2015-03-12,365,1.0,54723000.0
1069183,AXON,2015,54152000.0,WeightedAverageNumberOfDilutedSharesOutstanding,2013-12-31,10-K,2016-03-07,364,1.0,54152000.0
1069183,AXON,2016,53536000.0,WeightedAverageNumberOfDilutedSharesOutstanding,2016-12-31,10-K,2017-03-06,365,1.0,53536000.0
1069183,AXON,2017,53536000.0,WeightedAverageNumberOfDilutedSharesOutstanding,2016-12-31,10-K,2018-03-01,365,1.0,53536000.0
1069183,AXON,2018,53536000.0,WeightedAverageNumberOfDilutedSharesOutstanding,2016-12-31,10-K,2019-02-27,365,1.0,53536000.0
1069183,AXON,2019,53898000.0,WeightedAverageNumberOfDilutedSharesOutstanding,2017-12-31,10-K,2020-02-28,364,1.0,53898000.0
1069183,AXON,2020,61782000.0,WeightedAverageNumberOfDilutedSharesOutstanding,2020-12-31,10-K,2021-02-26,365,1.0,61782000.0
1069183,AXON,2021,61782000.0,WeightedAverageNumberOfDilutedSharesOutstanding,2020-12-31,10-K,2022-02-25,365,1.0,61782000.0
1069183,AXON,2022,61782000.0,WeightedAverageNumberOfDilutedSharesOutstanding,2020-12-31,10-K,2023-02-28,365,1.0,61782000.0
1069183,AXON,2023,66191000.0,WeightedAverageNumberOfDilutedSharesOutstanding,2021-12-31,10-K,2024-02-27,364,1.0,66191000.0
1069183,AXON,2024,78558000.0,WeightedAverageNumberOfDilutedSharesOutstanding,2024-12-31,10-K/A,2025-05-07,365,1.0,78558000.0
1069183,AXON,2025,78558000.0,WeightedAverageNumberOfDilutedSharesOutstanding,2024-12-31,10-K,2026-02-25,365,1.0,78558000.0
1069202,LII,2014,51400000.0,WeightedAverageNumberOfDilutedSharesOutstanding,2012-12-31,10-K,2015-02-17,365,1.0,51400000.0
1069202,LII,2015,50600000.0,WeightedAverageNumberOfDilutedSharesOutstanding,2013-12-31,10-K,2016-02-16,364,1.0,50600000.0
1069202,LII,2016,44000000.0,WeightedAverageNumberOfDilutedSharesOutstanding,2016-12-31,10-K,2017-02-21,365,1.0,44000000.0
1069202,LII,2017,44000000.0,WeightedAverageNumberOfDilutedSharesOutstanding,2016-12-31,10-K,2018-02-16,365,1.0,44000000.0
1069202,LII,2018,44000000.0,WeightedAverageNumberOfDilutedSharesOutstanding,2016-12-31,10-K,2019-02-19,365,1.0,44000000.0
1069202,LII,2019,42800000.0,WeightedAverageNumberOfDilutedSharesOutstanding,2017-12-31,10-K,2020-02-18,364,1.0,42800000.0
1069202,LII,2020,38600000.0,WeightedAverageNumberOfDilutedSharesOutstanding,2020-12-31,10-K,2021-02-16,365,1.0,38600000.0
1069202,LII,2021,38600000.0,WeightedAverageNumberOfDilutedSharesOutstanding,2020-12-31,10-K,2022-02-15,365,1.0,38600000.0
1069202,LII,2022,38600000.0,WeightedAverageNumberOfDilutedSharesOutstanding,2020-12-31,10-K,2023-02-21,365,1.0,38600000.0
1069202,LII,2023,37500000.0,WeightedAverageNumberOfDilutedSharesOutstanding,2021-12-31,10-K,2024-02-13,364,1.0,37500000.0
1069202,LII,2024,35800000.0,WeightedAverageNumberOfDilutedSharesOutstanding,2024-12-31,10-K,2025-02-11,365,1.0,35800000.0
1069202,LII,2025,35800000.0,WeightedAverageNumberOfDilutedSharesOutstanding,2024-12-31,10-K,2026-02-17,365,1.0,35800000.0
1070750,HST,2014,719600000.0,WeightedAverageNumberOfDilutedSharesOutstanding,2012-12-31,10-K,2015-02-25,365,1.0,719600000.0
1070750,HST,2015,747900000.0,WeightedAverageNumberOfDilutedSharesOutstanding,2013-12-31,10-K,2016-02-22,364,1.0,747900000.0
1070750,HST,2016,743700000.0,WeightedAverageNumberOfDilutedSharesOutstanding,2016-12-31,10-K,2017-02-24,365,1.0,743700000.0
1070750,HST,2017,743700000.0,WeightedAverageNumberOfDilutedSharesOutstanding,2016-12-31,10-K,2018-02-27,365,1.0,743700000.0
1070750,HST,2018,743700000.0,WeightedAverageNumberOfDilutedSharesOutstanding,2016-12-31,10-K,2019-02-26,365,1.0,743700000.0
1070750,HST,2019,739.1,WeightedAverageNumberOfDilutedSharesOutstanding,2017-12-31,10-K,2020-02-25,364,1.0,739.1
1070750,HST,2020,705.9,WeightedAverageNumberOfDilutedSharesOutstanding,2020-12-31,10-K,2021-02-25,365,1.0,705.9
1070750,HST,2021,705.9,WeightedAverageNumberOfDilutedSharesOutstanding,2020-12-31,10-K,2022-02-24,365,1.0,705.9
1070750,HST,2022,705.9,WeightedAverageNumberOfDilutedSharesOutstanding,2020-12-31,10-K,2023-02-22,365,1.0,705.9
1070750,HST,2023,710300000.0,WeightedAverageNumberOfDilutedSharesOutstanding,2021-12-31,10-K,2024-02-28,364,1.0,710300000.0
1070750,HST,2024,704000000.0,WeightedAverageNumberOfDilutedSharesOutstanding,2024-12-31,10-K,2025-02-26,365,1.0,704000000.0
1070750,HST,2025,704000000.0,WeightedAverageNumberOfDilutedSharesOutstanding,2024-12-31,10-K,2026-02-25,365,1.0,704000000.0
1071739,CNC,2014,107428750.0,WeightedAverageNumberOfDilutedSharesOutstanding,2012-12-31,10-K,2015-02-23,365,4.0,429715000.0
1071739,CNC,2015,112494346.0,WeightedAverageNumberOfDilutedSharesOutstanding,2013-12-31,10-K,2016-02-22,364,4.0,449977384.0
1071739,CNC,2016,163975407.0,WeightedAverageNumberOfDilutedSharesOutstanding,2016-12-31,10-K,2017-02-21,365,2.0,327950814.0
1071739,CNC,2017,163975000.0,WeightedAverageNumberOfDilutedSharesOutstanding,2016-12-31,10-K,2018-02-20,365,2.0,327950000.0
1071739,CNC,2018,327951000.0,WeightedAverageNumberOfDilutedSharesOutstanding,2016-12-31,10-K,2019-02-19,365,2.0,655902000.0
1071739,CNC,2019,353404000.0,WeightedAverageNumberOfDilutedSharesOutstanding,2017-12-31,10-K,2020-02-18,364,2.0,706808000.0
1071739,CNC,2020,579135000.0,WeightedAverageNumberOfDilutedSharesOutstanding,2020-12-31,10-K,2021-02-22,365,1.0,579135000.0
1071739,CNC,2021,579135000.0,WeightedAverageNumberOfDilutedSharesOutstanding,2020-12-31,10-K,2022-02-22,365,1.0,579135000.0
1071739,CNC,2022,579135000.0,WeightedAverageNumberOfDilutedSharesOutstanding,2020-12-31,10-K,2023-02-21,365,1.0,579135000.0
1071739,CNC,2023,590516000.0,WeightedAverageNumberOfDilutedSharesOutstanding,2021-12-31,10-K,2024-02-20,364,1.0,590516000.0
1071739,CNC,2024,523744000.0,WeightedAverageNumberOfDilutedSharesOutstanding,2024-12-31,10-K,2025-02-18,365,1.0,523744000.0
1071739,CNC,2025,523744000.0,WeightedAverageNumberOfDilutedSharesOutstanding,2024-12-31,10-K,2026-02-17,365,1.0,523744000.0
1075531,BKNG,2014,51326000.0,WeightedAverageNumberOfDilutedSharesOutstanding,2012-12-31,10-K,2015-02-19,365,25.0,1283150000.0
1075531,BKNG,2015,52413000.0,WeightedAverageNumberOfDilutedSharesOutstanding,2013-12-31,10-K,2016-02-17,364,25.0,1310325000.0
1075531,BKNG,2016,50063000.0,WeightedAverageNumberOfDilutedSharesOutstanding,2016-12-31,10-K,2017-02-27,365,25.0,1251575000.0
1075531,BKNG,2017,50063000.0,WeightedAverageNumberOfDilutedSharesOutstanding,2016-12-31,10-K,2018-02-27,365,25.0,1251575000.0
1075531,BKNG,2018,50063000.0,WeightedAverageNumberOfDilutedSharesOutstanding,2016-12-31,10-K,2019-02-27,365,25.0,1251575000.0
1075531,BKNG,2019,49954000.0,WeightedAverageNumberOfDilutedSharesOutstanding,2017-12-31,10-K,2020-02-26,364,25.0,1248850000.0
1075531,BKNG,2020,41160000.0,WeightedAverageNumberOfDilutedSharesOutstanding,2020-12-31,10-K,2021-02-24,365,25.0,1029000000.0
1075531,BKNG,2021,41160000.0,WeightedAverageNumberOfDilutedSharesOutstanding,2020-12-31,10-K,2022-02-23,365,25.0,1029000000.0
1075531,BKNG,2022,41160000.0,WeightedAverageNumberOfDilutedSharesOutstanding,2020-12-31,10-K,2023-02-23,365,25.0,1029000000.0
1075531,BKNG,2023,41362000.0,WeightedAverageNumberOfDilutedSharesOutstanding,2021-12-31,10-K,2024-02-22,364,25.0,1034050000.0
1075531,BKNG,2024,34064000.0,WeightedAverageNumberOfDilutedSharesOutstanding,2024-12-31,10-K,2025-02-20,365,25.0,851600000.0
1075531,BKNG,2025,34064000.0,WeightedAverageNumberOfDilutedSharesOutstanding,2024-12-31,10-K,2026-02-18,365,25.0,851600000.0
1086222,AKAM,2014,181749000.0,WeightedAverageNumberOfDilutedSharesOutstanding,2012-12-31,10-K,2015-03-02,365,1.0,181749000.0
1086222,AKAM,2015,181783000.0,WeightedAverageNumberOfDilutedSharesOutstanding,2013-12-31,10-K,2016-02-29,364,1.0,181783000.0
1086222,AKAM,2016,176215000.0,WeightedAverageNumberOfDilutedSharesOutstanding,2016-12-31,10-K,2017-02-28,365,1.0,176215000.0
1086222,AKAM,2017,176215000.0,WeightedAverageNumberOfDilutedSharesOutstanding,2016-12-31,10-K,2018-03-01,365,1.0,176215000.0
1086222,AKAM,2018,176215000.0,WeightedAverageNumberOfDilutedSharesOutstanding,2016-12-31,10-K,2019-02-28,365,1.0,176215000.0
1086222,AKAM,2019,172711000.0,WeightedAverageNumberOfDilutedSharesOutstanding,2017-12-31,10-K,2020-02-28,364,1.0,172711000.0
1086222,AKAM,2020,165213000.0,WeightedAverageNumberOfDilutedSharesOutstanding,2020-12-31,10-K,2021-02-26,365,1.0,165213000.0
1086222,AKAM,2021,165213000.0,WeightedAverageNumberOfDilutedSharesOutstanding,2020-12-31,10-K,2022-02-28,365,1.0,165213000.0
1086222,AKAM,2022,165213000.0,WeightedAverageNumberOfDilutedSharesOutstanding,2020-12-31,10-K,2023-02-28,365,1.0,165213000.0
1086222,AKAM,2023,165804000.0,WeightedAverageNumberOfDilutedSharesOutstanding,2021-12-31,10-K,2024-02-28,364,1.0,165804000.0
1086222,AKAM,2024,154346000.0,WeightedAverageNumberOfDilutedSharesOutstanding,2024-12-31,10-K,2025-02-24,365,1.0,154346000.0
1086222,AKAM,2025,154346000.0,WeightedAverageNumberOfDilutedSharesOutstanding,2024-12-31,10-K,2026-02-20,365,1.0,154346000.0
1090012,DVN,2014,400000000.0,WeightedAverageNumberOfDilutedSharesOutstanding,2012-12-31,10-K,2015-02-20,365,1.0,400000000.0
1090012,DVN,2015,402000000.0,WeightedAverageNumberOfDilutedSharesOutstanding,2013-12-31,10-K,2016-02-17,364,1.0,402000000.0
1090012,DVN,2016,507000000.0,WeightedAverageNumberOfDilutedSharesOutstanding,2016-12-31,10-K,2017-02-15,365,1.0,507000000.0
1090012,DVN,2017,507000000.0,WeightedAverageNumberOfDilutedSharesOutstanding,2016-12-31,10-K,2018-02-21,365,1.0,507000000.0
1090012,DVN,2018,507000000.0,WeightedAverageNumberOfDilutedSharesOutstanding,2016-12-31,10-K,2019-02-20,365,1.0,507000000.0
1090012,DVN,2019,520000000.0,WeightedAverageNumberOfDilutedSharesOutstanding,2017-12-31,10-K,2020-02-19,364,1.0,520000000.0
1090012,DVN,2020,377000000.0,WeightedAverageNumberOfDilutedSharesOutstanding,2020-12-31,10-K,2021-02-17,365,1.0,377000000.0
1090012,DVN,2021,377000000.0,WeightedAverageNumberOfDilutedSharesOutstanding,2020-12-31,10-K,2022-02-16,365,1.0,377000000.0
1090012,DVN,2022,377000000.0,WeightedAverageNumberOfDilutedSharesOutstanding,2020-12-31,10-K,2023-02-15,365,1.0,377000000.0
1090012,DVN,2023,665000000.0,WeightedAverageNumberOfDilutedSharesOutstanding,2021-12-31,10-K,2024-02-28,364,1.0,665000000.0
1090012,DVN,2024,634000000.0,WeightedAverageNumberOfDilutedSharesOutstanding,2024-12-31,10-K,2025-02-19,365,1.0,634000000.0
1090012,DVN,2025,634000000.0,WeightedAverageNumberOfDilutedSharesOutstanding,2024-12-31,10-K,2026-02-18,365,1.0,634000000.0
1090727,UPS,2014,969000000.0,WeightedAverageNumberOfDilutedSharesOutstanding,2012-12-31,10-K,2015-02-27,365,1.0,969000000.0
1090727,UPS,2015,948000000.0,WeightedAverageNumberOfDilutedSharesOutstanding,2013-12-31,10-K,2016-02-25,364,1.0,948000000.0
1090727,UPS,2016,887000000.0,WeightedAverageNumberOfDilutedSharesOutstanding,2016-12-31,10-K,2017-02-21,365,1.0,887000000.0
1090727,UPS,2017,887000000.0,WeightedAverageNumberOfDilutedSharesOutstanding,2016-12-31,10-K,2018-02-21,365,1.0,887000000.0
1090727,UPS,2018,887000000.0,WeightedAverageNumberOfDilutedSharesOutstanding,2016-12-31,10-K,2019-02-21,365,1.0,887000000.0
1090727,UPS,2019,875000000.0,WeightedAverageNumberOfDilutedSharesOutstanding,2017-12-31,10-K,2020-02-20,364,1.0,875000000.0
1090727,UPS,2020,871000000.0,WeightedAverageNumberOfDilutedSharesOutstanding,2020-12-31,10-K,2021-02-22,365,1.0,871000000.0
1090727,UPS,2021,871000000.0,WeightedAverageNumberOfDilutedSharesOutstanding,2020-12-31,10-K,2022-02-22,365,1.0,871000000.0
1090727,UPS,2022,871000000.0,WeightedAverageNumberOfDilutedSharesOutstanding,2020-12-31,10-K,2023-02-21,365,1.0,871000000.0
1090727,UPS,2023,878000000.0,WeightedAverageNumberOfDilutedSharesOutstanding,2021-12-31,10-K,2024-02-20,364,1.0,878000000.0
1090727,UPS,2024,856000000.0,WeightedAverageNumberOfDilutedSharesOutstanding,2024-12-31,10-K,2025-02-18,365,1.0,856000000.0
1090727,UPS,2025,856000000.0,WeightedAverageNumberOfDilutedSharesOutstanding,2024-12-31,10-K,2026-02-17,365,1.0,856000000.0
1090872,A,2014,353000000.0,WeightedAverageNumberOfDilutedSharesOutstanding,2012-10-31,10-K,2014-12-22,365,1.398,493493999.99999994
1090872,A,2015,345000000.0,WeightedAverageNumberOfDilutedSharesOutstanding,2013-10-31,10-K,2015-12-21,364,1.398,482309999.99999994
1090872,A,2016,329000000.0,WeightedAverageNumberOfDilutedSharesOutstanding,2016-10-31,10-K,2016-12-20,365,1.0,329000000.0
1090872,A,2017,329000000.0,WeightedAverageNumberOfDilutedSharesOutstanding,2016-10-31,10-K,2017-12-21,365,1.0,329000000.0
1090872,A,2018,329000000.0,WeightedAverageNumberOfDilutedSharesOutstanding,2016-10-31,10-K,2018-12-20,365,1.0,329000000.0
1090872,A,2019,326000000.0,WeightedAverageNumberOfDilutedSharesOutstanding,2017-10-31,10-K,2019-12-19,364,1.0,326000000.0
1090872,A,2020,312000000.0,WeightedAverageNumberOfDilutedSharesOutstanding,2020-10-31,10-K,2020-12-18,365,1.0,312000000.0
1090872,A,2021,312000000.0,WeightedAverageNumberOfDilutedSharesOutstanding,2020-10-31,10-K,2021-12-17,365,1.0,312000000.0
1090872,A,2022,312000000.0,WeightedAverageNumberOfDilutedSharesOutstanding,2020-10-31,10-K,2022-12-21,365,1.0,312000000.0
1090872,A,2023,307000000.0,WeightedAverageNumberOfDilutedSharesOutstanding,2021-10-31,10-K,2023-12-20,364,1.0,307000000.0
1090872,A,2024,291000000.0,WeightedAverageNumberOfDilutedSharesOutstanding,2024-10-31,10-K,2024-12-20,365,1.0,291000000.0
1090872,A,2025,291000000.0,WeightedAverageNumberOfDilutedSharesOutstanding,2024-10-31,10-K,2025-12-22,365,1.0,291000000.0
1091667,CHTR,2014,111415982.0,WeightedAverageNumberOfDilutedSharesOutstanding,2013-12-31,10-K,2015-02-24,91,1.0,111415982.0
1091667,CHTR,2016,234791439.0,WeightedAverageNumberOfDilutedSharesOutstanding,2016-12-31,10-K,2017-02-16,365,1.0,234791439.0
1091667,CHTR,2015,113339885.0,WeightedAverageNumberOfDilutedSharesOutstanding,2015-09-30,10-K,2016-02-10,91,1.0,113339885.0
1091667,CHTR,2019,296703956.0,WeightedAverageNumberOfDilutedSharesOutstanding,2017-12-31,10-K,2020-01-31,364,1.0,296703956.0
1091667,CHTR,2020,209273247.0,WeightedAverageNumberOfDilutedSharesOutstanding,2020-12-31,10-K,2021-01-29,365,1.0,209273247.0
1091667,CHTR,2021,209273247.0,WeightedAverageNumberOfDilutedSharesOutstanding,2020-12-31,10-K,2022-01-28,365,1.0,209273247.0
1091667,CHTR,2022,209273247.0,WeightedAverageNumberOfDilutedSharesOutstanding,2020-12-31,10-K,2023-01-27,365,1.0,209273247.0
1091667,CHTR,2023,193042948.0,WeightedAverageNumberOfDilutedSharesOutstanding,2021-12-31,10-K,2024-02-02,364,1.0,193042948.0
1091667,CHTR,2024,145363771.0,WeightedAverageNumberOfDilutedSharesOutstanding,2024-12-31,10-K,2025-01-31,365,1.0,145363771.0
1091667,CHTR,2025,145363771.0,WeightedAverageNumberOfDilutedSharesOutstanding,2024-12-31,10-K,2026-01-30,365,1.0,145363771.0
1093557,DXCM,2019,86300000.0,WeightedAverageNumberOfDilutedSharesOutstanding,2017-12-31,10-K,2020-02-13,364,4.0,345200000.0
1093557,DXCM,2020,97500000.0,WeightedAverageNumberOfDilutedSharesOutstanding,2020-12-31,10-K,2021-02-11,365,4.0,390000000.0
1093557,DXCM,2021,97500000.0,WeightedAverageNumberOfDilutedSharesOutstanding,2020-12-31,10-K,2022-02-14,365,4.0,390000000.0
1093557,DXCM,2022,420400000.0,WeightedAverageNumberOfDilutedSharesOutstanding,2020-12-31,10-K,2023-02-09,365,4.0,1681600000.0
1093557,DXCM,2023,428800000.0,WeightedAverageNumberOfDilutedSharesOutstanding,2021-12-31,10-K,2024-02-08,364,4.0,1715200000.0
1093557,DXCM,2024,412700000.0,WeightedAverageNumberOfDilutedSharesOutstanding,2024-12-31,10-K,2025-02-18,365,1.0,412700000.0
1093557,DXCM,2025,412700000.0,WeightedAverageNumberOfDilutedSharesOutstanding,2024-12-31,10-K,2026-02-12,365,1.0,412700000.0
1094285,TDY,2014,37400000.0,WeightedAverageNumberOfDilutedSharesOutstanding,2012-12-30,10-K,2015-02-26,363,1.0,37400000.0
1094285,TDY,2015,36000000.0,WeightedAverageNumberOfDilutedSharesOutstanding,2016-01-03,10-K,2016-03-01,370,1.0,36000000.0
1094285,TDY,2016,36000000.0,WeightedAverageNumberOfDilutedSharesOutstanding,2016-01-03,10-K,2017-03-02,370,1.0,36000000.0
1094285,TDY,2017,36000000.0,WeightedAverageNumberOfDilutedSharesOutstanding,2016-01-03,10-K,2018-02-27,370,1.0,36000000.0
1094285,TDY,2018,35500000.0,WeightedAverageNumberOfDilutedSharesOutstanding,2017-01-01,10-K,2019-02-25,363,1.0,35500000.0
1094285,TDY,2019,36300000.0,WeightedAverageNumberOfDilutedSharesOutstanding,2017-12-31,10-K,2020-02-24,363,1.0,36300000.0
1094285,TDY,2020,37900000.0,WeightedAverageNumberOfDilutedSharesOutstanding,2021-01-03,10-K,2021-02-26,370,1.0,37900000.0
1094285,TDY,2021,37900000.0,WeightedAverageNumberOfDilutedSharesOutstanding,2021-01-03,10-K,2022-02-25,370,1.0,37900000.0
1094285,TDY,2022,37900000.0,WeightedAverageNumberOfDilutedSharesOutstanding,2021-01-03,10-K,2023-02-24,370,1.0,37900000.0
1094285,TDY,2023,44300000.0,WeightedAverageNumberOfDilutedSharesOutstanding,2022-01-02,10-K,2024-02-23,363,1.0,44300000.0
1094285,TDY,2024,47700000.0,WeightedAverageNumberOfDilutedSharesOutstanding,2023-01-01,10-K,2025-02-21,363,1.0,47700000.0
1094285,TDY,2025,47900000.0,WeightedAverageNumberOfDilutedSharesOutstanding,2023-12-31,10-K,2026-02-20,363,1.0,47900000.0
1095073,EG,2014,52067.0,WeightedAverageNumberOfDilutedSharesOutstanding,2012-12-31,10-K,2015-03-02,365,1.0,52067.0
1095073,EG,2015,49056.0,WeightedAverageNumberOfDilutedSharesOutstanding,2013-12-31,10-K,2016-02-29,364,1.0,49056.0
1095073,EG,2016,41628.0,WeightedAverageNumberOfDilutedSharesOutstanding,2016-12-31,10-K,2017-03-01,365,1.0,41628.0
1095073,EG,2017,41628.0,WeightedAverageNumberOfDilutedSharesOutstanding,2016-12-31,10-K,2018-03-01,365,1.0,41628.0
1095073,EG,2018,41628.0,WeightedAverageNumberOfDilutedSharesOutstanding,2016-12-31,10-K,2019-03-01,365,1.0,41628.0
1095073,EG,2019,40843.0,WeightedAverageNumberOfDilutedSharesOutstanding,2017-12-31,10-K,2020-03-02,364,1.0,40843.0
1095073,EG,2020,39734.0,WeightedAverageNumberOfDilutedSharesOutstanding,2020-12-31,10-K,2021-03-01,365,1.0,39734.0
1095073,EG,2021,39734.0,WeightedAverageNumberOfDilutedSharesOutstanding,2020-12-31,10-K,2022-02-28,365,1.0,39734.0
1095073,EG,2022,40000000.0,WeightedAverageNumberOfDilutedSharesOutstanding,2020-12-31,10-K,2023-02-24,365,1.0,40000000.0
1095073,EG,2023,39300000.0,WeightedAverageNumberOfDilutedSharesOutstanding,2021-12-31,10-K,2024-02-28,364,1.0,39300000.0
1095073,EG,2024,42700000.0,WeightedAverageNumberOfDilutedSharesOutstanding,2024-12-31,10-K,2025-02-27,365,1.0,42700000.0
1095073,EG,2025,42700000.0,WeightedAverageNumberOfDilutedSharesOutstanding,2024-12-31,10-K,2026-02-26,365,1.0,42700000.0
1097149,ALGN,2014,83040000.0,WeightedAverageNumberOfDilutedSharesOutstanding,2012-12-31,10-K,2015-02-26,365,1.0,83040000.0
1097149,ALGN,2015,82589000.0,WeightedAverageNumberOfDilutedSharesOutstanding,2013-12-31,10-K,2016-02-25,364,1.0,82589000.0
1097149,ALGN,2016,81484000.0,WeightedAverageNumberOfDilutedSharesOutstanding,2016-12-31,10-K,2017-02-28,365,1.0,81484000.0
1097149,ALGN,2017,81484000.0,WeightedAverageNumberOfDilutedSharesOutstanding,2016-12-31,10-K,2018-02-28,365,1.0,81484000.0
1097149,ALGN,2018,81484000.0,WeightedAverageNumberOfDilutedSharesOutstanding,2016-12-31,10-K,2019-02-28,365,1.0,81484000.0
1097149,ALGN,2019,81832000.0,WeightedAverageNumberOfDilutedSharesOutstanding,2017-12-31,10-K,2020-02-28,364,1.0,81832000.0
1097149,ALGN,2020,79230000.0,WeightedAverageNumberOfDilutedSharesOutstanding,2020-12-31,10-K,2021-02-26,365,1.0,79230000.0
1097149,ALGN,2021,79230000.0,WeightedAverageNumberOfDilutedSharesOutstanding,2020-12-31,10-K,2022-02-25,365,1.0,79230000.0
1097149,ALGN,2022,79230000.0,WeightedAverageNumberOfDilutedSharesOutstanding,2020-12-31,10-K,2023-02-27,365,1.0,79230000.0
1097149,ALGN,2023,79670000.0,WeightedAverageNumberOfDilutedSharesOutstanding,2021-12-31,10-K,2024-02-28,364,1.0,79670000.0
1097149,ALGN,2024,74993000.0,WeightedAverageNumberOfDilutedSharesOutstanding,2024-12-31,10-K,2025-02-28,365,1.0,74993000.0
1097149,ALGN,2025,74993000.0,WeightedAverageNumberOfDilutedSharesOutstanding,2024-12-31,10-K,2026-02-27,365,1.0,74993000.0
1097864,ON,2014,452600000.0,WeightedAverageNumberOfDilutedSharesOutstanding,2012-12-31,10-K,2015-02-27,365,1.0,452600000.0
1097864,ON,2015,450700000.0,WeightedAverageNumberOfDilutedSharesOutstanding,2013-12-31,10-K,2016-02-24,364,1.0,450700000.0
1097864,ON,2016,420000000.0,WeightedAverageNumberOfDilutedSharesOutstanding,2016-12-31,10-K,2017-02-28,365,1.0,420000000.0
1097864,ON,2017,420000000.0,WeightedAverageNumberOfDilutedSharesOutstanding,2016-12-31,10-K,2018-02-21,365,1.0,420000000.0
1097864,ON,2018,420000000.0,WeightedAverageNumberOfDilutedSharesOutstanding,2016-12-31,10-K,2019-02-20,365,1.0,420000000.0
1097864,ON,2019,428300000.0,WeightedAverageNumberOfDilutedSharesOutstanding,2017-12-31,10-K,2020-02-19,364,1.0,428300000.0
1097864,ON,2020,418800000.0,WeightedAverageNumberOfDilutedSharesOutstanding,2020-12-31,10-K,2021-02-16,365,1.0,418800000.0
1097864,ON,2021,418800000.0,WeightedAverageNumberOfDilutedSharesOutstanding,2020-12-31,10-K,2022-02-14,365,1.0,418800000.0
1097864,ON,2022,418800000.0,WeightedAverageNumberOfDilutedSharesOutstanding,2020-12-31,10-K,2023-02-06,365,1.0,418800000.0
1097864,ON,2023,443800000.0,WeightedAverageNumberOfDilutedSharesOutstanding,2021-12-31,10-K,2024-02-05,364,1.0,443800000.0
1097864,ON,2024,432700000.0,WeightedAverageNumberOfDilutedSharesOutstanding,2024-12-31,10-K,2025-02-10,365,1.0,432700000.0
1097864,ON,2025,432700000.0,WeightedAverageNumberOfDilutedSharesOutstanding,2024-12-31,10-K,2026-02-09,365,1.0,432700000.0
1099219,MET,2014,1076839639.0,WeightedAverageNumberOfDilutedSharesOutstanding,2012-12-31,10-K,2015-02-27,365,1.122,1208214074.9580002
1099219,MET,2015,1116202710.0,WeightedAverageNumberOfDilutedSharesOutstanding,2013-12-31,10-K,2016-02-25,364,1.122,1252379440.6200001
1099219,MET,2016,1108500000.0,WeightedAverageNumberOfDilutedSharesOutstanding,2016-12-31,10-K,2017-03-01,365,1.122,1243737000.0000002
1099219,MET,2017,1108500000.0,WeightedAverageNumberOfDilutedSharesOutstanding,2016-12-31,10-K,2018-03-01,365,1.122,1243737000.0000002
1099219,MET,2018,1108500000.0,WeightedAverageNumberOfDilutedSharesOutstanding,2016-12-31,10-K,2019-02-22,365,1.122,1243737000.0000002
1099219,MET,2019,1078500000.0,WeightedAverageNumberOfDilutedSharesOutstanding,2017-12-31,10-K,2020-02-21,364,1.0,1078500000.0
1099219,MET,2020,913200000.0,WeightedAverageNumberOfDilutedSharesOutstanding,2020-12-31,10-K,2021-02-19,365,1.0,913200000.0
1099219,MET,2021,913200000.0,WeightedAverageNumberOfDilutedSharesOutstanding,2020-12-31,10-K,2022-02-18,365,1.0,913200000.0
1099219,MET,2022,913200000.0,WeightedAverageNumberOfDilutedSharesOutstanding,2020-12-31,10-K,2023-02-23,365,1.0,913200000.0
1099219,MET,2023,869400000.0,WeightedAverageNumberOfDilutedSharesOutstanding,2021-12-31,10-K,2024-02-16,364,1.0,869400000.0
1099219,MET,2024,711100000.0,WeightedAverageNumberOfDilutedSharesOutstanding,2024-12-31,10-K,2025-02-21,365,1.0,711100000.0
1099219,MET,2025,711100000.0,WeightedAverageNumberOfDilutedSharesOutstanding,2024-12-31,10-K,2026-02-19,365,1.0,711100000.0
1099800,EW,2014,118300000.0,WeightedAverageNumberOfDilutedSharesOutstanding,2012-12-31,10-K,2015-02-20,365,6.0,709800000.0
1099800,EW,2015,227600000.0,WeightedAverageNumberOfDilutedSharesOutstanding,2013-12-31,10-K,2016-02-19,364,6.0,1365600000.0
1099800,EW,2016,217800000.0,WeightedAverageNumberOfDilutedSharesOutstanding,2016-12-31,10-K,2017-02-17,365,3.0,653400000.0
1099800,EW,2017,217800000.0,WeightedAverageNumberOfDilutedSharesOutstanding,2016-12-31,10-K,2018-02-16,365,3.0,653400000.0
1099800,EW,2018,217800000.0,WeightedAverageNumberOfDilutedSharesOutstanding,2016-12-31,10-K,2019-02-15,365,3.0,653400000.0
1099800,EW,2019,215900000.0,WeightedAverageNumberOfDilutedSharesOutstanding,2017-12-31,10-K,2020-02-14,364,3.0,647700000.0
1099800,EW,2020,631900000.0,WeightedAverageNumberOfDilutedSharesOutstanding,2020-12-31,10-K,2021-02-12,365,1.0,631900000.0
1099800,EW,2021,631900000.0,WeightedAverageNumberOfDilutedSharesOutstanding,2020-12-31,10-K,2022-02-14,365,1.0,631900000.0
1099800,EW,2022,631900000.0,WeightedAverageNumberOfDilutedSharesOutstanding,2020-12-31,10-K,2023-02-13,365,1.0,631900000.0
1099800,EW,2023,631200000.0,WeightedAverageNumberOfDilutedSharesOutstanding,2021-12-31,10-K,2024-02-12,364,1.0,631200000.0
1099800,EW,2024,599300000.0,WeightedAverageNumberOfDilutedSharesOutstanding,2024-12-31,10-K,2025-02-28,365,1.0,599300000.0
1099800,EW,2025,599300000.0,WeightedAverageNumberOfDilutedSharesOutstanding,2024-12-31,10-K,2026-02-25,365,1.0,599300000.0
1100682,CRL,2016,47958000.0,WeightedAverageNumberOfDilutedSharesOutstanding,2016-12-31,10-K,2017-02-14,370,1.0,47958000.0
1100682,CRL,2017,47958000.0,WeightedAverageNumberOfDilutedSharesOutstanding,2016-12-31,10-K,2018-02-13,370,1.0,47958000.0
1100682,CRL,2018,47958000.0,WeightedAverageNumberOfDilutedSharesOutstanding,2016-12-31,10-K,2019-02-13,370,1.0,47958000.0
1100682,CRL,2019,48564000.0,WeightedAverageNumberOfDilutedSharesOutstanding,2017-12-30,10-K,2020-02-11,363,1.0,48564000.0
1100682,CRL,2020,49018000.0,WeightedAverageNumberOfDilutedSharesOutstanding,2018-12-29,10-K,2021-02-17,363,1.0,49018000.0
1100682,CRL,2021,49693000.0,WeightedAverageNumberOfDilutedSharesOutstanding,2019-12-28,10-K,2022-02-16,363,1.0,49693000.0
1100682,CRL,2022,51301000.0,WeightedAverageNumberOfDilutedSharesOutstanding,2022-12-31,10-K,2023-02-22,370,1.0,51301000.0
1100682,CRL,2023,51301000.0,WeightedAverageNumberOfDilutedSharesOutstanding,2022-12-31,10-K,2024-02-14,370,1.0,51301000.0
1100682,CRL,2024,51301000.0,WeightedAverageNumberOfDilutedSharesOutstanding,2022-12-31,10-K,2025-02-19,370,1.0,51301000.0
1100682,CRL,2025,51451000.0,WeightedAverageNumberOfDilutedSharesOutstanding,2023-12-30,10-K,2026-02-18,363,1.0,51451000.0
1101239,EQIX,2014,51816000.0,WeightedAverageNumberOfDilutedSharesOutstanding,2012-12-31,10-K,2015-03-02,365,1.0,51816000.0
1101239,EQIX,2015,50116000.0,WeightedAverageNumberOfDilutedSharesOutstanding,2013-12-31,10-K,2016-02-26,364,1.0,50116000.0
1101239,EQIX,2016,70816000.0,WeightedAverageNumberOfDilutedSharesOutstanding,2016-12-31,10-K,2017-02-27,365,1.0,70816000.0
1101239,EQIX,2017,70816000.0,WeightedAverageNumberOfDilutedSharesOutstanding,2016-12-31,10-K,2018-02-26,365,1.0,70816000.0
1101239,EQIX,2018,70816000.0,WeightedAverageNumberOfDilutedSharesOutstanding,2016-12-31,10-K,2019-02-22,365,1.0,70816000.0
1101239,EQIX,2019,77535000.0,WeightedAverageNumberOfDilutedSharesOutstanding,2017-12-31,10-K,2020-02-21,364,1.0,77535000.0
1101239,EQIX,2020,88410000.0,WeightedAverageNumberOfDilutedSharesOutstanding,2020-12-31,10-K,2021-02-19,365,1.0,88410000.0
1101239,EQIX,2021,88410000.0,WeightedAverageNumberOfDilutedSharesOutstanding,2020-12-31,10-K,2022-02-18,365,1.0,88410000.0
1101239,EQIX,2022,88410000.0,WeightedAverageNumberOfDilutedSharesOutstanding,2020-12-31,10-K,2023-02-17,365,1.0,88410000.0
1101239,EQIX,2023,90409000.0,WeightedAverageNumberOfDilutedSharesOutstanding,2021-12-31,10-K,2024-02-16,364,1.0,90409000.0
1101239,EQIX,2024,95827000.0,WeightedAverageNumberOfDilutedSharesOutstanding,2024-12-31,10-K,2025-02-12,365,1.0,95827000.0
1101239,EQIX,2025,95827000.0,WeightedAverageNumberOfDilutedSharesOutstanding,2024-12-31,10-K,2026-02-11,365,1.0,95827000.0
1103982,MDLZ,2014,1789000000.0,WeightedAverageNumberOfDilutedSharesOutstanding,2012-12-31,10-K,2015-02-20,365,1.0,1789000000.0
1103982,MDLZ,2015,1789000000.0,WeightedAverageNumberOfDilutedSharesOutstanding,2013-12-31,10-K,2016-02-19,364,1.0,1789000000.0
1103982,MDLZ,2016,1573000000.0,WeightedAverageNumberOfDilutedSharesOutstanding,2016-12-31,10-K,2017-02-24,365,1.0,1573000000.0
1103982,MDLZ,2017,1573000000.0,WeightedAverageNumberOfDilutedSharesOutstanding,2016-12-31,10-K,2018-02-09,365,1.0,1573000000.0
1103982,MDLZ,2018,1573000000.0,WeightedAverageNumberOfDilutedSharesOutstanding,2016-12-31,10-K,2019-02-08,365,1.0,1573000000.0
1103982,MDLZ,2019,1531000000.0,WeightedAverageNumberOfDilutedSharesOutstanding,2017-12-31,10-K,2020-02-07,364,1.0,1531000000.0
1103982,MDLZ,2020,1441000000.0,WeightedAverageNumberOfDilutedSharesOutstanding,2020-12-31,10-K,2021-02-05,365,1.0,1441000000.0
1103982,MDLZ,2021,1441000000.0,WeightedAverageNumberOfDilutedSharesOutstanding,2020-12-31,10-K,2022-02-04,365,1.0,1441000000.0
1103982,MDLZ,2022,1441000000.0,WeightedAverageNumberOfDilutedSharesOutstanding,2020-12-31,10-K,2023-02-03,365,1.0,1441000000.0
1103982,MDLZ,2023,1413000000.0,WeightedAverageNumberOfDilutedSharesOutstanding,2021-12-31,10-K,2024-02-02,364,1.0,1413000000.0
1103982,MDLZ,2024,1347000000.0,WeightedAverageNumberOfDilutedSharesOutstanding,2024-12-31,10-K,2025-02-05,365,1.0,1347000000.0
1103982,MDLZ,2025,1347000000.0,WeightedAverageNumberOfDilutedSharesOutstanding,2024-12-31,10-K,2026-02-04,365,1.0,1347000000.0
1108524,CRM,2015,564896000.0,WeightedAverageNumberOfDilutedSharesOutstanding,2013-01-31,10-K,2015-03-06,365,4.0,2259584000.0
1108524,CRM,2016,597613000.0,WeightedAverageNumberOfDilutedSharesOutstanding,2014-01-31,10-K,2016-03-07,364,1.0,597613000.0
1108524,CRM,2017,700217000.0,WeightedAverageNumberOfDilutedSharesOutstanding,2017-01-31,10-K,2017-03-06,365,1.0,700217000.0
1108524,CRM,2018,700217000.0,WeightedAverageNumberOfDilutedSharesOutstanding,2017-01-31,10-K,2018-03-09,365,1.0,700217000.0
1108524,CRM,2019,700000000.0,WeightedAverageNumberOfDilutedSharesOutstanding,2017-01-31,10-K,2019-03-08,365,1.0,700000000.0
1108524,CRM,2020,930000000.0,WeightedAverageNumberOfDilutedSharesOutstanding,2021-01-31,10-K,2021-03-17,365,1.0,930000000.0
1108524,CRM,2021,930000000.0,WeightedAverageNumberOfDilutedSharesOutstanding,2021-01-31,10-K,2021-03-17,365,1.0,930000000.0
1108524,CRM,2022,930000000.0,WeightedAverageNumberOfDilutedSharesOutstanding,2021-01-31,10-K,2022-03-11,365,1.0,930000000.0
1108524,CRM,2023,930000000.0,WeightedAverageNumberOfDilutedSharesOutstanding,2021-01-31,10-K,2023-03-08,365,1.0,930000000.0
1108524,CRM,2024,974000000.0,WeightedAverageNumberOfDilutedSharesOutstanding,2022-01-31,10-K,2024-03-06,364,1.0,974000000.0
1108524,CRM,2025,974000000.0,WeightedAverageNumberOfDilutedSharesOutstanding,2025-01-31,10-K,2026-03-02,365,1.0,974000000.0
1109357,EXC,2014,819000000.0,WeightedAverageNumberOfDilutedSharesOutstanding,2012-12-31,10-K,2015-02-13,365,1.402,1148238000.0
1109357,EXC,2015,860000000.0,WeightedAverageNumberOfDilutedSharesOutstanding,2013-12-31,10-K,2016-02-10,364,1.402,1205720000.0
1109357,EXC,2016,927000000.0,WeightedAverageNumberOfDilutedSharesOutstanding,2016-12-31,10-K,2017-02-13,365,1.402,1299654000.0
1109357,EXC,2017,927000000.0,WeightedAverageNumberOfDilutedSharesOutstanding,2016-12-31,10-K,2018-02-09,365,1.402,1299654000.0
1109357,EXC,2018,927000000.0,WeightedAverageNumberOfDilutedSharesOutstanding,2016-12-31,10-K,2019-02-08,365,1.402,1299654000.0
1109357,EXC,2019,949000000.0,WeightedAverageNumberOfDilutedSharesOutstanding,2017-12-31,10-K,2020-02-11,364,1.402,1330498000.0
1109357,EXC,2020,977000000.0,WeightedAverageNumberOfDilutedSharesOutstanding,2020-12-31,10-K,2021-02-24,365,1.402,1369754000.0
1109357,EXC,2021,977000000.0,WeightedAverageNumberOfDilutedSharesOutstanding,2020-12-31,10-K,2022-02-25,365,1.402,1369754000.0
1109357,EXC,2022,977000000.0,WeightedAverageNumberOfDilutedSharesOutstanding,2020-12-31,10-K,2023-02-14,365,1.402,1369754000.0
1109357,EXC,2023,980000000.0,WeightedAverageNumberOfDilutedSharesOutstanding,2021-12-31,10-K,2024-02-21,364,1.402,1373960000.0
1109357,EXC,2024,1003000000.0,WeightedAverageNumberOfDilutedSharesOutstanding,2024-12-31,10-K,2025-02-12,365,1.0,1003000000.0
1109357,EXC,2025,1003000000.0,WeightedAverageNumberOfDilutedSharesOutstanding,2024-12-31,10-K,2026-02-12,365,1.0,1003000000.0
1111711,NI,2015,313646000.0,WeightedAverageNumberOfDilutedSharesOutstanding,2013-12-31,10-K,2016-02-18,364,2.545,798229070.0
1111711,NI,2016,323524000.0,WeightedAverageNumberOfDilutedSharesOutstanding,2016-12-31,10-K,2017-05-08,365,1.0,323524000.0
1111711,NI,2017,323524000.0,WeightedAverageNumberOfDilutedSharesOutstanding,2016-12-31,10-K,2018-02-20,365,1.0,323524000.0
1111711,NI,2018,323524000.0,WeightedAverageNumberOfDilutedSharesOutstanding,2016-12-31,10-K,2019-02-20,365,1.0,323524000.0
1111711,NI,2019,330756000.0,WeightedAverageNumberOfDilutedSharesOutstanding,2017-12-31,10-K,2020-02-28,364,1.0,330756000.0
1111711,NI,2020,384347000.0,WeightedAverageNumberOfDilutedSharesOutstanding,2020-12-31,10-K,2021-02-17,365,1.0,384347000.0
1111711,NI,2021,384300000.0,WeightedAverageNumberOfDilutedSharesOutstanding,2020-12-31,10-K,2022-02-23,365,1.0,384300000.0
1111711,NI,2022,384300000.0,WeightedAverageNumberOfDilutedSharesOutstanding,2020-12-31,10-K,2023-02-22,365,1.0,384300000.0
1111711,NI,2023,417300000.0,WeightedAverageNumberOfDilutedSharesOutstanding,2021-12-31,10-K,2024-02-21,364,1.0,417300000.0
1111711,NI,2024,456000000.0,WeightedAverageNumberOfDilutedSharesOutstanding,2024-12-31,10-K,2025-02-12,365,1.0,456000000.0
1111711,NI,2025,456000000.0,WeightedAverageNumberOfDilutedSharesOutstanding,2024-12-31,10-K,2026-02-11,365,1.0,456000000.0
1113169,TROW,2014,261000000.0,WeightedAverageNumberOfDilutedSharesOutstanding,2012-12-31,10-K,2015-02-05,365,1.0,261000000.0
1113169,TROW,2015,266300000.0,WeightedAverageNumberOfDilutedSharesOutstanding,2013-12-31,10-K,2016-02-05,364,1.0,266300000.0
1113169,TROW,2016,250300000.0,WeightedAverageNumberOfDilutedSharesOutstanding,2016-12-31,10-K,2017-02-07,365,1.0,250300000.0
1113169,TROW,2017,250300000.0,WeightedAverageNumberOfDilutedSharesOutstanding,2016-12-31,10-K,2018-02-16,365,1.0,250300000.0
1113169,TROW,2018,250300000.0,WeightedAverageNumberOfDilutedSharesOutstanding,2016-12-31,10-K,2019-02-13,365,1.0,250300000.0
1113169,TROW,2019,245100000.0,WeightedAverageNumberOfDilutedSharesOutstanding,2017-12-31,10-K,2020-02-13,364,1.0,245100000.0
1113169,TROW,2020,231200000.0,WeightedAverageNumberOfDilutedSharesOutstanding,2020-12-31,10-K,2021-02-11,365,1.0,231200000.0
1113169,TROW,2021,231200000.0,WeightedAverageNumberOfDilutedSharesOutstanding,2020-12-31,10-K,2022-02-24,365,1.0,231200000.0
1113169,TROW,2022,231200000.0,WeightedAverageNumberOfDilutedSharesOutstanding,2020-12-31,10-K,2023-02-15,365,1.0,231200000.0
1113169,TROW,2023,228800000.0,WeightedAverageNumberOfDilutedSharesOutstanding,2021-12-31,10-K,2024-02-16,364,1.0,228800000.0
1113169,TROW,2024,223300000.0,WeightedAverageNumberOfDilutedSharesOutstanding,2024-12-31,10-K,2025-02-14,365,1.0,223300000.0
1113169,TROW,2025,223300000.0,WeightedAverageNumberOfDilutedSharesOutstanding,2024-12-31,10-K,2026-02-13,365,1.0,223300000.0
1116132,TPR,2014,294129000.0,WeightedAverageNumberOfDilutedSharesOutstanding,2012-06-30,10-K,2014-08-15,363,1.0,294129000.0
1116132,TPR,2015,286300000.0,WeightedAverageNumberOfDilutedSharesOutstanding,2013-06-29,10-K,2015-08-14,363,1.0,286300000.0
1116132,TPR,2016,279300000.0,WeightedAverageNumberOfDilutedSharesOutstanding,2016-07-02,10-K,2016-08-19,370,1.0,279300000.0
1116132,TPR,2017,279300000.0,WeightedAverageNumberOfDilutedSharesOutstanding,2016-07-02,10-K,2017-08-18,370,1.0,279300000.0
1116132,TPR,2018,279300000.0,WeightedAverageNumberOfDilutedSharesOutstanding,2016-07-02,10-K,2018-08-16,370,1.0,279300000.0
1116132,TPR,2019,282800000.0,WeightedAverageNumberOfDilutedSharesOutstanding,2017-07-01,10-K,2019-08-15,363,1.0,282800000.0
1116132,TPR,2020,288600000.0,WeightedAverageNumberOfDilutedSharesOutstanding,2018-06-30,10-K,2020-08-13,363,1.0,288600000.0
1116132,TPR,2021,283000000.0,WeightedAverageNumberOfDilutedSharesOutstanding,2021-07-03,10-K,2021-08-19,370,1.0,283000000.0
1116132,TPR,2022,283000000.0,WeightedAverageNumberOfDilutedSharesOutstanding,2021-07-03,10-K,2022-08-18,370,1.0,283000000.0
1116132,TPR,2023,283000000.0,WeightedAverageNumberOfDilutedSharesOutstanding,2021-07-03,10-K,2023-08-17,370,1.0,283000000.0
1116132,TPR,2024,270100000.0,WeightedAverageNumberOfDilutedSharesOutstanding,2022-07-02,10-K,2024-08-15,363,1.0,270100000.0
1116132,TPR,2025,241300000.0,WeightedAverageNumberOfDilutedSharesOutstanding,2023-07-01,10-K,2025-08-14,363,1.0,241300000.0
1116132,TPR,2026,233200000.0,WeightedAverageNumberOfDilutedSharesOutstanding,2024-06-29,10-K,2026-08-13,363,1.0,233200000.0
1120193,NDAQ,2014,172587870.0,WeightedAverageNumberOfDilutedSharesOutstanding,2012-12-31,10-K,2015-02-17,365,3.0,517763610.0
1120193,NDAQ,2015,171266146.0,WeightedAverageNumberOfDilutedSharesOutstanding,2013-12-31,10-K,2016-02-26,364,3.0,513798438.0
1120193,NDAQ,2016,168800997.0,WeightedAverageNumberOfDilutedSharesOutstanding,2016-12-31,10-K,2017-03-01,365,3.0,506402991.0
1120193,NDAQ,2017,168800997.0,WeightedAverageNumberOfDilutedSharesOutstanding,2016-12-31,10-K,2018-02-28,365,3.0,506402991.0
1120193,NDAQ,2018,168800997.0,WeightedAverageNumberOfDilutedSharesOutstanding,2016-12-31,10-K,2019-02-22,365,3.0,506402991.0
1120193,NDAQ,2019,169585031.0,WeightedAverageNumberOfDilutedSharesOutstanding,2017-12-31,10-K,2020-02-25,364,3.0,508755093.0
1120193,NDAQ,2020,166903941.0,WeightedAverageNumberOfDilutedSharesOutstanding,2020-12-31,10-K,2021-02-23,365,3.0,500711823.0
1120193,NDAQ,2021,166903941.0,WeightedAverageNumberOfDilutedSharesOutstanding,2020-12-31,10-K,2022-02-23,365,3.0,500711823.0
1120193,NDAQ,2022,500711823.0,WeightedAverageNumberOfDilutedSharesOutstanding,2020-12-31,10-K,2023-02-23,365,3.0,1502135469.0
1120193,NDAQ,2023,505087566.0,WeightedAverageNumberOfDilutedSharesOutstanding,2021-12-31,10-K,2024-02-21,364,3.0,1515262698.0
1120193,NDAQ,2024,579189522.0,WeightedAverageNumberOfDilutedSharesOutstanding,2024-12-31,10-K,2025-02-21,365,1.0,579189522.0
1120193,NDAQ,2025,579189522.0,WeightedAverageNumberOfDilutedSharesOutstanding,2024-12-31,10-K,2026-02-12,365,1.0,579189522.0
1121788,GRMN,2014,196213.0,WeightedAverageNumberOfDilutedSharesOutstanding,2012-12-29,10-K,2015-02-18,363,1.0,196213.0
1121788,GRMN,2015,196339.0,WeightedAverageNumberOfDilutedSharesOutstanding,2013-12-28,10-K,2016-02-17,363,1.0,196339.0
1121788,GRMN,2016,189343.0,WeightedAverageNumberOfDilutedSharesOutstanding,2016-12-31,10-K,2017-02-22,370,1.0,189343.0
1121788,GRMN,2017,189343.0,WeightedAverageNumberOfDilutedSharesOutstanding,2016-12-31,10-K,2018-02-21,370,1.0,189343.0
1121788,GRMN,2018,189343.0,WeightedAverageNumberOfDilutedSharesOutstanding,2016-12-31,10-K,2019-02-20,370,1.0,189343.0
1121788,GRMN,2019,188732000.0,WeightedAverageNumberOfDilutedSharesOutstanding,2017-12-30,10-K,2020-02-19,363,1.0,188732000.0
1121788,GRMN,2020,189734000.0,WeightedAverageNumberOfDilutedSharesOutstanding,2018-12-29,10-K,2021-02-17,363,1.0,189734000.0
1121788,GRMN,2021,190899000.0,WeightedAverageNumberOfDilutedSharesOutstanding,2019-12-28,10-K,2022-02-16,363,1.0,190899000.0
1121788,GRMN,2022,193042.0,WeightedAverageNumberOfDilutedSharesOutstanding,2022-12-31,10-K,2023-02-22,370,1.0,193042.0
1121788,GRMN,2023,193042.0,WeightedAverageNumberOfDilutedSharesOutstanding,2022-12-31,10-K,2024-02-21,370,1.0,193042.0
1121788,GRMN,2024,193042000.0,WeightedAverageNumberOfDilutedSharesOutstanding,2022-12-31,10-K,2025-02-19,370,1.0,193042000.0
1121788,GRMN,2025,192058000.0,WeightedAverageNumberOfDilutedSharesOutstanding,2023-12-30,10-K,2026-02-18,363,1.0,192058000.0
1123360,GPN,2014,79431000.0,WeightedAverageNumberOfDilutedSharesOutstanding,2012-05-31,10-K,2014-07-29,365,2.0,158862000.0
1123360,GPN,2015,78227000.0,WeightedAverageNumberOfDilutedSharesOutstanding,2013-05-31,10-K,2015-07-30,364,2.0,156454000.0
1123360,GPN,2016,133167000.0,WeightedAverageNumberOfDilutedSharesOutstanding,2016-05-31,10-K,2016-07-28,365,1.0,133167000.0
1123360,GPN,2017,133167000.0,WeightedAverageNumberOfDilutedSharesOutstanding,2016-05-31,10-K,2018-02-23,365,1.0,133167000.0
1123360,GPN,2018,133167000.0,WeightedAverageNumberOfDilutedSharesOutstanding,2016-05-31,10-K,2019-02-21,365,1.0,133167000.0
1123360,GPN,2019,155528000.0,WeightedAverageNumberOfDilutedSharesOutstanding,2017-12-31,10-K,2020-02-21,364,1.0,155528000.0
1123360,GPN,2020,300516000.0,WeightedAverageNumberOfDilutedSharesOutstanding,2020-12-31,10-K,2021-02-19,365,1.0,300516000.0
1123360,GPN,2021,300516000.0,WeightedAverageNumberOfDilutedSharesOutstanding,2020-12-31,10-K,2022-02-18,365,1.0,300516000.0
1123360,GPN,2022,300516000.0,WeightedAverageNumberOfDilutedSharesOutstanding,2020-12-31,10-K,2023-02-17,365,1.0,300516000.0
1123360,GPN,2023,293669000.0,WeightedAverageNumberOfDilutedSharesOutstanding,2021-12-31,10-K,2024-02-14,364,1.0,293669000.0
1123360,GPN,2024,254845000.0,WeightedAverageNumberOfDilutedSharesOutstanding,2024-12-31,10-K,2025-02-14,365,1.0,254845000.0
1123360,GPN,2025,254845000.0,WeightedAverageNumberOfDilutedSharesOutstanding,2024-12-31,10-K,2026-02-20,365,1.0,254845000.0
1126328,PFG,2014,300400000.0,WeightedAverageNumberOfDilutedSharesOutstanding,2012-12-31,10-K,2015-02-11,365,1.0,300400000.0
1126328,PFG,2015,298200000.0,WeightedAverageNumberOfDilutedSharesOutstanding,2013-12-31,10-K,2016-02-10,364,1.0,298200000.0
1126328,PFG,2016,292700000.0,WeightedAverageNumberOfDilutedSharesOutstanding,2016-12-31,10-K,2017-02-08,365,1.0,292700000.0
1126328,PFG,2017,292700000.0,WeightedAverageNumberOfDilutedSharesOutstanding,2016-12-31,10-K,2018-02-09,365,1.0,292700000.0
1126328,PFG,2018,292700000.0,WeightedAverageNumberOfDilutedSharesOutstanding,2016-12-31,10-K,2019-02-13,365,1.0,292700000.0
1126328,PFG,2019,293100000.0,WeightedAverageNumberOfDilutedSharesOutstanding,2017-12-31,10-K,2020-02-14,364,1.0,293100000.0
1126328,PFG,2020,276600000.0,WeightedAverageNumberOfDilutedSharesOutstanding,2020-12-31,10-K,2021-02-12,365,1.0,276600000.0
1126328,PFG,2021,276600000.0,WeightedAverageNumberOfDilutedSharesOutstanding,2020-12-31,10-K,2022-02-11,365,1.0,276600000.0
1126328,PFG,2022,276600000.0,WeightedAverageNumberOfDilutedSharesOutstanding,2020-12-31,10-K,2023-02-16,365,1.0,276600000.0
1126328,PFG,2023,272900000.0,WeightedAverageNumberOfDilutedSharesOutstanding,2021-12-31,10-K,2024-02-20,364,1.0,272900000.0
1126328,PFG,2024,235300000.0,WeightedAverageNumberOfDilutedSharesOutstanding,2024-12-31,10-K,2025-02-19,365,1.0,235300000.0
1126328,PFG,2025,235300000.0,WeightedAverageNumberOfDilutedSharesOutstanding,2024-12-31,10-K,2026-02-18,365,1.0,235300000.0
1130310,CNP,2014,429794000.0,WeightedAverageNumberOfDilutedSharesOutstanding,2012-12-31,10-K,2015-02-26,365,1.0,429794000.0
1130310,CNP,2015,430930000.0,WeightedAverageNumberOfDilutedSharesOutstanding,2013-12-31,10-K,2016-02-26,364,1.0,430930000.0
1130310,CNP,2016,433603000.0,WeightedAverageNumberOfDilutedSharesOutstanding,2016-12-31,10-K,2017-02-28,365,1.0,433603000.0
1130310,CNP,2017,433603000.0,WeightedAverageNumberOfDilutedSharesOutstanding,2016-12-31,10-K,2018-02-22,365,1.0,433603000.0
1130310,CNP,2018,433603000.0,WeightedAverageNumberOfDilutedSharesOutstanding,2016-12-31,10-K,2019-02-28,365,1.0,433603000.0
1130310,CNP,2019,434308000.0,WeightedAverageNumberOfDilutedSharesOutstanding,2017-12-31,10-K,2020-02-27,364,1.0,434308000.0
1130310,CNP,2020,531031000.0,WeightedAverageNumberOfDilutedSharesOutstanding,2020-12-31,10-K,2021-02-25,365,1.0,531031000.0
1130310,CNP,2021,531031000.0,WeightedAverageNumberOfDilutedSharesOutstanding,2020-12-31,10-K,2022-02-22,365,1.0,531031000.0
1130310,CNP,2022,531031000.0,WeightedAverageNumberOfDilutedSharesOutstanding,2020-12-31,10-K,2023-02-17,365,1.0,531031000.0
1130310,CNP,2023,609938000.0,WeightedAverageNumberOfDilutedSharesOutstanding,2021-12-31,10-K,2024-02-20,364,1.0,609938000.0
1130310,CNP,2024,644137000.0,WeightedAverageNumberOfDilutedSharesOutstanding,2024-12-31,10-K,2025-02-20,365,1.0,644137000.0
1130310,CNP,2025,644137000.0,WeightedAverageNumberOfDilutedSharesOutstanding,2024-12-31,10-K,2026-02-19,365,1.0,644137000.0
1133421,NOC,2014,253400000.0,WeightedAverageNumberOfDilutedSharesOutstanding,2012-12-31,10-K,2015-02-02,365,1.0,253400000.0
1133421,NOC,2015,233900000.0,WeightedAverageNumberOfDilutedSharesOutstanding,2013-12-31,10-K,2016-02-01,364,1.0,233900000.0
1133421,NOC,2016,180500000.0,WeightedAverageNumberOfDilutedSharesOutstanding,2016-12-31,10-K,2017-01-30,365,1.0,180500000.0
1133421,NOC,2017,180500000.0,WeightedAverageNumberOfDilutedSharesOutstanding,2016-12-31,10-K,2018-01-29,365,1.0,180500000.0
1133421,NOC,2018,180500000.0,WeightedAverageNumberOfDilutedSharesOutstanding,2016-12-31,10-K,2019-01-31,365,1.0,180500000.0
1133421,NOC,2019,175600000.0,WeightedAverageNumberOfDilutedSharesOutstanding,2017-12-31,10-K,2020-01-30,364,1.0,175600000.0
1133421,NOC,2020,167600000.0,WeightedAverageNumberOfDilutedSharesOutstanding,2020-12-31,10-K,2021-01-28,365,1.0,167600000.0
1133421,NOC,2021,167600000.0,WeightedAverageNumberOfDilutedSharesOutstanding,2020-12-31,10-K,2022-01-27,365,1.0,167600000.0
1133421,NOC,2022,167600000.0,WeightedAverageNumberOfDilutedSharesOutstanding,2020-12-31,10-K,2023-01-26,365,1.0,167600000.0
1133421,NOC,2023,160900000.0,WeightedAverageNumberOfDilutedSharesOutstanding,2021-12-31,10-K,2024-01-25,364,1.0,160900000.0
1133421,NOC,2024,147300000.0,WeightedAverageNumberOfDilutedSharesOutstanding,2024-12-31,10-K,2025-01-30,365,1.0,147300000.0
1133421,NOC,2025,147300000.0,WeightedAverageNumberOfDilutedSharesOutstanding,2024-12-31,10-K,2026-01-27,365,1.0,147300000.0
1136869,ZBH,2014,176000000.0,WeightedAverageNumberOfDilutedSharesOutstanding,2012-12-31,10-K,2015-02-23,365,1.03,181280000.0
1136869,ZBH,2015,171800000.0,WeightedAverageNumberOfDilutedSharesOutstanding,2013-12-31,10-K,2016-02-29,364,1.03,176954000.0
1136869,ZBH,2016,202400000.0,WeightedAverageNumberOfDilutedSharesOutstanding,2016-12-31,10-K,2017-03-01,365,1.03,208472000.0
1136869,ZBH,2017,202400000.0,WeightedAverageNumberOfDilutedSharesOutstanding,2016-12-31,10-K,2018-02-27,365,1.03,208472000.0
1136869,ZBH,2018,202400000.0,WeightedAverageNumberOfDilutedSharesOutstanding,2016-12-31,10-K,2019-02-26,365,1.03,208472000.0
1136869,ZBH,2019,203700000.0,WeightedAverageNumberOfDilutedSharesOutstanding,2017-12-31,10-K,2020-02-21,364,1.03,209811000.0
1136869,ZBH,2020,207000000.0,WeightedAverageNumberOfDilutedSharesOutstanding,2020-12-31,10-K,2021-02-22,365,1.03,213210000.0
1136869,ZBH,2021,207000000.0,WeightedAverageNumberOfDilutedSharesOutstanding,2020-12-31,10-K,2022-02-25,365,1.03,213210000.0
1136869,ZBH,2022,207000000.0,WeightedAverageNumberOfDilutedSharesOutstanding,2020-12-31,10-K,2023-02-24,365,1.03,213210000.0
1136869,ZBH,2023,210400000.0,WeightedAverageNumberOfDilutedSharesOutstanding,2021-12-31,10-K,2024-02-23,364,1.03,216712000.0
1136869,ZBH,2024,203900000.0,WeightedAverageNumberOfDilutedSharesOutstanding,2024-12-31,10-K,2025-02-25,365,1.0,203900000.0
1136869,ZBH,2025,203900000.0,WeightedAverageNumberOfDilutedSharesOutstanding,2024-12-31,10-K,2026-02-20,365,1.0,203900000.0
1136893,FIS,2014,297500000.0,WeightedAverageNumberOfDilutedSharesOutstanding,2012-12-31,10-K,2015-02-27,365,1.0,297500000.0
1136893,FIS,2015,294200000.0,WeightedAverageNumberOfDilutedSharesOutstanding,2013-12-31,10-K,2016-02-26,364,1.0,294200000.0
1136893,FIS,2016,330000000.0,WeightedAverageNumberOfDilutedSharesOutstanding,2016-12-31,10-K,2017-02-23,365,1.0,330000000.0
1136893,FIS,2017,330000000.0,WeightedAverageNumberOfDilutedSharesOutstanding,2016-12-31,10-K,2018-02-22,365,1.0,330000000.0
1136893,FIS,2018,330000000.0,WeightedAverageNumberOfDilutedSharesOutstanding,2016-12-31,10-K,2019-02-21,365,1.0,330000000.0
1136893,FIS,2019,336000000.0,WeightedAverageNumberOfDilutedSharesOutstanding,2017-12-31,10-K,2020-02-20,364,1.0,336000000.0
1136893,FIS,2020,627000000.0,WeightedAverageNumberOfDilutedSharesOutstanding,2020-12-31,10-K,2021-02-18,365,1.0,627000000.0
1136893,FIS,2021,627000000.0,WeightedAverageNumberOfDilutedSharesOutstanding,2020-12-31,10-K,2022-02-23,365,1.0,627000000.0
1136893,FIS,2022,627000000.0,WeightedAverageNumberOfDilutedSharesOutstanding,2020-12-31,10-K,2023-02-27,365,1.0,627000000.0
1136893,FIS,2023,621000000.0,WeightedAverageNumberOfDilutedSharesOutstanding,2021-12-31,10-K,2024-02-26,364,1.0,621000000.0
1136893,FIS,2024,555000000.0,WeightedAverageNumberOfDilutedSharesOutstanding,2024-12-31,10-K,2025-02-13,365,1.0,555000000.0
1136893,FIS,2025,555000000.0,WeightedAverageNumberOfDilutedSharesOutstanding,2024-12-31,10-K,2026-02-24,365,1.0,555000000.0
1137774,PRU,2017,446600000.0,WeightedAverageNumberOfDilutedSharesOutstanding,2016-12-31,10-K,2018-02-16,365,1.0,446600000.0
1137774,PRU,2018,446600000.0,WeightedAverageNumberOfDilutedSharesOutstanding,2016-12-31,10-K,2019-02-15,365,1.0,446600000.0
1137774,PRU,2019,436000000.0,WeightedAverageNumberOfDilutedSharesOutstanding,2017-12-31,10-K,2020-02-14,364,1.0,436000000.0
1137774,PRU,2020,395800000.0,WeightedAverageNumberOfDilutedSharesOutstanding,2020-12-31,10-K,2021-02-19,365,1.0,395800000.0
1137774,PRU,2021,395800000.0,WeightedAverageNumberOfDilutedSharesOutstanding,2020-12-31,10-K,2022-02-17,365,1.0,395800000.0
1137774,PRU,2022,395800000.0,WeightedAverageNumberOfDilutedSharesOutstanding,2020-12-31,10-K,2023-02-16,365,1.0,395800000.0
1137774,PRU,2023,390100000.0,WeightedAverageNumberOfDilutedSharesOutstanding,2021-12-31,10-K,2024-02-21,364,1.0,390100000.0
1137774,PRU,2024,359300000.0,WeightedAverageNumberOfDilutedSharesOutstanding,2024-12-31,10-K,2025-02-13,365,1.0,359300000.0
1137774,PRU,2025,359300000.0,WeightedAverageNumberOfDilutedSharesOutstanding,2024-12-31,10-K,2026-02-12,365,1.0,359300000.0
1137789,STX,2014,441000000.0,WeightedAverageNumberOfDilutedSharesOutstanding,2012-06-29,10-K,2014-08-08,363,1.0,441000000.0
1137789,STX,2015,331000000.0,WeightedAverageNumberOfDilutedSharesOutstanding,2015-07-03,10-K,2015-08-12,370,1.0,331000000.0
1137789,STX,2016,331000000.0,WeightedAverageNumberOfDilutedSharesOutstanding,2015-07-03,10-K,2016-08-05,370,1.0,331000000.0
1137789,STX,2017,331000000.0,WeightedAverageNumberOfDilutedSharesOutstanding,2015-07-03,10-K,2017-08-04,370,1.0,331000000.0
1137789,STX,2018,302000000.0,WeightedAverageNumberOfDilutedSharesOutstanding,2016-07-01,10-K,2018-08-03,363,1.0,302000000.0
1137789,STX,2019,299000000.0,WeightedAverageNumberOfDilutedSharesOutstanding,2017-06-30,10-K,2019-08-02,363,1.0,299000000.0
1137789,STX,2020,265000000.0,WeightedAverageNumberOfDilutedSharesOutstanding,2020-07-03,10-K,2020-08-07,370,1.0,265000000.0
1137789,STX,2021,265000000.0,WeightedAverageNumberOfDilutedSharesOutstanding,2020-07-03,10-K,2021-08-06,370,1.0,265000000.0
1137789,STX,2022,265000000.0,WeightedAverageNumberOfDilutedSharesOutstanding,2020-07-03,10-K,2022-08-05,370,1.0,265000000.0
1137789,STX,2023,245000000.0,WeightedAverageNumberOfDilutedSharesOutstanding,2021-07-02,10-K,2023-08-04,363,1.0,245000000.0
1137789,STX,2024,224000000.0,WeightedAverageNumberOfDilutedSharesOutstanding,2022-07-01,10-K,2024-08-02,363,1.0,224000000.0
1137789,STX,2026,229000000.0,WeightedAverageNumberOfDilutedSharesOutstanding,2026-07-03,10-K,2026-08-04,370,1.0,229000000.0
1138118,CBRE,2014,327044145.0,WeightedAverageNumberOfDilutedSharesOutstanding,2012-12-31,10-K,2015-03-02,365,1.0,327044145.0
1138118,CBRE,2015,331762854.0,WeightedAverageNumberOfDilutedSharesOutstanding,2013-12-31,10-K,2016-02-29,364,1.0,331762854.0
1138118,CBRE,2016,338424563.0,WeightedAverageNumberOfDilutedSharesOutstanding,2016-12-31,10-K,2017-03-01,365,1.0,338424563.0
1138118,CBRE,2017,338424563.0,WeightedAverageNumberOfDilutedSharesOutstanding,2016-12-31,10-K,2018-03-01,365,1.0,338424563.0
1138118,CBRE,2018,338424563.0,WeightedAverageNumberOfDilutedSharesOutstanding,2016-12-31,10-K,2019-03-01,365,1.0,338424563.0
1138118,CBRE,2019,340783556.0,WeightedAverageNumberOfDilutedSharesOutstanding,2017-12-31,10-K,2020-03-02,364,1.0,340783556.0
1138118,CBRE,2020,338392210.0,WeightedAverageNumberOfDilutedSharesOutstanding,2020-12-31,10-K,2021-02-24,365,1.0,338392210.0
1138118,CBRE,2021,338392210.0,WeightedAverageNumberOfDilutedSharesOutstanding,2020-12-31,10-K,2022-03-01,365,1.0,338392210.0
1138118,CBRE,2022,338392210.0,WeightedAverageNumberOfDilutedSharesOutstanding,2020-12-31,10-K,2023-02-27,365,1.0,338392210.0
1138118,CBRE,2023,339717401.0,WeightedAverageNumberOfDilutedSharesOutstanding,2021-12-31,10-K,2024-02-20,364,1.0,339717401.0
1138118,CBRE,2024,308033612.0,WeightedAverageNumberOfDilutedSharesOutstanding,2024-12-31,10-K,2025-02-14,365,1.0,308033612.0
1138118,CBRE,2025,308033612.0,WeightedAverageNumberOfDilutedSharesOutstanding,2024-12-31,10-K,2026-02-12,365,1.0,308033612.0
1140536,WTW,2014,173000000.0,WeightedAverageNumberOfDilutedSharesOutstanding,2012-12-31,10-K,2015-02-24,365,0.3775,65307500.0
1140536,WTW,2015,68000000.0,WeightedAverageNumberOfDilutedSharesOutstanding,2013-12-31,10-K,2016-02-29,364,0.3775,25670000.0
1140536,WTW,2016,138000000.0,WeightedAverageNumberOfDilutedSharesOutstanding,2016-12-31,10-K,2017-03-01,365,1.0,138000000.0
1140536,WTW,2017,138000000.0,WeightedAverageNumberOfDilutedSharesOutstanding,2016-12-31,10-K,2018-06-06,365,1.0,138000000.0
1140536,WTW,2018,138000000.0,WeightedAverageNumberOfDilutedSharesOutstanding,2016-12-31,10-K,2019-02-27,365,1.0,138000000.0
1140536,WTW,2019,136000000.0,WeightedAverageNumberOfDilutedSharesOutstanding,2017-12-31,10-K,2020-02-26,364,1.0,136000000.0
1140536,WTW,2020,130000000.0,WeightedAverageNumberOfDilutedSharesOutstanding,2020-12-31,10-K,2021-02-23,365,1.0,130000000.0
1140536,WTW,2021,129000000.0,WeightedAverageNumberOfDilutedSharesOutstanding,2021-12-31,10-K,2024-02-22,364,1.0,129000000.0
1140536,WTW,2024,102000000.0,WeightedAverageNumberOfDilutedSharesOutstanding,2024-12-31,10-K,2025-02-25,365,1.0,102000000.0
1140536,WTW,2025,102000000.0,WeightedAverageNumberOfDilutedSharesOutstanding,2024-12-31,10-K,2026-02-25,365,1.0,102000000.0
1140859,COR,2014,256903000.0,WeightedAverageNumberOfDilutedSharesOutstanding,2012-09-30,10-K,2014-11-25,365,1.0,256903000.0
1140859,COR,2015,235345.0,WeightedAverageNumberOfDilutedSharesOutstanding,2013-09-30,10-K,2015-11-24,364,1.0,235345.0
1140859,COR,2016,225959000.0,WeightedAverageNumberOfDilutedSharesOutstanding,2016-09-30,10-K,2016-11-22,365,1.0,225959000.0
1140859,COR,2017,225959000.0,WeightedAverageNumberOfDilutedSharesOutstanding,2016-09-30,10-K,2017-11-21,365,1.0,225959000.0
1140859,COR,2018,225959000.0,WeightedAverageNumberOfDilutedSharesOutstanding,2016-09-30,10-K,2018-11-20,365,1.0,225959000.0
1140859,COR,2019,221602000.0,WeightedAverageNumberOfDilutedSharesOutstanding,2017-09-30,10-K,2019-11-19,364,1.0,221602000.0
1140859,COR,2020,204783000.0,WeightedAverageNumberOfDilutedSharesOutstanding,2020-09-30,10-K,2020-11-19,365,1.0,204783000.0
1140859,COR,2021,204783000.0,WeightedAverageNumberOfDilutedSharesOutstanding,2020-09-30,10-K,2021-11-23,365,1.0,204783000.0
1140859,COR,2022,204783000.0,WeightedAverageNumberOfDilutedSharesOutstanding,2020-09-30,10-K,2022-11-22,365,1.0,204783000.0
1140859,COR,2023,208465000.0,WeightedAverageNumberOfDilutedSharesOutstanding,2021-09-30,10-K,2023-11-21,364,1.0,208465000.0
1140859,COR,2024,200284000.0,WeightedAverageNumberOfDilutedSharesOutstanding,2024-09-30,10-K,2024-11-26,365,1.0,200284000.0
1140859,COR,2025,200284000.0,WeightedAverageNumberOfDilutedSharesOutstanding,2024-09-30,10-K,2025-11-25,365,1.0,200284000.0
1141391,MA,2014,1258000000.0,WeightedAverageNumberOfDilutedSharesOutstanding,2012-12-31,10-K,2015-02-13,365,10.0,12580000000.0
1141391,MA,2016,1101000000.0,WeightedAverageNumberOfDilutedSharesOutstanding,2016-12-31,10-K,2017-02-15,365,1.0,1101000000.0
1141391,MA,2019,1072000000.0,WeightedAverageNumberOfDilutedSharesOutstanding,2017-12-31,10-K,2020-02-14,364,1.0,1072000000.0
1141391,MA,2020,1006000000.0,WeightedAverageNumberOfDilutedSharesOutstanding,2020-12-31,10-K,2021-02-12,365,1.0,1006000000.0
1141391,MA,2021,1006000000.0,WeightedAverageNumberOfDilutedSharesOutstanding,2020-12-31,10-K,2022-02-11,365,1.0,1006000000.0
1141391,MA,2022,1006000000.0,WeightedAverageNumberOfDilutedSharesOutstanding,2020-12-31,10-K,2023-02-14,365,1.0,1006000000.0
1141391,MA,2023,992000000.0,WeightedAverageNumberOfDilutedSharesOutstanding,2021-12-31,10-K,2024-02-13,364,1.0,992000000.0
1141391,MA,2024,927000000.0,WeightedAverageNumberOfDilutedSharesOutstanding,2024-12-31,10-K,2025-02-12,365,1.0,927000000.0
1141391,MA,2025,927000000.0,WeightedAverageNumberOfDilutedSharesOutstanding,2024-12-31,10-K,2026-02-11,365,1.0,927000000.0
1145197,PODD,2018,57251377.0,WeightedAverageNumberOfDilutedSharesOutstanding,2016-12-31,10-K,2019-02-26,365,1.0,57251377.0
1145197,PODD,2019,58003434.0,WeightedAverageNumberOfDilutedSharesOutstanding,2017-12-31,10-K,2020-02-26,364,1.0,58003434.0
1145197,PODD,2020,65946000.0,WeightedAverageNumberOfDilutedSharesOutstanding,2020-12-31,10-K,2021-02-24,365,1.0,65946000.0
1145197,PODD,2021,65946000.0,WeightedAverageNumberOfDilutedSharesOutstanding,2020-12-31,10-K,2022-02-24,365,1.0,65946000.0
1145197,PODD,2022,65946000.0,WeightedAverageNumberOfDilutedSharesOutstanding,2020-12-31,10-K,2023-02-24,365,1.0,65946000.0
1145197,PODD,2023,68579000.0,WeightedAverageNumberOfDilutedSharesOutstanding,2021-12-31,10-K,2024-02-23,364,1.0,68579000.0
1145197,PODD,2024,73890000.0,WeightedAverageNumberOfDilutedSharesOutstanding,2024-12-31,10-K,2025-02-21,365,1.0,73890000.0
1145197,PODD,2025,73891000.0,WeightedAverageNumberOfDilutedSharesOutstanding,2024-12-31,10-K,2026-02-18,365,1.0,73891000.0
1156039,ELV,2015,303800000.0,WeightedAverageNumberOfDilutedSharesOutstanding,2013-12-31,10-K,2016-02-19,364,1.0,303800000.0
1156039,ELV,2016,268100000.0,WeightedAverageNumberOfDilutedSharesOutstanding,2016-12-31,10-K,2017-02-22,365,1.0,268100000.0
1156039,ELV,2017,268100000.0,WeightedAverageNumberOfDilutedSharesOutstanding,2016-12-31,10-K,2018-02-21,365,1.0,268100000.0
1156039,ELV,2018,268100000.0,WeightedAverageNumberOfDilutedSharesOutstanding,2016-12-31,10-K,2019-02-20,365,1.0,268100000.0
1156039,ELV,2019,267800000.0,WeightedAverageNumberOfDilutedSharesOutstanding,2017-12-31,10-K,2020-02-19,364,1.0,267800000.0
1156039,ELV,2020,254300000.0,WeightedAverageNumberOfDilutedSharesOutstanding,2020-12-31,10-K,2021-02-18,365,1.0,254300000.0
1156039,ELV,2021,254300000.0,WeightedAverageNumberOfDilutedSharesOutstanding,2020-12-31,10-K,2022-02-16,365,1.0,254300000.0
1156039,ELV,2022,254300000.0,WeightedAverageNumberOfDilutedSharesOutstanding,2020-12-31,10-K,2023-02-15,365,1.0,254300000.0
1156039,ELV,2023,246800000.0,WeightedAverageNumberOfDilutedSharesOutstanding,2021-12-31,10-K,2024-02-21,364,1.0,246800000.0
1156039,ELV,2024,232900000.0,WeightedAverageNumberOfDilutedSharesOutstanding,2024-12-31,10-K,2025-02-20,365,1.0,232900000.0
1156039,ELV,2025,232900000.0,WeightedAverageNumberOfDilutedSharesOutstanding,2024-12-31,10-K,2026-02-06,365,1.0,232900000.0
1156375,CME,2014,332319000.0,WeightedAverageNumberOfDilutedSharesOutstanding,2012-12-31,10-K,2015-02-26,365,1.0,332319000.0
1156375,CME,2015,334398000.0,WeightedAverageNumberOfDilutedSharesOutstanding,2013-12-31,10-K,2016-02-26,364,1.0,334398000.0
1156375,CME,2016,338966000.0,WeightedAverageNumberOfDilutedSharesOutstanding,2016-12-31,10-K,2017-02-27,365,1.0,338966000.0
1156375,CME,2017,338966000.0,WeightedAverageNumberOfDilutedSharesOutstanding,2016-12-31,10-K,2018-03-01,365,1.0,338966000.0
1156375,CME,2018,338966000.0,WeightedAverageNumberOfDilutedSharesOutstanding,2016-12-31,10-K,2019-02-28,365,1.0,338966000.0
1156375,CME,2019,340226000.0,WeightedAverageNumberOfDilutedSharesOutstanding,2017-12-31,10-K,2020-02-28,364,1.0,340226000.0
1156375,CME,2020,358524000.0,WeightedAverageNumberOfDilutedSharesOutstanding,2020-12-31,10-K,2021-02-26,365,1.0,358524000.0
1156375,CME,2021,358524000.0,WeightedAverageNumberOfDilutedSharesOutstanding,2020-12-31,10-K,2022-02-25,365,1.0,358524000.0
1156375,CME,2022,358524000.0,WeightedAverageNumberOfDilutedSharesOutstanding,2020-12-31,10-K,2023-02-27,365,1.0,358524000.0
1156375,CME,2023,358929000.0,WeightedAverageNumberOfDilutedSharesOutstanding,2021-12-31,10-K,2024-02-28,364,1.0,358929000.0
1156375,CME,2024,359944000.0,WeightedAverageNumberOfDilutedSharesOutstanding,2024-12-31,10-K,2025-02-27,365,1.0,359944000.0
1156375,CME,2025,359944000.0,WeightedAverageNumberOfDilutedSharesOutstanding,2024-12-31,10-K,2026-02-26,365,1.0,359944000.0
1163165,COP,2014,1253093.0,WeightedAverageNumberOfDilutedSharesOutstanding,2012-12-31,10-K,2015-02-24,365,1.0,1253093.0
1163165,COP,2015,1239803.0,WeightedAverageNumberOfDilutedSharesOutstanding,2013-12-31,10-K,2016-02-23,364,1.0,1239803.0
1163165,COP,2016,1245440.0,WeightedAverageNumberOfDilutedSharesOutstanding,2016-12-31,10-K,2017-02-21,365,1.0,1245440.0
1163165,COP,2017,1245440.0,WeightedAverageNumberOfDilutedSharesOutstanding,2016-12-31,10-K,2018-02-20,365,1.0,1245440.0
1163165,COP,2018,1245440.0,WeightedAverageNumberOfDilutedSharesOutstanding,2016-12-31,10-K,2019-02-19,365,1.0,1245440.0
1163165,COP,2019,1221038.0,WeightedAverageNumberOfDilutedSharesOutstanding,2017-12-31,10-K,2020-02-18,364,1.0,1221038.0
1163165,COP,2020,1078030.0,WeightedAverageNumberOfDilutedSharesOutstanding,2020-12-31,10-K,2021-02-16,365,1.0,1078030.0
1163165,COP,2021,1078030.0,WeightedAverageNumberOfDilutedSharesOutstanding,2020-12-31,10-K,2022-02-17,365,1.0,1078030.0
1163165,COP,2022,1078030000.0,WeightedAverageNumberOfDilutedSharesOutstanding,2020-12-31,10-K,2023-02-16,365,1.0,1078030000.0
1163165,COP,2023,1328151000.0,WeightedAverageNumberOfDilutedSharesOutstanding,2021-12-31,10-K,2024-02-15,364,1.0,1328151000.0
1163165,COP,2024,1180871000.0,WeightedAverageNumberOfDilutedSharesOutstanding,2024-12-31,10-K,2025-02-18,365,1.0,1180871000.0
1163165,COP,2025,1180871000.0,WeightedAverageNumberOfDilutedSharesOutstanding,2024-12-31,10-K,2026-02-17,365,1.0,1180871000.0
1164727,NEM,2014,499000000.0,WeightedAverageNumberOfDilutedSharesOutstanding,2012-12-31,10-K,2015-02-20,365,1.0,499000000.0
1164727,NEM,2015,498000000.0,WeightedAverageNumberOfDilutedSharesOutstanding,2013-12-31,10-K,2016-02-17,364,1.0,498000000.0
1164727,NEM,2016,532000000.0,WeightedAverageNumberOfDilutedSharesOutstanding,2016-12-31,10-K,2017-02-21,365,1.0,532000000.0
1164727,NEM,2017,532000000.0,WeightedAverageNumberOfDilutedSharesOutstanding,2016-12-31,10-K,2018-02-22,365,1.0,532000000.0
1164727,NEM,2018,532000000.0,WeightedAverageNumberOfDilutedSharesOutstanding,2016-12-31,10-K,2019-02-21,365,1.0,532000000.0
1164727,NEM,2019,535000000.0,WeightedAverageNumberOfDilutedSharesOutstanding,2017-12-31,10-K,2020-02-20,364,1.0,535000000.0
1164727,NEM,2020,806000000.0,WeightedAverageNumberOfDilutedSharesOutstanding,2020-12-31,10-K,2021-02-18,365,1.0,806000000.0
1164727,NEM,2021,806000000.0,WeightedAverageNumberOfDilutedSharesOutstanding,2020-12-31,10-K,2022-02-24,365,1.0,806000000.0
1164727,NEM,2022,806000000.0,WeightedAverageNumberOfDilutedSharesOutstanding,2020-12-31,10-K,2023-02-23,365,1.0,806000000.0
1164727,NEM,2023,801000000.0,WeightedAverageNumberOfDilutedSharesOutstanding,2021-12-31,10-K,2024-02-29,364,1.0,801000000.0
1164727,NEM,2024,1148000000.0,WeightedAverageNumberOfDilutedSharesOutstanding,2024-12-31,10-K,2025-02-21,365,1.0,1148000000.0
1164727,NEM,2025,1148000000.0,WeightedAverageNumberOfDilutedSharesOutstanding,2024-12-31,10-K,2026-02-19,365,1.0,1148000000.0
1166691,CMCSA,2014,2717000000.0,WeightedAverageNumberOfDilutedSharesOutstanding,2012-12-31,10-K,2015-02-27,365,2.134,5798078000.0
1166691,CMCSA,2015,2665000000.0,WeightedAverageNumberOfDilutedSharesOutstanding,2013-12-31,10-K,2016-02-05,364,2.134,5687110000.0
1166691,CMCSA,2016,2438000000.0,WeightedAverageNumberOfDilutedSharesOutstanding,2016-12-31,10-K,2017-02-03,365,2.134,5202692000.0
1166691,CMCSA,2017,4875000000.0,WeightedAverageNumberOfDilutedSharesOutstanding,2016-12-31,10-K,2018-01-31,365,2.134,10403250000.0
1166691,CMCSA,2018,4875000000.0,WeightedAverageNumberOfDilutedSharesOutstanding,2016-12-31,10-K,2019-01-31,365,2.134,10403250000.0
1166691,CMCSA,2019,4786000000.0,WeightedAverageNumberOfDilutedSharesOutstanding,2017-12-31,10-K,2020-01-30,364,1.067,5106662000.0
1166691,CMCSA,2020,4624000000.0,WeightedAverageNumberOfDilutedSharesOutstanding,2020-12-31,10-K,2021-02-04,365,1.067,4933808000.0
1166691,CMCSA,2021,4624000000.0,WeightedAverageNumberOfDilutedSharesOutstanding,2020-12-31,10-K,2022-02-02,365,1.067,4933808000.0
1166691,CMCSA,2022,4624000000.0,WeightedAverageNumberOfDilutedSharesOutstanding,2020-12-31,10-K,2023-02-03,365,1.067,4933808000.0
1166691,CMCSA,2023,4654000000.0,WeightedAverageNumberOfDilutedSharesOutstanding,2021-12-31,10-K,2024-01-31,364,1.067,4965818000.0
1166691,CMCSA,2024,3908000000.0,WeightedAverageNumberOfDilutedSharesOutstanding,2024-12-31,10-K,2025-01-31,365,1.067,4169836000.0
1166691,CMCSA,2025,3908000000.0,WeightedAverageNumberOfDilutedSharesOutstanding,2024-12-31,10-K,2026-02-03,365,1.067,4169836000.0
1174922,WYNN,2014,104249000.0,WeightedAverageNumberOfDilutedSharesOutstanding,2012-12-31,10-K,2015-03-02,365,1.0,104249000.0
1174922,WYNN,2015,101641000.0,WeightedAverageNumberOfDilutedSharesOutstanding,2013-12-31,10-K,2016-02-29,364,1.0,101641000.0
1174922,WYNN,2016,101855000.0,WeightedAverageNumberOfDilutedSharesOutstanding,2016-12-31,10-K,2017-02-24,365,1.0,101855000.0
1174922,WYNN,2017,101855000.0,WeightedAverageNumberOfDilutedSharesOutstanding,2016-12-31,10-K,2018-02-28,365,1.0,101855000.0
1174922,WYNN,2018,101855000.0,WeightedAverageNumberOfDilutedSharesOutstanding,2016-12-31,10-K,2019-02-28,365,1.0,101855000.0
1174922,WYNN,2019,102598000.0,WeightedAverageNumberOfDilutedSharesOutstanding,2017-12-31,10-K,2020-02-28,364,1.0,102598000.0
1174922,WYNN,2020,106745000.0,WeightedAverageNumberOfDilutedSharesOutstanding,2020-12-31,10-K,2021-02-26,365,1.0,106745000.0
1174922,WYNN,2021,106745000.0,WeightedAverageNumberOfDilutedSharesOutstanding,2020-12-31,10-K,2022-02-28,365,1.0,106745000.0
1174922,WYNN,2022,106745000.0,WeightedAverageNumberOfDilutedSharesOutstanding,2020-12-31,10-K,2023-02-27,365,1.0,106745000.0
1174922,WYNN,2023,113760000.0,WeightedAverageNumberOfDilutedSharesOutstanding,2021-12-31,10-K,2024-02-23,364,1.0,113760000.0
1174922,WYNN,2024,110267000.0,WeightedAverageNumberOfDilutedSharesOutstanding,2024-12-31,10-K,2025-02-13,365,1.0,110267000.0
1174922,WYNN,2025,110267000.0,WeightedAverageNumberOfDilutedSharesOutstanding,2024-12-31,10-K,2026-03-02,365,1.0,110267000.0
1175454,CPAY,2014,85736000.0,WeightedAverageNumberOfDilutedSharesOutstanding,2012-12-31,10-K,2015-03-02,365,1.0,85736000.0
1175454,CPAY,2015,84655000.0,WeightedAverageNumberOfDilutedSharesOutstanding,2013-12-31,10-K,2016-02-29,364,1.0,84655000.0
1175454,CPAY,2016,95213000.0,WeightedAverageNumberOfDilutedSharesOutstanding,2016-12-31,10-K,2017-03-01,365,1.0,95213000.0
1175454,CPAY,2017,95213000.0,WeightedAverageNumberOfDilutedSharesOutstanding,2016-12-31,10-K,2018-03-01,365,1.0,95213000.0
1175454,CPAY,2018,95213000.0,WeightedAverageNumberOfDilutedSharesOutstanding,2016-12-31,10-K,2019-03-01,365,1.0,95213000.0
1175454,CPAY,2019,93594000.0,WeightedAverageNumberOfDilutedSharesOutstanding,2017-12-31,10-K,2020-03-02,364,1.0,93594000.0
1175454,CPAY,2020,86719000.0,WeightedAverageNumberOfDilutedSharesOutstanding,2020-12-31,10-K,2021-02-26,365,1.0,86719000.0
1175454,CPAY,2021,86719000.0,WeightedAverageNumberOfDilutedSharesOutstanding,2020-12-31,10-K,2022-03-01,365,1.0,86719000.0
1175454,CPAY,2022,86719000.0,WeightedAverageNumberOfDilutedSharesOutstanding,2020-12-31,10-K,2023-02-28,365,1.0,86719000.0
1175454,CPAY,2023,84061000.0,WeightedAverageNumberOfDilutedSharesOutstanding,2021-12-31,10-K,2024-02-29,364,1.0,84061000.0
1175454,CPAY,2024,71848000.0,WeightedAverageNumberOfDilutedSharesOutstanding,2024-12-31,10-K,2025-02-27,365,1.0,71848000.0
1175454,CPAY,2025,71848000.0,WeightedAverageNumberOfDilutedSharesOutstanding,2024-12-31,10-K,2026-02-27,365,1.0,71848000.0
1260221,TDG,2022,57300000.0,WeightedAverageNumberOfDilutedSharesOutstanding,2020-09-30,10-K,2022-11-10,365,1.0,57300000.0
1260221,TDG,2023,58400000.0,WeightedAverageNumberOfDilutedSharesOutstanding,2021-09-30,10-K,2023-11-09,364,1.0,58400000.0
1260221,TDG,2024,57800000.0,WeightedAverageNumberOfDilutedSharesOutstanding,2024-09-30,10-K,2024-11-07,365,1.0,57800000.0
1260221,TDG,2025,57800000.0,WeightedAverageNumberOfDilutedSharesOutstanding,2024-09-30,10-K,2025-11-12,365,1.0,57800000.0
1262039,FTNT,2014,166329000.0,WeightedAverageNumberOfDilutedSharesOutstanding,2012-12-31,10-K,2015-03-02,365,5.0,831645000.0
1262039,FTNT,2015,168183000.0,WeightedAverageNumberOfDilutedSharesOutstanding,2013-12-31,10-K,2016-02-26,364,5.0,840915000.0
1262039,FTNT,2016,176338000.0,WeightedAverageNumberOfDilutedSharesOutstanding,2016-12-31,10-K,2017-03-01,365,5.0,881690000.0
1262039,FTNT,2017,176338000.0,WeightedAverageNumberOfDilutedSharesOutstanding,2016-12-31,10-K,2018-02-26,365,5.0,881690000.0
1262039,FTNT,2018,176300000.0,WeightedAverageNumberOfDilutedSharesOutstanding,2016-12-31,10-K,2019-02-27,365,5.0,881500000.0
1262039,FTNT,2019,178100000.0,WeightedAverageNumberOfDilutedSharesOutstanding,2017-12-31,10-K,2020-02-26,364,5.0,890500000.0
1262039,FTNT,2020,167700000.0,WeightedAverageNumberOfDilutedSharesOutstanding,2020-12-31,10-K,2021-02-19,365,5.0,838500000.0
1262039,FTNT,2021,167700000.0,WeightedAverageNumberOfDilutedSharesOutstanding,2020-12-31,10-K,2022-02-25,365,5.0,838500000.0
1262039,FTNT,2022,838300000.0,WeightedAverageNumberOfDilutedSharesOutstanding,2020-12-31,10-K,2023-02-24,365,5.0,4191500000.0
1262039,FTNT,2023,835300000.0,WeightedAverageNumberOfDilutedSharesOutstanding,2021-12-31,10-K,2024-02-26,364,5.0,4176500000.0
1262039,FTNT,2024,771900000.0,WeightedAverageNumberOfDilutedSharesOutstanding,2024-12-31,10-K,2025-02-21,365,1.0,771900000.0
1262039,FTNT,2025,771900000.0,WeightedAverageNumberOfDilutedSharesOutstanding,2024-12-31,10-K,2026-02-25,365,1.0,771900000.0
1267238,AIZ,2014,85307065.0,WeightedAverageNumberOfDilutedSharesOutstanding,2012-12-31,10-K,2015-02-19,365,1.0,85307065.0
1267238,AIZ,2015,77654764.0,WeightedAverageNumberOfDilutedSharesOutstanding,2013-12-31,10-K,2016-02-16,364,1.0,77654764.0
1267238,AIZ,2016,61934774.0,WeightedAverageNumberOfDilutedSharesOutstanding,2016-12-31,10-K,2017-02-14,365,1.0,61934774.0
1267238,AIZ,2017,61934774.0,WeightedAverageNumberOfDilutedSharesOutstanding,2016-12-31,10-K,2018-02-14,365,1.0,61934774.0
1267238,AIZ,2018,61934774.0,WeightedAverageNumberOfDilutedSharesOutstanding,2016-12-31,10-K,2019-02-22,365,1.0,61934774.0
1267238,AIZ,2019,55311032.0,WeightedAverageNumberOfDilutedSharesOutstanding,2017-12-31,10-K,2020-02-19,364,1.0,55311032.0
1267238,AIZ,2020,63179938.0,WeightedAverageNumberOfDilutedSharesOutstanding,2020-12-31,10-K,2021-02-19,365,1.0,63179938.0
1267238,AIZ,2021,63179938.0,WeightedAverageNumberOfDilutedSharesOutstanding,2020-12-31,10-K,2022-02-22,365,1.0,63179938.0
1267238,AIZ,2022,63179938.0,WeightedAverageNumberOfDilutedSharesOutstanding,2020-12-31,10-K,2023-02-17,365,1.0,63179938.0
1267238,AIZ,2023,60123694.0,WeightedAverageNumberOfDilutedSharesOutstanding,2021-12-31,10-K,2024-02-15,364,1.0,60123694.0
1267238,AIZ,2024,52581102.0,WeightedAverageNumberOfDilutedSharesOutstanding,2024-12-31,10-K,2025-02-20,365,1.0,52581102.0
1267238,AIZ,2025,52052961.0,WeightedAverageNumberOfDilutedSharesOutstanding,2024-12-31,10-K,2026-02-19,365,1.0,52052961.0
1274494,FSLR,2014,86860000.0,WeightedAverageNumberOfDilutedSharesOutstanding,2012-12-31,10-K,2015-02-25,365,1.0,86860000.0
1274494,FSLR,2015,95468000.0,WeightedAverageNumberOfDilutedSharesOutstanding,2013-12-31,10-K,2016-02-24,364,1.0,95468000.0
1274494,FSLR,2016,102866000.0,WeightedAverageNumberOfDilutedSharesOutstanding,2016-12-31,10-K,2017-02-22,365,1.0,102866000.0
1274494,FSLR,2017,102866000.0,WeightedAverageNumberOfDilutedSharesOutstanding,2016-12-31,10-K,2018-02-23,365,1.0,102866000.0
1274494,FSLR,2018,102866000.0,WeightedAverageNumberOfDilutedSharesOutstanding,2016-12-31,10-K,2019-02-22,365,1.0,102866000.0
1274494,FSLR,2019,104328000.0,WeightedAverageNumberOfDilutedSharesOutstanding,2017-12-31,10-K,2020-02-21,364,1.0,104328000.0
1274494,FSLR,2020,106686000.0,WeightedAverageNumberOfDilutedSharesOutstanding,2020-12-31,10-K,2021-02-26,365,1.0,106686000.0
1274494,FSLR,2021,106686000.0,WeightedAverageNumberOfDilutedSharesOutstanding,2020-12-31,10-K,2022-03-01,365,1.0,106686000.0
1274494,FSLR,2022,106686000.0,WeightedAverageNumberOfDilutedSharesOutstanding,2020-12-31,10-K,2023-02-28,365,1.0,106686000.0
1274494,FSLR,2023,106924000.0,WeightedAverageNumberOfDilutedSharesOutstanding,2021-12-31,10-K,2024-02-27,364,1.0,106924000.0
1274494,FSLR,2024,107525000.0,WeightedAverageNumberOfDilutedSharesOutstanding,2024-12-31,10-K,2025-02-25,365,1.0,107525000.0
1274494,FSLR,2025,107525000.0,WeightedAverageNumberOfDilutedSharesOutstanding,2024-12-31,10-K,2026-02-24,365,1.0,107525000.0
1280452,MPWR,2014,36247000.0,WeightedAverageNumberOfDilutedSharesOutstanding,2012-12-31,10-K,2015-03-02,365,1.0,36247000.0
1280452,MPWR,2015,38620000.0,WeightedAverageNumberOfDilutedSharesOutstanding,2013-12-31,10-K,2016-02-29,364,1.0,38620000.0
1280452,MPWR,2016,41915000.0,WeightedAverageNumberOfDilutedSharesOutstanding,2016-12-31,10-K,2017-03-01,365,1.0,41915000.0
1280452,MPWR,2017,41915000.0,WeightedAverageNumberOfDilutedSharesOutstanding,2016-12-31,10-K,2018-03-01,365,1.0,41915000.0
1280452,MPWR,2018,41915000.0,WeightedAverageNumberOfDilutedSharesOutstanding,2016-12-31,10-K,2019-03-01,365,1.0,41915000.0
1280452,MPWR,2019,43578000.0,WeightedAverageNumberOfDilutedSharesOutstanding,2017-12-31,10-K,2020-02-28,364,1.0,43578000.0
1280452,MPWR,2020,47014000.0,WeightedAverageNumberOfDilutedSharesOutstanding,2020-12-31,10-K,2021-03-01,365,1.0,47014000.0
1280452,MPWR,2021,47014000.0,WeightedAverageNumberOfDilutedSharesOutstanding,2020-12-31,10-K,2022-02-25,365,1.0,47014000.0
1280452,MPWR,2022,47014000.0,WeightedAverageNumberOfDilutedSharesOutstanding,2020-12-31,10-K,2023-02-24,365,1.0,47014000.0
1280452,MPWR,2023,47889000.0,WeightedAverageNumberOfDilutedSharesOutstanding,2021-12-31,10-K,2024-02-29,364,1.0,47889000.0
1280452,MPWR,2024,48835000.0,WeightedAverageNumberOfDilutedSharesOutstanding,2024-12-31,10-K,2025-03-03,365,1.0,48835000.0
1280452,MPWR,2025,48835000.0,WeightedAverageNumberOfDilutedSharesOutstanding,2024-12-31,10-K,2026-02-27,365,1.0,48835000.0
1281761,RF,2014,1387000000.0,WeightedAverageNumberOfDilutedSharesOutstanding,2012-12-31,10-K,2015-02-17,365,1.0,1387000000.0
1281761,RF,2015,1410000000.0,WeightedAverageNumberOfDilutedSharesOutstanding,2013-12-31,10-K,2016-02-16,364,1.0,1410000000.0
1281761,RF,2016,1261000000.0,WeightedAverageNumberOfDilutedSharesOutstanding,2016-12-31,10-K,2017-02-24,365,1.0,1261000000.0
1281761,RF,2017,1261000000.0,WeightedAverageNumberOfDilutedSharesOutstanding,2016-12-31,10-K,2018-02-26,365,1.0,1261000000.0
1281761,RF,2018,1261000000.0,WeightedAverageNumberOfDilutedSharesOutstanding,2016-12-31,10-K,2019-02-22,365,1.0,1261000000.0
1281761,RF,2019,1198000000.0,WeightedAverageNumberOfDilutedSharesOutstanding,2017-12-31,10-K,2020-02-21,364,1.0,1198000000.0
1281761,RF,2020,962000000.0,WeightedAverageNumberOfDilutedSharesOutstanding,2020-12-31,10-K,2021-02-24,365,1.0,962000000.0
1281761,RF,2021,962000000.0,WeightedAverageNumberOfDilutedSharesOutstanding,2020-12-31,10-K,2022-02-24,365,1.0,962000000.0
1281761,RF,2022,962000000.0,WeightedAverageNumberOfDilutedSharesOutstanding,2020-12-31,10-K,2023-02-24,365,1.0,962000000.0
1281761,RF,2023,963000000.0,WeightedAverageNumberOfDilutedSharesOutstanding,2021-12-31,10-K,2024-02-23,364,1.0,963000000.0
1281761,RF,2024,918000000.0,WeightedAverageNumberOfDilutedSharesOutstanding,2024-12-31,10-K,2025-02-21,365,1.0,918000000.0
1281761,RF,2025,918000000.0,WeightedAverageNumberOfDilutedSharesOutstanding,2024-12-31,10-K,2026-02-24,365,1.0,918000000.0
1283699,TMUS,2014,535286077.0,WeightedAverageNumberOfDilutedSharesOutstanding,2012-12-31,10-K,2015-02-19,365,0.5,267643038.5
1283699,TMUS,2015,676885215.0,WeightedAverageNumberOfDilutedSharesOutstanding,2013-12-31,10-K,2016-02-17,364,1.0,676885215.0
1283699,TMUS,2016,833054545.0,WeightedAverageNumberOfDilutedSharesOutstanding,2016-12-31,10-K,2017-02-14,365,1.0,833054545.0
1283699,TMUS,2017,833054545.0,WeightedAverageNumberOfDilutedSharesOutstanding,2016-12-31,10-K,2018-02-08,365,1.0,833054545.0
1283699,TMUS,2018,833054545.0,WeightedAverageNumberOfDilutedSharesOutstanding,2016-12-31,10-K,2019-02-07,365,1.0,833054545.0
1283699,TMUS,2019,871787450.0,WeightedAverageNumberOfDilutedSharesOutstanding,2017-12-31,10-K,2020-02-06,364,1.0,871787450.0
1283699,TMUS,2020,1154749428.0,WeightedAverageNumberOfDilutedSharesOutstanding,2020-12-31,10-K,2021-02-23,365,1.0,1154749428.0
1283699,TMUS,2021,1154749428.0,WeightedAverageNumberOfDilutedSharesOutstanding,2020-12-31,10-K,2022-02-11,365,1.0,1154749428.0
1283699,TMUS,2022,1154749428.0,WeightedAverageNumberOfDilutedSharesOutstanding,2020-12-31,10-K,2023-02-14,365,1.0,1154749428.0
1283699,TMUS,2023,1254769926.0,WeightedAverageNumberOfDilutedSharesOutstanding,2021-12-31,10-K,2024-02-02,364,1.0,1254769926.0
1283699,TMUS,2024,1173213898.0,WeightedAverageNumberOfDilutedSharesOutstanding,2024-12-31,10-K,2025-01-31,365,1.0,1173213898.0
1283699,TMUS,2025,1173213898.0,WeightedAverageNumberOfDilutedSharesOutstanding,2024-12-31,10-K,2026-02-11,365,1.0,1173213898.0
1285785,MOS,2015,426900000.0,WeightedAverageNumberOfDilutedSharesOutstanding,2013-05-31,10-K,2016-02-19,364,1.0,426900000.0
1285785,MOS,2016,351700000.0,WeightedAverageNumberOfDilutedSharesOutstanding,2016-12-31,10-K,2017-02-15,365,1.0,351700000.0
1285785,MOS,2017,351700000.0,WeightedAverageNumberOfDilutedSharesOutstanding,2016-12-31,10-K,2018-02-21,365,1.0,351700000.0
1285785,MOS,2018,351700000.0,WeightedAverageNumberOfDilutedSharesOutstanding,2016-12-31,10-K,2019-03-13,365,1.0,351700000.0
1285785,MOS,2019,350900000.0,WeightedAverageNumberOfDilutedSharesOutstanding,2017-12-31,10-K,2020-02-20,364,1.0,350900000.0
1285785,MOS,2020,381300000.0,WeightedAverageNumberOfDilutedSharesOutstanding,2020-12-31,10-K,2021-02-22,365,1.0,381300000.0
1285785,MOS,2021,381300000.0,WeightedAverageNumberOfDilutedSharesOutstanding,2020-12-31,10-K,2022-02-23,365,1.0,381300000.0
1285785,MOS,2022,381300000.0,WeightedAverageNumberOfDilutedSharesOutstanding,2020-12-31,10-K,2023-02-23,365,1.0,381300000.0
1285785,MOS,2023,381600000.0,WeightedAverageNumberOfDilutedSharesOutstanding,2021-12-31,10-K,2024-02-22,364,1.0,381600000.0
1285785,MOS,2024,320700000.0,WeightedAverageNumberOfDilutedSharesOutstanding,2024-12-31,10-K,2025-03-03,365,1.0,320700000.0
1285785,MOS,2025,320700000.0,WeightedAverageNumberOfDilutedSharesOutstanding,2024-12-31,10-K,2026-02-27,365,1.0,320700000.0
1286681,DPZ,2014,58997476.0,WeightedAverageNumberOfDilutedSharesOutstanding,2012-12-30,10-K,2015-02-24,363,1.0,58997476.0
1286681,DPZ,2015,55532955.0,WeightedAverageNumberOfDilutedSharesOutstanding,2016-01-03,10-K,2016-02-25,370,1.0,55532955.0
1286681,DPZ,2016,55532955.0,WeightedAverageNumberOfDilutedSharesOutstanding,2016-01-03,10-K,2017-02-28,370,1.0,55532955.0
1286681,DPZ,2017,55532955.0,WeightedAverageNumberOfDilutedSharesOutstanding,2016-01-03,10-K,2018-02-20,370,1.0,55532955.0
1286681,DPZ,2018,49923859.0,WeightedAverageNumberOfDilutedSharesOutstanding,2017-01-01,10-K,2019-02-21,363,1.0,49923859.0
1286681,DPZ,2019,47677834.0,WeightedAverageNumberOfDilutedSharesOutstanding,2017-12-31,10-K,2020-02-20,363,1.0,47677834.0
1286681,DPZ,2020,39640791.0,WeightedAverageNumberOfDilutedSharesOutstanding,2021-01-03,10-K,2021-02-25,370,1.0,39640791.0
1286681,DPZ,2022,39640791.0,WeightedAverageNumberOfDilutedSharesOutstanding,2021-01-03,10-K,2022-03-01,370,1.0,39640791.0
1286681,DPZ,2023,37691351.0,WeightedAverageNumberOfDilutedSharesOutstanding,2022-01-02,10-K,2024-02-26,363,1.0,37691351.0
1286681,DPZ,2024,36093754.0,WeightedAverageNumberOfDilutedSharesOutstanding,2023-01-01,10-K,2025-02-24,363,1.0,36093754.0
1286681,DPZ,2025,35401313.0,WeightedAverageNumberOfDilutedSharesOutstanding,2023-12-31,10-K,2026-02-23,363,1.0,35401313.0
1289490,EXR,2014,103767365.0,WeightedAverageNumberOfDilutedSharesOutstanding,2012-12-31,10-K,2015-03-02,365,1.0,103767365.0
1289490,EXR,2015,113105094.0,WeightedAverageNumberOfDilutedSharesOutstanding,2013-12-31,10-K,2016-02-29,364,1.0,113105094.0
1289490,EXR,2016,125948076.0,WeightedAverageNumberOfDilutedSharesOutstanding,2016-12-31,10-K,2017-02-27,365,1.0,125948076.0
1289490,EXR,2017,125948076.0,WeightedAverageNumberOfDilutedSharesOutstanding,2016-12-31,10-K,2018-03-01,365,1.0,125948076.0
1289490,EXR,2018,125948076.0,WeightedAverageNumberOfDilutedSharesOutstanding,2016-12-31,10-K,2019-02-26,365,1.0,125948076.0
1289490,EXR,2019,134155771.0,WeightedAverageNumberOfDilutedSharesOutstanding,2017-12-31,10-K,2020-02-25,364,1.0,134155771.0
1289490,EXR,2020,129584829.0,WeightedAverageNumberOfDilutedSharesOutstanding,2020-12-31,10-K,2021-02-26,365,1.0,129584829.0
1289490,EXR,2021,129584829.0,WeightedAverageNumberOfDilutedSharesOutstanding,2020-12-31,10-K,2022-02-28,365,1.0,129584829.0
1289490,EXR,2022,129584829.0,WeightedAverageNumberOfDilutedSharesOutstanding,2020-12-31,10-K,2023-02-28,365,1.0,129584829.0
1289490,EXR,2023,140016028.0,WeightedAverageNumberOfDilutedSharesOutstanding,2021-12-31,10-K,2024-02-29,364,1.0,140016028.0
1289490,EXR,2024,211577680.0,WeightedAverageNumberOfDilutedSharesOutstanding,2024-12-31,10-K,2025-02-28,365,1.0,211577680.0
1289490,EXR,2025,211577680.0,WeightedAverageNumberOfDilutedSharesOutstanding,2024-12-31,10-K,2026-02-20,365,1.0,211577680.0
1297996,DLR,2014,116006577.0,WeightedAverageNumberOfDilutedSharesOutstanding,2012-12-31,10-K,2015-03-02,365,1.0,116006577.0
1297996,DLR,2015,128127641.0,WeightedAverageNumberOfDilutedSharesOutstanding,2013-12-31,10-K,2016-09-28,364,1.0,128127641.0
1297996,DLR,2016,150679688.0,WeightedAverageNumberOfDilutedSharesOutstanding,2016-12-31,10-K,2017-03-01,365,1.0,150679688.0
1297996,DLR,2017,150679688.0,WeightedAverageNumberOfDilutedSharesOutstanding,2016-12-31,10-K,2018-03-01,365,1.0,150679688.0
1297996,DLR,2018,150679688.0,WeightedAverageNumberOfDilutedSharesOutstanding,2016-12-31,10-K,2019-02-25,365,1.0,150679688.0
1297996,DLR,2019,174895098.0,WeightedAverageNumberOfDilutedSharesOutstanding,2017-12-31,10-K,2020-03-02,364,1.0,174895098.0
1297996,DLR,2020,262522508.0,WeightedAverageNumberOfDilutedSharesOutstanding,2020-12-31,10-K,2021-03-01,365,1.0,262522508.0
1297996,DLR,2021,262522508.0,WeightedAverageNumberOfDilutedSharesOutstanding,2020-12-31,10-K,2022-02-25,365,1.0,262522508.0
1297996,DLR,2022,262523.0,WeightedAverageNumberOfDilutedSharesOutstanding,2020-12-31,10-K,2023-02-27,365,1.0,262523.0
1297996,DLR,2023,283222000.0,WeightedAverageNumberOfDilutedSharesOutstanding,2021-12-31,10-K,2024-02-23,364,1.0,283222000.0
1297996,DLR,2024,331547000.0,WeightedAverageNumberOfDilutedSharesOutstanding,2024-12-31,10-K,2025-02-25,365,1.0,331547000.0
1297996,DLR,2025,331547000.0,WeightedAverageNumberOfDilutedSharesOutstanding,2024-12-31,10-K,2026-02-13,365,1.0,331547000.0
1300514,LVS,2014,824556036.0,WeightedAverageNumberOfDilutedSharesOutstanding,2012-12-31,10-K,2015-02-27,365,1.0,824556036.0
1300514,LVS,2015,826316108.0,WeightedAverageNumberOfDilutedSharesOutstanding,2013-12-31,10-K,2016-02-26,364,1.0,826316108.0
1300514,LVS,2016,795000000.0,WeightedAverageNumberOfDilutedSharesOutstanding,2016-12-31,10-K,2017-02-24,365,1.0,795000000.0
1300514,LVS,2017,795000000.0,WeightedAverageNumberOfDilutedSharesOutstanding,2016-12-31,10-K,2018-02-23,365,1.0,795000000.0
1300514,LVS,2018,795000000.0,WeightedAverageNumberOfDilutedSharesOutstanding,2016-12-31,10-K,2019-02-22,365,1.0,795000000.0
1300514,LVS,2019,792000000.0,WeightedAverageNumberOfDilutedSharesOutstanding,2017-12-31,10-K,2020-02-07,364,1.0,792000000.0
1300514,LVS,2020,764000000.0,WeightedAverageNumberOfDilutedSharesOutstanding,2020-12-31,10-K,2021-02-05,365,1.0,764000000.0
1300514,LVS,2021,764000000.0,WeightedAverageNumberOfDilutedSharesOutstanding,2020-12-31,10-K,2022-02-04,365,1.0,764000000.0
1300514,LVS,2022,764000000.0,WeightedAverageNumberOfDilutedSharesOutstanding,2020-12-31,10-K,2023-02-03,365,1.0,764000000.0
1300514,LVS,2023,764000000.0,WeightedAverageNumberOfDilutedSharesOutstanding,2021-12-31,10-K,2024-02-07,364,1.0,764000000.0
1300514,LVS,2024,737000000.0,WeightedAverageNumberOfDilutedSharesOutstanding,2024-12-31,10-K,2025-02-07,365,1.0,737000000.0
1300514,LVS,2025,737000000.0,WeightedAverageNumberOfDilutedSharesOutstanding,2024-12-31,10-K,2026-02-06,365,1.0,737000000.0
1316835,BLDR,2014,95463000.0,WeightedAverageNumberOfDilutedSharesOutstanding,2012-12-31,10-K,2015-03-03,365,1.0,95463000.0
1316835,BLDR,2015,96449000.0,WeightedAverageNumberOfDilutedSharesOutstanding,2013-12-31,10-K,2016-03-11,364,1.0,96449000.0
1316835,BLDR,2016,113585000.0,WeightedAverageNumberOfDilutedSharesOutstanding,2016-12-31,10-K,2017-03-01,365,1.0,113585000.0
1316835,BLDR,2017,113585000.0,WeightedAverageNumberOfDilutedSharesOutstanding,2016-12-31,10-K,2018-03-01,365,1.0,113585000.0
1316835,BLDR,2018,113585000.0,WeightedAverageNumberOfDilutedSharesOutstanding,2016-12-31,10-K,2019-03-01,365,1.0,113585000.0
1316835,BLDR,2019,115597000.0,WeightedAverageNumberOfDilutedSharesOutstanding,2017-12-31,10-K,2020-02-21,364,1.0,115597000.0
1316835,BLDR,2020,117917000.0,WeightedAverageNumberOfDilutedSharesOutstanding,2020-12-31,10-K,2021-02-26,365,1.0,117917000.0
1316835,BLDR,2021,117917000.0,WeightedAverageNumberOfDilutedSharesOutstanding,2020-12-31,10-K,2022-03-01,365,1.0,117917000.0
1316835,BLDR,2022,117917000.0,WeightedAverageNumberOfDilutedSharesOutstanding,2020-12-31,10-K,2023-02-28,365,1.0,117917000.0
1316835,BLDR,2023,203470000.0,WeightedAverageNumberOfDilutedSharesOutstanding,2021-12-31,10-K,2024-02-22,364,1.0,203470000.0
1316835,BLDR,2024,118980000.0,WeightedAverageNumberOfDilutedSharesOutstanding,2024-12-31,10-K,2025-02-20,365,1.0,118980000.0
1316835,BLDR,2025,118980000.0,WeightedAverageNumberOfDilutedSharesOutstanding,2024-12-31,10-K,2026-02-17,365,1.0,118980000.0
1318605,TSLA,2017,144212000.0,WeightedAverageNumberOfDilutedSharesOutstanding,2016-12-31,10-K,2018-02-23,365,15.0,2163180000.0
1318605,TSLA,2018,144212000.0,WeightedAverageNumberOfDilutedSharesOutstanding,2016-12-31,10-K,2019-02-19,365,15.0,2163180000.0
1318605,TSLA,2019,166000000.0,WeightedAverageNumberOfDilutedSharesOutstanding,2017-12-31,10-K,2020-02-13,364,15.0,2490000000.0
1318605,TSLA,2020,1083000000.0,WeightedAverageNumberOfDilutedSharesOutstanding,2020-12-31,10-K,2021-02-08,365,3.0,3249000000.0
1318605,TSLA,2021,1083000000.0,WeightedAverageNumberOfDilutedSharesOutstanding,2020-12-31,10-K,2022-02-07,365,3.0,3249000000.0
1318605,TSLA,2022,3249000000.0,WeightedAverageNumberOfDilutedSharesOutstanding,2020-12-31,10-K,2023-01-31,365,3.0,9747000000.0
1318605,TSLA,2023,3386000000.0,WeightedAverageNumberOfDilutedSharesOutstanding,2021-12-31,10-K,2024-01-29,364,3.0,10158000000.0
1318605,TSLA,2024,3498000000.0,WeightedAverageNumberOfDilutedSharesOutstanding,2024-12-31,10-K,2025-01-30,365,1.0,3498000000.0
1318605,TSLA,2025,3498000000.0,WeightedAverageNumberOfDilutedSharesOutstanding,2024-12-31,10-K,2026-01-29,365,1.0,3498000000.0
1321655,PLTR,2020,979330067.0,WeightedAverageNumberOfDilutedSharesOutstanding,2020-12-31,10-K,2021-02-26,365,1.0,979330067.0
1321655,PLTR,2021,979330000.0,WeightedAverageNumberOfDilutedSharesOutstanding,2020-12-31,10-K,2022-02-24,365,1.0,979330000.0
1321655,PLTR,2022,979330000.0,WeightedAverageNumberOfDilutedSharesOutstanding,2020-12-31,10-K,2023-02-21,365,1.0,979330000.0
1321655,PLTR,2023,1923617000.0,WeightedAverageNumberOfDilutedSharesOutstanding,2021-12-31,10-K,2024-02-20,364,1.0,1923617000.0
1321655,PLTR,2024,2450818000.0,WeightedAverageNumberOfDilutedSharesOutstanding,2024-12-31,10-K,2025-02-18,365,1.0,2450818000.0
1321655,PLTR,2025,2450818000.0,WeightedAverageNumberOfDilutedSharesOutstanding,2024-12-31,10-K,2026-02-17,365,1.0,2450818000.0
1324404,CF,2014,64700000.0,WeightedAverageNumberOfDilutedSharesOutstanding,2012-12-31,10-K,2015-02-26,365,5.0,323500000.0
1324404,CF,2015,296000000.0,WeightedAverageNumberOfDilutedSharesOutstanding,2013-12-31,10-K,2016-02-25,364,5.0,1480000000.0
1324404,CF,2019,233900000.0,WeightedAverageNumberOfDilutedSharesOutstanding,2017-12-31,10-K,2020-02-24,364,1.0,233900000.0
1324404,CF,2020,215200000.0,WeightedAverageNumberOfDilutedSharesOutstanding,2020-12-31,10-K,2021-02-24,365,1.0,215200000.0
1324404,CF,2021,215200000.0,WeightedAverageNumberOfDilutedSharesOutstanding,2020-12-31,10-K,2022-02-24,365,1.0,215200000.0
1324404,CF,2022,215200000.0,WeightedAverageNumberOfDilutedSharesOutstanding,2020-12-31,10-K,2023-02-23,365,1.0,215200000.0
1324404,CF,2023,216200000.0,WeightedAverageNumberOfDilutedSharesOutstanding,2021-12-31,10-K,2024-02-22,364,1.0,216200000.0
1324404,CF,2024,180700000.0,WeightedAverageNumberOfDilutedSharesOutstanding,2024-12-31,10-K,2025-02-20,365,1.0,180700000.0
1324404,CF,2025,180700000.0,WeightedAverageNumberOfDilutedSharesOutstanding,2024-12-31,10-K,2026-02-25,365,1.0,180700000.0
1324424,EXPE,2014,139929000.0,WeightedAverageNumberOfDilutedSharesOutstanding,2012-12-31,10-K,2015-02-06,364,1.0,139929000.0
1324424,EXPE,2015,139593000.0,WeightedAverageNumberOfDilutedSharesOutstanding,2013-12-31,10-K,2016-02-11,364,1.0,139593000.0
1324424,EXPE,2016,154517000.0,WeightedAverageNumberOfDilutedSharesOutstanding,2016-12-31,10-K,2017-02-10,365,1.0,154517000.0
1324424,EXPE,2017,154517000.0,WeightedAverageNumberOfDilutedSharesOutstanding,2016-12-31,10-K,2018-02-09,365,1.0,154517000.0
1324424,EXPE,2018,154517000.0,WeightedAverageNumberOfDilutedSharesOutstanding,2016-12-31,10-K,2019-02-08,365,1.0,154517000.0
1324424,EXPE,2019,156385000.0,WeightedAverageNumberOfDilutedSharesOutstanding,2017-12-31,10-K,2020-02-14,364,1.0,156385000.0
1324424,EXPE,2020,141414000.0,WeightedAverageNumberOfDilutedSharesOutstanding,2020-12-31,10-K,2021-02-12,365,1.0,141414000.0
1324424,EXPE,2021,141414000.0,WeightedAverageNumberOfDilutedSharesOutstanding,2020-12-31,10-K,2022-02-11,365,1.0,141414000.0
1324424,EXPE,2022,141414000.0,WeightedAverageNumberOfDilutedSharesOutstanding,2020-12-31,10-K,2023-02-10,365,1.0,141414000.0
1324424,EXPE,2023,149734000.0,WeightedAverageNumberOfDilutedSharesOutstanding,2021-12-31,10-K,2024-02-09,364,1.0,149734000.0
1324424,EXPE,2024,137919000.0,WeightedAverageNumberOfDilutedSharesOutstanding,2024-12-31,10-K,2025-02-07,365,1.0,137919000.0
1324424,EXPE,2025,137919000.0,WeightedAverageNumberOfDilutedSharesOutstanding,2024-12-31,10-K,2026-02-13,365,1.0,137919000.0
1326160,DUK,2014,575000000.0,WeightedAverageNumberOfDilutedSharesOutstanding,2012-12-31,10-K,2015-03-02,365,1.0,575000000.0
1326160,DUK,2015,706000000.0,WeightedAverageNumberOfDilutedSharesOutstanding,2013-12-31,10-K,2016-02-25,364,1.0,706000000.0
1326160,DUK,2016,691000000.0,WeightedAverageNumberOfDilutedSharesOutstanding,2016-12-31,10-K,2017-02-24,365,1.0,691000000.0
1326160,DUK,2017,691000000.0,WeightedAverageNumberOfDilutedSharesOutstanding,2016-12-31,10-K,2018-02-23,365,1.0,691000000.0
1326160,DUK,2018,691000000.0,WeightedAverageNumberOfDilutedSharesOutstanding,2016-12-31,10-K,2019-02-28,365,1.0,691000000.0
1326160,DUK,2020,738000000.0,WeightedAverageNumberOfDilutedSharesOutstanding,2020-12-31,10-K,2021-02-25,365,1.0,738000000.0
1326160,DUK,2021,738000000.0,WeightedAverageNumberOfDilutedSharesOutstanding,2020-12-31,10-K,2022-02-24,365,1.0,738000000.0
1326160,DUK,2022,738000000.0,WeightedAverageNumberOfDilutedSharesOutstanding,2020-12-31,10-K,2023-02-27,365,1.0,738000000.0
1326160,DUK,2023,769000000.0,WeightedAverageNumberOfDilutedSharesOutstanding,2021-12-31,10-K,2024-02-23,364,1.0,769000000.0
1326160,DUK,2024,772000000.0,WeightedAverageNumberOfDilutedSharesOutstanding,2024-12-31,10-K,2025-02-27,365,1.0,772000000.0
1326160,DUK,2025,772000000.0,WeightedAverageNumberOfDilutedSharesOutstanding,2024-12-31,10-K,2026-02-26,365,1.0,772000000.0
1326801,META,2014,2166000000.0,WeightedAverageNumberOfDilutedSharesOutstanding,2012-12-31,10-K,2015-01-29,365,1.0,2166000000.0
1326801,META,2015,2517000000.0,WeightedAverageNumberOfDilutedSharesOutstanding,2013-12-31,10-K,2016-01-28,364,1.0,2517000000.0
1326801,META,2016,2925000000.0,WeightedAverageNumberOfDilutedSharesOutstanding,2016-12-31,10-K,2017-02-03,365,1.0,2925000000.0
1326801,META,2017,2925000000.0,WeightedAverageNumberOfDilutedSharesOutstanding,2016-12-31,10-K,2018-02-01,365,1.0,2925000000.0
1326801,META,2018,2925000000.0,WeightedAverageNumberOfDilutedSharesOutstanding,2016-12-31,10-K,2019-01-31,365,1.0,2925000000.0
1326801,META,2019,2956000000.0,WeightedAverageNumberOfDilutedSharesOutstanding,2017-12-31,10-K,2020-01-30,364,1.0,2956000000.0
1326801,META,2020,2888000000.0,WeightedAverageNumberOfDilutedSharesOutstanding,2020-12-31,10-K,2021-01-28,365,1.0,2888000000.0
1326801,META,2021,2888000000.0,WeightedAverageNumberOfDilutedSharesOutstanding,2020-12-31,10-K,2022-02-03,365,1.0,2888000000.0
1326801,META,2022,2888000000.0,WeightedAverageNumberOfDilutedSharesOutstanding,2020-12-31,10-K,2023-02-02,365,1.0,2888000000.0
1326801,META,2023,2859000000.0,WeightedAverageNumberOfDilutedSharesOutstanding,2021-12-31,10-K,2024-02-02,364,1.0,2859000000.0
1326801,META,2024,2614000000.0,WeightedAverageNumberOfDilutedSharesOutstanding,2024-12-31,10-K,2025-01-30,365,1.0,2614000000.0
1326801,META,2025,2614000000.0,WeightedAverageNumberOfDilutedSharesOutstanding,2024-12-31,10-K,2026-01-29,365,1.0,2614000000.0
1327567,PANW,2021,96900000.0,WeightedAverageNumberOfDilutedSharesOutstanding,2020-07-31,10-K,2021-09-03,365,6.0,581400000.0
1327567,PANW,2022,96900000.0,WeightedAverageNumberOfDilutedSharesOutstanding,2020-07-31,10-K,2022-09-06,365,6.0,581400000.0
1327567,PANW,2023,289100000.0,WeightedAverageNumberOfDilutedSharesOutstanding,2021-07-31,10-K,2023-09-01,364,6.0,1734600000.0
1327567,PANW,2024,354000000.0,WeightedAverageNumberOfDilutedSharesOutstanding,2024-07-31,10-K,2024-09-06,365,2.0,708000000.0
1327567,PANW,2025,707900000.0,WeightedAverageNumberOfDilutedSharesOutstanding,2024-07-31,10-K,2025-08-29,365,2.0,1415800000.0
1327567,PANW,2026,708000000.0,WeightedAverageNumberOfDilutedSharesOutstanding,2024-07-31,10-K,2026-09-10,365,2.0,1416000000.0
1327811,WDAY,2022,237019000.0,WeightedAverageNumberOfDilutedSharesOutstanding,2021-01-31,10-K,2022-02-28,365,1.0,237019000.0
1327811,WDAY,2023,237019000.0,WeightedAverageNumberOfDilutedSharesOutstanding,2021-01-31,10-K,2023-02-27,365,1.0,237019000.0
1327811,WDAY,2024,254032000.0,WeightedAverageNumberOfDilutedSharesOutstanding,2022-01-31,10-K,2024-03-08,364,1.0,254032000.0
1327811,WDAY,2025,269205000.0,WeightedAverageNumberOfDilutedSharesOutstanding,2025-01-31,10-K,2025-03-11,365,1.0,269205000.0
1327811,WDAY,2026,269205000.0,WeightedAverageNumberOfDilutedSharesOutstanding,2025-01-31,10-K,2026-03-06,365,1.0,269205000.0
1335258,LYV,2022,212270944.0,WeightedAverageNumberOfDilutedSharesOutstanding,2020-12-31,10-K,2023-02-23,365,1.0,212270944.0
1335258,LYV,2023,217190862.0,WeightedAverageNumberOfDilutedSharesOutstanding,2021-12-31,10-K,2024-02-22,364,1.0,217190862.0
1335258,LYV,2024,236352449.0,WeightedAverageNumberOfDilutedSharesOutstanding,2024-12-31,10-K,2025-02-21,365,1.0,236352449.0
1335258,LYV,2025,236352449.0,WeightedAverageNumberOfDilutedSharesOutstanding,2024-12-31,10-K,2026-02-19,365,1.0,236352449.0
1336920,LDOS,2015,83000000.0,WeightedAverageNumberOfDilutedSharesOutstanding,2013-01-31,10-K,2015-03-25,365,0.405,33615000.0
1336920,LDOS,2016,74000000.0,WeightedAverageNumberOfDilutedSharesOutstanding,2015-01-30,10-K,2017-02-24,363,1.0,74000000.0
1336920,LDOS,2017,104000000.0,WeightedAverageNumberOfDilutedSharesOutstanding,2016-12-30,10-K,2018-02-23,363,1.0,104000000.0
1336920,LDOS,2018,104000000.0,WeightedAverageNumberOfDilutedSharesOutstanding,2016-12-30,10-K,2019-02-19,363,1.0,104000000.0
1336920,LDOS,2019,145000000.0,WeightedAverageNumberOfDilutedSharesOutstanding,2020-01-03,10-K,2020-02-18,370,1.0,145000000.0
1336920,LDOS,2020,145000000.0,WeightedAverageNumberOfDilutedSharesOutstanding,2020-01-03,10-K,2021-02-23,370,1.0,145000000.0
1336920,LDOS,2021,145000000.0,WeightedAverageNumberOfDilutedSharesOutstanding,2020-01-03,10-K,2022-02-15,370,1.0,145000000.0
1336920,LDOS,2022,144000000.0,WeightedAverageNumberOfDilutedSharesOutstanding,2021-01-01,10-K,2023-02-14,363,1.0,144000000.0
1336920,LDOS,2023,143000000.0,WeightedAverageNumberOfDilutedSharesOutstanding,2021-12-31,10-K,2024-02-13,363,1.0,143000000.0
1336920,LDOS,2024,136000000.0,WeightedAverageNumberOfDilutedSharesOutstanding,2025-01-03,10-K,2025-02-11,370,1.0,136000000.0
1336920,LDOS,2025,136000000.0,WeightedAverageNumberOfDilutedSharesOutstanding,2025-01-03,10-K,2026-02-17,370,1.0,136000000.0
1341439,ORCL,2014,5095000000.0,WeightedAverageNumberOfDilutedSharesOutstanding,2012-05-31,10-K,2014-06-26,365,1.0,5095000000.0
1341439,ORCL,2015,4844000000.0,WeightedAverageNumberOfDilutedSharesOutstanding,2013-05-31,10-K,2015-06-25,364,1.0,4844000000.0
1341439,ORCL,2016,4305000000.0,WeightedAverageNumberOfDilutedSharesOutstanding,2016-05-31,10-K,2016-06-22,365,1.0,4305000000.0
1341439,ORCL,2017,4305000000.0,WeightedAverageNumberOfDilutedSharesOutstanding,2016-05-31,10-K,2017-06-27,365,1.0,4305000000.0
1341439,ORCL,2018,4305000000.0,WeightedAverageNumberOfDilutedSharesOutstanding,2016-05-31,10-K,2018-06-22,365,1.0,4305000000.0
1341439,ORCL,2019,4217000000.0,WeightedAverageNumberOfDilutedSharesOutstanding,2017-05-31,10-K,2019-06-21,364,1.0,4217000000.0
1341439,ORCL,2020,3294000000.0,WeightedAverageNumberOfDilutedSharesOutstanding,2020-05-31,10-K,2020-06-22,365,1.0,3294000000.0
1341439,ORCL,2021,3294000000.0,WeightedAverageNumberOfDilutedSharesOutstanding,2020-05-31,10-K,2021-06-21,365,1.0,3294000000.0
1341439,ORCL,2022,3294000000.0,WeightedAverageNumberOfDilutedSharesOutstanding,2020-05-31,10-K,2022-06-21,365,1.0,3294000000.0
1341439,ORCL,2023,3022000000.0,WeightedAverageNumberOfDilutedSharesOutstanding,2021-05-31,10-K,2023-06-20,364,1.0,3022000000.0
1341439,ORCL,2024,2823000000.0,WeightedAverageNumberOfDilutedSharesOutstanding,2024-05-31,10-K,2024-06-20,365,1.0,2823000000.0
1341439,ORCL,2025,2823000000.0,WeightedAverageNumberOfDilutedSharesOutstanding,2024-05-31,10-K,2025-06-18,365,1.0,2823000000.0
1341439,ORCL,2026,2823000000.0,WeightedAverageNumberOfDilutedSharesOutstanding,2024-05-31,10-K,2026-06-22,365,1.0,2823000000.0
1373715,NOW,2019,171176000.0,WeightedAverageNumberOfDilutedSharesOutstanding,2017-12-31,10-K,2020-02-20,364,5.0,855880000.0
1373715,NOW,2020,202478000.0,WeightedAverageNumberOfDilutedSharesOutstanding,2020-12-31,10-K,2021-02-12,365,5.0,1012390000.0
1373715,NOW,2021,202478000.0,WeightedAverageNumberOfDilutedSharesOutstanding,2020-12-31,10-K,2022-02-03,365,5.0,1012390000.0
1373715,NOW,2022,202478000.0,WeightedAverageNumberOfDilutedSharesOutstanding,2020-12-31,10-K,2023-01-31,365,5.0,1012390000.0
1373715,NOW,2023,203167000.0,WeightedAverageNumberOfDilutedSharesOutstanding,2021-12-31,10-K,2024-01-25,364,5.0,1015835000.0
1373715,NOW,2024,208423000.0,WeightedAverageNumberOfDilutedSharesOutstanding,2024-12-31,10-K,2025-01-30,365,5.0,1042115000.0
1373715,NOW,2025,1042113000.0,WeightedAverageNumberOfDilutedSharesOutstanding,2024-12-31,10-K,2026-01-29,365,5.0,5210565000.0
1374310,CBOE,2014,87460000.0,WeightedAverageNumberOfDilutedSharesOutstanding,2012-12-31,10-K,2015-02-20,365,1.0,87460000.0
1374310,CBOE,2015,87331000.0,WeightedAverageNumberOfDilutedSharesOutstanding,2013-12-31,10-K,2016-02-19,364,1.0,87331000.0
1374310,CBOE,2016,81432000.0,WeightedAverageNumberOfDilutedSharesOutstanding,2016-12-31,10-K,2017-02-21,365,1.0,81432000.0
1374310,CBOE,2017,81400000.0,WeightedAverageNumberOfDilutedSharesOutstanding,2016-12-31,10-K,2018-02-22,365,1.0,81400000.0
1374310,CBOE,2018,81400000.0,WeightedAverageNumberOfDilutedSharesOutstanding,2016-12-31,10-K,2019-02-22,365,1.0,81400000.0
1374310,CBOE,2019,107500000.0,WeightedAverageNumberOfDilutedSharesOutstanding,2017-12-31,10-K,2020-02-21,364,1.0,107500000.0
1374310,CBOE,2020,109300000.0,WeightedAverageNumberOfDilutedSharesOutstanding,2020-12-31,10-K,2021-02-19,365,1.0,109300000.0
1374310,CBOE,2021,109300000.0,WeightedAverageNumberOfDilutedSharesOutstanding,2020-12-31,10-K,2022-02-18,365,1.0,109300000.0
1374310,CBOE,2022,109300000.0,WeightedAverageNumberOfDilutedSharesOutstanding,2020-12-31,10-K,2023-02-17,365,1.0,109300000.0
1374310,CBOE,2023,107200000.0,WeightedAverageNumberOfDilutedSharesOutstanding,2021-12-31,10-K,2024-02-16,364,1.0,107200000.0
1374310,CBOE,2024,105500000.0,WeightedAverageNumberOfDilutedSharesOutstanding,2024-12-31,10-K,2025-02-21,365,1.0,105500000.0
1374310,CBOE,2025,105500000.0,WeightedAverageNumberOfDilutedSharesOutstanding,2024-12-31,10-K,2026-02-20,365,1.0,105500000.0
1375365,SMCI,2014,44152000.0,WeightedAverageNumberOfDilutedSharesOutstanding,2012-06-30,10-K,2014-09-15,365,10.0,441520000.0
1375365,SMCI,2015,43907000.0,WeightedAverageNumberOfDilutedSharesOutstanding,2013-06-30,10-K/A,2015-11-16,364,10.0,439070000.0
1375365,SMCI,2016,51836000.0,WeightedAverageNumberOfDilutedSharesOutstanding,2016-06-30,10-K,2016-08-26,365,10.0,518360000.0
1375365,SMCI,2017,51836000.0,WeightedAverageNumberOfDilutedSharesOutstanding,2016-06-30,10-K,2019-05-17,365,10.0,518360000.0
1375365,SMCI,2019,51679000.0,WeightedAverageNumberOfDilutedSharesOutstanding,2017-06-30,10-K,2019-12-19,364,10.0,516790000.0
1375365,SMCI,2020,52838000.0,WeightedAverageNumberOfDilutedSharesOutstanding,2020-06-30,10-K,2020-08-31,365,10.0,528380000.0
1375365,SMCI,2021,52838000.0,WeightedAverageNumberOfDilutedSharesOutstanding,2020-06-30,10-K,2021-08-27,365,10.0,528380000.0
1375365,SMCI,2022,52838000.0,WeightedAverageNumberOfDilutedSharesOutstanding,2020-06-30,10-K,2022-08-29,365,10.0,528380000.0
1375365,SMCI,2023,53507000.0,WeightedAverageNumberOfDilutedSharesOutstanding,2021-06-30,10-K,2023-08-28,364,10.0,535070000.0
1375365,SMCI,2024,602146000.0,WeightedAverageNumberOfDilutedSharesOutstanding,2024-06-30,10-K,2025-02-25,365,10.0,6021460000.0
1375365,SMCI,2025,602146000.0,WeightedAverageNumberOfDilutedSharesOutstanding,2024-06-30,10-K,2025-08-28,365,10.0,6021460000.0
1375365,SMCI,2026,602146000.0,WeightedAverageNumberOfDilutedSharesOutstanding,2024-06-30,10-K,2026-08-31,365,10.0,6021460000.0
1381197,IBKR,2014,47070522.0,WeightedAverageNumberOfDilutedSharesOutstanding,2012-12-31,10-K,2015-03-02,365,4.0,188282088.0
1381197,IBKR,2015,50924736.0,WeightedAverageNumberOfDilutedSharesOutstanding,2013-12-31,10-K,2016-02-29,364,4.0,203698944.0
1381197,IBKR,2016,67299413.0,WeightedAverageNumberOfDilutedSharesOutstanding,2016-12-31,10-K,2017-02-28,365,4.0,269197652.0
1381197,IBKR,2017,67299413.0,WeightedAverageNumberOfDilutedSharesOutstanding,2016-12-31,10-K,2018-03-01,365,4.0,269197652.0
1381197,IBKR,2018,67299413.0,WeightedAverageNumberOfDilutedSharesOutstanding,2016-12-31,10-K,2019-02-28,365,4.0,269197652.0
1381197,IBKR,2019,70904921.0,WeightedAverageNumberOfDilutedSharesOutstanding,2017-12-31,10-K,2020-02-28,364,4.0,283619684.0
1381197,IBKR,2020,80638908.0,WeightedAverageNumberOfDilutedSharesOutstanding,2020-12-31,10-K,2021-03-01,365,4.0,322555632.0
1381197,IBKR,2021,80638908.0,WeightedAverageNumberOfDilutedSharesOutstanding,2020-12-31,10-K,2022-02-25,365,4.0,322555632.0
1381197,IBKR,2022,80638908.0,WeightedAverageNumberOfDilutedSharesOutstanding,2020-12-31,10-K,2023-02-24,365,4.0,322555632.0
1381197,IBKR,2023,95009880.0,WeightedAverageNumberOfDilutedSharesOutstanding,2021-12-31,10-K,2024-02-27,364,4.0,380039520.0
1381197,IBKR,2024,109002938.0,WeightedAverageNumberOfDilutedSharesOutstanding,2024-12-31,10-K,2025-02-27,365,4.0,436011752.0
1381197,IBKR,2025,436011752.0,WeightedAverageNumberOfDilutedSharesOutstanding,2024-12-31,10-K,2026-02-27,365,4.0,1744047008.0
1383312,BR,2014,127500000.0,WeightedAverageNumberOfDilutedSharesOutstanding,2012-06-30,10-K,2014-08-07,365,1.0,127500000.0
1383312,BR,2015,125400000.0,WeightedAverageNumberOfDilutedSharesOutstanding,2013-06-30,10-K,2015-08-07,364,1.0,125400000.0
1383312,BR,2016,121600000.0,WeightedAverageNumberOfDilutedSharesOutstanding,2016-06-30,10-K,2016-08-09,365,1.0,121600000.0
1383312,BR,2017,121600000.0,WeightedAverageNumberOfDilutedSharesOutstanding,2016-06-30,10-K,2017-08-10,365,1.0,121600000.0
1383312,BR,2018,121600000.0,WeightedAverageNumberOfDilutedSharesOutstanding,2016-06-30,10-K,2018-08-07,365,1.0,121600000.0
1383312,BR,2019,120800000.0,WeightedAverageNumberOfDilutedSharesOutstanding,2017-06-30,10-K,2019-08-06,364,1.0,120800000.0
1383312,BR,2020,117000000.0,WeightedAverageNumberOfDilutedSharesOutstanding,2020-06-30,10-K,2020-08-11,365,1.0,117000000.0
1383312,BR,2021,117000000.0,WeightedAverageNumberOfDilutedSharesOutstanding,2020-06-30,10-K,2021-08-12,365,1.0,117000000.0
1383312,BR,2022,117000000.0,WeightedAverageNumberOfDilutedSharesOutstanding,2020-06-30,10-K,2022-08-12,365,1.0,117000000.0
1383312,BR,2023,117800000.0,WeightedAverageNumberOfDilutedSharesOutstanding,2021-06-30,10-K,2023-08-08,364,1.0,117800000.0
1383312,BR,2024,119100000.0,WeightedAverageNumberOfDilutedSharesOutstanding,2024-06-30,10-K,2024-08-06,365,1.0,119100000.0
1383312,BR,2025,119100000.0,WeightedAverageNumberOfDilutedSharesOutstanding,2024-06-30,10-K,2025-08-05,365,1.0,119100000.0
1383312,BR,2026,119100000.0,WeightedAverageNumberOfDilutedSharesOutstanding,2024-06-30,10-K,2026-08-04,365,1.0,119100000.0
1385157,TEL,2014,430000000.0,WeightedAverageNumberOfDilutedSharesOutstanding,2012-09-28,10-K,2014-11-12,363,1.0,430000000.0
1385157,TEL,2015,423000000.0,WeightedAverageNumberOfDilutedSharesOutstanding,2013-09-27,10-K,2015-11-10,363,1.0,423000000.0
1385157,TEL,2016,369000000.0,WeightedAverageNumberOfDilutedSharesOutstanding,2016-09-30,10-K,2016-11-15,370,1.0,369000000.0
1385157,TEL,2017,369000000.0,WeightedAverageNumberOfDilutedSharesOutstanding,2016-09-30,10-K,2017-11-14,370,1.0,369000000.0
1385157,TEL,2018,369000000.0,WeightedAverageNumberOfDilutedSharesOutstanding,2016-09-30,10-K,2018-11-13,370,1.0,369000000.0
1385157,TEL,2019,358000000.0,WeightedAverageNumberOfDilutedSharesOutstanding,2017-09-29,10-K,2019-11-12,363,1.0,358000000.0
1385157,TEL,2020,353000000.0,WeightedAverageNumberOfDilutedSharesOutstanding,2018-09-28,10-K,2020-11-10,363,1.0,353000000.0
1385157,TEL,2021,340000000.0,WeightedAverageNumberOfDilutedSharesOutstanding,2019-09-27,10-K,2021-11-09,363,1.0,340000000.0
1385157,TEL,2022,325000000.0,WeightedAverageNumberOfDilutedSharesOutstanding,2022-09-30,10-K,2022-11-15,370,1.0,325000000.0
1385157,TEL,2023,325000000.0,WeightedAverageNumberOfDilutedSharesOutstanding,2022-09-30,10-K,2023-11-13,370,1.0,325000000.0
1385157,TEL,2024,325000000.0,WeightedAverageNumberOfDilutedSharesOutstanding,2022-09-30,10-K,2024-11-12,370,1.0,325000000.0
1385157,TEL,2025,317000000.0,WeightedAverageNumberOfDilutedSharesOutstanding,2023-09-29,10-K,2025-11-10,363,1.0,317000000.0
1389170,TRGP,2014,41800000.0,WeightedAverageNumberOfDilutedSharesOutstanding,2012-12-31,10-K,2015-02-17,365,1.0,41800000.0
1389170,TRGP,2015,42100000.0,WeightedAverageNumberOfDilutedSharesOutstanding,2013-12-31,10-K,2016-02-29,364,1.0,42100000.0
1389170,TRGP,2016,154400000.0,WeightedAverageNumberOfDilutedSharesOutstanding,2016-12-31,10-K,2017-02-21,365,1.0,154400000.0
1389170,TRGP,2017,154400000.0,WeightedAverageNumberOfDilutedSharesOutstanding,2016-12-31,10-K,2018-02-16,365,1.0,154400000.0
1389170,TRGP,2018,154400000.0,WeightedAverageNumberOfDilutedSharesOutstanding,2016-12-31,10-K,2019-03-01,365,1.0,154400000.0
1389170,TRGP,2019,206900000.0,WeightedAverageNumberOfDilutedSharesOutstanding,2017-12-31,10-K,2020-02-20,364,1.0,206900000.0
1389170,TRGP,2020,232200000.0,WeightedAverageNumberOfDilutedSharesOutstanding,2020-12-31,10-K,2021-02-18,365,1.0,232200000.0
1389170,TRGP,2021,232200000.0,WeightedAverageNumberOfDilutedSharesOutstanding,2020-12-31,10-K,2023-02-22,365,1.0,232200000.0
1389170,TRGP,2023,228600000.0,WeightedAverageNumberOfDilutedSharesOutstanding,2021-12-31,10-K,2024-02-15,364,1.0,228600000.0
1389170,TRGP,2024,221300000.0,WeightedAverageNumberOfDilutedSharesOutstanding,2024-12-31,10-K,2025-02-20,365,1.0,221300000.0
1389170,TRGP,2025,221300000.0,WeightedAverageNumberOfDilutedSharesOutstanding,2024-12-31,10-K,2026-02-19,365,1.0,221300000.0
1390777,BNY,2014,1178430000.0,WeightedAverageNumberOfDilutedSharesOutstanding,2012-12-31,10-K,2015-02-27,365,1.0,1178430000.0
1390777,BNY,2015,1154441000.0,WeightedAverageNumberOfDilutedSharesOutstanding,2013-12-31,10-K,2016-02-26,364,1.0,1154441000.0
1390777,BNY,2016,1072013000.0,WeightedAverageNumberOfDilutedSharesOutstanding,2016-12-31,10-K,2017-02-28,365,1.0,1072013000.0
1390777,BNY,2017,1072013000.0,WeightedAverageNumberOfDilutedSharesOutstanding,2016-12-31,10-K,2018-02-28,365,1.0,1072013000.0
1390777,BNY,2018,1072013000.0,WeightedAverageNumberOfDilutedSharesOutstanding,2016-12-31,10-K,2019-02-27,365,1.0,1072013000.0
1390777,BNY,2019,1040290000.0,WeightedAverageNumberOfDilutedSharesOutstanding,2017-12-31,10-K,2020-02-27,364,1.0,1040290000.0
1390777,BNY,2020,892514000.0,WeightedAverageNumberOfDilutedSharesOutstanding,2020-12-31,10-K,2021-02-25,365,1.0,892514000.0
1390777,BNY,2021,892514000.0,WeightedAverageNumberOfDilutedSharesOutstanding,2020-12-31,10-K,2022-02-25,365,1.0,892514000.0
1390777,BNY,2022,892514000.0,WeightedAverageNumberOfDilutedSharesOutstanding,2020-12-31,10-K,2023-02-27,365,1.0,892514000.0
1390777,BNY,2023,856359000.0,WeightedAverageNumberOfDilutedSharesOutstanding,2021-12-31,10-K,2024-02-28,364,1.0,856359000.0
1390777,BNY,2024,748101000.0,WeightedAverageNumberOfDilutedSharesOutstanding,2024-12-31,10-K,2025-02-27,365,1.0,748101000.0
1390777,BNY,2025,748101000.0,WeightedAverageNumberOfDilutedSharesOutstanding,2024-12-31,10-K,2026-02-25,365,1.0,748101000.0
1393052,VEEV,2015,30599000.0,WeightedAverageNumberOfDilutedSharesOutstanding,2013-01-31,10-K,2015-04-01,365,1.0,30599000.0
1393052,VEEV,2016,68024000.0,WeightedAverageNumberOfDilutedSharesOutstanding,2014-01-31,10-K,2016-03-31,364,1.0,68024000.0
1393052,VEEV,2017,147578000.0,WeightedAverageNumberOfDilutedSharesOutstanding,2017-01-31,10-K,2017-03-30,365,1.0,147578000.0
1393052,VEEV,2018,147578000.0,WeightedAverageNumberOfDilutedSharesOutstanding,2017-01-31,10-K,2018-03-30,365,1.0,147578000.0
1393052,VEEV,2019,147578000.0,WeightedAverageNumberOfDilutedSharesOutstanding,2017-01-31,10-K,2019-03-28,365,1.0,147578000.0
1393052,VEEV,2020,153681000.0,WeightedAverageNumberOfDilutedSharesOutstanding,2018-01-31,10-K,2020-03-30,364,1.0,153681000.0
1393052,VEEV,2021,160732000.0,WeightedAverageNumberOfDilutedSharesOutstanding,2021-01-31,10-K,2022-03-30,365,1.0,160732000.0
1393052,VEEV,2023,160732000.0,WeightedAverageNumberOfDilutedSharesOutstanding,2021-01-31,10-K,2023-03-30,365,1.0,160732000.0
1393052,VEEV,2024,162277000.0,WeightedAverageNumberOfDilutedSharesOutstanding,2022-01-31,10-K,2024-03-25,364,1.0,162277000.0
1393052,VEEV,2025,165232000.0,WeightedAverageNumberOfDilutedSharesOutstanding,2025-01-31,10-K,2025-03-24,365,1.0,165232000.0
1393052,VEEV,2026,165232000.0,WeightedAverageNumberOfDilutedSharesOutstanding,2025-01-31,10-K,2026-03-20,365,1.0,165232000.0
1393311,PSA,2014,171664000.0,WeightedAverageNumberOfDilutedSharesOutstanding,2012-12-31,10-K,2015-02-25,365,1.0,171664000.0
1393311,PSA,2015,172688000.0,WeightedAverageNumberOfDilutedSharesOutstanding,2013-12-31,10-K,2016-02-29,364,1.0,172688000.0
1393311,PSA,2016,173878000.0,WeightedAverageNumberOfDilutedSharesOutstanding,2016-12-31,10-K,2017-03-01,365,1.0,173878000.0
1393311,PSA,2017,173878000.0,WeightedAverageNumberOfDilutedSharesOutstanding,2016-12-31,10-K,2018-03-01,365,1.0,173878000.0
1393311,PSA,2018,173878000.0,WeightedAverageNumberOfDilutedSharesOutstanding,2016-12-31,10-K,2019-02-27,365,1.0,173878000.0
1393311,PSA,2019,174151000.0,WeightedAverageNumberOfDilutedSharesOutstanding,2017-12-31,10-K,2020-02-25,364,1.0,174151000.0
1393311,PSA,2020,174642000.0,WeightedAverageNumberOfDilutedSharesOutstanding,2020-12-31,10-K,2021-02-24,365,1.0,174642000.0
1393311,PSA,2021,174642000.0,WeightedAverageNumberOfDilutedSharesOutstanding,2020-12-31,10-K,2022-02-22,365,1.0,174642000.0
1393311,PSA,2022,174642000.0,WeightedAverageNumberOfDilutedSharesOutstanding,2020-12-31,10-K,2023-02-21,365,1.0,174642000.0
1393311,PSA,2023,175568000.0,WeightedAverageNumberOfDilutedSharesOutstanding,2021-12-31,10-K,2024-02-20,364,1.0,175568000.0
1393311,PSA,2024,176038000.0,WeightedAverageNumberOfDilutedSharesOutstanding,2024-12-31,10-K,2025-02-24,365,1.0,176038000.0
1393311,PSA,2025,176038000.0,WeightedAverageNumberOfDilutedSharesOutstanding,2024-12-31,10-K,2026-02-12,365,1.0,176038000.0
1393818,BX,2014,538669070.0,WeightedAverageNumberOfDilutedSharesOutstanding,2012-12-31,10-K,2015-02-27,365,1.0,538669070.0
1393818,BX,2015,590546640.0,WeightedAverageNumberOfDilutedSharesOutstanding,2013-12-31,10-K,2016-02-26,364,1.0,590546640.0
1393818,BX,2016,1195114590.0,WeightedAverageNumberOfDilutedSharesOutstanding,2016-12-31,10-K,2017-02-24,365,1.0,1195114590.0
1393818,BX,2017,1195114590.0,WeightedAverageNumberOfDilutedSharesOutstanding,2016-12-31,10-K,2018-03-01,365,1.0,1195114590.0
1393818,BX,2018,1195114590.0,WeightedAverageNumberOfDilutedSharesOutstanding,2016-12-31,10-K,2019-03-01,365,1.0,1195114590.0
1393818,BX,2019,666246846.0,WeightedAverageNumberOfDilutedSharesOutstanding,2017-12-31,10-K,2020-02-28,364,1.0,666246846.0
1393818,BX,2020,697258296.0,WeightedAverageNumberOfDilutedSharesOutstanding,2020-12-31,10-K,2021-02-26,365,1.0,697258296.0
1393818,BX,2021,697258296.0,WeightedAverageNumberOfDilutedSharesOutstanding,2020-12-31,10-K,2022-02-25,365,1.0,697258296.0
1393818,BX,2022,697258296.0,WeightedAverageNumberOfDilutedSharesOutstanding,2020-12-31,10-K,2023-02-24,365,1.0,697258296.0
1393818,BX,2023,720125043.0,WeightedAverageNumberOfDilutedSharesOutstanding,2021-12-31,10-K,2024-02-23,364,1.0,720125043.0
1393818,BX,2024,766646508.0,WeightedAverageNumberOfDilutedSharesOutstanding,2024-12-31,10-K,2025-02-28,365,1.0,766646508.0
1393818,BX,2025,766646508.0,WeightedAverageNumberOfDilutedSharesOutstanding,2024-12-31,10-K,2026-02-27,365,1.0,766646508.0
1396009,VMC,2014,129745000.0,WeightedAverageNumberOfDilutedSharesOutstanding,2012-12-31,10-K,2015-02-27,365,1.0,129745000.0
1396009,VMC,2015,131467000.0,WeightedAverageNumberOfDilutedSharesOutstanding,2013-12-31,10-K,2016-02-25,364,1.0,131467000.0
1396009,VMC,2016,135790000.0,WeightedAverageNumberOfDilutedSharesOutstanding,2016-12-31,10-K,2017-02-24,365,1.0,135790000.0
1396009,VMC,2017,135790000.0,WeightedAverageNumberOfDilutedSharesOutstanding,2016-12-31,10-K,2018-02-27,365,1.0,135790000.0
1396009,VMC,2018,135790000.0,WeightedAverageNumberOfDilutedSharesOutstanding,2016-12-31,10-K,2019-02-26,365,1.0,135790000.0
1396009,VMC,2019,134878000.0,WeightedAverageNumberOfDilutedSharesOutstanding,2017-12-31,10-K,2020-02-26,364,1.0,134878000.0
1396009,VMC,2020,133245000.0,WeightedAverageNumberOfDilutedSharesOutstanding,2020-12-31,10-K,2021-02-25,365,1.0,133245000.0
1396009,VMC,2021,133200000.0,WeightedAverageNumberOfDilutedSharesOutstanding,2020-12-31,10-K,2022-02-25,365,1.0,133200000.0
1396009,VMC,2022,133200000.0,WeightedAverageNumberOfDilutedSharesOutstanding,2020-12-31,10-K,2023-02-24,365,1.0,133200000.0
1396009,VMC,2023,133500000.0,WeightedAverageNumberOfDilutedSharesOutstanding,2021-12-31,10-K,2024-02-22,364,1.0,133500000.0
1396009,VMC,2024,133100000.0,WeightedAverageNumberOfDilutedSharesOutstanding,2024-12-31,10-K,2025-02-20,365,1.0,133100000.0
1396009,VMC,2025,133100000.0,WeightedAverageNumberOfDilutedSharesOutstanding,2024-12-31,10-K,2026-02-19,365,1.0,133100000.0
1397187,LULU,2014,145806000.0,WeightedAverageNumberOfDilutedSharesOutstanding,2013-02-03,10-K,2015-03-26,370,1.0,145806000.0
1397187,LULU,2015,146043000.0,WeightedAverageNumberOfDilutedSharesOutstanding,2014-02-02,10-K,2016-03-30,363,1.0,146043000.0
1397187,LULU,2016,144298000.0,WeightedAverageNumberOfDilutedSharesOutstanding,2015-02-01,10-K,2017-03-29,363,1.0,144298000.0
1397187,LULU,2017,140610000.0,WeightedAverageNumberOfDilutedSharesOutstanding,2016-01-31,10-K,2018-03-27,363,1.0,140610000.0
1397187,LULU,2018,133971000.0,WeightedAverageNumberOfDilutedSharesOutstanding,2019-02-03,10-K,2019-03-27,370,1.0,133971000.0
1397187,LULU,2019,133971000.0,WeightedAverageNumberOfDilutedSharesOutstanding,2019-02-03,10-K,2020-03-26,370,1.0,133971000.0
1397187,LULU,2020,133971000.0,WeightedAverageNumberOfDilutedSharesOutstanding,2019-02-03,10-K,2021-03-30,370,1.0,133971000.0
1397187,LULU,2021,130955000.0,WeightedAverageNumberOfDilutedSharesOutstanding,2020-02-02,10-K,2022-03-29,363,1.0,130955000.0
1397187,LULU,2022,130871000.0,WeightedAverageNumberOfDilutedSharesOutstanding,2021-01-31,10-K,2023-03-28,363,1.0,130871000.0
1397187,LULU,2023,130295000.0,WeightedAverageNumberOfDilutedSharesOutstanding,2022-01-30,10-K,2024-03-21,363,1.0,130295000.0
1397187,LULU,2024,123935000.0,WeightedAverageNumberOfDilutedSharesOutstanding,2025-02-02,10-K,2025-03-27,370,1.0,123935000.0
1397187,LULU,2025,123935000.0,WeightedAverageNumberOfDilutedSharesOutstanding,2025-02-02,10-K,2026-03-17,370,1.0,123935000.0
1402057,CDW,2014,145800000.0,WeightedAverageNumberOfDilutedSharesOutstanding,2012-12-31,10-K,2015-02-26,365,1.0,145800000.0
1402057,CDW,2015,158700000.0,WeightedAverageNumberOfDilutedSharesOutstanding,2013-12-31,10-K,2016-02-25,364,1.0,158700000.0
1402057,CDW,2016,166000000.0,WeightedAverageNumberOfDilutedSharesOutstanding,2016-12-31,10-K,2017-03-01,365,1.0,166000000.0
1402057,CDW,2017,166000000.0,WeightedAverageNumberOfDilutedSharesOutstanding,2016-12-31,10-K,2018-03-01,365,1.0,166000000.0
1402057,CDW,2018,166000000.0,WeightedAverageNumberOfDilutedSharesOutstanding,2016-12-31,10-K,2019-02-27,365,1.0,166000000.0
1402057,CDW,2019,158200000.0,WeightedAverageNumberOfDilutedSharesOutstanding,2017-12-31,10-K,2020-02-28,364,1.0,158200000.0
1402057,CDW,2020,144800000.0,WeightedAverageNumberOfDilutedSharesOutstanding,2020-12-31,10-K,2021-02-26,365,1.0,144800000.0
1402057,CDW,2021,144800000.0,WeightedAverageNumberOfDilutedSharesOutstanding,2020-12-31,10-K,2022-02-28,365,1.0,144800000.0
1402057,CDW,2022,144800000.0,WeightedAverageNumberOfDilutedSharesOutstanding,2020-12-31,10-K,2023-02-24,365,1.0,144800000.0
1402057,CDW,2023,140500000.0,WeightedAverageNumberOfDilutedSharesOutstanding,2021-12-31,10-K,2024-02-26,364,1.0,140500000.0
1402057,CDW,2024,135200000.0,WeightedAverageNumberOfDilutedSharesOutstanding,2024-12-31,10-K,2025-02-21,365,1.0,135200000.0
1402057,CDW,2025,135200000.0,WeightedAverageNumberOfDilutedSharesOutstanding,2024-12-31,10-K,2026-02-20,365,1.0,135200000.0
1403568,ULTA,2015,64461000.0,WeightedAverageNumberOfDilutedSharesOutstanding,2014-02-01,10-K,2016-03-30,363,1.0,64461000.0
1403568,ULTA,2016,64651000.0,WeightedAverageNumberOfDilutedSharesOutstanding,2015-01-31,10-K,2017-03-28,363,1.0,64651000.0
1403568,ULTA,2017,61975000.0,WeightedAverageNumberOfDilutedSharesOutstanding,2018-02-03,10-K,2018-04-03,370,1.0,61975000.0
1403568,ULTA,2018,61975000.0,WeightedAverageNumberOfDilutedSharesOutstanding,2018-02-03,10-K,2019-04-02,370,1.0,61975000.0
1403568,ULTA,2019,61975000.0,WeightedAverageNumberOfDilutedSharesOutstanding,2018-02-03,10-K,2020-03-27,370,1.0,61975000.0
1403568,ULTA,2020,60181000.0,WeightedAverageNumberOfDilutedSharesOutstanding,2019-02-02,10-K,2021-03-26,363,1.0,60181000.0
1403568,ULTA,2021,58105000.0,WeightedAverageNumberOfDilutedSharesOutstanding,2020-02-01,10-K,2022-03-25,363,1.0,58105000.0
1403568,ULTA,2022,56558000.0,WeightedAverageNumberOfDilutedSharesOutstanding,2021-01-30,10-K,2023-03-24,363,1.0,56558000.0
1403568,ULTA,2023,49596000.0,WeightedAverageNumberOfDilutedSharesOutstanding,2024-02-03,10-K,2024-03-26,370,1.0,49596000.0
1403568,ULTA,2024,49596000.0,WeightedAverageNumberOfDilutedSharesOutstanding,2024-02-03,10-K,2025-03-27,370,1.0,49596000.0
1403568,ULTA,2025,49596000.0,WeightedAverageNumberOfDilutedSharesOutstanding,2024-02-03,10-K,2026-03-26,370,1.0,49596000.0
1408198,MSCI,2014,123204000.0,WeightedAverageNumberOfDilutedSharesOutstanding,2012-12-31,10-K/A,2015-03-02,365,1.0,123204000.0
1408198,MSCI,2015,121074000.0,WeightedAverageNumberOfDilutedSharesOutstanding,2013-12-31,10-K,2016-02-26,364,1.0,121074000.0
1408198,MSCI,2016,96540000.0,WeightedAverageNumberOfDilutedSharesOutstanding,2016-12-31,10-K,2017-02-24,365,1.0,96540000.0
1408198,MSCI,2017,96540000.0,WeightedAverageNumberOfDilutedSharesOutstanding,2016-12-31,10-K,2018-02-26,365,1.0,96540000.0
1408198,MSCI,2018,96540000.0,WeightedAverageNumberOfDilutedSharesOutstanding,2016-12-31,10-K,2019-02-22,365,1.0,96540000.0
1408198,MSCI,2019,91914000.0,WeightedAverageNumberOfDilutedSharesOutstanding,2017-12-31,10-K,2020-02-18,364,1.0,91914000.0
1408198,MSCI,2020,84517000.0,WeightedAverageNumberOfDilutedSharesOutstanding,2020-12-31,10-K,2021-02-12,365,1.0,84517000.0
1408198,MSCI,2021,84517000.0,WeightedAverageNumberOfDilutedSharesOutstanding,2020-12-31,10-K,2022-02-11,365,1.0,84517000.0
1408198,MSCI,2022,84517000.0,WeightedAverageNumberOfDilutedSharesOutstanding,2020-12-31,10-K,2023-02-10,365,1.0,84517000.0
1408198,MSCI,2023,83479000.0,WeightedAverageNumberOfDilutedSharesOutstanding,2021-12-31,10-K,2024-02-09,364,1.0,83479000.0
1408198,MSCI,2024,78960000.0,WeightedAverageNumberOfDilutedSharesOutstanding,2024-12-31,10-K,2025-02-07,365,1.0,78960000.0
1408198,MSCI,2025,78960000.0,WeightedAverageNumberOfDilutedSharesOutstanding,2024-12-31,10-K,2026-02-06,365,1.0,78960000.0
1410636,AWK,2014,177671000.0,WeightedAverageNumberOfDilutedSharesOutstanding,2012-12-31,10-K,2015-02-25,365,1.0,177671000.0
1410636,AWK,2015,179000000.0,WeightedAverageNumberOfDilutedSharesOutstanding,2013-12-31,10-K,2016-02-25,364,1.0,179000000.0
1410636,AWK,2016,179000000.0,WeightedAverageNumberOfDilutedSharesOutstanding,2016-12-31,10-K,2017-02-21,365,1.0,179000000.0
1410636,AWK,2017,179000000.0,WeightedAverageNumberOfDilutedSharesOutstanding,2016-12-31,10-K,2018-02-20,365,1.0,179000000.0
1410636,AWK,2018,179000000.0,WeightedAverageNumberOfDilutedSharesOutstanding,2016-12-31,10-K,2019-02-19,365,1.0,179000000.0
1410636,AWK,2019,179000000.0,WeightedAverageNumberOfDilutedSharesOutstanding,2017-12-31,10-K,2020-02-18,364,1.0,179000000.0
1410636,AWK,2020,182000000.0,WeightedAverageNumberOfDilutedSharesOutstanding,2020-12-31,10-K,2021-02-24,365,1.0,182000000.0
1410636,AWK,2021,182000000.0,WeightedAverageNumberOfDilutedSharesOutstanding,2020-12-31,10-K,2022-02-16,365,1.0,182000000.0
1410636,AWK,2022,182000000.0,WeightedAverageNumberOfDilutedSharesOutstanding,2020-12-31,10-K,2023-02-15,365,1.0,182000000.0
1410636,AWK,2023,182000000.0,WeightedAverageNumberOfDilutedSharesOutstanding,2021-12-31,10-K,2024-02-14,364,1.0,182000000.0
1410636,AWK,2024,195000000.0,WeightedAverageNumberOfDilutedSharesOutstanding,2024-12-31,10-K,2025-02-19,365,1.0,195000000.0
1410636,AWK,2025,195000000.0,WeightedAverageNumberOfDilutedSharesOutstanding,2024-12-31,10-K,2026-02-18,365,1.0,195000000.0
1413329,PM,2017,1551000000.0,WeightedAverageNumberOfDilutedSharesOutstanding,2016-12-31,10-K,2018-02-13,365,1.0,1551000000.0
1413329,PM,2018,1551000000.0,WeightedAverageNumberOfDilutedSharesOutstanding,2016-12-31,10-K,2019-02-07,365,1.0,1551000000.0
1413329,PM,2019,1553000000.0,WeightedAverageNumberOfDilutedSharesOutstanding,2017-12-31,10-K,2020-02-07,364,1.0,1553000000.0
1413329,PM,2020,1558000000.0,WeightedAverageNumberOfDilutedSharesOutstanding,2020-12-31,10-K,2021-02-09,365,1.0,1558000000.0
1413329,PM,2021,1558000000.0,WeightedAverageNumberOfDilutedSharesOutstanding,2020-12-31,10-K,2022-02-11,365,1.0,1558000000.0
1413329,PM,2022,1558000000.0,WeightedAverageNumberOfDilutedSharesOutstanding,2020-12-31,10-K,2023-02-10,365,1.0,1558000000.0
1413329,PM,2023,1559000000.0,WeightedAverageNumberOfDilutedSharesOutstanding,2021-12-31,10-K,2024-02-08,364,1.0,1559000000.0
1413329,PM,2024,1556000000.0,WeightedAverageNumberOfDilutedSharesOutstanding,2024-12-31,10-K,2025-02-06,365,1.0,1556000000.0
1413329,PM,2025,1556000000.0,WeightedAverageNumberOfDilutedSharesOutstanding,2024-12-31,10-K,2026-02-06,365,1.0,1556000000.0
1413447,NXPI,2019,345802000.0,WeightedAverageNumberOfDilutedSharesOutstanding,2017-12-31,10-K,2020-02-27,364,1.0,345802000.0
1413447,NXPI,2020,283809000.0,WeightedAverageNumberOfDilutedSharesOutstanding,2020-12-31,10-K,2021-02-25,365,1.0,283809000.0
1413447,NXPI,2021,283809000.0,WeightedAverageNumberOfDilutedSharesOutstanding,2020-12-31,10-K,2022-02-24,365,1.0,283809000.0
1413447,NXPI,2022,283809000.0,WeightedAverageNumberOfDilutedSharesOutstanding,2020-12-31,10-K,2023-03-01,365,1.0,283809000.0
1413447,NXPI,2023,275646000.0,WeightedAverageNumberOfDilutedSharesOutstanding,2021-12-31,10-K,2024-02-22,364,1.0,275646000.0
1413447,NXPI,2024,257848000.0,WeightedAverageNumberOfDilutedSharesOutstanding,2024-12-31,10-K,2025-02-20,365,1.0,257848000.0
1413447,NXPI,2025,257848000.0,WeightedAverageNumberOfDilutedSharesOutstanding,2024-12-31,10-K,2026-02-19,365,1.0,257848000.0
1415404,ECHO,2014,87959000.0,WeightedAverageNumberOfDilutedSharesOutstanding,2012-12-31,10-K,2015-02-20,365,1.234,108541406.0
1415404,ECHO,2015,90952000.0,WeightedAverageNumberOfDilutedSharesOutstanding,2013-12-31,10-K,2016-02-24,364,1.234,112234768.0
1415404,ECHO,2016,94410000.0,WeightedAverageNumberOfDilutedSharesOutstanding,2016-12-31,10-K,2017-02-24,365,1.234,116501940.0
1415404,ECHO,2017,94410000.0,WeightedAverageNumberOfDilutedSharesOutstanding,2016-12-31,10-K,2018-02-22,365,1.234,116501940.0
1415404,ECHO,2018,94410000.0,WeightedAverageNumberOfDilutedSharesOutstanding,2016-12-31,10-K,2019-02-21,365,1.234,116501940.0
1415404,ECHO,2019,96741000.0,WeightedAverageNumberOfDilutedSharesOutstanding,2017-12-31,10-K,2020-02-20,364,1.234,119378394.0
1415404,ECHO,2021,97920000.0,WeightedAverageNumberOfDilutedSharesOutstanding,2020-12-31,10-K,2022-02-24,365,1.0,97920000.0
1415404,ECHO,2022,97920000.0,WeightedAverageNumberOfDilutedSharesOutstanding,2020-12-31,10-K,2023-02-23,365,1.0,97920000.0
1415404,ECHO,2023,313122000.0,WeightedAverageNumberOfDilutedSharesOutstanding,2021-12-31,10-K,2024-02-29,364,1.0,313122000.0
1415404,ECHO,2024,274079000.0,WeightedAverageNumberOfDilutedSharesOutstanding,2024-12-31,10-K,2025-02-27,365,1.0,274079000.0
1415404,ECHO,2025,274079000.0,WeightedAverageNumberOfDilutedSharesOutstanding,2024-12-31,10-K,2026-03-02,365,1.0,274079000.0
1418135,KDP,2014,212300000.0,WeightedAverageNumberOfDilutedSharesOutstanding,2012-12-31,10-K,2015-02-19,365,1.0,212300000.0
1418135,KDP,2015,204500000.0,WeightedAverageNumberOfDilutedSharesOutstanding,2013-12-31,10-K,2016-02-23,364,1.0,204500000.0
1418135,KDP,2016,186600000.0,WeightedAverageNumberOfDilutedSharesOutstanding,2016-12-31,10-K,2017-02-14,365,1.0,186600000.0
1418135,KDP,2017,186600000.0,WeightedAverageNumberOfDilutedSharesOutstanding,2016-12-31,10-K,2018-02-14,365,1.0,186600000.0
1418135,KDP,2019,790500000.0,WeightedAverageNumberOfDilutedSharesOutstanding,2017-09-30,10-K,2020-02-27,370,1.0,790500000.0
1418135,KDP,2020,1422100000.0,WeightedAverageNumberOfDilutedSharesOutstanding,2020-12-31,10-K,2021-02-25,365,1.0,1422100000.0
1418135,KDP,2021,1422100000.0,WeightedAverageNumberOfDilutedSharesOutstanding,2020-12-31,10-K,2022-02-24,365,1.0,1422100000.0
1418135,KDP,2022,1422100000.0,WeightedAverageNumberOfDilutedSharesOutstanding,2020-12-31,10-K,2023-02-23,365,1.0,1422100000.0
1418135,KDP,2023,1427900000.0,WeightedAverageNumberOfDilutedSharesOutstanding,2021-12-31,10-K,2024-02-22,364,1.0,1427900000.0
1418135,KDP,2024,1368300000.0,WeightedAverageNumberOfDilutedSharesOutstanding,2024-12-31,10-K,2025-02-25,365,1.0,1368300000.0
1418135,KDP,2025,1368300000.0,WeightedAverageNumberOfDilutedSharesOutstanding,2024-12-31,10-K,2026-02-24,365,1.0,1368300000.0
1437107,WBD,2022,672000000.0,WeightedAverageNumberOfDilutedSharesOutstanding,2020-12-31,10-K,2023-02-24,365,1.0,672000000.0
1437107,WBD,2023,664000000.0,WeightedAverageNumberOfDilutedSharesOutstanding,2021-12-31,10-K,2024-02-23,364,1.0,664000000.0
1437107,WBD,2024,2450000000.0,WeightedAverageNumberOfDilutedSharesOutstanding,2024-12-31,10-K,2025-02-27,365,1.0,2450000000.0
1437107,WBD,2025,2450000000.0,WeightedAverageNumberOfDilutedSharesOutstanding,2024-12-31,10-K,2026-02-27,365,1.0,2450000000.0
1442145,VRSK,2014,171709518.0,WeightedAverageNumberOfDilutedSharesOutstanding,2012-12-31,10-K,2015-02-24,365,1.0,171709518.0
1442145,VRSK,2015,172276360.0,WeightedAverageNumberOfDilutedSharesOutstanding,2013-12-31,10-K,2016-02-24,364,1.0,172276360.0
1442145,VRSK,2016,171171572.0,WeightedAverageNumberOfDilutedSharesOutstanding,2016-12-31,10-K,2017-02-21,365,1.0,171171572.0
1442145,VRSK,2017,171171572.0,WeightedAverageNumberOfDilutedSharesOutstanding,2016-12-31,10-K,2018-02-20,365,1.0,171171572.0
1442145,VRSK,2018,171171572.0,WeightedAverageNumberOfDilutedSharesOutstanding,2016-12-31,10-K,2019-02-19,365,1.0,171171572.0
1442145,VRSK,2019,168688868.0,WeightedAverageNumberOfDilutedSharesOutstanding,2017-12-31,10-K,2020-02-18,364,1.0,168688868.0
1442145,VRSK,2020,165320709.0,WeightedAverageNumberOfDilutedSharesOutstanding,2020-12-31,10-K,2021-02-23,365,1.0,165320709.0
1442145,VRSK,2021,165320709.0,WeightedAverageNumberOfDilutedSharesOutstanding,2020-12-31,10-K,2022-02-22,365,1.0,165320709.0
1442145,VRSK,2022,165320709.0,WeightedAverageNumberOfDilutedSharesOutstanding,2020-12-31,10-K,2023-02-28,365,1.0,165320709.0
1442145,VRSK,2023,163338909.0,WeightedAverageNumberOfDilutedSharesOutstanding,2021-12-31,10-K,2024-02-21,364,1.0,163338909.0
1442145,VRSK,2024,142842261.0,WeightedAverageNumberOfDilutedSharesOutstanding,2024-12-31,10-K,2025-02-26,365,1.0,142842261.0
1442145,VRSK,2025,142842261.0,WeightedAverageNumberOfDilutedSharesOutstanding,2024-12-31,10-K,2026-02-18,365,1.0,142842261.0
1466258,TT,2014,310600000.0,WeightedAverageNumberOfDilutedSharesOutstanding,2012-12-31,10-K,2015-02-13,365,1.6138279999999998,501254976.79999995
1466258,TT,2015,298300000.0,WeightedAverageNumberOfDilutedSharesOutstanding,2013-12-31,10-K,2016-02-12,364,1.289,384508700.0
1466258,TT,2016,261700000.0,WeightedAverageNumberOfDilutedSharesOutstanding,2016-12-31,10-K,2017-02-13,365,1.289,337331300.0
1466258,TT,2017,261700000.0,WeightedAverageNumberOfDilutedSharesOutstanding,2016-12-31,10-K,2018-02-12,365,1.289,337331300.0
1466258,TT,2018,261700000.0,WeightedAverageNumberOfDilutedSharesOutstanding,2016-12-31,10-K,2019-02-12,365,1.289,337331300.0
1466258,TT,2019,258100000.0,WeightedAverageNumberOfDilutedSharesOutstanding,2017-12-31,10-K,2020-02-18,364,1.289,332690900.0
1466258,TT,2020,243100000.0,WeightedAverageNumberOfDilutedSharesOutstanding,2020-12-31,10-K,2021-02-09,365,1.0,243100000.0
1466258,TT,2021,243100000.0,WeightedAverageNumberOfDilutedSharesOutstanding,2020-12-31,10-K,2022-02-07,365,1.0,243100000.0
1466258,TT,2022,243100000.0,WeightedAverageNumberOfDilutedSharesOutstanding,2020-12-31,10-K,2023-02-10,365,1.0,243100000.0
1466258,TT,2023,242300000.0,WeightedAverageNumberOfDilutedSharesOutstanding,2021-12-31,10-K,2024-02-08,364,1.0,242300000.0
1466258,TT,2024,228400000.0,WeightedAverageNumberOfDilutedSharesOutstanding,2024-12-31,10-K,2025-02-06,365,1.0,228400000.0
1466258,TT,2025,228400000.0,WeightedAverageNumberOfDilutedSharesOutstanding,2024-12-31,10-K,2026-02-05,365,1.0,228400000.0
1467373,ACN,2014,727386654.0,WeightedAverageNumberOfDilutedSharesOutstanding,2012-08-31,10-K,2014-10-24,365,1.0,727386654.0
1467373,ACN,2015,713340470.0,WeightedAverageNumberOfDilutedSharesOutstanding,2013-08-31,10-K,2015-10-30,364,1.0,713340470.0
1467373,ACN,2016,667770274.0,WeightedAverageNumberOfDilutedSharesOutstanding,2016-08-31,10-K,2016-10-28,365,1.0,667770274.0
1467373,ACN,2017,667770274.0,WeightedAverageNumberOfDilutedSharesOutstanding,2016-08-31,10-K,2017-10-26,365,1.0,667770274.0
1467373,ACN,2018,667770274.0,WeightedAverageNumberOfDilutedSharesOutstanding,2016-08-31,10-K,2018-10-24,365,1.0,667770274.0
1467373,ACN,2019,660463227.0,WeightedAverageNumberOfDilutedSharesOutstanding,2017-08-31,10-K,2019-10-29,364,1.0,660463227.0
1467373,ACN,2020,647797003.0,WeightedAverageNumberOfDilutedSharesOutstanding,2020-08-31,10-K,2020-10-22,365,1.0,647797003.0
1467373,ACN,2021,647797003.0,WeightedAverageNumberOfDilutedSharesOutstanding,2020-08-31,10-K,2021-10-15,365,1.0,647797003.0
1467373,ACN,2022,647797003.0,WeightedAverageNumberOfDilutedSharesOutstanding,2020-08-31,10-K,2022-10-12,365,1.0,647797003.0
1467373,ACN,2023,645909042.0,WeightedAverageNumberOfDilutedSharesOutstanding,2021-08-31,10-K,2023-10-12,364,1.0,645909042.0
1467373,ACN,2024,635940044.0,WeightedAverageNumberOfDilutedSharesOutstanding,2024-08-31,10-K,2024-10-10,365,1.0,635940044.0
1467373,ACN,2025,635940044.0,WeightedAverageNumberOfDilutedSharesOutstanding,2024-08-31,10-K,2025-10-10,365,1.0,635940044.0
1467858,GM,2014,1675000000.0,WeightedAverageNumberOfDilutedSharesOutstanding,2012-12-31,10-K,2015-02-04,365,1.0,1675000000.0
1467858,GM,2015,1676000000.0,WeightedAverageNumberOfDilutedSharesOutstanding,2013-12-31,10-K,2016-02-03,364,1.0,1676000000.0
1467858,GM,2016,1570000000.0,WeightedAverageNumberOfDilutedSharesOutstanding,2016-12-31,10-K,2017-02-07,365,1.0,1570000000.0
1467858,GM,2017,1570000000.0,WeightedAverageNumberOfDilutedSharesOutstanding,2016-12-31,10-K,2018-02-06,365,1.0,1570000000.0
1467858,GM,2018,1570000000.0,WeightedAverageNumberOfDilutedSharesOutstanding,2016-12-31,10-K,2019-02-06,365,1.0,1570000000.0
1467858,GM,2019,1492000000.0,WeightedAverageNumberOfDilutedSharesOutstanding,2017-12-31,10-K,2020-02-05,364,1.0,1492000000.0
1467858,GM,2020,1442000000.0,WeightedAverageNumberOfDilutedSharesOutstanding,2020-12-31,10-K,2021-02-10,365,1.0,1442000000.0
1467858,GM,2021,1442000000.0,WeightedAverageNumberOfDilutedSharesOutstanding,2020-12-31,10-K,2022-02-02,365,1.0,1442000000.0
1467858,GM,2022,1442000000.0,WeightedAverageNumberOfDilutedSharesOutstanding,2020-12-31,10-K,2023-01-31,365,1.0,1442000000.0
1467858,GM,2023,1468000000.0,WeightedAverageNumberOfDilutedSharesOutstanding,2021-12-31,10-K,2024-01-30,364,1.0,1468000000.0
1467858,GM,2024,1129000000.0,WeightedAverageNumberOfDilutedSharesOutstanding,2024-12-31,10-K,2025-01-28,365,1.0,1129000000.0
1467858,GM,2025,1129000000.0,WeightedAverageNumberOfDilutedSharesOutstanding,2024-12-31,10-K,2026-01-27,365,1.0,1129000000.0
1474735,GNRC,2014,69193138.0,WeightedAverageNumberOfDilutedSharesOutstanding,2012-12-31,10-K,2015-02-27,365,1.0,69193138.0
1474735,GNRC,2015,69667529.0,WeightedAverageNumberOfDilutedSharesOutstanding,2013-12-31,10-K,2016-02-26,364,1.0,69667529.0
1474735,GNRC,2016,65382774.0,WeightedAverageNumberOfDilutedSharesOutstanding,2016-12-31,10-K,2017-02-24,365,1.0,65382774.0
1474735,GNRC,2017,65382774.0,WeightedAverageNumberOfDilutedSharesOutstanding,2016-12-31,10-K,2018-02-26,365,1.0,65382774.0
1474735,GNRC,2018,65382774.0,WeightedAverageNumberOfDilutedSharesOutstanding,2016-12-31,10-K,2019-02-26,365,1.0,65382774.0
1474735,GNRC,2019,62642872.0,WeightedAverageNumberOfDilutedSharesOutstanding,2017-12-31,10-K,2020-02-25,364,1.0,62642872.0
1474735,GNRC,2020,63737734.0,WeightedAverageNumberOfDilutedSharesOutstanding,2020-12-31,10-K,2021-02-23,365,1.0,63737734.0
1474735,GNRC,2021,63737734.0,WeightedAverageNumberOfDilutedSharesOutstanding,2020-12-31,10-K,2022-02-22,365,1.0,63737734.0
1474735,GNRC,2022,63737734.0,WeightedAverageNumberOfDilutedSharesOutstanding,2020-12-31,10-K,2023-02-22,365,1.0,63737734.0
1474735,GNRC,2023,64253408.0,WeightedAverageNumberOfDilutedSharesOutstanding,2021-12-31,10-K,2024-02-21,364,1.0,64253408.0
1474735,GNRC,2024,60350412.0,WeightedAverageNumberOfDilutedSharesOutstanding,2024-12-31,10-K,2025-02-19,365,1.0,60350412.0
1474735,GNRC,2025,60350412.0,WeightedAverageNumberOfDilutedSharesOutstanding,2024-12-31,10-K,2026-02-18,365,1.0,60350412.0
1478242,IQV,2014,117796000.0,WeightedAverageNumberOfDilutedSharesOutstanding,2012-12-31,10-K,2015-02-12,365,1.0,117796000.0
1478242,IQV,2015,127862000.0,WeightedAverageNumberOfDilutedSharesOutstanding,2013-12-31,10-K,2016-02-11,364,1.0,127862000.0
1478242,IQV,2016,152000000.0,WeightedAverageNumberOfDilutedSharesOutstanding,2016-12-31,10-K,2017-02-16,365,1.0,152000000.0
1478242,IQV,2017,152000000.0,WeightedAverageNumberOfDilutedSharesOutstanding,2016-12-31,10-K,2018-02-16,365,1.0,152000000.0
1478242,IQV,2018,152000000.0,WeightedAverageNumberOfDilutedSharesOutstanding,2016-12-31,10-K,2019-02-19,365,1.0,152000000.0
1478242,IQV,2019,222600000.0,WeightedAverageNumberOfDilutedSharesOutstanding,2017-12-31,10-K,2020-02-18,364,1.0,222600000.0
1478242,IQV,2020,195000000.0,WeightedAverageNumberOfDilutedSharesOutstanding,2020-12-31,10-K,2021-02-12,365,1.0,195000000.0
1478242,IQV,2021,195000000.0,WeightedAverageNumberOfDilutedSharesOutstanding,2020-12-31,10-K,2022-02-16,365,1.0,195000000.0
1478242,IQV,2022,195000000.0,WeightedAverageNumberOfDilutedSharesOutstanding,2020-12-31,10-K,2023-02-15,365,1.0,195000000.0
1478242,IQV,2023,195000000.0,WeightedAverageNumberOfDilutedSharesOutstanding,2021-12-31,10-K,2024-02-15,364,1.0,195000000.0
1478242,IQV,2024,183400000.0,WeightedAverageNumberOfDilutedSharesOutstanding,2024-12-31,10-K,2025-02-13,365,1.0,183400000.0
1478242,IQV,2025,183400000.0,WeightedAverageNumberOfDilutedSharesOutstanding,2024-12-31,10-K,2026-02-17,365,1.0,183400000.0
1501585,HII,2014,50100000.0,WeightedAverageNumberOfDilutedSharesOutstanding,2012-12-31,10-K,2015-02-19,365,1.0,50100000.0
1501585,HII,2015,50400000.0,WeightedAverageNumberOfDilutedSharesOutstanding,2013-12-31,10-K,2016-02-18,364,1.0,50400000.0
1501585,HII,2016,47200000.0,WeightedAverageNumberOfDilutedSharesOutstanding,2016-12-31,10-K,2017-02-16,365,1.0,47200000.0
1501585,HII,2017,47200000.0,WeightedAverageNumberOfDilutedSharesOutstanding,2016-12-31,10-K,2018-02-15,365,1.0,47200000.0
1501585,HII,2018,47200000.0,WeightedAverageNumberOfDilutedSharesOutstanding,2016-12-31,10-K,2019-02-14,365,1.0,47200000.0
1501585,HII,2019,45800000.0,WeightedAverageNumberOfDilutedSharesOutstanding,2017-12-31,10-K,2020-02-13,364,1.0,45800000.0
1501585,HII,2020,40600000.0,WeightedAverageNumberOfDilutedSharesOutstanding,2020-12-31,10-K,2021-02-11,365,1.0,40600000.0
1501585,HII,2021,40600000.0,WeightedAverageNumberOfDilutedSharesOutstanding,2020-12-31,10-K,2022-02-10,365,1.0,40600000.0
1501585,HII,2022,40600000.0,WeightedAverageNumberOfDilutedSharesOutstanding,2020-12-31,10-K,2023-02-09,365,1.0,40600000.0
1501585,HII,2023,40300000.0,WeightedAverageNumberOfDilutedSharesOutstanding,2021-12-31,10-K,2024-02-01,364,1.0,40300000.0
1501585,HII,2024,39400000.0,WeightedAverageNumberOfDilutedSharesOutstanding,2024-12-31,10-K,2025-02-06,365,1.0,39400000.0
1501585,HII,2025,39400000.0,WeightedAverageNumberOfDilutedSharesOutstanding,2024-12-31,10-K,2026-02-05,365,1.0,39400000.0
1506307,KMI,2015,1036000000.0,WeightedAverageNumberOfDilutedSharesOutstanding,2013-12-31,10-K,2016-02-16,364,1.0,1036000000.0
1506307,KMI,2016,2230000000.0,WeightedAverageNumberOfDilutedSharesOutstanding,2016-12-31,10-K,2017-02-10,365,1.0,2230000000.0
1506307,KMI,2017,2230000000.0,WeightedAverageNumberOfDilutedSharesOutstanding,2016-12-31,10-K,2018-02-09,365,1.0,2230000000.0
1506307,KMI,2021,2263000000.0,WeightedAverageNumberOfDilutedSharesOutstanding,2020-12-31,10-K,2022-02-07,365,1.0,2263000000.0
1506307,KMI,2022,2263000000.0,WeightedAverageNumberOfDilutedSharesOutstanding,2020-12-31,10-K,2023-02-08,365,1.0,2263000000.0
1506307,KMI,2023,2266000000.0,WeightedAverageNumberOfDilutedSharesOutstanding,2021-12-31,10-K,2024-02-20,364,1.0,2266000000.0
1506307,KMI,2024,2220000000.0,WeightedAverageNumberOfDilutedSharesOutstanding,2024-12-31,10-K,2025-02-13,365,1.0,2220000000.0
1506307,KMI,2025,2220000000.0,WeightedAverageNumberOfDilutedSharesOutstanding,2024-12-31,10-K,2026-02-13,365,1.0,2220000000.0
1510295,MPC,2014,342000000.0,WeightedAverageNumberOfDilutedSharesOutstanding,2012-12-31,10-K,2015-02-27,365,2.0,684000000.0
1510295,MPC,2015,634000000.0,WeightedAverageNumberOfDilutedSharesOutstanding,2013-12-31,10-K,2016-02-26,364,2.0,1268000000.0
1510295,MPC,2016,530000000.0,WeightedAverageNumberOfDilutedSharesOutstanding,2016-12-31,10-K,2017-02-24,365,1.0,530000000.0
1510295,MPC,2017,530000000.0,WeightedAverageNumberOfDilutedSharesOutstanding,2016-12-31,10-K,2018-02-28,365,1.0,530000000.0
1510295,MPC,2018,530000000.0,WeightedAverageNumberOfDilutedSharesOutstanding,2016-12-31,10-K,2019-02-28,365,1.0,530000000.0
1510295,MPC,2019,512000000.0,WeightedAverageNumberOfDilutedSharesOutstanding,2017-12-31,10-K,2020-02-28,364,1.0,512000000.0
1510295,MPC,2020,649000000.0,WeightedAverageNumberOfDilutedSharesOutstanding,2020-12-31,10-K,2021-02-26,365,1.0,649000000.0
1510295,MPC,2021,649000000.0,WeightedAverageNumberOfDilutedSharesOutstanding,2020-12-31,10-K,2022-02-24,365,1.0,649000000.0
1510295,MPC,2022,649000000.0,WeightedAverageNumberOfDilutedSharesOutstanding,2020-12-31,10-K,2023-02-23,365,1.0,649000000.0
1510295,MPC,2023,638000000.0,WeightedAverageNumberOfDilutedSharesOutstanding,2021-12-31,10-K,2024-02-28,364,1.0,638000000.0
1510295,MPC,2024,341000000.0,WeightedAverageNumberOfDilutedSharesOutstanding,2024-12-31,10-K,2025-02-27,365,1.0,341000000.0
1510295,MPC,2025,341000000.0,WeightedAverageNumberOfDilutedSharesOutstanding,2024-12-31,10-K,2026-02-26,365,1.0,341000000.0
1512673,XYZ,2016,341555000.0,WeightedAverageNumberOfDilutedSharesOutstanding,2016-12-31,10-K,2017-02-27,365,1.0,341555000.0
1512673,XYZ,2017,341555000.0,WeightedAverageNumberOfDilutedSharesOutstanding,2016-12-31,10-K,2018-02-27,365,1.0,341555000.0
1512673,XYZ,2018,341555000.0,WeightedAverageNumberOfDilutedSharesOutstanding,2016-12-31,10-K,2019-02-27,365,1.0,341555000.0
1512673,XYZ,2019,379344000.0,WeightedAverageNumberOfDilutedSharesOutstanding,2017-12-31,10-K,2020-02-26,364,1.0,379344000.0
1512673,XYZ,2020,482167000.0,WeightedAverageNumberOfDilutedSharesOutstanding,2020-12-31,10-K,2021-02-23,365,1.0,482167000.0
1512673,XYZ,2021,482167000.0,WeightedAverageNumberOfDilutedSharesOutstanding,2020-12-31,10-K,2022-02-24,365,1.0,482167000.0
1512673,XYZ,2022,482167000.0,WeightedAverageNumberOfDilutedSharesOutstanding,2020-12-31,10-K,2023-02-23,365,1.0,482167000.0
1512673,XYZ,2023,501779000.0,WeightedAverageNumberOfDilutedSharesOutstanding,2021-12-31,10-K,2024-02-22,364,1.0,501779000.0
1512673,XYZ,2024,636390000.0,WeightedAverageNumberOfDilutedSharesOutstanding,2024-12-31,10-K,2025-02-24,365,1.0,636390000.0
1512673,XYZ,2025,636390000.0,WeightedAverageNumberOfDilutedSharesOutstanding,2024-12-31,10-K,2026-02-26,365,1.0,636390000.0
1513761,NCLH,2014,179023683.0,WeightedAverageNumberOfDilutedSharesOutstanding,2012-12-31,10-K,2015-02-27,365,1.0,179023683.0
1513761,NCLH,2015,209239484.0,WeightedAverageNumberOfDilutedSharesOutstanding,2013-12-31,10-K,2016-02-29,364,1.0,209239484.0
1513761,NCLH,2016,227850286.0,WeightedAverageNumberOfDilutedSharesOutstanding,2016-12-31,10-K,2017-02-27,365,1.0,227850286.0
1513761,NCLH,2017,227850286.0,WeightedAverageNumberOfDilutedSharesOutstanding,2016-12-31,10-K,2018-02-27,365,1.0,227850286.0
1513761,NCLH,2018,227850286.0,WeightedAverageNumberOfDilutedSharesOutstanding,2016-12-31,10-K,2019-02-27,365,1.0,227850286.0
1513761,NCLH,2019,229418326.0,WeightedAverageNumberOfDilutedSharesOutstanding,2017-12-31,10-K,2020-02-27,364,1.0,229418326.0
1513761,NCLH,2020,254728932.0,WeightedAverageNumberOfDilutedSharesOutstanding,2020-12-31,10-K,2021-02-26,365,1.0,254728932.0
1513761,NCLH,2021,254728932.0,WeightedAverageNumberOfDilutedSharesOutstanding,2020-12-31,10-K,2022-03-01,365,1.0,254728932.0
1513761,NCLH,2022,254728932.0,WeightedAverageNumberOfDilutedSharesOutstanding,2020-12-31,10-K,2023-02-28,365,1.0,254728932.0
1513761,NCLH,2023,365449967.0,WeightedAverageNumberOfDilutedSharesOutstanding,2021-12-31,10-K,2024-02-28,364,1.0,365449967.0
1513761,NCLH,2024,515030548.0,WeightedAverageNumberOfDilutedSharesOutstanding,2024-12-31,10-K,2025-02-27,365,1.0,515030548.0
1513761,NCLH,2025,515030548.0,WeightedAverageNumberOfDilutedSharesOutstanding,2024-12-31,10-K,2026-03-02,365,1.0,515030548.0
1521332,APTV,2014,323290000.0,WeightedAverageNumberOfDilutedSharesOutstanding,2012-12-31,10-K,2015-02-09,365,1.193,385684970.0
1521332,APTV,2015,311800000.0,WeightedAverageNumberOfDilutedSharesOutstanding,2013-12-31,10-K,2016-02-08,364,1.193,371977400.0
1521332,APTV,2016,273700000.0,WeightedAverageNumberOfDilutedSharesOutstanding,2016-12-31,10-K,2017-02-06,365,1.193,326524100.0
1521332,APTV,2017,273700000.0,WeightedAverageNumberOfDilutedSharesOutstanding,2016-12-31,10-K,2018-02-05,365,1.193,326524100.0
1521332,APTV,2018,273700000.0,WeightedAverageNumberOfDilutedSharesOutstanding,2016-12-31,10-K,2019-02-04,365,1.193,326524100.0
1521332,APTV,2019,268030000.0,WeightedAverageNumberOfDilutedSharesOutstanding,2017-12-31,10-K,2020-02-03,364,1.0,268030000.0
1521332,APTV,2020,270700000.0,WeightedAverageNumberOfDilutedSharesOutstanding,2020-12-31,10-K,2021-02-08,365,1.0,270700000.0
1521332,APTV,2021,270700000.0,WeightedAverageNumberOfDilutedSharesOutstanding,2020-12-31,10-K,2022-02-07,365,1.0,270700000.0
1521332,APTV,2022,270700000.0,WeightedAverageNumberOfDilutedSharesOutstanding,2020-12-31,10-K,2023-02-08,365,1.0,270700000.0
1521332,APTV,2023,271220000.0,WeightedAverageNumberOfDilutedSharesOutstanding,2021-12-31,10-K,2024-02-06,364,1.0,271220000.0
1521332,APTV,2024,256660000.0,WeightedAverageNumberOfDilutedSharesOutstanding,2024-12-31,10-K,2025-02-07,365,1.0,256660000.0
1521332,APTV,2025,256660000.0,WeightedAverageNumberOfDilutedSharesOutstanding,2024-12-31,10-K,2026-02-06,365,1.0,256660000.0
1524472,XYL,2014,186230000.0,WeightedAverageNumberOfDilutedSharesOutstanding,2012-12-31,10-K,2015-02-26,365,1.0,186230000.0
1524472,XYL,2015,186038000.0,WeightedAverageNumberOfDilutedSharesOutstanding,2013-12-31,10-K,2016-02-26,364,1.0,186038000.0
1524472,XYL,2016,180038000.0,WeightedAverageNumberOfDilutedSharesOutstanding,2016-12-31,10-K,2017-02-23,365,1.0,180038000.0
1524472,XYL,2017,180038000.0,WeightedAverageNumberOfDilutedSharesOutstanding,2016-12-31,10-K,2018-02-23,365,1.0,180038000.0
1524472,XYL,2018,180038000.0,WeightedAverageNumberOfDilutedSharesOutstanding,2016-12-31,10-K,2019-02-22,365,1.0,180038000.0
1524472,XYL,2019,180857000.0,WeightedAverageNumberOfDilutedSharesOutstanding,2017-12-31,10-K,2020-02-28,364,1.0,180857000.0
1524472,XYL,2020,181099000.0,WeightedAverageNumberOfDilutedSharesOutstanding,2020-12-31,10-K,2021-02-26,365,1.0,181099000.0
1524472,XYL,2021,181099000.0,WeightedAverageNumberOfDilutedSharesOutstanding,2020-12-31,10-K,2022-02-25,365,1.0,181099000.0
1524472,XYL,2022,181099000.0,WeightedAverageNumberOfDilutedSharesOutstanding,2020-12-31,10-K,2023-02-24,365,1.0,181099000.0
1524472,XYL,2023,181526000.0,WeightedAverageNumberOfDilutedSharesOutstanding,2021-12-31,10-K,2024-02-28,364,1.0,181526000.0
1524472,XYL,2024,243521000.0,WeightedAverageNumberOfDilutedSharesOutstanding,2024-12-31,10-K,2025-03-03,365,1.0,243521000.0
1524472,XYL,2025,243521000.0,WeightedAverageNumberOfDilutedSharesOutstanding,2024-12-31,10-K,2026-02-25,365,1.0,243521000.0
1534701,PSX,2014,636764000.0,WeightedAverageNumberOfDilutedSharesOutstanding,2012-12-31,10-K,2015-02-20,365,1.0,636764000.0
1534701,PSX,2015,618989000.0,WeightedAverageNumberOfDilutedSharesOutstanding,2013-12-31,10-K,2016-02-19,364,1.0,618989000.0
1534701,PSX,2016,530066000.0,WeightedAverageNumberOfDilutedSharesOutstanding,2016-12-31,10-K,2017-02-17,365,1.0,530066000.0
1534701,PSX,2017,530066000.0,WeightedAverageNumberOfDilutedSharesOutstanding,2016-12-31,10-K,2018-02-23,365,1.0,530066000.0
1534701,PSX,2018,530066000.0,WeightedAverageNumberOfDilutedSharesOutstanding,2016-12-31,10-K,2019-02-22,365,1.0,530066000.0
1534701,PSX,2019,518508000.0,WeightedAverageNumberOfDilutedSharesOutstanding,2017-12-31,10-K,2020-02-21,364,1.0,518508000.0
1534701,PSX,2020,439530000.0,WeightedAverageNumberOfDilutedSharesOutstanding,2020-12-31,10-K,2021-02-24,365,1.0,439530000.0
1534701,PSX,2021,439530000.0,WeightedAverageNumberOfDilutedSharesOutstanding,2020-12-31,10-K,2022-02-18,365,1.0,439530000.0
1534701,PSX,2022,439530000.0,WeightedAverageNumberOfDilutedSharesOutstanding,2020-12-31,10-K,2023-02-22,365,1.0,439530000.0
1534701,PSX,2023,440364000.0,WeightedAverageNumberOfDilutedSharesOutstanding,2021-12-31,10-K,2024-02-21,364,1.0,440364000.0
1534701,PSX,2024,421888000.0,WeightedAverageNumberOfDilutedSharesOutstanding,2024-12-31,10-K,2025-02-21,365,1.0,421888000.0
1534701,PSX,2025,421888000.0,WeightedAverageNumberOfDilutedSharesOutstanding,2024-12-31,10-K,2026-02-20,365,1.0,421888000.0
1535527,CRWD,2022,217756000.0,WeightedAverageNumberOfDilutedSharesOutstanding,2021-01-31,10-K,2023-03-09,365,4.0,871024000.0
1535527,CRWD,2023,227142000.0,WeightedAverageNumberOfDilutedSharesOutstanding,2022-01-31,10-K,2024-03-07,364,4.0,908568000.0
1535527,CRWD,2024,244750000.0,WeightedAverageNumberOfDilutedSharesOutstanding,2025-01-31,10-K,2025-03-10,365,4.0,979000000.0
1535527,CRWD,2026,244750000.0,WeightedAverageNumberOfDilutedSharesOutstanding,2025-01-31,10-K,2026-03-05,365,4.0,979000000.0
1539838,FANG,2014,42255000.0,WeightedAverageNumberOfDilutedSharesOutstanding,2013-12-31,10-K,2015-02-20,364,1.0,42255000.0
1539838,FANG,2015,42255000.0,WeightedAverageNumberOfDilutedSharesOutstanding,2013-12-31,10-K,2016-02-19,364,1.0,42255000.0
1539838,FANG,2016,75077000.0,WeightedAverageNumberOfDilutedSharesOutstanding,2016-12-31,10-K,2017-02-15,365,1.0,75077000.0
1539838,FANG,2017,75077000.0,WeightedAverageNumberOfDilutedSharesOutstanding,2016-12-31,10-K,2018-02-15,365,1.0,75077000.0
1539838,FANG,2018,75077000.0,WeightedAverageNumberOfDilutedSharesOutstanding,2016-12-31,10-K,2019-02-25,365,1.0,75077000.0
1539838,FANG,2019,97688000.0,WeightedAverageNumberOfDilutedSharesOutstanding,2017-12-31,10-K,2020-02-27,364,1.0,97688000.0
1539838,FANG,2020,157976000.0,WeightedAverageNumberOfDilutedSharesOutstanding,2020-12-31,10-K,2021-02-25,365,1.0,157976000.0
1539838,FANG,2021,157976000.0,WeightedAverageNumberOfDilutedSharesOutstanding,2020-12-31,10-K,2022-02-24,365,1.0,157976000.0
1539838,FANG,2022,157976000.0,WeightedAverageNumberOfDilutedSharesOutstanding,2020-12-31,10-K,2023-02-23,365,1.0,157976000.0
1539838,FANG,2023,176643000.0,WeightedAverageNumberOfDilutedSharesOutstanding,2021-12-31,10-K,2024-02-22,364,1.0,176643000.0
1539838,FANG,2024,213545000.0,WeightedAverageNumberOfDilutedSharesOutstanding,2024-12-31,10-K,2025-02-26,365,1.0,213545000.0
1539838,FANG,2025,213545000.0,WeightedAverageNumberOfDilutedSharesOutstanding,2024-12-31,10-K,2026-02-25,365,1.0,213545000.0
1543151,UBER,2019,426360000.0,WeightedAverageNumberOfDilutedSharesOutstanding,2017-12-31,10-K,2020-03-02,364,1.0,426360000.0
1543151,UBER,2020,1752960000.0,WeightedAverageNumberOfDilutedSharesOutstanding,2020-12-31,10-K,2021-03-01,365,1.0,1752960000.0
1543151,UBER,2021,1752960000.0,WeightedAverageNumberOfDilutedSharesOutstanding,2020-12-31,10-K,2022-02-24,365,1.0,1752960000.0
1543151,UBER,2022,1752960000.0,WeightedAverageNumberOfDilutedSharesOutstanding,2020-12-31,10-K,2023-02-21,365,1.0,1752960000.0
1543151,UBER,2023,1895519000.0,WeightedAverageNumberOfDilutedSharesOutstanding,2021-12-31,10-K,2024-02-15,364,1.0,1895519000.0
1543151,UBER,2024,2150508000.0,WeightedAverageNumberOfDilutedSharesOutstanding,2024-12-31,10-K,2025-02-14,365,1.0,2150508000.0
1543151,UBER,2025,2150508000.0,WeightedAverageNumberOfDilutedSharesOutstanding,2024-12-31,10-K,2026-02-13,365,1.0,2150508000.0
1551152,ABBV,2014,1577000000.0,WeightedAverageNumberOfDilutedSharesOutstanding,2012-12-31,10-K,2015-02-20,365,1.0,1577000000.0
1551152,ABBV,2015,1604000000.0,WeightedAverageNumberOfDilutedSharesOutstanding,2013-12-31,10-K,2016-02-19,364,1.0,1604000000.0
1551152,ABBV,2016,1631000000.0,WeightedAverageNumberOfDilutedSharesOutstanding,2016-12-31,10-K,2017-02-17,365,1.0,1631000000.0
1551152,ABBV,2017,1631000000.0,WeightedAverageNumberOfDilutedSharesOutstanding,2016-12-31,10-K,2018-02-16,365,1.0,1631000000.0
1551152,ABBV,2018,1631000000.0,WeightedAverageNumberOfDilutedSharesOutstanding,2016-12-31,10-K,2019-02-27,365,1.0,1631000000.0
1551152,ABBV,2019,1603000000.0,WeightedAverageNumberOfDilutedSharesOutstanding,2017-12-31,10-K,2020-02-21,364,1.0,1603000000.0
1551152,ABBV,2020,1673000000.0,WeightedAverageNumberOfDilutedSharesOutstanding,2020-12-31,10-K,2021-02-19,365,1.0,1673000000.0
1551152,ABBV,2021,1673000000.0,WeightedAverageNumberOfDilutedSharesOutstanding,2020-12-31,10-K,2022-02-18,365,1.0,1673000000.0
1551152,ABBV,2022,1673000000.0,WeightedAverageNumberOfDilutedSharesOutstanding,2020-12-31,10-K,2023-02-17,365,1.0,1673000000.0
1551152,ABBV,2023,1777000000.0,WeightedAverageNumberOfDilutedSharesOutstanding,2021-12-31,10-K,2024-02-20,364,1.0,1777000000.0
1551152,ABBV,2024,1773000000.0,WeightedAverageNumberOfDilutedSharesOutstanding,2024-12-31,10-K,2025-02-14,365,1.0,1773000000.0
1551152,ABBV,2025,1773000000.0,WeightedAverageNumberOfDilutedSharesOutstanding,2024-12-31,10-K,2026-02-20,365,1.0,1773000000.0
1551182,ETN,2014,350900000.0,WeightedAverageNumberOfDilutedSharesOutstanding,2012-12-31,10-K,2015-02-26,365,1.0,350900000.0
1551182,ETN,2015,476700000.0,WeightedAverageNumberOfDilutedSharesOutstanding,2013-12-31,10-K,2016-02-24,364,1.0,476700000.0
1551182,ETN,2016,456500000.0,WeightedAverageNumberOfDilutedSharesOutstanding,2016-12-31,10-K,2017-02-22,365,1.0,456500000.0
1551182,ETN,2017,456500000.0,WeightedAverageNumberOfDilutedSharesOutstanding,2016-12-31,10-K,2018-02-28,365,1.0,456500000.0
1551182,ETN,2018,456500000.0,WeightedAverageNumberOfDilutedSharesOutstanding,2016-12-31,10-K,2019-02-27,365,1.0,456500000.0
1551182,ETN,2019,447000000.0,WeightedAverageNumberOfDilutedSharesOutstanding,2017-12-31,10-K,2020-02-26,364,1.0,447000000.0
1551182,ETN,2020,404000000.0,WeightedAverageNumberOfDilutedSharesOutstanding,2020-12-31,10-K,2021-02-24,365,1.0,404000000.0
1551182,ETN,2021,404000000.0,WeightedAverageNumberOfDilutedSharesOutstanding,2020-12-31,10-K,2022-02-23,365,1.0,404000000.0
1551182,ETN,2022,404000000.0,WeightedAverageNumberOfDilutedSharesOutstanding,2020-12-31,10-K,2023-02-23,365,1.0,404000000.0
1551182,ETN,2023,401600000.0,WeightedAverageNumberOfDilutedSharesOutstanding,2021-12-31,10-K,2024-02-29,364,1.0,401600000.0
1551182,ETN,2024,399400000.0,WeightedAverageNumberOfDilutedSharesOutstanding,2024-12-31,10-K,2025-02-27,365,1.0,399400000.0
1551182,ETN,2025,399400000.0,WeightedAverageNumberOfDilutedSharesOutstanding,2024-12-31,10-K,2026-02-26,365,1.0,399400000.0
1555280,ZTS,2015,500317000.0,WeightedAverageNumberOfDilutedSharesOutstanding,2013-12-31,10-K,2016-02-24,364,1.0,500317000.0
1555280,ZTS,2016,498225000.0,WeightedAverageNumberOfDilutedSharesOutstanding,2016-12-31,10-K,2017-02-16,365,1.0,498225000.0
1555280,ZTS,2017,498225000.0,WeightedAverageNumberOfDilutedSharesOutstanding,2016-12-31,10-K,2018-02-15,365,1.0,498225000.0
1555280,ZTS,2018,498225000.0,WeightedAverageNumberOfDilutedSharesOutstanding,2016-12-31,10-K,2019-02-14,365,1.0,498225000.0
1555280,ZTS,2019,493161000.0,WeightedAverageNumberOfDilutedSharesOutstanding,2017-12-31,10-K,2020-02-13,364,1.0,493161000.0
1555280,ZTS,2020,478569000.0,WeightedAverageNumberOfDilutedSharesOutstanding,2020-12-31,10-K,2021-02-16,365,1.0,478569000.0
1555280,ZTS,2021,478569000.0,WeightedAverageNumberOfDilutedSharesOutstanding,2020-12-31,10-K,2022-02-15,365,1.0,478569000.0
1555280,ZTS,2022,478569000.0,WeightedAverageNumberOfDilutedSharesOutstanding,2020-12-31,10-K,2023-02-14,365,1.0,478569000.0
1555280,ZTS,2023,476717000.0,WeightedAverageNumberOfDilutedSharesOutstanding,2021-12-31,10-K,2024-02-13,364,1.0,476717000.0
1555280,ZTS,2024,454848000.0,WeightedAverageNumberOfDilutedSharesOutstanding,2024-12-31,10-K,2025-02-13,365,1.0,454848000.0
1555280,ZTS,2025,454848000.0,WeightedAverageNumberOfDilutedSharesOutstanding,2024-12-31,10-K,2026-02-12,365,1.0,454848000.0
1559720,ABNB,2021,284363000.0,WeightedAverageNumberOfDilutedSharesOutstanding,2020-12-31,10-K,2022-02-25,365,1.0,284363000.0
1559720,ABNB,2022,284000000.0,WeightedAverageNumberOfDilutedSharesOutstanding,2020-12-31,10-K,2023-02-17,365,1.0,284000000.0
1559720,ABNB,2023,616000000.0,WeightedAverageNumberOfDilutedSharesOutstanding,2021-12-31,10-K,2024-02-16,364,1.0,616000000.0
1559720,ABNB,2024,645000000.0,WeightedAverageNumberOfDilutedSharesOutstanding,2024-12-31,10-K,2025-02-13,365,1.0,645000000.0
1559720,ABNB,2025,645000000.0,WeightedAverageNumberOfDilutedSharesOutstanding,2024-12-31,10-K,2026-02-12,365,1.0,645000000.0
1561550,DDOG,2019,61321000.0,WeightedAverageNumberOfDilutedSharesOutstanding,2017-12-31,10-K,2020-02-25,364,1.0,61321000.0
1561550,DDOG,2020,70951000.0,WeightedAverageNumberOfDilutedSharesOutstanding,2018-12-31,10-K,2021-03-01,364,1.0,70951000.0
1561550,DDOG,2021,300350000.0,WeightedAverageNumberOfDilutedSharesOutstanding,2020-12-31,10-K,2022-02-25,365,1.0,300350000.0
1561550,DDOG,2022,300350000.0,WeightedAverageNumberOfDilutedSharesOutstanding,2020-12-31,10-K,2023-02-24,365,1.0,300350000.0
1561550,DDOG,2023,309048000.0,WeightedAverageNumberOfDilutedSharesOutstanding,2021-12-31,10-K,2024-02-23,364,1.0,309048000.0
1561550,DDOG,2024,358636000.0,WeightedAverageNumberOfDilutedSharesOutstanding,2024-12-31,10-K,2025-02-20,365,1.0,358636000.0
1561550,DDOG,2025,358636000.0,WeightedAverageNumberOfDilutedSharesOutstanding,2024-12-31,10-K,2026-02-18,365,1.0,358636000.0
1564708,NWS,2014,578800000.0,WeightedAverageNumberOfDilutedSharesOutstanding,2012-06-30,10-K,2014-08-14,365,1.0,578800000.0
1564708,NWS,2015,579400000.0,WeightedAverageNumberOfDilutedSharesOutstanding,2013-06-30,10-K,2015-08-13,364,1.0,579400000.0
1564708,NWS,2016,582500000.0,WeightedAverageNumberOfDilutedSharesOutstanding,2016-06-30,10-K,2016-08-12,365,1.0,582500000.0
1564708,NWS,2017,582500000.0,WeightedAverageNumberOfDilutedSharesOutstanding,2016-06-30,10-K,2017-08-14,365,1.0,582500000.0
1564708,NWS,2018,582500000.0,WeightedAverageNumberOfDilutedSharesOutstanding,2016-06-30,10-K,2018-08-15,365,1.0,582500000.0
1564708,NWS,2019,581400000.0,WeightedAverageNumberOfDilutedSharesOutstanding,2017-06-30,10-K,2019-08-13,364,1.0,581400000.0
1564708,NWS,2020,587900000.0,WeightedAverageNumberOfDilutedSharesOutstanding,2020-06-30,10-K,2020-08-11,365,1.0,587900000.0
1564708,NWS,2021,587900000.0,WeightedAverageNumberOfDilutedSharesOutstanding,2020-06-30,10-K,2021-08-10,365,1.0,587900000.0
1564708,NWS,2022,587900000.0,WeightedAverageNumberOfDilutedSharesOutstanding,2020-06-30,10-K,2022-08-12,365,1.0,587900000.0
1564708,NWS,2023,593400000.0,WeightedAverageNumberOfDilutedSharesOutstanding,2021-06-30,10-K,2023-08-15,364,1.0,593400000.0
1564708,NWS,2024,573500000.0,WeightedAverageNumberOfDilutedSharesOutstanding,2024-06-30,10-K,2024-08-13,365,1.0,573500000.0
1564708,NWS,2025,573500000.0,WeightedAverageNumberOfDilutedSharesOutstanding,2024-06-30,10-K,2025-08-06,365,1.0,573500000.0
1564708,NWS,2026,573500000.0,WeightedAverageNumberOfDilutedSharesOutstanding,2024-06-30,10-K,2026-08-07,365,1.0,573500000.0
1571949,ICE,2014,73000000.0,WeightedAverageNumberOfDilutedSharesOutstanding,2012-12-31,10-K,2015-02-05,365,5.0,365000000.0
1571949,ICE,2015,79000000.0,WeightedAverageNumberOfDilutedSharesOutstanding,2013-12-31,10-K,2016-02-04,364,5.0,395000000.0
1571949,ICE,2016,599000000.0,WeightedAverageNumberOfDilutedSharesOutstanding,2016-12-31,10-K,2017-02-07,365,1.0,599000000.0
1571949,ICE,2017,599000000.0,WeightedAverageNumberOfDilutedSharesOutstanding,2016-12-31,10-K,2018-02-07,365,1.0,599000000.0
1571949,ICE,2018,599000000.0,WeightedAverageNumberOfDilutedSharesOutstanding,2016-12-31,10-K,2019-02-07,365,1.0,599000000.0
1571949,ICE,2019,594000000.0,WeightedAverageNumberOfDilutedSharesOutstanding,2017-12-31,10-K,2020-02-06,364,1.0,594000000.0
1571949,ICE,2020,555000000.0,WeightedAverageNumberOfDilutedSharesOutstanding,2020-12-31,10-K,2021-02-04,365,1.0,555000000.0
1571949,ICE,2021,555000000.0,WeightedAverageNumberOfDilutedSharesOutstanding,2020-12-31,10-K,2022-02-03,365,1.0,555000000.0
1571949,ICE,2022,555000000.0,WeightedAverageNumberOfDilutedSharesOutstanding,2020-12-31,10-K,2023-02-02,365,1.0,555000000.0
1571949,ICE,2023,565000000.0,WeightedAverageNumberOfDilutedSharesOutstanding,2021-12-31,10-K,2024-02-08,364,1.0,565000000.0
1571949,ICE,2024,576000000.0,WeightedAverageNumberOfDilutedSharesOutstanding,2024-12-31,10-K,2025-02-06,365,1.0,576000000.0
1571949,ICE,2025,576000000.0,WeightedAverageNumberOfDilutedSharesOutstanding,2024-12-31,10-K,2026-02-05,365,1.0,576000000.0
1571996,DELL,2022,751000000.0,WeightedAverageNumberOfDilutedSharesOutstanding,2020-01-31,10-K,2022-03-24,363,1.973,1481723000.0
1571996,DELL,2023,753000000.0,WeightedAverageNumberOfDilutedSharesOutstanding,2023-02-03,10-K,2023-03-30,370,1.0,753000000.0
1571996,DELL,2024,753000000.0,WeightedAverageNumberOfDilutedSharesOutstanding,2023-02-03,10-K,2024-03-25,370,1.0,753000000.0
1571996,DELL,2025,753000000.0,WeightedAverageNumberOfDilutedSharesOutstanding,2023-02-03,10-K,2025-03-25,370,1.0,753000000.0
1571996,DELL,2026,736000000.0,WeightedAverageNumberOfDilutedSharesOutstanding,2024-02-02,10-K,2026-03-16,363,1.0,736000000.0
1579241,ALLE,2014,96000000.0,WeightedAverageNumberOfDilutedSharesOutstanding,2012-12-31,10-K,2015-02-27,365,1.0,96000000.0
1579241,ALLE,2015,96100000.0,WeightedAverageNumberOfDilutedSharesOutstanding,2013-12-31,10-K,2016-02-26,364,1.0,96100000.0
1579241,ALLE,2016,96900000.0,WeightedAverageNumberOfDilutedSharesOutstanding,2016-12-31,10-K,2017-02-17,365,1.0,96900000.0
1579241,ALLE,2017,96900000.0,WeightedAverageNumberOfDilutedSharesOutstanding,2016-12-31,10-K,2018-02-20,365,1.0,96900000.0
1579241,ALLE,2018,96900000.0,WeightedAverageNumberOfDilutedSharesOutstanding,2016-12-31,10-K,2019-02-19,365,1.0,96900000.0
1579241,ALLE,2019,96000000.0,WeightedAverageNumberOfDilutedSharesOutstanding,2017-12-31,10-K,2020-02-18,364,1.0,96000000.0
1579241,ALLE,2020,92800000.0,WeightedAverageNumberOfDilutedSharesOutstanding,2020-12-31,10-K,2021-02-16,365,1.0,92800000.0
1579241,ALLE,2021,92800000.0,WeightedAverageNumberOfDilutedSharesOutstanding,2020-12-31,10-K,2022-02-15,365,1.0,92800000.0
1579241,ALLE,2022,92800000.0,WeightedAverageNumberOfDilutedSharesOutstanding,2020-12-31,10-K,2023-02-22,365,1.0,92800000.0
1579241,ALLE,2023,90500000.0,WeightedAverageNumberOfDilutedSharesOutstanding,2021-12-31,10-K,2024-02-20,364,1.0,90500000.0
1579241,ALLE,2024,87600000.0,WeightedAverageNumberOfDilutedSharesOutstanding,2024-12-31,10-K,2025-02-18,365,1.0,87600000.0
1579241,ALLE,2025,87600000.0,WeightedAverageNumberOfDilutedSharesOutstanding,2024-12-31,10-K,2026-02-17,365,1.0,87600000.0
1585689,HLT,2014,921000000.0,WeightedAverageNumberOfDilutedSharesOutstanding,2012-12-31,10-K,2015-02-18,365,0.4873294346978557,448830409.3567251
1585689,HLT,2015,923000000.0,WeightedAverageNumberOfDilutedSharesOutstanding,2013-12-31,10-K,2016-02-26,364,0.4873294346978557,449805068.2261208
1585689,HLT,2016,330000000.0,WeightedAverageNumberOfDilutedSharesOutstanding,2016-12-31,10-K,2017-02-15,365,0.4873294346978557,160818713.45029238
1585689,HLT,2017,329000000.0,WeightedAverageNumberOfDilutedSharesOutstanding,2016-12-31,10-K,2018-02-14,365,0.4873294346978557,160331384.01559454
1585689,HLT,2018,329000000.0,WeightedAverageNumberOfDilutedSharesOutstanding,2016-12-31,10-K,2019-02-13,365,0.4873294346978557,160331384.01559454
1585689,HLT,2019,327000000.0,WeightedAverageNumberOfDilutedSharesOutstanding,2017-12-31,10-K,2020-02-11,364,1.0,327000000.0
1585689,HLT,2020,279000000.0,WeightedAverageNumberOfDilutedSharesOutstanding,2020-12-31,10-K,2021-02-17,365,1.0,279000000.0
1585689,HLT,2021,277000000.0,WeightedAverageNumberOfDilutedSharesOutstanding,2020-12-31,10-K,2022-02-16,365,1.0,277000000.0
1585689,HLT,2022,277000000.0,WeightedAverageNumberOfDilutedSharesOutstanding,2020-12-31,10-K,2023-02-09,365,1.0,277000000.0
1585689,HLT,2023,281000000.0,WeightedAverageNumberOfDilutedSharesOutstanding,2021-12-31,10-K,2024-02-07,364,1.0,281000000.0
1585689,HLT,2024,250000000.0,WeightedAverageNumberOfDilutedSharesOutstanding,2024-12-31,10-K,2025-02-06,365,1.0,250000000.0
1585689,HLT,2025,250000000.0,WeightedAverageNumberOfDilutedSharesOutstanding,2024-12-31,10-K,2026-02-11,365,1.0,250000000.0
1596532,ANET,2014,24901000.0,WeightedAverageNumberOfDilutedSharesOutstanding,2012-12-31,10-K,2015-05-15,365,16.0,398416000.0
1596532,ANET,2015,30051000.0,WeightedAverageNumberOfDilutedSharesOutstanding,2013-12-31,10-K,2016-02-25,364,16.0,480816000.0
1596532,ANET,2016,73222000.0,WeightedAverageNumberOfDilutedSharesOutstanding,2016-12-31,10-K,2017-02-17,365,16.0,1171552000.0
1596532,ANET,2017,73222000.0,WeightedAverageNumberOfDilutedSharesOutstanding,2016-12-31,10-K,2018-02-20,365,16.0,1171552000.0
1596532,ANET,2018,73222000.0,WeightedAverageNumberOfDilutedSharesOutstanding,2016-12-31,10-K,2019-02-15,365,16.0,1171552000.0
1596532,ANET,2019,78977000.0,WeightedAverageNumberOfDilutedSharesOutstanding,2017-12-31,10-K,2020-02-14,364,16.0,1263632000.0
1596532,ANET,2020,79465000.0,WeightedAverageNumberOfDilutedSharesOutstanding,2020-12-31,10-K,2021-02-19,365,16.0,1271440000.0
1596532,ANET,2021,317860000.0,WeightedAverageNumberOfDilutedSharesOutstanding,2020-12-31,10-K,2022-02-15,365,16.0,5085760000.0
1596532,ANET,2022,317860000.0,WeightedAverageNumberOfDilutedSharesOutstanding,2020-12-31,10-K,2023-02-14,365,16.0,5085760000.0
1596532,ANET,2023,319238000.0,WeightedAverageNumberOfDilutedSharesOutstanding,2021-12-31,10-K,2024-02-13,364,4.0,1276952000.0
1596532,ANET,2024,1281077000.0,WeightedAverageNumberOfDilutedSharesOutstanding,2024-12-31,10-K,2025-02-19,365,1.0,1281077000.0
1596532,ANET,2025,1281100000.0,WeightedAverageNumberOfDilutedSharesOutstanding,2024-12-31,10-K,2026-02-17,365,1.0,1281100000.0
1601046,KEYS,2015,167000000.0,WeightedAverageNumberOfDilutedSharesOutstanding,2013-10-31,10-K,2015-12-21,364,1.0,167000000.0
1601046,KEYS,2016,172000000.0,WeightedAverageNumberOfDilutedSharesOutstanding,2016-10-31,10-K,2016-12-19,365,1.0,172000000.0
1601046,KEYS,2017,172000000.0,WeightedAverageNumberOfDilutedSharesOutstanding,2016-10-31,10-K,2017-12-20,365,1.0,172000000.0
1601046,KEYS,2018,172000000.0,WeightedAverageNumberOfDilutedSharesOutstanding,2016-10-31,10-K,2018-12-18,365,1.0,172000000.0
1601046,KEYS,2019,182000000.0,WeightedAverageNumberOfDilutedSharesOutstanding,2017-10-31,10-K,2019-12-18,364,1.0,182000000.0
1601046,KEYS,2020,189000000.0,WeightedAverageNumberOfDilutedSharesOutstanding,2020-10-31,10-K,2020-12-17,365,1.0,189000000.0
1601046,KEYS,2021,189000000.0,WeightedAverageNumberOfDilutedSharesOutstanding,2020-10-31,10-K,2021-12-17,365,1.0,189000000.0
1601046,KEYS,2022,189000000.0,WeightedAverageNumberOfDilutedSharesOutstanding,2020-10-31,10-K,2022-12-15,365,1.0,189000000.0
1601046,KEYS,2023,187000000.0,WeightedAverageNumberOfDilutedSharesOutstanding,2021-10-31,10-K,2023-12-15,364,1.0,187000000.0
1601046,KEYS,2024,175000000.0,WeightedAverageNumberOfDilutedSharesOutstanding,2024-10-31,10-K,2024-12-17,365,1.0,175000000.0
1601046,KEYS,2025,175000000.0,WeightedAverageNumberOfDilutedSharesOutstanding,2024-10-31,10-K,2025-12-17,365,1.0,175000000.0
1601712,SYF,2014,705300000.0,WeightedAverageNumberOfDilutedSharesOutstanding,2012-12-31,10-K,2015-02-23,365,1.0,705300000.0
1601712,SYF,2015,705300000.0,WeightedAverageNumberOfDilutedSharesOutstanding,2013-12-31,10-K,2016-02-25,364,1.0,705300000.0
1601712,SYF,2016,831500000.0,WeightedAverageNumberOfDilutedSharesOutstanding,2016-12-31,10-K,2017-02-23,365,1.0,831500000.0
1601712,SYF,2017,831500000.0,WeightedAverageNumberOfDilutedSharesOutstanding,2016-12-31,10-K,2018-02-22,365,1.0,831500000.0
1601712,SYF,2018,831500000.0,WeightedAverageNumberOfDilutedSharesOutstanding,2016-12-31,10-K,2019-02-15,365,1.0,831500000.0
1601712,SYF,2019,799700000.0,WeightedAverageNumberOfDilutedSharesOutstanding,2017-12-31,10-K,2020-02-13,364,1.0,799700000.0
1601712,SYF,2020,590800000.0,WeightedAverageNumberOfDilutedSharesOutstanding,2020-12-31,10-K,2021-02-11,365,1.0,590800000.0
1601712,SYF,2021,590800000.0,WeightedAverageNumberOfDilutedSharesOutstanding,2020-12-31,10-K,2022-02-10,365,1.0,590800000.0
1601712,SYF,2022,590800000.0,WeightedAverageNumberOfDilutedSharesOutstanding,2020-12-31,10-K,2023-02-09,365,1.0,590800000.0
1601712,SYF,2023,569300000.0,WeightedAverageNumberOfDilutedSharesOutstanding,2021-12-31,10-K,2024-02-08,364,1.0,569300000.0
1601712,SYF,2024,400600000.0,WeightedAverageNumberOfDilutedSharesOutstanding,2024-12-31,10-K,2025-02-07,365,1.0,400600000.0
1601712,SYF,2025,400600000.0,WeightedAverageNumberOfDilutedSharesOutstanding,2024-12-31,10-K,2026-02-06,365,1.0,400600000.0
1609711,GDDY,2015,38826000.0,WeightedAverageNumberOfDilutedSharesOutstanding,2013-12-31,10-K,2016-03-03,364,1.0,38826000.0
1609711,GDDY,2016,79835000.0,WeightedAverageNumberOfDilutedSharesOutstanding,2016-12-31,10-K,2017-02-28,365,1.0,79835000.0
1609711,GDDY,2025,145287000.0,WeightedAverageNumberOfDilutedSharesOutstanding,2024-12-31,10-K,2026-02-25,365,1.0,145287000.0
1613103,MDT,2015,1027500000.0,WeightedAverageNumberOfDilutedSharesOutstanding,2013-04-26,10-K,2015-06-23,363,1.0,1027500000.0
1613103,MDT,2016,1425900000.0,WeightedAverageNumberOfDilutedSharesOutstanding,2016-04-29,10-K,2016-06-28,370,1.0,1425900000.0
1613103,MDT,2017,1425900000.0,WeightedAverageNumberOfDilutedSharesOutstanding,2016-04-29,10-K,2017-06-27,370,1.0,1425900000.0
1613103,MDT,2018,1425900000.0,WeightedAverageNumberOfDilutedSharesOutstanding,2016-04-29,10-K,2018-06-22,370,1.0,1425900000.0
1613103,MDT,2019,1391400000.0,WeightedAverageNumberOfDilutedSharesOutstanding,2017-04-28,10-K,2019-06-21,363,1.0,1391400000.0
1613103,MDT,2020,1368200000.0,WeightedAverageNumberOfDilutedSharesOutstanding,2018-04-27,10-K,2020-06-19,363,1.0,1368200000.0
1613103,MDT,2021,1354000000.0,WeightedAverageNumberOfDilutedSharesOutstanding,2021-04-30,10-K,2021-06-25,370,1.0,1354000000.0
1613103,MDT,2022,1354000000.0,WeightedAverageNumberOfDilutedSharesOutstanding,2021-04-30,10-K,2022-06-23,370,1.0,1354000000.0
1613103,MDT,2023,1354000000.0,WeightedAverageNumberOfDilutedSharesOutstanding,2021-04-30,10-K,2023-06-22,370,1.0,1354000000.0
1613103,MDT,2024,1351400000.0,WeightedAverageNumberOfDilutedSharesOutstanding,2022-04-29,10-K,2024-06-20,363,1.0,1351400000.0
1613103,MDT,2025,1332800000.0,WeightedAverageNumberOfDilutedSharesOutstanding,2023-04-28,10-K,2025-06-20,363,1.0,1332800000.0
1613103,MDT,2026,1330200000.0,WeightedAverageNumberOfDilutedSharesOutstanding,2024-04-26,10-K,2026-06-18,363,1.0,1330200000.0
1633917,PYPL,2015,1224000000.0,WeightedAverageNumberOfDilutedSharesOutstanding,2013-12-31,10-K,2016-02-11,364,1.0,1224000000.0
1633917,PYPL,2016,1218000000.0,WeightedAverageNumberOfDilutedSharesOutstanding,2016-12-31,10-K,2017-02-08,365,1.0,1218000000.0
1633917,PYPL,2017,1218000000.0,WeightedAverageNumberOfDilutedSharesOutstanding,2016-12-31,10-K,2018-02-07,365,1.0,1218000000.0
1633917,PYPL,2018,1218000000.0,WeightedAverageNumberOfDilutedSharesOutstanding,2016-12-31,10-K,2019-02-07,365,1.0,1218000000.0
1633917,PYPL,2019,1221000000.0,WeightedAverageNumberOfDilutedSharesOutstanding,2017-12-31,10-K,2020-02-06,364,1.0,1221000000.0
1633917,PYPL,2020,1187000000.0,WeightedAverageNumberOfDilutedSharesOutstanding,2020-12-31,10-K,2021-02-05,365,1.0,1187000000.0
1633917,PYPL,2021,1187000000.0,WeightedAverageNumberOfDilutedSharesOutstanding,2020-12-31,10-K,2022-02-03,365,1.0,1187000000.0
1633917,PYPL,2022,1187000000.0,WeightedAverageNumberOfDilutedSharesOutstanding,2020-12-31,10-K,2023-02-10,365,1.0,1187000000.0
1633917,PYPL,2023,1186000000.0,WeightedAverageNumberOfDilutedSharesOutstanding,2021-12-31,10-K,2024-02-08,364,1.0,1186000000.0
1633917,PYPL,2024,1039000000.0,WeightedAverageNumberOfDilutedSharesOutstanding,2024-12-31,10-K,2025-02-04,365,1.0,1039000000.0
1633917,PYPL,2025,1039000000.0,WeightedAverageNumberOfDilutedSharesOutstanding,2024-12-31,10-K,2026-02-03,365,1.0,1039000000.0
1633978,LITE,2016,59100000.0,WeightedAverageNumberOfDilutedSharesOutstanding,2016-07-02,10-K,2016-09-02,370,1.0,59100000.0
1633978,LITE,2017,59100000.0,WeightedAverageNumberOfDilutedSharesOutstanding,2016-07-02,10-K/A,2018-03-29,370,1.0,59100000.0
1633978,LITE,2018,59100000.0,WeightedAverageNumberOfDilutedSharesOutstanding,2016-07-02,10-K,2018-08-28,370,1.0,59100000.0
1633978,LITE,2019,60600000.0,WeightedAverageNumberOfDilutedSharesOutstanding,2017-07-01,10-K,2019-08-27,363,1.0,60600000.0
1633978,LITE,2020,63300000.0,WeightedAverageNumberOfDilutedSharesOutstanding,2018-06-30,10-K,2020-08-25,363,1.0,63300000.0
1633978,LITE,2021,78400000.0,WeightedAverageNumberOfDilutedSharesOutstanding,2021-07-03,10-K,2021-08-31,370,1.0,78400000.0
1633978,LITE,2022,78400000.0,WeightedAverageNumberOfDilutedSharesOutstanding,2021-07-03,10-K,2022-08-24,370,1.0,78400000.0
1633978,LITE,2023,78400000.0,WeightedAverageNumberOfDilutedSharesOutstanding,2021-07-03,10-K,2023-08-23,370,1.0,78400000.0
1633978,LITE,2024,74200000.0,WeightedAverageNumberOfDilutedSharesOutstanding,2022-07-02,10-K,2024-08-21,363,1.0,74200000.0
1633978,LITE,2025,68300000.0,WeightedAverageNumberOfDilutedSharesOutstanding,2023-07-01,10-K,2025-08-19,363,1.0,68300000.0
1633978,LITE,2026,67300000.0,WeightedAverageNumberOfDilutedSharesOutstanding,2024-06-29,10-K,2026-08-17,363,1.0,67300000.0
1637459,KHC,2016,786000000.0,WeightedAverageNumberOfDilutedSharesOutstanding,2016-01-03,10-K,2017-02-23,370,1.0,786000000.0
1637459,KHC,2017,786000000.0,WeightedAverageNumberOfDilutedSharesOutstanding,2016-01-03,10-K,2018-02-16,370,1.0,786000000.0
1637459,KHC,2018,1228000000.0,WeightedAverageNumberOfDilutedSharesOutstanding,2017-12-30,10-K,2019-06-07,363,1.0,1228000000.0
1637459,KHC,2019,1228000000.0,WeightedAverageNumberOfDilutedSharesOutstanding,2017-12-30,10-K,2020-02-14,363,1.0,1228000000.0
1637459,KHC,2020,1219000000.0,WeightedAverageNumberOfDilutedSharesOutstanding,2018-12-29,10-K,2021-02-17,363,1.0,1219000000.0
1637459,KHC,2021,1224000000.0,WeightedAverageNumberOfDilutedSharesOutstanding,2019-12-28,10-K,2022-02-17,363,1.0,1224000000.0
1637459,KHC,2022,1235000000.0,WeightedAverageNumberOfDilutedSharesOutstanding,2022-12-31,10-K,2023-02-16,370,1.0,1235000000.0
1637459,KHC,2023,1235000000.0,WeightedAverageNumberOfDilutedSharesOutstanding,2022-12-31,10-K,2024-02-15,370,1.0,1235000000.0
1637459,KHC,2024,1235000000.0,WeightedAverageNumberOfDilutedSharesOutstanding,2022-12-31,10-K,2025-02-13,370,1.0,1235000000.0
1637459,KHC,2025,1235000000.0,WeightedAverageNumberOfDilutedSharesOutstanding,2023-12-30,10-K,2026-02-12,363,1.0,1235000000.0
1645590,HPE,2015,1834000000.0,WeightedAverageNumberOfDilutedSharesOutstanding,2013-10-31,10-K,2015-12-17,364,1.7205571999999998,3155501904.7999997
1645590,HPE,2016,1739000000.0,WeightedAverageNumberOfDilutedSharesOutstanding,2016-10-31,10-K,2016-12-15,365,1.7205571999999998,2992048970.7999997
1645590,HPE,2017,1739000000.0,WeightedAverageNumberOfDilutedSharesOutstanding,2016-10-31,10-K,2017-12-15,365,1.7205571999999998,2992048970.7999997
1645590,HPE,2018,1739000000.0,WeightedAverageNumberOfDilutedSharesOutstanding,2016-10-31,10-K,2018-12-12,365,1.7205571999999998,2992048970.7999997
1645590,HPE,2019,1674000000.0,WeightedAverageNumberOfDilutedSharesOutstanding,2017-10-31,10-K,2019-12-13,364,1.0,1674000000.0
1645590,HPE,2020,1294000000.0,WeightedAverageNumberOfDilutedSharesOutstanding,2020-10-31,10-K,2020-12-10,365,1.0,1294000000.0
1645590,HPE,2021,1294000000.0,WeightedAverageNumberOfDilutedSharesOutstanding,2020-10-31,10-K,2021-12-10,365,1.0,1294000000.0
1645590,HPE,2022,1294000000.0,WeightedAverageNumberOfDilutedSharesOutstanding,2020-10-31,10-K,2022-12-08,365,1.0,1294000000.0
1645590,HPE,2023,1330000000.0,WeightedAverageNumberOfDilutedSharesOutstanding,2021-10-31,10-K,2023-12-22,364,1.0,1330000000.0
1645590,HPE,2024,1337000000.0,WeightedAverageNumberOfDilutedSharesOutstanding,2024-10-31,10-K,2024-12-19,365,1.0,1337000000.0
1645590,HPE,2025,1337000000.0,WeightedAverageNumberOfDilutedSharesOutstanding,2024-10-31,10-K,2025-12-18,365,1.0,1337000000.0
1652044,GOOG,2024,12447000000.0,WeightedAverageNumberOfDilutedSharesOutstanding,2024-12-31,10-K,2025-02-05,365,1.0,12447000000.0
1652044,GOOG,2025,12447000000.0,WeightedAverageNumberOfDilutedSharesOutstanding,2024-12-31,10-K,2026-02-05,365,1.0,12447000000.0
1659166,FTV,2016,347300000.0,WeightedAverageNumberOfDilutedSharesOutstanding,2016-12-31,10-K,2017-02-28,365,1.585765,550736184.5
1659166,FTV,2017,347300000.0,WeightedAverageNumberOfDilutedSharesOutstanding,2016-12-31,10-K,2018-02-28,365,1.585765,550736184.5
1659166,FTV,2018,347300000.0,WeightedAverageNumberOfDilutedSharesOutstanding,2016-12-31,10-K,2019-02-28,365,1.585765,550736184.5
1659166,FTV,2019,352600000.0,WeightedAverageNumberOfDilutedSharesOutstanding,2017-12-31,10-K,2020-02-27,364,1.585765,559140739.0
1659166,FTV,2020,359000000.0,WeightedAverageNumberOfDilutedSharesOutstanding,2020-12-31,10-K,2021-02-26,365,1.327,476393000.0
1659166,FTV,2021,359000000.0,WeightedAverageNumberOfDilutedSharesOutstanding,2020-12-31,10-K,2022-03-01,365,1.327,476393000.0
1659166,FTV,2022,359000000.0,WeightedAverageNumberOfDilutedSharesOutstanding,2020-12-31,10-K,2023-02-28,365,1.327,476393000.0
1659166,FTV,2023,352300000.0,WeightedAverageNumberOfDilutedSharesOutstanding,2021-12-31,10-K,2024-02-27,364,1.327,467502100.0
1659166,FTV,2024,352800000.0,WeightedAverageNumberOfDilutedSharesOutstanding,2024-12-31,10-K,2025-02-25,365,1.327,468165600.0
1659166,FTV,2025,352800000.0,WeightedAverageNumberOfDilutedSharesOutstanding,2024-12-31,10-K,2026-02-25,365,1.327,468165600.0
1666700,DD,2017,1123200000.0,WeightedAverageNumberOfDilutedSharesOutstanding,2016-12-31,10-K,2018-02-15,365,0.5597439750000001,628704432.72
1666700,DD,2018,1123200000.0,WeightedAverageNumberOfDilutedSharesOutstanding,2016-12-31,10-K,2019-02-11,365,0.5597439750000001,628704432.72
1666700,DD,2019,532700000.0,WeightedAverageNumberOfDilutedSharesOutstanding,2017-12-31,10-K,2020-02-14,364,0.5597439750000001,298175615.4825
1666700,DD,2020,735500000.0,WeightedAverageNumberOfDilutedSharesOutstanding,2020-12-31,10-K,2021-02-12,365,0.7966666666666666,585948333.3333333
1666700,DD,2021,735500000.0,WeightedAverageNumberOfDilutedSharesOutstanding,2020-12-31,10-K,2022-02-11,365,0.7966666666666666,585948333.3333333
1666700,DD,2022,735500000.0,WeightedAverageNumberOfDilutedSharesOutstanding,2020-12-31,10-K,2023-02-15,365,0.7966666666666666,585948333.3333333
1666700,DD,2023,544200000.0,WeightedAverageNumberOfDilutedSharesOutstanding,2021-12-31,10-K,2024-02-15,364,0.7966666666666666,433546000.0
1666700,DD,2024,420600000.0,WeightedAverageNumberOfDilutedSharesOutstanding,2024-12-31,10-K,2025-02-14,365,0.7966666666666666,335078000.0
1666700,DD,2025,419200000.0,WeightedAverageNumberOfDilutedSharesOutstanding,2024-12-31,10-K,2026-02-17,365,0.7966666666666666,333962666.6666666
1671933,TTD,2016,18280000.0,WeightedAverageNumberOfDilutedSharesOutstanding,2016-12-31,10-K,2017-02-16,365,10.0,182800000.0
1671933,TTD,2017,18280000.0,WeightedAverageNumberOfDilutedSharesOutstanding,2016-12-31,10-K,2018-02-28,365,10.0,182800000.0
1671933,TTD,2018,18280000.0,WeightedAverageNumberOfDilutedSharesOutstanding,2016-12-31,10-K,2019-02-22,365,10.0,182800000.0
1671933,TTD,2019,44056000.0,WeightedAverageNumberOfDilutedSharesOutstanding,2017-12-31,10-K,2020-02-28,364,10.0,440560000.0
1671933,TTD,2020,48988000.0,WeightedAverageNumberOfDilutedSharesOutstanding,2020-12-31,10-K,2021-02-19,365,10.0,489880000.0
1671933,TTD,2021,489881000.0,WeightedAverageNumberOfDilutedSharesOutstanding,2020-12-31,10-K,2022-02-16,365,10.0,4898810000.0
1671933,TTD,2022,489881000.0,WeightedAverageNumberOfDilutedSharesOutstanding,2020-12-31,10-K,2023-02-15,365,10.0,4898810000.0
1671933,TTD,2023,498540000.0,WeightedAverageNumberOfDilutedSharesOutstanding,2021-12-31,10-K,2024-02-15,364,1.0,498540000.0
1671933,TTD,2024,501924000.0,WeightedAverageNumberOfDilutedSharesOutstanding,2024-12-31,10-K,2025-02-21,365,1.0,501924000.0
1671933,TTD,2025,501924000.0,WeightedAverageNumberOfDilutedSharesOutstanding,2024-12-31,10-K,2026-02-27,365,1.0,501924000.0
1674101,VRT,2020,307076397.0,WeightedAverageNumberOfDilutedSharesOutstanding,2020-12-31,10-K/A,2021-04-30,365,1.0,307076397.0
1674101,VRT,2021,307076397.0,WeightedAverageNumberOfDilutedSharesOutstanding,2020-12-31,10-K,2022-03-01,365,1.0,307076397.0
1674101,VRT,2022,307076397.0,WeightedAverageNumberOfDilutedSharesOutstanding,2020-12-31,10-K,2023-02-27,365,1.0,307076397.0
1674101,VRT,2023,360140323.0,WeightedAverageNumberOfDilutedSharesOutstanding,2021-12-31,10-K,2024-02-23,364,1.0,360140323.0
1674101,VRT,2024,386325058.0,WeightedAverageNumberOfDilutedSharesOutstanding,2024-12-31,10-K,2025-02-18,365,1.0,386325058.0
1674101,VRT,2025,386325058.0,WeightedAverageNumberOfDilutedSharesOutstanding,2024-12-31,10-K,2026-02-13,365,1.0,386325058.0
1679788,COIN,2021,91209000.0,WeightedAverageNumberOfDilutedSharesOutstanding,2020-12-31,10-K,2022-02-25,365,1.0,91209000.0
1679788,COIN,2022,91209000.0,WeightedAverageNumberOfDilutedSharesOutstanding,2020-12-31,10-K,2023-02-21,365,1.0,91209000.0
1679788,COIN,2023,219965000.0,WeightedAverageNumberOfDilutedSharesOutstanding,2021-12-31,10-K,2024-02-15,364,1.0,219965000.0
1679788,COIN,2024,273377000.0,WeightedAverageNumberOfDilutedSharesOutstanding,2024-12-31,10-K,2025-02-13,365,1.0,273377000.0
1679788,COIN,2025,273377000.0,WeightedAverageNumberOfDilutedSharesOutstanding,2024-12-31,10-K,2026-02-12,365,1.0,273377000.0
1682852,MRNA,2021,381000000.0,WeightedAverageNumberOfDilutedSharesOutstanding,2020-12-31,10-K,2022-02-25,365,1.0,381000000.0
1682852,MRNA,2022,381000000.0,WeightedAverageNumberOfDilutedSharesOutstanding,2020-12-31,10-K,2023-02-24,365,1.0,381000000.0
1682852,MRNA,2023,431000000.0,WeightedAverageNumberOfDilutedSharesOutstanding,2021-12-31,10-K,2024-02-23,364,1.0,431000000.0
1682852,MRNA,2024,384000000.0,WeightedAverageNumberOfDilutedSharesOutstanding,2024-12-31,10-K,2025-02-21,365,1.0,384000000.0
1682852,MRNA,2025,384000000.0,WeightedAverageNumberOfDilutedSharesOutstanding,2024-12-31,10-K,2026-02-20,365,1.0,384000000.0
1687229,INVH,2017,339423442.0,WeightedAverageNumberOfDilutedSharesOutstanding,2017-12-31,10-K,2018-03-29,333,1.0,339423442.0
1687229,INVH,2019,520376929.0,WeightedAverageNumberOfDilutedSharesOutstanding,2018-12-31,10-K,2020-02-19,364,1.0,520376929.0
1687229,INVH,2020,555458607.0,WeightedAverageNumberOfDilutedSharesOutstanding,2020-12-31,10-K,2021-02-19,365,1.0,555458607.0
1687229,INVH,2021,555458607.0,WeightedAverageNumberOfDilutedSharesOutstanding,2020-12-31,10-K,2022-02-22,365,1.0,555458607.0
1687229,INVH,2022,555458607.0,WeightedAverageNumberOfDilutedSharesOutstanding,2020-12-31,10-K,2023-02-22,365,1.0,555458607.0
1687229,INVH,2023,579209523.0,WeightedAverageNumberOfDilutedSharesOutstanding,2021-12-31,10-K,2024-02-21,364,1.0,579209523.0
1687229,INVH,2024,613631617.0,WeightedAverageNumberOfDilutedSharesOutstanding,2024-12-31,10-K,2025-02-27,365,1.0,613631617.0
1687229,INVH,2025,613631617.0,WeightedAverageNumberOfDilutedSharesOutstanding,2024-12-31,10-K,2026-02-19,365,1.0,613631617.0
1690820,CVNA,2021,64981000.0,WeightedAverageNumberOfDilutedSharesOutstanding,2020-12-31,10-K,2022-02-24,365,5.0,324905000.0
1690820,CVNA,2022,64981000.0,WeightedAverageNumberOfDilutedSharesOutstanding,2020-12-31,10-K,2023-02-23,365,5.0,324905000.0
1690820,CVNA,2023,82805000.0,WeightedAverageNumberOfDilutedSharesOutstanding,2021-12-31,10-K,2024-02-22,364,5.0,414025000.0
1690820,CVNA,2024,132206000.0,WeightedAverageNumberOfDilutedSharesOutstanding,2024-12-31,10-K,2025-02-19,365,5.0,661030000.0
1690820,CVNA,2025,132206000.0,WeightedAverageNumberOfDilutedSharesOutstanding,2024-12-31,10-K,2026-02-18,365,5.0,661030000.0
1692819,VST,2019,427761460.0,WeightedAverageNumberOfDilutedSharesOutstanding,2017-12-31,10-K,2020-02-28,364,1.0,427761460.0
1692819,VST,2020,491090468.0,WeightedAverageNumberOfDilutedSharesOutstanding,2020-12-31,10-K,2021-02-26,365,1.0,491090468.0
1692819,VST,2021,491090468.0,WeightedAverageNumberOfDilutedSharesOutstanding,2020-12-31,10-K,2022-02-25,365,1.0,491090468.0
1692819,VST,2022,491090468.0,WeightedAverageNumberOfDilutedSharesOutstanding,2020-12-31,10-K,2023-03-01,365,1.0,491090468.0
1692819,VST,2023,482214544.0,WeightedAverageNumberOfDilutedSharesOutstanding,2021-12-31,10-K,2024-02-29,364,1.0,482214544.0
1692819,VST,2024,352567060.0,WeightedAverageNumberOfDilutedSharesOutstanding,2024-12-31,10-K,2025-02-28,365,1.0,352567060.0
1692819,VST,2025,352567060.0,WeightedAverageNumberOfDilutedSharesOutstanding,2024-12-31,10-K,2026-02-27,365,1.0,352567060.0
1699150,IR,2017,149200000.0,WeightedAverageNumberOfDilutedSharesOutstanding,2016-12-31,10-K,2018-02-16,365,1.0,149200000.0
1699150,IR,2018,149200000.0,WeightedAverageNumberOfDilutedSharesOutstanding,2016-12-31,10-K,2019-02-27,365,1.0,149200000.0
1699150,IR,2019,188400000.0,WeightedAverageNumberOfDilutedSharesOutstanding,2017-12-31,10-K,2020-02-26,364,1.0,188400000.0
1699150,IR,2020,382800000.0,WeightedAverageNumberOfDilutedSharesOutstanding,2020-12-31,10-K,2021-02-26,365,1.0,382800000.0
1699150,IR,2021,382800000.0,WeightedAverageNumberOfDilutedSharesOutstanding,2020-12-31,10-K,2022-02-25,365,1.0,382800000.0
1699150,IR,2022,382800000.0,WeightedAverageNumberOfDilutedSharesOutstanding,2020-12-31,10-K,2023-02-21,365,1.0,382800000.0
1699150,IR,2023,421200000.0,WeightedAverageNumberOfDilutedSharesOutstanding,2021-12-31,10-K,2024-02-23,364,1.0,421200000.0
1699150,IR,2024,407200000.0,WeightedAverageNumberOfDilutedSharesOutstanding,2024-12-31,10-K,2025-02-19,365,1.0,407200000.0
1699150,IR,2025,407200000.0,WeightedAverageNumberOfDilutedSharesOutstanding,2024-12-31,10-K,2026-02-17,365,1.0,407200000.0
1705696,VICI,2017,227985000.0,WeightedAverageNumberOfDilutedSharesOutstanding,2017-12-31,10-K,2018-03-28,86,1.0,227985000.0
1705696,VICI,2018,367316901.0,WeightedAverageNumberOfDilutedSharesOutstanding,2018-12-31,10-K,2019-02-14,364,1.0,367316901.0
1705696,VICI,2019,367316901.0,WeightedAverageNumberOfDilutedSharesOutstanding,2018-12-31,10-K,2020-02-20,364,1.0,367316901.0
1705696,VICI,2020,510908755.0,WeightedAverageNumberOfDilutedSharesOutstanding,2020-12-31,10-K,2021-02-18,365,1.0,510908755.0
1705696,VICI,2021,510908755.0,WeightedAverageNumberOfDilutedSharesOutstanding,2020-12-31,10-K,2022-02-23,365,1.0,510908755.0
1705696,VICI,2022,510908755.0,WeightedAverageNumberOfDilutedSharesOutstanding,2020-12-31,10-K,2023-02-23,365,1.0,510908755.0
1705696,VICI,2023,577066292.0,WeightedAverageNumberOfDilutedSharesOutstanding,2021-12-31,10-K,2024-02-22,364,1.0,577066292.0
1705696,VICI,2024,1047675111.0,WeightedAverageNumberOfDilutedSharesOutstanding,2024-12-31,10-K,2025-02-20,365,1.0,1047675111.0
1705696,VICI,2025,1047675111.0,WeightedAverageNumberOfDilutedSharesOutstanding,2024-12-31,10-K,2026-02-25,365,1.0,1047675111.0
1707925,LIN,2018,287757000.0,WeightedAverageNumberOfDilutedSharesOutstanding,2016-12-31,10-K,2019-03-18,365,1.0,287757000.0
1707925,LIN,2019,289114000.0,WeightedAverageNumberOfDilutedSharesOutstanding,2017-12-31,10-K,2020-03-02,364,1.0,289114000.0
1707925,LIN,2020,531157000.0,WeightedAverageNumberOfDilutedSharesOutstanding,2020-12-31,10-K,2021-03-01,365,1.0,531157000.0
1707925,LIN,2021,531157000.0,WeightedAverageNumberOfDilutedSharesOutstanding,2020-12-31,10-K,2022-02-28,365,1.0,531157000.0
1707925,LIN,2022,531157000.0,WeightedAverageNumberOfDilutedSharesOutstanding,2020-12-31,10-K,2023-02-28,365,1.0,531157000.0
1707925,LIN,2023,521875000.0,WeightedAverageNumberOfDilutedSharesOutstanding,2021-12-31,10-K,2024-02-28,364,1.0,521875000.0
1707925,LIN,2024,482092000.0,WeightedAverageNumberOfDilutedSharesOutstanding,2024-12-31,10-K,2025-02-26,365,1.0,482092000.0
1707925,LIN,2025,482092000.0,WeightedAverageNumberOfDilutedSharesOutstanding,2024-12-31,10-K,2026-02-25,365,1.0,482092000.0
1711269,EVRG,2018,142500000.0,WeightedAverageNumberOfDilutedSharesOutstanding,2016-12-31,10-K,2019-02-22,365,1.0,142500000.0
1711269,EVRG,2019,142600000.0,WeightedAverageNumberOfDilutedSharesOutstanding,2017-12-31,10-K,2020-03-02,364,1.0,142600000.0
1711269,EVRG,2020,227500000.0,WeightedAverageNumberOfDilutedSharesOutstanding,2020-12-31,10-K,2021-02-26,365,1.0,227500000.0
1711269,EVRG,2021,227500000.0,WeightedAverageNumberOfDilutedSharesOutstanding,2020-12-31,10-K,2022-02-25,365,1.0,227500000.0
1711269,EVRG,2022,227500000.0,WeightedAverageNumberOfDilutedSharesOutstanding,2020-12-31,10-K,2023-02-24,365,1.0,227500000.0
1711269,EVRG,2023,229600000.0,WeightedAverageNumberOfDilutedSharesOutstanding,2021-12-31,10-K,2024-02-29,364,1.0,229600000.0
1711269,EVRG,2024,230600000.0,WeightedAverageNumberOfDilutedSharesOutstanding,2024-12-31,10-K,2025-02-27,365,1.0,230600000.0
1711269,EVRG,2025,230600000.0,WeightedAverageNumberOfDilutedSharesOutstanding,2024-12-31,10-K,2026-02-19,365,1.0,230600000.0
1713445,RDDT,2024,145472389.0,WeightedAverageNumberOfDilutedSharesOutstanding,2024-12-31,10-K,2025-02-13,365,1.0,145472389.0
1713445,RDDT,2025,145472389.0,WeightedAverageNumberOfDilutedSharesOutstanding,2024-12-31,10-K,2026-02-06,365,1.0,145472389.0
1730168,AVGO,2018,431000000.0,WeightedAverageNumberOfDilutedSharesOutstanding,2018-11-04,10-K,2018-12-21,370,10.0,4310000000.0
1730168,AVGO,2019,431000000.0,WeightedAverageNumberOfDilutedSharesOutstanding,2018-11-04,10-K,2019-12-20,370,10.0,4310000000.0
1730168,AVGO,2020,431000000.0,WeightedAverageNumberOfDilutedSharesOutstanding,2018-11-04,10-K,2020-12-18,370,10.0,4310000000.0
1730168,AVGO,2021,419000000.0,WeightedAverageNumberOfDilutedSharesOutstanding,2019-11-03,10-K,2021-12-17,363,10.0,4190000000.0
1730168,AVGO,2022,421000000.0,WeightedAverageNumberOfDilutedSharesOutstanding,2020-11-01,10-K,2022-12-16,363,10.0,4210000000.0
1730168,AVGO,2023,429000000.0,WeightedAverageNumberOfDilutedSharesOutstanding,2021-10-31,10-K,2023-12-14,363,10.0,4290000000.0
1730168,AVGO,2024,4778000000.0,WeightedAverageNumberOfDilutedSharesOutstanding,2024-11-03,10-K,2024-12-20,370,1.0,4778000000.0
1730168,AVGO,2025,4778000000.0,WeightedAverageNumberOfDilutedSharesOutstanding,2024-11-03,10-K,2025-12-18,370,1.0,4778000000.0
1739940,CI,2018,259647000.0,WeightedAverageNumberOfDilutedSharesOutstanding,2016-12-31,10-K,2019-02-28,365,1.0,259647000.0
1739940,CI,2019,255072000.0,WeightedAverageNumberOfDilutedSharesOutstanding,2017-12-31,10-K,2020-02-27,364,1.0,255072000.0
1739940,CI,2020,368389000.0,WeightedAverageNumberOfDilutedSharesOutstanding,2020-12-31,10-K,2021-02-25,365,1.0,368389000.0
1739940,CI,2021,368389000.0,WeightedAverageNumberOfDilutedSharesOutstanding,2020-12-31,10-K,2022-02-24,365,1.0,368389000.0
1739940,CI,2022,368389000.0,WeightedAverageNumberOfDilutedSharesOutstanding,2020-12-31,10-K,2023-02-23,365,1.0,368389000.0
1739940,CI,2023,340966000.0,WeightedAverageNumberOfDilutedSharesOutstanding,2021-12-31,10-K,2024-02-29,364,1.0,340966000.0
1739940,CI,2024,283218000.0,WeightedAverageNumberOfDilutedSharesOutstanding,2024-12-31,10-K,2025-02-27,365,1.0,283218000.0
1739940,CI,2025,283218000.0,WeightedAverageNumberOfDilutedSharesOutstanding,2024-12-31,10-K,2026-02-26,365,1.0,283218000.0
1744489,DIS,2019,1578000000.0,WeightedAverageNumberOfDilutedSharesOutstanding,2017-09-30,10-K,2019-11-20,363,1.0,1578000000.0
1744489,DIS,2020,1808000000.0,WeightedAverageNumberOfDilutedSharesOutstanding,2020-10-03,10-K,2020-11-25,370,1.0,1808000000.0
1744489,DIS,2021,1808000000.0,WeightedAverageNumberOfDilutedSharesOutstanding,2020-10-03,10-K,2021-11-24,370,1.0,1808000000.0
1744489,DIS,2022,1808000000.0,WeightedAverageNumberOfDilutedSharesOutstanding,2020-10-03,10-K,2022-11-29,370,1.0,1808000000.0
1744489,DIS,2023,1828000000.0,WeightedAverageNumberOfDilutedSharesOutstanding,2021-10-02,10-K,2023-11-21,363,1.0,1828000000.0
1744489,DIS,2024,1827000000.0,WeightedAverageNumberOfDilutedSharesOutstanding,2022-10-01,10-K,2024-11-14,363,1.0,1827000000.0
1744489,DIS,2025,1830000000.0,WeightedAverageNumberOfDilutedSharesOutstanding,2023-09-30,10-K,2025-11-13,363,1.0,1830000000.0
1748790,AMCR,2019,1164200000.0,WeightedAverageNumberOfDilutedSharesOutstanding,2017-06-30,10-K,2019-09-03,364,0.2,232840000.0
1748790,AMCR,2020,1601600000.0,WeightedAverageNumberOfDilutedSharesOutstanding,2020-06-30,10-K,2020-08-27,365,0.2,320320000.0
1748790,AMCR,2021,1602000000.0,WeightedAverageNumberOfDilutedSharesOutstanding,2020-06-30,10-K,2021-08-24,365,0.2,320400000.0
1748790,AMCR,2022,1602000000.0,WeightedAverageNumberOfDilutedSharesOutstanding,2020-06-30,10-K,2022-08-18,365,0.2,320400000.0
1748790,AMCR,2023,1556000000.0,WeightedAverageNumberOfDilutedSharesOutstanding,2021-06-30,10-K,2023-08-17,364,0.2,311200000.0
1748790,AMCR,2024,1441000000.0,WeightedAverageNumberOfDilutedSharesOutstanding,2024-06-30,10-K,2024-08-16,365,0.2,288200000.0
1748790,AMCR,2025,1441000000.0,WeightedAverageNumberOfDilutedSharesOutstanding,2024-06-30,10-K,2025-08-15,365,0.2,288200000.0
1748790,AMCR,2026,288100000.0,WeightedAverageNumberOfDilutedSharesOutstanding,2024-06-30,10-K,2026-08-14,365,0.2,57620000.0
1751008,APP,2021,214936545.0,WeightedAverageNumberOfDilutedSharesOutstanding,2020-12-31,10-K,2022-03-11,365,1.0,214936545.0
1751008,APP,2022,214936545.0,WeightedAverageNumberOfDilutedSharesOutstanding,2020-12-31,10-K,2023-02-28,365,1.0,214936545.0
1751008,APP,2023,342763632.0,WeightedAverageNumberOfDilutedSharesOutstanding,2021-12-31,10-K,2024-02-26,364,1.0,342763632.0
1751008,APP,2024,347807555.0,WeightedAverageNumberOfDilutedSharesOutstanding,2024-12-31,10-K,2025-02-27,365,1.0,347807555.0
1751008,APP,2025,347808000.0,WeightedAverageNumberOfDilutedSharesOutstanding,2024-12-31,10-K,2026-02-19,365,1.0,347808000.0
1751788,DOW,2019,744800000.0,WeightedAverageNumberOfDilutedSharesOutstanding,2017-12-31,10-K,2020-02-07,364,1.0,744800000.0
1751788,DOW,2020,742300000.0,WeightedAverageNumberOfDilutedSharesOutstanding,2020-12-31,10-K,2021-02-05,365,1.0,742300000.0
1751788,DOW,2021,742300000.0,WeightedAverageNumberOfDilutedSharesOutstanding,2020-12-31,10-K,2022-02-04,365,1.0,742300000.0
1751788,DOW,2022,742300000.0,WeightedAverageNumberOfDilutedSharesOutstanding,2020-12-31,10-K,2023-02-01,365,1.0,742300000.0
1751788,DOW,2023,749000000.0,WeightedAverageNumberOfDilutedSharesOutstanding,2021-12-31,10-K,2024-01-31,364,1.0,749000000.0
1751788,DOW,2024,705100000.0,WeightedAverageNumberOfDilutedSharesOutstanding,2024-12-31,10-K,2025-02-04,365,1.0,705100000.0
1751788,DOW,2025,705100000.0,WeightedAverageNumberOfDilutedSharesOutstanding,2024-12-31,10-K,2026-02-03,365,1.0,705100000.0
1754301,FOX,2020,616000000.0,WeightedAverageNumberOfDilutedSharesOutstanding,2020-06-30,10-K,2020-08-10,365,1.0,616000000.0
1754301,FOX,2021,616000000.0,WeightedAverageNumberOfDilutedSharesOutstanding,2020-06-30,10-K,2021-08-10,365,1.0,616000000.0
1754301,FOX,2022,616000000.0,WeightedAverageNumberOfDilutedSharesOutstanding,2020-06-30,10-K,2022-08-12,365,1.0,616000000.0
1754301,FOX,2023,595000000.0,WeightedAverageNumberOfDilutedSharesOutstanding,2021-06-30,10-K,2023-08-11,364,1.0,595000000.0
1754301,FOX,2024,480000000.0,WeightedAverageNumberOfDilutedSharesOutstanding,2024-06-30,10-K,2024-08-08,365,1.0,480000000.0
1754301,FOX,2025,480000000.0,WeightedAverageNumberOfDilutedSharesOutstanding,2024-06-30,10-K,2025-08-06,365,1.0,480000000.0
1754301,FOX,2026,480000000.0,WeightedAverageNumberOfDilutedSharesOutstanding,2024-06-30,10-K,2026-08-06,365,1.0,480000000.0
1755672,CTVA,2019,749400000.0,WeightedAverageNumberOfDilutedSharesOutstanding,2018-12-31,10-K,2020-02-14,364,1.0,749400000.0
1755672,CTVA,2020,751200000.0,WeightedAverageNumberOfDilutedSharesOutstanding,2020-12-31,10-K,2021-02-11,365,1.0,751200000.0
1755672,CTVA,2021,751200000.0,WeightedAverageNumberOfDilutedSharesOutstanding,2020-12-31,10-K,2022-02-10,365,1.0,751200000.0
1755672,CTVA,2022,751200000.0,WeightedAverageNumberOfDilutedSharesOutstanding,2020-12-31,10-K,2023-02-09,365,1.0,751200000.0
1755672,CTVA,2023,741600000.0,WeightedAverageNumberOfDilutedSharesOutstanding,2021-12-31,10-K,2024-02-08,364,1.0,741600000.0
1755672,CTVA,2024,696000000.0,WeightedAverageNumberOfDilutedSharesOutstanding,2024-12-31,10-K,2025-02-14,365,1.0,696000000.0
1755672,CTVA,2025,696000000.0,WeightedAverageNumberOfDilutedSharesOutstanding,2024-12-31,10-K,2026-02-12,365,1.0,696000000.0
1757898,STE,2019,86094000.0,WeightedAverageNumberOfDilutedSharesOutstanding,2017-03-31,10-K,2019-05-30,364,1.0,86094000.0
1757898,STE,2020,85641000.0,WeightedAverageNumberOfDilutedSharesOutstanding,2020-03-31,10-K,2020-05-29,365,1.0,85641000.0
1757898,STE,2021,85641000.0,WeightedAverageNumberOfDilutedSharesOutstanding,2020-03-31,10-K,2021-05-28,365,1.0,85641000.0
1757898,STE,2022,85641000.0,WeightedAverageNumberOfDilutedSharesOutstanding,2020-03-31,10-K,2022-05-31,365,1.0,85641000.0
1757898,STE,2023,85898000.0,WeightedAverageNumberOfDilutedSharesOutstanding,2021-03-31,10-K,2023-05-26,364,1.0,85898000.0
1757898,STE,2024,99359000.0,WeightedAverageNumberOfDilutedSharesOutstanding,2024-03-31,10-K,2024-05-29,365,1.0,99359000.0
1757898,STE,2025,99359000.0,WeightedAverageNumberOfDilutedSharesOutstanding,2024-03-31,10-K,2025-05-29,365,1.0,99359000.0
1757898,STE,2026,99400000.0,WeightedAverageNumberOfDilutedSharesOutstanding,2024-03-31,10-K,2026-05-29,365,1.0,99400000.0
1781335,OTIS,2020,434600000.0,WeightedAverageNumberOfDilutedSharesOutstanding,2020-12-31,10-K,2021-02-05,365,1.0,434600000.0
1781335,OTIS,2021,434600000.0,WeightedAverageNumberOfDilutedSharesOutstanding,2020-12-31,10-K,2022-02-04,365,1.0,434600000.0
1781335,OTIS,2022,434600000.0,WeightedAverageNumberOfDilutedSharesOutstanding,2020-12-31,10-K,2023-02-03,365,1.0,434600000.0
1781335,OTIS,2023,431400000.0,WeightedAverageNumberOfDilutedSharesOutstanding,2021-12-31,10-K,2024-02-02,364,1.0,431400000.0
1781335,OTIS,2024,404400000.0,WeightedAverageNumberOfDilutedSharesOutstanding,2024-12-31,10-K,2025-02-04,365,1.0,404400000.0
1781335,OTIS,2025,404400000.0,WeightedAverageNumberOfDilutedSharesOutstanding,2024-12-31,10-K,2026-02-05,365,1.0,404400000.0
1783180,CARR,2020,880200000.0,WeightedAverageNumberOfDilutedSharesOutstanding,2020-12-31,10-K,2021-02-09,365,1.0,880200000.0
1783180,CARR,2021,880200000.0,WeightedAverageNumberOfDilutedSharesOutstanding,2020-12-31,10-K,2022-02-08,365,1.0,880200000.0
1783180,CARR,2022,880200000.0,WeightedAverageNumberOfDilutedSharesOutstanding,2020-12-31,10-K,2023-02-07,365,1.0,880200000.0
1783180,CARR,2023,890300000.0,WeightedAverageNumberOfDilutedSharesOutstanding,2021-12-31,10-K,2024-02-06,364,1.0,890300000.0
1783180,CARR,2024,911700000.0,WeightedAverageNumberOfDilutedSharesOutstanding,2024-12-31,10-K,2025-02-11,365,1.0,911700000.0
1783180,CARR,2025,911700000.0,WeightedAverageNumberOfDilutedSharesOutstanding,2024-12-31,10-K,2026-02-05,365,1.0,911700000.0
1783879,HOOD,2021,244997388.0,WeightedAverageNumberOfDilutedSharesOutstanding,2020-12-31,10-K,2022-02-24,365,1.0,244997388.0
1783879,HOOD,2022,244997388.0,WeightedAverageNumberOfDilutedSharesOutstanding,2020-12-31,10-K,2023-02-27,365,1.0,244997388.0
1783879,HOOD,2023,492381190.0,WeightedAverageNumberOfDilutedSharesOutstanding,2021-12-31,10-K,2024-02-27,364,1.0,492381190.0
1783879,HOOD,2024,906171504.0,WeightedAverageNumberOfDilutedSharesOutstanding,2024-12-31,10-K,2025-02-18,365,1.0,906171504.0
1783879,HOOD,2025,906171504.0,WeightedAverageNumberOfDilutedSharesOutstanding,2024-12-31,10-K/A,2026-02-20,365,1.0,906171504.0
1792044,VTRS,2020,601200000.0,WeightedAverageNumberOfDilutedSharesOutstanding,2020-12-31,10-K,2021-03-01,365,1.0,601200000.0
1792044,VTRS,2021,601200000.0,WeightedAverageNumberOfDilutedSharesOutstanding,2020-12-31,10-K,2022-02-28,365,1.0,601200000.0
1792044,VTRS,2022,601200000.0,WeightedAverageNumberOfDilutedSharesOutstanding,2020-12-31,10-K,2023-02-27,365,1.0,601200000.0
1792044,VTRS,2023,1208800000.0,WeightedAverageNumberOfDilutedSharesOutstanding,2021-12-31,10-K,2024-02-28,364,1.0,1208800000.0
1792044,VTRS,2024,1217400000.0,WeightedAverageNumberOfDilutedSharesOutstanding,2022-12-31,10-K,2025-02-27,364,1.0,1217400000.0
1792044,VTRS,2025,1206900000.0,WeightedAverageNumberOfDilutedSharesOutstanding,2023-12-31,10-K,2026-02-26,364,1.0,1206900000.0
1792789,DASH,2021,62390000.0,WeightedAverageNumberOfDilutedSharesOutstanding,2020-12-31,10-K,2022-03-01,365,1.0,62390000.0
1792789,DASH,2022,62390000.0,WeightedAverageNumberOfDilutedSharesOutstanding,2020-12-31,10-K,2023-02-27,365,1.0,62390000.0
1792789,DASH,2023,336847000.0,WeightedAverageNumberOfDilutedSharesOutstanding,2021-12-31,10-K,2024-02-20,364,1.0,336847000.0
1792789,DASH,2024,430242000.0,WeightedAverageNumberOfDilutedSharesOutstanding,2024-12-31,10-K,2025-02-14,365,1.0,430242000.0
1792789,DASH,2025,430242000.0,WeightedAverageNumberOfDilutedSharesOutstanding,2024-12-31,10-K/A,2026-05-06,365,1.0,430242000.0
1811074,TPL,2020,7756156.0,WeightedAverageNumberOfDilutedSharesOutstanding,2020-12-31,10-K,2021-02-25,365,9.0,69805404.0
1811074,TPL,2021,7756156.0,WeightedAverageNumberOfDilutedSharesOutstanding,2020-12-31,10-K,2022-02-23,365,9.0,69805404.0
1811074,TPL,2022,7756156.0,WeightedAverageNumberOfDilutedSharesOutstanding,2020-12-31,10-K,2023-02-22,365,9.0,69805404.0
1811074,TPL,2023,7752054.0,WeightedAverageNumberOfDilutedSharesOutstanding,2021-12-31,10-K,2024-02-21,364,9.0,69768486.0
1811074,TPL,2024,23019751.0,WeightedAverageNumberOfDilutedSharesOutstanding,2024-12-31,10-K,2025-02-19,365,3.0,69059253.0
1811074,TPL,2025,69059252.0,WeightedAverageNumberOfDilutedSharesOutstanding,2024-12-31,10-K,2026-02-18,365,3.0,207177756.0
1835632,MRVL,2022,676094000.0,WeightedAverageNumberOfDilutedSharesOutstanding,2020-02-01,10-K,2022-03-10,363,1.0,676094000.0
1835632,MRVL,2023,668800000.0,WeightedAverageNumberOfDilutedSharesOutstanding,2021-01-30,10-K,2023-03-09,363,1.0,668800000.0
1835632,MRVL,2024,861300000.0,WeightedAverageNumberOfDilutedSharesOutstanding,2024-02-03,10-K,2024-03-13,370,1.0,861300000.0
1835632,MRVL,2025,861300000.0,WeightedAverageNumberOfDilutedSharesOutstanding,2024-02-03,10-K,2025-03-12,370,1.0,861300000.0
1835632,MRVL,2026,861300000.0,WeightedAverageNumberOfDilutedSharesOutstanding,2024-02-03,10-K,2026-03-11,370,1.0,861300000.0
1841666,APA,2021,378000000.0,WeightedAverageNumberOfDilutedSharesOutstanding,2020-12-31,10-K,2022-02-22,365,1.0,378000000.0
1841666,APA,2022,378000000.0,WeightedAverageNumberOfDilutedSharesOutstanding,2020-12-31,10-K,2023-02-23,365,1.0,378000000.0
1841666,APA,2023,375000000.0,WeightedAverageNumberOfDilutedSharesOutstanding,2021-12-31,10-K,2024-02-22,364,1.0,375000000.0
1841666,APA,2024,353000000.0,WeightedAverageNumberOfDilutedSharesOutstanding,2024-12-31,10-K,2025-02-28,365,1.0,353000000.0
1841666,APA,2025,353000000.0,WeightedAverageNumberOfDilutedSharesOutstanding,2024-12-31,10-K,2026-02-26,365,1.0,353000000.0
1858681,APO,2022,227530600.0,WeightedAverageNumberOfDilutedSharesOutstanding,2020-12-31,10-K,2023-03-01,365,1.0,227530600.0
1858681,APO,2023,236567691.0,WeightedAverageNumberOfDilutedSharesOutstanding,2021-12-31,10-K,2024-02-27,364,1.0,236567691.0
1858681,APO,2024,604035992.0,WeightedAverageNumberOfDilutedSharesOutstanding,2024-12-31,10-K,2025-02-24,365,1.0,604035992.0
1858681,APO,2025,604035992.0,WeightedAverageNumberOfDilutedSharesOutstanding,2024-12-31,10-K,2026-02-25,365,1.0,604035992.0
1868275,CEG,2022,329000000.0,WeightedAverageNumberOfDilutedSharesOutstanding,2022-12-31,10-K,2023-02-16,364,1.0,329000000.0
1868275,CEG,2023,329000000.0,WeightedAverageNumberOfDilutedSharesOutstanding,2022-12-31,10-K,2024-02-27,364,1.0,329000000.0
1868275,CEG,2024,315000000.0,WeightedAverageNumberOfDilutedSharesOutstanding,2024-12-31,10-K,2025-02-18,365,1.0,315000000.0
1868275,CEG,2025,315000000.0,WeightedAverageNumberOfDilutedSharesOutstanding,2024-12-31,10-K,2026-02-24,365,1.0,315000000.0
1932393,GEHC,2023,454000000.0,WeightedAverageNumberOfDilutedSharesOutstanding,2021-12-31,10-K,2024-02-06,364,1.0,454000000.0
1932393,GEHC,2024,459000000.0,WeightedAverageNumberOfDilutedSharesOutstanding,2024-12-31,10-K,2025-02-13,365,1.0,459000000.0
1932393,GEHC,2025,459000000.0,WeightedAverageNumberOfDilutedSharesOutstanding,2024-12-31,10-K,2026-02-04,365,1.0,459000000.0
1944048,KVUE,2023,1716160000.0,WeightedAverageNumberOfDilutedSharesOutstanding,2022-01-02,10-K,2024-03-01,363,1.0,1716160000.0
1944048,KVUE,2024,1716000000.0,WeightedAverageNumberOfDilutedSharesOutstanding,2023-01-01,10-K,2025-02-24,363,1.0,1716000000.0
1944048,KVUE,2025,1850000000.0,WeightedAverageNumberOfDilutedSharesOutstanding,2023-12-31,10-K,2026-02-20,363,1.0,1850000000.0
1964738,SOLV,2024,173700000.0,WeightedAverageNumberOfDilutedSharesOutstanding,2024-12-31,10-K,2025-02-28,365,1.0,173700000.0
1964738,SOLV,2025,173700000.0,WeightedAverageNumberOfDilutedSharesOutstanding,2024-12-31,10-K,2026-02-27,365,1.0,173700000.0
1967680,VLTO,2023,246300000.0,WeightedAverageNumberOfDilutedSharesOutstanding,2021-12-31,10-K,2024-02-28,364,1.0,246300000.0
1967680,VLTO,2024,249600000.0,WeightedAverageNumberOfDilutedSharesOutstanding,2024-12-31,10-K,2025-02-25,365,1.0,249600000.0
1967680,VLTO,2025,249600000.0,WeightedAverageNumberOfDilutedSharesOutstanding,2024-12-31,10-K,2026-02-20,365,1.0,249600000.0
1973266,TKO,2023,82808019.0,WeightedAverageNumberOfDilutedSharesOutstanding,2023-12-31,10-K,2024-02-27,364,1.0,82808019.0
1973266,TKO,2024,171874540.0,WeightedAverageNumberOfDilutedSharesOutstanding,2024-12-31,10-K,2025-02-26,365,1.0,171874540.0
1973266,TKO,2025,171874540.0,WeightedAverageNumberOfDilutedSharesOutstanding,2024-12-31,10-K,2026-02-25,365,1.0,171874540.0
1996810,GEV,2024,278000000.0,WeightedAverageNumberOfDilutedSharesOutstanding,2024-12-31,10-K,2025-02-06,365,1.0,278000000.0
1996810,GEV,2025,278000000.0,WeightedAverageNumberOfDilutedSharesOutstanding,2024-12-31,10-K,2026-01-29,365,1.0,278000000.0
1996862,BG,2023,152366712.0,WeightedAverageNumberOfDilutedSharesOutstanding,2021-12-31,10-K,2024-02-22,364,1.0,152366712.0
1996862,BG,2024,142223221.0,WeightedAverageNumberOfDilutedSharesOutstanding,2024-12-31,10-K,2025-02-20,365,1.0,142223221.0
1996862,BG,2025,142223221.0,WeightedAverageNumberOfDilutedSharesOutstanding,2024-12-31,10-K,2026-02-19,365,1.0,142223221.0
2005951,SW,2024,389000000.0,WeightedAverageNumberOfDilutedSharesOutstanding,2024-12-31,10-K,2025-03-07,365,1.0,389000000.0
2005951,SW,2025,389000000.0,WeightedAverageNumberOfDilutedSharesOutstanding,2024-12-31,10-K,2026-02-27,365,1.0,389000000.0
2011641,FERG,2024,203500000.0,WeightedAverageNumberOfDilutedSharesOutstanding,2024-07-31,10-K,2024-09-25,365,1.0,203500000.0
2011641,FERG,2025,203500000.0,WeightedAverageNumberOfDilutedSharesOutstanding,2024-07-31,10-K,2025-09-26,365,1.0,203500000.0
2012383,BLK,2024,151615085.0,WeightedAverageNumberOfDilutedSharesOutstanding,2024-12-31,10-K,2025-02-25,365,1.0,151615085.0
2012383,BLK,2025,151615085.0,WeightedAverageNumberOfDilutedSharesOutstanding,2024-12-31,10-K,2026-02-25,365,1.0,151615085.0
2023554,SNDK,2025,145000000.0,WeightedAverageNumberOfDilutedSharesOutstanding,2023-06-30,10-K,2025-08-21,363,1.0,145000000.0
2023554,SNDK,2026,155000000.0,WeightedAverageNumberOfDilutedSharesOutstanding,2026-07-03,10-K,2026-08-17,370,1.0,155000000.0
2041610,PSKY,2025,664000000.0,WeightedAverageNumberOfDilutedSharesOutstanding,2024-12-31,10-K,2026-02-25,365,1.0,664000000.0
2058873,Q,2025,209400000.0,WeightedAverageNumberOfDilutedSharesOutstanding,2024-12-31,10-K,2026-02-26,365,1.0,209400000.0
2082247,FDXF,2026,149505248.0,WeightedAverageNumberOfDilutedSharesOutstanding,2024-05-31,10-K,2026-08-05,365,1.0,149505248.0
