cik,ticker,year,val_raw,end,form,split_factor_to_latest,val_adj
1800,ABT,2014,1508977828.0,2015-01-31,10-K,1.0,1508977828.0
1800,ABT,2015,1473241861.0,2016-01-31,10-K,1.0,1473241861.0
1800,ABT,2016,1727997596.0,2017-01-31,10-K,1.0,1727997596.0
1800,ABT,2017,1746333892.0,2018-01-31,10-K,1.0,1746333892.0
1800,ABT,2018,1756470269.0,2019-01-31,10-K,1.0,1756470269.0
1800,ABT,2019,1763433243.0,2020-01-31,10-K,1.0,1763433243.0
1800,ABT,2020,1771529358.0,2021-01-31,10-K,1.0,1771529358.0
1800,ABT,2021,1763482267.0,2022-01-31,10-K,1.0,1763482267.0
1800,ABT,2022,1737946233.0,2023-01-31,10-K,1.0,1737946233.0
1800,ABT,2023,1735184289.0,2024-01-31,10-K,1.0,1735184289.0
1800,ABT,2024,1734323411.0,2025-01-31,10-K,1.0,1734323411.0
1800,ABT,2025,1737682887.0,2026-01-31,10-K,1.0,1737682887.0
1800,ABT,2026,1741812429.0,2026-03-31,10-Q,1.0,1741812429.0
2488,AMD,2014,777300258.0,2015-02-13,10-K,1.0,777300258.0
2488,AMD,2015,793248190.0,2016-02-12,10-K,1.0,793248190.0
2488,AMD,2016,940758118.0,2017-02-10,10-K,1.0,940758118.0
2488,AMD,2017,969110191.0,2018-02-23,10-K,1.0,969110191.0
2488,AMD,2018,1005298882.0,2019-02-01,10-K,1.0,1005298882.0
2488,AMD,2019,1169661536.0,2020-01-31,10-K,1.0,1169661536.0
2488,AMD,2020,1211280009.0,2021-01-22,10-K,1.0,1211280009.0
2488,AMD,2021,1199303422.0,2022-01-28,10-K,1.0,1199303422.0
2488,AMD,2022,1611388217.0,2023-02-22,10-K,1.0,1611388217.0
2488,AMD,2023,1615786841.0,2024-01-25,10-K,1.0,1615786841.0
2488,AMD,2024,1620477962.0,2025-01-30,10-K,1.0,1620477962.0
2488,AMD,2025,1630410843.0,2026-01-30,10-K,1.0,1630410843.0
2488,AMD,2026,1632475042.0,2026-07-29,10-Q,1.0,1632475042.0
2969,APD,2014,214274045.0,2014-12-31,10-Q,1.081,231630242.64499998
2969,APD,2015,215650358.0,2015-12-31,10-Q,1.081,233118036.998
2969,APD,2016,217589952.0,2016-12-31,10-Q,1.0,217589952.0
2969,APD,2017,218939303.0,2017-12-31,10-Q,1.0,218939303.0
2969,APD,2018,219631171.0,2018-12-31,10-Q,1.0,219631171.0
2969,APD,2019,220678482.0,2019-12-31,10-Q,1.0,220678482.0
2969,APD,2020,221276890.0,2020-12-31,10-Q,1.0,221276890.0
2969,APD,2021,221717387.0,2021-12-31,10-Q,1.0,221717387.0
2969,APD,2022,222082851.0,2022-12-31,10-Q,1.0,222082851.0
2969,APD,2023,222301051.0,2023-12-31,10-Q,1.0,222301051.0
2969,APD,2024,222475666.0,2024-12-31,10-Q,1.0,222475666.0
2969,APD,2025,222656008.0,2025-12-31,10-Q,1.0,222656008.0
2969,APD,2026,222685530.0,2026-06-30,10-Q,1.0,222685530.0
4127,SWKS,2014,190819868.0,2015-01-15,10-Q,1.0,190819868.0
4127,SWKS,2015,191668400.0,2016-01-15,10-Q,1.0,191668400.0
4127,SWKS,2016,184918356.0,2017-01-23,10-Q,1.0,184918356.0
4127,SWKS,2017,182482749.0,2018-01-26,10-Q,1.0,182482749.0
4127,SWKS,2018,174064672.0,2019-01-30,10-Q,1.0,174064672.0
4127,SWKS,2019,170155181.0,2020-01-20,10-K/A,1.0,170155181.0
4127,SWKS,2020,166691622.0,2021-01-22,10-K/A,1.0,166691622.0
4127,SWKS,2021,164005766.0,2022-01-27,10-Q,1.0,164005766.0
4127,SWKS,2022,158974172.0,2023-01-30,10-Q,1.0,158974172.0
4127,SWKS,2023,160225891.0,2024-01-24,10-Q,1.0,160225891.0
4127,SWKS,2024,160741022.0,2025-01-31,10-Q,1.0,160741022.0
4127,SWKS,2025,150373612.0,2026-02-03,10-Q,1.0,150373612.0
4127,SWKS,2026,150472782.0,2026-07-23,10-Q,1.0,150472782.0
4281,HWM,2014,1222248058.0,2015-02-13,10-K,1.0,1222248058.0
4281,HWM,2015,1314845888.0,2016-02-11,10-K,1.0,1314845888.0
4281,HWM,2016,440535657.0,2017-02-23,10-K,1.0,440535657.0
4281,HWM,2017,482772252.0,2018-02-16,10-K,1.0,482772252.0
4281,HWM,2018,484940842.0,2019-02-15,10-K,1.0,484940842.0
4281,HWM,2019,435918568.0,2020-02-21,10-K,1.0,435918568.0
4281,HWM,2020,433614667.0,2021-02-12,10-K,1.0,433614667.0
4281,HWM,2021,418904876.0,2022-02-10,10-K,1.0,418904876.0
4281,HWM,2022,412282856.0,2023-02-10,10-K,1.0,412282856.0
4281,HWM,2023,410303651.0,2024-02-09,10-K,1.0,410303651.0
4281,HWM,2024,405022519.0,2025-02-10,10-K,1.0,405022519.0
4281,HWM,2025,400940063.0,2026-02-09,10-K,1.0,400940063.0
4281,HWM,2026,398801399.0,2026-08-03,10-Q,1.0,398801399.0
4904,AEP,2014,489402567.0,2014-12-31,10-K,1.0,489402567.0
4904,AEP,2015,491052581.0,2015-12-31,10-K,1.0,491052581.0
4904,AEP,2016,491711928.0,2016-12-31,10-K,1.0,491711928.0
4904,AEP,2017,492005598.0,2017-12-31,10-K,1.0,492005598.0
4904,AEP,2018,493245876.0,2018-12-31,10-K,1.0,493245876.0
4904,AEP,2019,494169471.0,2019-12-31,10-K,1.0,494169471.0
4904,AEP,2020,496604194.0,2020-12-31,10-K,1.0,496604194.0
4904,AEP,2021,504212015.0,2021-12-31,10-K,1.0,504212015.0
4904,AEP,2022,513866081.0,2022-12-31,10-K,1.0,513866081.0
4904,AEP,2023,526184585.0,2023-12-31,10-K,1.0,526184585.0
4904,AEP,2024,532907715.0,2024-12-31,10-K,1.0,532907715.0
4904,AEP,2025,540861473.0,2025-12-31,10-K,1.0,540861473.0
4904,AEP,2026,544104955.0,2026-05-05,10-Q,1.0,544104955.0
4962,AXP,2014,1019175304.0,2015-02-13,10-K,1.0,1019175304.0
4962,AXP,2015,964045452.0,2016-02-08,10-K,1.0,964045452.0
4962,AXP,2016,901270758.0,2017-02-08,10-K,1.0,901270758.0
4962,AXP,2017,860278838.0,2018-02-06,10-K,1.0,860278838.0
4962,AXP,2018,843368671.0,2019-02-04,10-K,1.0,843368671.0
4962,AXP,2019,808040664.0,2020-01-30,10-K,1.0,808040664.0
4962,AXP,2020,805588980.0,2021-02-03,10-K,1.0,805588980.0
4962,AXP,2021,759354994.0,2022-02-03,10-K,1.0,759354994.0
4962,AXP,2022,744192702.0,2023-02-02,10-K,1.0,744192702.0
4962,AXP,2023,723869787.0,2024-02-01,10-K,1.0,723869787.0
4962,AXP,2024,702532111.0,2025-01-31,10-K,1.0,702532111.0
4962,AXP,2025,686614005.0,2026-01-30,10-K,1.0,686614005.0
4962,AXP,2026,675309833.0,2026-07-14,10-Q,1.0,675309833.0
4977,AFL,2014,438903157.0,2015-02-17,10-K,2.0,877806314.0
4977,AFL,2015,420001378.0,2016-02-16,10-K,2.0,840002756.0
4977,AFL,2016,401426860.0,2017-02-15,10-K,2.0,802853720.0
4977,AFL,2017,389682983.0,2018-02-13,10-K,2.0,779365966.0
4977,AFL,2018,750332375.0,2019-02-12,10-K,1.0,750332375.0
4977,AFL,2019,722520700.0,2020-02-12,10-K,1.0,722520700.0
4977,AFL,2020,688587083.0,2021-02-17,10-K,1.0,688587083.0
4977,AFL,2021,649860875.0,2022-02-16,10-K,1.0,649860875.0
4977,AFL,2022,612208648.0,2023-02-16,10-K,1.0,612208648.0
4977,AFL,2023,577008328.0,2024-02-15,10-K,1.0,577008328.0
4977,AFL,2024,546588291.0,2025-02-18,10-K,1.0,546588291.0
4977,AFL,2025,516369452.0,2026-02-16,10-K,1.0,516369452.0
4977,AFL,2026,501343298.0,2026-07-28,10-Q,1.0,501343298.0
5272,AIG,2014,1372435893.0,2015-02-12,10-K,1.0,1372435893.0
5272,AIG,2015,1149448256.0,2016-02-11,10-K,1.0,1149448256.0
5272,AIG,2016,979560020.0,2017-02-13,10-K,1.0,979560020.0
5272,AIG,2017,902468889.0,2018-02-07,10-K,1.0,902468889.0
5272,AIG,2018,869486334.0,2019-02-06,10-K,1.0,869486334.0
5272,AIG,2019,873422023.0,2020-02-10,10-K,1.0,873422023.0
5272,AIG,2020,864790669.0,2021-02-09,10-K,1.0,864790669.0
5272,AIG,2021,814757881.0,2022-02-08,10-K,1.0,814757881.0
5272,AIG,2022,737247384.0,2023-02-10,10-K,1.0,737247384.0
5272,AIG,2023,680953652.0,2024-02-08,10-K,1.0,680953652.0
5272,AIG,2024,593332964.0,2025-02-07,10-K,1.0,593332964.0
5272,AIG,2025,536559663.0,2026-02-06,10-K,1.0,536559663.0
5272,AIG,2026,522893169.0,2026-07-31,10-Q,1.0,522893169.0
6281,ADI,2014,311627385.0,2015-01-31,10-Q,1.0,311627385.0
6281,ADI,2015,310019122.0,2016-01-30,10-Q,1.0,310019122.0
6281,ADI,2016,309206677.0,2017-01-28,10-Q,1.0,309206677.0
6281,ADI,2017,369803589.0,2018-02-03,10-Q,1.0,369803589.0
6281,ADI,2018,368314314.0,2019-02-02,10-Q,1.0,368314314.0
6281,ADI,2019,368220091.0,2020-02-01,10-Q,1.0,368220091.0
6281,ADI,2020,368893742.0,2021-01-30,10-Q,1.0,368893742.0
6281,ADI,2021,523315130.0,2022-01-29,10-Q,1.0,523315130.0
6281,ADI,2022,505852499.0,2023-01-28,10-Q,1.0,505852499.0
6281,ADI,2023,495908150.0,2024-02-03,10-Q,1.0,495908150.0
6281,ADI,2024,495976483.0,2025-02-01,10-Q,1.0,495976483.0
6281,ADI,2025,488204157.0,2026-01-31,10-Q,1.0,488204157.0
6281,ADI,2026,484565465.0,2026-08-01,10-Q,1.0,484565465.0
6951,AMAT,2014,1228696722.0,2015-02-11,10-Q,1.0,1228696722.0
6951,AMAT,2015,1130724579.0,2016-01-31,10-Q,1.0,1130724579.0
6951,AMAT,2016,1079831003.0,2017-01-29,10-Q,1.0,1079831003.0
6951,AMAT,2017,1050687501.0,2018-01-28,10-Q,1.0,1050687501.0
6951,AMAT,2018,949392609.0,2019-01-27,10-Q,1.0,949392609.0
6951,AMAT,2019,918305114.0,2020-01-26,10-Q,1.0,918305114.0
6951,AMAT,2020,917660832.0,2021-01-31,10-Q,1.0,917660832.0
6951,AMAT,2021,883394639.0,2022-01-30,10-Q,1.0,883394639.0
6951,AMAT,2022,845118427.0,2023-01-29,10-Q,1.0,845118427.0
6951,AMAT,2023,830897356.0,2024-01-28,10-Q,1.0,830897356.0
6951,AMAT,2024,812440849.0,2025-01-26,10-Q,1.0,812440849.0
6951,AMAT,2025,793609867.0,2026-01-25,10-Q,1.0,793609867.0
6951,AMAT,2026,793597443.0,2026-07-26,10-Q,1.0,793597443.0
7084,ADM,2014,634287854.0,2015-01-30,10-K,1.0,634287854.0
7084,ADM,2015,593898294.0,2016-01-29,10-K,1.0,593898294.0
7084,ADM,2016,571080171.0,2017-02-10,10-K,1.0,571080171.0
7084,ADM,2017,558839277.0,2018-02-15,10-K,1.0,558839277.0
7084,ADM,2018,560088795.0,2019-02-14,10-K,1.0,560088795.0
7084,ADM,2019,557887494.0,2020-02-14,10-K,1.0,557887494.0
7084,ADM,2020,558414074.0,2021-02-17,10-K,1.0,558414074.0
7084,ADM,2021,562166572.0,2022-02-16,10-K,1.0,562166572.0
7084,ADM,2022,548008680.0,2023-02-13,10-K,1.0,548008680.0
7084,ADM,2023,533381255.0,2023-10-23,10-Q,1.0,533381255.0
7084,ADM,2024,479707071.0,2025-02-14,10-K,1.0,479707071.0
7084,ADM,2025,481201844.0,2026-02-10,10-K,1.0,481201844.0
7084,ADM,2026,481959583.0,2026-07-30,10-Q,1.0,481959583.0
8670,ADP,2014,475152112.0,2015-01-30,10-Q,1.0,475152112.0
8670,ADP,2015,457451131.0,2016-01-31,10-Q,1.0,457451131.0
8670,ADP,2016,448902582.0,2017-01-27,10-Q,1.0,448902582.0
8670,ADP,2017,443269657.0,2018-01-26,10-Q,1.0,443269657.0
8670,ADP,2018,435629656.0,2019-01-25,10-Q,1.0,435629656.0
8670,ADP,2019,431754252.0,2020-01-28,10-Q,1.0,431754252.0
8670,ADP,2020,427940220.0,2021-01-27,10-Q,1.0,427940220.0
8670,ADP,2021,420045265.0,2022-01-26,10-Q,1.0,420045265.0
8670,ADP,2022,414351542.0,2023-01-31,10-Q,1.0,414351542.0
8670,ADP,2023,410790567.0,2024-01-29,10-Q,1.0,410790567.0
8670,ADP,2024,406870893.0,2025-01-27,10-Q,1.0,406870893.0
8670,ADP,2025,402644364.0,2026-01-26,10-Q,1.0,402644364.0
8670,ADP,2026,397262737.0,2026-07-31,10-K,1.0,397262737.0
8818,AVY,2014,90494421.0,2015-01-31,10-K,1.0,90494421.0
8818,AVY,2015,89430815.0,2016-01-30,10-K,1.0,89430815.0
8818,AVY,2016,88123603.0,2017-01-28,10-K,1.0,88123603.0
8818,AVY,2017,87927816.0,2018-01-27,10-K,1.0,87927816.0
8818,AVY,2018,83980757.0,2019-02-23,10-K,1.0,83980757.0
8818,AVY,2019,83297552.0,2020-02-22,10-K,1.0,83297552.0
8818,AVY,2020,83044019.0,2021-01-30,10-K,1.0,83044019.0
8818,AVY,2021,82461259.0,2022-01-29,10-K,1.0,82461259.0
8818,AVY,2022,80824942.0,2023-01-28,10-K,1.0,80824942.0
8818,AVY,2023,80508663.0,2024-01-27,10-K,1.0,80508663.0
8818,AVY,2024,78994622.0,2025-02-22,10-K,1.0,78994622.0
8818,AVY,2025,76877940.0,2026-01-31,10-K,1.0,76877940.0
8818,AVY,2026,75788142.0,2026-08-01,10-Q,1.0,75788142.0
9389,BALL,2014,137343010.0,2015-02-16,10-K,2.0,274686020.0
9389,BALL,2015,141713478.0,2016-02-12,10-K,2.0,283426956.0
9389,BALL,2016,175057681.0,2017-02-20,10-K,2.0,350115362.0
9389,BALL,2017,350442053.0,2018-02-20,10-K,1.0,350442053.0
9389,BALL,2018,334338125.0,2019-02-20,10-K,1.0,334338125.0
9389,BALL,2019,325773210.0,2020-02-17,10-K,1.0,325773210.0
9389,BALL,2020,327926616.0,2021-02-15,10-K,1.0,327926616.0
9389,BALL,2021,323894182.0,2021-10-31,10-Q,1.0,323894182.0
9389,BALL,2022,314424560.0,2023-02-16,10-K,1.0,314424560.0
9389,BALL,2023,315642486.0,2024-02-15,10-K,1.0,315642486.0
9389,BALL,2024,282822891.0,2025-02-18,10-K,1.0,282822891.0
9389,BALL,2025,266077175.0,2026-02-17,10-K,1.0,266077175.0
9389,BALL,2026,264703357.0,2026-07-31,10-Q,1.0,264703357.0
10456,BAX,2014,542581466.0,2015-01-31,10-K,1.841,998892478.906
10456,BAX,2015,547871849.0,2016-01-31,10-K,1.0,547871849.0
10456,BAX,2016,540082230.0,2017-01-31,10-K,1.0,540082230.0
10456,BAX,2017,540138815.0,2018-01-31,10-K,1.0,540138815.0
10456,BAX,2018,512538202.0,2019-01-31,10-K,1.0,512538202.0
10456,BAX,2019,507263731.0,2020-02-29,10-Q,1.0,507263731.0
10456,BAX,2020,505103894.0,2021-01-29,10-K,1.0,505103894.0
10456,BAX,2021,502293624.0,2022-01-31,10-K,1.0,502293624.0
10456,BAX,2022,504672166.0,2023-01-31,10-K,1.0,504672166.0
10456,BAX,2023,507827437.0,2024-01-31,10-K,1.0,507827437.0
10456,BAX,2024,511624996.0,2025-02-13,10-K,1.0,511624996.0
10456,BAX,2025,514490045.0,2026-02-05,10-K,1.0,514490045.0
10456,BAX,2026,516995999.0,2026-07-23,10-Q,1.0,516995999.0
10795,BDX,2014,192938801.0,2014-12-31,10-Q,1.3037999999999998,251553608.74379998
10795,BDX,2015,211816526.0,2015-12-31,10-Q,1.3037999999999998,276166386.59879994
10795,BDX,2016,212825085.0,2016-12-31,10-Q,1.3037999999999998,277481345.82299995
10795,BDX,2017,266242472.0,2017-12-31,10-Q,1.3037999999999998,347126934.99359995
10795,BDX,2018,269063379.0,2018-12-31,10-Q,1.3037999999999998,350804833.54019994
10795,BDX,2019,271173148.0,2019-12-31,10-Q,1.3037999999999998,353555550.36239994
10795,BDX,2020,290559991.0,2020-12-31,10-Q,1.3037999999999998,378832116.26579994
10795,BDX,2021,284771077.0,2021-12-31,10-Q,1.3037999999999998,371284530.19259995
10795,BDX,2022,283901642.0,2022-12-31,10-Q,1.272,361122888.624
10795,BDX,2023,288902232.0,2023-12-31,10-Q,1.272,367483639.10400003
10795,BDX,2024,287135421.0,2024-12-31,10-Q,1.272,365236255.512
10795,BDX,2025,284741809.0,2025-12-31,10-Q,1.272,362191581.048
10795,BDX,2026,272386800.0,2026-06-30,10-Q,1.0,272386800.0
11544,WRB,2014,125810616.0,2015-02-23,10-K,3.375,424610829.0
11544,WRB,2015,121213179.0,2016-02-17,10-K,3.375,409094479.125
11544,WRB,2016,121371880.0,2016-11-02,10-Q,3.375,409630095.0
11544,WRB,2017,121542004.0,2018-02-20,10-K,3.375,410204263.5
11544,WRB,2018,122013621.0,2019-02-19,10-K,3.375,411795970.875
11544,WRB,2019,183421709.0,2020-02-18,10-K,2.25,412698845.25
11544,WRB,2020,177361868.0,2021-02-11,10-K,2.25,399064203.0
11544,WRB,2021,176790914.0,2022-02-17,10-K,2.25,397779556.5
11544,WRB,2022,263446321.0,2023-02-15,10-K,1.5,395169481.5
11544,WRB,2023,256548669.0,2024-02-15,10-K,1.5,384823003.5
11544,WRB,2024,379226056.0,2025-02-13,10-K,1.0,379226056.0
11544,WRB,2025,374490856.0,2026-02-23,10-K,1.0,374490856.0
11544,WRB,2026,371227529.0,2026-07-27,10-Q,1.0,371227529.0
12927,BA,2014,704387613.0,2015-02-05,10-K,1.0,704387613.0
12927,BA,2015,662503822.0,2016-02-04,10-K,1.0,662503822.0
12927,BA,2016,612478643.0,2017-02-01,10-K,1.0,612478643.0
12927,BA,2017,588490313.0,2018-02-05,10-K,1.0,588490313.0
12927,BA,2018,564985109.0,2019-02-01,10-K,1.0,564985109.0
12927,BA,2019,563152208.0,2020-01-24,10-K,1.0,563152208.0
12927,BA,2020,582996860.0,2021-01-25,10-K,1.0,582996860.0
12927,BA,2021,582999765.0,2022-01-24,10-K,1.0,582999765.0
12927,BA,2022,598239585.0,2023-01-20,10-K,1.0,598239585.0
12927,BA,2023,610135205.0,2024-01-24,10-K,1.0,610135205.0
12927,BA,2024,750074411.0,2025-01-27,10-K,1.0,750074411.0
12927,BA,2025,785347096.0,2026-01-23,10-K,1.0,785347096.0
12927,BA,2026,790370020.0,2026-07-21,10-Q,1.0,790370020.0
14272,BMY,2014,1662118446.0,2015-02-02,10-K,1.0,1662118446.0
14272,BMY,2015,1669459090.0,2016-02-01,10-K,1.0,1669459090.0
14272,BMY,2016,1672715340.0,2017-02-01,10-K,1.0,1672715340.0
14272,BMY,2017,1632582502.0,2018-02-01,10-K,1.0,1632582502.0
14272,BMY,2018,1632675877.0,2019-02-01,10-K,1.0,1632675877.0
14272,BMY,2019,2257510796.0,2020-02-03,10-K,1.0,2257510796.0
14272,BMY,2020,2240475153.0,2021-02-01,10-K,1.0,2240475153.0
14272,BMY,2021,2179712820.0,2022-02-01,10-K,1.0,2179712820.0
14272,BMY,2022,2098775978.0,2023-02-07,10-K,1.0,2098775978.0
14272,BMY,2023,2022193411.0,2024-02-06,10-K,1.0,2022193411.0
14272,BMY,2024,2029312023.0,2025-02-06,10-K,1.0,2029312023.0
14272,BMY,2025,2036473705.0,2026-02-04,10-K,1.0,2036473705.0
14272,BMY,2026,2042714656.0,2026-07-22,10-Q,1.0,2042714656.0
18230,CAT,2014,606166559.0,2014-12-31,10-K,1.0,606166559.0
18230,CAT,2015,582321890.0,2015-12-31,10-K,1.0,582321890.0
18230,CAT,2016,586486024.0,2016-12-31,10-K,1.0,586486024.0
18230,CAT,2017,597625772.0,2017-12-31,10-K,1.0,597625772.0
18230,CAT,2018,575542738.0,2018-12-31,10-K,1.0,575542738.0
18230,CAT,2019,550082610.0,2019-12-31,10-K,1.0,550082610.0
18230,CAT,2020,545303847.0,2020-12-31,10-K,1.0,545303847.0
18230,CAT,2021,535888051.0,2021-12-31,10-K,1.0,535888051.0
18230,CAT,2022,516345490.0,2022-12-31,10-K,1.0,516345490.0
18230,CAT,2023,499377269.0,2023-12-31,10-K,1.0,499377269.0
18230,CAT,2024,477932024.0,2024-12-31,10-K,1.0,477932024.0
18230,CAT,2025,465287332.0,2025-12-31,10-K,1.0,465287332.0
18230,CAT,2026,459674889.0,2026-06-30,10-Q,1.0,459674889.0
19617,JPM,2014,3728312555.0,2015-01-31,10-K,1.0,3728312555.0
19617,JPM,2015,3670264897.0,2016-01-31,10-K,1.0,3670264897.0
19617,JPM,2016,3571963160.0,2017-01-31,10-K,1.0,3571963160.0
19617,JPM,2017,3431958491.0,2018-01-31,10-K,1.0,3431958491.0
19617,JPM,2018,3274241726.0,2019-01-31,10-K,1.0,3274241726.0
19617,JPM,2019,3073976616.0,2020-01-31,10-K,1.0,3073976616.0
19617,JPM,2020,3051506436.0,2021-01-31,10-K,1.0,3051506436.0
19617,JPM,2021,2952808970.0,2022-01-31,10-K,1.0,2952808970.0
19617,JPM,2022,2943355459.0,2023-01-31,10-K,1.0,2943355459.0
19617,JPM,2023,2880371498.0,2024-01-31,10-K,1.0,2880371498.0
19617,JPM,2024,2796106099.0,2025-01-31,10-K,1.0,2796106099.0
19617,JPM,2025,2697032375.0,2026-01-31,10-K,1.0,2697032375.0
19617,JPM,2026,2658186195.0,2026-06-30,10-Q,1.0,2658186195.0
20286,CINF,2014,164166327.0,2015-02-20,10-K,1.0,164166327.0
20286,CINF,2015,164339638.0,2016-02-19,10-K,1.0,164339638.0
20286,CINF,2016,164717550.0,2017-02-20,10-K,1.0,164717550.0
20286,CINF,2017,163988318.0,2018-02-19,10-K,1.0,163988318.0
20286,CINF,2018,162937899.0,2019-02-18,10-K,1.0,162937899.0
20286,CINF,2019,162686260.0,2020-02-18,10-K,1.0,162686260.0
20286,CINF,2020,161201922.0,2021-02-19,10-K,1.0,161201922.0
20286,CINF,2021,160433769.0,2022-02-15,10-K,1.0,160433769.0
20286,CINF,2022,157240556.0,2023-02-15,10-K,1.0,157240556.0
20286,CINF,2023,156665018.0,2024-02-16,10-K,1.0,156665018.0
20286,CINF,2024,156523953.0,2025-02-14,10-K,1.0,156523953.0
20286,CINF,2025,155617576.0,2026-02-17,10-K,1.0,155617576.0
20286,CINF,2026,153478045.0,2026-07-22,10-Q,1.0,153478045.0
21076,CLX,2014,131177785.0,2015-01-31,10-Q,1.0,131177785.0
21076,CLX,2015,129445561.0,2016-01-21,10-Q,1.0,129445561.0
21076,CLX,2016,128265855.0,2017-01-20,10-Q,1.0,128265855.0
21076,CLX,2017,129403990.0,2018-01-19,10-Q,1.0,129403990.0
21076,CLX,2018,128164289.0,2019-01-18,10-Q,1.0,128164289.0
21076,CLX,2019,125099598.0,2020-01-21,10-Q,1.0,125099598.0
21076,CLX,2020,125791273.0,2021-01-21,10-Q,1.0,125791273.0
21076,CLX,2021,123057857.0,2022-01-20,10-Q,1.0,123057857.0
21076,CLX,2022,123524928.0,2023-01-19,10-Q,1.0,123524928.0
21076,CLX,2023,124106333.0,2024-01-18,10-Q,1.0,124106333.0
21076,CLX,2024,123189867.0,2025-01-17,10-Q,1.0,123189867.0
21076,CLX,2025,120911863.0,2026-01-20,10-Q,1.0,120911863.0
21076,CLX,2026,120921351.0,2026-04-16,10-Q,1.0,120921351.0
21344,KO,2014,4366243616.0,2015-02-23,10-K,1.0,4366243616.0
21344,KO,2015,4329497778.0,2016-02-22,10-K,1.0,4329497778.0
21344,KO,2016,4293461702.0,2017-02-20,10-K,1.0,4293461702.0
21344,KO,2017,4265906533.0,2018-02-16,10-K,1.0,4265906533.0
21344,KO,2018,4275340031.0,2019-02-15,10-K,1.0,4275340031.0
21344,KO,2019,4290276067.0,2020-02-19,10-K,1.0,4290276067.0
21344,KO,2020,4309311676.0,2021-02-22,10-K,1.0,4309311676.0
21344,KO,2021,4335473308.0,2022-02-18,10-K,1.0,4335473308.0
21344,KO,2022,4326691783.0,2023-02-17,10-K,1.0,4326691783.0
21344,KO,2023,4312456168.0,2024-02-16,10-K,1.0,4312456168.0
21344,KO,2024,4301000395.0,2025-02-18,10-K,1.0,4301000395.0
21344,KO,2025,4300723069.0,2026-02-18,10-K,1.0,4300723069.0
21344,KO,2026,4302482418.0,2026-04-28,10-Q,1.0,4302482418.0
21665,CL,2014,907081762.0,2015-01-31,10-K,1.0,907081762.0
21665,CL,2015,892738516.0,2016-01-31,10-K,1.0,892738516.0
21665,CL,2016,882856721.0,2017-01-31,10-K,1.0,882856721.0
21665,CL,2017,875326736.0,2018-01-31,10-K/A,1.0,875326736.0
21665,CL,2018,861676494.0,2019-01-31,10-K,1.0,861676494.0
21665,CL,2019,855029777.0,2020-01-31,10-K,1.0,855029777.0
21665,CL,2020,848562678.0,2021-01-31,10-K,1.0,848562678.0
21665,CL,2021,840487222.0,2022-01-31,10-K,1.0,840487222.0
21665,CL,2022,830378790.0,2023-01-31,10-K,1.0,830378790.0
21665,CL,2023,823150919.0,2024-01-31,10-K,1.0,823150919.0
21665,CL,2024,811536437.0,2025-01-31,10-K,1.0,811536437.0
21665,CL,2025,801548028.0,2026-01-31,10-K,1.0,801548028.0
21665,CL,2026,797172829.0,2026-06-30,10-Q,1.0,797172829.0
24741,GLW,2014,1271340532.0,2015-01-30,10-K,1.0,1271340532.0
24741,GLW,2015,1112837205.0,2016-01-31,10-K,1.0,1112837205.0
24741,GLW,2016,928093508.0,2017-01-31,10-K,1.0,928093508.0
24741,GLW,2017,857453098.0,2018-01-31,10-K,1.0,857453098.0
24741,GLW,2018,786761073.0,2019-01-31,10-K,1.0,786761073.0
24741,GLW,2019,763628266.0,2020-02-10,10-K,1.0,763628266.0
24741,GLW,2020,768367889.0,2021-01-31,10-K,1.0,768367889.0
24741,GLW,2021,845849498.0,2022-01-31,10-K,1.0,845849498.0
24741,GLW,2022,846563422.0,2023-01-31,10-K,1.0,846563422.0
24741,GLW,2023,853474317.0,2024-01-31,10-K,1.0,853474317.0
24741,GLW,2024,856564001.0,2025-01-31,10-K,1.0,856564001.0
24741,GLW,2025,857948109.0,2026-01-30,10-K,1.0,857948109.0
24741,GLW,2026,861388331.0,2026-07-24,10-Q,1.0,861388331.0
26172,CMI,2014,181945783.0,2015-01-30,10-K,1.0,181945783.0
26172,CMI,2015,174320797.0,2016-02-05,10-K,1.0,174320797.0
26172,CMI,2016,168155330.0,2017-02-03,10-K,1.0,168155330.0
26172,CMI,2017,165683334.0,2018-02-02,10-K,1.0,165683334.0
26172,CMI,2018,157338874.0,2019-02-01,10-K,1.0,157338874.0
26172,CMI,2019,150269665.0,2020-01-31,10-K,1.0,150269665.0
26172,CMI,2020,147657584.0,2020-12-31,10-K,1.0,147657584.0
26172,CMI,2021,142426735.0,2021-12-31,10-K,1.0,142426735.0
26172,CMI,2022,141375256.0,2023-01-31,10-K,1.0,141375256.0
26172,CMI,2023,141856847.0,2024-01-31,10-K,1.0,141856847.0
26172,CMI,2024,137481164.0,2025-01-31,10-K,1.0,137481164.0
26172,CMI,2025,138165463.0,2026-01-31,10-K,1.0,138165463.0
26172,CMI,2026,137664487.0,2026-06-30,10-Q,1.0,137664487.0
27419,TGT,2014,636964385.0,2014-11-21,10-Q,1.0,636964385.0
27419,TGT,2015,616051610.0,2015-11-19,10-Q,1.0,616051610.0
27419,TGT,2016,561695464.0,2016-11-17,10-Q,1.0,561695464.0
27419,TGT,2017,543572649.0,2017-11-14,10-Q,1.0,543572649.0
27419,TGT,2018,521833603.0,2018-11-21,10-Q,1.0,521833603.0
27419,TGT,2019,506737121.0,2019-11-22,10-Q,1.0,506737121.0
27419,TGT,2020,500773141.0,2020-11-20,10-Q,1.0,500773141.0
27419,TGT,2021,479123918.0,2021-11-19,10-Q,1.0,479123918.0
27419,TGT,2022,460310088.0,2022-11-18,10-Q,1.0,460310088.0
27419,TGT,2023,461661800.0,2023-11-17,10-Q,1.0,461661800.0
27419,TGT,2024,458211929.0,2024-11-21,10-Q,1.0,458211929.0
27419,TGT,2025,452806418.0,2025-11-19,10-Q,1.0,452806418.0
27419,TGT,2026,454296736.0,2026-08-21,10-Q,1.0,454296736.0
27904,DAL,2014,824271663.0,2015-01-31,10-K,1.0,824271663.0
27904,DAL,2015,778508621.0,2016-01-31,10-K,1.0,778508621.0
27904,DAL,2016,730770638.0,2017-01-31,10-K,1.0,730770638.0
27904,DAL,2017,706913358.0,2018-01-31,10-K,1.0,706913358.0
27904,DAL,2018,678950098.0,2019-01-31,10-K,1.0,678950098.0
27904,DAL,2019,640093995.0,2020-01-31,10-K,1.0,640093995.0
27904,DAL,2020,638146665.0,2021-01-31,10-K,1.0,638146665.0
27904,DAL,2021,639929760.0,2022-01-31,10-K,1.0,639929760.0
27904,DAL,2022,641238655.0,2023-01-31,10-K,1.0,641238655.0
27904,DAL,2023,643323851.0,2024-01-31,10-K,1.0,643323851.0
27904,DAL,2024,645962006.0,2025-01-31,10-K,1.0,645962006.0
27904,DAL,2025,653130708.0,2026-01-31,10-K,1.0,653130708.0
27904,DAL,2026,657623030.0,2026-06-30,10-Q,1.0,657623030.0
29534,DG,2014,303425920.0,2014-11-28,10-Q,1.0,303425920.0
29534,DG,2015,290934510.0,2015-11-27,10-Q,1.0,290934510.0
29534,DG,2016,276264260.0,2016-11-28,10-Q,1.0,276264260.0
29534,DG,2017,271563597.0,2017-12-01,10-Q,1.0,271563597.0
29534,DG,2018,262884331.0,2018-11-30,10-Q,1.0,262884331.0
29534,DG,2019,254600137.0,2019-11-29,10-Q,1.0,254600137.0
29534,DG,2020,245000903.0,2020-11-27,10-Q,1.0,245000903.0
29534,DG,2021,231706504.0,2021-11-26,10-Q,1.0,231706504.0
29534,DG,2022,223574799.0,2022-11-25,10-Q,1.0,223574799.0
29534,DG,2023,219497254.0,2023-11-30,10-Q,1.0,219497254.0
29534,DG,2024,219925670.0,2024-11-29,10-Q,1.0,219925670.0
29534,DG,2025,220118871.0,2025-12-02,10-Q,1.0,220118871.0
29534,DG,2026,220616790.0,2026-08-25,10-Q,1.0,220616790.0
29905,DOV,2014,163045137.0,2015-02-06,10-K,1.238,201849879.606
29905,DOV,2015,155009407.0,2016-01-29,10-K,1.238,191901645.866
29905,DOV,2016,155502313.0,2017-01-27,10-K,1.238,192511863.494
29905,DOV,2017,154424436.0,2018-01-26,10-K/A,1.238,191177451.768
29905,DOV,2018,144940620.0,2019-02-01,10-K,1.0,144940620.0
29905,DOV,2019,144328014.0,2020-02-04,10-K,1.0,144328014.0
29905,DOV,2020,143649247.0,2021-02-02,10-K,1.0,143649247.0
29905,DOV,2021,144054607.0,2022-02-01,10-K,1.0,144054607.0
29905,DOV,2022,139713200.0,2023-01-31,10-K,1.0,139713200.0
29905,DOV,2023,139896670.0,2024-01-29,10-K,1.0,139896670.0
29905,DOV,2024,137225409.0,2025-02-03,10-K,1.0,137225409.0
29905,DOV,2025,134866626.0,2026-02-02,10-K,1.0,134866626.0
29905,DOV,2026,134680225.0,2026-07-17,10-Q,1.0,134680225.0
29989,OMC,2014,246720508.0,2015-01-30,10-K,1.0,246720508.0
29989,OMC,2015,239590579.0,2016-01-27,10-K,1.0,239590579.0
29989,OMC,2016,234530246.0,2017-01-25,10-K,1.0,234530246.0
29989,OMC,2017,230267646.0,2018-01-31,10-K,1.0,230267646.0
29989,OMC,2018,223690798.0,2019-01-31,10-K,1.0,223690798.0
29989,OMC,2019,216867679.0,2020-01-30,10-K,1.0,216867679.0
29989,OMC,2020,215014390.0,2021-02-11,10-K,1.0,215014390.0
29989,OMC,2021,208992475.0,2022-02-01,10-K,1.0,208992475.0
29989,OMC,2022,202713338.0,2023-02-01,10-K,1.0,202713338.0
29989,OMC,2023,197992717.0,2024-02-01,10-K,1.0,197992717.0
29989,OMC,2024,196490662.0,2025-01-30,10-K,1.0,196490662.0
29989,OMC,2025,310336344.0,2026-01-30,10-K,1.0,310336344.0
29989,OMC,2026,285006196.0,2026-04-22,10-Q,1.0,285006196.0
31462,ECL,2014,299250034.0,2015-01-31,10-K,1.0,299250034.0
31462,ECL,2015,296001857.0,2016-01-29,10-K,1.0,296001857.0
31462,ECL,2016,291718512.0,2017-01-31,10-K,1.0,291718512.0
31462,ECL,2017,288858441.0,2018-01-31,10-K,1.0,288858441.0
31462,ECL,2018,287853232.0,2019-01-31,10-K,1.0,287853232.0
31462,ECL,2019,288166440.0,2020-01-31,10-K,1.0,288166440.0
31462,ECL,2020,285849956.0,2021-01-29,10-K,1.0,285849956.0
31462,ECL,2021,286751531.0,2022-01-31,10-K,1.0,286751531.0
31462,ECL,2022,284462087.0,2023-01-31,10-K,1.0,284462087.0
31462,ECL,2023,285513155.0,2024-01-31,10-K,1.0,285513155.0
31462,ECL,2024,282997058.0,2025-01-31,10-K,1.0,282997058.0
31462,ECL,2025,281969448.0,2026-01-30,10-K,1.0,281969448.0
31462,ECL,2026,280328603.0,2026-06-30,10-Q,1.0,280328603.0
31791,RVTY,2014,113026313.0,2015-02-19,10-K,1.0,113026313.0
31791,RVTY,2015,109789094.0,2016-02-25,10-K,1.0,109789094.0
31791,RVTY,2016,109787006.0,2017-02-24,10-K,1.0,109787006.0
31791,RVTY,2017,110504347.0,2018-02-23,10-K,1.0,110504347.0
31791,RVTY,2018,110800020.0,2019-02-22,10-K,1.0,110800020.0
31791,RVTY,2019,111303859.0,2020-02-21,10-K,1.0,111303859.0
31791,RVTY,2020,112061794.0,2021-02-26,10-K,1.0,112061794.0
31791,RVTY,2021,126183492.0,2022-02-25,10-K,1.0,126183492.0
31791,RVTY,2022,126411985.0,2023-02-24,10-K,1.0,126411985.0
31791,RVTY,2023,123529821.0,2024-02-23,10-K,1.0,123529821.0
31791,RVTY,2024,120187286.0,2025-02-21,10-K,1.0,120187286.0
31791,RVTY,2025,111799374.0,2026-02-20,10-K,1.0,111799374.0
31791,RVTY,2026,111586401.0,2026-08-06,10-Q,1.0,111586401.0
32604,EMR,2014,685201890.0,2015-01-31,10-Q,1.0,685201890.0
32604,EMR,2015,643115792.0,2016-01-31,10-Q,1.0,643115792.0
32604,EMR,2016,645064675.0,2017-01-31,10-Q,1.0,645064675.0
32604,EMR,2017,634837581.0,2018-01-31,10-Q,1.0,634837581.0
32604,EMR,2018,614619859.0,2019-01-31,10-Q,1.0,614619859.0
32604,EMR,2019,611841054.0,2020-01-31,10-Q,1.0,611841054.0
32604,EMR,2020,600029672.0,2021-01-31,10-Q,1.0,600029672.0
32604,EMR,2021,594000000.0,2021-12-31,10-Q,1.0,594000000.0
32604,EMR,2022,571400000.0,2022-12-31,10-Q,1.0,571400000.0
32604,EMR,2023,571700000.0,2023-12-31,10-Q,1.0,571700000.0
32604,EMR,2024,563900000.0,2024-12-31,10-Q,1.0,563900000.0
32604,EMR,2025,562000000.0,2025-12-31,10-Q,1.0,562000000.0
32604,EMR,2026,557800000.0,2026-06-30,10-Q,1.0,557800000.0
33185,EFX,2014,119486858.0,2015-01-31,10-K,1.0,119486858.0
33185,EFX,2015,118706565.0,2016-01-31,10-K,1.0,118706565.0
33185,EFX,2016,119853740.0,2017-01-31,10-K,1.0,119853740.0
33185,EFX,2017,120123872.0,2018-01-31,10-K,1.0,120123872.0
33185,EFX,2018,120699888.0,2019-01-31,10-K,1.0,120699888.0
33185,EFX,2019,121235722.0,2020-01-31,10-K,1.0,121235722.0
33185,EFX,2020,121788082.0,2021-01-29,10-K,1.0,121788082.0
33185,EFX,2021,122084603.0,2022-01-31,10-K,1.0,122084603.0
33185,EFX,2022,122488001.0,2023-01-31,10-K,1.0,122488001.0
33185,EFX,2023,123956391.0,2024-01-31,10-K,1.0,123956391.0
33185,EFX,2024,124023838.0,2025-01-31,10-K,1.0,124023838.0
33185,EFX,2025,120269998.0,2026-01-30,10-K,1.0,120269998.0
33185,EFX,2026,117484896.0,2026-07-10,10-Q,1.0,117484896.0
33213,EQT,2014,151602000.0,2015-01-31,10-K,1.837,278492874.0
33213,EQT,2015,152568000.0,2016-01-31,10-K,1.837,280267416.0
33213,EQT,2016,172838000.0,2017-01-31,10-K,1.837,317503406.0
33213,EQT,2017,264473000.0,2018-01-31,10-K,1.837,485836901.0
33213,EQT,2018,254762000.0,2019-01-31,10-K,1.0,254762000.0
33213,EQT,2019,255454000.0,2020-02-18,10-K,1.0,255454000.0
33213,EQT,2020,278854465.0,2021-02-12,10-K,1.0,278854465.0
33213,EQT,2021,376023250.0,2022-02-04,10-K,1.0,376023250.0
33213,EQT,2022,360360130.0,2023-02-10,10-K,1.0,360360130.0
33213,EQT,2023,440427000.0,2024-02-09,10-K,1.0,440427000.0
33213,EQT,2024,597441000.0,2025-02-14,10-K,1.0,597441000.0
33213,EQT,2025,624274000.0,2026-02-11,10-K,1.0,624274000.0
33213,EQT,2026,625516000.0,2026-07-14,10-Q,1.0,625516000.0
34903,FRT,2014,68664043.0,2015-02-06,10-K,1.0,68664043.0
34903,FRT,2015,69669864.0,2016-02-05,10-K,1.0,69669864.0
34903,FRT,2016,72105659.0,2017-02-08,10-K,1.0,72105659.0
34903,FRT,2017,73192726.0,2018-02-08,10-K,1.0,73192726.0
34903,FRT,2018,74365801.0,2019-02-08,10-K,1.0,74365801.0
34903,FRT,2019,75651842.0,2020-02-05,10-K,1.0,75651842.0
34903,FRT,2020,76747943.0,2021-02-08,10-K,1.0,76747943.0
34903,FRT,2021,78616815.0,2022-02-07,10-K,1.0,78616815.0
34903,FRT,2022,81353180.0,2023-02-03,10-K,1.0,81353180.0
34903,FRT,2023,82989879.0,2024-02-07,10-K,1.0,82989879.0
34903,FRT,2024,85680614.0,2025-02-10,10-K,1.0,85680614.0
34903,FRT,2025,86276033.0,2026-02-09,10-K,1.0,86276033.0
34903,FRT,2026,86389197.0,2026-04-28,10-Q,1.0,86389197.0
35527,FITB,2014,814765191.0,2015-01-31,10-K,1.0,814765191.0
35527,FITB,2015,783231128.0,2016-01-31,10-K,1.0,783231128.0
35527,FITB,2016,750864896.0,2017-01-31,10-K,1.0,750864896.0
35527,FITB,2017,694212973.0,2018-01-31,10-K,1.0,694212973.0
35527,FITB,2018,647259351.0,2019-01-31,10-K,1.0,647259351.0
35527,FITB,2019,709552415.0,2020-01-31,10-K,1.0,709552415.0
35527,FITB,2020,708697950.0,2021-01-31,10-K,1.0,708697950.0
35527,FITB,2021,683679363.0,2022-01-31,10-K,1.0,683679363.0
35527,FITB,2022,678585140.0,2023-01-31,10-K,1.0,678585140.0
35527,FITB,2023,681221886.0,2024-01-31,10-K,1.0,681221886.0
35527,FITB,2024,665618316.0,2025-01-31,10-K,1.0,665618316.0
35527,FITB,2025,901819022.0,2026-02-01,10-K,1.0,901819022.0
35527,FITB,2026,906892564.0,2026-07-31,10-Q,1.0,906892564.0
36104,USB,2014,1781189381.0,2015-01-31,10-K,1.0,1781189381.0
36104,USB,2015,1737315684.0,2016-01-31,10-K,1.0,1737315684.0
36104,USB,2016,1694070891.0,2017-01-31,10-K,1.0,1694070891.0
36104,USB,2017,1651901674.0,2018-01-31,10-K,1.0,1651901674.0
36104,USB,2018,1600622211.0,2019-01-31,10-K,1.0,1600622211.0
36104,USB,2019,1522494686.0,2020-01-31,10-K,1.0,1522494686.0
36104,USB,2020,1502136131.0,2021-01-31,10-K,1.0,1502136131.0
36104,USB,2021,1483901767.0,2022-01-31,10-K,1.0,1483901767.0
36104,USB,2022,1531119852.0,2023-01-31,10-K,1.0,1531119852.0
36104,USB,2023,1558133431.0,2024-01-31,10-K,1.0,1558133431.0
36104,USB,2024,1559887453.0,2025-01-31,10-K,1.0,1559887453.0
36104,USB,2025,1553695799.0,2026-01-31,10-K,1.0,1553695799.0
36104,USB,2026,1558051446.0,2026-07-31,10-Q,1.0,1558051446.0
36270,MTB,2014,132912535.0,2015-02-13,10-K,1.0,132912535.0
36270,MTB,2015,159094858.0,2016-02-12,10-K,1.0,159094858.0
36270,MTB,2016,154172084.0,2017-02-17,10-K,1.0,154172084.0
36270,MTB,2017,150176904.0,2018-01-31,10-K,1.0,150176904.0
36270,MTB,2018,138526278.0,2019-01-31,10-K,1.0,138526278.0
36270,MTB,2019,130436633.0,2020-01-31,10-K,1.0,130436633.0
36270,MTB,2020,128636592.0,2021-02-19,10-K,1.0,128636592.0
36270,MTB,2021,129034484.0,2022-02-11,10-K,1.0,129034484.0
36270,MTB,2022,167792740.0,2023-02-17,10-K,1.0,167792740.0
36270,MTB,2023,166624291.0,2024-02-16,10-K,1.0,166624291.0
36270,MTB,2024,164333454.0,2025-02-14,10-K,1.0,164333454.0
36270,MTB,2025,149000252.0,2026-02-13,10-K,1.0,149000252.0
36270,MTB,2026,144416262.0,2026-07-31,10-Q,1.0,144416262.0
38777,BEN,2014,621826792.0,2015-01-23,10-Q,1.0,621826792.0
38777,BEN,2015,592645982.0,2016-01-27,10-Q,1.0,592645982.0
38777,BEN,2016,565321260.0,2017-01-20,10-Q,1.0,565321260.0
38777,BEN,2017,551703549.0,2018-01-23,10-Q,1.0,551703549.0
38777,BEN,2018,509510446.0,2019-01-23,10-Q,1.0,509510446.0
38777,BEN,2019,496897552.0,2020-01-22,10-Q,1.0,496897552.0
38777,BEN,2020,505403752.0,2021-01-26,10-Q,1.0,505403752.0
38777,BEN,2021,502124386.0,2022-01-25,10-Q,1.0,502124386.0
38777,BEN,2022,500357847.0,2023-01-23,10-Q,1.0,500357847.0
38777,BEN,2023,526557923.0,2024-01-22,10-Q,1.0,526557923.0
38777,BEN,2024,525397977.0,2025-01-23,10-Q,1.0,525397977.0
38777,BEN,2025,520763448.0,2026-01-22,10-Q,1.0,520763448.0
38777,BEN,2026,508076910.0,2026-07-22,10-Q,1.0,508076910.0
40533,GD,2014,331704599.0,2015-02-01,10-K,1.0,331704599.0
40533,GD,2015,311161810.0,2016-01-31,10-K,1.0,311161810.0
40533,GD,2016,302742234.0,2017-01-29,10-K,1.0,302742234.0
40533,GD,2017,296933621.0,2018-01-28,10-K,1.0,296933621.0
40533,GD,2018,288235928.0,2019-01-27,10-K,1.0,288235928.0
40533,GD,2019,289627333.0,2020-01-26,10-K,1.0,289627333.0
40533,GD,2020,286264679.0,2021-01-31,10-K,1.0,286264679.0
40533,GD,2021,277697967.0,2022-01-30,10-K,1.0,277697967.0
40533,GD,2022,274430054.0,2023-01-29,10-K,1.0,274430054.0
40533,GD,2023,273980202.0,2024-01-28,10-K,1.0,273980202.0
40533,GD,2024,270350795.0,2025-01-26,10-K,1.0,270350795.0
40533,GD,2025,270389759.0,2025-12-31,10-K,1.0,270389759.0
40533,GD,2026,270430187.0,2026-04-05,10-Q,1.0,270430187.0
40545,GE,2014,10064909484.0,2014-12-31,10-K,0.20866208999999997,2100165048.5922613
40545,GE,2015,9330607330.0,2016-01-31,10-K,0.20866208999999997,1946944026.4471195
40545,GE,2016,8742614000.0,2016-12-31,10-K,0.20866208999999997,1824252109.3032596
40545,GE,2017,8682576000.0,2018-01-31,10-K,0.20866208999999997,1811724454.7438397
40545,GE,2018,8705080100.0,2019-01-31,10-K,0.20866208999999997,1816420207.2834086
40545,GE,2019,8740232000.0,2020-01-31,10-K,0.20063662499999996,1753610650.1969995
40545,GE,2020,8767942000.0,2021-01-31,10-K,0.20063662499999996,1759170291.0757496
40545,GE,2021,1099321882.0,2022-01-31,10-K,1.6050929999999997,1764513857.5450256
40545,GE,2022,1089286553.0,2023-01-31,10-K,1.253,1364876050.909
40545,GE,2023,1088334304.0,2024-01-15,10-K,1.253,1363682882.912
40545,GE,2024,1073290505.0,2025-01-15,10-K,1.0,1073290505.0
40545,GE,2025,1048813612.0,2026-01-15,10-K,1.0,1048813612.0
40545,GE,2026,1037562513.0,2026-06-30,10-Q,1.0,1037562513.0
40704,GIS,2014,603747687.0,2014-12-05,10-Q,1.0,603747687.0
40704,GIS,2015,593345187.0,2015-12-09,10-Q,1.0,593345187.0
40704,GIS,2016,580011272.0,2016-12-13,10-Q,1.0,580011272.0
40704,GIS,2017,569043789.0,2017-12-11,10-Q,1.0,569043789.0
40704,GIS,2018,596748917.0,2018-12-07,10-Q,1.0,596748917.0
40704,GIS,2019,604816813.0,2019-12-10,10-Q,1.0,604816813.0
40704,GIS,2020,611436598.0,2020-12-10,10-Q,1.0,611436598.0
40704,GIS,2021,603206700.0,2021-12-14,10-Q,1.0,603206700.0
40704,GIS,2022,589610717.0,2022-12-13,10-Q,1.0,589610717.0
40704,GIS,2023,567890100.0,2023-12-13,10-Q,1.0,567890100.0
40704,GIS,2024,551231250.0,2024-12-11,10-Q,1.0,551231250.0
40704,GIS,2025,533582081.0,2025-12-10,10-Q,1.0,533582081.0
40704,GIS,2026,533708396.0,2026-06-15,10-K,1.0,533708396.0
40987,GPC,2014,152699446.0,2015-02-17,10-K,1.0,152699446.0
40987,GPC,2015,149515598.0,2016-02-16,10-K,1.0,149515598.0
40987,GPC,2016,148378606.0,2017-02-14,10-K,1.0,148378606.0
40987,GPC,2017,146734604.0,2018-02-13,10-K,1.0,146734604.0
40987,GPC,2018,145943765.0,2019-02-13,10-K,1.0,145943765.0
40987,GPC,2019,145381623.0,2020-02-18,10-K,1.0,145381623.0
40987,GPC,2020,144404012.0,2021-02-15,10-K,1.0,144404012.0
40987,GPC,2021,141963257.0,2022-02-14,10-K,1.0,141963257.0
40987,GPC,2022,140807089.0,2023-02-20,10-K,1.0,140807089.0
40987,GPC,2023,139423152.0,2024-02-19,10-K,1.0,139423152.0
40987,GPC,2024,138782030.0,2025-02-18,10-K,1.0,138782030.0
40987,GPC,2025,137622108.0,2026-02-17,10-K,1.0,137622108.0
40987,GPC,2026,137859758.0,2026-07-17,10-Q,1.0,137859758.0
45012,HAL,2014,849671830.0,2015-02-17,10-K,1.0,849671830.0
45012,HAL,2015,858342017.0,2016-01-29,10-K,1.0,858342017.0
45012,HAL,2016,866933212.0,2017-01-31,10-K,1.0,866933212.0
45012,HAL,2017,874909834.0,2018-02-02,10-K,1.0,874909834.0
45012,HAL,2018,872542842.0,2019-02-08,10-K,1.0,872542842.0
45012,HAL,2019,879911447.0,2020-02-07,10-K,1.0,879911447.0
45012,HAL,2020,888632775.0,2021-01-29,10-K,1.0,888632775.0
45012,HAL,2021,898571517.0,2022-01-28,10-K,1.0,898571517.0
45012,HAL,2022,904081200.0,2023-01-31,10-K,1.0,904081200.0
45012,HAL,2023,890101601.0,2024-01-30,10-K,1.0,890101601.0
45012,HAL,2024,868091623.0,2025-02-05,10-K,1.0,868091623.0
45012,HAL,2025,837548345.0,2026-01-30,10-K,1.0,837548345.0
45012,HAL,2026,833130367.0,2026-07-17,10-Q,1.0,833130367.0
46080,HAS,2014,124311655.0,2015-02-10,10-K,1.0,124311655.0
46080,HAS,2015,124795430.0,2016-02-08,10-K,1.0,124795430.0
46080,HAS,2016,124297758.0,2017-02-06,10-K,1.0,124297758.0
46080,HAS,2017,124177681.0,2018-02-07,10-K,1.0,124177681.0
46080,HAS,2018,125842470.0,2019-02-08,10-K,1.0,125842470.0
46080,HAS,2019,136876923.0,2020-02-11,10-K,1.0,136876923.0
46080,HAS,2020,137351697.0,2021-02-08,10-K,1.0,137351697.0
46080,HAS,2021,138959768.0,2022-02-07,10-K,1.0,138959768.0
46080,HAS,2022,138219857.0,2023-02-16,10-K,1.0,138219857.0
46080,HAS,2023,138791480.0,2024-02-13,10-K,1.0,138791480.0
46080,HAS,2024,139531311.0,2025-02-14,10-K,1.0,139531311.0
46080,HAS,2025,140685758.0,2026-02-13,10-K,1.0,140685758.0
46080,HAS,2026,141044467.0,2026-07-20,10-Q,1.0,141044467.0
47217,HPQ,2014,1817558730.0,2015-02-28,10-Q,2.202,4002264323.46
47217,HPQ,2015,1736936115.0,2016-01-31,10-Q,1.0,1736936115.0
47217,HPQ,2016,1693380110.0,2017-01-31,10-Q,1.0,1693380110.0
47217,HPQ,2017,1641373766.0,2018-01-31,10-Q,1.0,1641373766.0
47217,HPQ,2018,1539371597.0,2019-01-31,10-Q,1.0,1539371597.0
47217,HPQ,2019,1433345730.0,2020-01-31,10-Q,1.0,1433345730.0
47217,HPQ,2020,1252532782.0,2021-01-31,10-Q,1.0,1252532782.0
47217,HPQ,2021,1060987032.0,2022-01-31,10-Q,1.0,1060987032.0
47217,HPQ,2022,982145796.0,2022-11-30,10-K/A,1.0,982145796.0
47217,HPQ,2023,980731959.0,2024-01-31,10-Q,1.0,980731959.0
47217,HPQ,2024,942703029.0,2025-02-24,10-Q,1.0,942703029.0
47217,HPQ,2025,914550199.0,2026-02-20,10-Q,1.0,914550199.0
47217,HPQ,2026,901790969.0,2026-08-19,10-Q,1.0,901790969.0
48898,HUBB,2015,56736237.0,2016-02-16,10-K,1.0,56736237.0
48898,HUBB,2016,55446167.0,2017-02-10,10-K,1.0,55446167.0
48898,HUBB,2017,54822923.0,2018-02-12,10-K,1.0,54822923.0
48898,HUBB,2018,54601694.0,2019-02-13,10-K,1.0,54601694.0
48898,HUBB,2019,54434310.0,2020-02-12,10-K,1.0,54434310.0
48898,HUBB,2020,54296993.0,2021-02-09,10-K,1.0,54296993.0
48898,HUBB,2021,54409067.0,2022-02-08,10-K,1.0,54409067.0
48898,HUBB,2022,53600592.0,2023-02-03,10-K,1.0,53600592.0
48898,HUBB,2023,53626956.0,2024-02-01,10-K,1.0,53626956.0
48898,HUBB,2024,53667674.0,2025-02-06,10-K,1.0,53667674.0
48898,HUBB,2025,53161602.0,2026-02-05,10-K,1.0,53161602.0
48898,HUBB,2026,52841777.0,2026-04-27,10-Q,1.0,52841777.0
49071,HUM,2014,149607897.0,2015-01-31,10-K,1.0,149607897.0
49071,HUM,2015,148303389.0,2016-01-31,10-K,1.0,148303389.0
49071,HUM,2016,149324101.0,2017-01-31,10-K,1.0,149324101.0
49071,HUM,2017,137684326.0,2018-01-31,10-K,1.0,137684326.0
49071,HUM,2018,135566909.0,2019-01-31,10-K,1.0,135566909.0
49071,HUM,2019,132106497.0,2020-01-31,10-K,1.0,132106497.0
49071,HUM,2020,128861929.0,2021-01-31,10-K,1.0,128861929.0
49071,HUM,2021,126633599.0,2022-01-31,10-K,1.0,126633599.0
49071,HUM,2022,124974862.0,2023-01-31,10-K,1.0,124974862.0
49071,HUM,2023,120653315.0,2024-01-31,10-K,1.0,120653315.0
49071,HUM,2024,120644737.0,2025-01-31,10-K,1.0,120644737.0
49071,HUM,2025,120595967.0,2026-01-31,10-K,1.0,120595967.0
49071,HUM,2026,120061500.0,2026-03-31,10-Q,1.0,120061500.0
49196,HBAN,2014,810025677.0,2014-12-31,10-K,1.0,810025677.0
49196,HBAN,2015,795025143.0,2016-01-31,10-K,1.0,795025143.0
49196,HBAN,2016,1085887404.0,2017-01-31,10-K,1.0,1085887404.0
49196,HBAN,2017,1072026681.0,2018-01-31,10-K,1.0,1072026681.0
49196,HBAN,2018,1046813306.0,2019-01-31,10-K,1.0,1046813306.0
49196,HBAN,2019,1019194130.0,2019-12-31,10-K,1.0,1019194130.0
49196,HBAN,2020,1017194968.0,2021-01-31,10-K,1.0,1017194968.0
49196,HBAN,2021,1438088216.0,2022-01-31,10-K,1.0,1438088216.0
49196,HBAN,2022,1443016884.0,2023-01-31,10-K,1.0,1443016884.0
49196,HBAN,2023,1448345863.0,2024-01-31,10-K,1.0,1448345863.0
49196,HBAN,2024,1453758267.0,2025-01-31,10-K,1.0,1453758267.0
49196,HBAN,2025,2029792391.0,2026-02-01,10-K,1.0,2029792391.0
49196,HBAN,2026,2027130587.0,2026-03-31,10-Q,1.0,2027130587.0
49826,ITW,2014,379447026.0,2015-01-31,10-K,1.0,379447026.0
49826,ITW,2015,363766897.0,2016-01-31,10-K,1.0,363766897.0
49826,ITW,2016,346550685.0,2017-01-31,10-K,1.0,346550685.0
49826,ITW,2017,341545719.0,2018-01-31,10-K,1.0,341545719.0
49826,ITW,2018,328108383.0,2019-01-31,10-K,1.0,328108383.0
49826,ITW,2019,318864237.0,2020-01-31,10-K,1.0,318864237.0
49826,ITW,2020,316662263.0,2021-01-31,10-K,1.0,316662263.0
49826,ITW,2021,312926939.0,2022-01-31,10-K,1.0,312926939.0
49826,ITW,2022,305068141.0,2023-01-31,10-K,1.0,305068141.0
49826,ITW,2023,298800000.0,2024-01-31,10-K,1.0,298800000.0
49826,ITW,2024,293500000.0,2025-01-31,10-K,1.0,293500000.0
49826,ITW,2025,288200000.0,2026-01-31,10-K,1.0,288200000.0
49826,ITW,2026,284800000.0,2026-06-30,10-Q,1.0,284800000.0
50863,INTC,2014,4736000000.0,2015-02-06,10-K,1.0,4736000000.0
50863,INTC,2015,4724000000.0,2016-02-05,10-K,1.0,4724000000.0
50863,INTC,2016,4728000000.0,2017-02-07,10-K,1.0,4728000000.0
50863,INTC,2017,4668000000.0,2018-02-07,10-K,1.0,4668000000.0
50863,INTC,2018,4497000000.0,2019-01-26,10-K,1.0,4497000000.0
50863,INTC,2019,4277000000.0,2020-01-17,10-K,1.0,4277000000.0
50863,INTC,2020,4063000000.0,2021-01-15,10-K,1.0,4063000000.0
50863,INTC,2021,4072000000.0,2022-01-21,10-K,1.0,4072000000.0
50863,INTC,2022,4137000000.0,2023-01-20,10-K,1.0,4137000000.0
50863,INTC,2023,4228000000.0,2024-01-19,10-K,1.0,4228000000.0
50863,INTC,2024,4330000000.0,2025-01-24,10-K,1.0,4330000000.0
50863,INTC,2025,4995000000.0,2026-01-16,10-K,1.0,4995000000.0
50863,INTC,2026,5044000000.0,2026-07-17,10-Q,1.0,5044000000.0
51143,IBM,2014,988424172.0,2015-02-10,10-K,1.046,1033891683.9120001
51143,IBM,2015,988424172.0,2016-02-10,10-K,1.046,1033891683.9120001
51143,IBM,2016,943212551.0,2017-02-10,10-K,1.046,986600328.3460001
51143,IBM,2017,921167894.0,2018-02-09,10-K,1.046,963541617.1240001
51143,IBM,2018,889866256.0,2019-02-08,10-K,1.046,930800103.776
51143,IBM,2019,888408023.0,2020-02-10,10-K,1.046,929274792.0580001
51143,IBM,2020,893594090.0,2021-02-10,10-K,1.046,934699418.14
51143,IBM,2021,899309986.0,2022-02-11,10-K,1.0,899309986.0
51143,IBM,2022,907105611.0,2023-02-10,10-K,1.0,907105611.0
51143,IBM,2023,916744848.0,2024-02-09,10-K,1.0,916744848.0
51143,IBM,2024,927264332.0,2025-02-10,10-K,1.0,927264332.0
51143,IBM,2025,938034404.0,2026-02-10,10-K,1.0,938034404.0
51143,IBM,2026,942134390.0,2026-06-30,10-Q,1.0,942134390.0
51253,IFF,2014,80742973.0,2015-02-12,10-K,1.0,80742973.0
51253,IFF,2015,79867884.0,2016-02-15,10-K,1.0,79867884.0
51253,IFF,2016,79037680.0,2017-02-15,10-K,1.0,79037680.0
51253,IFF,2017,78927638.0,2018-02-15,10-K,1.0,78927638.0
51253,IFF,2018,106633296.0,2019-02-15,10-K,1.0,106633296.0
51253,IFF,2019,106802194.0,2020-02-26,10-K,1.0,106802194.0
51253,IFF,2020,248726256.0,2021-02-15,10-K,1.0,248726256.0
51253,IFF,2021,254684699.0,2022-02-21,10-K,1.0,254684699.0
51253,IFF,2022,255061711.0,2023-02-21,10-K,1.0,255061711.0
51253,IFF,2023,255314909.0,2024-02-21,10-K,1.0,255314909.0
51253,IFF,2024,255714083.0,2025-02-24,10-K,1.0,255714083.0
51253,IFF,2025,255477487.0,2026-02-20,10-K,1.0,255477487.0
51253,IFF,2026,255149963.0,2026-07-31,10-Q,1.0,255149963.0
51434,IP,2014,422845435.0,2015-02-20,10-K,1.056,446524779.36
51434,IP,2015,411157696.0,2016-02-19,10-K,1.056,434182526.976
51434,IP,2016,411255197.0,2017-02-17,10-K,1.056,434285488.032
51434,IP,2017,412940532.0,2018-02-16,10-K,1.056,436065201.792
51434,IP,2018,400236119.0,2019-02-15,10-K,1.056,422649341.66400003
51434,IP,2019,392124684.0,2020-02-14,10-K,1.056,414083666.304
51434,IP,2020,393117117.0,2020-12-31,10-K,1.056,415131675.55200005
51434,IP,2021,376364434.0,2021-12-31,10-K,1.0,376364434.0
51434,IP,2022,350084361.0,2022-12-31,10-K,1.0,350084361.0
51434,IP,2023,346353824.0,2024-02-09,10-K,1.0,346353824.0
51434,IP,2024,526125614.0,2025-02-14,10-K,1.0,526125614.0
51434,IP,2025,529469427.0,2026-02-20,10-K,1.0,529469427.0
51434,IP,2026,529569895.0,2026-07-31,10-Q,1.0,529569895.0
52988,J,2014,128304631.0,2015-01-28,10-Q,1.20897,155116449.74007002
52988,J,2015,122537019.0,2016-02-01,10-Q,1.20897,148143579.86043
52988,J,2016,121071296.0,2017-01-31,10-Q,1.20897,146371564.72512
52988,J,2017,141671364.0,2018-01-24,10-Q,1.20897,171276428.93508002
52988,J,2018,139516853.0,2019-01-29,10-Q,1.20897,168671689.77141002
52988,J,2019,133050144.0,2020-01-27,10-Q,1.20897,160853632.59168002
52988,J,2020,130086161.0,2021-01-29,10-Q,1.20897,157270266.06417
52988,J,2021,129216695.0,2022-01-28,10-Q,1.20897,156219107.75415
52988,J,2022,126714126.0,2023-01-27,10-Q,1.20897,153193576.91022003
52988,J,2023,125650977.0,2024-01-26,10-Q,1.20897,151908261.66369
52988,J,2024,122543672.0,2025-01-24,10-Q,1.01,123769108.72
52988,J,2025,117446713.0,2026-01-23,10-Q,1.0,117446713.0
52988,J,2026,117038611.0,2026-07-24,10-Q,1.0,117038611.0
55785,KMB,2014,365468649.0,2015-02-11,10-K,1.0,365468649.0
55785,KMB,2015,360899707.0,2016-02-04,10-K,1.0,360899707.0
55785,KMB,2016,356274872.0,2017-02-01,10-K,1.0,356274872.0
55785,KMB,2017,350706285.0,2018-02-01,10-K,1.0,350706285.0
55785,KMB,2018,344431630.0,2019-01-31,10-K,1.0,344431630.0
55785,KMB,2019,341795666.0,2020-01-31,10-K,1.0,341795666.0
55785,KMB,2020,338363924.0,2021-01-29,10-K,1.0,338363924.0
55785,KMB,2021,336993302.0,2022-01-31,10-K,1.0,336993302.0
55785,KMB,2022,337507349.0,2023-01-31,10-K,1.0,337507349.0
55785,KMB,2023,336883198.0,2024-01-31,10-K,1.0,336883198.0
55785,KMB,2024,331684601.0,2025-01-31,10-K,1.0,331684601.0
55785,KMB,2025,331922371.0,2026-01-30,10-K,1.0,331922371.0
55785,KMB,2026,332579038.0,2026-07-28,10-Q,1.0,332579038.0
56873,KR,2014,491324396.0,2014-12-12,10-Q,2.0,982648792.0
56873,KR,2015,974722765.0,2015-12-15,10-Q,1.0,974722765.0
56873,KR,2016,938124655.0,2016-12-07,10-Q,1.0,938124655.0
56873,KR,2017,881361794.0,2017-12-04,10-Q,1.0,881361794.0
56873,KR,2018,797743035.0,2018-12-12,10-Q,1.0,797743035.0
56873,KR,2019,800587313.0,2019-12-11,10-Q,1.0,800587313.0
56873,KR,2020,761347060.0,2020-12-08,10-Q,1.0,761347060.0
56873,KR,2021,735255564.0,2021-12-07,10-Q,1.0,735255564.0
56873,KR,2022,715821875.0,2022-12-06,10-Q,1.0,715821875.0
56873,KR,2023,719423447.0,2023-12-05,10-Q,1.0,719423447.0
56873,KR,2024,723606130.0,2024-12-10,10-Q,1.0,723606130.0
56873,KR,2025,632849160.0,2025-12-09,10-Q,1.0,632849160.0
56873,KR,2026,612647282.0,2026-06-24,10-Q,1.0,612647282.0
59478,LLY,2014,1111103942.0,2015-02-13,10-K,1.0,1111103942.0
59478,LLY,2015,1106093485.0,2016-02-12,10-K,1.0,1106093485.0
59478,LLY,2016,1103352450.0,2017-02-13,10-K,1.0,1103352450.0
59478,LLY,2017,1095597580.0,2018-02-14,10-K,1.0,1095597580.0
59478,LLY,2018,1035418562.0,2019-02-13,10-K,1.0,1035418562.0
59478,LLY,2019,956382203.0,2020-02-13,10-K,1.0,956382203.0
59478,LLY,2020,958425693.0,2021-02-12,10-K,1.0,958425693.0
59478,LLY,2021,952347126.0,2022-02-18,10-K,1.0,952347126.0
59478,LLY,2022,950296118.0,2023-02-17,10-K,1.0,950296118.0
59478,LLY,2023,950164452.0,2024-02-16,10-K,1.0,950164452.0
59478,LLY,2024,948169999.0,2025-02-14,10-K,1.0,948169999.0
59478,LLY,2025,943357420.0,2026-02-09,10-K,1.0,943357420.0
59478,LLY,2026,941357065.0,2026-08-03,10-Q,1.0,941357065.0
60086,L,2014,373176361.0,2015-02-13,10-K,1.0,373176361.0
60086,L,2015,338998280.0,2016-02-03,10-K,1.0,338998280.0
60086,L,2016,336632474.0,2017-02-03,10-K,1.0,336632474.0
60086,L,2017,328825271.0,2018-02-02,10-K,1.0,328825271.0
60086,L,2018,311299326.0,2019-02-01,10-K,1.0,311299326.0
60086,L,2019,287770405.0,2020-02-07,10-K,1.0,287770405.0
60086,L,2020,267046558.0,2021-02-05,10-K,1.0,267046558.0
60086,L,2021,248202443.0,2022-02-04,10-K,1.0,248202443.0
60086,L,2022,234997673.0,2023-02-03,10-K,1.0,234997673.0
60086,L,2023,222201139.0,2024-02-02,10-K,1.0,222201139.0
60086,L,2024,212861300.0,2025-02-07,10-K,1.0,212861300.0
60086,L,2025,206052874.0,2026-02-06,10-K,1.0,206052874.0
60086,L,2026,204427720.0,2026-07-31,10-Q,1.0,204427720.0
60667,LOW,2014,972908668.0,2014-11-28,10-Q,1.0,972908668.0
60667,LOW,2015,915104607.0,2015-11-27,10-Q,1.0,915104607.0
60667,LOW,2016,869847152.0,2016-11-25,10-Q,1.0,869847152.0
60667,LOW,2017,829760597.0,2017-12-01,10-Q,1.0,829760597.0
60667,LOW,2018,802957007.0,2018-11-30,10-Q,1.0,802957007.0
60667,LOW,2019,766475430.0,2019-11-29,10-Q,1.0,766475430.0
60667,LOW,2020,732722859.0,2020-11-23,10-Q,1.0,732722859.0
60667,LOW,2021,673747189.0,2021-11-22,10-Q,1.0,673747189.0
60667,LOW,2022,604702575.0,2022-11-21,10-Q,1.0,604702575.0
60667,LOW,2023,575112600.0,2023-11-27,10-Q,1.0,575112600.0
60667,LOW,2024,564650005.0,2024-11-25,10-Q,1.0,564650005.0
60667,LOW,2025,560951457.0,2025-11-24,10-Q,1.0,560951457.0
60667,LOW,2026,561054019.0,2026-08-25,10-Q,1.0,561054019.0
62709,MRSH,2014,538779514.0,2015-02-20,10-K,1.0,538779514.0
62709,MRSH,2015,521227085.0,2016-02-18,10-K,1.0,521227085.0
62709,MRSH,2016,515003586.0,2017-02-16,10-K,1.0,515003586.0
62709,MRSH,2017,507621360.0,2018-02-19,10-K,1.0,507621360.0
62709,MRSH,2018,505108980.0,2019-02-18,10-K,1.0,505108980.0
62709,MRSH,2019,503897894.0,2020-02-18,10-K,1.0,503897894.0
62709,MRSH,2020,508186561.0,2021-02-12,10-K,1.0,508186561.0
62709,MRSH,2021,502765629.0,2022-02-10,10-K,1.0,502765629.0
62709,MRSH,2022,494571451.0,2023-02-09,10-K,1.0,494571451.0
62709,MRSH,2023,491656196.0,2024-02-08,10-K,1.0,491656196.0
62709,MRSH,2024,491131126.0,2025-02-06,10-K,1.0,491131126.0
62709,MRSH,2025,484124253.0,2026-02-05,10-K,1.0,484124253.0
62709,MRSH,2026,477211268.0,2026-07-16,10-Q,1.0,477211268.0
62996,MAS,2014,349544600.0,2015-01-31,10-K,1.138,397781754.79999995
62996,MAS,2015,333931600.0,2016-01-31,10-K,1.0,333931600.0
62996,MAS,2016,320320300.0,2017-01-31,10-K,1.0,320320300.0
62996,MAS,2017,313391500.0,2018-01-31,10-K,1.0,313391500.0
62996,MAS,2018,294492500.0,2019-01-31,10-K,1.0,294492500.0
62996,MAS,2019,277735100.0,2020-01-31,10-K,1.0,277735100.0
62996,MAS,2020,257142348.0,2021-01-31,10-K,1.0,257142348.0
62996,MAS,2021,239926257.0,2022-01-31,10-K,1.0,239926257.0
62996,MAS,2022,225203119.0,2023-01-31,10-K,1.0,225203119.0
62996,MAS,2023,219764935.0,2024-01-31,10-K,1.0,219764935.0
62996,MAS,2024,211983493.0,2025-01-31,10-K,1.0,211983493.0
62996,MAS,2025,203607085.0,2026-01-31,10-K,1.0,203607085.0
62996,MAS,2026,201734437.0,2026-03-31,10-Q,1.0,201734437.0
63908,MCD,2014,961118669.0,2015-01-31,10-K,1.0,961118669.0
63908,MCD,2015,901607888.0,2016-01-31,10-K,1.0,901607888.0
63908,MCD,2016,818993182.0,2017-01-31,10-K,1.0,818993182.0
63908,MCD,2017,794497880.0,2018-01-31,10-K,1.0,794497880.0
63908,MCD,2018,765317332.0,2019-01-31,10-K,1.0,765317332.0
63908,MCD,2019,745446655.0,2020-01-31,10-K,1.0,745446655.0
63908,MCD,2020,745572145.0,2021-01-31,10-K,1.0,745572145.0
63908,MCD,2021,743584718.0,2022-01-31,10-K,1.0,743584718.0
63908,MCD,2022,731496951.0,2023-01-31,10-K,1.0,731496951.0
63908,MCD,2023,722051488.0,2024-01-31,10-K,1.0,722051488.0
63908,MCD,2024,714461139.0,2025-01-31,10-K,1.0,714461139.0
63908,MCD,2025,710398642.0,2026-01-31,10-K,1.0,710398642.0
63908,MCD,2026,707641531.0,2026-06-30,10-Q,1.0,707641531.0
64040,SPGI,2014,273500000.0,2015-01-30,10-K,1.057,289089500.0
64040,SPGI,2015,265300000.0,2016-01-22,10-K,1.057,280422100.0
64040,SPGI,2016,258400000.0,2017-01-27,10-K,1.057,273128800.0
64040,SPGI,2017,253900000.0,2018-01-26,10-K,1.057,268372299.99999997
64040,SPGI,2018,248600000.0,2019-01-25,10-K,1.057,262770199.99999997
64040,SPGI,2019,243800000.0,2020-01-24,10-K,1.057,257696600.0
64040,SPGI,2020,240700000.0,2021-02-05,10-K,1.057,254419900.0
64040,SPGI,2021,241100000.0,2022-02-04,10-K,1.057,254842700.0
64040,SPGI,2022,322000000.0,2023-01-27,10-K,1.057,340354000.0
64040,SPGI,2023,314100000.0,2024-01-26,10-K,1.057,332003700.0
64040,SPGI,2024,310300000.0,2024-10-18,10-Q,1.057,327987100.0
64040,SPGI,2025,298800000.0,2026-01-30,10-K,1.057,315831600.0
64040,SPGI,2026,296000000.0,2026-04-24,10-Q,1.057,312872000.0
64803,CVS,2014,1125252739.0,2015-02-03,10-K,1.0,1125252739.0
64803,CVS,2015,1098490835.0,2016-02-03,10-K,1.0,1098490835.0
64803,CVS,2016,1025699605.0,2017-02-03,10-K,1.0,1025699605.0
64803,CVS,2017,1014532157.0,2018-02-09,10-K,1.0,1014532157.0
64803,CVS,2018,1297082165.0,2019-02-19,10-K,1.0,1297082165.0
64803,CVS,2019,1304159680.0,2020-02-12,10-K,1.0,1304159680.0
64803,CVS,2020,1311354926.0,2021-02-08,10-K,1.0,1311354926.0
64803,CVS,2021,1312510426.0,2022-02-02,10-K,1.0,1312510426.0
64803,CVS,2022,1284111667.0,2023-02-01,10-K,1.0,1284111667.0
64803,CVS,2023,1258449553.0,2024-01-31,10-K,1.0,1258449553.0
64803,CVS,2024,1260795063.0,2025-02-05,10-K,1.0,1260795063.0
64803,CVS,2025,1272211063.0,2026-02-04,10-K,1.0,1272211063.0
64803,CVS,2026,1278970369.0,2026-07-29,10-Q,1.0,1278970369.0
65984,ETR,2014,179697449.0,2015-01-30,10-K,2.0,359394898.0
65984,ETR,2015,178492025.0,2016-01-29,10-K,2.0,356984050.0
65984,ETR,2016,179394698.0,2017-01-31,10-K,2.0,358789396.0
65984,ETR,2017,180770383.0,2018-01-31,10-K,2.0,361540766.0
65984,ETR,2018,189580512.0,2019-01-31,10-K,2.0,379161024.0
65984,ETR,2019,199726738.0,2020-01-31,10-K,2.0,399453476.0
65984,ETR,2020,200479995.0,2021-01-29,10-K,2.0,400959990.0
65984,ETR,2021,203027662.0,2022-01-31,10-K,2.0,406055324.0
65984,ETR,2022,211396291.0,2023-01-31,10-K,2.0,422792582.0
65984,ETR,2023,213237552.0,2024-01-31,10-K,2.0,426475104.0
65984,ETR,2024,430412580.0,2025-01-31,10-K,1.0,430412580.0
65984,ETR,2025,452989837.0,2026-01-30,10-K,1.0,452989837.0
65984,ETR,2026,457832070.0,2026-03-31,10-Q,1.0,457832070.0
66740,MMM,2014,634749706.0,2015-01-31,10-K,1.196,759160648.3759999
66740,MMM,2015,605038186.0,2016-01-31,10-K,1.196,723625670.456
66740,MMM,2016,596200000.0,2017-01-31,10-K,1.196,713055200.0
66740,MMM,2017,595500000.0,2018-01-31,10-K,1.196,712218000.0
66740,MMM,2018,575800000.0,2019-01-31,10-K,1.196,688656800.0
66740,MMM,2019,575600000.0,2020-01-31,10-K,1.196,688417600.0
66740,MMM,2020,579100000.0,2021-01-31,10-K,1.196,692603600.0
66740,MMM,2021,571100000.0,2022-01-31,10-K,1.196,683035600.0
66740,MMM,2022,550500000.0,2023-01-31,10-K,1.196,658398000.0
66740,MMM,2023,552700000.0,2024-01-31,10-K,1.196,661029200.0
66740,MMM,2024,542900000.0,2025-01-31,10-K,1.0,542900000.0
66740,MMM,2025,526700000.0,2026-01-31,10-K,1.0,526700000.0
66740,MMM,2026,515722417.0,2026-06-30,10-Q,1.0,515722417.0
68505,MSI,2014,216679202.0,2015-01-31,10-K,1.0,216679202.0
68505,MSI,2015,174337851.0,2016-02-01,10-K,1.0,174337851.0
68505,MSI,2016,164744310.0,2017-02-01,10-K,1.0,164744310.0
68505,MSI,2017,161307525.0,2018-02-02,10-K,1.0,161307525.0
68505,MSI,2018,163871288.0,2019-02-01,10-K,1.0,163871288.0
68505,MSI,2019,170579096.0,2020-01-31,10-K,1.0,170579096.0
68505,MSI,2020,169028294.0,2021-02-01,10-K,1.0,169028294.0
68505,MSI,2021,168209089.0,2022-02-07,10-K,1.0,168209089.0
68505,MSI,2022,167250071.0,2023-02-06,10-K,1.0,167250071.0
68505,MSI,2023,166132981.0,2024-02-05,10-K,1.0,166132981.0
68505,MSI,2024,166936952.0,2025-02-07,10-K,1.0,166936952.0
68505,MSI,2025,165658912.0,2026-02-06,10-K,1.0,165658912.0
68505,MSI,2026,165493788.0,2026-07-31,10-Q,1.0,165493788.0
70858,BAC,2014,10519566829.0,2015-02-24,10-K,1.0,10519566829.0
70858,BAC,2015,10325631017.0,2016-02-23,10-K,1.0,10325631017.0
70858,BAC,2016,10025121972.0,2017-02-22,10-K,1.0,10025121972.0
70858,BAC,2017,10243688896.0,2018-02-21,10-K,1.0,10243688896.0
70858,BAC,2018,9658759764.0,2019-02-25,10-K,1.0,9658759764.0
70858,BAC,2019,8728530308.0,2020-02-18,10-K,1.0,8728530308.0
70858,BAC,2020,8633185862.0,2021-02-23,10-K,1.0,8633185862.0
70858,BAC,2021,8069801301.0,2022-02-18,10-K,1.0,8069801301.0
70858,BAC,2022,8003839222.0,2023-02-21,10-K,1.0,8003839222.0
70858,BAC,2023,7872657542.0,2024-02-16,10-K,1.0,7872657542.0
70858,BAC,2024,7604677274.0,2025-02-24,10-K,1.0,7604677274.0
70858,BAC,2025,7176682170.0,2026-02-24,10-K,1.0,7176682170.0
70858,BAC,2026,6992748365.0,2026-07-30,10-Q,1.0,6992748365.0
72331,NDSN,2014,61584432.0,2015-01-31,10-Q,1.0,61584432.0
72331,NDSN,2015,56990042.0,2016-01-31,10-Q,1.0,56990042.0
72331,NDSN,2016,57545291.0,2017-01-31,10-Q,1.0,57545291.0
72331,NDSN,2017,57972664.0,2018-01-31,10-Q,1.0,57972664.0
72331,NDSN,2018,57325161.0,2019-01-31,10-Q,1.0,57325161.0
72331,NDSN,2019,57858486.0,2020-02-29,10-Q,1.0,57858486.0
72331,NDSN,2020,58085657.0,2021-02-26,10-Q,1.0,58085657.0
72331,NDSN,2021,57940570.0,2022-02-22,10-Q,1.0,57940570.0
72331,NDSN,2022,57260973.0,2023-02-21,10-Q,1.0,57260973.0
72331,NDSN,2023,57192245.0,2024-02-20,10-Q,1.0,57192245.0
72331,NDSN,2024,56911738.0,2025-02-18,10-Q,1.0,56911738.0
72331,NDSN,2025,55783598.0,2026-02-18,10-Q,1.0,55783598.0
72331,NDSN,2026,55699366.0,2026-08-18,10-Q,1.0,55699366.0
72741,ES,2014,317203765.0,2015-01-31,10-K,1.0,317203765.0
72741,ES,2015,317191249.0,2016-01-31,10-K,1.0,317191249.0
72741,ES,2016,316885808.0,2017-01-31,10-K,1.0,316885808.0
72741,ES,2017,316885808.0,2018-01-31,10-K,1.0,316885808.0
72741,ES,2018,316981088.0,2019-01-31,10-K,1.0,316981088.0
72741,ES,2019,329952663.0,2020-01-31,10-K,1.0,329952663.0
72741,ES,2020,343003366.0,2021-01-31,10-K,1.0,343003366.0
72741,ES,2021,344439905.0,2022-01-31,10-K,1.0,344439905.0
72741,ES,2022,348483425.0,2023-01-31,10-K,1.0,348483425.0
72741,ES,2023,349687183.0,2024-01-31,10-K,1.0,349687183.0
72741,ES,2024,366785030.0,2025-01-31,10-K,1.0,366785030.0
72741,ES,2025,375496611.0,2026-01-31,10-K,1.0,375496611.0
72741,ES,2026,376674754.0,2026-07-31,10-Q,1.0,376674754.0
72903,XEL,2014,505984840.0,2015-02-16,10-K,1.0,505984840.0
72903,XEL,2015,507553673.0,2016-02-15,10-K,1.0,507553673.0
72903,XEL,2016,507222795.0,2017-02-20,10-K,1.0,507222795.0
72903,XEL,2017,508064983.0,2018-02-19,10-K,1.0,508064983.0
72903,XEL,2018,514211368.0,2019-02-14,10-K,1.0,514211368.0
72903,XEL,2019,524669024.0,2020-02-13,10-K,1.0,524669024.0
72903,XEL,2020,537648833.0,2021-02-11,10-K,1.0,537648833.0
72903,XEL,2021,544213730.0,2022-02-17,10-K,1.0,544213730.0
72903,XEL,2022,549847034.0,2023-02-16,10-K,1.0,549847034.0
72903,XEL,2023,555155770.0,2024-02-15,10-K,1.0,555155770.0
72903,XEL,2024,574552694.0,2025-02-20,10-K,1.0,574552694.0
72903,XEL,2025,623876813.0,2026-02-19,10-K,1.0,623876813.0
72903,XEL,2026,624634306.0,2026-07-28,10-Q,1.0,624634306.0
72971,WFC,2014,5152280886.0,2015-01-30,10-K,1.0,5152280886.0
72971,WFC,2015,5076712397.0,2016-01-29,10-K,1.0,5076712397.0
72971,WFC,2016,5003367904.0,2017-02-17,10-K,1.0,5003367904.0
72971,WFC,2017,4877753899.0,2018-02-20,10-K,1.0,4877753899.0
72971,WFC,2018,4549421815.0,2019-02-18,10-K,1.0,4549421815.0
72971,WFC,2019,4099887226.0,2020-02-18,10-K,1.0,4099887226.0
72971,WFC,2020,4134106677.0,2021-02-16,10-K,1.0,4134106677.0
72971,WFC,2021,3814556833.0,2022-02-11,10-K,1.0,3814556833.0
72971,WFC,2022,3793867540.0,2023-02-10,10-K,1.0,3793867540.0
72971,WFC,2023,3577443489.0,2024-02-09,10-K,1.0,3577443489.0
72971,WFC,2024,3288186582.0,2025-02-14,10-K,1.0,3288186582.0
72971,WFC,2025,3085635641.0,2026-02-13,10-K,1.0,3085635641.0
72971,WFC,2026,3023999336.0,2026-07-17,10-Q,1.0,3023999336.0
73124,NTRS,2014,233486704.0,2015-01-31,10-K,1.0,233486704.0
73124,NTRS,2015,228984161.0,2016-01-31,10-K,1.0,228984161.0
73124,NTRS,2016,228791961.0,2017-01-31,10-K,1.0,228791961.0
73124,NTRS,2017,226325851.0,2018-01-31,10-K,1.0,226325851.0
73124,NTRS,2018,218411773.0,2019-01-31,10-K,1.0,218411773.0
73124,NTRS,2019,209247666.0,2020-01-31,10-K,1.0,209247666.0
73124,NTRS,2020,208314381.0,2021-01-31,10-K,1.0,208314381.0
73124,NTRS,2021,207898329.0,2022-01-31,10-K,1.0,207898329.0
73124,NTRS,2022,208196935.0,2023-01-31,10-K,1.0,208196935.0
73124,NTRS,2023,204841515.0,2024-01-31,10-K,1.0,204841515.0
73124,NTRS,2024,195697744.0,2025-01-31,10-K,1.0,195697744.0
73124,NTRS,2025,185827803.0,2026-01-31,10-K,1.0,185827803.0
73124,NTRS,2026,182955653.0,2026-06-30,10-Q,1.0,182955653.0
73309,NUE,2014,319046902.0,2015-02-20,10-K,1.0,319046902.0
73309,NUE,2015,317941228.0,2016-02-18,10-K,1.0,317941228.0
73309,NUE,2016,318848316.0,2017-02-21,10-K,1.0,318848316.0
73309,NUE,2017,317936751.0,2018-02-23,10-K,1.0,317936751.0
73309,NUE,2018,305381583.0,2019-02-22,10-K,1.0,305381583.0
73309,NUE,2019,301000375.0,2020-02-21,10-K,1.0,301000375.0
73309,NUE,2020,298045858.0,2021-02-19,10-K,1.0,298045858.0
73309,NUE,2021,269124863.0,2022-02-18,10-K,1.0,269124863.0
73309,NUE,2022,251929269.0,2023-02-21,10-K,1.0,251929269.0
73309,NUE,2023,240745037.0,2024-02-21,10-K,1.0,240745037.0
73309,NUE,2024,230535835.0,2025-02-20,10-K,1.0,230535835.0
73309,NUE,2025,227774615.0,2026-02-18,10-K,1.0,227774615.0
73309,NUE,2026,226875676.0,2026-07-04,10-Q,1.0,226875676.0
74208,UDR,2014,258765713.0,2015-02-19,10-K,1.0,258765713.0
74208,UDR,2015,262132787.0,2016-02-22,10-K,1.0,262132787.0
74208,UDR,2016,267370704.0,2017-02-17,10-K,1.0,267370704.0
74208,UDR,2017,268160029.0,2018-02-16,10-K,1.0,268160029.0
74208,UDR,2018,275611046.0,2019-02-18,10-K,1.0,275611046.0
74208,UDR,2019,294631463.0,2020-02-17,10-K,1.0,294631463.0
74208,UDR,2020,296820995.0,2021-02-16,10-K/A,1.0,296820995.0
74208,UDR,2021,318264646.0,2022-02-11,10-K,1.0,318264646.0
74208,UDR,2022,329165608.0,2023-02-08,10-K,1.0,329165608.0
74208,UDR,2023,329224105.0,2024-02-16,10-K,1.0,329224105.0
74208,UDR,2024,331133359.0,2025-02-14,10-K,1.0,331133359.0
74208,UDR,2025,328571965.0,2026-02-11,10-K,1.0,328571965.0
74208,UDR,2026,324915653.0,2026-04-27,10-Q,1.0,324915653.0
75362,PCAR,2014,354515811.0,2015-01-31,10-K,1.5,531773716.5
75362,PCAR,2015,351358497.0,2016-01-31,10-K,1.5,527037745.5
75362,PCAR,2016,350896879.0,2017-01-31,10-K,1.5,526345318.5
75362,PCAR,2017,351986606.0,2018-01-31,10-K,1.5,527979909.0
75362,PCAR,2018,346718291.0,2019-01-31,10-K,1.5,520077436.5
75362,PCAR,2019,346353327.0,2020-01-31,10-K,1.5,519529990.5
75362,PCAR,2020,346936820.0,2021-01-31,10-K,1.5,520405230.0
75362,PCAR,2021,347571995.0,2022-01-31,10-K,1.5,521357992.5
75362,PCAR,2022,522513846.0,2023-02-10,10-K,1.0,522513846.0
75362,PCAR,2023,523883677.0,2024-02-09,10-K,1.0,523883677.0
75362,PCAR,2024,524802603.0,2025-01-31,10-K,1.0,524802603.0
75362,PCAR,2025,525894443.0,2026-01-31,10-K,1.0,525894443.0
75362,PCAR,2026,526364953.0,2026-07-24,10-Q,1.0,526364953.0
75677,PKG,2014,98368249.0,2015-01-30,10-K,1.0,98368249.0
75677,PKG,2015,94251749.0,2016-02-19,10-K,1.0,94251749.0
75677,PKG,2016,94206284.0,2017-02-24,10-K,1.0,94206284.0
75677,PKG,2017,94349822.0,2018-02-23,10-K,1.0,94349822.0
75677,PKG,2018,94495930.0,2019-02-22,10-K,1.0,94495930.0
75677,PKG,2019,94652815.0,2020-02-21,10-K,1.0,94652815.0
75677,PKG,2020,94828214.0,2021-02-19,10-K,1.0,94828214.0
75677,PKG,2021,93533810.0,2022-02-18,10-K,1.0,93533810.0
75677,PKG,2022,89693421.0,2023-02-17,10-K,1.0,89693421.0
75677,PKG,2023,89624119.0,2024-02-23,10-K,1.0,89624119.0
75677,PKG,2024,89801225.0,2025-02-21,10-K,1.0,89801225.0
75677,PKG,2025,89213394000.0,2026-02-20,10-K,1.0,89213394000.0
75677,PKG,2026,89098299.0,2026-07-31,10-Q,1.0,89098299.0
76334,PH,2014,142455351.0,2014-12-31,10-Q,1.0,142455351.0
76334,PH,2015,135102576.0,2015-12-31,10-Q,1.0,135102576.0
76334,PH,2016,133293693.0,2016-12-31,10-Q,1.0,133293693.0
76334,PH,2017,133048544.0,2017-12-31,10-Q,1.0,133048544.0
76334,PH,2018,129365355.0,2018-12-31,10-Q,1.0,129365355.0
76334,PH,2019,128363097.0,2019-12-31,10-Q,1.0,128363097.0
76334,PH,2020,129081165.0,2020-12-31,10-Q,1.0,129081165.0
76334,PH,2021,128477634.0,2021-12-31,10-Q,1.0,128477634.0
76334,PH,2022,128266030.0,2022-12-31,10-Q,1.0,128266030.0
76334,PH,2023,128410854.0,2023-12-31,10-Q,1.0,128410854.0
76334,PH,2024,128764843.0,2024-12-31,10-Q,1.0,128764843.0
76334,PH,2025,126216529.0,2025-12-31,10-Q,1.0,126216529.0
76334,PH,2026,126047469.0,2026-07-31,10-K,1.0,126047469.0
77360,PNR,2014,182442197.0,2014-12-31,10-K,1.489,271656431.333
77360,PNR,2015,180455693.0,2015-12-31,10-K,1.489,268698526.87700003
77360,PNR,2016,181765451.0,2016-12-31,10-K,1.489,270648756.53900003
77360,PNR,2017,181765451.0,2017-12-31,10-K,1.489,270648756.53900003
77360,PNR,2018,171363615.0,2018-12-31,10-K,1.0,171363615.0
77360,PNR,2019,168293375.0,2019-12-31,10-K,1.0,168293375.0
77360,PNR,2020,166063551.0,2020-12-31,10-K,1.0,166063551.0
77360,PNR,2021,165098847.0,2021-12-31,10-K,1.0,165098847.0
77360,PNR,2022,164542943.0,2022-12-31,10-K,1.0,164542943.0
77360,PNR,2023,165334513.0,2023-12-31,10-K,1.0,165334513.0
77360,PNR,2024,164817183.0,2024-12-31,10-K,1.0,164817183.0
77360,PNR,2025,163235706.0,2025-12-31,10-K,1.0,163235706.0
77360,PNR,2026,161605541.0,2026-03-31,10-Q,1.0,161605541.0
77476,PEP,2014,1482368514.0,2015-02-06,10-K,1.0,1482368514.0
77476,PEP,2015,1445412743.0,2016-02-04,10-K,1.0,1445412743.0
77476,PEP,2016,1427214232.0,2017-02-07,10-K,1.0,1427214232.0
77476,PEP,2017,1419908267.0,2018-02-06,10-K,1.0,1419908267.0
77476,PEP,2018,1404686108.0,2019-02-08,10-K,1.0,1404686108.0
77476,PEP,2019,1389544618.0,2020-02-06,10-K,1.0,1389544618.0
77476,PEP,2020,1379608641.0,2021-02-04,10-K,1.0,1379608641.0
77476,PEP,2021,1383451400.0,2022-02-03,10-K,1.0,1383451400.0
77476,PEP,2022,1377251316.0,2023-02-02,10-K,1.0,1377251316.0
77476,PEP,2023,1374429271.0,2024-02-02,10-K,1.0,1374429271.0
77476,PEP,2024,1371499838.0,2025-01-28,10-K,1.0,1371499838.0
77476,PEP,2025,1366649053.0,2026-01-23,10-K,1.0,1366649053.0
77476,PEP,2026,1364891558.0,2026-07-02,10-Q,1.0,1364891558.0
78003,PFE,2014,6128855392.0,2015-02-20,10-K,1.054,6459813583.168
78003,PFE,2015,6184139991.0,2016-02-25,10-K,1.054,6518083550.514
78003,PFE,2016,5951872174.0,2017-02-21,10-K,1.054,6273273271.396
78003,PFE,2017,5952864751.0,2018-02-20,10-K,1.054,6274319447.554
78003,PFE,2018,5551804790.0,2019-02-26,10-K,1.054,5851602248.66
78003,PFE,2019,5547639005.0,2020-02-25,10-K,1.054,5847211511.27
78003,PFE,2020,5577629491.0,2021-02-23,10-K,1.0,5577629491.0
78003,PFE,2021,5623346471.0,2022-02-22,10-K,1.0,5623346471.0
78003,PFE,2022,5619074621.0,2023-02-21,10-K,1.0,5619074621.0
78003,PFE,2023,5646778425.0,2024-02-15,10-K,1.0,5646778425.0
78003,PFE,2024,5667340414.0,2025-02-20,10-K,1.0,5667340414.0
78003,PFE,2025,5686267431.0,2026-02-19,10-K,1.0,5686267431.0
78003,PFE,2026,5699673589.0,2026-07-29,10-Q,1.0,5699673589.0
79282,BRO,2014,143520097.0,2015-02-19,10-K,2.0,287040194.0
79282,BRO,2015,138616818.0,2016-02-22,10-K,2.0,277233636.0
79282,BRO,2016,140209157.0,2016-11-04,10-Q/A,2.0,280418314.0
79282,BRO,2017,137800585.0,2018-02-23,10-K,2.0,275601170.0
79282,BRO,2018,279701832.0,2019-02-21,10-K,1.0,279701832.0
79282,BRO,2019,281552678.0,2020-02-20,10-K,1.0,281552678.0
79282,BRO,2020,282089166.0,2021-02-22,10-K,1.0,282089166.0
79282,BRO,2021,282215614.0,2022-02-18,10-K,1.0,282215614.0
79282,BRO,2022,284294500.0,2023-02-22,10-K,1.0,284294500.0
79282,BRO,2023,285801863.0,2024-02-21,10-K,1.0,285801863.0
79282,BRO,2024,285931978.0,2025-02-10,10-K,1.0,285931978.0
79282,BRO,2025,340420023.0,2026-02-10,10-K,1.0,340420023.0
79282,BRO,2026,334610357.0,2026-07-24,10-Q,1.0,334610357.0
79879,PPG,2014,136050193.0,2015-01-31,10-K,2.0,272100386.0
79879,PPG,2015,266765632.0,2016-01-31,10-K,1.0,266765632.0
79879,PPG,2016,257094500.0,2017-01-31,10-K,1.0,257094500.0
79879,PPG,2017,249880613.0,2018-01-31,10-K/A,1.0,249880613.0
79879,PPG,2018,235898957.0,2019-01-31,10-K,1.0,235898957.0
79879,PPG,2019,235755928.0,2020-01-31,10-K,1.0,235755928.0
79879,PPG,2020,236788855.0,2021-01-31,10-K,1.0,236788855.0
79879,PPG,2021,235998952.0,2022-01-31,10-K,1.0,235998952.0
79879,PPG,2022,235179993.0,2023-01-31,10-K,1.0,235179993.0
79879,PPG,2023,235254665.0,2024-01-31,10-K,1.0,235254665.0
79879,PPG,2024,226953559.0,2025-01-31,10-K,1.0,226953559.0
79879,PPG,2025,223494714.0,2026-01-31,10-K,1.0,223494714.0
79879,PPG,2026,222900000.0,2026-03-31,10-Q,1.0,222900000.0
80424,PG,2014,2700509874.0,2014-12-31,10-Q,1.0,2700509874.0
80424,PG,2015,2704565560.0,2015-12-31,10-Q,1.0,2704565560.0
80424,PG,2016,2556477220.0,2016-12-31,10-Q,1.0,2556477220.0
80424,PG,2017,2521003706.0,2017-12-31,10-Q,1.0,2521003706.0
80424,PG,2018,2501579709.0,2018-12-31,10-Q,1.0,2501579709.0
80424,PG,2019,2469452884.0,2019-12-31,10-Q,1.0,2469452884.0
80424,PG,2020,2462476044.0,2020-12-31,10-Q,1.0,2462476044.0
80424,PG,2021,2397065706.0,2021-12-31,10-Q,1.0,2397065706.0
80424,PG,2022,2359144096.0,2022-12-31,10-Q,1.0,2359144096.0
80424,PG,2023,2353021054.0,2023-12-31,10-Q,1.0,2353021054.0
80424,PG,2024,2344851814.0,2024-12-31,10-Q,1.0,2344851814.0
80424,PG,2025,2324000685.0,2025-12-31,10-Q,1.0,2324000685.0
80424,PG,2026,2324433060.0,2026-07-31,10-K,1.0,2324433060.0
80661,PGR,2014,588932479.0,2015-01-30,10-K,1.0,588932479.0
80661,PGR,2015,584328057.0,2016-01-31,10-K,1.0,584328057.0
80661,PGR,2016,580803030.0,2017-01-31,10-K,1.0,580803030.0
80661,PGR,2017,582275989.0,2018-01-31,10-K,1.0,582275989.0
80661,PGR,2018,583896232.0,2019-01-31,10-K,1.0,583896232.0
80661,PGR,2019,585253659.0,2020-01-31,10-K,1.0,585253659.0
80661,PGR,2020,585747728.0,2021-01-31,10-K,1.0,585747728.0
80661,PGR,2021,584848536.0,2022-01-31,10-K,1.0,584848536.0
80661,PGR,2022,585340036.0,2023-01-31,10-K,1.0,585340036.0
80661,PGR,2023,585677464.0,2024-01-31,10-K,1.0,585677464.0
80661,PGR,2024,586207679.0,2025-01-31,10-K,1.0,586207679.0
80661,PGR,2025,585906353.0,2026-01-31,10-K,1.0,585906353.0
80661,PGR,2026,581371770.0,2026-07-02,10-Q,1.0,581371770.0
84839,ROL,2014,145783052.0,2015-01-31,10-K,3.375,492017800.5
84839,ROL,2015,218806458.0,2016-01-31,10-K,2.25,492314530.5
84839,ROL,2016,218032223.0,2017-01-31,10-K,2.25,490572501.75
84839,ROL,2017,218209925.0,2018-01-31,10-K,2.25,490972331.25
84839,ROL,2018,327532811.0,2019-01-31,10-K,1.5,491299216.5
84839,ROL,2019,327779714.0,2020-01-31,10-K,1.5,491669571.0
84839,ROL,2020,492141926.0,2021-01-31,10-K,1.0,492141926.0
84839,ROL,2021,492085707.0,2022-01-31,10-K,1.0,492085707.0
84839,ROL,2022,492280053.0,2023-01-31,10-K,1.0,492280053.0
84839,ROL,2023,483885114.0,2024-01-31,10-K,1.0,483885114.0
84839,ROL,2024,484224958.0,2025-01-31,10-K,1.0,484224958.0
84839,ROL,2025,481092221.0,2026-01-31,10-K,1.0,481092221.0
84839,ROL,2026,481145404.0,2026-07-13,10-Q,1.0,481145404.0
86312,TRV,2014,321368580.0,2015-02-06,10-K,1.0,321368580.0
86312,TRV,2015,294977349.0,2016-02-05,10-K,1.0,294977349.0
86312,TRV,2016,279685489.0,2017-02-10,10-K,1.0,279685489.0
86312,TRV,2017,271427959.0,2018-02-09,10-K,1.0,271427959.0
86312,TRV,2018,263391034.0,2019-02-08,10-K,1.0,263391034.0
86312,TRV,2019,255030905.0,2020-02-07,10-K,1.0,255030905.0
86312,TRV,2020,252214355.0,2021-02-05,10-K,1.0,252214355.0
86312,TRV,2021,241500732.0,2022-02-14,10-K,1.0,241500732.0
86312,TRV,2022,232094271.0,2023-02-13,10-K,1.0,232094271.0
86312,TRV,2023,229125844.0,2024-02-12,10-K,1.0,229125844.0
86312,TRV,2024,226726582.0,2025-02-07,10-K,1.0,226726582.0
86312,TRV,2025,216237902.0,2026-02-05,10-K,1.0,216237902.0
86312,TRV,2026,208575022.0,2026-07-10,10-Q,1.0,208575022.0
87347,SLB,2014,1275312404.0,2014-12-31,10-K,1.0,1275312404.0
87347,SLB,2015,1256367980.0,2015-12-31,10-K,1.0,1256367980.0
87347,SLB,2016,1391475510.0,2016-12-31,10-K,1.0,1391475510.0
87347,SLB,2017,1383932776.0,2017-12-31,10-K,1.0,1383932776.0
87347,SLB,2018,1382964324.0,2018-12-31,10-K,1.0,1382964324.0
87347,SLB,2019,1384515345.0,2019-12-31,10-K,1.0,1384515345.0
87347,SLB,2020,1392325960.0,2020-12-31,10-K,1.0,1392325960.0
87347,SLB,2021,1403381685.0,2021-12-31,10-K,1.0,1403381685.0
87347,SLB,2022,1420188492.0,2022-12-31,10-K,1.0,1420188492.0
87347,SLB,2023,1427394843.0,2023-12-31,10-K,1.0,1427394843.0
87347,SLB,2024,1400850420.0,2024-12-31,10-K,1.0,1400850420.0
87347,SLB,2025,1495331485.0,2025-12-31,10-K,1.0,1495331485.0
87347,SLB,2026,1484143231.0,2026-06-30,10-Q,1.0,1484143231.0
89800,SHW,2014,94894689.0,2015-01-31,10-K,3.0,284684067.0
89800,SHW,2015,92270422.0,2016-01-31,10-K,3.0,276811266.0
89800,SHW,2016,93307230.0,2017-01-31,10-K,3.0,279921690.0
89800,SHW,2017,93993791.0,2018-01-31,10-K,3.0,281981373.0
89800,SHW,2018,92718270.0,2019-01-31,10-K,3.0,278154810.0
89800,SHW,2019,92227704.0,2020-01-31,10-K,3.0,276683112.0
89800,SHW,2020,89601869.0,2021-01-31,10-K,3.0,268805607.0
89800,SHW,2021,260373774.0,2022-01-31,10-K,1.0,260373774.0
89800,SHW,2022,258442281.0,2023-01-31,10-K,1.0,258442281.0
89800,SHW,2023,254464522.0,2024-01-31,10-K,1.0,254464522.0
89800,SHW,2024,251364135.0,2025-01-31,10-K,1.0,251364135.0
89800,SHW,2025,247774767.0,2026-01-31,10-K,1.0,247774767.0
89800,SHW,2026,242758151.0,2026-06-30,10-Q,1.0,242758151.0
91142,AOS,2014,76382084.0,2014-10-28,10-Q,2.0,152764168.0
91142,AOS,2015,75732188.0,2015-08-05,10-Q,2.0,151464376.0
91419,SJM,2014,101762584.0,2015-02-24,10-Q,1.0,101762584.0
91419,SJM,2015,119674908.0,2015-12-01,10-Q,1.0,119674908.0
91419,SJM,2016,116441146.0,2017-02-20,10-Q,1.0,116441146.0
91419,SJM,2017,113599142.0,2018-02-16,10-Q,1.0,113599142.0
91419,SJM,2018,113746566.0,2019-02-19,10-Q,1.0,113746566.0
91419,SJM,2019,114037925.0,2020-02-19,10-Q,1.0,114037925.0
91419,SJM,2020,109585620.0,2021-02-18,10-Q,1.0,109585620.0
91419,SJM,2021,108458394.0,2022-02-22,10-Q,1.0,108458394.0
91419,SJM,2022,106636093.0,2023-02-21,10-Q,1.0,106636093.0
91419,SJM,2023,106175550.0,2024-02-20,10-Q,1.0,106175550.0
91419,SJM,2024,106416621.0,2025-02-20,10-Q,1.0,106416621.0
91419,SJM,2025,106648319.0,2026-02-19,10-Q,1.0,106648319.0
91419,SJM,2026,106823183.0,2026-08-19,10-Q,1.0,106823183.0
91440,SNA,2014,58124176.0,2015-02-06,10-K,1.0,58124176.0
91440,SNA,2015,58092025.0,2016-02-05,10-K,1.0,58092025.0
91440,SNA,2016,57970318.0,2017-02-03,10-K,1.0,57970318.0
91440,SNA,2017,56721048.0,2018-02-09,10-K,1.0,56721048.0
91440,SNA,2018,55616137.0,2019-02-08,10-K,1.0,55616137.0
91440,SNA,2019,54659446.0,2020-02-07,10-K,1.0,54659446.0
91440,SNA,2020,54203094.0,2021-02-05,10-K,1.0,54203094.0
91440,SNA,2021,53438639.0,2022-02-04,10-K,1.0,53438639.0
91440,SNA,2022,53114455.0,2023-02-03,10-K,1.0,53114455.0
91440,SNA,2023,52713542.0,2024-02-09,10-K,1.0,52713542.0
91440,SNA,2024,52393235.0,2025-02-07,10-K,1.0,52393235.0
91440,SNA,2025,51913121.0,2026-02-06,10-K,1.0,51913121.0
91440,SNA,2026,51727124.0,2026-07-17,10-Q,1.0,51727124.0
91576,KEY,2014,855324689.0,2015-02-26,10-K,1.0,855324689.0
91576,KEY,2015,835606185.0,2016-02-29,10-K,1.0,835606185.0
91576,KEY,2016,1072438764.0,2017-02-23,10-K,1.0,1072438764.0
91576,KEY,2017,1060687384.0,2018-02-20,10-K,1.0,1060687384.0
91576,KEY,2018,1008787761.0,2019-02-18,10-K,1.0,1008787761.0
91576,KEY,2019,969889701.0,2020-02-21,10-K,1.0,969889701.0
91576,KEY,2020,968815152.0,2021-02-17,10-K,1.0,968815152.0
91576,KEY,2021,927761031.0,2022-02-18,10-K,1.0,927761031.0
91576,KEY,2022,931825509.0,2023-02-20,10-K,1.0,931825509.0
91576,KEY,2023,933841692.0,2024-02-20,10-K,1.0,933841692.0
91576,KEY,2024,1105119318.0,2025-02-19,10-K,1.0,1105119318.0
91576,KEY,2025,1089647432.0,2026-02-19,10-K,1.0,1089647432.0
91576,KEY,2026,1067128554.0,2026-07-31,10-Q,1.0,1067128554.0
92122,SO,2014,909877898.0,2015-01-31,10-K,1.0,909877898.0
92122,SO,2015,912846995.0,2016-01-31,10-K,1.0,912846995.0
92122,SO,2016,991051161.0,2017-01-31,10-K,1.0,991051161.0
92122,SO,2017,1008159482.0,2018-01-31,10-K,1.0,1008159482.0
92122,SO,2018,1034564279.0,2019-01-31,10-K,1.0,1034564279.0
92122,SO,2019,1054228409.0,2020-01-31,10-K,1.0,1054228409.0
92122,SO,2020,1056609660.0,2021-01-31,10-K,1.0,1056609660.0
92122,SO,2021,1060226587.0,2022-01-31,10-K,1.0,1060226587.0
92122,SO,2022,1088907919.0,2023-01-31,10-K,1.0,1088907919.0
92122,SO,2023,1091015113.0,2024-01-31,10-K,1.0,1091015113.0
92122,SO,2024,1096802197.0,2025-01-31,10-K,1.0,1096802197.0
92122,SO,2025,1119391291.0,2026-01-31,10-K,1.0,1119391291.0
92122,SO,2026,1127301098.0,2026-03-31,10-Q,1.0,1127301098.0
92230,TFC,2014,720801219.0,2015-01-31,10-K,1.0,720801219.0
92230,TFC,2015,780451430.0,2016-01-31,10-K,1.0,780451430.0
92230,TFC,2016,808394189.0,2017-01-31,10-K,1.0,808394189.0
92230,TFC,2017,778291454.0,2018-01-31,10-K,1.0,778291454.0
92230,TFC,2018,763599034.0,2019-01-31,10-K,1.0,763599034.0
92230,TFC,2019,1342769369.0,2020-01-31,10-K,1.0,1342769369.0
92230,TFC,2020,1347198511.0,2021-01-31,10-K,1.0,1347198511.0
92230,TFC,2021,1328120453.0,2022-01-31,10-K,1.0,1328120453.0
92230,TFC,2022,1327909982.0,2023-01-31,10-K,1.0,1327909982.0
92230,TFC,2023,1334529883.0,2024-01-31,10-K,1.0,1334529883.0
92230,TFC,2024,1305350706.0,2025-01-31,10-K,1.0,1305350706.0
92230,TFC,2025,1249168322.0,2026-01-31,10-K,1.0,1249168322.0
92230,TFC,2026,1221626188.0,2026-06-30,10-Q,1.0,1221626188.0
92380,LUV,2014,675993892.0,2015-02-04,10-K,1.0,675993892.0
92380,LUV,2015,638070032.0,2016-01-29,10-K,1.0,638070032.0
92380,LUV,2016,615254524.0,2017-02-03,10-K,1.0,615254524.0
92380,LUV,2017,587950973.0,2018-02-05,10-K,1.0,587950973.0
92380,LUV,2018,552688849.0,2019-02-01,10-K,1.0,552688849.0
92380,LUV,2019,517295540.0,2020-01-30,10-K,1.0,517295540.0
92380,LUV,2020,590677474.0,2021-02-04,10-K,1.0,590677474.0
92380,LUV,2021,592341878.0,2022-02-02,10-K,1.0,592341878.0
92380,LUV,2022,594286577.0,2023-02-03,10-K,1.0,594286577.0
92380,LUV,2023,596664523.0,2024-02-02,10-K,1.0,596664523.0
92380,LUV,2024,592661084.0,2025-02-05,10-K,1.0,592661084.0
92380,LUV,2025,491317990.0,2026-02-03,10-K/A,1.0,491317990.0
92380,LUV,2026,489208201.0,2026-07-22,10-Q,1.0,489208201.0
93410,CVX,2014,1880180422.0,2015-02-09,10-K,1.0,1880180422.0
93410,CVX,2015,1883156295.0,2016-02-15,10-K,1.0,1883156295.0
93410,CVX,2016,1893102970.0,2017-02-15,10-K,1.0,1893102970.0
93410,CVX,2017,1910253256.0,2018-02-12,10-K,1.0,1910253256.0
93410,CVX,2018,1900062760.0,2019-02-11,10-K,1.0,1900062760.0
93410,CVX,2019,1879324765.0,2020-02-10,10-K,1.0,1879324765.0
93410,CVX,2020,1926376764.0,2021-02-10,10-K,1.0,1926376764.0
93410,CVX,2021,1947553346.0,2022-02-10,10-K,1.0,1947553346.0
93410,CVX,2022,1906674044.0,2023-02-10,10-K,1.0,1906674044.0
93410,CVX,2023,1857269160.0,2024-02-09,10-K,1.0,1857269160.0
93410,CVX,2024,1760598537.0,2025-02-07,10-K,1.0,1760598537.0
93410,CVX,2025,1995385539.0,2026-02-06,10-K,1.0,1995385539.0
93410,CVX,2026,1975771274.0,2026-06-30,10-Q,1.0,1975771274.0
93556,SWK,2014,157405928.0,2015-02-04,10-K,1.0,157405928.0
93556,SWK,2015,152335308.0,2016-02-01,10-K,1.0,152335308.0
93556,SWK,2016,152584499.0,2017-02-01,10-K,1.0,152584499.0
93556,SWK,2017,154111483.0,2018-02-22,10-K,1.0,154111483.0
93556,SWK,2018,151356989.0,2019-02-15,10-K,1.0,151356989.0
93556,SWK,2019,154025464.0,2020-02-17,10-K,1.0,154025464.0
93556,SWK,2020,160893004.0,2021-02-15,10-K/A,1.0,160893004.0
93556,SWK,2021,163352135.0,2022-02-16,10-K,1.0,163352135.0
93556,SWK,2022,153023886.0,2023-02-13,10-K,1.0,153023886.0
93556,SWK,2023,153802067.0,2024-02-20,10-K,1.0,153802067.0
93556,SWK,2024,154413950.0,2025-02-11,10-K,1.0,154413950.0
93556,SWK,2025,155079468.0,2026-02-16,10-K,1.0,155079468.0
93556,SWK,2026,151016641.0,2026-07-24,10-Q,1.0,151016641.0
93751,STT,2014,412280622.0,2015-01-31,10-K,1.0,412280622.0
93751,STT,2015,400017186.0,2016-01-31,10-K,1.0,400017186.0
93751,STT,2016,381939896.0,2017-01-31,10-K,1.0,381939896.0
93751,STT,2017,367653199.0,2018-01-31,10-K,1.0,367653199.0
93751,STT,2018,378659763.0,2019-01-31,10-K,1.0,378659763.0
93751,STT,2019,354342408.0,2020-01-31,10-K,1.0,354342408.0
93751,STT,2020,351786357.0,2021-01-29,10-K,1.0,351786357.0
93751,STT,2021,366067339.0,2022-01-31,10-K,1.0,366067339.0
93751,STT,2022,344478611.0,2023-01-31,10-K,1.0,344478611.0
93751,STT,2023,301943571.0,2024-01-31,10-K,1.0,301943571.0
93751,STT,2024,288469096.0,2025-01-31,10-K,1.0,288469096.0
93751,STT,2025,278728211.0,2026-01-30,10-K,1.0,278728211.0
93751,STT,2026,274701765.0,2026-07-28,10-Q,1.0,274701765.0
96021,SYY,2014,592342741.0,2015-01-24,10-Q,1.0,592342741.0
96021,SYY,2015,564603274.0,2016-01-23,10-Q,1.0,564603274.0
96021,SYY,2016,540212068.0,2017-01-20,10-Q,1.0,540212068.0
96021,SYY,2017,521918747.0,2018-01-19,10-Q,1.0,521918747.0
96021,SYY,2018,513462661.0,2019-01-18,10-Q,1.0,513462661.0
96021,SYY,2019,508508581.0,2020-01-17,10-Q,1.0,508508581.0
96021,SYY,2020,510411966.0,2021-01-15,10-Q,1.0,510411966.0
96021,SYY,2021,507447464.0,2022-01-21,10-Q,1.0,507447464.0
96021,SYY,2022,507604019.0,2023-01-13,10-Q,1.0,507604019.0
96021,SYY,2023,497829748.0,2024-01-12,10-Q,1.0,497829748.0
96021,SYY,2024,489229644.0,2025-01-10,10-Q,1.0,489229644.0
96021,SYY,2025,478930649.0,2026-01-09,10-Q,1.0,478930649.0
96021,SYY,2026,479096016.0,2026-08-04,10-K,1.0,479096016.0
97210,TER,2014,217783809.0,2015-02-20,10-K,1.0,217783809.0
97210,TER,2015,204336493.0,2016-02-22,10-K,1.0,204336493.0
97210,TER,2016,200302178.0,2017-02-24,10-K,1.0,200302178.0
97210,TER,2017,195422673.0,2018-02-23,10-K,1.0,195422673.0
97210,TER,2018,173629283.0,2019-02-25,10-K,1.0,173629283.0
97210,TER,2019,166784497.0,2020-02-24,10-K,1.0,166784497.0
97210,TER,2020,166694772.0,2021-02-16,10-K,1.0,166694772.0
97210,TER,2021,162417046.0,2022-02-16,10-K,1.0,162417046.0
97210,TER,2022,156047868.0,2023-02-17,10-K,1.0,156047868.0
97210,TER,2023,153080607.0,2024-02-16,10-K,1.0,153080607.0
97210,TER,2024,161718766.0,2025-02-14,10-K,1.0,161718766.0
97210,TER,2025,156555950.0,2026-02-16,10-K,1.0,156555950.0
97210,TER,2026,156340750.0,2026-07-27,10-Q,1.0,156340750.0
97476,TXN,2014,1047142301.0,2015-02-17,10-K,1.0,1047142301.0
97476,TXN,2015,1005257723.0,2016-02-22,10-K,1.0,1005257723.0
97476,TXN,2016,999639733.0,2017-02-21,10-K,1.0,999639733.0
97476,TXN,2017,983787502.0,2018-02-20,10-K,1.0,983787502.0
97476,TXN,2018,938484603.0,2019-02-18,10-K,1.0,938484603.0
97476,TXN,2019,933975619.0,2020-02-14,10-K,1.0,933975619.0
97476,TXN,2020,920239191.0,2021-01-27,10-K,1.0,920239191.0
97476,TXN,2021,923547062.0,2022-01-25,10-K,1.0,923547062.0
97476,TXN,2022,906205795.0,2023-01-24,10-K,1.0,906205795.0
97476,TXN,2023,909287673.0,2024-01-23,10-K,1.0,909287673.0
97476,TXN,2024,910332971.0,2025-01-28,10-K,1.0,910332971.0
97476,TXN,2025,907550774.0,2026-01-27,10-K,1.0,907550774.0
97476,TXN,2026,913247686.0,2026-07-15,10-Q,1.0,913247686.0
97745,TMO,2014,396782757.0,2015-01-31,10-K,1.0,396782757.0
97745,TMO,2015,396261928.0,2016-02-06,10-K,1.0,396261928.0
97745,TMO,2016,390391061.0,2017-02-04,10-K,1.0,390391061.0
97745,TMO,2017,401784066.0,2018-02-03,10-K,1.0,401784066.0
97745,TMO,2018,399003681.0,2019-02-02,10-K,1.0,399003681.0
97745,TMO,2019,398828389.0,2020-02-01,10-K,1.0,398828389.0
97745,TMO,2020,393793362.0,2021-02-06,10-K,1.0,393793362.0
97745,TMO,2021,391191770.0,2022-02-05,10-K,1.0,391191770.0
97745,TMO,2022,385430077.0,2023-02-04,10-K,1.0,385430077.0
97745,TMO,2023,381312268.0,2024-02-03,10-K,1.0,381312268.0
97745,TMO,2024,377261182.0,2025-02-01,10-K,1.0,377261182.0
97745,TMO,2025,371484244.0,2026-01-31,10-K,1.0,371484244.0
97745,TMO,2026,369747286.0,2026-06-27,10-Q,1.0,369747286.0
100517,UAL,2014,384226369.0,2015-02-10,10-K,1.0,384226369.0
100517,UAL,2015,359484808.0,2016-02-09,10-K,1.0,359484808.0
100517,UAL,2016,314622651.0,2017-02-13,10-K,1.0,314622651.0
100517,UAL,2017,284700547.0,2018-02-14,10-K,1.0,284700547.0
100517,UAL,2018,266727577.0,2019-02-22,10-K,1.0,266727577.0
100517,UAL,2019,247951116.0,2020-02-18,10-K,1.0,247951116.0
100517,UAL,2020,318476280.0,2021-02-24,10-K,1.0,318476280.0
100517,UAL,2021,324626332.0,2022-02-10,10-K,1.0,324626332.0
100517,UAL,2022,327092997.0,2023-02-09,10-K,1.0,327092997.0
100517,UAL,2023,328025881.0,2024-02-22,10-K,1.0,328025881.0
100517,UAL,2024,327339564.0,2025-02-24,10-K,1.0,327339564.0
100517,UAL,2025,323430419.0,2026-02-05,10-K,1.0,323430419.0
100517,UAL,2026,324583772.0,2026-07-09,10-Q,1.0,324583772.0
100885,UNP,2014,881284029.0,2015-01-30,10-K,1.0,881284029.0
100885,UNP,2015,846414350.0,2016-01-29,10-K,1.0,846414350.0
100885,UNP,2016,813795240.0,2017-01-27,10-K,1.0,813795240.0
100885,UNP,2017,779305276.0,2018-02-02,10-K,1.0,779305276.0
100885,UNP,2018,722877817.0,2019-02-01,10-K,1.0,722877817.0
100885,UNP,2019,690261490.0,2020-01-31,10-K,1.0,690261490.0
100885,UNP,2020,669829363.0,2021-01-29,10-K,1.0,669829363.0
100885,UNP,2021,636898957.0,2022-01-28,10-K,1.0,636898957.0
100885,UNP,2022,611872981.0,2023-02-03,10-K,1.0,611872981.0
100885,UNP,2023,609777914.0,2024-02-02,10-K,1.0,609777914.0
100885,UNP,2024,604286378.0,2025-01-31,10-K,1.0,604286378.0
100885,UNP,2025,593391460.0,2026-01-30,10-K,1.0,593391460.0
100885,UNP,2026,594075498.0,2026-07-17,10-Q,1.0,594075498.0
101829,RTX,2014,907156995.0,2015-01-31,10-K,1.589,1441472465.055
101829,RTX,2015,836432010.0,2016-01-31,10-K,1.589,1329090463.8899999
101829,RTX,2016,805861740.0,2017-01-31,10-K,1.589,1280514304.86
101829,RTX,2017,799778295.0,2018-01-31,10-K,1.589,1270847710.7549999
101829,RTX,2018,861748797.0,2019-01-31,10-K,1.589,1369318838.433
101829,RTX,2019,865308981.0,2020-01-31,10-K,1.589,1374975970.809
101829,RTX,2020,1519478134.0,2021-01-29,10-K,1.0,1519478134.0
101829,RTX,2021,1492330987.0,2022-01-31,10-K,1.0,1492330987.0
101829,RTX,2022,1464954584.0,2023-01-31,10-K,1.0,1464954584.0
101829,RTX,2023,1326826896.0,2024-01-31,10-K,1.0,1326826896.0
101829,RTX,2024,1332122758.0,2024-12-31,10-K,1.0,1332122758.0
101829,RTX,2025,1342287676.0,2025-12-31,10-K,1.0,1342287676.0
101829,RTX,2026,1347758144.0,2026-06-30,10-Q,1.0,1347758144.0
104169,WMT,2014,3223189895.0,2014-11-26,10-Q,3.0,9669569685.0
104169,WMT,2015,3201893234.0,2015-11-30,10-Q,3.0,9605679702.0
104169,WMT,2016,3073190306.0,2016-11-28,10-Q,3.0,9219570918.0
104169,WMT,2017,2962381445.0,2017-11-29,10-Q,3.0,8887144335.0
104169,WMT,2018,2905260059.0,2018-11-28,10-Q,3.0,8715780177.0
104169,WMT,2019,2837174936.0,2019-12-02,10-Q,3.0,8511524808.0
104169,WMT,2020,2829285926.0,2020-11-30,10-Q,3.0,8487857778.0
104169,WMT,2021,2773878458.0,2021-11-29,10-Q,3.0,8321635374.0
104169,WMT,2022,2696800054.0,2022-11-29,10-Q,3.0,8090400162.0
104169,WMT,2023,2692233703.0,2023-11-28,10-Q,3.0,8076701109.0
104169,WMT,2024,8033386215.0,2024-12-04,10-Q,1.0,8033386215.0
104169,WMT,2025,7970166964.0,2025-12-02,10-Q,1.0,7970166964.0
104169,WMT,2026,7933746241.0,2026-08-26,10-Q,1.0,7933746241.0
105634,EME,2014,62979997.0,2015-02-19,10-K,1.0,62979997.0
105634,EME,2015,60659492.0,2016-02-22,10-K,1.0,60659492.0
105634,EME,2016,59660404.0,2017-02-17,10-K,1.0,59660404.0
105634,EME,2017,58373310.0,2018-02-16,10-K,1.0,58373310.0
105634,EME,2018,55997627.0,2019-02-15,10-K,1.0,55997627.0
105634,EME,2019,56259161.0,2020-02-21,10-K,1.0,56259161.0
105634,EME,2020,54796654.0,2021-02-19,10-K,1.0,54796654.0
105634,EME,2021,52666149.0,2022-02-18,10-K,1.0,52666149.0
105634,EME,2022,47687820.0,2023-02-17,10-K,1.0,47687820.0
105634,EME,2023,47064926.0,2024-02-22,10-K,1.0,47064926.0
105634,EME,2024,45472621.0,2025-02-24,10-K,1.0,45472621.0
105634,EME,2025,44532566.0,2026-02-20,10-K,1.0,44532566.0
105634,EME,2026,44109901.0,2026-07-24,10-Q,1.0,44109901.0
105770,WST,2014,71495486.0,2015-01-31,10-K,1.0,71495486.0
105770,WST,2015,72333516.0,2016-01-31,10-K,1.0,72333516.0
105770,WST,2016,73260436.0,2016-12-31,10-K,1.0,73260436.0
105770,WST,2017,73986496.0,2018-01-31,10-K,1.0,73986496.0
105770,WST,2018,74186169.0,2019-01-31,10-K,1.0,74186169.0
105770,WST,2019,73837449.0,2020-01-31,10-K,1.0,73837449.0
105770,WST,2020,74103026.0,2021-01-27,10-K,1.0,74103026.0
105770,WST,2021,74281589.0,2022-01-26,10-K,1.0,74281589.0
105770,WST,2022,74135554.0,2023-01-25,10-K,1.0,74135554.0
105770,WST,2023,73299296.0,2024-01-25,10-K,1.0,73299296.0
105770,WST,2024,72303766.0,2025-02-06,10-K,1.0,72303766.0
105770,WST,2025,72021491.0,2026-01-29,10-K,1.0,72021491.0
105770,WST,2026,70375762.0,2026-07-20,10-Q,1.0,70375762.0
106040,WDC,2014,231031533.0,2015-02-05,10-Q,1.323,305654718.159
106040,WDC,2015,232770151.0,2016-02-08,10-Q,1.323,307954909.773
106040,WDC,2016,288070433.0,2017-02-03,10-Q,1.323,381117182.85899997
106040,WDC,2017,297560299.0,2018-01-30,10-Q,1.323,393672275.57699996
106040,WDC,2018,290850938.0,2019-01-29,10-Q,1.323,384795790.974
106040,WDC,2019,298931536.0,2020-02-04,10-Q,1.323,395486422.12799996
106040,WDC,2020,306097179.0,2021-01-29,10-Q,1.323,404966567.817
106040,WDC,2021,312917687.0,2022-01-27,10-Q,1.323,413990099.90099996
106040,WDC,2022,319322335.0,2023-01-25,10-Q,1.323,422463449.205
106040,WDC,2023,325859745.0,2024-01-24,10-Q,1.323,431112442.635
106040,WDC,2024,347823902.0,2025-01-22,10-Q,1.323,460171022.34599996
106040,WDC,2025,339037922.0,2026-01-22,10-Q,1.0,339037922.0
106040,WDC,2026,360540944.0,2026-08-07,10-K,1.0,360540944.0
106535,WY,2014,524997504.0,2015-01-30,10-K,1.0,524997504.0
106535,WY,2015,510492965.0,2016-01-29,10-K,1.0,510492965.0
106535,WY,2016,748998273.0,2017-01-27,10-K,1.0,748998273.0
106535,WY,2017,756097841.0,2018-02-05,10-K,1.0,756097841.0
106535,WY,2018,746523890.0,2019-02-04,10-K,1.0,746523890.0
106535,WY,2019,745519000.0,2020-02-03,10-K,1.0,745519000.0
106535,WY,2020,747768000.0,2021-02-08,10-K,1.0,747768000.0
106535,WY,2021,746331000.0,2022-02-07,10-K,1.0,746331000.0
106535,WY,2022,732347000.0,2023-02-06,10-K,1.0,732347000.0
106535,WY,2023,729521000.0,2024-02-05,10-K,1.0,729521000.0
106535,WY,2024,725578000.0,2025-02-04,10-K,1.0,725578000.0
106535,WY,2025,720665000.0,2026-02-03,10-K,1.0,720665000.0
106535,WY,2026,720736000.0,2026-07-27,10-Q,1.0,720736000.0
107263,WMB,2014,747896477.0,2015-02-23,10-K,1.0,747896477.0
107263,WMB,2015,750065665.0,2016-02-22,10-K,1.0,750065665.0
107263,WMB,2016,825823918.0,2017-02-17,10-K,1.0,825823918.0
107263,WMB,2017,827327336.0,2018-02-19,10-K,1.0,827327336.0
107263,WMB,2018,1210981263.0,2019-02-15,10-K,1.0,1210981263.0
107263,WMB,2019,1212494859.0,2020-02-19,10-K,1.0,1212494859.0
107263,WMB,2020,1213790391.0,2021-02-19,10-K,1.0,1213790391.0
107263,WMB,2021,1215592791.0,2022-02-18,10-K,1.0,1215592791.0
107263,WMB,2022,1218562959.0,2023-02-17,10-K,1.0,1218562959.0
107263,WMB,2023,1216750172.0,2024-02-16,10-K,1.0,1216750172.0
107263,WMB,2024,1219369295.0,2025-02-20,10-K,1.0,1219369295.0
107263,WMB,2025,1221563111.0,2026-02-19,10-K,1.0,1221563111.0
107263,WMB,2026,1223167472.0,2026-07-30,10-Q,1.0,1223167472.0
109198,TJX,2014,683473567.0,2015-02-28,10-K,2.0,1366947134.0
109198,TJX,2015,662591204.0,2016-02-27,10-K,2.0,1325182408.0
109198,TJX,2016,645589872.0,2017-02-25,10-K,2.0,1291179744.0
109198,TJX,2017,632302505.0,2017-10-28,10-Q,2.0,1264605010.0
109198,TJX,2018,1233145248.0,2018-11-03,10-Q,2.0,2466290496.0
109198,TJX,2019,1197698188.0,2020-02-29,10-K,1.0,1197698188.0
109198,TJX,2020,1200631186.0,2020-10-31,10-Q,1.0,1200631186.0
109198,TJX,2021,1192878394.0,2021-11-19,10-Q,1.0,1192878394.0
109198,TJX,2022,1155504149.0,2022-11-18,10-Q,1.0,1155504149.0
109198,TJX,2023,1139676816.0,2023-11-17,10-Q,1.0,1139676816.0
109198,TJX,2024,1124158029.0,2024-11-22,10-Q,1.0,1124158029.0
109198,TJX,2025,1110467095.0,2025-11-21,10-Q,1.0,1110467095.0
109198,TJX,2026,1099974061.0,2026-08-21,10-Q,1.0,1099974061.0
200406,JNJ,2014,2780488708.0,2015-02-17,10-K,1.0,2780488708.0
200406,JNJ,2015,2759359192.0,2016-02-19,10-K,1.0,2759359192.0
200406,JNJ,2016,2713346602.0,2017-02-23,10-K,1.0,2713346602.0
200406,JNJ,2017,2682901553.0,2018-02-16,10-K,1.0,2682901553.0
200406,JNJ,2018,2663138579.0,2019-02-15,10-K,1.0,2663138579.0
200406,JNJ,2019,2634721257.0,2020-02-10,10-K,1.0,2634721257.0
200406,JNJ,2020,2628679824.0,2021-02-16,10-K,1.0,2628679824.0
200406,JNJ,2021,2629268158.0,2022-02-10,10-K,1.0,2629268158.0
200406,JNJ,2022,2604286303.0,2023-02-10,10-K,1.0,2604286303.0
200406,JNJ,2023,2408767228.0,2024-02-09,10-K,1.0,2408767228.0
200406,JNJ,2024,2407616693.0,2025-02-06,10-K,1.0,2407616693.0
200406,JNJ,2025,2409898936.0,2026-02-06,10-K,1.0,2409898936.0
200406,JNJ,2026,2409898597.0,2026-07-17,10-Q,1.0,2409898597.0
202058,LHX,2014,104118788.0,2015-02-06,10-Q,1.0,104118788.0
202058,LHX,2015,124654177.0,2016-01-29,10-Q,1.0,124654177.0
202058,LHX,2016,124461661.0,2017-01-27,10-Q,1.0,124461661.0
202058,LHX,2017,118729803.0,2018-01-26,10-Q,1.0,118729803.0
202058,LHX,2018,117829781.0,2019-01-25,10-Q,1.0,117829781.0
202058,LHX,2019,216896195.0,2020-02-28,10-KT,1.0,216896195.0
202058,LHX,2020,205565782.0,2021-02-26,10-K,1.0,205565782.0
202058,LHX,2021,193065899.0,2022-02-18,10-K,1.0,193065899.0
202058,LHX,2022,190089405.0,2023-02-17,10-K,1.0,190089405.0
202058,LHX,2023,190107856.0,2024-02-09,10-K,1.0,190107856.0
202058,LHX,2024,188313839.0,2025-02-07,10-K,1.0,188313839.0
202058,LHX,2025,186776263.0,2026-02-06,10-K,1.0,186776263.0
202058,LHX,2026,186214616.0,2026-07-24,10-Q,1.0,186214616.0
217346,TXT,2014,276834630.0,2015-02-07,10-K,1.0,276834630.0
217346,TXT,2015,271171585.0,2016-02-06,10-K,1.0,271171585.0
217346,TXT,2016,270086401.0,2017-02-04,10-K,1.0,270086401.0
217346,TXT,2017,261771970.0,2018-02-03,10-K,1.0,261771970.0
217346,TXT,2018,234679051.0,2019-02-02,10-K,1.0,234679051.0
217346,TXT,2019,228049518.0,2020-02-08,10-K,1.0,228049518.0
217346,TXT,2020,226284488.0,2021-02-06,10-K,1.0,226284488.0
217346,TXT,2021,216682177.0,2022-02-05,10-K,1.0,216682177.0
217346,TXT,2022,205216698.0,2023-02-04,10-K,1.0,205216698.0
217346,TXT,2023,192853981.0,2024-02-03,10-K,1.0,192853981.0
217346,TXT,2024,182572762.0,2025-02-01,10-K,1.0,182572762.0
217346,TXT,2025,174162437.0,2026-02-07,10-K,1.0,174162437.0
217346,TXT,2026,171986917.0,2026-07-17,10-Q,1.0,171986917.0
277135,GWW,2014,67442179.0,2015-01-31,10-K,1.0,67442179.0
277135,GWW,2015,61728599.0,2016-01-31,10-K,1.0,61728599.0
277135,GWW,2016,58837353.0,2017-01-31,10-K,1.0,58837353.0
277135,GWW,2017,56105411.0,2018-01-31,10-K,1.0,56105411.0
277135,GWW,2018,55679223.0,2019-01-31,10-K,1.0,55679223.0
277135,GWW,2019,53656306.0,2020-01-31,10-K,1.0,53656306.0
277135,GWW,2020,52375717.0,2021-01-31,10-K,1.0,52375717.0
277135,GWW,2021,51107898.0,2022-02-11,10-K,1.0,51107898.0
277135,GWW,2022,50199270.0,2023-02-15,10-K,1.0,50199270.0
277135,GWW,2023,49173357.0,2024-02-14,10-K,1.0,49173357.0
277135,GWW,2024,48216708.0,2025-02-14,10-K,1.0,48216708.0
277135,GWW,2025,47373024.0,2026-02-12,10-K,1.0,47373024.0
277135,GWW,2026,47100942.0,2026-07-28,10-Q,1.0,47100942.0
277948,CSX,2014,990564824.0,2015-01-23,10-K,3.0,2971694472.0
277948,CSX,2015,963150011.0,2016-01-22,10-K,3.0,2889450033.0
277948,CSX,2016,926446993.0,2017-01-27,10-K,3.0,2779340979.0
277948,CSX,2017,887236080.0,2018-01-31,10-K,3.0,2661708240.0
277948,CSX,2018,815630366.0,2019-01-31,10-K,3.0,2446891098.0
277948,CSX,2019,773825565.0,2020-01-31,10-K,3.0,2321476695.0
277948,CSX,2020,762505058.0,2021-01-31,10-K,3.0,2287515174.0
277948,CSX,2021,2193389444.0,2022-01-31,10-K,1.0,2193389444.0
277948,CSX,2022,2062605434.0,2023-01-31,10-K,1.0,2062605434.0
277948,CSX,2023,1959134342.0,2024-01-31,10-K,1.0,1959134342.0
277948,CSX,2024,1894616582.0,2025-01-31,10-K,1.0,1894616582.0
277948,CSX,2025,1859556799.0,2026-01-31,10-K,1.0,1859556799.0
277948,CSX,2026,1852474917.0,2026-06-30,10-Q,1.0,1852474917.0
310158,MRK,2014,2838192933.0,2015-01-31,10-K,1.048,2974426193.784
310158,MRK,2015,2775258591.0,2016-01-31,10-K,1.048,2908471003.368
310158,MRK,2016,2745571067.0,2017-01-31,10-K,1.048,2877358478.216
310158,MRK,2017,2696190502.0,2018-01-31,10-K,1.048,2825607646.096
310158,MRK,2018,2581220308.0,2019-01-31,10-K,1.048,2705118882.784
310158,MRK,2019,2536268760.0,2020-01-31,10-K,1.048,2658009660.48
310158,MRK,2020,2530315668.0,2021-01-31,10-K,1.048,2651770820.064
310158,MRK,2021,2527733606.0,2022-01-31,10-K,1.0,2527733606.0
310158,MRK,2022,2538592467.0,2023-01-31,10-K,1.0,2538592467.0
310158,MRK,2023,2532643872.0,2024-01-31,10-K/A,1.0,2532643872.0
310158,MRK,2024,2526036240.0,2025-01-31,10-K,1.0,2526036240.0
310158,MRK,2025,2472392003.0,2026-01-31,10-K,1.0,2472392003.0
310158,MRK,2026,2467171638.0,2026-07-31,10-Q,1.0,2467171638.0
310764,SYK,2014,378749951.0,2015-01-31,10-K,1.0,378749951.0
310764,SYK,2015,372982213.0,2016-01-31,10-K,1.0,372982213.0
310764,SYK,2016,372878298.0,2017-01-31,10-K,1.0,372878298.0
310764,SYK,2017,374642060.0,2018-01-31,10-K,1.0,374642060.0
310764,SYK,2018,372664636.0,2019-01-31,10-K,1.0,372664636.0
310764,SYK,2019,374575145.0,2020-01-31,10-K,1.0,374575145.0
310764,SYK,2020,376200942.0,2021-01-31,10-K,1.0,376200942.0
310764,SYK,2021,377544686.0,2022-01-31,10-K,1.0,377544686.0
310764,SYK,2022,378831249.0,2023-01-31,10-K,1.0,378831249.0
310764,SYK,2023,380264036.0,2024-01-31,10-K,1.0,380264036.0
310764,SYK,2024,381579123.0,2025-01-31,10-K,1.0,381579123.0
310764,SYK,2025,382688675.0,2026-01-31,10-K,1.0,382688675.0
310764,SYK,2026,383573046.0,2026-06-30,10-Q,1.0,383573046.0
313616,DHR,2014,705777722.0,2015-02-09,10-K,1.4878319999999998,1050078679.6787039
313616,DHR,2015,687154521.0,2016-02-09,10-K,1.4878319999999998,1022370485.2884718
313616,DHR,2016,693280277.0,2017-02-09,10-K,1.128,782020152.456
313616,DHR,2017,697569470.0,2018-02-08,10-K,1.128,786858362.16
313616,DHR,2018,701875340.0,2019-02-07,10-K,1.128,791715383.52
313616,DHR,2019,696237113.0,2020-02-06,10-K,1.128,785355463.4639999
313616,DHR,2020,712204198.0,2021-02-05,10-K,1.128,803366335.344
313616,DHR,2021,715352586.0,2022-02-04,10-K,1.128,806917717.0079999
313616,DHR,2022,728576886.0,2023-02-03,10-K,1.128,821834727.4079999
313616,DHR,2023,739701725.0,2024-02-02,10-K,1.0,739701725.0
313616,DHR,2024,714709852.0,2025-02-03,10-K,1.0,714709852.0
313616,DHR,2025,707139356.0,2026-02-02,10-K,1.0,707139356.0
313616,DHR,2026,702986054.0,2026-07-16,10-Q,1.0,702986054.0
313927,CHD,2014,130566502.0,2015-02-18,10-K,2.0,261133004.0
313927,CHD,2015,129725220.0,2016-02-17,10-K,2.0,259450440.0
313927,CHD,2016,254632798.0,2017-02-21,10-K,1.0,254632798.0
313927,CHD,2017,243942435.0,2018-02-20,10-K,1.0,243942435.0
313927,CHD,2018,245901066.0,2019-02-19,10-K,1.0,245901066.0
313927,CHD,2019,245659577.0,2020-02-13,10-K,1.0,245659577.0
313927,CHD,2020,245073576.0,2021-02-15,10-K,1.0,245073576.0
313927,CHD,2021,242691649.0,2022-02-15,10-K,1.0,242691649.0
313927,CHD,2022,244040705.0,2023-02-13,10-K,1.0,244040705.0
313927,CHD,2023,243776939.0,2024-02-12,10-K,1.0,243776939.0
313927,CHD,2024,245969881.0,2025-02-10,10-K,1.0,245969881.0
313927,CHD,2025,236694241.0,2026-02-09,10-K,1.0,236694241.0
313927,CHD,2026,237203907.0,2026-07-29,10-Q,1.0,237203907.0
315189,DE,2014,339496187.0,2015-01-31,10-Q,1.0,339496187.0
315189,DE,2015,315325774.0,2016-01-31,10-Q,1.0,315325774.0
315189,DE,2016,318283154.0,2017-01-29,10-Q,1.0,318283154.0
315189,DE,2017,323787852.0,2018-01-28,10-Q,1.0,323787852.0
315189,DE,2018,318493477.0,2019-01-27,10-Q,1.0,318493477.0
315189,DE,2019,313619999.0,2020-02-02,10-Q,1.0,313619999.0
315189,DE,2020,313438923.0,2021-01-31,10-Q,1.0,313438923.0
315189,DE,2021,306784327.0,2022-01-30,10-Q,1.0,306784327.0
315189,DE,2022,296322273.0,2023-01-29,10-Q,1.0,296322273.0
315189,DE,2023,278358210.0,2024-01-28,10-Q,1.0,278358210.0
315189,DE,2024,271413927.0,2025-01-26,10-Q,1.0,271413927.0
315189,DE,2025,270107282.0,2026-02-01,10-Q,1.0,270107282.0
315189,DE,2026,269625412.0,2026-08-02,10-Q,1.0,269625412.0
315293,AON,2014,280250522.0,2015-01-31,10-K,1.0,280250522.0
315293,AON,2015,270081701.0,2016-02-05,10-K,1.0,270081701.0
315293,AON,2016,262600762.0,2017-02-22,10-K,1.0,262600762.0
315293,AON,2017,246180510.0,2018-02-16,10-K,1.0,246180510.0
315293,AON,2018,239999442.0,2019-02-15,10-K,1.0,239999442.0
315293,AON,2019,231582094.0,2020-02-13,10-K,1.0,231582094.0
315293,AON,2020,225984346.0,2021-02-18,10-K,1.0,225984346.0
315293,AON,2021,213944460.0,2022-02-17,10-K,1.0,213944460.0
315293,AON,2022,205142379.0,2023-02-16,10-K,1.0,205142379.0
315293,AON,2023,198297735.0,2024-02-16,10-K,1.0,198297735.0
315293,AON,2024,216001106.0,2025-02-14,10-K,1.0,216001106.0
315293,AON,2025,214254496.0,2026-02-12,10-K,1.0,214254496.0
315293,AON,2026,212125434.0,2026-07-28,10-Q,1.0,212125434.0
316709,SCHW,2014,1311054124.0,2015-01-30,10-K,1.0,1311054124.0
316709,SCHW,2015,1320522900.0,2016-01-29,10-K,1.0,1320522900.0
316709,SCHW,2016,1334969258.0,2017-01-31,10-K,1.0,1334969258.0
316709,SCHW,2017,1346473499.0,2018-01-31,10-K,1.0,1346473499.0
316709,SCHW,2018,1332893531.0,2019-01-31,10-K,1.0,1332893531.0
316709,SCHW,2019,1286215799.0,2020-01-31,10-K,1.0,1286215799.0
316709,SCHW,2020,1288641882.0,2020-07-31,10-Q,1.0,1288641882.0
316709,SCHW,2024,1813567665.0,2025-02-12,10-K,1.0,1813567665.0
316709,SCHW,2025,1752210425.0,2026-01-30,10-K,1.0,1752210425.0
316709,SCHW,2026,1729335714.0,2026-07-31,10-Q,1.0,1729335714.0
318154,AMGN,2014,758861306.0,2015-02-12,10-K,1.0,758861306.0
318154,AMGN,2015,752091038.0,2016-02-09,10-K,1.0,752091038.0
318154,AMGN,2016,736452791.0,2017-02-09,10-K,1.0,736452791.0
318154,AMGN,2017,720562246.0,2018-02-09,10-K,1.0,720562246.0
318154,AMGN,2018,622278034.0,2019-02-07,10-K,1.0,622278034.0
318154,AMGN,2019,589806819.0,2020-02-06,10-K,1.0,589806819.0
318154,AMGN,2020,577566383.0,2021-02-03,10-K,1.0,577566383.0
318154,AMGN,2021,557029370.0,2022-02-11,10-K,1.0,557029370.0
318154,AMGN,2022,533976238.0,2023-02-06,10-K,1.0,533976238.0
318154,AMGN,2023,535918901.0,2024-02-09,10-K,1.0,535918901.0
318154,AMGN,2024,537204943.0,2025-02-11,10-K,1.0,537204943.0
318154,AMGN,2025,539067675.0,2026-02-10,10-K,1.0,539067675.0
318154,AMGN,2026,540632005.0,2026-07-30,10-Q,1.0,540632005.0
319201,KLAC,2014,162664930.0,2015-01-09,10-Q,10.0,1626649300.0
319201,KLAC,2015,155664640.0,2016-01-15,10-Q,10.0,1556646400.0
319201,KLAC,2016,156729320.0,2017-01-17,10-Q,10.0,1567293200.0
319201,KLAC,2017,156620125.0,2018-01-12,10-Q,10.0,1566201250.0
319201,KLAC,2018,151363988.0,2019-01-18,10-Q,10.0,1513639880.0
319201,KLAC,2019,156772198.0,2020-01-17,10-Q,10.0,1567721980.0
319201,KLAC,2020,154074651.0,2021-01-15,10-Q,10.0,1540746510.0
319201,KLAC,2021,150715343.0,2022-01-14,10-Q,10.0,1507153430.0
319201,KLAC,2022,138479764.0,2023-01-17,10-Q,10.0,1384797640.0
319201,KLAC,2023,135233651.0,2024-01-16,10-Q,10.0,1352336510.0
319201,KLAC,2024,132886746.0,2025-01-21,10-Q,10.0,1328867460.0
319201,KLAC,2025,131076611.0,2026-01-26,10-Q,10.0,1310766110.0
319201,KLAC,2026,1306546783.0,2026-08-03,10-K,1.0,1306546783.0
320187,NKE,2014,863938522.0,2015-01-02,10-Q,2.0,1727877044.0
320187,NKE,2015,855351589.0,2015-07-17,10-K,2.0,1710703178.0
320193,AAPL,2014,5824748000.0,2015-01-09,10-Q,4.0,23298992000.0
320193,AAPL,2015,5544583000.0,2016-01-08,10-Q,4.0,22178332000.0
320193,AAPL,2016,5246540000.0,2017-01-20,10-Q,4.0,20986160000.0
320193,AAPL,2017,5074013000.0,2018-01-19,10-Q,4.0,20296052000.0
320193,AAPL,2018,4715280000.0,2019-01-18,10-Q,4.0,18861120000.0
320193,AAPL,2019,4375480000.0,2020-01-17,10-Q,4.0,17501920000.0
320193,AAPL,2020,16788096000.0,2021-01-15,10-Q,1.0,16788096000.0
320193,AAPL,2021,16319441000.0,2022-01-14,10-Q,1.0,16319441000.0
320193,AAPL,2022,15821946000.0,2023-01-20,10-Q,1.0,15821946000.0
320193,AAPL,2023,15441881000.0,2024-01-19,10-Q,1.0,15441881000.0
320193,AAPL,2024,15022073000.0,2025-01-17,10-Q,1.0,15022073000.0
320193,AAPL,2025,14681140000.0,2026-01-16,10-Q,1.0,14681140000.0
320193,AAPL,2026,14594180000.0,2026-07-17,10-Q,1.0,14594180000.0
320335,GL,2014,127107471.0,2015-02-13,10-K,1.0,127107471.0
320335,GL,2015,121264589.0,2016-02-19,10-K,1.0,121264589.0
320335,GL,2016,117761153.0,2017-02-17,10-K,1.0,117761153.0
320335,GL,2017,114081876.0,2018-02-16,10-K,1.0,114081876.0
320335,GL,2018,110236297.0,2019-02-19,10-K,1.0,110236297.0
320335,GL,2019,107533326.0,2020-02-19,10-K,1.0,107533326.0
320335,GL,2020,103283402.0,2021-02-18,10-K,1.0,103283402.0
320335,GL,2021,99338401.0,2022-02-16,10-K,1.0,99338401.0
320335,GL,2022,96497627.0,2023-01-31,10-K,1.0,96497627.0
320335,GL,2023,93707838.0,2024-01-31,10-K,1.0,93707838.0
320335,GL,2024,83848424.0,2025-01-31,10-K,1.0,83848424.0
320335,GL,2025,78637130.0,2026-01-30,10-K,1.0,78637130.0
320335,GL,2026,76849447.0,2026-07-31,10-Q,1.0,76849447.0
352541,LNT,2014,110935680.0,2015-01-30,10-K,2.0,221871360.0
352541,LNT,2015,113465499.0,2016-01-29,10-K,2.0,226930998.0
352541,LNT,2016,227687330.0,2017-01-31,10-K,1.0,227687330.0
352541,LNT,2017,231356336.0,2018-01-31,10-K,1.0,231356336.0
352541,LNT,2018,236074475.0,2019-01-31,10-K,1.0,236074475.0
352541,LNT,2019,245031019.0,2020-01-31,10-K,1.0,245031019.0
352541,LNT,2020,249881050.0,2021-01-31,10-K,1.0,249881050.0
352541,LNT,2021,250478681.0,2022-01-31,10-K,1.0,250478681.0
352541,LNT,2022,251137522.0,2023-01-31,10-K,1.0,251137522.0
352541,LNT,2023,256100293.0,2024-01-31,10-K,1.0,256100293.0
352541,LNT,2024,256692381.0,2025-01-31,10-K,1.0,256692381.0
352541,LNT,2025,257140829.0,2026-01-31,10-K,1.0,257140829.0
352541,LNT,2026,258277037.0,2026-03-31,10-Q,1.0,258277037.0
354190,AJG,2014,164744000.0,2015-01-31,10-K,1.0,164744000.0
354190,AJG,2015,177027000.0,2016-01-31,10-K,1.0,177027000.0
354190,AJG,2016,178617000.0,2017-01-31,10-K,1.0,178617000.0
354190,AJG,2017,181426000.0,2018-01-31,10-K,1.0,181426000.0
354190,AJG,2018,184060000.0,2019-01-31,10-K,1.0,184060000.0
354190,AJG,2019,188247000.0,2020-01-31,10-K,1.0,188247000.0
354190,AJG,2020,193740000.0,2021-01-31,10-K,1.0,193740000.0
354190,AJG,2021,208542000.0,2022-01-31,10-K,1.0,208542000.0
354190,AJG,2022,212094000.0,2023-01-31,10-K,1.0,212094000.0
354190,AJG,2023,216800000.0,2024-01-31,10-K,1.0,216800000.0
354190,AJG,2024,254700000.0,2025-01-31,10-K,1.0,254700000.0
354190,AJG,2025,257100000.0,2026-01-31,10-K,1.0,257100000.0
354190,AJG,2026,256300000.0,2026-06-30,10-Q,1.0,256300000.0
354950,HD,2014,1317827350.0,2014-11-18,10-Q,1.0,1317827350.0
354950,HD,2015,1267881263.0,2015-11-17,10-Q,1.0,1267881263.0
354950,HD,2016,1218160970.0,2016-11-15,10-Q,1.0,1218160970.0
354950,HD,2017,1167748619.0,2017-11-14,10-Q,1.0,1167748619.0
354950,HD,2018,1129527754.0,2018-11-13,10-Q,1.0,1129527754.0
354950,HD,2019,1090831020.0,2019-11-19,10-Q,1.0,1090831020.0
354950,HD,2020,1076600781.0,2020-11-17,10-Q,1.0,1076600781.0
354950,HD,2021,1044239177.0,2021-11-16,10-Q,1.0,1044239177.0
354950,HD,2022,1019186022.0,2022-11-15,10-Q,1.0,1019186022.0
354950,HD,2023,991015773.0,2024-02-28,10-K,1.0,991015773.0
354950,HD,2024,993362612.0,2024-11-12,10-Q,1.0,993362612.0
354950,HD,2025,995511485.0,2025-11-18,10-Q,1.0,995511485.0
354950,HD,2026,997689626.0,2026-08-18,10-Q,1.0,997689626.0
702165,NSC,2014,307411965.0,2015-01-31,10-K,1.0,307411965.0
702165,NSC,2015,298198651.0,2016-01-31,10-K,1.0,298198651.0
702165,NSC,2016,290553713.0,2017-01-31,10-K,1.0,290553713.0
702165,NSC,2017,283997242.0,2018-01-31,10-K,1.0,283997242.0
702165,NSC,2018,267455326.0,2019-01-31,10-K,1.0,267455326.0
702165,NSC,2019,257844180.0,2020-01-31,10-K,1.0,257844180.0
702165,NSC,2020,251911634.0,2021-01-31,10-K,1.0,251911634.0
702165,NSC,2021,239777444.0,2022-01-31,10-K,1.0,239777444.0
702165,NSC,2022,227782202.0,2023-01-31,10-K,1.0,227782202.0
702165,NSC,2023,225881508.0,2024-01-31,10-K,1.0,225881508.0
702165,NSC,2024,226434128.0,2025-01-31,10-K,1.0,226434128.0
702165,NSC,2025,224572025.0,2026-01-31,10-K,1.0,224572025.0
702165,NSC,2026,224608373.0,2026-06-30,10-Q,1.0,224608373.0
707549,LRCX,2014,159316108.0,2015-01-28,10-Q,10.0,1593161080.0
707549,LRCX,2015,158893928.0,2016-01-29,10-Q,10.0,1588939280.0
707549,LRCX,2016,162843881.0,2017-01-26,10-Q,10.0,1628438810.0
707549,LRCX,2017,162952484.0,2018-01-25,10-Q,10.0,1629524840.0
707549,LRCX,2018,152593454.0,2019-01-28,10-Q,10.0,1525934540.0
707549,LRCX,2019,145548470.0,2020-01-31,10-Q,10.0,1455484700.0
707549,LRCX,2020,142908315.0,2021-01-29,10-Q,10.0,1429083150.0
707549,LRCX,2021,139500143.0,2022-01-28,10-Q,10.0,1395001430.0
707549,LRCX,2022,134936209.0,2023-01-26,10-Q,10.0,1349362090.0
707549,LRCX,2023,131103000.0,2024-01-25,10-Q,10.0,1311030000.0
707549,LRCX,2024,1283662000.0,2025-01-29,10-Q,1.0,1283662000.0
707549,LRCX,2025,1248771000.0,2026-01-27,10-Q,1.0,1248771000.0
707549,LRCX,2026,1251321000.0,2026-08-04,10-K,1.0,1251321000.0
711404,COO,2014,48288639.0,2015-01-31,10-Q,4.0,193154556.0
711404,COO,2015,48391028.0,2016-01-31,10-Q,4.0,193564112.0
711404,COO,2016,48936183.0,2017-01-31,10-Q,4.0,195744732.0
711404,COO,2017,49022319.0,2018-01-31,10-Q,4.0,196089276.0
711404,COO,2018,49374137.0,2019-02-26,10-Q,4.0,197496548.0
711404,COO,2019,53330450.0,2020-02-26,10-Q,4.0,213321800.0
711404,COO,2020,49151068.0,2021-02-26,10-Q,4.0,196604272.0
711404,COO,2021,49301550.0,2022-02-25,10-Q,4.0,197206200.0
711404,COO,2022,49455664.0,2023-02-24,10-Q,4.0,197822656.0
711404,COO,2023,198756284.0,2024-02-23,10-Q,1.0,198756284.0
711404,COO,2024,199582626.0,2024-11-29,10-K,1.0,199582626.0
711404,COO,2025,195978026.0,2025-12-01,10-K,1.0,195978026.0
711404,COO,2026,190155294.0,2026-09-03,10-Q,1.0,190155294.0
713676,PNC,2014,520689714.0,2015-02-13,10-K,1.0,520689714.0
713676,PNC,2015,501105185.0,2016-02-12,10-K,1.0,501105185.0
713676,PNC,2016,486156269.0,2017-02-10,10-K,1.0,486156269.0
713676,PNC,2017,471590384.0,2018-02-09,10-K,1.0,471590384.0
713676,PNC,2018,453612522.0,2019-02-08,10-K,1.0,453612522.0
713676,PNC,2019,428726784.0,2020-02-06,10-K,1.0,428726784.0
713676,PNC,2020,424020492.0,2021-02-05,10-K,1.0,424020492.0
713676,PNC,2021,418454799.0,2022-02-04,10-K,1.0,418454799.0
713676,PNC,2022,399682159.0,2023-02-03,10-K,1.0,399682159.0
713676,PNC,2023,397808112.0,2024-02-02,10-K,1.0,397808112.0
713676,PNC,2024,395749583.0,2025-02-03,10-K,1.0,395749583.0
713676,PNC,2025,403370923.0,2026-02-03,10-K,1.0,403370923.0
713676,PNC,2026,398943667.0,2026-07-20,10-Q,1.0,398943667.0
715957,D,2014,588138107.0,2015-01-31,10-K,1.0,588138107.0
715957,D,2015,596419295.0,2016-01-31,10-K,1.0,596419295.0
715957,D,2016,628115398.0,2017-02-15,10-K,1.0,628115398.0
715957,D,2017,651524668.0,2018-02-15,10-K,1.0,651524668.0
715957,D,2018,799313999.0,2019-02-15,10-K,1.0,799313999.0
715957,D,2019,838000325.0,2020-02-14,10-K,1.0,838000325.0
715957,D,2020,805648140.0,2021-02-12,10-K,1.0,805648140.0
715957,D,2021,810463489.0,2022-02-11,10-K,1.0,810463489.0
715957,D,2022,835193617.0,2023-02-15,10-K,1.0,835193617.0
715957,D,2023,837443257.0,2024-02-19,10-K,1.0,837443257.0
715957,D,2024,852050458.0,2025-02-20,10-K,1.0,852050458.0
715957,D,2025,878785631.0,2026-02-16,10-K,1.0,878785631.0
715957,D,2026,879455403.0,2026-04-24,10-Q,1.0,879455403.0
719955,WSM,2014,92089110.0,2014-11-30,10-Q,2.0,184178220.0
719955,WSM,2015,89843783.0,2015-11-29,10-Q,2.0,179687566.0
719955,WSM,2016,87845738.0,2016-11-27,10-Q,2.0,175691476.0
719955,WSM,2017,84175180.0,2017-11-26,10-Q,2.0,168350360.0
719955,WSM,2018,80155276.0,2018-11-25,10-Q,2.0,160310552.0
719955,WSM,2019,77467381.0,2019-12-01,10-Q,2.0,154934762.0
719955,WSM,2020,76587716.0,2020-11-29,10-Q,2.0,153175432.0
719955,WSM,2021,72954519.0,2021-11-28,10-Q,2.0,145909038.0
719955,WSM,2022,66567436.0,2022-11-27,10-Q,2.0,133134872.0
719955,WSM,2023,64144519.0,2023-11-26,10-Q,2.0,128289038.0
719955,WSM,2024,123099943.0,2024-11-17,10-Q,1.0,123099943.0
719955,WSM,2025,119380711.0,2025-11-23,10-Q,1.0,119380711.0
719955,WSM,2026,117779173.0,2026-08-23,10-Q,1.0,117779173.0
720005,RJF,2014,142781599.0,2015-02-02,10-Q,1.5,214172398.5
720005,RJF,2015,141268377.0,2016-02-05,10-Q,1.5,211902565.5
720005,RJF,2016,143686015.0,2017-02-03,10-Q,1.5,215529022.5
720005,RJF,2017,145614962.0,2018-02-07,10-Q,1.5,218422443.0
720005,RJF,2018,141037985.0,2019-02-07,10-Q,1.5,211556977.5
720005,RJF,2019,139283886.0,2020-02-06,10-Q,1.5,208925829.0
720005,RJF,2020,137711152.0,2021-02-03,10-Q,1.5,206566728.0
720005,RJF,2021,207602043.0,2022-02-03,10-Q,1.0,207602043.0
720005,RJF,2022,215351531.0,2023-02-01,10-Q,1.0,215351531.0
720005,RJF,2023,209027614.0,2024-02-05,10-Q,1.0,209027614.0
720005,RJF,2024,204910034.0,2025-02-05,10-Q,1.0,204910034.0
720005,RJF,2025,197091037.0,2026-02-04,10-Q,1.0,197091037.0
720005,RJF,2026,192361711.0,2026-08-03,10-Q,1.0,192361711.0
721371,CAH,2014,330130751.0,2015-01-27,10-Q,1.0,330130751.0
721371,CAH,2015,329328935.0,2016-01-27,10-Q,1.0,329328935.0
721371,CAH,2016,315454756.0,2017-01-31,10-Q,1.0,315454756.0
721371,CAH,2017,314706914.0,2018-01-31,10-Q,1.0,314706914.0
721371,CAH,2018,298016653.0,2019-01-31,10-Q,1.0,298016653.0
721371,CAH,2019,291783533.0,2020-01-31,10-Q,1.0,291783533.0
721371,CAH,2020,293667560.0,2021-01-31,10-Q,1.0,293667560.0
721371,CAH,2021,277061392.0,2022-01-31,10-Q,1.0,277061392.0
721371,CAH,2022,257639059.0,2023-01-31,10-Q,1.0,257639059.0
721371,CAH,2023,243233153.0,2024-01-26,10-Q,1.0,243233153.0
721371,CAH,2024,241567993.0,2025-01-24,10-Q,1.0,241567993.0
721371,CAH,2025,235316016.0,2026-01-31,10-Q,1.0,235316016.0
721371,CAH,2026,232575728.0,2026-07-31,10-K,1.0,232575728.0
723125,MU,2014,1077313410.0,2015-01-02,10-Q,1.0,1077313410.0
723125,MU,2015,1037455896.0,2016-01-07,10-Q,1.0,1037455896.0
723125,MU,2016,1102751846.0,2017-01-03,10-Q,1.0,1102751846.0
723125,MU,2017,1156314972.0,2017-12-15,10-Q,1.0,1156314972.0
723125,MU,2018,1121046809.0,2018-12-12,10-Q,1.0,1121046809.0
723125,MU,2019,1110873554.0,2019-12-13,10-Q,1.0,1110873554.0
723125,MU,2020,1118671492.0,2021-01-04,10-Q,1.0,1118671492.0
723125,MU,2021,1119777110.0,2022-01-03,10-Q,1.0,1119777110.0
723125,MU,2022,1091176552.0,2022-12-16,10-Q,1.0,1091176552.0
723125,MU,2023,1103908880.0,2023-12-14,10-Q,1.0,1103908880.0
723125,MU,2024,1114171932.0,2024-12-12,10-Q,1.0,1114171932.0
723125,MU,2025,1125509261.0,2025-12-10,10-Q,1.0,1125509261.0
723125,MU,2026,1129393151.0,2026-06-17,10-Q,1.0,1129393151.0
723254,CTAS,2014,117327890.0,2014-12-31,10-Q,4.0,469311560.0
723254,CTAS,2015,108130453.0,2015-12-31,10-Q,4.0,432521812.0
723254,CTAS,2016,105039128.0,2016-12-31,10-Q,4.0,420156512.0
723254,CTAS,2017,106488799.0,2017-12-31,10-Q,4.0,425955196.0
723254,CTAS,2018,104543895.0,2018-12-31,10-Q,4.0,418175580.0
723254,CTAS,2019,103750798.0,2019-12-31,10-Q,4.0,415003192.0
723254,CTAS,2020,105029963.0,2020-12-31,10-Q,4.0,420119852.0
723254,CTAS,2021,103732576.0,2021-12-31,10-Q,4.0,414930304.0
723254,CTAS,2022,101620479.0,2022-12-31,10-Q,4.0,406481916.0
723254,CTAS,2023,101371435.0,2023-12-31,10-Q,4.0,405485740.0
723254,CTAS,2024,403543932.0,2024-12-31,10-Q,1.0,403543932.0
723254,CTAS,2025,399889646.0,2025-12-31,10-Q,1.0,399889646.0
723254,CTAS,2026,400169561.0,2026-06-30,10-K,1.0,400169561.0
723531,PAYX,2014,363228330.0,2015-02-28,10-Q,1.0,363228330.0
723531,PAYX,2015,360121054.0,2016-02-29,10-Q,1.0,360121054.0
723531,PAYX,2016,359248385.0,2017-02-28,10-Q,1.0,359248385.0
723531,PAYX,2017,359275368.0,2018-02-28,10-Q,1.0,359275368.0
723531,PAYX,2018,359392757.0,2019-02-28,10-Q,1.0,359392757.0
723531,PAYX,2019,358715435.0,2020-02-29,10-Q,1.0,358715435.0
723531,PAYX,2020,360631164.0,2020-11-30,10-Q,1.0,360631164.0
723531,PAYX,2021,361017389.0,2022-02-28,10-Q,1.0,361017389.0
723531,PAYX,2022,360508880.0,2023-02-28,10-Q,1.0,360508880.0
723531,PAYX,2023,359963341.0,2024-02-29,10-Q,1.0,359963341.0
723531,PAYX,2024,360190668.0,2025-02-28,10-Q,1.0,360190668.0
723531,PAYX,2025,358290881.0,2026-02-28,10-Q,1.0,358290881.0
723531,PAYX,2026,355682860.0,2026-06-30,10-K,1.0,355682860.0
726728,O,2014,225043990.0,2015-01-31,10-K,1.032,232245397.68
726728,O,2015,250538261.0,2016-01-29,10-K,1.032,258555485.352
726728,O,2016,260120152.0,2017-02-10,10-K,1.032,268443996.864
726728,O,2017,284245504.0,2018-02-14,10-K,1.032,293341360.128
726728,O,2018,303791717.0,2019-02-13,10-K/A,1.032,313513051.944
726728,O,2019,333627261.0,2020-02-12,10-K,1.032,344303333.352
726728,O,2020,373390661.0,2021-02-15,10-K,1.032,385339162.152
726728,O,2021,591320553.0,2022-02-11,10-K,1.0,591320553.0
726728,O,2022,660520906.0,2023-02-15,10-K,1.0,660520906.0
726728,O,2023,861123757.0,2024-02-15,10-K,1.0,861123757.0
726728,O,2024,891516161.0,2025-02-20,10-K,1.0,891516161.0
726728,O,2025,932440218.0,2026-02-20,10-K,1.0,932440218.0
726728,O,2026,946218033.0,2026-07-30,10-Q,1.0,946218033.0
726958,CASY,2014,38729197.0,2014-12-02,10-Q,1.0,38729197.0
726958,CASY,2015,39006613.0,2015-12-02,10-Q,1.0,39006613.0
726958,CASY,2016,39191171.0,2016-12-01,10-Q,1.0,39191171.0
726958,CASY,2017,37536106.0,2018-02-28,10-Q,1.0,37536106.0
726958,CASY,2018,36630667.0,2019-02-28,10-Q,1.0,36630667.0
726958,CASY,2019,36793573.0,2020-02-24,10-Q,1.0,36793573.0
726958,CASY,2020,36947180.0,2021-02-21,10-Q,1.0,36947180.0
726958,CASY,2021,37108803.0,2021-11-30,10-Q,1.0,37108803.0
726958,CASY,2022,37262452.0,2023-02-27,10-Q,1.0,37262452.0
726958,CASY,2023,37108652.0,2023-12-07,10-Q,1.0,37108652.0
726958,CASY,2024,37117554.0,2024-12-05,10-Q,1.0,37117554.0
726958,CASY,2025,37066933.0,2025-12-07,10-Q,1.0,37066933.0
726958,CASY,2026,36960167.0,2026-09-02,10-Q,1.0,36960167.0
728535,JBHT,2014,116515423.0,2015-02-17,10-K,1.0,116515423.0
728535,JBHT,2015,112774244.0,2016-02-16,10-K,1.0,112774244.0
728535,JBHT,2016,111310853.0,2017-02-14,10-K,1.0,111310853.0
728535,JBHT,2017,109754492.0,2018-02-13,10-K,1.0,109754492.0
728535,JBHT,2018,108738788.0,2019-02-12,10-K,1.0,108738788.0
728535,JBHT,2019,106258961.0,2020-02-18,10-K,1.0,106258961.0
728535,JBHT,2020,83657096.0,2021-02-16,10-K,1.0,83657096.0
728535,JBHT,2021,104850002.0,2022-02-15,10-K,1.0,104850002.0
728535,JBHT,2022,103770366.0,2023-02-21,10-K,1.0,103770366.0
728535,JBHT,2023,103298462.0,2024-02-20,10-K,1.0,103298462.0
728535,JBHT,2024,100008209.0,2025-02-18,10-K,1.0,100008209.0
728535,JBHT,2025,94604083.0,2026-02-17,10-K,1.0,94604083.0
728535,JBHT,2026,93914939.0,2026-06-30,10-Q,1.0,93914939.0
731766,UNH,2014,953695161.0,2015-01-30,10-K,1.0,953695161.0
731766,UNH,2015,950673998.0,2016-01-29,10-K,1.0,950673998.0
731766,UNH,2016,951165192.0,2017-01-31,10-K,1.0,951165192.0
731766,UNH,2017,967662919.0,2018-01-31,10-K,1.0,967662919.0
731766,UNH,2018,959538515.0,2019-01-31,10-K,1.0,959538515.0
731766,UNH,2019,948573372.0,2020-01-31,10-K,1.0,948573372.0
731766,UNH,2020,945319404.0,2021-01-29,10-K,1.0,945319404.0
731766,UNH,2021,940899146.0,2022-01-31,10-K,1.0,940899146.0
731766,UNH,2022,932846602.0,2023-01-31,10-K,1.0,932846602.0
731766,UNH,2023,921934109.0,2024-01-31,10-K,1.0,921934109.0
731766,UNH,2024,914712333.0,2025-01-31,10-K,1.0,914712333.0
731766,UNH,2025,907675839.0,2026-02-20,10-K,1.0,907675839.0
731766,UNH,2026,897594847.0,2026-07-31,10-Q,1.0,897594847.0
731802,ATO,2014,100862051.0,2015-01-30,10-Q,1.0,100862051.0
731802,ATO,2015,102106896.0,2016-01-29,10-Q,1.0,102106896.0
731802,ATO,2016,105175480.0,2017-02-03,10-Q,1.0,105175480.0
731802,ATO,2017,110967636.0,2018-02-01,10-Q,1.0,110967636.0
731802,ATO,2018,116897373.0,2019-01-30,10-Q,1.0,116897373.0
731802,ATO,2019,122266316.0,2020-01-31,10-Q,1.0,122266316.0
731802,ATO,2020,128160695.0,2021-01-29,10-Q,1.0,128160695.0
731802,ATO,2021,135432277.0,2022-02-04,10-Q,1.0,135432277.0
731802,ATO,2022,143162520.0,2023-02-03,10-Q,1.0,143162520.0
731802,ATO,2023,150839709.0,2024-02-02,10-Q,1.0,150839709.0
731802,ATO,2024,158728197.0,2025-01-31,10-Q,1.0,158728197.0
731802,ATO,2025,165438946.0,2026-01-30,10-Q,1.0,165438946.0
731802,ATO,2026,168988553.0,2026-07-31,10-Q,1.0,168988553.0
732712,VZ,2014,4155408208.0,2015-01-30,10-K,1.0,4155408208.0
732712,VZ,2015,4073840949.0,2016-01-29,10-K,1.0,4073840949.0
732712,VZ,2016,4076731752.0,2017-01-31,10-K,1.0,4076731752.0
732712,VZ,2017,4079486153.0,2018-01-31,10-K,1.0,4079486153.0
732712,VZ,2018,4132045883.0,2019-01-31,10-K,1.0,4132045883.0
732712,VZ,2019,4135863778.0,2020-01-31,10-K,1.0,4135863778.0
732712,VZ,2020,4138148588.0,2021-01-29,10-K,1.0,4138148588.0
732712,VZ,2021,4197823662.0,2022-01-31,10-K,1.0,4197823662.0
732712,VZ,2022,4199882937.0,2023-01-31,10-K,1.0,4199882937.0
732712,VZ,2023,4204272443.0,2024-01-31,10-K,1.0,4204272443.0
732712,VZ,2024,4209703958.0,2025-01-31,10-K,1.0,4209703958.0
732712,VZ,2025,4217684168.0,2026-01-30,10-K,1.0,4217684168.0
732712,VZ,2026,4154775202.0,2026-06-30,10-Q,1.0,4154775202.0
732717,T,2014,5190000000.0,2015-02-13,10-K,1.324,6871560000.0
732717,T,2015,6151000000.0,2016-02-10,10-K,1.324,8143924000.0
732717,T,2016,6142000000.0,2017-02-10,10-K,1.324,8132008000.0
732717,T,2017,6142000000.0,2018-02-09,10-K,1.324,8132008000.0
732717,T,2018,7285000000.0,2019-02-12,10-K,1.324,9645340000.0
732717,T,2019,7172884070.0,2020-02-12,10-K,1.324,9496898508.68
732717,T,2020,7131763496.0,2021-02-12,10-K,1.324,9442454868.704
732717,T,2021,7142892741.0,2022-02-11,10-K,1.324,9457189989.084
732717,T,2022,7129870323.0,2023-02-08,10-K,1.0,7129870323.0
732717,T,2023,7152792253.0,2024-02-07,10-K,1.0,7152792253.0
732717,T,2024,7178183000.0,2025-01-31,10-K,1.0,7178183000.0
732717,T,2025,7000577201.0,2026-01-28,10-K,1.0,7000577201.0
732717,T,2026,6852385650.0,2026-07-16,10-Q,1.0,6852385650.0
740260,VTR,2014,330809789.0,2015-02-10,10-K,0.8757,289690132.2273
740260,VTR,2015,336070352.0,2016-02-10,10-K,1.0,336070352.0
740260,VTR,2016,354623008.0,2017-02-09,10-K,1.0,354623008.0
740260,VTR,2017,356198053.0,2018-01-31,10-K,1.0,356198053.0
740260,VTR,2018,356647224.0,2019-02-05,10-K,1.0,356647224.0
740260,VTR,2019,372860471.0,2020-02-17,10-K,1.0,372860471.0
740260,VTR,2020,374659068.0,2021-02-18,10-K,1.0,374659068.0
740260,VTR,2021,399496132.0,2022-02-15,10-K,1.0,399496132.0
740260,VTR,2022,399993581.0,2023-02-03,10-K,1.0,399993581.0
740260,VTR,2023,402461579.0,2024-02-07,10-K,1.0,402461579.0
740260,VTR,2024,437139980.0,2025-02-07,10-K,1.0,437139980.0
740260,VTR,2025,474965224.0,2026-02-03,10-K,1.0,474965224.0
740260,VTR,2026,512946359.0,2026-07-28,10-Q,1.0,512946359.0
745732,ROST,2014,208486401.0,2014-11-20,10-Q,2.0,416972802.0
745732,ROST,2015,405005042.0,2015-11-17,10-Q,1.0,405005042.0
745732,ROST,2016,394120444.0,2016-11-15,10-Q,1.0,394120444.0
745732,ROST,2017,382145997.0,2017-11-14,10-Q,1.0,382145997.0
745732,ROST,2018,370588820.0,2018-11-21,10-Q,1.0,370588820.0
745732,ROST,2019,358882342.0,2019-11-20,10-Q,1.0,358882342.0
745732,ROST,2020,356463102.0,2020-11-13,10-Q,1.0,356463102.0
745732,ROST,2021,353329735.0,2021-11-12,10-Q,1.0,353329735.0
745732,ROST,2022,344371009.0,2022-11-11,10-Q,1.0,344371009.0
745732,ROST,2023,336666266.0,2023-11-10,10-Q,1.0,336666266.0
745732,ROST,2024,329929197.0,2024-11-15,10-Q,1.0,329929197.0
745732,ROST,2025,323444928.0,2025-11-14,10-Q,1.0,323444928.0
745732,ROST,2026,319453110.0,2026-08-14,10-Q,1.0,319453110.0
746515,EXPD,2014,191752027.0,2015-02-23,10-K,1.0,191752027.0
746515,EXPD,2015,182101972.0,2016-02-22,10-K,1.0,182101972.0
746515,EXPD,2016,180120731.0,2017-02-20,10-K,1.0,180120731.0
746515,EXPD,2017,176541563.0,2018-02-20,10-K,1.0,176541563.0
746515,EXPD,2018,171669558.0,2019-02-19,10-K,1.0,171669558.0
746515,EXPD,2019,169764263.0,2020-02-18,10-K,1.0,169764263.0
746515,EXPD,2020,169370882.0,2021-02-16,10-K,1.0,169370882.0
746515,EXPD,2021,169403822.0,2021-11-01,10-Q,1.0,169403822.0
746515,EXPD,2022,154398044.0,2023-02-24,10-K,1.0,154398044.0
746515,EXPD,2023,143899291.0,2024-02-16,10-K,1.0,143899291.0
746515,EXPD,2024,138032017.0,2025-02-18,10-K,1.0,138032017.0
746515,EXPD,2025,133503678.0,2026-02-19,10-K,1.0,133503678.0
746515,EXPD,2026,129990622.0,2026-07-31,10-Q,1.0,129990622.0
749251,IT,2014,87522468.0,2015-01-31,10-K,1.0,87522468.0
749251,IT,2015,82340012.0,2016-01-31,10-K,1.0,82340012.0
749251,IT,2016,82652880.0,2017-01-31,10-K,1.0,82652880.0
749251,IT,2017,90833817.0,2018-01-31,10-K,1.0,90833817.0
749251,IT,2018,89711737.0,2019-01-31,10-K,1.0,89711737.0
749251,IT,2019,89101606.0,2020-01-31,10-K,1.0,89101606.0
749251,IT,2020,88721548.0,2021-02-12,10-K,1.0,88721548.0
749251,IT,2021,82287402.0,2022-02-17,10-K,1.0,82287402.0
749251,IT,2022,79060595.0,2023-02-03,10-K,1.0,79060595.0
749251,IT,2023,77967884.0,2024-02-02,10-K,1.0,77967884.0
749251,IT,2024,76818191.0,2025-02-07,10-K,1.0,76818191.0
749251,IT,2025,70450294.0,2026-02-05,10-K,1.0,70450294.0
749251,IT,2026,63148976.0,2026-07-31,10-Q,1.0,63148976.0
753308,NEE,2014,443453049.0,2015-01-31,10-K,4.0,1773812196.0
753308,NEE,2015,460599691.0,2016-01-31,10-K,4.0,1842398764.0
753308,NEE,2016,467581899.0,2017-01-31,10-K,4.0,1870327596.0
753308,NEE,2017,470793941.0,2018-01-31,10-K,4.0,1883175764.0
753308,NEE,2018,478167505.0,2019-01-31,10-K,4.0,1912670020.0
753308,NEE,2019,488965893.0,2020-01-31,10-K,4.0,1955863572.0
753308,NEE,2020,1959874682.0,2021-01-31,10-K,1.0,1959874682.0
753308,NEE,2021,1962744998.0,2022-01-31,10-K,1.0,1962744998.0
753308,NEE,2022,1987495306.0,2023-01-31,10-K,1.0,1987495306.0
753308,NEE,2023,2052429154.0,2024-01-31,10-K,1.0,2052429154.0
753308,NEE,2024,2057026280.0,2025-01-31,10-K,1.0,2057026280.0
753308,NEE,2025,2083521964.0,2026-01-31,10-K,1.0,2083521964.0
753308,NEE,2026,2085341456.0,2026-03-31,10-Q,1.0,2085341456.0
759944,CFG,2014,545901116.0,2015-02-01,10-K,1.0,545901116.0
759944,CFG,2015,527811625.0,2016-02-01,10-K,1.0,527811625.0
759944,CFG,2016,509107893.0,2017-02-01,10-K,1.0,509107893.0
759944,CFG,2017,487325116.0,2018-02-01,10-K,1.0,487325116.0
759944,CFG,2018,460390006.0,2019-02-01,10-K,1.0,460390006.0
759944,CFG,2019,427434404.0,2020-02-05,10-K,1.0,427434404.0
759944,CFG,2020,425106419.0,2021-02-01,10-K,1.0,425106419.0
759944,CFG,2021,422141584.0,2022-01-28,10-K,1.0,422141584.0
759944,CFG,2022,484106460.0,2023-01-31,10-K,1.0,484106460.0
759944,CFG,2023,458756723.0,2024-02-01,10-K,1.0,458756723.0
759944,CFG,2024,437136981.0,2025-02-04,10-K,1.0,437136981.0
759944,CFG,2025,424983657.0,2026-02-04,10-K,1.0,424983657.0
759944,CFG,2026,421176788.0,2026-07-24,10-Q,1.0,421176788.0
764180,MO,2014,1969316914.0,2015-02-13,10-K,1.0,1969316914.0
764180,MO,2015,1957931815.0,2016-02-12,10-K,1.0,1957931815.0
764180,MO,2016,1939420437.0,2017-02-13,10-K,1.0,1939420437.0
764180,MO,2017,1900449362.0,2018-02-13,10-K,1.0,1900449362.0
764180,MO,2018,1874430847.0,2019-02-12,10-K,1.0,1874430847.0
764180,MO,2019,1858366804.0,2020-02-14,10-K/A,1.0,1858366804.0
764180,MO,2020,1858689654.0,2021-02-15,10-K/A,1.0,1858689654.0
764180,MO,2021,1817257322.0,2022-02-15,10-K/A,1.0,1817257322.0
764180,MO,2022,1785563827.0,2023-02-15,10-K/A,1.0,1785563827.0
764180,MO,2023,1763461775.0,2024-02-15,10-K/A,1.0,1763461775.0
764180,MO,2024,1690661641.0,2025-02-14,10-K/A,1.0,1690661641.0
764180,MO,2025,1671898087.0,2026-02-13,10-K/A,1.0,1671898087.0
764180,MO,2026,1669743926.0,2026-07-22,10-Q,1.0,1669743926.0
764478,BBY,2014,350759999.0,2014-11-28,10-Q,1.0,350759999.0
764478,BBY,2015,342719728.0,2015-12-01,10-Q,1.0,342719728.0
764478,BBY,2016,313826197.0,2016-11-30,10-Q,1.0,313826197.0
764478,BBY,2017,292326497.0,2017-11-28,10-Q,1.0,292326497.0
764478,BBY,2018,265702588.0,2019-02-02,10-K,1.0,265702588.0
764478,BBY,2019,258777447.0,2019-12-04,10-Q,1.0,258777447.0
764478,BBY,2020,258944852.0,2020-11-25,10-Q,1.0,258944852.0
764478,BBY,2021,240560898.0,2021-12-01,10-Q,1.0,240560898.0
764478,BBY,2022,221264454.0,2022-12-02,10-Q,1.0,221264454.0
764478,BBY,2023,215395970.0,2023-11-29,10-Q,1.0,215395970.0
764478,BBY,2024,213795603.0,2024-12-04,10-Q,1.0,213795603.0
764478,BBY,2025,209535103.0,2025-12-03,10-Q,1.0,209535103.0
764478,BBY,2026,209727698.0,2026-09-02,10-Q,1.0,209727698.0
764622,PNW,2014,110575187.0,2015-02-13,10-K,1.0,110575187.0
764622,PNW,2015,111004916.0,2016-02-12,10-K,1.0,111004916.0
764622,PNW,2016,111340169.0,2017-02-17,10-K,1.0,111340169.0
764622,PNW,2017,111799789.0,2018-02-16,10-K,1.0,111799789.0
764622,PNW,2018,112146511.0,2019-02-15,10-K,1.0,112146511.0
764622,PNW,2019,112439441.0,2020-02-14,10-K,1.0,112439441.0
764622,PNW,2020,112691601.0,2021-02-17,10-K,1.0,112691601.0
764622,PNW,2021,112931929.0,2022-02-17,10-K,1.0,112931929.0
764622,PNW,2022,113175507.0,2023-02-21,10-K,1.0,113175507.0
764622,PNW,2023,113427367.0,2024-02-21,10-K,1.0,113427367.0
764622,PNW,2024,119099064.0,2025-02-20,10-K,1.0,119099064.0
764622,PNW,2025,120905390.0,2026-02-19,10-K,1.0,120905390.0
764622,PNW,2026,121197234.0,2026-07-28,10-Q,1.0,121197234.0
765880,DOC,2014,460763248.0,2015-01-30,10-K,1.098,505918046.304
765880,DOC,2015,465531737.0,2016-01-29,10-K,1.098,511153847.226
765880,DOC,2016,468178740.0,2017-01-31,10-K,1.0,468178740.0
765880,DOC,2017,469443487.0,2018-01-31,10-K,1.0,469443487.0
765880,DOC,2018,477771756.0,2019-02-11,10-K,1.0,477771756.0
765880,DOC,2019,505411840.0,2020-02-10,10-K,1.0,505411840.0
765880,DOC,2020,538686262.0,2021-02-08,10-K,1.0,538686262.0
765880,DOC,2021,539304127.0,2022-02-07,10-K,1.0,539304127.0
765880,DOC,2022,546782509.0,2023-02-06,10-K,1.0,546782509.0
765880,DOC,2023,547172983.0,2024-02-07,10-K,1.0,547172983.0
765880,DOC,2024,699564637.0,2025-01-31,10-K,1.0,699564637.0
765880,DOC,2025,695043997.0,2026-01-30,10-K,1.0,695043997.0
765880,DOC,2026,689527260.0,2026-08-03,10-Q,1.0,689527260.0
766704,WELL,2014,329912724.0,2015-01-31,10-K,1.0,329912724.0
766704,WELL,2015,355140936.0,2016-01-31,10-K,1.0,355140936.0
766704,WELL,2016,362558457.0,2017-01-31,10-K,1.0,362558457.0
766704,WELL,2017,371669527.0,2018-01-31,10-K,1.0,371669527.0
766704,WELL,2018,386361193.0,2019-01-31,10-K,1.0,386361193.0
766704,WELL,2019,410331441.0,2020-01-31,10-K,1.0,410331441.0
766704,WELL,2020,417383039.0,2021-01-29,10-K,1.0,417383039.0
766704,WELL,2021,447279642.0,2022-02-04,10-K,1.0,447279642.0
766704,WELL,2022,490643990.0,2023-02-16,10-K,1.0,490643990.0
766704,WELL,2023,568878059.0,2024-02-09,10-K,1.0,568878059.0
766704,WELL,2024,641308062.0,2025-02-07,10-K,1.0,641308062.0
766704,WELL,2025,697752530.0,2026-02-06,10-K,1.0,697752530.0
766704,WELL,2026,705914450.0,2026-04-24,10-Q,1.0,705914450.0
769397,ADSK,2014,227204316.0,2015-02-28,10-K,1.0,227204316.0
769397,ADSK,2015,225323161.0,2015-11-30,10-Q,1.0,225323161.0
769397,ADSK,2016,222556352.0,2016-11-22,10-Q,1.0,222556352.0
769397,ADSK,2017,220266822.0,2017-11-30,10-Q,1.0,220266822.0
769397,ADSK,2018,219008836.0,2018-11-30,10-Q,1.0,219008836.0
769397,ADSK,2019,220033002.0,2019-11-30,10-Q,1.0,220033002.0
769397,ADSK,2020,219889403.0,2020-11-30,10-Q,1.0,219889403.0
769397,ADSK,2021,219973417.0,2021-11-30,10-Q,1.0,219973417.0
769397,ADSK,2022,215767494.0,2022-11-30,10-Q,1.0,215767494.0
769397,ADSK,2023,213915325.0,2023-11-27,10-Q,1.0,213915325.0
769397,ADSK,2024,213000000.0,2025-02-28,10-K,1.0,213000000.0
769397,ADSK,2025,211000000.0,2026-02-23,10-K,1.0,211000000.0
769397,ADSK,2026,209000000.0,2026-08-21,10-Q,1.0,209000000.0
773840,HON,2014,782663047.0,2015-01-23,10-K,1.0611452056419017,830519139.9571325
773840,HON,2015,769322910.0,2016-01-29,10-K,1.0611452056419017,816363317.5369762
773840,HON,2016,761194241.0,2017-01-27,10-K,1.0555211360519998,803456610.0165597
773840,HON,2017,752002033.0,2018-01-26,10-K,1.0555211360519998,793754040.1855735
773840,HON,2018,729085890.0,2019-01-25,10-K,1.0116635,737589583.278015
773840,HON,2019,712599803.0,2020-01-25,10-K,1.0116635,720911210.8022906
773840,HON,2020,695501159.0,2021-01-29,10-K,1.0116635,703613136.7679965
773840,HON,2021,685818771.0,2022-01-28,10-K,1.0116635,693817818.2355585
773840,HON,2022,668140252.0,2023-01-27,10-K,1.0116635,675933105.829202
773840,HON,2023,652181812.0,2024-01-26,10-K,1.0116635,659788534.564262
773840,HON,2024,649918551.0,2025-01-24,10-K,1.0116635,657498876.0195886
773840,HON,2025,635675701.0,2026-01-23,10-K,0.9535,606116780.9035
773840,HON,2026,316940010.0,2026-06-30,10-Q/A,1.0,316940010.0
779152,JKHY,2014,81775635.0,2014-11-03,10-Q/A,1.0,81775635.0
779152,JKHY,2015,78861707.0,2016-02-02,10-Q,1.0,78861707.0
779152,JKHY,2016,77629679.0,2017-02-06,10-Q,1.0,77629679.0
779152,JKHY,2017,77261505.0,2018-01-31,10-Q,1.0,77261505.0
779152,JKHY,2018,77176611.0,2019-02-04,10-Q,1.0,77176611.0
779152,JKHY,2019,76719595.0,2020-01-28,10-Q,1.0,76719595.0
779152,JKHY,2020,76077269.0,2021-01-29,10-Q,1.0,76077269.0
779152,JKHY,2021,72825033.0,2022-01-28,10-Q,1.0,72825033.0
779152,JKHY,2022,72990727.0,2023-01-26,10-Q,1.0,72990727.0
779152,JKHY,2023,72867678.0,2024-01-26,10-Q,1.0,72867678.0
779152,JKHY,2024,72897671.0,2025-01-24,10-Q,1.0,72897671.0
779152,JKHY,2025,72167368.0,2026-01-23,10-Q,1.0,72167368.0
779152,JKHY,2026,70112608.0,2026-08-12,10-K,1.0,70112608.0
783325,WEC,2014,225506754.0,2015-01-31,10-K,1.0,225506754.0
783325,WEC,2015,315652119.0,2016-01-31,10-K,1.0,315652119.0
783325,WEC,2016,315587523.0,2017-01-31,10-K,1.0,315587523.0
783325,WEC,2017,315544495.0,2018-01-31,10-K,1.0,315544495.0
783325,WEC,2018,315455323.0,2019-01-31,10-K,1.0,315455323.0
783325,WEC,2019,315434531.0,2020-01-31,10-K,1.0,315434531.0
783325,WEC,2020,315434531.0,2021-01-31,10-K,1.0,315434531.0
783325,WEC,2021,315434531.0,2022-01-31,10-K,1.0,315434531.0
783325,WEC,2022,315434531.0,2023-01-31,10-K,1.0,315434531.0
783325,WEC,2023,315561510.0,2024-01-31,10-K,1.0,315561510.0
783325,WEC,2024,317752123.0,2025-01-31,10-K,1.0,317752123.0
783325,WEC,2025,325531361.0,2026-01-31,10-K,1.0,325531361.0
783325,WEC,2026,325849383.0,2026-06-30,10-Q,1.0,325849383.0
788784,PEG,2014,506179029.0,2015-01-30,10-K,1.0,506179029.0
788784,PEG,2015,506435137.0,2016-02-19,10-K,1.0,506435137.0
788784,PEG,2016,506217300.0,2017-02-17,10-K,1.0,506217300.0
788784,PEG,2017,504764707.0,2018-02-16,10-K,1.0,504764707.0
788784,PEG,2018,504999536.0,2019-02-15,10-K,1.0,504999536.0
788784,PEG,2019,505127221.0,2020-02-21,10-K,1.0,505127221.0
788784,PEG,2020,505093089.0,2021-02-19,10-K,1.0,505093089.0
788784,PEG,2021,502077935.0,2022-02-18,10-K,1.0,502077935.0
788784,PEG,2022,498769910.0,2023-02-17,10-K,1.0,498769910.0
788784,PEG,2023,498586596.0,2024-02-16,10-K,1.0,498586596.0
788784,PEG,2024,498561467.0,2025-02-21,10-K,1.0,498561467.0
788784,PEG,2025,498739910.0,2026-02-20,10-K,1.0,498739910.0
788784,PEG,2026,498420030.0,2026-07-20,10-Q,1.0,498420030.0
789019,MSFT,2014,8203785341.0,2015-01-22,10-Q,1.0,8203785341.0
789019,MSFT,2015,7909302774.0,2016-01-22,10-Q,1.0,7909302774.0
789019,MSFT,2016,7727529820.0,2017-01-20,10-Q,1.0,7727529820.0
789019,MSFT,2017,7699792852.0,2018-01-26,10-Q,1.0,7699792852.0
789019,MSFT,2018,7672213446.0,2019-01-25,10-Q,1.0,7672213446.0
789019,MSFT,2019,7606047010.0,2020-01-24,10-Q,1.0,7606047010.0
789019,MSFT,2020,7542215767.0,2021-01-21,10-Q,1.0,7542215767.0
789019,MSFT,2021,7496866428.0,2022-01-20,10-Q,1.0,7496866428.0
789019,MSFT,2022,7443803533.0,2023-01-19,10-Q,1.0,7443803533.0
789019,MSFT,2023,7430436229.0,2024-01-25,10-Q,1.0,7430436229.0
789019,MSFT,2024,7433982235.0,2025-01-23,10-Q,1.0,7433982235.0
789019,MSFT,2025,7425629076.0,2026-01-22,10-Q,1.0,7425629076.0
789019,MSFT,2026,7425545491.0,2026-07-23,10-K,1.0,7425545491.0
789570,MGM,2014,491313258.0,2015-02-24,10-K,1.0,491313258.0
789570,MGM,2015,564861087.0,2016-02-24,10-K,1.0,564861087.0
789570,MGM,2016,574198332.0,2017-02-24,10-K,1.0,574198332.0
789570,MGM,2017,566367426.0,2018-02-23,10-K,1.0,566367426.0
789570,MGM,2018,536916609.0,2019-02-22,10-K,1.0,536916609.0
789570,MGM,2019,492434341.0,2020-02-24,10-K,1.0,492434341.0
789570,MGM,2020,494853355.0,2021-02-23,10-K,1.0,494853355.0
789570,MGM,2021,439172269.0,2022-02-23,10-K,1.0,439172269.0
789570,MGM,2022,373913450.0,2023-02-22,10-K,1.0,373913450.0
789570,MGM,2023,319678271.0,2024-02-21,10-K,1.0,319678271.0
789570,MGM,2024,285550604.0,2025-02-14,10-K,1.0,285550604.0
789570,MGM,2025,255828519.0,2026-02-09,10-K,1.0,255828519.0
789570,MGM,2026,251592756.0,2026-07-27,10-Q,1.0,251592756.0
796343,ADBE,2014,498314061.0,2015-01-16,10-K,1.0,498314061.0
796343,ADBE,2015,498330407.0,2016-01-15,10-K,1.0,498330407.0
796343,ADBE,2016,494078475.0,2017-01-13,10-K,1.0,494078475.0
796343,ADBE,2017,491578529.0,2018-01-12,10-K,1.0,491578529.0
796343,ADBE,2018,487725915.0,2019-01-18,10-K,1.0,487725915.0
796343,ADBE,2019,482130975.0,2020-01-10,10-K,1.0,482130975.0
796343,ADBE,2020,478700000.0,2021-01-08,10-K,1.0,478700000.0
796343,ADBE,2021,471700000.0,2022-01-14,10-K,1.0,471700000.0
796343,ADBE,2022,457800000.0,2023-01-06,10-K,1.0,457800000.0
796343,ADBE,2023,452000000.0,2024-01-05,10-K,1.0,452000000.0
796343,ADBE,2024,435300000.0,2025-01-03,10-K,1.0,435300000.0
796343,ADBE,2025,410500000.0,2026-01-09,10-K,1.0,410500000.0
796343,ADBE,2026,397500000.0,2026-06-11,10-Q,1.0,397500000.0
797468,OXY,2014,770550364.0,2015-01-31,10-K,1.0017028949213662,771862530.3015125
797468,OXY,2015,763845316.0,2016-01-31,10-K,1.0017028949213662,765146064.3093258
797468,OXY,2016,764291301.0,2017-01-31,10-K,1.0,764291301.0
797468,OXY,2017,765148694.0,2018-01-31,10-K,1.0,765148694.0
797468,OXY,2018,749546443.0,2019-01-31,10-K,1.0,749546443.0
797468,OXY,2019,895224961.0,2020-01-31,10-K,1.0,895224961.0
797468,OXY,2020,931554718.0,2021-01-31,10-K,1.0,931554718.0
797468,OXY,2021,934063989.0,2022-01-31,10-K,1.0,934063989.0
797468,OXY,2022,900072447.0,2023-01-31,10-K/A,1.0,900072447.0
797468,OXY,2023,879499439.0,2024-01-31,10-K,1.0,879499439.0
797468,OXY,2024,938500965.0,2025-01-31,10-K,1.0,938500965.0
797468,OXY,2025,986266656.0,2026-01-31,10-K,1.0,986266656.0
797468,OXY,2026,999637371.0,2026-07-31,10-Q,1.0,999637371.0
798354,FISV,2014,238692815.0,2015-02-13,10-K,2.0,477385630.0
798354,FISV,2015,222937301.0,2016-02-12,10-K,2.0,445874602.0
798354,FISV,2016,214563950.0,2017-02-16,10-K,2.0,429127900.0
798354,FISV,2017,206607864.0,2018-02-16,10-K,2.0,413215728.0
798354,FISV,2018,391586971.0,2019-02-15,10-K,1.0,391586971.0
798354,FISV,2019,679098783.0,2020-02-21,10-K,1.0,679098783.0
798354,FISV,2020,669459877.0,2021-02-19,10-K,1.0,669459877.0
798354,FISV,2021,652196905.0,2022-02-18,10-K,1.0,652196905.0
798354,FISV,2022,628126357.0,2023-02-17,10-K,1.0,628126357.0
798354,FISV,2023,590402536.0,2024-02-16,10-K,1.0,590402536.0
798354,FISV,2024,561288944.0,2025-02-14,10-K,1.0,561288944.0
798354,FISV,2025,534777512.0,2026-02-13,10-K,1.0,534777512.0
798354,FISV,2026,531766721.0,2026-07-31,10-Q,1.0,531766721.0
804328,QCOM,2014,1649560102.0,2015-01-26,10-Q,1.0,1649560102.0
804328,QCOM,2015,1494887355.0,2016-01-25,10-Q,1.0,1494887355.0
804328,QCOM,2016,1477041037.0,2017-01-23,10-Q,1.0,1477041037.0
804328,QCOM,2017,1480363298.0,2018-01-29,10-Q,1.0,1480363298.0
804328,QCOM,2018,1210305693.0,2019-01-28,10-Q,1.0,1210305693.0
804328,QCOM,2019,1143042806.0,2020-02-03,10-Q,1.0,1143042806.0
804328,QCOM,2020,1136000000.0,2021-02-01,10-Q,1.0,1136000000.0
804328,QCOM,2021,1127000000.0,2022-01-31,10-Q,1.0,1127000000.0
804328,QCOM,2022,1115000000.0,2023-01-31,10-Q,1.0,1115000000.0
804328,QCOM,2023,1116000000.0,2024-01-29,10-Q,1.0,1116000000.0
804328,QCOM,2024,1106000000.0,2025-02-03,10-Q,1.0,1106000000.0
804328,QCOM,2025,1067000000.0,2026-02-02,10-Q,1.0,1067000000.0
804328,QCOM,2026,1050000000.0,2026-07-27,10-Q,1.0,1050000000.0
811156,CMS,2018,283400105.0,2019-01-14,10-K,1.0,283400105.0
811156,CMS,2019,283882207.0,2020-01-10,10-K,1.0,283882207.0
811156,CMS,2020,288943354.0,2021-01-15,10-K,1.0,288943354.0
811156,CMS,2021,289760265.0,2022-01-14,10-K,1.0,289760265.0
811156,CMS,2022,291264195.0,2023-01-13,10-K,1.0,291264195.0
811156,CMS,2023,294443620.0,2024-01-12,10-K,1.0,294443620.0
811156,CMS,2024,298794638.0,2025-01-17,10-K,1.0,298794638.0
811156,CMS,2025,306420901.0,2026-01-16,10-K,1.0,306420901.0
811156,CMS,2026,313577136.0,2026-07-13,10-Q,1.0,313577136.0
813672,CDNS,2014,292324000.0,2015-02-07,10-K,1.0,292324000.0
813672,CDNS,2015,305358000.0,2016-02-06,10-K,1.0,305358000.0
813672,CDNS,2016,278769000.0,2017-02-04,10-K,1.0,278769000.0
813672,CDNS,2017,282869000.0,2018-02-03,10-K,1.0,282869000.0
813672,CDNS,2018,280385000.0,2019-02-02,10-K,1.0,280385000.0
813672,CDNS,2019,280168000.0,2020-02-01,10-K,1.0,280168000.0
813672,CDNS,2020,278974000.0,2021-02-06,10-K/A,1.0,278974000.0
813672,CDNS,2021,277336000.0,2022-02-05,10-K,1.0,277336000.0
813672,CDNS,2022,272940000.0,2023-01-31,10-K,1.0,272940000.0
813672,CDNS,2023,272239000.0,2024-01-31,10-K,1.0,272239000.0
813672,CDNS,2024,274108000.0,2025-01-31,10-K,1.0,274108000.0
813672,CDNS,2025,272651000.0,2026-01-31,10-K,1.0,272651000.0
813672,CDNS,2026,275816000.0,2026-03-31,10-Q,1.0,275816000.0
814547,FICO,2014,31425871.0,2015-01-16,10-Q,1.0,31425871.0
814547,FICO,2015,31377689.0,2016-01-15,10-Q,1.0,31377689.0
814547,FICO,2016,31058994.0,2017-01-20,10-Q,1.0,31058994.0
814547,FICO,2017,30073085.0,2018-01-12,10-Q,1.0,30073085.0
814547,FICO,2018,29071202.0,2019-01-18,10-Q,1.0,29071202.0
814547,FICO,2019,29148054.0,2020-01-17,10-Q,1.0,29148054.0
814547,FICO,2020,29236110.0,2021-01-15,10-Q,1.0,29236110.0
814547,FICO,2021,26279614.0,2022-01-14,10-Q,1.0,26279614.0
814547,FICO,2022,25154777.0,2023-01-13,10-Q,1.0,25154777.0
814547,FICO,2023,24852057.0,2024-01-17,10-Q,1.0,24852057.0
814547,FICO,2024,24418138.0,2025-01-21,10-Q,1.0,24418138.0
814547,FICO,2025,23722134.0,2026-01-21,10-Q,1.0,23722134.0
814547,FICO,2026,21597635.0,2026-07-17,10-Q,1.0,21597635.0
815097,CCL,2014,592688153.0,2015-01-20,10-K,1.0,592688153.0
815097,CCL,2015,577744614.0,2016-01-20,10-K,1.0,577744614.0
815097,CCL,2016,535835649.0,2017-01-19,10-K,1.0,535835649.0
815097,CCL,2017,534171562.0,2018-01-18,10-K,1.0,534171562.0
815097,CCL,2018,526719965.0,2019-01-17,10-K,1.0,526719965.0
815097,CCL,2019,527679851.0,2020-01-16,10-K/A,1.0,527679851.0
815097,CCL,2020,932485510000.0,2021-01-14,10-K,1.0,932485510000.0
815097,CCL,2021,986363933.0,2022-01-13,10-K,1.0,986363933.0
815097,CCL,2022,1113479515.0,2023-01-12,10-K,1.0,1113479515.0
815097,CCL,2023,1119445529.0,2024-01-11,10-K,1.0,1119445529.0
815097,CCL,2024,1164202729.0,2025-01-13,10-K,1.0,1164202729.0
815097,CCL,2025,1236706612.0,2026-01-13,10-K,1.0,1236706612.0
815097,CCL,2026,1369649119.0,2026-06-19,10-Q,1.0,1369649119.0
815556,FAST,2014,295880219.0,2015-01-23,10-K,4.0,1183520876.0
815556,FAST,2015,288403782.0,2016-01-22,10-K,4.0,1153615128.0
815556,FAST,2016,289247424.0,2017-01-20,10-K,4.0,1156989696.0
815556,FAST,2017,287603912.0,2018-01-19,10-K,4.0,1150415648.0
815556,FAST,2018,285931529.0,2019-01-18,10-K,4.0,1143726116.0
815556,FAST,2019,574226297.0,2020-01-22,10-K,2.0,1148452594.0
815556,FAST,2020,574317276.0,2021-01-22,10-K,2.0,1148634552.0
815556,FAST,2021,575550072.0,2022-01-21,10-K/A,2.0,1151100144.0
815556,FAST,2022,570833585.0,2023-01-20,10-K,2.0,1141667170.0
815556,FAST,2023,572232755.0,2024-01-19,10-K,2.0,1144465510.0
815556,FAST,2024,573419704.0,2025-01-21,10-K,2.0,1146839408.0
815556,FAST,2025,1148179210.0,2026-01-21,10-K,1.0,1148179210.0
815556,FAST,2026,1147497573.0,2026-07-10,10-Q,1.0,1147497573.0
820027,AMP,2014,182511452.0,2015-02-13,10-K,1.0,182511452.0
820027,AMP,2015,168970804.0,2016-02-12,10-K,1.0,168970804.0
820027,AMP,2016,154056430.0,2017-02-10,10-K,1.0,154056430.0
820027,AMP,2017,146332164.0,2018-02-09,10-K,1.0,146332164.0
820027,AMP,2018,135496261.0,2019-02-15,10-K,1.0,135496261.0
820027,AMP,2019,123244405.0,2020-02-14,10-K,1.0,123244405.0
820027,AMP,2020,116752287.0,2021-02-12,10-K,1.0,116752287.0
820027,AMP,2021,110750945.0,2022-02-11,10-K,1.0,110750945.0
820027,AMP,2022,105279357.0,2023-02-10,10-K,1.0,105279357.0
820027,AMP,2023,100290614.0,2024-02-09,10-K,1.0,100290614.0
820027,AMP,2024,96118499.0,2025-02-07,10-K,1.0,96118499.0
820027,AMP,2025,91178997.0,2026-02-06,10-K/A,1.0,91178997.0
820027,AMP,2026,88333219.0,2026-07-24,10-Q,1.0,88333219.0
820313,APH,2014,310195600.0,2015-01-31,10-K,8.0,2481564800.0
820313,APH,2015,308038077.0,2016-01-31,10-K,8.0,2464304616.0
820313,APH,2016,307664328.0,2017-01-31,10-K,8.0,2461314624.0
820313,APH,2017,305483780.0,2018-01-31,10-K,8.0,2443870240.0
820313,APH,2018,298087210.0,2019-01-31,10-K,8.0,2384697680.0
820313,APH,2019,298101155.0,2020-01-31,10-K,8.0,2384809240.0
820313,APH,2020,299576711.0,2021-01-31,10-K,8.0,2396613688.0
820313,APH,2021,598939773.0,2022-01-31,10-K,4.0,2395759092.0
820313,APH,2022,594604514.0,2023-01-31,10-K,4.0,2378418056.0
820313,APH,2023,599854853.0,2024-01-31,10-K,4.0,2399419412.0
820313,APH,2024,1211081107.0,2025-01-31,10-K,2.0,2422162214.0
820313,APH,2025,1229214930.0,2026-01-31,10-K,2.0,2458429860.0
820313,APH,2026,1232983457.0,2026-07-28,10-Q,2.0,2465966914.0
820318,COHR,2014,61030628.0,2015-02-03,10-Q,1.0,61030628.0
820318,COHR,2015,61259112.0,2016-02-04,10-Q,1.0,61259112.0
820318,COHR,2016,62561471.0,2017-01-27,10-Q,1.0,62561471.0
820318,COHR,2017,62486560.0,2018-02-02,10-Q,1.0,62486560.0
820318,COHR,2018,63394256.0,2019-02-05,10-Q,1.0,63394256.0
820318,COHR,2019,91059636.0,2020-02-06,10-Q,1.0,91059636.0
820318,COHR,2020,104762037.0,2021-02-04,10-Q,1.0,104762037.0
820318,COHR,2021,106334121.0,2022-02-07,10-Q,1.0,106334121.0
820318,COHR,2022,138962661.0,2023-02-06,10-Q,1.0,138962661.0
820318,COHR,2023,151813356.0,2024-02-02,10-Q,1.0,151813356.0
820318,COHR,2024,154967323.0,2025-02-03,10-Q,1.0,154967323.0
820318,COHR,2025,187481852.0,2026-02-02,10-Q,1.0,187481852.0
820318,COHR,2026,195832246.0,2026-08-10,10-K,1.0,195832246.0
821189,EOG,2014,548445003.0,2015-02-10,10-K,1.0,548445003.0
821189,EOG,2015,549883390.0,2016-02-18,10-K,1.0,549883390.0
821189,EOG,2016,576832077.0,2017-02-17,10-K,1.0,576832077.0
821189,EOG,2017,578636343.0,2018-02-16,10-K,1.0,578636343.0
821189,EOG,2018,580053225.0,2019-02-15,10-K,1.0,580053225.0
821189,EOG,2019,582054451.0,2020-02-13,10-K,1.0,582054451.0
821189,EOG,2020,583563479.0,2021-02-12,10-K,1.0,583563479.0
821189,EOG,2021,585419164.0,2022-02-11,10-K,1.0,585419164.0
821189,EOG,2022,587723622.0,2023-02-16,10-K,1.0,587723622.0
821189,EOG,2023,580001872.0,2024-02-15,10-K,1.0,580001872.0
821189,EOG,2024,553926330.0,2025-02-13,10-K,1.0,553926330.0
821189,EOG,2025,536491493.0,2026-02-13,10-K,1.0,536491493.0
821189,EOG,2026,524529176.0,2026-07-28,10-Q,1.0,524529176.0
822416,PHM,2014,368198659.0,2015-02-01,10-K,1.0,368198659.0
822416,PHM,2015,349148351.0,2016-02-01,10-K,1.0,349148351.0
822416,PHM,2016,317833859.0,2017-01-26,10-K,1.0,317833859.0
822416,PHM,2017,286465036.0,2018-02-01,10-K,1.0,286465036.0
822416,PHM,2018,277142007.0,2019-01-24,10-K,1.0,277142007.0
822416,PHM,2019,269975049.0,2020-01-23,10-K,1.0,269975049.0
822416,PHM,2020,265894240.0,2021-01-21,10-K,1.0,265894240.0
822416,PHM,2021,248650958.0,2022-01-20,10-K,1.0,248650958.0
822416,PHM,2022,225596780.0,2023-01-18,10-K,1.0,225596780.0
822416,PHM,2023,212112455.0,2024-01-24,10-K,1.0,212112455.0
822416,PHM,2024,202457952.0,2025-01-23,10-K,1.0,202457952.0
822416,PHM,2025,192327885.0,2026-01-22,10-K,1.0,192327885.0
822416,PHM,2026,187452540.0,2026-07-15,10-Q,1.0,187452540.0
823768,WM,2014,459128449.0,2015-02-06,10-K,1.0,459128449.0
823768,WM,2015,445652359.0,2016-02-04,10-K,1.0,445652359.0
823768,WM,2016,439703007.0,2017-02-02,10-K,1.0,439703007.0
823768,WM,2017,433673878.0,2018-02-08,10-K,1.0,433673878.0
823768,WM,2018,423779540.0,2019-02-08,10-K,1.0,423779540.0
823768,WM,2019,424708758.0,2020-02-07,10-K,1.0,424708758.0
823768,WM,2020,423152948.0,2021-02-12,10-K,1.0,423152948.0
823768,WM,2021,414586718.0,2022-02-09,10-K/A,1.0,414586718.0
823768,WM,2022,408152162.0,2023-01-31,10-K,1.0,408152162.0
823768,WM,2023,401598077.0,2024-02-08,10-K,1.0,401598077.0
823768,WM,2024,402115439.0,2025-02-14,10-K,1.0,402115439.0
823768,WM,2025,403335781.0,2026-02-05,10-K,1.0,403335781.0
823768,WM,2026,399715184.0,2026-07-24,10-Q,1.0,399715184.0
827052,EIX,2014,325811206.0,2015-02-20,10-K,1.0,325811206.0
827052,EIX,2015,325811206.0,2016-02-19,10-K,1.0,325811206.0
827052,EIX,2016,325811206.0,2017-02-17,10-K,1.0,325811206.0
827052,EIX,2017,325811206.0,2018-02-20,10-K,1.0,325811206.0
827052,EIX,2018,325811206.0,2019-02-26,10-K,1.0,325811206.0
827052,EIX,2019,362570075000000.0,2020-02-20,10-K,1.0,362570075000000.0
827052,EIX,2020,379283328.0,2021-02-18,10-K,1.0,379283328.0
827052,EIX,2021,380696945.0,2022-02-17,10-K,1.0,380696945.0
827052,EIX,2022,382566466.0,2023-02-16,10-K,1.0,382566466.0
827052,EIX,2023,384524276.0,2024-02-15,10-K,1.0,384524276.0
827052,EIX,2024,385023526.0,2025-02-20,10-K,1.0,385023526.0
827052,EIX,2025,384790927.0,2026-02-11,10-K,1.0,384790927.0
827052,EIX,2026,384793941.0,2026-04-21,10-Q,1.0,384793941.0
827054,MCHP,2014,201448608.0,2015-01-21,10-Q,2.0,402897216.0
827054,MCHP,2015,203501011.0,2016-01-27,10-Q,2.0,407002022.0
827054,MCHP,2016,216432165.0,2017-01-31,10-Q,2.0,432864330.0
827054,MCHP,2017,234343061.0,2018-01-31,10-Q,2.0,468686122.0
827054,MCHP,2018,236968953.0,2019-01-31,10-Q,2.0,473937906.0
827054,MCHP,2019,239538076.0,2020-01-29,10-Q,2.0,479076152.0
827054,MCHP,2020,269262013.0,2021-01-31,10-Q,2.0,538524026.0
827054,MCHP,2021,555990729.0,2022-01-27,10-Q,1.0,555990729.0
827054,MCHP,2022,547795897.0,2023-01-26,10-Q,1.0,547795897.0
827054,MCHP,2023,540387949.0,2024-01-26,10-Q,1.0,540387949.0
827054,MCHP,2024,537818969.0,2025-01-28,10-Q,1.0,537818969.0
827054,MCHP,2025,541135458.0,2026-01-28,10-Q,1.0,541135458.0
827054,MCHP,2026,543008691.0,2026-07-28,10-Q,1.0,543008691.0
829224,SBUX,2014,749800000.0,2015-01-21,10-Q,2.0,1499600000.0
829224,SBUX,2015,1478100000.0,2016-01-20,10-Q,1.0,1478100000.0
829224,SBUX,2016,1457400000.0,2017-01-25,10-Q,1.0,1457400000.0
829224,SBUX,2017,1405600000.0,2018-01-24,10-Q,1.0,1405600000.0
829224,SBUX,2018,1243600000.0,2019-01-23,10-Q,1.0,1243600000.0
829224,SBUX,2019,1173700000.0,2020-01-22,10-Q,1.0,1173700000.0
829224,SBUX,2020,1177300000.0,2021-01-20,10-Q,1.0,1177300000.0
829224,SBUX,2021,1150300000.0,2022-01-26,10-Q,1.0,1150300000.0
829224,SBUX,2022,1149300000.0,2023-01-27,10-Q,1.0,1149300000.0
829224,SBUX,2023,1132200000.0,2024-01-24,10-Q/A,1.0,1132200000.0
829224,SBUX,2024,1135900000.0,2025-01-22,10-Q,1.0,1135900000.0
829224,SBUX,2025,1139300000.0,2026-01-22,10-Q,1.0,1139300000.0
829224,SBUX,2026,1140000000.0,2026-07-23,10-Q,1.0,1140000000.0
831001,C,2014,3033851309.0,2015-01-31,10-K,1.0,3033851309.0
831001,C,2015,2948120153.0,2016-01-31,10-K,1.0,2948120153.0
831001,C,2016,2770709339.0,2017-01-31,10-K,1.0,2770709339.0
831001,C,2017,2570065748.0,2018-01-31,10-K,1.0,2570065748.0
831001,C,2018,2351523709.0,2019-01-31,10-K,1.0,2351523709.0
831001,C,2019,2106486793.0,2020-01-31,10-K,1.0,2106486793.0
831001,C,2020,2087317952.0,2021-01-31,10-K,1.0,2087317952.0
831001,C,2021,1980894613.0,2022-01-31,10-K,1.0,1980894613.0
831001,C,2022,1943712436.0,2023-01-31,10-K,1.0,1943712436.0
831001,C,2023,1911366783.0,2024-01-31,10-K,1.0,1911366783.0
831001,C,2024,1884479551.0,2025-01-31,10-K,1.0,1884479551.0
831001,C,2025,1749319009.0,2026-01-31,10-K,1.0,1749319009.0
831259,FCX,2014,1039863035.0,2015-02-20,10-K,1.0,1039863035.0
831259,FCX,2015,1251849800.0,2016-02-19,10-K,1.0,1251849800.0
831259,FCX,2016,1445380168.0,2017-02-15,10-K,1.0,1445380168.0
831259,FCX,2017,1447844743.0,2018-01-31,10-K,1.0,1447844743.0
831259,FCX,2018,1449058885.0,2019-01-31,10-K,1.0,1449058885.0
831259,FCX,2019,1450972426.0,2020-01-31,10-K,1.0,1450972426.0
831259,FCX,2020,1458480446.0,2021-01-29,10-K,1.0,1458480446.0
831259,FCX,2021,1454781055.0,2022-01-31,10-K/A,1.0,1454781055.0
831259,FCX,2022,1430693689.0,2023-01-31,10-K,1.0,1430693689.0
831259,FCX,2023,1434409010.0,2024-01-31,10-K,1.0,1434409010.0
831259,FCX,2024,1437073006.0,2025-01-31,10-K,1.0,1437073006.0
831259,FCX,2025,1437201606.0,2026-01-31,10-K,1.0,1437201606.0
831259,FCX,2026,1436017523.0,2026-07-31,10-Q,1.0,1436017523.0
832101,IEX,2014,78232245.0,2015-02-17,10-K,1.0,78232245.0
832101,IEX,2015,75929397.0,2016-02-16,10-K,1.0,75929397.0
832101,IEX,2016,76248604.0,2017-02-14,10-K,1.0,76248604.0
832101,IEX,2017,76535263.0,2018-02-14,10-K,1.0,76535263.0
832101,IEX,2018,75792814.0,2019-02-15,10-K,1.0,75792814.0
832101,IEX,2019,76205390.0,2020-02-18,10-K,1.0,76205390.0
832101,IEX,2020,75889737.0,2021-02-22,10-K,1.0,75889737.0
832101,IEX,2021,76119749.0,2022-02-18,10-K,1.0,76119749.0
832101,IEX,2022,75518200.0,2023-02-17,10-K,1.0,75518200.0
832101,IEX,2023,75644654.0,2024-02-16,10-K,1.0,75644654.0
832101,IEX,2024,75784047.0,2025-02-14,10-K,1.0,75784047.0
832101,IEX,2025,74347824.0,2026-02-13,10-K,1.0,74347824.0
832101,IEX,2026,73719896.0,2026-07-24,10-Q,1.0,73719896.0
833444,JCI,2014,420045569.0,2015-01-23,10-Q,0.955,401143518.395
833444,JCI,2015,424618498.0,2016-01-21,10-Q,0.955,405510665.59
833444,JCI,2016,938685172.0,2016-12-31,10-Q,1.0,938685172.0
833444,JCI,2017,926105380.0,2017-12-31,10-Q,1.0,926105380.0
833444,JCI,2018,912713145.0,2018-12-31,10-Q,1.0,912713145.0
833444,JCI,2019,764047226.0,2019-12-31,10-Q,1.0,764047226.0
833444,JCI,2020,720271990.0,2020-12-31,10-Q,1.0,720271990.0
833444,JCI,2021,702799758.0,2021-12-31,10-Q,1.0,702799758.0
833444,JCI,2022,687231016.0,2022-12-31,10-Q,1.0,687231016.0
833444,JCI,2023,681477046.0,2023-12-31,10-Q,1.0,681477046.0
833444,JCI,2024,660594161.0,2024-12-31,10-Q,1.0,660594161.0
833444,JCI,2025,612004462.0,2025-12-31,10-Q,1.0,612004462.0
833444,JCI,2026,610115603.0,2026-03-31,10-Q,1.0,610115603.0
842023,TECH,2014,37134303.0,2015-02-03,10-Q,4.0,148537212.0
842023,TECH,2015,37191353.0,2016-02-04,10-Q,4.0,148765412.0
842023,TECH,2016,37311809.0,2017-02-06,10-Q,4.0,149247236.0
842023,TECH,2017,37474011.0,2018-02-02,10-Q,4.0,149896044.0
842023,TECH,2018,37766000.0,2019-02-01,10-Q,4.0,151064000.0
842023,TECH,2019,38351667.0,2020-02-03,10-Q,4.0,153406668.0
842023,TECH,2020,38798834.0,2021-02-01,10-Q,4.0,155195336.0
842023,TECH,2021,39288254.0,2022-02-03,10-Q,4.0,157153016.0
842023,TECH,2022,157275200.0,2023-02-01,10-Q,1.0,157275200.0
842023,TECH,2023,157191685.0,2024-02-02,10-Q,1.0,157191685.0
842023,TECH,2024,158087683.0,2025-02-03,10-Q,1.0,158087683.0
842023,TECH,2025,156453292.0,2026-01-29,10-Q,1.0,156453292.0
842023,TECH,2026,156818238.0,2026-08-17,10-K,1.0,156818238.0
849395,CRH,2023,690357372.0,2023-12-31,10-K/A,1.0,690357372.0
849395,CRH,2024,676475037.0,2025-02-13,10-K,1.0,676475037.0
849395,CRH,2025,668250818.0,2026-02-04,10-K,1.0,668250818.0
849395,CRH,2026,665284511.0,2026-07-20,10-Q,1.0,665284511.0
849399,GEN,2014,682380095.0,2015-01-30,10-Q,1.0,682380095.0
849399,GEN,2015,652222522.0,2016-01-29,10-Q,1.0,652222522.0
849399,GEN,2016,618834453.0,2017-01-27,10-Q,1.0,618834453.0
849399,GEN,2017,621538648.0,2018-01-26,10-Q,1.0,621538648.0
849399,GEN,2018,639217123.0,2019-01-28,10-Q,1.0,639217123.0
849399,GEN,2019,600384184.0,2020-01-30,10-Q,1.0,600384184.0
849399,GEN,2020,581900648.0,2021-01-29,10-Q,1.0,581900648.0
849399,GEN,2021,581861307.0,2022-01-28,10-Q,1.0,581861307.0
849399,GEN,2022,639129470.0,2023-01-27,10-Q,1.0,639129470.0
849399,GEN,2023,636909965.0,2024-01-29,10-Q,1.0,636909965.0
849399,GEN,2024,616301369.0,2025-01-27,10-Q,1.0,616301369.0
849399,GEN,2025,605663774.0,2026-02-03,10-Q,1.0,605663774.0
849399,GEN,2026,598587032.0,2026-08-04,10-Q,1.0,598587032.0
857005,PTC,2014,114926977.0,2015-02-09,10-Q,1.0,114926977.0
857005,PTC,2015,114531701.0,2016-01-02,10-Q,1.0,114531701.0
857005,PTC,2016,115721488.0,2017-02-01,10-Q,1.0,115721488.0
857005,PTC,2017,116284430.0,2018-02-02,10-Q,1.0,116284430.0
857005,PTC,2018,118627720.0,2019-02-05,10-Q,1.0,118627720.0
857005,PTC,2019,115494475.0,2020-01-23,10-Q,1.0,115494475.0
857005,PTC,2020,116810418.0,2021-02-02,10-Q,1.0,116810418.0
857005,PTC,2021,116952189.0,2022-02-03,10-Q,1.0,116952189.0
857005,PTC,2022,118263203.0,2023-02-06,10-Q,1.0,118263203.0
857005,PTC,2023,119552405.0,2024-01-31,10-Q,1.0,119552405.0
857005,PTC,2024,120323542.0,2025-02-04,10-Q,1.0,120323542.0
857005,PTC,2025,118996116.0,2026-02-03,10-Q,1.0,118996116.0
857005,PTC,2026,108506261.0,2026-07-29,10-Q,1.0,108506261.0
858877,CSCO,2014,5104738671.0,2015-02-13,10-Q,1.0,5104738671.0
858877,CSCO,2015,5032121234.0,2016-02-12,10-Q,1.0,5032121234.0
858877,CSCO,2016,5007856247.0,2017-02-16,10-Q,1.0,5007856247.0
858877,CSCO,2017,4817517410.0,2018-02-15,10-Q,1.0,4817517410.0
858877,CSCO,2018,4402027716.0,2019-02-14,10-Q,1.0,4402027716.0
858877,CSCO,2019,4240880161.0,2020-02-13,10-Q,1.0,4240880161.0
858877,CSCO,2020,4221785547.0,2021-02-11,10-Q,1.0,4221785547.0
858877,CSCO,2021,4154168000.0,2022-02-17,10-Q,1.0,4154168000.0
858877,CSCO,2022,4095823317.0,2023-02-16,10-Q,1.0,4095823317.0
858877,CSCO,2023,4049187080.0,2024-02-15,10-Q,1.0,4049187080.0
858877,CSCO,2024,3978292432.0,2025-02-13,10-Q,1.0,3978292432.0
858877,CSCO,2025,3949893042.0,2026-02-12,10-Q,1.0,3949893042.0
858877,CSCO,2026,3942586873.0,2026-08-27,10-K,1.0,3942586873.0
860730,HCA,2014,420576500.0,2015-01-31,10-K,1.0,420576500.0
860730,HCA,2015,396958400.0,2016-01-31,10-K,1.0,396958400.0
860730,HCA,2016,370153000.0,2017-01-31,10-K,1.0,370153000.0
860730,HCA,2017,349903700.0,2018-01-31,10-K,1.0,349903700.0
860730,HCA,2018,342376700.0,2019-01-31,10-K,1.0,342376700.0
860730,HCA,2019,338427300.0,2020-01-31,10-K,1.0,338427300.0
860730,HCA,2020,339917500.0,2021-01-31,10-K,1.0,339917500.0
860730,HCA,2021,303600000.0,2022-01-31,10-K,1.0,303600000.0
860730,HCA,2022,276966400.0,2023-01-31,10-K,1.0,276966400.0
860730,HCA,2023,264498700.0,2024-01-31,10-K,1.0,264498700.0
860730,HCA,2024,248341900.0,2025-01-31,10-K,1.0,248341900.0
860730,HCA,2025,223622200.0,2026-01-31,10-K,1.0,223622200.0
860730,HCA,2026,221839800.0,2026-04-27,10-Q,1.0,221839800.0
860731,TYL,2014,33581000.0,2015-02-13,10-K,1.0,33581000.0
860731,TYL,2015,36572000.0,2016-02-22,10-K,1.0,36572000.0
860731,TYL,2016,36828000.0,2017-02-21,10-K,1.0,36828000.0
860731,TYL,2017,37901000.0,2018-02-20,10-K,1.0,37901000.0
860731,TYL,2018,38293000.0,2019-02-19,10-K,1.0,38293000.0
860731,TYL,2019,39396000.0,2020-02-18,10-K,1.0,39396000.0
860731,TYL,2020,40576730.0,2021-02-17,10-K,1.0,40576730.0
860731,TYL,2021,41348917.0,2022-02-22,10-K,1.0,41348917.0
860731,TYL,2022,41819280.0,2023-02-21,10-K,1.0,41819280.0
860731,TYL,2023,42276136.0,2024-02-20,10-K/A,1.0,42276136.0
860731,TYL,2024,43013800.0,2025-02-18,10-K,1.0,43013800.0
860731,TYL,2025,42985340.0,2026-02-16,10-K,1.0,42985340.0
860731,TYL,2026,40952274.0,2026-07-27,10-Q,1.0,40952274.0
864749,TRMB,2014,259176857.0,2015-02-20,10-K,1.0,259176857.0
864749,TRMB,2015,250900362.0,2016-02-19,10-K,1.0,250900362.0
864749,TRMB,2016,252283685.0,2017-02-22,10-K,1.0,252283685.0
864749,TRMB,2017,248266451.0,2018-02-22,10-K,1.0,248266451.0
864749,TRMB,2018,251514221.0,2019-02-19,10-K,1.0,251514221.0
864749,TRMB,2019,250166168.0,2020-02-26,10-K/A,1.0,250166168.0
864749,TRMB,2020,250974620.0,2021-02-24,10-K,1.0,250974620.0
864749,TRMB,2021,251215563.0,2022-02-18,10-K,1.0,251215563.0
864749,TRMB,2022,246951697.0,2023-02-14,10-K,1.0,246951697.0
864749,TRMB,2023,245687181.0,2024-02-20,10-K/A,1.0,245687181.0
864749,TRMB,2024,245792054.0,2025-01-09,10-Q,1.0,245792054.0
864749,TRMB,2025,233929408.0,2026-02-20,10-K,1.0,233929408.0
864749,TRMB,2026,233179848.0,2026-08-07,10-Q,1.0,233179848.0
865752,MNST,2014,170016322.0,2015-02-17,10-K,12.0,2040195864.0
865752,MNST,2015,202919837.0,2016-02-04,10-K,12.0,2435038044.0
865752,MNST,2016,566619343.0,2017-02-10,10-K,4.0,2266477372.0
865752,MNST,2017,566402748.0,2018-02-12,10-K,4.0,2265610992.0
865752,MNST,2018,543148169.0,2019-02-20,10-K,4.0,2172592676.0
865752,MNST,2019,536896142.0,2020-02-20,10-K,4.0,2147584568.0
865752,MNST,2020,528137036.0,2021-02-19,10-K,4.0,2112548144.0
865752,MNST,2021,529358860.0,2022-02-16,10-K,4.0,2117435440.0
865752,MNST,2022,522409358.0,2023-02-16,10-K,4.0,2089637432.0
865752,MNST,2023,1040636235.0,2024-02-15,10-K,2.0,2081272470.0
865752,MNST,2024,973158896.0,2025-02-14,10-K,2.0,1946317792.0
865752,MNST,2025,978270734.0,2026-02-13,10-K,2.0,1956541468.0
865752,MNST,2026,979525882.0,2026-07-31,10-Q,2.0,1959051764.0
866374,FLEX,2014,572375941.0,2015-01-23,10-Q,1.327,759542873.707
866374,FLEX,2015,548585484.0,2016-01-25,10-Q,1.327,727972937.268
866374,FLEX,2016,535220962.0,2017-01-23,10-Q,1.327,710238216.574
866374,FLEX,2017,527665321.0,2018-01-24,10-Q,1.327,700211880.967
866374,FLEX,2018,521417529.0,2019-01-28,10-Q,1.327,691921060.9829999
866374,FLEX,2019,503991662.0,2020-01-24,10-Q,1.327,668796935.474
866374,FLEX,2020,499172368.0,2021-01-25,10-Q,1.327,662401732.336
866374,FLEX,2021,464086322.0,2022-02-01,10-Q,1.327,615842549.294
866374,FLEX,2022,451081016.0,2023-01-20,10-Q,1.327,598584508.232
866374,FLEX,2023,421163217.0,2024-01-26,10-Q,1.0,421163217.0
866374,FLEX,2024,383103055.0,2025-01-24,10-Q,1.0,383103055.0
866374,FLEX,2025,367673924.0,2026-01-30,10-Q,1.0,367673924.0
866374,FLEX,2026,369402978.0,2026-07-24,10-Q,1.0,369402978.0
866787,AZO,2014,31897765.0,2014-12-15,10-Q,1.0,31897765.0
866787,AZO,2015,30208306.0,2015-12-11,10-Q,1.0,30208306.0
866787,AZO,2016,28620620.0,2016-12-09,10-Q,1.0,28620620.0
866787,AZO,2017,27353015.0,2017-12-15,10-Q,1.0,27353015.0
866787,AZO,2018,25205125.0,2018-12-13,10-Q,1.0,25205125.0
866787,AZO,2019,23592711.0,2019-12-13,10-Q,1.0,23592711.0
866787,AZO,2020,22759106.0,2020-12-11,10-Q,1.0,22759106.0
866787,AZO,2021,20634396.0,2021-12-10,10-Q,1.0,20634396.0
866787,AZO,2022,18765671.0,2022-12-09,10-Q,1.0,18765671.0
866787,AZO,2023,17291904.0,2023-12-11,10-Q,1.0,17291904.0
866787,AZO,2024,16782160.0,2024-12-13,10-Q,1.0,16782160.0
866787,AZO,2025,16567821.0,2025-12-12,10-Q,1.0,16567821.0
866787,AZO,2026,16325355.0,2026-06-05,10-Q,1.0,16325355.0
874716,IDXX,2014,47125601.0,2015-02-06,10-K,2.0,94251202.0
874716,IDXX,2015,89638022.0,2016-02-05,10-K,1.0,89638022.0
874716,IDXX,2016,88005221.0,2017-02-06,10-K,1.0,88005221.0
874716,IDXX,2017,87122794.0,2018-02-06,10-K,1.0,87122794.0
874716,IDXX,2018,86006526.0,2019-02-12,10-K,1.0,86006526.0
874716,IDXX,2019,85329642.0,2020-02-10,10-K,1.0,85329642.0
874716,IDXX,2020,85426080.0,2021-02-09,10-K,1.0,85426080.0
874716,IDXX,2021,84249085.0,2022-02-02,10-K,1.0,84249085.0
874716,IDXX,2022,82903371.0,2023-02-10,10-K,1.0,82903371.0
874716,IDXX,2023,83089381.0,2024-02-12,10-K,1.0,83089381.0
874716,IDXX,2024,81328233.0,2025-02-12,10-K,1.0,81328233.0
874716,IDXX,2025,79624034.0,2026-02-13,10-K,1.0,79624034.0
874716,IDXX,2026,78781116.0,2026-07-31,10-Q,1.0,78781116.0
874761,AES,2014,702634251.0,2015-02-18,10-K,1.0,702634251.0
874761,AES,2015,659733335.0,2016-02-18,10-K,1.0,659733335.0
874761,AES,2016,659183208.0,2017-02-17,10-K,1.0,659183208.0
874761,AES,2017,660449495.0,2018-02-21,10-K,1.0,660449495.0
874761,AES,2018,662358244.0,2019-02-21,10-K,1.0,662358244.0
874761,AES,2019,664036935.0,2020-02-21,10-K,1.0,664036935.0
874761,AES,2020,665479845.0,2021-02-22,10-K,1.0,665479845.0
874761,AES,2021,667395142.0,2022-02-22,10-K,1.0,667395142.0
874761,AES,2022,668824617.0,2023-02-27,10-K,1.0,668824617.0
874761,AES,2023,710287083.0,2024-02-22,10-K,1.0,710287083.0
874761,AES,2024,711900547.0,2025-02-25,10-K,1.0,711900547.0
874761,AES,2025,712558860.0,2026-02-24,10-K,1.0,712558860.0
874761,AES,2026,713438630.0,2026-07-31,10-Q,1.0,713438630.0
874766,HIG,2014,420951148.0,2014-12-31,10-K,1.0,420951148.0
874766,HIG,2015,396675884.0,2016-02-24,10-K,1.0,396675884.0
874766,HIG,2016,370189269.0,2017-02-23,10-K,1.0,370189269.0
874766,HIG,2017,356981387.0,2018-02-21,10-K,1.0,356981387.0
874766,HIG,2018,359470401.0,2019-02-20,10-K,1.0,359470401.0
874766,HIG,2019,358252183.0,2020-02-19,10-K,1.0,358252183.0
874766,HIG,2020,357514315.0,2021-02-18,10-K,1.0,357514315.0
874766,HIG,2021,331646836.0,2022-02-17,10-K,1.0,331646836.0
874766,HIG,2022,313057095.0,2023-02-23,10-K,1.0,313057095.0
874766,HIG,2023,297350060.0,2024-02-22,10-K,1.0,297350060.0
874766,HIG,2024,285386985.0,2025-02-20,10-K,1.0,285386985.0
874766,HIG,2025,275863220.0,2026-02-19,10-K,1.0,275863220.0
874766,HIG,2026,270872002.0,2026-07-22,10-Q,1.0,270872002.0
875045,BIIB,2014,234614474.0,2015-01-30,10-K,1.0,234614474.0
875045,BIIB,2015,218672717.0,2016-01-29,10-K,1.0,218672717.0
875045,BIIB,2016,215951945.0,2017-01-27,10-K,1.0,215951945.0
875045,BIIB,2017,211562686.0,2018-01-26,10-K,1.0,211562686.0
875045,BIIB,2018,196708784.0,2019-02-01,10-K,1.0,196708784.0
875045,BIIB,2019,174064011.0,2020-02-04,10-K,1.0,174064011.0
875045,BIIB,2020,152335731.0,2021-02-02,10-K,1.0,152335731.0
875045,BIIB,2021,146962793.0,2022-02-02,10-K,1.0,146962793.0
875045,BIIB,2022,144485646.0,2023-02-14,10-K,1.0,144485646.0
875045,BIIB,2023,145360798.0,2024-02-12,10-K,1.0,145360798.0
875045,BIIB,2024,146374937.0,2025-02-11,10-K,1.0,146374937.0
875045,BIIB,2025,146758528.0,2026-02-04,10-K,1.0,146758528.0
875045,BIIB,2026,147637117.0,2026-04-27,10-Q,1.0,147637117.0
875320,VRTX,2014,242088884.0,2015-01-31,10-K,1.0,242088884.0
875320,VRTX,2015,246391955.0,2016-01-31,10-K,1.0,246391955.0
875320,VRTX,2016,248438127.0,2017-02-10,10-K,1.0,248438127.0
875320,VRTX,2017,253891984.0,2018-01-31,10-K,1.0,253891984.0
875320,VRTX,2018,255656889.0,2019-01-31,10-K,1.0,255656889.0
875320,VRTX,2019,259268593.0,2020-01-31,10-K,1.0,259268593.0
875320,VRTX,2020,259960062.0,2021-01-31,10-K,1.0,259960062.0
875320,VRTX,2021,254576691.0,2022-01-31,10-K,1.0,254576691.0
875320,VRTX,2022,257091441.0,2023-01-31,10-K,1.0,257091441.0
875320,VRTX,2023,258307816.0,2024-02-09,10-K,1.0,258307816.0
875320,VRTX,2024,256789869.0,2025-02-07,10-K,1.0,256789869.0
875320,VRTX,2025,254034190.0,2026-02-06,10-K,1.0,254034190.0
875320,VRTX,2026,253460924.0,2026-07-31,10-Q,1.0,253460924.0
877212,ZBRA,2014,51747349.0,2015-02-13,10-K,1.0,51747349.0
877212,ZBRA,2015,52149195.0,2016-02-22,10-K,1.0,52149195.0
877212,ZBRA,2016,52877247.0,2017-02-20,10-K,1.0,52877247.0
877212,ZBRA,2017,53250033.0,2018-02-15,10-K,1.0,53250033.0
877212,ZBRA,2018,53870497.0,2019-02-07,10-K,1.0,53870497.0
877212,ZBRA,2019,54008653.0,2020-02-04,10-K,1.0,54008653.0
877212,ZBRA,2020,53467406.0,2021-02-04,10-K,1.0,53467406.0
877212,ZBRA,2021,53079740.0,2022-02-03,10-K,1.0,53079740.0
877212,ZBRA,2022,51404742.0,2023-02-09,10-K,1.0,51404742.0
877212,ZBRA,2023,51381409.0,2024-02-08,10-K,1.0,51381409.0
877212,ZBRA,2024,51379208.0,2025-02-06,10-K,1.0,51379208.0
877212,ZBRA,2025,49191704.0,2026-02-05,10-K,1.0,49191704.0
877212,ZBRA,2026,47310660.0,2026-07-28,10-Q,1.0,47310660.0
878927,ODFL,2014,85925587.0,2015-02-25,10-K,3.0,257776761.0
878927,ODFL,2015,83818609.0,2016-02-26,10-K,3.0,251455827.0
878927,ODFL,2016,82466236.0,2017-02-24,10-K,3.0,247398708.0
878927,ODFL,2017,82374451.0,2018-02-23,10-K,3.0,247123353.0
878927,ODFL,2018,81146989.0,2019-02-26,10-K,3.0,243440967.0
878927,ODFL,2019,79697285.0,2020-02-24,10-K,3.0,239091855.0
878927,ODFL,2020,116937111.0,2021-02-22,10-K,2.0,233874222.0
878927,ODFL,2021,114863803.0,2022-02-21,10-K,2.0,229727606.0
878927,ODFL,2022,110026430.0,2023-02-21,10-K,2.0,220052860.0
878927,ODFL,2023,108837146.0,2024-02-21,10-K,2.0,217674292.0
878927,ODFL,2024,212545079.0,2025-02-21,10-K,1.0,212545079.0
878927,ODFL,2025,208425619.0,2026-02-17,10-K,1.0,208425619.0
878927,ODFL,2026,207356622.0,2026-07-31,10-Q,1.0,207356622.0
879101,KIM,2014,412577958.0,2015-02-25,10-K,1.0,412577958.0
879101,KIM,2015,413710579.0,2016-02-11,10-K,1.0,413710579.0
879101,KIM,2016,425629020.0,2017-02-22,10-K,1.0,425629020.0
879101,KIM,2017,425455523.0,2018-02-20,10-K,1.0,425455523.0
879101,KIM,2018,421385972.0,2019-02-06,10-K,1.0,421385972.0
879101,KIM,2019,431820951.0,2020-02-05,10-K,1.0,431820951.0
879101,KIM,2020,432439820.0,2021-02-11,10-K,1.0,432439820.0
879101,KIM,2021,616719061.0,2022-02-10,10-K,1.0,616719061.0
879101,KIM,2022,618609347.0,2023-02-10,10-K,1.0,618609347.0
879101,KIM,2023,672904480.0,2024-02-09,10-K,1.0,672904480.0
879101,KIM,2024,679482034.0,2025-02-10,10-K,1.0,679482034.0
879101,KIM,2025,674066654.0,2026-02-10,10-K,1.0,674066654.0
879101,KIM,2026,670789373.0,2026-07-28,10-Q,1.0,670789373.0
879169,INCY,2014,171765591.0,2015-02-09,10-K,1.0,171765591.0
879169,INCY,2015,187199761.0,2016-02-05,10-K,1.0,187199761.0
879169,INCY,2016,189408381.0,2017-02-07,10-K,1.0,189408381.0
879169,INCY,2017,211663861.0,2018-02-08,10-K,1.0,211663861.0
879169,INCY,2018,214048325.0,2019-02-07,10-K,1.0,214048325.0
879169,INCY,2019,216775534.0,2020-02-06,10-K,1.0,216775534.0
879169,INCY,2020,219843497.0,2021-02-02,10-K,1.0,219843497.0
879169,INCY,2021,221325189.0,2022-02-01,10-K,1.0,221325189.0
879169,INCY,2022,222965018.0,2023-01-31,10-K,1.0,222965018.0
879169,INCY,2023,224526128.0,2024-02-06,10-K/A,1.0,224526128.0
879169,INCY,2024,193524350.0,2025-02-03,10-K,1.0,193524350.0
879169,INCY,2025,199014486.0,2026-02-03,10-K,1.0,199014486.0
879169,INCY,2026,199782155.0,2026-04-21,10-Q,1.0,199782155.0
882095,GILD,2014,1489401683.0,2015-02-13,10-K,1.0,1489401683.0
882095,GILD,2015,1366845691.0,2016-02-12,10-K,1.0,1366845691.0
882095,GILD,2016,1307066900.0,2017-02-16,10-K,1.0,1307066900.0
882095,GILD,2017,1309967781.0,2018-02-15,10-K,1.0,1309967781.0
882095,GILD,2018,1275510558.0,2019-02-15,10-K,1.0,1275510558.0
882095,GILD,2019,1263636656.0,2020-02-18,10-K,1.0,1263636656.0
882095,GILD,2020,1256593156.0,2021-02-18,10-K,1.0,1256593156.0
882095,GILD,2021,1253886724.0,2022-02-18,10-K,1.0,1253886724.0
882095,GILD,2022,1247105154.0,2023-02-17,10-K,1.0,1247105154.0
882095,GILD,2023,1245774616.0,2024-02-16,10-K,1.0,1245774616.0
882095,GILD,2024,1245346062.0,2025-02-21,10-K,1.0,1245346062.0
882095,GILD,2025,1241420528.0,2026-02-13,10-K,1.0,1241420528.0
882095,GILD,2026,1239955155.0,2026-07-31,10-Q,1.0,1239955155.0
882184,DHI,2014,365406141.0,2015-01-21,10-Q,1.0,365406141.0
882184,DHI,2015,369768662.0,2016-01-20,10-Q,1.0,369768662.0
882184,DHI,2016,373413520.0,2017-01-18,10-Q,1.0,373413520.0
882184,DHI,2017,375920628.0,2018-01-24,10-Q,1.0,375920628.0
882184,DHI,2018,373423120.0,2019-01-23,10-Q,1.0,373423120.0
882184,DHI,2019,366363723.0,2020-01-22,10-Q,1.0,366363723.0
882184,DHI,2020,363701712.0,2021-01-20,10-Q,1.0,363701712.0
882184,DHI,2021,354358165.0,2022-01-28,10-Q,1.0,354358165.0
882184,DHI,2022,343393349.0,2023-01-23,10-Q,1.0,343393349.0
882184,DHI,2023,331817282.0,2024-01-18,10-Q,1.0,331817282.0
882184,DHI,2024,315122486.0,2025-01-16,10-Q,1.0,315122486.0
882184,DHI,2025,289703395.0,2026-01-15,10-Q,1.0,289703395.0
882184,DHI,2026,279701267.0,2026-07-16,10-Q,1.0,279701267.0
882835,ROP,2014,100356523.0,2014-12-31,10-K,1.0,100356523.0
882835,ROP,2015,101064624.0,2015-12-31,10-K,1.0,101064624.0
882835,ROP,2016,101434201.0,2017-02-24,10-K,1.0,101434201.0
882835,ROP,2017,102826454.0,2018-02-16,10-K,1.0,102826454.0
882835,ROP,2018,103607782.0,2019-02-15,10-K,1.0,103607782.0
882835,ROP,2019,106109664.0,2020-02-21,10-K,1.0,106109664.0
882835,ROP,2020,104939597.0,2021-02-12,10-K,1.0,104939597.0
882835,ROP,2021,105602835.0,2022-02-11,10-K,1.0,105602835.0
882835,ROP,2022,106243275.0,2023-02-17,10-K,1.0,106243275.0
882835,ROP,2023,107022333.0,2024-02-16,10-K,1.0,107022333.0
882835,ROP,2024,107385207.0,2025-02-14,10-K,1.0,107385207.0
882835,ROP,2025,102927515.0,2026-02-20,10-K,1.0,102927515.0
882835,ROP,2026,98900874.0,2026-07-28,10-Q,1.0,98900874.0
883241,SNPS,2014,153686533.0,2015-02-20,10-Q,1.0,153686533.0
883241,SNPS,2015,151527833.0,2016-02-19,10-Q,1.0,151527833.0
883241,SNPS,2016,150497680.0,2017-02-15,10-Q,1.0,150497680.0
883241,SNPS,2017,148725114.0,2018-02-21,10-Q,1.0,148725114.0
883241,SNPS,2018,149675824.0,2019-02-22,10-Q,1.0,149675824.0
883241,SNPS,2019,150227140.0,2020-02-19,10-Q,1.0,150227140.0
883241,SNPS,2020,152373162.0,2021-02-17,10-Q,1.0,152373162.0
883241,SNPS,2021,153098717.0,2022-02-16,10-Q,1.0,153098717.0
883241,SNPS,2022,152301677.0,2023-02-15,10-Q,1.0,152301677.0
883241,SNPS,2023,152543690.0,2024-02-21,10-Q,1.0,152543690.0
883241,SNPS,2024,154620076.0,2025-02-24,10-Q,1.0,154620076.0
883241,SNPS,2025,191562027.0,2026-02-23,10-Q,1.0,191562027.0
883241,SNPS,2026,191636646.0,2026-08-24,10-Q,1.0,191636646.0
884887,RCL,2014,219620652.0,2015-02-12,10-K,1.0,219620652.0
884887,RCL,2015,217408741.0,2016-02-12,10-K,1.0,217408741.0
884887,RCL,2016,214803837.0,2017-02-09,10-K,1.0,214803837.0
884887,RCL,2017,213749009.0,2018-02-12,10-K,1.0,213749009.0
884887,RCL,2018,209186598.0,2019-02-14,10-K,1.0,209186598.0
884887,RCL,2019,209000016.0,2020-02-21,10-K,1.0,209000016.0
884887,RCL,2020,237535138.0,2021-02-22,10-K,1.0,237535138.0
884887,RCL,2021,255002771.0,2022-02-24,10-K,1.0,255002771.0
884887,RCL,2022,255350697.0,2023-02-20,10-K,1.0,255350697.0
884887,RCL,2023,256650147.0,2024-02-16,10-K,1.0,256650147.0
884887,RCL,2024,269128754.0,2025-02-11,10-K,1.0,269128754.0
884887,RCL,2025,270528303.0,2026-02-09,10-K,1.0,270528303.0
884887,RCL,2026,267452084.0,2026-07-24,10-Q,1.0,267452084.0
885725,BSX,2014,1330512367.0,2015-01-30,10-K,1.0,1330512367.0
885725,BSX,2015,1348346253.0,2016-01-29,10-K,1.0,1348346253.0
885725,BSX,2016,1363488640.0,2017-01-31,10-K,1.0,1363488640.0
885725,BSX,2017,1374910797.0,2018-01-31,10-K,1.0,1374910797.0
885725,BSX,2018,1385961926.0,2019-01-31,10-K,1.0,1385961926.0
885725,BSX,2019,1396195349.0,2020-01-31,10-K,1.0,1396195349.0
885725,BSX,2020,1417165707.0,2021-01-29,10-K,1.0,1417165707.0
885725,BSX,2021,1426724712.0,2022-01-31,10-K,1.0,1426724712.0
885725,BSX,2022,1434780104.0,2023-01-31,10-K,1.0,1434780104.0
885725,BSX,2023,1467095627.0,2024-01-31,10-K/A,1.0,1467095627.0
885725,BSX,2024,1475778104.0,2025-01-31,10-K,1.0,1475778104.0
885725,BSX,2025,1483885456.0,2026-01-30,10-K,1.0,1483885456.0
885725,BSX,2026,1449229526.0,2026-07-30,10-Q,1.0,1449229526.0
886982,GS,2014,435621157.0,2015-02-06,10-K,1.0,435621157.0
886982,GS,2015,422349543.0,2016-02-05,10-K/A,1.0,422349543.0
886982,GS,2016,398377814.0,2017-02-10,10-K,1.0,398377814.0
886982,GS,2017,379887039.0,2018-02-09,10-K,1.0,379887039.0
886982,GS,2018,368272261.0,2019-02-08,10-K,1.0,368272261.0
886982,GS,2019,345672769.0,2020-02-07,10-K,1.0,345672769.0
886982,GS,2020,345794361.0,2021-02-05,10-K,1.0,345794361.0
886982,GS,2021,337922970.0,2022-02-11,10-K,1.0,337922970.0
886982,GS,2022,335423289.0,2023-02-10,10-K,1.0,335423289.0
886982,GS,2023,325562747.0,2024-02-09,10-K/A,1.0,325562747.0
886982,GS,2024,312039033.0,2025-02-07,10-K,1.0,312039033.0
886982,GS,2025,296752922.0,2026-02-06,10-K,1.0,296752922.0
886982,GS,2026,291171408.0,2026-07-17,10-Q,1.0,291171408.0
895126,EXE,2014,665038368.0,2015-02-09,10-K,1.0,665038368.0
895126,EXE,2015,664992714.0,2016-02-09,10-K,1.0,664992714.0
895126,EXE,2016,906830905.0,2017-02-22,10-K,1.0,906830905.0
895126,EXE,2017,909242558.0,2018-02-15,10-K,1.0,909242558.0
895126,EXE,2018,1631724765.0,2019-02-12,10-K,1.0,1631724765.0
895126,EXE,2019,1954583780.0,2020-02-19,10-K,1.0,1954583780.0
895126,EXE,2020,97907081.0,2021-02-25,10-K,1.0,97907081.0
895126,EXE,2021,118558307.0,2022-02-21,10-K,1.0,118558307.0
895126,EXE,2022,134719821.0,2023-02-16,10-K,1.0,134719821.0
895126,EXE,2023,130794770.0,2024-02-15,10-K,1.0,130794770.0
895126,EXE,2024,232699939.0,2025-02-19,10-K,1.0,232699939.0
895126,EXE,2025,240398260.0,2026-02-11,10-K,1.0,240398260.0
895126,EXE,2026,231503789.0,2026-07-24,10-Q,1.0,231503789.0
895421,MS,2014,1976612907.0,2015-01-31,10-K,1.0,1976612907.0
895421,MS,2015,1958568849.0,2016-01-31,10-K,1.0,1958568849.0
895421,MS,2016,1866164899.0,2017-01-31,10-K,1.0,1866164899.0
895421,MS,2017,1791846388.0,2018-01-31,10-K,1.0,1791846388.0
895421,MS,2018,1708787567.0,2019-01-31,10-K,1.0,1708787567.0
895421,MS,2019,1599276515.0,2020-01-31,10-K,1.0,1599276515.0
895421,MS,2020,1813552280.0,2021-01-29,10-K,1.0,1813552280.0
895421,MS,2021,1781299489.0,2022-01-31,10-K,1.0,1781299489.0
895421,MS,2022,1681940155.0,2023-01-31,10-K,1.0,1681940155.0
895421,MS,2023,1635268297.0,2024-01-31,10-K,1.0,1635268297.0
895421,MS,2024,1612855585.0,2025-01-31,10-K,1.0,1612855585.0
895421,MS,2025,1587860206.0,2026-01-31,10-K,1.0,1587860206.0
895421,MS,2026,1570566292.0,2026-07-31,10-Q,1.0,1570566292.0
896159,CB,2014,327341997.0,2015-02-13,10-K,1.0,327341997.0
896159,CB,2015,461670290.0,2016-02-12,10-K,1.0,461670290.0
896159,CB,2016,465781102.0,2017-02-13,10-K,1.0,465781102.0
896159,CB,2017,464091254.0,2018-02-12,10-K,1.0,464091254.0
896159,CB,2018,458380937.0,2019-02-14,10-K,1.0,458380937.0
896159,CB,2019,451907796.0,2020-02-13,10-K,1.0,451907796.0
896159,CB,2020,450224906.0,2021-02-11,10-K,1.0,450224906.0
896159,CB,2021,426229254.0,2022-02-10,10-K,1.0,426229254.0
896159,CB,2022,413506316.0,2023-02-17,10-K,1.0,413506316.0
896159,CB,2023,405758796.0,2024-02-16,10-K,1.0,405758796.0
896159,CB,2024,400412084.0,2025-02-20,10-K,1.0,400412084.0
896159,CB,2025,390156552.0,2026-02-20,10-K,1.0,390156552.0
896159,CB,2026,387860106.0,2026-04-21,10-Q,1.0,387860106.0
896878,INTU,2014,276726077.0,2015-02-17,10-Q,1.0,276726077.0
896878,INTU,2015,256821224.0,2016-02-19,10-Q,1.0,256821224.0
896878,INTU,2016,255785325.0,2017-02-17,10-Q,1.0,255785325.0
896878,INTU,2017,256111064.0,2018-02-16,10-Q,1.0,256111064.0
896878,INTU,2018,259072994.0,2019-02-15,10-Q,1.0,259072994.0
896878,INTU,2019,260489463.0,2020-02-18,10-Q,1.0,260489463.0
896878,INTU,2020,273839879.0,2021-02-16,10-Q,1.0,273839879.0
896878,INTU,2021,282812475.0,2022-02-18,10-Q,1.0,282812475.0
896878,INTU,2022,280546394.0,2023-02-16,10-Q,1.0,280546394.0
896878,INTU,2023,279979000.0,2024-02-15,10-Q,1.0,279979000.0
896878,INTU,2024,279562000.0,2025-02-19,10-Q,1.0,279562000.0
896878,INTU,2025,276550000.0,2026-02-20,10-Q,1.0,276550000.0
896878,INTU,2026,267236000.0,2026-08-31,10-K,1.0,267236000.0
898173,ORLY,2014,101648745.0,2015-02-23,10-K,15.0,1524731175.0
898173,ORLY,2015,97189417.0,2016-02-22,10-K,15.0,1457841255.0
898173,ORLY,2016,91639693.0,2017-02-20,10-K,15.0,1374595395.0
898173,ORLY,2017,83670900.0,2018-02-19,10-K,15.0,1255063500.0
898173,ORLY,2018,78375610.0,2019-02-18,10-K,15.0,1175634150.0
898173,ORLY,2019,74897080.0,2020-02-24,10-K,15.0,1123456200.0
898173,ORLY,2020,70206669.0,2021-02-22,10-K,15.0,1053100035.0
898173,ORLY,2021,66600918.0,2022-02-21,10-K,15.0,999013770.0
898173,ORLY,2022,61833215.0,2023-02-20,10-K,15.0,927498225.0
898173,ORLY,2023,59036585.0,2024-02-19,10-K,15.0,885548775.0
898173,ORLY,2024,57272442.0,2025-02-24,10-K,15.0,859086630.0
898173,ORLY,2025,838487034.0,2026-02-23,10-K,1.0,838487034.0
898173,ORLY,2026,808960792.0,2026-08-03,10-Q,1.0,808960792.0
898293,JBL,2014,193223722.0,2014-12-29,10-Q,1.0,193223722.0
898293,JBL,2015,190549560.0,2015-12-28,10-Q,1.0,190549560.0
898293,JBL,2016,182230937.0,2016-12-26,10-Q,1.0,182230937.0
898293,JBL,2017,175235660.0,2018-01-01,10-Q,1.0,175235660.0
898293,JBL,2018,154715128.0,2019-01-03,10-Q,1.0,154715128.0
898293,JBL,2019,152089713.0,2020-01-01,10-Q,1.0,152089713.0
898293,JBL,2020,150175999.0,2020-12-31,10-Q,1.0,150175999.0
898293,JBL,2021,143484377.0,2021-12-31,10-Q,1.0,143484377.0
898293,JBL,2022,133275064.0,2022-12-30,10-Q,1.0,133275064.0
898293,JBL,2023,127545611.0,2024-01-02,10-Q,1.0,127545611.0
898293,JBL,2024,109178525.0,2025-01-02,10-Q,1.0,109178525.0
898293,JBL,2025,105595267.0,2026-01-02,10-Q,1.0,105595267.0
898293,JBL,2026,104787089.0,2026-06-24,10-Q,1.0,104787089.0
899051,ALL,2014,416426585.0,2015-01-30,10-K,1.0,416426585.0
899051,ALL,2015,378300428.0,2016-01-29,10-K,1.0,378300428.0
899051,ALL,2016,365129091.0,2017-01-31,10-K,1.0,365129091.0
899051,ALL,2017,354458095.0,2018-01-31,10-K,1.0,354458095.0
899051,ALL,2018,331963104.0,2019-01-31,10-K,1.0,331963104.0
899051,ALL,2019,316913648.0,2020-01-31,10-K,1.0,316913648.0
899051,ALL,2020,302873426.0,2021-01-29,10-K,1.0,302873426.0
899051,ALL,2021,278346060.0,2022-01-31,10-K,1.0,278346060.0
899051,ALL,2022,263329700.0,2023-01-31,10-K,1.0,263329700.0
899051,ALL,2023,263067415.0,2024-01-31,10-K,1.0,263067415.0
899051,ALL,2024,265026048.0,2025-01-31,10-K,1.0,265026048.0
899051,ALL,2025,259535842.0,2026-01-30,10-K,1.0,259535842.0
899051,ALL,2026,252857950.0,2026-07-16,10-Q,1.0,252857950.0
900075,CPRT,2014,126335253.0,2014-11-25,10-Q,8.0,1010682024.0
900075,CPRT,2015,112000958.0,2016-02-24,10-Q,8.0,896007664.0
900075,CPRT,2016,114847579.0,2017-02-27,10-Q,8.0,918780632.0
900075,CPRT,2017,231994303.0,2018-02-26,10-Q,4.0,927977212.0
900075,CPRT,2018,228205906.0,2019-02-27,10-Q,4.0,912823624.0
900075,CPRT,2019,233705480.0,2020-02-26,10-Q,4.0,934821920.0
900075,CPRT,2020,236316965.0,2021-02-22,10-Q,4.0,945267860.0
900075,CPRT,2021,237497303.0,2022-02-28,10-Q,4.0,949989212.0
900075,CPRT,2022,476592516.0,2023-02-23,10-Q,2.0,953185032.0
900075,CPRT,2023,961461830.0,2024-02-26,10-Q,1.0,961461830.0
900075,CPRT,2024,966092956.0,2025-02-25,10-Q,1.0,966092956.0
900075,CPRT,2025,968017684.0,2025-11-20,10-Q,1.0,968017684.0
900075,CPRT,2026,925811482.0,2026-05-27,10-Q,1.0,925811482.0
906107,VMRK,2014,363798297.0,2015-02-20,10-K,1.0,363798297.0
906107,VMRK,2015,365141603.0,2016-02-19,10-K,1.0,365141603.0
906107,VMRK,2016,367097667.0,2017-02-17,10-K,1.0,367097667.0
906107,VMRK,2017,368169571.0,2018-02-16,10-K,1.0,368169571.0
906107,VMRK,2018,369933743.0,2019-02-15,10-K,1.0,369933743.0
906107,VMRK,2019,371978449.0,2020-02-14,10-K,1.0,371978449.0
906107,VMRK,2020,372663215.0,2021-02-12,10-K,1.0,372663215.0
906107,VMRK,2021,375917242.0,2022-02-11,10-K,1.0,375917242.0
906107,VMRK,2022,378602684.0,2023-02-10,10-K,1.0,378602684.0
906107,VMRK,2023,379553591.0,2024-02-08,10-K,1.0,379553591.0
906107,VMRK,2024,379705225.0,2025-02-06,10-K,1.0,379705225.0
906107,VMRK,2025,377547108.0,2026-02-06,10-K,1.0,377547108.0
906107,VMRK,2026,374944409.0,2026-07-24,10-Q,1.0,374944409.0
906163,NVR,2014,4048671.0,2015-02-17,10-K,1.0,4048671.0
906163,NVR,2015,3881141.0,2016-02-12,10-K,1.0,3881141.0
906163,NVR,2016,3704206.0,2017-02-10,10-K,1.0,3704206.0
906163,NVR,2017,3683093.0,2018-02-12,10-K,1.0,3683093.0
906163,NVR,2018,3616917.0,2019-02-11,10-K,1.0,3616917.0
906163,NVR,2019,3677676.0,2020-02-14,10-K,1.0,3677676.0
906163,NVR,2020,3681181.0,2021-02-08,10-K,1.0,3681181.0
906163,NVR,2021,3382726.0,2022-02-14,10-K,1.0,3382726.0
906163,NVR,2022,3249345.0,2023-02-13,10-K,1.0,3249345.0
906163,NVR,2023,3186147.0,2024-02-12,10-K,1.0,3186147.0
906163,NVR,2024,2990451.0,2025-02-10,10-K,1.0,2990451.0
906163,NVR,2025,2793760.0,2026-02-09,10-K,1.0,2793760.0
906163,NVR,2026,2664860.0,2026-07-31,10-Q,1.0,2664860.0
906345,CPT,2014,86718520.0,2015-02-13,10-K,1.0,86718520.0
906345,CPT,2015,86927591.0,2016-02-12,10-K,1.0,86927591.0
906345,CPT,2016,87526221.0,2017-02-10,10-K,1.0,87526221.0
906345,CPT,2017,92720729.0,2018-02-09,10-K,1.0,92720729.0
906345,CPT,2018,93259373.0,2019-02-07,10-K,1.0,93259373.0
906345,CPT,2019,97326277.0,2020-02-13,10-K/A,1.0,97326277.0
906345,CPT,2020,97562909.0,2021-02-11,10-K,1.0,97562909.0
906345,CPT,2021,103429458.0,2022-02-10,10-K,1.0,103429458.0
906345,CPT,2022,106700488.0,2023-02-16,10-K,1.0,106700488.0
906345,CPT,2023,106968937.0,2024-02-15,10-K,1.0,106968937.0
906345,CPT,2024,106757212.0,2025-02-13,10-K,1.0,106757212.0
906345,CPT,2025,103408210.0,2026-02-05,10-K,1.0,103408210.0
906345,CPT,2026,100539350.0,2026-07-24,10-Q,1.0,100539350.0
909832,COST,2014,440504400.0,2014-12-11,10-Q,1.0,440504400.0
909832,COST,2015,439777272.0,2015-12-10,10-Q,1.0,439777272.0
909832,COST,2016,439240344.0,2016-12-08,10-Q,1.0,439240344.0
909832,COST,2017,439105871.0,2017-12-13,10-Q,1.0,439105871.0
909832,COST,2018,440490478.0,2018-12-12,10-Q,1.0,440490478.0
909832,COST,2019,441757627.0,2019-12-11,10-Q,1.0,441757627.0
909832,COST,2020,442955229.0,2020-12-09,10-Q,1.0,442955229.0
909832,COST,2021,443432486.0,2021-12-14,10-Q,1.0,443432486.0
909832,COST,2022,443729036.0,2022-12-22,10-Q,1.0,443729036.0
909832,COST,2023,443728416.0,2023-12-13,10-Q,1.0,443728416.0
909832,COST,2024,443898870.0,2024-12-11,10-Q,1.0,443898870.0
909832,COST,2025,443869411.0,2025-12-10,10-Q,1.0,443869411.0
909832,COST,2026,443478804.0,2026-05-27,10-Q,1.0,443478804.0
910521,DECK,2014,34568408.0,2015-01-30,10-Q,6.0,207410448.0
910521,DECK,2015,32429269.0,2016-02-05,10-Q,6.0,194575614.0
910521,DECK,2016,31937390.0,2017-02-03,10-Q,6.0,191624340.0
910521,DECK,2017,31762862.0,2018-02-02,10-Q,6.0,190577172.0
910521,DECK,2018,29130988.0,2019-02-01,10-Q,6.0,174785928.0
910521,DECK,2019,27987587.0,2020-01-29,10-Q,6.0,167925522.0
910521,DECK,2020,28169920.0,2021-01-28,10-Q,6.0,169019520.0
910521,DECK,2021,27241283.0,2022-01-20,10-Q,6.0,163447698.0
910521,DECK,2022,26359258.0,2023-01-19,10-Q,6.0,158155548.0
910521,DECK,2023,25668220.0,2024-01-18,10-Q,6.0,154009320.0
910521,DECK,2024,151773639.0,2025-01-16,10-Q,1.0,151773639.0
910521,DECK,2025,141949971.0,2026-01-13,10-Q,1.0,141949971.0
910521,DECK,2026,136414227.0,2026-07-09,10-Q,1.0,136414227.0
910606,REG,2014,94127031.0,2015-02-18,10-K,1.0,94127031.0
910606,REG,2015,97606523.0,2016-02-10,10-K,1.0,97606523.0
910606,REG,2016,104704642.0,2017-02-24,10-K,1.0,104704642.0
910606,REG,2017,170794466.0,2018-02-23,10-K,1.0,170794466.0
910606,REG,2018,167506148.0,2019-02-13,10-K,1.0,167506148.0
910606,REG,2019,167715882.0,2020-02-12,10-K,1.0,167715882.0
910606,REG,2020,169828953.0,2021-02-15,10-K,1.0,169828953.0
910606,REG,2021,171372548.0,2022-02-14,10-K,1.0,171372548.0
910606,REG,2022,171307927.0,2023-02-16,10-K,1.0,171307927.0
910606,REG,2023,184578554.0,2024-02-15,10-K,1.0,184578554.0
910606,REG,2024,181365237.0,2025-02-11,10-K,1.0,181365237.0
910606,REG,2025,182906561.0,2026-02-10,10-K,1.0,182906561.0
910606,REG,2026,183096790.0,2026-04-30,10-Q,1.0,183096790.0
912595,MAA,2014,75297357.0,2015-02-19,10-K,1.0,75297357.0
912595,MAA,2015,75431785.0,2016-02-19,10-K,1.0,75431785.0
912595,MAA,2016,113545231.0,2017-02-20,10-K,1.0,113545231.0
912595,MAA,2017,113688972.0,2018-02-19,10-K,1.0,113688972.0
912595,MAA,2018,113888340.0,2019-02-18,10-K,1.0,113888340.0
912595,MAA,2019,114271414.0,2020-02-17,10-K,1.0,114271414.0
912595,MAA,2020,114389362.0,2021-02-15,10-K,1.0,114389362.0
912595,MAA,2021,115341027.0,2022-02-14,10-K,1.0,115341027.0
912595,MAA,2022,116598821.0,2023-02-09,10-K,1.0,116598821.0
912595,MAA,2023,116715633.0,2024-02-06,10-K,1.0,116715633.0
912595,MAA,2024,116901778.0,2025-02-04,10-K,1.0,116901778.0
912595,MAA,2025,116901020.0,2026-02-03,10-K,1.0,116901020.0
912595,MAA,2026,116384802.0,2026-04-27,10-Q,1.0,116384802.0
914208,IVZ,2014,429224945.0,2015-01-31,10-K,1.0,429224945.0
914208,IVZ,2015,416416312.0,2016-01-31,10-K,1.0,416416312.0
914208,IVZ,2016,403837576.0,2017-01-31,10-K,1.0,403837576.0
914208,IVZ,2017,407147646.0,2018-01-31,10-K,1.0,407147646.0
914208,IVZ,2018,397071683.0,2019-01-31,10-K,1.0,397071683.0
914208,IVZ,2019,453404987.0,2020-01-31,10-K,1.0,453404987.0
914208,IVZ,2020,459072262.0,2021-01-31,10-K,1.0,459072262.0
914208,IVZ,2021,460750636.0,2022-01-31,10-K,1.0,460750636.0
914208,IVZ,2022,454751498.0,2023-01-31,10-K,1.0,454751498.0
914208,IVZ,2023,449204268.0,2024-01-31,10-K,1.0,449204268.0
914208,IVZ,2024,447601799.0,2025-01-31,10-K,1.0,447601799.0
914208,IVZ,2025,443673777.0,2026-01-31,10-K,1.0,443673777.0
914208,IVZ,2026,441499780.0,2026-06-30,10-Q,1.0,441499780.0
915913,ALB,2014,112155745.0,2015-02-13,10-K,1.0,112155745.0
915913,ALB,2015,112250676.0,2016-02-17,10-K,1.0,112250676.0
915913,ALB,2016,112566316.0,2017-02-20,10-K,1.0,112566316.0
915913,ALB,2017,110638449.0,2018-02-20,10-K,1.0,110638449.0
915913,ALB,2018,105753864.0,2019-02-20,10-K,1.0,105753864.0
915913,ALB,2019,106206157.0,2020-02-18,10-K/A,1.0,106206157.0
915913,ALB,2020,116632439.0,2021-02-12,10-K,1.0,116632439.0
915913,ALB,2021,117197977.0,2022-02-11,10-K/A,1.0,117197977.0
915913,ALB,2022,117197977.0,2023-02-08,10-K,1.0,117197977.0
915913,ALB,2023,117402949.0,2024-02-07,10-K/A,1.0,117402949.0
915913,ALB,2024,117573461.0,2025-02-05,10-K/A,1.0,117573461.0
915913,ALB,2025,117847220.0,2026-02-04,10-K/A,1.0,117847220.0
915913,ALB,2026,118005057.0,2026-07-29,10-Q,1.0,118005057.0
916076,MLM,2014,46158811.0,2015-02-14,10-K,1.0,46158811.0
916076,MLM,2015,64331436.0,2016-02-12,10-K,1.0,64331436.0
916076,MLM,2016,63067156.0,2017-02-10,10-K,1.0,63067156.0
916076,MLM,2017,62803002.0,2018-02-09,10-K,1.0,62803002.0
916076,MLM,2018,62430548.0,2019-02-15,10-K,1.0,62430548.0
916076,MLM,2019,62198867.0,2020-02-14,10-K,1.0,62198867.0
916076,MLM,2020,62286775.0,2021-02-12,10-K,1.0,62286775.0
916076,MLM,2021,62394593.0,2022-02-15,10-K,1.0,62394593.0
916076,MLM,2022,62103551.0,2023-02-17,10-K,1.0,62103551.0
916076,MLM,2023,61822465.0,2024-02-19,10-K,1.0,61822465.0
916076,MLM,2024,60974146.0,2025-02-17,10-K,1.0,60974146.0
916076,MLM,2025,60312046.0,2026-02-16,10-K,1.0,60312046.0
916076,MLM,2026,60065839.0,2026-07-27,10-Q,1.0,60065839.0
916365,TSCO,2014,136194193.0,2015-01-24,10-K,5.0,680970965.0
916365,TSCO,2015,133740424.0,2016-01-23,10-K,5.0,668702120.0
916365,TSCO,2016,130725876.0,2017-01-28,10-K,5.0,653629380.0
916365,TSCO,2017,125116910.0,2018-01-27,10-K,5.0,625584550.0
916365,TSCO,2018,121279792.0,2019-01-26,10-K,5.0,606398960.0
916365,TSCO,2019,117282010.0,2020-01-25,10-K,5.0,586410050.0
916365,TSCO,2020,116301841.0,2021-01-23,10-K,5.0,581509205.0
916365,TSCO,2021,112772349.0,2022-01-22,10-K,5.0,563861745.0
916365,TSCO,2022,110072658.0,2023-01-28,10-K,5.0,550363290.0
916365,TSCO,2023,107916530.0,2024-01-27,10-K,5.0,539582650.0
916365,TSCO,2024,531548314.0,2025-01-25,10-K,1.0,531548314.0
916365,TSCO,2025,526351286.0,2026-01-24,10-K,1.0,526351286.0
916365,TSCO,2026,521040137.0,2026-07-25,10-Q,1.0,521040137.0
920148,LH,2014,100300000.0,2015-02-20,10-K,1.164,116749199.99999999
920148,LH,2015,101700000.0,2016-02-23,10-K,1.164,118378799.99999999
920148,LH,2016,102300000.0,2017-02-22,10-K,1.164,119077199.99999999
920148,LH,2017,101900000.0,2018-02-22,10-K,1.164,118611599.99999999
920148,LH,2018,98600000.0,2019-02-26,10-K,1.164,114770399.99999999
920148,LH,2019,97300000.0,2020-02-26,10-K/A,1.164,113257200.0
920148,LH,2020,97600000.0,2021-02-24,10-K,1.164,113606399.99999999
920148,LH,2021,93400000.0,2022-02-24,10-K,1.164,108717600.0
920148,LH,2022,88500000.0,2023-02-27,10-K,1.164,103014000.0
920148,LH,2023,84100000.0,2024-02-23,10-K,1.0,84100000.0
920148,LH,2024,83700000.0,2025-02-24,10-K,1.0,83700000.0
920148,LH,2025,82400000.0,2026-02-23,10-K,1.0,82400000.0
920148,LH,2026,81100000.0,2026-08-04,10-Q,1.0,81100000.0
920522,ESS,2014,65125801.0,2015-02-24,10-K,1.0,65125801.0
920522,ESS,2015,65411581.0,2016-02-22,10-K,1.0,65411581.0
920522,ESS,2016,65549470.0,2017-02-21,10-K,1.0,65549470.0
920522,ESS,2017,66040303.0,2018-02-15,10-K,1.0,66040303.0
920522,ESS,2018,65692107.0,2019-02-15,10-K,1.0,65692107.0
920522,ESS,2019,66172080.0,2020-02-18,10-K,1.0,66172080.0
920522,ESS,2020,64994503.0,2021-02-17,10-K,1.0,64994503.0
920522,ESS,2021,65278686.0,2022-02-23,10-K,1.0,65278686.0
920522,ESS,2022,64518322.0,2023-02-21,10-K,1.0,64518322.0
920522,ESS,2023,64203497.0,2024-02-21,10-K,1.0,64203497.0
920522,ESS,2024,64325080.0,2025-02-19,10-K,1.0,64325080.0
920522,ESS,2025,64475506.0,2026-02-13,10-K,1.0,64475506.0
920522,ESS,2026,64268439.0,2026-07-23,10-Q,1.0,64268439.0
922224,PPL,2014,666968138.0,2015-01-30,10-K,1.0736525660296328,716092052.8237063
922224,PPL,2015,675190188.0,2016-01-31,10-K,1.0,675190188.0
922224,PPL,2016,680602000.0,2017-01-31,10-K,1.0,680602000.0
922224,PPL,2017,694049792.0,2018-01-31,10-K,1.0,694049792.0
922224,PPL,2018,720936897.0,2019-01-31,10-K,1.0,720936897.0
922224,PPL,2019,767813625.0,2020-01-31,10-K,1.0,767813625.0
922224,PPL,2020,768984785.0,2021-01-31,10-K,1.0,768984785.0
922224,PPL,2021,735361885.0,2022-01-31,10-K,1.0,735361885.0
922224,PPL,2022,736677854.0,2023-01-31,10-K,1.0,736677854.0
922224,PPL,2023,737603408.0,2024-01-31,10-K,1.0,737603408.0
922224,PPL,2024,738294081.0,2025-01-31,10-K,1.0,738294081.0
922224,PPL,2025,751306792.0,2026-01-30,10-K,1.0,751306792.0
922224,PPL,2026,752350362.0,2026-04-30,10-Q,1.0,752350362.0
927066,DVA,2014,215800000.0,2015-01-30,10-K,1.0,215800000.0
927066,DVA,2015,206100000.0,2016-01-29,10-K,1.0,206100000.0
927066,DVA,2016,194600000.0,2017-01-31,10-K,1.0,194600000.0
927066,DVA,2017,182000000.0,2018-01-31,10-K,1.0,182000000.0
927066,DVA,2018,166400000.0,2019-01-31,10-K,1.0,166400000.0
927066,DVA,2019,125600000.0,2020-01-31,10-K,1.0,125600000.0
927066,DVA,2020,109400000.0,2021-01-29,10-K,1.0,109400000.0
927066,DVA,2021,96300000.0,2022-01-31,10-K,1.0,96300000.0
927066,DVA,2022,90400000.0,2023-01-31,10-K,1.0,90400000.0
927066,DVA,2023,87700000.0,2024-01-31,10-K,1.0,87700000.0
927066,DVA,2024,80000000.0,2025-01-31,10-K,1.0,80000000.0
927066,DVA,2025,66800000.0,2026-02-06,10-K,1.0,66800000.0
927066,DVA,2026,63800000.0,2026-07-31,10-Q,1.0,63800000.0
927628,COF,2014,551590891.0,2015-01-30,10-K,1.0,551590891.0
927628,COF,2015,527379971.0,2016-01-29,10-K,1.0,527379971.0
927628,COF,2016,480641838.0,2017-01-31,10-K,1.0,480641838.0
927628,COF,2017,486287085.0,2018-01-31,10-K,1.0,486287085.0
927628,COF,2018,467880673.0,2019-01-31,10-K,1.0,467880673.0
927628,COF,2019,457122734.0,2020-01-31,10-K,1.0,457122734.0
927628,COF,2020,459236740.0,2021-01-31,10-K,1.0,459236740.0
927628,COF,2021,413661098.0,2022-01-31,10-K,1.0,413661098.0
927628,COF,2022,381079743.0,2023-01-31,10-K,1.0,381079743.0
927628,COF,2023,380212220.0,2024-01-31,10-K,1.0,380212220.0
927628,COF,2024,381327698.0,2025-01-31,10-K,1.0,381327698.0
927628,COF,2025,621931593.0,2026-01-31,10-K,1.0,621931593.0
927628,COF,2026,613484836.0,2026-06-30,10-Q,1.0,613484836.0
927653,MCK,2014,232844521.0,2015-01-31,10-Q,1.0,232844521.0
927653,MCK,2015,228586974.0,2015-12-31,10-Q,1.0,228586974.0
927653,MCK,2016,212052504.0,2016-12-31,10-Q,1.0,212052504.0
927653,MCK,2017,206339333.0,2017-12-31,10-Q,1.0,206339333.0
927653,MCK,2018,191825272.0,2018-12-31,10-Q,1.0,191825272.0
927653,MCK,2019,176930430.0,2019-12-31,10-Q,1.0,176930430.0
927653,MCK,2020,159167434.0,2020-12-31,10-Q,1.0,159167434.0
927653,MCK,2021,149798378.0,2021-12-31,10-Q,1.0,149798378.0
927653,MCK,2022,136939227.0,2022-12-31,10-Q,1.0,136939227.0
927653,MCK,2023,131408286.0,2023-12-31,10-Q,1.0,131408286.0
927653,MCK,2024,125326376.0,2025-01-31,10-Q,1.0,125326376.0
927653,MCK,2025,122487456.0,2026-01-30,10-Q,1.0,122487456.0
927653,MCK,2026,116590363.0,2026-07-31,10-Q,1.0,116590363.0
935703,DLTR,2014,205654319.0,2014-11-14,10-Q,1.0,205654319.0
935703,DLTR,2015,234795947.0,2015-11-19,10-Q,1.0,234795947.0
935703,DLTR,2016,236071417.0,2016-11-29,10-Q,1.0,236071417.0
935703,DLTR,2017,237096516.0,2017-11-16,10-Q,1.0,237096516.0
935703,DLTR,2018,237969961.0,2018-11-26,10-Q,1.0,237969961.0
935703,DLTR,2019,236662306.0,2019-11-22,10-Q,1.0,236662306.0
935703,DLTR,2020,235192152.0,2020-11-20,10-Q,1.0,235192152.0
935703,DLTR,2021,224956059.0,2021-11-19,10-Q,1.0,224956059.0
935703,DLTR,2022,221184479.0,2022-11-18,10-Q,1.0,221184479.0
935703,DLTR,2023,217871937.0,2023-11-27,10-Q,1.0,217871937.0
935703,DLTR,2024,215038638.0,2024-12-02,10-Q,1.0,215038638.0
935703,DLTR,2025,198853187.0,2025-12-01,10-Q,1.0,198853187.0
935703,DLTR,2026,187630299.0,2026-08-25,10-Q,1.0,187630299.0
936340,DTE,2014,177229483.0,2015-01-30,10-K,1.175,208244642.525
936340,DTE,2015,179476008.0,2016-01-29,10-K,1.175,210884309.4
936340,DTE,2016,179432999.0,2017-01-31,10-K,1.175,210833773.82500002
936340,DTE,2017,179385962.0,2018-01-31,10-K,1.175,210778505.35
936340,DTE,2018,181923685.0,2019-01-25,10-K,1.175,213760329.875
936340,DTE,2019,192234700.0,2020-01-24,10-K,1.175,225875772.5
936340,DTE,2020,193773687.0,2021-01-29,10-K,1.175,227684082.225
936340,DTE,2021,193745891.0,2022-01-31,10-K,1.0,193745891.0
936340,DTE,2022,205688574.0,2023-01-31,10-K,1.0,205688574.0
936340,DTE,2023,206452985.0,2024-01-31,10-K,1.0,206452985.0
936340,DTE,2024,207242390.0,2025-01-31,10-K,1.0,207242390.0
936340,DTE,2025,207803764.0,2026-01-30,10-K,1.0,207803764.0
936340,DTE,2026,208028313.0,2026-03-31,10-Q,1.0,208028313.0
936395,CIEN,2014,106985271.0,2014-12-12,10-K,1.0,106985271.0
936395,CIEN,2015,135790185.0,2015-12-11,10-K,1.0,135790185.0
936395,CIEN,2016,140379744.0,2016-12-16,10-K,1.0,140379744.0
936395,CIEN,2017,143679592.0,2017-12-15,10-K,1.0,143679592.0
936395,CIEN,2018,156481822.0,2018-12-17,10-K,1.0,156481822.0
936395,CIEN,2019,154054072.0,2019-12-16,10-K,1.0,154054072.0
936395,CIEN,2020,154564349.0,2020-12-11,10-K,1.0,154564349.0
936395,CIEN,2021,154882650.0,2021-12-10,10-K,1.0,154882650.0
936395,CIEN,2022,148415009.0,2022-12-09,10-K,1.0,148415009.0
936395,CIEN,2023,144830337.0,2023-12-08,10-K,1.0,144830337.0
936395,CIEN,2024,142115595.0,2024-12-13,10-K,1.0,142115595.0
936395,CIEN,2025,141398427.0,2026-02-27,10-Q,1.0,141398427.0
936395,CIEN,2026,141808525.0,2026-08-28,10-Q,1.0,141808525.0
936468,LMT,2014,315583849.0,2015-01-23,10-K,1.0,315583849.0
936468,LMT,2015,305487347.0,2016-01-29,10-K,1.0,305487347.0
936468,LMT,2016,290315668.0,2017-01-27,10-K,1.0,290315668.0
936468,LMT,2017,285570742.0,2018-01-26,10-K/A,1.0,285570742.0
936468,LMT,2018,282562534.0,2019-01-25,10-K,1.0,282562534.0
936468,LMT,2019,281937366.0,2020-01-31,10-K,1.0,281937366.0
936468,LMT,2020,280103431.0,2021-01-22,10-K,1.0,280103431.0
936468,LMT,2021,272326925.0,2022-01-19,10-K,1.0,272326925.0
936468,LMT,2022,255297298.0,2023-01-20,10-K,1.0,255297298.0
936468,LMT,2023,241643304.0,2024-01-19,10-K,1.0,241643304.0
936468,LMT,2024,235385902.0,2025-01-23,10-K,1.0,235385902.0
936468,LMT,2025,230080240.0,2026-01-26,10-K,1.0,230080240.0
936468,LMT,2026,230790753.0,2026-07-20,10-Q,1.0,230790753.0
940944,DRI,2014,124045968.0,2014-12-15,10-Q,1.1186933661483387,138769401.4990491
940944,DRI,2015,128236458.0,2015-12-15,10-Q,1.0,128236458.0
940944,DRI,2016,124165070.0,2016-12-15,10-Q,1.0,124165070.0
940944,DRI,2017,123533817.0,2017-12-15,10-Q,1.0,123533817.0
940944,DRI,2018,123509077.0,2018-12-14,10-Q,1.0,123509077.0
940944,DRI,2019,121510096.0,2019-12-16,10-Q,1.0,121510096.0
940944,DRI,2020,130328167.0,2020-12-15,10-Q,1.0,130328167.0
940944,DRI,2021,127723677.0,2021-12-15,10-Q,1.0,127723677.0
940944,DRI,2022,121705296.0,2022-12-15,10-Q,1.0,121705296.0
940944,DRI,2023,119410813.0,2023-12-15,10-Q,1.0,119410813.0
940944,DRI,2024,117146786.0,2024-12-16,10-Q,1.0,117146786.0
940944,DRI,2025,115139249.0,2025-12-15,10-Q,1.0,115139249.0
940944,DRI,2026,114077969.0,2026-05-31,10-K,1.0,114077969.0
943452,WAB,2014,96343620.0,2015-02-16,10-K,1.0,96343620.0
943452,WAB,2015,91930671.0,2016-02-16,10-K,1.0,91930671.0
943452,WAB,2016,95786017.0,2017-02-17,10-K,1.0,95786017.0
943452,WAB,2017,96090518.0,2018-02-16,10-K,1.0,96090518.0
943452,WAB,2018,96613310.0,2019-02-20,10-K,1.0,96613310.0
943452,WAB,2019,191711224.0,2020-02-14,10-K,1.0,191711224.0
943452,WAB,2020,188896023.0,2021-02-12,10-K,1.0,188896023.0
943452,WAB,2021,185290114.0,2022-02-11,10-K,1.0,185290114.0
943452,WAB,2022,180352300.0,2023-02-10,10-K,1.0,180352300.0
943452,WAB,2023,177028765.0,2024-02-09,10-K,1.0,177028765.0
943452,WAB,2024,170848147.0,2025-02-07,10-K,1.0,170848147.0
943452,WAB,2025,170517190.0,2026-02-09,10-K,1.0,170517190.0
943452,WAB,2026,168910851.0,2026-07-17,10-Q,1.0,168910851.0
943819,RMD,2014,140554529.0,2015-01-21,10-Q,1.0,140554529.0
943819,RMD,2015,140040916.0,2016-01-20,10-Q,1.0,140040916.0
943819,RMD,2016,141656993.0,2017-01-18,10-Q,1.0,141656993.0
943819,RMD,2017,142927127.0,2018-01-17,10-Q,1.0,142927127.0
943819,RMD,2018,143300009.0,2019-01-28,10-Q,1.0,143300009.0
943819,RMD,2019,144616947.0,2020-01-27,10-Q,1.0,144616947.0
943819,RMD,2020,145509084.0,2021-01-25,10-Q,1.0,145509084.0
943819,RMD,2021,146234244.0,2022-01-24,10-Q,1.0,146234244.0
943819,RMD,2022,146909413.0,2023-01-23,10-Q,1.0,146909413.0
943819,RMD,2023,147088888.0,2024-01-22,10-Q,1.0,147088888.0
943819,RMD,2024,146866912.0,2025-01-27,10-Q,1.0,146866912.0
943819,RMD,2025,145678401.0,2026-01-26,10-Q,1.0,145678401.0
943819,RMD,2026,144252306.0,2026-08-10,10-K,1.0,144252306.0
946581,TTWO,2014,84368648.0,2015-02-02,10-Q,1.0,84368648.0
946581,TTWO,2015,84812555.0,2016-01-29,10-Q,1.0,84812555.0
946581,TTWO,2016,101410198.0,2017-01-31,10-Q,1.0,101410198.0
946581,TTWO,2017,114398287.0,2018-01-31,10-Q,1.0,114398287.0
946581,TTWO,2018,113161938.0,2019-01-25,10-Q,1.0,113161938.0
946581,TTWO,2019,113424323.0,2020-01-27,10-Q,1.0,113424323.0
946581,TTWO,2020,115177650.0,2021-01-28,10-Q,1.0,115177650.0
946581,TTWO,2021,115416162.0,2022-01-26,10-Q,1.0,115416162.0
946581,TTWO,2022,168674529.0,2023-01-26,10-Q,1.0,168674529.0
946581,TTWO,2023,170586411.0,2024-01-29,10-Q,1.0,170586411.0
946581,TTWO,2024,176495706.0,2025-01-27,10-Q,1.0,176495706.0
946581,TTWO,2025,185175456.0,2026-01-26,10-Q,1.0,185175456.0
946581,TTWO,2026,186980443.0,2026-07-27,10-Q,1.0,186980443.0
947484,ACGL,2014,126226689.0,2015-02-20,10-K,3.0,378680067.0
947484,ACGL,2015,122078177.0,2016-02-23,10-K,3.0,366234531.0
947484,ACGL,2016,122957974.0,2017-02-24,10-K,3.0,368873922.0
947484,ACGL,2017,131008360.0,2018-02-22,10-K,3.0,393025080.0
947484,ACGL,2018,402529670.0,2019-02-25,10-K,1.0,402529670.0
947484,ACGL,2019,406658701.0,2020-02-25,10-K,1.0,406658701.0
947484,ACGL,2020,403014515.0,2021-02-19,10-K,1.0,403014515.0
947484,ACGL,2021,379042099.0,2022-02-21,10-K,1.0,379042099.0
947484,ACGL,2022,371196508.0,2023-02-17,10-K,1.0,371196508.0
947484,ACGL,2023,374151215.0,2024-02-16,10-K,1.0,374151215.0
947484,ACGL,2024,375357236.0,2025-02-21,10-K,1.0,375357236.0
947484,ACGL,2025,355803320.0,2026-02-23,10-K,1.0,355803320.0
947484,ACGL,2026,341229126.0,2026-07-30,10-Q,1.0,341229126.0
1000228,HSIC,2014,83801860.0,2015-02-02,10-K,2.55,213694743.0
1000228,HSIC,2015,81942080.0,2016-02-05,10-K,2.55,208952304.0
1000228,HSIC,2016,79196697.0,2017-02-16,10-K,2.55,201951577.35
1000228,HSIC,2017,153694200.0,2018-02-15,10-K,1.275,195960105.0
1000228,HSIC,2018,151403703.0,2019-02-12,10-K,1.0,151403703.0
1000228,HSIC,2019,143390505.0,2020-02-14,10-K,1.0,143390505.0
1000228,HSIC,2020,142464090.0,2021-02-08,10-K,1.0,142464090.0
1000228,HSIC,2021,137172800.0,2022-02-07,10-K,1.0,137172800.0
1000228,HSIC,2022,131283515.0,2023-02-07,10-K,1.0,131283515.0
1000228,HSIC,2023,128505719.0,2024-02-20,10-K,1.0,128505719.0
1000228,HSIC,2024,124176781.0,2025-02-18,10-K,1.0,124176781.0
1000228,HSIC,2025,114704121.0,2026-02-17,10-K,1.0,114704121.0
1000228,HSIC,2026,111446542.0,2026-07-27,10-Q,1.0,111446542.0
1000697,WAT,2014,83028414.0,2015-02-20,10-K,1.0,83028414.0
1000697,WAT,2015,81253669.0,2016-02-19,10-K,1.0,81253669.0
1000697,WAT,2016,80085831.0,2017-02-17,10-K,1.0,80085831.0
1000697,WAT,2017,78784462.0,2018-02-16,10-K,1.0,78784462.0
1000697,WAT,2018,71512391.0,2019-02-22,10-K/A,1.0,71512391.0
1000697,WAT,2019,62158045.0,2020-02-21,10-K,1.0,62158045.0
1000697,WAT,2020,62185690.0,2021-02-19,10-K,1.0,62185690.0
1000697,WAT,2021,60515620.0,2022-02-18,10-K,1.0,60515620.0
1000697,WAT,2022,58943567.0,2023-02-24,10-K,1.0,58943567.0
1000697,WAT,2023,59202626.0,2024-02-23,10-K,1.0,59202626.0
1000697,WAT,2024,59410941.0,2025-02-21,10-K,1.0,59410941.0
1000697,WAT,2025,98101871.0,2026-02-19,10-K,1.0,98101871.0
1000697,WAT,2026,98248111.0,2026-08-07,10-Q,1.0,98248111.0
1002047,NTAP,2014,311757916.0,2015-02-11,10-Q,1.0,311757916.0
1002047,NTAP,2015,289082898.0,2016-02-17,10-Q,1.0,289082898.0
1002047,NTAP,2016,270951328.0,2017-02-15,10-Q,1.0,270951328.0
1002047,NTAP,2017,267922708.0,2018-02-14,10-Q,1.0,267922708.0
1002047,NTAP,2018,246974767.0,2019-02-13,10-Q,1.0,246974767.0
1002047,NTAP,2019,221177029.0,2020-02-12,10-Q,1.0,221177029.0
1002047,NTAP,2020,222601147.0,2021-02-24,10-Q,1.0,222601147.0
1002047,NTAP,2021,222536456.0,2022-02-23,10-Q,1.0,222536456.0
1002047,NTAP,2022,213904711.0,2023-02-22,10-Q,1.0,213904711.0
1002047,NTAP,2023,20637666.0,2024-02-23,10-Q,1.0,20637666.0
1002047,NTAP,2024,203411523.0,2025-02-21,10-Q,1.0,203411523.0
1002047,NTAP,2025,197330400.0,2026-02-20,10-Q,1.0,197330400.0
1002047,NTAP,2026,196419005.0,2026-08-28,10-Q,1.0,196419005.0
1002910,AEE,2014,242634798.0,2015-01-30,10-K,1.0,242634798.0
1002910,AEE,2015,242634798.0,2016-01-29,10-K,1.0,242634798.0
1002910,AEE,2016,242634798.0,2017-01-31,10-K,1.0,242634798.0
1002910,AEE,2017,242634798.0,2018-01-31,10-K,1.0,242634798.0
1002910,AEE,2018,244638879.0,2019-01-31,10-K,1.0,244638879.0
1002910,AEE,2019,246231712.0,2020-01-31,10-K,1.0,246231712.0
1002910,AEE,2020,253355105.0,2021-01-29,10-K,1.0,253355105.0
1002910,AEE,2021,257724783.0,2022-01-31,10-K,1.0,257724783.0
1002910,AEE,2022,262028768.0,2023-01-31,10-K,1.0,262028768.0
1002910,AEE,2023,266288867.0,2024-01-31,10-K,1.0,266288867.0
1002910,AEE,2024,269906252.0,2025-01-31,10-K,1.0,269906252.0
1002910,AEE,2025,276424515.0,2026-01-30,10-K,1.0,276424515.0
1002910,AEE,2026,276843251.0,2026-07-30,10-Q,1.0,276843251.0
1004980,PCG,2014,476399910.0,2015-01-27,10-K,1.0,476399910.0
1004980,PCG,2015,492830471.0,2016-02-12,10-K,1.0,492830471.0
1004980,PCG,2016,507782249.0,2017-02-07,10-K,1.0,507782249.0
1004980,PCG,2017,514969045.0,2018-02-01,10-K,1.0,514969045.0
1004980,PCG,2018,527561429.0,2019-02-22,10-K,1.0,527561429.0
1004980,PCG,2019,529785896.0,2019-12-31,10-K/A,1.0,529785896.0
1004980,PCG,2020,1984683820.0,2021-02-22,10-K,1.0,1984683820.0
1004980,PCG,2021,2463891104.0,2022-02-04,10-K,1.0,2463891104.0
1004980,PCG,2022,2466208388.0,2023-02-16,10-K,1.0,2466208388.0
1004980,PCG,2023,2611366666.0,2024-02-14,10-K,1.0,2611366666.0
1004980,PCG,2024,2671320389.0,2025-02-05,10-K,1.0,2671320389.0
1004980,PCG,2025,2675711544.0,2026-02-04,10-K,1.0,2675711544.0
1004980,PCG,2026,2680110496.0,2026-07-15,10-Q,1.0,2680110496.0
1013237,FDS,2014,41707175.0,2014-12-31,10-Q,1.0,41707175.0
1013237,FDS,2015,41190780.0,2015-12-31,10-Q,1.0,41190780.0
1013237,FDS,2016,39566297.0,2016-12-31,10-Q,1.0,39566297.0
1013237,FDS,2017,39023879.0,2017-12-31,10-Q,1.0,39023879.0
1013237,FDS,2018,38035470.0,2018-12-31,10-Q,1.0,38035470.0
1013237,FDS,2019,37906328.0,2019-12-31,10-Q,1.0,37906328.0
1013237,FDS,2020,37978624.0,2020-12-31,10-Q,1.0,37978624.0
1013237,FDS,2021,37797159.0,2021-12-27,10-Q,1.0,37797159.0
1013237,FDS,2022,38251828.0,2022-12-27,10-Q,1.0,38251828.0
1013237,FDS,2023,38086388.0,2023-12-27,10-Q,1.0,38086388.0
1013237,FDS,2024,38030046.0,2024-12-31,10-Q,1.0,38030046.0
1013237,FDS,2025,37099259.0,2025-12-29,10-Q,1.0,37099259.0
1013237,FDS,2026,35565543.0,2026-06-25,10-Q,1.0,35565543.0
1013871,NRG,2014,337695251.0,2014-12-31,10-K,1.0,337695251.0
1013871,NRG,2015,314890647.0,2016-01-31,10-K,1.0,314890647.0
1013871,NRG,2016,315972715.0,2017-01-31,10-K,1.0,315972715.0
1013871,NRG,2017,317637917.0,2018-01-31,10-K,1.0,317637917.0
1013871,NRG,2018,280997550.0,2019-01-31,10-K,1.0,280997550.0
1013871,NRG,2019,247656747.0,2020-02-27,10-K,1.0,247656747.0
1013871,NRG,2020,244220834.0,2020-11-05,10-Q,1.0,244220834.0
1013871,NRG,2021,242153239.0,2022-02-24,10-K,1.0,242153239.0
1013871,NRG,2022,229774238.0,2023-02-15,10-K,1.0,229774238.0
1013871,NRG,2023,208021012.0,2024-02-01,10-K,1.0,208021012.0
1013871,NRG,2024,198068576.0,2025-01-31,10-K,1.0,198068576.0
1013871,NRG,2025,214677543.0,2026-01-31,10-K,1.0,214677543.0
1013871,NRG,2026,210210483.0,2026-07-31,10-Q,1.0,210210483.0
1014473,VRSN,2014,116884257.0,2015-02-06,10-K,1.0,116884257.0
1014473,VRSN,2015,109468547.0,2016-02-12,10-K,1.0,109468547.0
1014473,VRSN,2016,102328550.0,2017-02-10,10-K,1.0,102328550.0
1014473,VRSN,2017,97120531.0,2018-02-09,10-K,1.0,97120531.0
1014473,VRSN,2018,119714949.0,2019-02-08,10-K,1.0,119714949.0
1014473,VRSN,2019,116417738.0,2020-02-07,10-K,1.0,116417738.0
1014473,VRSN,2020,113094561.0,2021-02-12,10-K,1.0,113094561.0
1014473,VRSN,2021,110167438.0,2022-02-11,10-K,1.0,110167438.0
1014473,VRSN,2022,104879307.0,2023-02-10,10-K,1.0,104879307.0
1014473,VRSN,2023,100900000.0,2024-02-09,10-K,1.0,100900000.0
1014473,VRSN,2024,94600000.0,2025-02-07,10-K,1.0,94600000.0
1014473,VRSN,2025,91700000.0,2026-01-30,10-K,1.0,91700000.0
1014473,VRSN,2026,90300000.0,2026-07-17,10-Q,1.0,90300000.0
1018724,AMZN,2014,464383939.0,2015-01-16,10-K,20.0,9287678780.0
1018724,AMZN,2015,470842035.0,2016-01-20,10-K,20.0,9416840700.0
1018724,AMZN,2016,477170618.0,2017-01-25,10-K,20.0,9543412360.0
1018724,AMZN,2017,484107183.0,2018-01-24,10-K,20.0,9682143660.0
1018724,AMZN,2018,491202890.0,2019-01-23,10-K,20.0,9824057800.0
1018724,AMZN,2019,497810444.0,2020-01-22,10-K,20.0,9956208880.0
1018724,AMZN,2020,503564743.0,2021-01-20,10-K,20.0,10071294860.0
1018724,AMZN,2021,508844410.0,2022-01-26,10-K,20.0,10176888200.0
1018724,AMZN,2022,10247259757.0,2023-01-25,10-K,1.0,10247259757.0
1018724,AMZN,2023,10387381291.0,2024-01-24,10-K,1.0,10387381291.0
1018724,AMZN,2024,10597729352.0,2025-01-29,10-K,1.0,10597729352.0
1018724,AMZN,2025,10734920870.0,2026-01-28,10-K,1.0,10734920870.0
1018724,AMZN,2026,10786313572.0,2026-07-22,10-Q,1.0,10786313572.0
1020569,IRM,2014,210071985.0,2015-02-20,10-K,1.0,210071985.0
1020569,IRM,2015,211508202.0,2016-02-19,10-K,1.0,211508202.0
1020569,IRM,2016,263724213.0,2017-02-17,10-K,1.0,263724213.0
1020569,IRM,2017,285311549.0,2018-02-09,10-K,1.0,285311549.0
1020569,IRM,2018,286365695.0,2019-02-08,10-K,1.0,286365695.0
1020569,IRM,2019,287343251.0,2020-02-07,10-K,1.0,287343251.0
1020569,IRM,2020,288421215.0,2021-02-19,10-K,1.0,288421215.0
1020569,IRM,2021,289830119.0,2022-02-18,10-K,1.0,289830119.0
1020569,IRM,2022,290896121.0,2023-02-17,10-K,1.0,290896121.0
1020569,IRM,2023,292275668.0,2024-02-16,10-K,1.0,292275668.0
1020569,IRM,2024,293740905.0,2025-02-07,10-K,1.0,293740905.0
1020569,IRM,2025,295835206.0,2026-02-06,10-K,1.0,295835206.0
1020569,IRM,2026,297702812.0,2026-07-24,10-Q,1.0,297702812.0
1022079,DGX,2014,144311302.0,2015-01-31,10-K,1.0,144311302.0
1022079,DGX,2015,142758584.0,2016-01-31,10-K,1.0,142758584.0
1022079,DGX,2016,137495276.0,2017-01-31,10-K,1.0,137495276.0
1022079,DGX,2017,135637852.0,2018-01-31,10-K,1.0,135637852.0
1022079,DGX,2018,134261768.0,2019-01-31,10-K,1.0,134261768.0
1022079,DGX,2019,133455068.0,2020-01-31,10-K,1.0,133455068.0
1022079,DGX,2020,133454761.0,2021-01-31,10-K,1.0,133454761.0
1022079,DGX,2021,119454781.0,2022-01-31,10-K,1.0,119454781.0
1022079,DGX,2022,111323003.0,2023-01-31,10-K,1.0,111323003.0
1022079,DGX,2023,110707293.0,2024-02-01,10-K,1.0,110707293.0
1022079,DGX,2024,110978069.0,2025-01-31,10-K,1.0,110978069.0
1022079,DGX,2025,109866320.0,2026-02-02,10-K,1.0,109866320.0
1022079,DGX,2026,110373360.0,2026-07-15,10-Q,1.0,110373360.0
1022671,STLD,2014,241529877.0,2015-02-17,10-K,1.0,241529877.0
1022671,STLD,2015,243186659.0,2016-02-17,10-K,1.0,243186659.0
1022671,STLD,2016,242349757.0,2017-02-17,10-K,1.0,242349757.0
1022671,STLD,2017,236071369.0,2018-02-20,10-K,1.0,236071369.0
1022671,STLD,2018,224105246.0,2019-02-21,10-K,1.0,224105246.0
1022671,STLD,2019,213554449.0,2020-02-20,10-K,1.0,213554449.0
1022671,STLD,2020,211005100.0,2021-02-19,10-K,1.0,211005100.0
1022671,STLD,2021,191299162.0,2022-02-18,10-K,1.0,191299162.0
1022671,STLD,2022,171577705.0,2023-02-21,10-K,1.0,171577705.0
1022671,STLD,2023,158154594.0,2024-02-26,10-K,1.0,158154594.0
1022671,STLD,2024,150163986.0,2025-02-24,10-K,1.0,150163986.0
1022671,STLD,2025,144882401.0,2026-02-25,10-K,1.0,144882401.0
1022671,STLD,2026,143328088.0,2026-07-23,10-Q,1.0,143328088.0
1024478,ROK,2014,135444053.0,2014-12-31,10-Q,1.0,135444053.0
1024478,ROK,2015,131423076.0,2015-12-31,10-Q,1.0,131423076.0
1024478,ROK,2016,128599808.0,2016-12-31,10-Q,1.0,128599808.0
1024478,ROK,2017,127784810.0,2017-12-31,10-Q,1.0,127784810.0
1024478,ROK,2018,119543966.0,2018-12-31,10-Q,1.0,119543966.0
1024478,ROK,2019,116183650.0,2019-12-31,10-Q,1.0,116183650.0
1024478,ROK,2020,116155081.0,2020-12-31,10-Q,1.0,116155081.0
1024478,ROK,2021,116196124.0,2021-12-31,10-Q,1.0,116196124.0
1024478,ROK,2022,114782447.0,2022-12-31,10-Q,1.0,114782447.0
1024478,ROK,2023,114592022.0,2023-12-31,10-Q,1.0,114592022.0
1024478,ROK,2024,113072948.0,2024-12-31,10-Q,1.0,113072948.0
1024478,ROK,2025,112357908.0,2025-12-31,10-Q,1.0,112357908.0
1024478,ROK,2026,111048676.0,2026-06-30,10-Q,1.0,111048676.0
1031296,FE,2014,421182123.0,2015-01-31,10-K,1.0,421182123.0
1031296,FE,2015,423650645.0,2016-01-31,10-K,1.0,423650645.0
1031296,FE,2016,442477633.0,2017-01-31,10-K,1.0,442477633.0
1031296,FE,2017,475589829.0,2018-01-31,10-K,1.0,475589829.0
1031296,FE,2018,530152175.0,2019-01-31,10-K,1.0,530152175.0
1031296,FE,2019,540713909.0,2020-01-31,10-K/A,1.0,540713909.0
1031296,FE,2020,543215090.0,2021-01-31,10-K,1.0,543215090.0
1031296,FE,2021,570344389.0,2022-01-31,10-K,1.0,570344389.0
1031296,FE,2022,572245184.0,2023-01-31,10-K,1.0,572245184.0
1031296,FE,2023,574440850.0,2024-01-31,10-K,1.0,574440850.0
1031296,FE,2024,576697425.0,2025-01-31,10-K,1.0,576697425.0
1031296,FE,2025,577932879.0,2026-01-31,10-K,1.0,577932879.0
1031296,FE,2026,578431175.0,2026-03-31,10-Q,1.0,578431175.0
1032208,SRE,2014,247303623.0,2015-02-20,10-K,2.0,494607246.0
1032208,SRE,2015,249215763.0,2016-02-19,10-K,2.0,498431526.0
1032208,SRE,2016,250543688.0,2017-02-21,10-K,2.0,501087376.0
1032208,SRE,2017,255324212.0,2018-02-22,10-K,2.0,510648424.0
1032208,SRE,2018,274039296.0,2019-02-21,10-K,2.0,548078592.0
1032208,SRE,2019,292276007.0,2020-02-21,10-K,2.0,584552014.0
1032208,SRE,2020,302591374.0,2021-02-22,10-K,2.0,605182748.0
1032208,SRE,2021,315653893.0,2022-02-18,10-K,2.0,631307786.0
1032208,SRE,2022,314569519.0,2023-02-21,10-K,2.0,629139038.0
1032208,SRE,2023,632149916.0,2024-02-20,10-K,1.0,632149916.0
1032208,SRE,2024,651457249.0,2025-02-19,10-K,1.0,651457249.0
1032208,SRE,2025,653284140.0,2026-02-19,10-K,1.0,653284140.0
1032208,SRE,2026,653690046.0,2026-05-04,10-Q,1.0,653690046.0
1034054,SBAC,2014,129175989.0,2015-02-19,10-K,1.0,129175989.0
1034054,SBAC,2015,125257417.0,2016-02-19,10-K,1.0,125257417.0
1034054,SBAC,2016,120977227.0,2017-02-21,10-K,1.0,120977227.0
1034054,SBAC,2017,116507867.0,2018-02-21,10-K,1.0,116507867.0
1034054,SBAC,2018,112589177.0,2019-02-21,10-K,1.0,112589177.0
1034054,SBAC,2019,111929411.0,2020-02-18,10-K,1.0,111929411.0
1034054,SBAC,2020,109324399.0,2021-02-18,10-K,1.0,109324399.0
1034054,SBAC,2021,107919638.0,2022-02-18,10-K,1.0,107919638.0
1034054,SBAC,2022,108038955.0,2023-02-15,10-K,1.0,108038955.0
1034054,SBAC,2023,108108678.0,2024-02-15,10-K,1.0,108108678.0
1034054,SBAC,2024,107615241.0,2025-02-14,10-K,1.0,107615241.0
1034054,SBAC,2025,105788592.0,2026-02-17,10-K,1.0,105788592.0
1034054,SBAC,2026,106088110.0,2026-07-28,10-Q,1.0,106088110.0
1035002,VLO,2014,514888348.0,2015-01-30,10-K,1.0,514888348.0
1035002,VLO,2015,470392665.0,2016-01-29,10-K,1.0,470392665.0
1035002,VLO,2016,451049519.0,2017-01-31,10-K,1.0,451049519.0
1035002,VLO,2017,433176258.0,2018-01-31,10-K,1.0,433176258.0
1035002,VLO,2018,417614487.0,2019-01-31,10-K,1.0,417614487.0
1035002,VLO,2019,409337126.0,2020-01-31,10-K,1.0,409337126.0
1035002,VLO,2020,408562891.0,2021-02-19,10-K,1.0,408562891.0
1035002,VLO,2021,409303630.0,2022-02-18,10-K,1.0,409303630.0
1035002,VLO,2022,371150836.0,2023-02-17,10-K,1.0,371150836.0
1035002,VLO,2023,332481908.0,2024-02-16,10-K,1.0,332481908.0
1035002,VLO,2024,314977519.0,2025-02-21,10-K,1.0,314977519.0
1035002,VLO,2025,299026226.0,2026-02-20,10-K,1.0,299026226.0
1035002,VLO,2026,287927461.0,2026-07-24,10-Q,1.0,287927461.0
1035267,ISRG,2014,36599799.0,2015-01-16,10-K,9.0,329398191.0
1035267,ISRG,2015,37380279.0,2016-01-19,10-K,9.0,336422511.0
1035267,ISRG,2016,38786979.0,2017-01-20,10-K,9.0,349082811.0
1035267,ISRG,2017,112298504.0,2018-01-19,10-K,3.0,336895512.0
1035267,ISRG,2018,114488602.0,2019-01-18,10-K,3.0,343465806.0
1035267,ISRG,2019,115984044.0,2020-01-17,10-K,3.0,347952132.0
1035267,ISRG,2020,117718298.0,2021-01-15,10-K,3.0,353154894.0
1035267,ISRG,2021,357744031.0,2022-01-26,10-K,1.0,357744031.0
1035267,ISRG,2022,350389679.0,2023-02-07,10-K,1.0,350389679.0
1035267,ISRG,2023,352325863.0,2024-01-25,10-K,1.0,352325863.0
1035267,ISRG,2024,356656964.0,2025-01-27,10-K,1.0,356656964.0
1035267,ISRG,2025,355130237.0,2026-01-28,10-K,1.0,355130237.0
1035267,ISRG,2026,353278038.0,2026-07-16,10-Q,1.0,353278038.0
1035443,ARE,2014,72033942.0,2015-02-13,10-K,1.0,72033942.0
1035443,ARE,2015,73377843.0,2016-01-15,10-K,1.0,73377843.0
1035443,ARE,2016,88875683.0,2017-01-17,10-K,1.0,88875683.0
1035443,ARE,2017,101238857.0,2018-01-16,10-K,1.0,101238857.0
1035443,ARE,2018,112728422.0,2019-01-15,10-K,1.0,112728422.0
1035443,ARE,2019,122699875.0,2020-01-15,10-K,1.0,122699875.0
1035443,ARE,2020,136692746.0,2021-01-15,10-K,1.0,136692746.0
1035443,ARE,2021,159943331.0,2022-01-14,10-K,1.0,159943331.0
1035443,ARE,2022,173087087.0,2023-01-13,10-K,1.0,173087087.0
1035443,ARE,2023,174968259.0,2024-01-12,10-K,1.0,174968259.0
1035443,ARE,2024,173091762.0,2025-01-15,10-K,1.0,173091762.0
1035443,ARE,2025,173300361.0,2026-01-15,10-K,1.0,173300361.0
1035443,ARE,2026,174247570.0,2026-07-15,10-Q,1.0,174247570.0
1035983,FIX,2014,37269779.0,2015-02-20,10-K,1.0,37269779.0
1035983,FIX,2015,37324555.0,2016-02-17,10-K,1.0,37324555.0
1035983,FIX,2016,37209114.0,2017-02-16,10-K,1.0,37209114.0
1035983,FIX,2017,37175074.0,2018-02-15,10-K,1.0,37175074.0
1035983,FIX,2018,36869712.0,2019-02-15,10-K,1.0,36869712.0
1035983,FIX,2019,36613587.0,2020-02-21,10-K,1.0,36613587.0
1035983,FIX,2020,36185179.0,2021-02-19,10-K,1.0,36185179.0
1035983,FIX,2021,35956839.0,2022-02-18,10-K,1.0,35956839.0
1035983,FIX,2022,35738041.0,2023-02-16,10-K,1.0,35738041.0
1035983,FIX,2023,35684609.0,2024-02-16,10-K,1.0,35684609.0
1035983,FIX,2024,35553062.0,2025-02-14,10-K,1.0,35553062.0
1035983,FIX,2025,35174967.0,2026-02-13,10-K,1.0,35174967.0
1035983,FIX,2026,35194329.0,2026-07-17,10-Q,1.0,35194329.0
1037540,BXP,2014,153187903.0,2015-02-23,10-K,1.0,153187903.0
1037540,BXP,2015,153592481.0,2016-02-22,10-K,1.0,153592481.0
1037540,BXP,2016,153836251.0,2017-02-22,10-K,1.0,153836251.0
1037540,BXP,2017,154339610.0,2018-02-22,10-K,1.0,154339610.0
1037540,BXP,2018,154509216.0,2019-02-22,10-K,1.0,154509216.0
1037540,BXP,2019,155121560.0,2020-02-21,10-K,1.0,155121560.0
1037540,BXP,2020,155805646.0,2021-02-22,10-K,1.0,155805646.0
1037540,BXP,2021,156676277.0,2022-02-14,10-K,1.0,156676277.0
1037540,BXP,2022,156822702.0,2023-02-21,10-K,1.0,156822702.0
1037540,BXP,2023,157010980.0,2024-02-20,10-K,1.0,157010980.0
1037540,BXP,2024,158209602.0,2025-02-21,10-K,1.0,158209602.0
1037540,BXP,2025,158629124.0,2026-02-20,10-K,1.0,158629124.0
1037540,BXP,2026,159661556.0,2026-07-31,10-Q,1.0,159661556.0
1037646,MTD,2014,28127235.0,2015-01-30,10-K,1.0,28127235.0
1037646,MTD,2015,26980942.0,2016-01-29,10-K,1.0,26980942.0
1037646,MTD,2016,25940008.0,2017-01-30,10-K,1.0,25940008.0
1037646,MTD,2017,25472835.0,2018-02-05,10-K,1.0,25472835.0
1037646,MTD,2018,24795237.0,2019-02-01,10-K,1.0,24795237.0
1037646,MTD,2019,24052834.0,2020-01-31,10-K,1.0,24052834.0
1037646,MTD,2020,23408050.0,2021-01-25,10-K,1.0,23408050.0
1037646,MTD,2021,22805615.0,2022-01-27,10-K,1.0,22805615.0
1037646,MTD,2022,22106175.0,2023-01-26,10-K,1.0,22106175.0
1037646,MTD,2023,21478705.0,2024-01-25,10-K,1.0,21478705.0
1037646,MTD,2024,20916459.0,2025-01-22,10-K,1.0,20916459.0
1037646,MTD,2025,20325250.0,2026-01-23,10-K,1.0,20325250.0
1037646,MTD,2026,20036559.0,2026-06-30,10-Q,1.0,20036559.0
1037868,AME,2014,241068392.0,2015-01-30,10-K,1.0,241068392.0
1037868,AME,2015,235538207.0,2016-01-29,10-K,1.0,235538207.0
1037868,AME,2016,229472920.0,2017-01-31,10-K,1.0,229472920.0
1037868,AME,2017,231334609.0,2018-01-31,10-K,1.0,231334609.0
1037868,AME,2018,227131830.0,2019-01-31,10-K,1.0,227131830.0
1037868,AME,2019,229124099.0,2020-01-31,10-K,1.0,229124099.0
1037868,AME,2020,230563891.0,2021-01-29,10-K,1.0,230563891.0
1037868,AME,2021,231700893.0,2022-01-31,10-K,1.0,231700893.0
1037868,AME,2022,230093810.0,2023-01-31,10-K,1.0,230093810.0
1037868,AME,2023,231012685.0,2024-01-31,10-K,1.0,231012685.0
1037868,AME,2024,230659382.0,2025-01-31,10-K,1.0,230659382.0
1037868,AME,2025,228977202.0,2026-01-30,10-K,1.0,228977202.0
1037868,AME,2026,229261244.0,2026-07-28,10-Q,1.0,229261244.0
1039684,OKE,2014,208400547.0,2015-02-19,10-K,1.0,208400547.0
1039684,OKE,2015,209989711.0,2016-02-16,10-K,1.0,209989711.0
1039684,OKE,2016,210757806.0,2017-02-21,10-K,1.0,210757806.0
1039684,OKE,2017,410634227.0,2018-02-22,10-K,1.0,410634227.0
1039684,OKE,2018,411611382.0,2019-02-19,10-K,1.0,411611382.0
1039684,OKE,2019,413319000.0,2020-02-18,10-K,1.0,413319000.0
1039684,OKE,2020,444983595.0,2021-02-16,10-K,1.0,444983595.0
1039684,OKE,2021,446213285.0,2022-02-22,10-K,1.0,446213285.0
1039684,OKE,2022,447220972.0,2023-02-21,10-K,1.0,447220972.0
1039684,OKE,2023,583159446.0,2024-02-20,10-K,1.0,583159446.0
1039684,OKE,2024,624339588.0,2025-02-17,10-K,1.0,624339588.0
1039684,OKE,2025,629783634.0,2026-02-16,10-K,1.0,629783634.0
1039684,OKE,2026,630369667.0,2026-07-27,10-Q,1.0,630369667.0
1041061,YUM,2014,433115252.0,2015-02-10,10-K,1.391,602463315.5320001
1041061,YUM,2015,408711522.0,2016-02-09,10-K,1.391,568517727.102
1041061,YUM,2016,353844095.0,2017-02-14,10-K,1.0,353844095.0
1041061,YUM,2017,332513103.0,2018-02-14,10-K,1.0,332513103.0
1041061,YUM,2018,306414175.0,2019-02-13,10-K,1.0,306414175.0
1041061,YUM,2019,300822322.0,2020-02-12,10-K,1.0,300822322.0
1041061,YUM,2020,300055312.0,2021-02-12,10-K,1.0,300055312.0
1041061,YUM,2021,288980982.0,2022-02-15,10-K,1.0,288980982.0
1041061,YUM,2022,280107863.0,2023-02-17,10-K,1.0,280107863.0
1041061,YUM,2023,281336280.0,2024-02-16,10-K,1.0,281336280.0
1041061,YUM,2024,279101936.0,2025-02-17,10-K,1.0,279101936.0
1041061,YUM,2025,276430130.0,2026-02-17,10-K,1.0,276430130.0
1041061,YUM,2026,272901085.0,2026-07-30,10-Q,1.0,272901085.0
1043277,CHRW,2014,146328737.0,2015-02-24,10-K,1.0,146328737.0
1043277,CHRW,2015,143242681.0,2016-02-24,10-K,1.0,143242681.0
1043277,CHRW,2016,141359579.0,2017-02-24,10-K,1.0,141359579.0
1043277,CHRW,2017,139748794.0,2018-02-22,10-K,1.0,139748794.0
1043277,CHRW,2018,136853710.0,2019-02-20,10-K,1.0,136853710.0
1043277,CHRW,2019,134892810.0,2020-02-14,10-K,1.0,134892810.0
1043277,CHRW,2020,133815455.0,2021-02-17,10-K,1.0,133815455.0
1043277,CHRW,2021,128798559.0,2022-02-16,10-K,1.0,128798559.0
1043277,CHRW,2022,116510428.0,2023-02-15,10-K,1.0,116510428.0
1043277,CHRW,2023,116890760.0,2024-02-14,10-K,1.0,116890760.0
1043277,CHRW,2024,118705622.0,2025-02-12,10-K,1.0,118705622.0
1043277,CHRW,2025,118620833.0,2026-02-11,10-K,1.0,118620833.0
1043277,CHRW,2026,116851258.0,2026-07-29,10-Q,1.0,116851258.0
1045609,PLD,2014,512138000.0,2015-02-20,10-K,1.0,512138000.0
1045609,PLD,2015,524774000.0,2016-02-12,10-K,1.0,524774000.0
1045609,PLD,2016,529345000.0,2017-02-10,10-K,1.0,529345000.0
1045609,PLD,2017,533054000.0,2018-02-12,10-K,1.0,533054000.0
1045609,PLD,2018,630350000.0,2019-02-11,10-K,1.0,630350000.0
1045609,PLD,2019,738743000.0,2020-02-04,10-K,1.0,738743000.0
1045609,PLD,2020,739500000.0,2021-02-05,10-K,1.0,739500000.0
1045609,PLD,2021,740000000.0,2022-02-07,10-K,1.0,740000000.0
1045609,PLD,2022,923429000.0,2023-02-13,10-K,1.0,923429000.0
1045609,PLD,2023,924881000.0,2024-02-09,10-K,1.0,924881000.0
1045609,PLD,2024,926860000.0,2025-02-12,10-K,1.0,926860000.0
1045609,PLD,2025,929559000.0,2026-02-11,10-K,1.0,929559000.0
1045609,PLD,2026,932338000.0,2026-04-28,10-Q,1.0,932338000.0
1045810,NVDA,2014,543536901.0,2014-11-14,10-Q,40.0,21741476040.0
1045810,NVDA,2015,538450118.0,2015-11-13,10-Q,40.0,21538004720.0
1045810,NVDA,2016,588632086.0,2017-02-24,10-K,40.0,23545283440.0
1045810,NVDA,2017,604636210.0,2018-02-26,10-K,40.0,24185448400.0
1045810,NVDA,2018,606000000.0,2019-02-15,10-K,40.0,24240000000.0
1045810,NVDA,2019,612000000.0,2020-02-14,10-K,40.0,24480000000.0
1045810,NVDA,2020,620000000.0,2021-02-19,10-K,40.0,24800000000.0
1045810,NVDA,2021,2500000000.0,2021-11-12,10-Q,10.0,25000000000.0
1045810,NVDA,2022,2470000000.0,2023-02-17,10-K,10.0,24700000000.0
1045810,NVDA,2023,2500000000.0,2024-02-16,10-K,10.0,25000000000.0
1045810,NVDA,2024,24400000000.0,2025-02-21,10-K,1.0,24400000000.0
1045810,NVDA,2025,24300000000.0,2026-02-20,10-K,1.0,24300000000.0
1045810,NVDA,2026,24100000000.0,2026-08-21,10-Q,1.0,24100000000.0
1047862,ED,2014,292888812.0,2015-01-30,10-K,1.0,292888812.0
1047862,ED,2015,293589401.0,2016-01-29,10-K,1.0,293589401.0
1047862,ED,2016,305059148.0,2017-01-31,10-K,1.0,305059148.0
1047862,ED,2017,310397070.0,2018-01-31,10-K,1.0,310397070.0
1047862,ED,2018,321077152.0,2019-01-31,10-K,1.0,321077152.0
1047862,ED,2019,333775472.0,2020-01-31,10-K,1.0,333775472.0
1047862,ED,2020,342419162.0,2021-01-31,10-K,1.0,342419162.0
1047862,ED,2021,354090402.0,2022-01-31,10-K,1.0,354090402.0
1047862,ED,2022,355045021.0,2023-01-31,10-K,1.0,355045021.0
1047862,ED,2023,345510031.0,2024-01-31,10-K,1.0,345510031.0
1047862,ED,2024,346711639.0,2025-01-31,10-K,1.0,346711639.0
1047862,ED,2025,361247438.0,2026-01-31,10-K,1.0,361247438.0
1047862,ED,2026,368529705.0,2026-04-30,10-Q,1.0,368529705.0
1048286,MAR,2014,276542350.0,2015-02-06,10-K,1.0,276542350.0
1048286,MAR,2015,253481935.0,2016-02-05,10-K,1.0,253481935.0
1048286,MAR,2016,383561428.0,2017-02-07,10-K,1.0,383561428.0
1048286,MAR,2017,357437289.0,2018-02-02,10-K,1.0,357437289.0
1048286,MAR,2018,339668839.0,2019-02-20,10-K,1.0,339668839.0
1048286,MAR,2019,324214545.0,2020-02-20,10-K,1.0,324214545.0
1048286,MAR,2020,324414150.0,2021-02-10,10-K/A,1.0,324414150.0
1048286,MAR,2021,326311111.0,2022-02-08,10-K,1.0,326311111.0
1048286,MAR,2022,308121159.0,2023-02-07,10-K,1.0,308121159.0
1048286,MAR,2023,289485338.0,2024-02-06,10-K,1.0,289485338.0
1048286,MAR,2024,275695298.0,2025-01-31,10-K,1.0,275695298.0
1048286,MAR,2025,264984554.0,2026-01-31,10-K,1.0,264984554.0
1048286,MAR,2026,260766288.0,2026-07-27,10-Q,1.0,260766288.0
1048695,FFIV,2014,72138521.0,2015-02-02,10-Q,1.0,72138521.0
1048695,FFIV,2015,68753619.0,2016-01-22,10-Q,1.0,68753619.0
1048695,FFIV,2016,64787647.0,2017-01-27,10-Q,1.0,64787647.0
1048695,FFIV,2017,61844443.0,2018-01-29,10-Q,1.0,61844443.0
1048695,FFIV,2018,59441333.0,2019-01-28,10-Q,1.0,59441333.0
1048695,FFIV,2019,60804090.0,2020-01-31,10-Q,1.0,60804090.0
1048695,FFIV,2020,61650819.0,2021-01-29,10-Q,1.0,61650819.0
1048695,FFIV,2021,60738170.0,2022-01-28,10-Q,1.0,60738170.0
1048695,FFIV,2022,60120642.0,2023-01-27,10-Q,1.0,60120642.0
1048695,FFIV,2023,58806232.0,2024-01-30,10-Q,1.0,58806232.0
1048695,FFIV,2024,57652256.0,2025-01-30,10-Q,1.0,57652256.0
1048695,FFIV,2025,56519273.0,2026-01-30,10-Q,1.0,56519273.0
1048695,FFIV,2026,56627182.0,2026-08-03,10-Q,1.0,56627182.0
1048911,FDX,2014,283312620.0,2014-12-17,10-Q,1.241,351590961.42
1048911,FDX,2015,275615246.0,2015-12-15,10-Q,1.241,342038520.286
1048911,FDX,2016,266509290.0,2016-12-20,10-Q,1.241,330738028.89000005
1048911,FDX,2017,267889623.0,2017-12-18,10-Q,1.241,332451022.143
1048911,FDX,2018,261043625.0,2018-12-14,10-Q,1.241,323955138.625
1048911,FDX,2019,261119074.0,2019-12-13,10-Q,1.241,324048770.83400005
1048911,FDX,2020,265070592.0,2020-12-15,10-Q,1.241,328952604.67200005
1048911,FDX,2021,264969342.0,2021-12-14,10-Q,1.241,328826953.42200005
1048911,FDX,2022,252397140.0,2022-12-16,10-Q,1.241,313224850.74
1048911,FDX,2023,249892548.0,2023-12-18,10-Q,1.241,310116652.068
1048911,FDX,2024,240850603.0,2024-12-17,10-Q,1.241,298895598.323
1048911,FDX,2025,235122816.0,2025-12-16,10-Q,1.241,291787414.656
1048911,FDX,2026,236581188.0,2026-07-16,10-K,1.0,236581188.0
1050915,PWR,2014,204133234.0,2015-02-23,10-K,1.0,204133234.0
1050915,PWR,2015,152907166.0,2016-02-23,10-K,1.0,152907166.0
1050915,PWR,2016,145133163.0,2017-02-21,10-K,1.0,145133163.0
1050915,PWR,2019,142508874.0,2020-02-25,10-K,1.0,142508874.0
1050915,PWR,2020,138365007.0,2021-02-23,10-K,1.0,138365007.0
1050915,PWR,2021,142690314.0,2022-02-22,10-K,1.0,142690314.0
1050915,PWR,2022,144000522.0,2023-02-21,10-K,1.0,144000522.0
1050915,PWR,2023,145748976.0,2024-02-19,10-K,1.0,145748976.0
1050915,PWR,2024,148198321.0,2025-02-17,10-K,1.0,148198321.0
1050915,PWR,2025,149619428.0,2026-02-16,10-K,1.0,149619428.0
1050915,PWR,2026,150343393.0,2026-07-27,10-Q,1.0,150343393.0
1051470,CCI,2014,333866975.0,2015-02-13,10-K,1.0,333866975.0
1051470,CCI,2015,333768610.0,2016-02-15,10-K,1.0,333768610.0
1051470,CCI,2016,360538298.0,2017-02-15,10-K,1.0,360538298.0
1051470,CCI,2017,406906992.0,2018-02-21,10-K,1.0,406906992.0
1051470,CCI,2018,415568382.0,2019-02-22,10-K,1.0,415568382.0
1051470,CCI,2019,415768468.0,2019-11-01,10-Q,1.0,415768468.0
1051470,CCI,2020,431311859.0,2021-02-17,10-K,1.0,431311859.0
1051470,CCI,2021,432214568.0,2022-02-18,10-K,1.0,432214568.0
1051470,CCI,2022,433437494.0,2023-02-21,10-K,1.0,433437494.0
1051470,CCI,2023,434215269.0,2024-02-20,10-K,1.0,434215269.0
1051470,CCI,2024,434598208.0,2024-10-28,10-Q,1.0,434598208.0
1051470,CCI,2025,436070436.0,2026-02-19,10-K,1.0,436070436.0
1051470,CCI,2026,425455439.0,2026-08-03,10-Q,1.0,425455439.0
1053507,AMT,2014,396708636.0,2015-02-13,10-K,1.0,396708636.0
1053507,AMT,2015,423897556.0,2016-02-19,10-K,1.0,423897556.0
1053507,AMT,2016,427195037.0,2017-02-17,10-K,1.0,427195037.0
1053507,AMT,2017,440851771.0,2018-02-20,10-K,1.0,440851771.0
1053507,AMT,2018,441134906.0,2019-02-20,10-K,1.0,441134906.0
1053507,AMT,2019,442911804.0,2020-02-18,10-K,1.0,442911804.0
1053507,AMT,2020,444384437.0,2021-02-18,10-K,1.0,444384437.0
1053507,AMT,2021,455884806.0,2022-02-17,10-K,1.0,455884806.0
1053507,AMT,2022,465646055.0,2023-02-16,10-K,1.0,465646055.0
1053507,AMT,2023,466352208.0,2024-02-20,10-K,1.0,466352208.0
1053507,AMT,2024,467457256.0,2025-02-18,10-K,1.0,467457256.0
1053507,AMT,2025,466084820.0,2026-02-17,10-K,1.0,466084820.0
1053507,AMT,2026,465960048.0,2026-07-21,10-Q,1.0,465960048.0
1057352,CSGP,2014,32311866.0,2015-02-20,10-K,10.0,323118660.0
1057352,CSGP,2015,32513536.0,2016-02-19,10-K,10.0,325135360.0
1057352,CSGP,2016,32599696.0,2017-02-17,10-K,10.0,325996960.0
1057352,CSGP,2017,36094701.0,2018-02-16,10-K,10.0,360947010.0
1057352,CSGP,2018,36451829.0,2019-02-22,10-K,10.0,364518290.0
1057352,CSGP,2019,36644734.0,2020-02-21,10-K,10.0,366447340.0
1057352,CSGP,2020,39410441.0,2021-02-19,10-K,10.0,394104410.0
1057352,CSGP,2021,394987704.0,2022-02-18,10-K,1.0,394987704.0
1057352,CSGP,2022,406772431.0,2023-02-17,10-K,1.0,406772431.0
1057352,CSGP,2023,408409321.0,2024-02-16,10-K,1.0,408409321.0
1057352,CSGP,2024,410125610.0,2025-02-13,10-K,1.0,410125610.0
1057352,CSGP,2025,419793301.0,2026-02-20,10-K,1.0,419793301.0
1057352,CSGP,2026,405197588.0,2026-07-27,10-Q,1.0,405197588.0
1058090,CMG,2014,31022319.0,2015-01-30,10-K,50.0,1551115950.0
1058090,CMG,2015,28772830.0,2016-01-31,10-K,50.0,1438641500.0
1058090,CMG,2016,28949162.0,2016-10-21,10-Q,50.0,1447458100.0
1058090,CMG,2017,27930272.0,2018-02-06,10-K,50.0,1396513600.0
1058090,CMG,2018,27659270.0,2019-02-04,10-K,50.0,1382963500.0
1058090,CMG,2019,27767965.0,2020-01-31,10-K,50.0,1388398250.0
1058090,CMG,2020,28144065.0,2021-02-05,10-K,50.0,1407203250.0
1058090,CMG,2021,28031948.0,2022-02-04,10-K,50.0,1401597400.0
1058090,CMG,2022,27621847.0,2023-02-06,10-K,50.0,1381092350.0
1058090,CMG,2023,27421169.0,2024-02-02,10-K,50.0,1371058450.0
1058090,CMG,2024,1355337000.0,2025-01-31,10-K,1.0,1355337000.0
1058090,CMG,2025,1302423000.0,2026-01-30,10-K,1.0,1302423000.0
1058090,CMG,2026,1265418000.0,2026-07-24,10-Q,1.0,1265418000.0
1058290,CTSH,2014,609616575.0,2015-02-19,10-K,1.0,609616575.0
1058290,CTSH,2015,609120446.0,2016-02-19,10-K,1.0,609120446.0
1058290,CTSH,2016,608637143.0,2017-02-22,10-K,1.0,608637143.0
1058290,CTSH,2017,588051333.0,2018-02-22,10-K,1.0,588051333.0
1058290,CTSH,2018,575099275.0,2019-02-08,10-K,1.0,575099275.0
1058290,CTSH,2019,548637106.0,2020-02-07,10-K,1.0,548637106.0
1058290,CTSH,2020,530614258.0,2021-02-05,10-K,1.0,530614258.0
1058290,CTSH,2021,524534828.0,2022-02-11,10-K,1.0,524534828.0
1058290,CTSH,2022,509294618.0,2023-02-10,10-K,1.0,509294618.0
1058290,CTSH,2023,497842032.0,2024-02-09,10-K,1.0,497842032.0
1058290,CTSH,2024,494615514.0,2025-02-07,10-K,1.0,494615514.0
1058290,CTSH,2025,478246920.0,2026-02-06,10-K,1.0,478246920.0
1058290,CTSH,2026,473869469.0,2026-04-24,10-Q,1.0,473869469.0
1059556,MCO,2014,213700000.0,2014-12-31,10-K,1.0,213700000.0
1059556,MCO,2015,194900000.0,2016-01-31,10-K,1.0,194900000.0
1059556,MCO,2016,190800000.0,2017-01-31,10-K,1.0,190800000.0
1059556,MCO,2017,191000000.0,2017-12-31,10-K,1.0,191000000.0
1059556,MCO,2018,191300000.0,2018-12-31,10-K,1.0,191300000.0
1059556,MCO,2019,187400000.0,2020-01-31,10-K,1.0,187400000.0
1059556,MCO,2020,187100000.0,2021-01-31,10-K,1.0,187100000.0
1059556,MCO,2021,185200000.0,2022-01-31,10-K,1.0,185200000.0
1059556,MCO,2022,183200000.0,2023-01-31,10-K,1.0,183200000.0
1059556,MCO,2023,182500000.0,2024-01-31,10-K,1.0,182500000.0
1059556,MCO,2024,180000000.0,2025-01-31,10-K,1.0,180000000.0
1059556,MCO,2025,177300000.0,2026-01-31,10-K,1.0,177300000.0
1059556,MCO,2026,173200000.0,2026-06-30,10-Q,1.0,173200000.0
1060391,RSG,2014,353059223.0,2015-02-10,10-K,1.0,353059223.0
1060391,RSG,2015,344869692.0,2016-02-04,10-K,1.0,344869692.0
1060391,RSG,2016,339128998.0,2017-02-06,10-K,1.0,339128998.0
1060391,RSG,2017,331213547.0,2018-01-31,10-K,1.0,331213547.0
1060391,RSG,2018,321615522.0,2019-01-31,10-K,1.0,321615522.0
1060391,RSG,2019,319062963.0,2020-02-07,10-K,1.0,319062963.0
1060391,RSG,2020,318898313.0,2021-02-17,10-K,1.0,318898313.0
1060391,RSG,2021,316431349.0,2022-02-03,10-K,1.0,316431349.0
1060391,RSG,2022,316038833.0,2023-02-07,10-K,1.0,316038833.0
1060391,RSG,2023,314610579.0,2024-02-13,10-K,1.0,314610579.0
1060391,RSG,2024,312284953.0,2025-02-06,10-K,1.0,312284953.0
1060391,RSG,2025,308804970.0,2026-02-10,10-K,1.0,308804970.0
1060391,RSG,2026,306212978.0,2026-07-30,10-Q,1.0,306212978.0
1065088,EBAY,2014,1210046829.0,2015-02-02,10-K,2.376,2875071265.704
1065088,EBAY,2015,1178705177.0,2016-01-27,10-K,1.0,1178705177.0
1065088,EBAY,2016,1087042601.0,2017-01-30,10-K,1.0,1087042601.0
1065088,EBAY,2017,1012079673.0,2018-01-29,10-K,1.0,1012079673.0
1065088,EBAY,2018,914880451.0,2019-01-25,10-K,1.0,914880451.0
1065088,EBAY,2019,796080826.0,2020-01-27,10-K,1.0,796080826.0
1065088,EBAY,2020,680445767.0,2021-02-01,10-K,1.0,680445767.0
1065088,EBAY,2021,587528915.0,2022-02-21,10-K,1.0,587528915.0
1065088,EBAY,2022,536880282.0,2023-02-21,10-K,1.0,536880282.0
1065088,EBAY,2023,518000000.0,2024-02-23,10-K,1.0,518000000.0
1065088,EBAY,2024,466000000.0,2025-02-21,10-K,1.0,466000000.0
1065088,EBAY,2025,448000000.0,2026-02-13,10-K,1.0,448000000.0
1065088,EBAY,2026,445000000.0,2026-07-31,10-Q,1.0,445000000.0
1065280,NFLX,2014,60498082.0,2015-01-28,10-K,70.0,4234865740.0
1065280,NFLX,2015,428081221.0,2016-01-27,10-K,10.0,4280812210.0
1065280,NFLX,2016,430411593.0,2017-01-26,10-K,10.0,4304115930.0
1065280,NFLX,2017,433948461.0,2018-01-25,10-K/A,10.0,4339484610.0
1065280,NFLX,2018,436598597.0,2018-12-31,10-K,10.0,4365985970.0
1065280,NFLX,2019,438806649.0,2019-12-31,10-K,10.0,4388066490.0
1065280,NFLX,2020,442895261.0,2020-12-31,10-K,10.0,4428952610.0
1065280,NFLX,2021,443963107.0,2021-12-31,10-K,10.0,4439631070.0
1065280,NFLX,2022,445346776.0,2022-12-31,10-K,10.0,4453467760.0
1065280,NFLX,2023,432759584.0,2023-12-31,10-K,10.0,4327595840.0
1065280,NFLX,2024,427757100.0,2024-12-31,10-K,10.0,4277571000.0
1065280,NFLX,2025,4222162150.0,2025-12-31,10-K,1.0,4222162150.0
1065280,NFLX,2026,4163939676.0,2026-06-30,10-Q,1.0,4163939676.0
1067701,URI,2014,96520626.0,2015-01-19,10-K,1.0,96520626.0
1067701,URI,2015,90970229.0,2016-01-25,10-K,1.0,90970229.0
1067701,URI,2016,84310531.0,2017-01-23,10-K,1.0,84310531.0
1067701,URI,2017,84427665.0,2018-01-22,10-K,1.0,84427665.0
1067701,URI,2018,79591082.0,2019-01-21,10-K,1.0,79591082.0
1067701,URI,2019,74375477.0,2020-01-27,10-K,1.0,74375477.0
1067701,URI,2020,72199276.0,2021-01-25,10-K,1.0,72199276.0
1067701,URI,2021,72421902.0,2022-01-24,10-K,1.0,72421902.0
1067701,URI,2022,69359591.0,2023-01-23,10-K,1.0,69359591.0
1067701,URI,2023,67191627.0,2024-01-22,10-K,1.0,67191627.0
1067701,URI,2024,65307098.0,2025-01-27,10-K,1.0,65307098.0
1067701,URI,2025,62998147.0,2026-01-26,10-K,1.0,62998147.0
1067701,URI,2026,62646557.0,2026-04-20,10-Q,1.0,62646557.0
1069183,AXON,2014,53086538.0,2015-02-27,10-K,1.0,53086538.0
1069183,AXON,2015,53694071.0,2016-02-12,10-K,1.0,53694071.0
1069183,AXON,2016,52334648.0,2017-02-15,10-K,1.0,52334648.0
1069183,AXON,2017,53034299.0,2018-02-15,10-K,1.0,53034299.0
1069183,AXON,2018,58829384.0,2019-02-18,10-K,1.0,58829384.0
1069183,AXON,2019,59528200.0,2020-02-18,10-K,1.0,59528200.0
1069183,AXON,2020,63783849.0,2021-02-18,10-K,1.0,63783849.0
1069183,AXON,2021,70931874.0,2022-02-18,10-K,1.0,70931874.0
1069183,AXON,2022,72862227.0,2023-02-24,10-K,1.0,72862227.0
1069183,AXON,2023,75302832.0,2024-02-23,10-K,1.0,75302832.0
1069183,AXON,2024,76623266.0,2025-02-24,10-K/A,1.0,76623266.0
1069183,AXON,2025,80397675.0,2026-02-18,10-K,1.0,80397675.0
1069183,AXON,2026,81237415.0,2026-07-31,10-Q,1.0,81237415.0
1069202,LII,2014,44676927.0,2015-02-06,10-K,1.0,44676927.0
1069202,LII,2015,44700730.0,2016-02-04,10-K,1.0,44700730.0
1069202,LII,2016,42982367.0,2017-02-09,10-K,1.0,42982367.0
1069202,LII,2017,41176787.0,2018-02-09,10-K,1.0,41176787.0
1069202,LII,2018,39872002.0,2019-02-08,10-K,1.0,39872002.0
1069202,LII,2019,38598884.0,2020-02-07,10-K,1.0,38598884.0
1069202,LII,2020,37733565.0,2021-02-05,10-K,1.0,37733565.0
1069202,LII,2021,36636874.0,2022-02-04,10-K,1.0,36636874.0
1069202,LII,2022,35474054.0,2023-02-03,10-K,1.0,35474054.0
1069202,LII,2023,35586684.0,2024-02-06,10-K,1.0,35586684.0
1069202,LII,2024,35579664.0,2025-02-04,10-K,1.0,35579664.0
1069202,LII,2025,34802911.0,2026-02-03,10-K,1.0,34802911.0
1069202,LII,2026,34799968.0,2026-04-22,10-Q,1.0,34799968.0
1070750,HST,2014,757520164.0,2015-02-20,10-K,1.0,757520164.0
1070750,HST,2015,752278409.0,2016-02-19,10-K,1.0,752278409.0
1070750,HST,2016,739251195.0,2017-02-20,10-K,1.0,739251195.0
1070750,HST,2017,741510755.0,2018-02-21,10-K,1.0,741510755.0
1070750,HST,2018,740473371.0,2019-02-19,10-K,1.0,740473371.0
1070750,HST,2019,705881741.0,2020-02-20,10-K,1.0,705881741.0
1070750,HST,2020,705364549.0,2021-02-19,10-K,1.0,705364549.0
1070750,HST,2021,714150096.0,2022-02-18,10-K,1.0,714150096.0
1070750,HST,2022,713479055.0,2023-02-17,10-K,1.0,713479055.0
1070750,HST,2023,703621808.0,2024-02-23,10-K,1.0,703621808.0
1070750,HST,2024,699106842.0,2025-02-21,10-K,1.0,699106842.0
1070750,HST,2025,687802181.0,2026-02-20,10-K,1.0,687802181.0
1070750,HST,2026,685124399.0,2026-08-05,10-Q,1.0,685124399.0
1071739,CNC,2014,118820237.0,2015-02-20,10-K,4.0,475280948.0
1071739,CNC,2015,121654923.0,2016-02-17,10-K,2.0,243309846.0
1071739,CNC,2016,172028161.0,2017-02-17,10-K,2.0,344056322.0
1071739,CNC,2017,173495595.0,2018-02-16,10-K,2.0,346991190.0
1071739,CNC,2018,413170382.0,2019-02-15,10-K,1.0,413170382.0
1071739,CNC,2019,586768957.0,2020-02-14,10-K,1.0,586768957.0
1071739,CNC,2020,581593037.0,2021-02-19,10-K,1.0,581593037.0
1071739,CNC,2021,582865870.0,2022-02-18,10-K,1.0,582865870.0
1071739,CNC,2022,551264559.0,2023-02-17,10-K,1.0,551264559.0
1071739,CNC,2023,534863000.0,2024-02-16,10-K,1.0,534863000.0
1071739,CNC,2024,496044000.0,2025-02-14,10-K,1.0,496044000.0
1071739,CNC,2025,491771000.0,2026-02-13,10-K,1.0,491771000.0
1071739,CNC,2026,493995000.0,2026-07-24,10-Q,1.0,493995000.0
1075531,BKNG,2014,51939191.0,2015-02-11,10-K,25.0,1298479775.0
1075531,BKNG,2015,49616595.0,2016-02-09,10-K,25.0,1240414875.0
1075531,BKNG,2016,49170417.0,2017-02-21,10-K,25.0,1229260425.0
1075531,BKNG,2017,48288592.0,2018-02-20,10-K,25.0,1207214800.0
1075531,BKNG,2018,45012725.0,2019-02-20,10-K,25.0,1125318125.0
1075531,BKNG,2019,41061814.0,2020-02-19,10-K,25.0,1026545350.0
1075531,BKNG,2020,40961796.0,2021-02-17,10-K,25.0,1024044900.0
1075531,BKNG,2021,40887702.0,2022-02-16,10-K,25.0,1022192550.0
1075531,BKNG,2022,37648373.0,2023-02-16,10-K,25.0,941209325.0
1075531,BKNG,2023,34171027.0,2024-02-15,10-K,25.0,854275675.0
1075531,BKNG,2024,32815201.0,2025-02-13,10-K,25.0,820380025.0
1075531,BKNG,2025,31673346.0,2026-02-10,10-K,25.0,791833650.0
1075531,BKNG,2026,751380500.0,2026-07-27,10-Q,1.0,751380500.0
1086222,AKAM,2014,178833747.0,2015-02-24,10-K,1.0,178833747.0
1086222,AKAM,2015,176747531.0,2016-02-23,10-K,1.0,176747531.0
1086222,AKAM,2016,173190922.0,2017-02-22,10-K,1.0,173190922.0
1086222,AKAM,2017,170031585.0,2018-02-22,10-K,1.0,170031585.0
1086222,AKAM,2018,163212497.0,2019-02-21,10-K,1.0,163212497.0
1086222,AKAM,2019,161881857.0,2020-02-25,10-K,1.0,161881857.0
1086222,AKAM,2020,163220270.0,2021-02-23,10-K,1.0,163220270.0
1086222,AKAM,2021,160346656.0,2022-02-22,10-K,1.0,160346656.0
1086222,AKAM,2022,156275794.0,2023-02-24,10-K,1.0,156275794.0
1086222,AKAM,2023,151530300.0,2024-02-23,10-K,1.0,151530300.0
1086222,AKAM,2024,150317536.0,2025-02-20,10-K,1.0,150317536.0
1086222,AKAM,2025,144888114.0,2026-02-16,10-K,1.0,144888114.0
1086222,AKAM,2026,143716609.0,2026-08-03,10-Q,1.0,143716609.0
1090012,DVN,2014,411100000.0,2015-02-11,10-K,1.0,411100000.0
1090012,DVN,2015,441300000.0,2016-02-10,10-K,1.0,441300000.0
1090012,DVN,2016,524600000.0,2017-02-08,10-K,1.0,524600000.0
1090012,DVN,2017,526100000.0,2018-02-07,10-K,1.0,526100000.0
1090012,DVN,2018,438300000.0,2019-02-06,10-K,1.0,438300000.0
1090012,DVN,2019,382900000.0,2020-02-05,10-K,1.0,382900000.0
1090012,DVN,2020,673100000.0,2021-02-03,10-K,1.0,673100000.0
1090012,DVN,2021,664200000.0,2022-02-02,10-K,1.0,664200000.0
1090012,DVN,2022,654000000.0,2023-02-01,10-K,1.0,654000000.0
1090012,DVN,2023,635000000.0,2024-02-14,10-K,1.0,635000000.0
1090012,DVN,2024,649000000.0,2025-02-05,10-K,1.0,649000000.0
1090012,DVN,2025,620000000.0,2026-02-04,10-K,1.0,620000000.0
1090012,DVN,2026,1100000000.0,2026-07-22,10-Q,1.0,1100000000.0
1090872,A,2014,335810297.0,2015-01-31,10-Q,1.0,335810297.0
1090872,A,2015,327770081.0,2016-01-31,10-Q,1.0,327770081.0
1090872,A,2016,322300905.0,2017-02-28,10-Q,1.0,322300905.0
1090872,A,2017,322476579.0,2018-02-28,10-Q,1.0,322476579.0
1090872,A,2018,317515869.0,2019-02-27,10-Q,1.0,317515869.0
1090872,A,2019,309651359.0,2020-02-27,10-Q,1.0,309651359.0
1090872,A,2020,304697515.0,2021-02-25,10-Q,1.0,304697515.0
1090872,A,2021,300113377.0,2022-02-25,10-Q,1.0,300113377.0
1090872,A,2022,295701853.0,2023-02-24,10-Q,1.0,295701853.0
1090872,A,2023,293055284.0,2024-02-27,10-Q,1.0,293055284.0
1090872,A,2024,285102717.0,2025-02-26,10-Q,1.0,285102717.0
1090872,A,2025,282602317.0,2026-02-25,10-Q,1.0,282602317.0
1090872,A,2026,281928854.0,2026-08-26,10-Q,1.0,281928854.0
1091667,CHTR,2014,111999687.0,2014-12-31,10-K,1.0,111999687.0
1091667,CHTR,2015,112438828.0,2015-12-31,10-K,1.0,112438828.0
1091667,CHTR,2016,270927828.0,2016-06-30,10-Q,1.0,270927828.0
1093557,DXCM,2014,77514635.0,2015-02-20,10-K,4.0,310058540.0
1093557,DXCM,2015,81740827.0,2016-02-18,10-K,4.0,326963308.0
1093557,DXCM,2016,84815039.0,2017-02-24,10-K,4.0,339260156.0
1093557,DXCM,2017,86997158.0,2018-02-23,10-K,4.0,347988632.0
1093557,DXCM,2018,90001767.0,2019-02-15,10-K,4.0,360007068.0
1093557,DXCM,2019,91594142.0,2020-02-07,10-K,4.0,366376568.0
1093557,DXCM,2020,96177363.0,2021-02-04,10-K,4.0,384709452.0
1093557,DXCM,2021,97065634.0,2022-02-07,10-K,4.0,388262536.0
1093557,DXCM,2022,386413690.0,2023-02-02,10-K,1.0,386413690.0
1093557,DXCM,2023,385515421.0,2024-02-01,10-K,1.0,385515421.0
1093557,DXCM,2024,390772018.0,2025-02-06,10-K,1.0,390772018.0
1093557,DXCM,2025,384864842.0,2026-02-05,10-K,1.0,384864842.0
1093557,DXCM,2026,377360765.0,2026-07-23,10-Q,1.0,377360765.0
1094285,TDY,2014,35266140.0,2015-02-24,10-K,1.0,35266140.0
1094285,TDY,2015,34467315.0,2016-02-25,10-K,1.0,34467315.0
1094285,TDY,2016,35216739.0,2017-02-28,10-K,1.0,35216739.0
1094285,TDY,2017,35696521.0,2018-02-23,10-K,1.0,35696521.0
1094285,TDY,2018,36209282.0,2019-02-21,10-K,1.0,36209282.0
1094285,TDY,2019,36630917.0,2020-02-19,10-K,1.0,36630917.0
1094285,TDY,2020,37019992.0,2021-02-23,10-K,1.0,37019992.0
1094285,TDY,2021,47194791.0,2022-02-23,10-K,1.0,47194791.0
1094285,TDY,2022,46995252.0,2023-02-17,10-K,1.0,46995252.0
1094285,TDY,2023,47376363.0,2024-02-16,10-K,1.0,47376363.0
1094285,TDY,2024,46834810.0,2025-02-12,10-K,1.0,46834810.0
1094285,TDY,2025,46305311.0,2026-02-11,10-K,1.0,46305311.0
1094285,TDY,2026,46355673.0,2026-07-15,10-Q,1.0,46355673.0
1095073,EG,2014,44473459.0,2015-02-01,10-K,1.0,44473459.0
1095073,EG,2015,42694335.0,2016-02-01,10-K,1.0,42694335.0
1095073,EG,2016,40906436.0,2017-02-01,10-K,1.0,40906436.0
1095073,EG,2017,40839768.0,2018-02-01,10-K,1.0,40839768.0
1095073,EG,2018,40675221.0,2019-02-01,10-K,1.0,40675221.0
1095073,EG,2019,40813432.0,2020-02-01,10-K,1.0,40813432.0
1095073,EG,2020,39991662.0,2021-02-01,10-K,1.0,39991662.0
1095073,EG,2021,39271864.0,2022-02-01,10-K,1.0,39271864.0
1095073,EG,2022,39157235.0,2023-02-01,10-K,1.0,39157235.0
1095073,EG,2023,43381573.0,2024-02-01,10-K,1.0,43381573.0
1095073,EG,2024,42934097.0,2025-02-01,10-K,1.0,42934097.0
1095073,EG,2025,40390151.0,2026-02-01,10-K,1.0,40390151.0
1095073,EG,2026,38342734.0,2026-07-27,10-Q,1.0,38342734.0
1097149,ALGN,2014,80720243.0,2015-02-20,10-K,1.0,80720243.0
1097149,ALGN,2015,79625640.0,2016-02-19,10-K,1.0,79625640.0
1097149,ALGN,2016,80276127.0,2017-02-21,10-K,1.0,80276127.0
1097149,ALGN,2017,80135229.0,2018-02-23,10-K,1.0,80135229.0
1097149,ALGN,2018,79989347.0,2019-02-22,10-K,1.0,79989347.0
1097149,ALGN,2019,78753161.0,2020-02-21,10-K,1.0,78753161.0
1097149,ALGN,2020,79132723.0,2021-02-22,10-K,1.0,79132723.0
1097149,ALGN,2021,78795494.0,2022-02-21,10-K,1.0,78795494.0
1097149,ALGN,2022,76610319.0,2023-02-20,10-K,1.0,76610319.0
1097149,ALGN,2023,75104132.0,2024-02-22,10-K,1.0,75104132.0
1097149,ALGN,2024,73597648.0,2025-02-20,10-K,1.0,73597648.0
1097149,ALGN,2025,71282132.0,2026-02-20,10-K,1.0,71282132.0
1097149,ALGN,2026,71039852.0,2026-07-31,10-Q,1.0,71039852.0
1097864,ON,2014,431315129.0,2015-02-20,10-K,1.0,431315129.0
1097864,ON,2015,412095180.0,2016-02-17,10-K,1.0,412095180.0
1097864,ON,2016,419610858.0,2017-02-17,10-K,1.0,419610858.0
1097864,ON,2017,425440679.0,2018-02-16,10-K,1.0,425440679.0
1097864,ON,2018,409710366.0,2019-02-15,10-K,1.0,409710366.0
1097864,ON,2019,411065636.0,2020-02-13,10-K,1.0,411065636.0
1097864,ON,2020,411881071.0,2021-02-10,10-K,1.0,411881071.0
1097864,ON,2021,432497822.0,2022-02-09,10-K,1.0,432497822.0
1097864,ON,2022,431967907.0,2023-02-01,10-K,1.0,431967907.0
1097864,ON,2023,427328652.0,2024-01-31,10-K,1.0,427328652.0
1097864,ON,2024,421421127.0,2025-02-05,10-K,1.0,421421127.0
1097864,ON,2025,394020530.0,2026-02-04,10-K,1.0,394020530.0
1097864,ON,2026,389311721.0,2026-07-29,10-Q,1.0,389311721.0
1099219,MET,2014,1117440997.0,2015-02-23,10-K,1.122,1253768798.634
1099219,MET,2015,1096666865.0,2016-02-22,10-K,1.122,1230460222.5300002
1099219,MET,2016,1087256971.0,2017-02-23,10-K,1.122,1219902321.4620001
1099219,MET,2017,1036642696.0,2018-02-16,10-K,1.0,1036642696.0
1099219,MET,2018,957270842.0,2019-02-14,10-K,1.0,957270842.0
1099219,MET,2019,915828071.0,2020-02-14,10-K,1.0,915828071.0
1099219,MET,2020,884399222.0,2021-02-12,10-K,1.0,884399222.0
1099219,MET,2021,825078244.0,2022-02-11,10-K,1.0,825078244.0
1099219,MET,2022,774362092.0,2023-02-14,10-K,1.0,774362092.0
1099219,MET,2023,723020313.0,2024-02-08,10-K,1.0,723020313.0
1099219,MET,2024,681228028.0,2025-02-13,10-K,1.0,681228028.0
1099219,MET,2025,652053867.0,2026-02-12,10-K,1.0,652053867.0
1099219,MET,2026,635476927.0,2026-07-31,10-Q,1.0,635476927.0
1099800,EW,2014,107839918.0,2015-01-31,10-K,6.0,647039508.0
1099800,EW,2015,214597594.0,2016-01-31,10-K,3.0,643792782.0
1099800,EW,2016,212495798.0,2017-01-31,10-K,3.0,637487394.0
1099800,EW,2017,210023708.0,2018-01-31,10-K,3.0,630071124.0
1099800,EW,2018,207766329.0,2019-01-31,10-K,3.0,623298987.0
1099800,EW,2019,209122578.0,2020-01-31,10-K,3.0,627367734.0
1099800,EW,2020,624518873.0,2021-01-31,10-K,1.0,624518873.0
1099800,EW,2021,623207437.0,2022-01-31,10-K,1.0,623207437.0
1099800,EW,2022,608313396.0,2023-01-31,10-K,1.0,608313396.0
1099800,EW,2023,601300000.0,2024-01-31,10-K,1.0,601300000.0
1099800,EW,2024,587900000.0,2025-01-31,10-K,1.0,587900000.0
1099800,EW,2025,580800000.0,2026-01-31,10-K,1.0,580800000.0
1099800,EW,2026,576400000.0,2026-07-31,10-Q,1.0,576400000.0
1100682,CRL,2014,47326257.0,2015-01-30,10-K,1.0,47326257.0
1100682,CRL,2015,46718000.0,2016-01-29,10-K,1.0,46718000.0
1100682,CRL,2016,47372995.0,2017-01-27,10-K,1.0,47372995.0
1100682,CRL,2017,47428916.0,2018-01-26,10-K,1.0,47428916.0
1100682,CRL,2018,48226323.0,2019-01-25,10-K,1.0,48226323.0
1100682,CRL,2019,48959576.0,2020-01-24,10-K,1.0,48959576.0
1100682,CRL,2020,49776227.0,2021-01-22,10-K,1.0,49776227.0
1100682,CRL,2021,50486047.0,2022-01-21,10-K,1.0,50486047.0
1100682,CRL,2022,50985527.0,2023-01-25,10-K,1.0,50985527.0
1100682,CRL,2023,51349770.0,2024-01-27,10-K,1.0,51349770.0
1100682,CRL,2024,51141607.0,2025-01-25,10-K,1.0,51141607.0
1100682,CRL,2025,49227800.0,2026-01-24,10-K,1.0,49227800.0
1100682,CRL,2026,47738872.0,2026-07-25,10-Q,1.0,47738872.0
1101239,EQIX,2014,56473723.0,2015-01-31,10-K,1.0,56473723.0
1101239,EQIX,2015,69025412.0,2016-01-29,10-K,1.0,69025412.0
1101239,EQIX,2016,71637322.0,2017-02-24,10-K,1.0,71637322.0
1101239,EQIX,2017,79228072.0,2018-02-23,10-K,1.0,79228072.0
1101239,EQIX,2018,80865431.0,2019-02-21,10-K,1.0,80865431.0
1101239,EQIX,2019,85443883.0,2020-02-20,10-K,1.0,85443883.0
1101239,EQIX,2020,89287863.0,2021-02-18,10-K,1.0,89287863.0
1101239,EQIX,2021,90721039.0,2022-02-17,10-K,1.0,90721039.0
1101239,EQIX,2022,92784198.0,2023-02-24,10-K/A,1.0,92784198.0
1101239,EQIX,2023,94621449.0,2024-02-15,10-K,1.0,94621449.0
1101239,EQIX,2024,97332005.0,2025-02-11,10-K,1.0,97332005.0
1101239,EQIX,2025,98254928.0,2026-02-10,10-K,1.0,98254928.0
1101239,EQIX,2026,98671686.0,2026-07-28,10-Q,1.0,98671686.0
1103982,MDLZ,2014,1649480188.0,2015-01-31,10-K,1.0,1649480188.0
1103982,MDLZ,2015,1568858264.0,2016-02-12,10-K,1.0,1568858264.0
1103982,MDLZ,2016,1526612169.0,2017-02-17,10-K,1.0,1526612169.0
1103982,MDLZ,2017,1487328466.0,2018-02-02,10-K,1.0,1487328466.0
1103982,MDLZ,2018,1444169449.0,2019-02-01,10-K,1.0,1444169449.0
1103982,MDLZ,2019,1432943006.0,2020-01-31,10-K,1.0,1432943006.0
1103982,MDLZ,2020,1412114559.0,2021-01-29,10-K,1.0,1412114559.0
1103982,MDLZ,2021,1388328044.0,2022-01-28,10-K,1.0,1388328044.0
1103982,MDLZ,2022,1363306849.0,2023-01-31,10-K,1.0,1363306849.0
1103982,MDLZ,2023,1346477411.0,2024-01-30,10-K,1.0,1346477411.0
1103982,MDLZ,2024,1293525167.0,2025-01-31,10-K,1.0,1293525167.0
1103982,MDLZ,2025,1281845669.0,2026-01-30,10-K,1.0,1281845669.0
1103982,MDLZ,2026,1283649766.0,2026-04-24,10-Q,1.0,1283649766.0
1108524,CRM,2014,650600000.0,2015-01-31,10-K,1.0,650600000.0
1108524,CRM,2015,670900000.0,2016-01-31,10-K,1.0,670900000.0
1108524,CRM,2016,707500000.0,2017-01-31,10-K,1.0,707500000.0
1108524,CRM,2017,731500000.0,2018-02-28,10-K,1.0,731500000.0
1108524,CRM,2018,771000000.0,2019-02-28,10-K,1.0,771000000.0
1108524,CRM,2019,895000000.0,2020-02-29,10-K,1.0,895000000.0
1108524,CRM,2020,915000000.0,2020-12-01,10-Q,1.0,915000000.0
1108524,CRM,2021,985000000.0,2021-11-30,10-Q,1.0,985000000.0
1108524,CRM,2022,1000000000.0,2022-11-29,10-Q,1.0,1000000000.0
1108524,CRM,2023,970000000.0,2024-02-29,10-K,1.0,970000000.0
1108524,CRM,2024,961000000.0,2025-02-28,10-K,1.0,961000000.0
1108524,CRM,2025,923000000.0,2026-02-25,10-K,1.0,923000000.0
1108524,CRM,2026,823000000.0,2026-08-20,10-Q,1.0,823000000.0
1109357,EXC,2014,859833343.0,2015-01-31,10-K,1.402,1205486346.886
1109357,EXC,2015,919924742.0,2016-01-31,10-K,1.402,1289734488.284
1109357,EXC,2016,926589614.0,2016-12-31,10-K,1.402,1299078638.8279998
1109357,EXC,2017,965029399.0,2017-12-31,10-K,1.402,1352971217.398
1109357,EXC,2018,969745933.0,2019-01-31,10-K,1.402,1359583798.066
1109357,EXC,2019,974319565.0,2020-01-31,10-K,1.402,1365996030.1299999
1109357,EXC,2020,976337799.0,2021-01-31,10-K,1.402,1368825594.198
1109357,EXC,2021,980136968.0,2022-01-31,10-K,1.402,1374152029.136
1109357,EXC,2022,994126931.0,2023-01-31,10-K,1.0,994126931.0
1109357,EXC,2023,999538542.0,2024-01-31,10-K,1.0,999538542.0
1109357,EXC,2024,1005217157.0,2025-01-31,10-K,1.0,1005217157.0
1109357,EXC,2025,1022892585.0,2026-01-31,10-K,1.0,1022892585.0
1109357,EXC,2026,1023208142.0,2026-03-31,10-Q,1.0,1023208142.0
1111711,NI,2014,316211929.0,2015-02-10,10-K,2.545,804759359.305
1111711,NI,2015,319741768.0,2016-02-10,10-K,1.0,319741768.0
1111711,NI,2016,323445821.0,2017-02-14,10-K,1.0,323445821.0
1111711,NI,2017,337410827.0,2018-02-12,10-K,1.0,337410827.0
1111711,NI,2018,372494365.0,2019-02-12,10-K,1.0,372494365.0
1111711,NI,2019,382263348.0,2020-02-18,10-K,1.0,382263348.0
1111711,NI,2020,391859711.0,2021-02-09,10-K,1.0,391859711.0
1111711,NI,2021,405385010.0,2022-02-15,10-K,1.0,405385010.0
1111711,NI,2022,412507944.0,2023-02-15,10-K,1.0,412507944.0
1111711,NI,2023,447524529.0,2024-02-14,10-K,1.0,447524529.0
1111711,NI,2024,469939639.0,2025-02-05,10-K,1.0,469939639.0
1111711,NI,2025,478533171.0,2026-02-04,10-K,1.0,478533171.0
1111711,NI,2026,479560100.0,2026-07-29,10-Q,1.0,479560100.0
1113169,TROW,2014,260726853.0,2015-02-03,10-K,1.0,260726853.0
1113169,TROW,2015,248179222.0,2016-02-03,10-K,1.0,248179222.0
1113169,TROW,2016,243415300.0,2017-02-06,10-K,1.0,243415300.0
1113169,TROW,2017,244444519.0,2018-02-14,10-K,1.0,244444519.0
1113169,TROW,2018,236263621.0,2019-02-12,10-K,1.0,236263621.0
1113169,TROW,2019,236041040.0,2020-02-11,10-K,1.0,236041040.0
1113169,TROW,2020,227946081.0,2021-02-08,10-K,1.0,227946081.0
1113169,TROW,2021,228093290.0,2022-02-22,10-K,1.0,228093290.0
1113169,TROW,2022,224398924.0,2023-02-13,10-K,1.0,224398924.0
1113169,TROW,2023,223656595.0,2024-02-12,10-K,1.0,223656595.0
1113169,TROW,2024,222634484.0,2025-02-11,10-K,1.0,222634484.0
1113169,TROW,2025,218072901.0,2026-02-11,10-K,1.0,218072901.0
1113169,TROW,2026,213315850.0,2026-07-29,10-Q,1.0,213315850.0
1116132,TPR,2014,275831049.0,2015-01-23,10-Q,1.0,275831049.0
1116132,TPR,2015,277696178.0,2016-01-22,10-Q,1.0,277696178.0
1116132,TPR,2016,280616067.0,2017-01-27,10-Q,1.0,280616067.0
1116132,TPR,2017,284882437.0,2018-01-26,10-Q,1.0,284882437.0
1116132,TPR,2018,289978011.0,2019-01-25,10-Q,1.0,289978011.0
1116132,TPR,2019,276028807.0,2020-01-24,10-Q,1.0,276028807.0
1116132,TPR,2020,277838123.0,2021-01-22,10-Q,1.0,277838123.0
1116132,TPR,2021,263989719.0,2022-01-28,10-Q,1.0,263989719.0
1116132,TPR,2022,236075634.0,2023-01-27,10-Q,1.0,236075634.0
1116132,TPR,2023,229366154.0,2024-01-26,10-Q,1.0,229366154.0
1116132,TPR,2024,207015475.0,2025-01-24,10-Q,1.0,207015475.0
1116132,TPR,2025,202464223.0,2026-01-23,10-Q,1.0,202464223.0
1116132,TPR,2026,199391678.0,2026-07-31,10-K,1.0,199391678.0
1120193,NDAQ,2014,168827986.0,2015-02-02,10-K,3.0,506483958.0
1120193,NDAQ,2015,163887649.0,2016-02-17,10-K,3.0,491662947.0
1120193,NDAQ,2016,166747494.0,2017-02-22,10-K,3.0,500242482.0
1120193,NDAQ,2017,166560632.0,2018-02-21,10-K,3.0,499681896.0
1120193,NDAQ,2018,165420039.0,2019-02-14,10-K,3.0,496260117.0
1120193,NDAQ,2019,165011712.0,2020-02-13,10-K,3.0,495035136.0
1120193,NDAQ,2020,164795634.0,2021-02-11,10-K,3.0,494386902.0
1120193,NDAQ,2021,164412114.0,2022-02-14,10-K,3.0,493236342.0
1120193,NDAQ,2022,489002956.0,2023-02-13,10-K,1.0,489002956.0
1120193,NDAQ,2023,575206570.0,2024-02-13,10-K,1.0,575206570.0
1120193,NDAQ,2024,575145323.0,2025-02-12,10-K,1.0,575145323.0
1120193,NDAQ,2025,568443856.0,2026-02-03,10-K,1.0,568443856.0
1120193,NDAQ,2026,558977372.0,2026-07-16,10-Q,1.0,558977372.0
1121788,GRMN,2014,208077418.0,2015-02-13,10-K,1.0,208077418.0
1121788,GRMN,2015,208077418.0,2016-02-12,10-K,1.0,208077418.0
1121788,GRMN,2016,198077418.0,2017-02-17,10-K,1.0,198077418.0
1121788,GRMN,2017,198077418.0,2018-02-16,10-K,1.0,198077418.0
1121788,GRMN,2018,198077418.0,2019-02-15,10-K,1.0,198077418.0
1121788,GRMN,2019,190687357.0,2020-02-14,10-K,1.0,190687357.0
1121788,GRMN,2020,191571374.0,2021-02-12,10-K,1.0,191571374.0
1121788,GRMN,2021,192787080.0,2022-02-11,10-K,1.0,192787080.0
1121788,GRMN,2022,191359482.0,2023-02-17,10-K,1.0,191359482.0
1121788,GRMN,2023,191777417.0,2024-02-16,10-K/A,1.0,191777417.0
1121788,GRMN,2024,192403775.0,2025-02-14,10-K,1.0,192403775.0
1121788,GRMN,2025,192480830.0,2026-02-13,10-K,1.0,192480830.0
1121788,GRMN,2026,192856206.0,2026-04-24,10-Q,1.0,192856206.0
1123360,GPN,2014,67059785.0,2015-01-05,10-Q,2.0,134119570.0
1123360,GPN,2015,129348466.0,2016-01-07,10-Q,1.0,129348466.0
1123360,GPN,2016,152230376.0,2017-02-22,10-KT,1.0,152230376.0
1123360,GPN,2017,159205866.0,2018-02-19,10-K,1.0,159205866.0
1123360,GPN,2018,157603304.0,2019-02-19,10-K,1.0,157603304.0
1123360,GPN,2019,299627279.0,2020-02-19,10-K,1.0,299627279.0
1123360,GPN,2020,295243402.0,2021-02-16,10-K,1.0,295243402.0
1123360,GPN,2021,281968006.0,2022-02-15,10-K,1.0,281968006.0
1123360,GPN,2022,263154052.0,2023-02-15,10-K,1.0,263154052.0
1123360,GPN,2023,257984986.0,2024-02-12,10-K,1.0,257984986.0
1123360,GPN,2024,247616186.0,2025-02-06,10-K,1.0,247616186.0
1123360,GPN,2025,279901327.0,2026-02-10,10-K,1.0,279901327.0
1123360,GPN,2026,264618390.0,2026-07-31,10-Q,1.0,264618390.0
1126328,PFG,2014,294110248.0,2015-02-04,10-K,1.0,294110248.0
1126328,PFG,2015,291625605.0,2016-02-03,10-K,1.0,291625605.0
1126328,PFG,2016,287476821.0,2017-02-01,10-K,1.0,287476821.0
1126328,PFG,2017,289656803.0,2018-02-02,10-K,1.0,289656803.0
1126328,PFG,2018,278313686.0,2019-01-30,10-K,1.0,278313686.0
1126328,PFG,2019,274687952.0,2020-01-31,10-K,1.0,274687952.0
1126328,PFG,2020,272613683.0,2021-01-29,10-K,1.0,272613683.0
1126328,PFG,2021,261227525.0,2022-01-28,10-K,1.0,261227525.0
1126328,PFG,2022,243104123.0,2023-01-30,10-K,1.0,243104123.0
1126328,PFG,2023,235868487.0,2024-02-02,10-K,1.0,235868487.0
1126328,PFG,2024,225571329.0,2025-01-30,10-K,1.0,225571329.0
1126328,PFG,2025,216835141.0,2026-02-11,10-K,1.0,216835141.0
1126328,PFG,2026,216012384.0,2026-04-22,10-Q,1.0,216012384.0
1130310,CNP,2014,429802703.0,2015-02-17,10-K,1.0,429802703.0
1130310,CNP,2015,430271749.0,2016-02-12,10-K,1.0,430271749.0
1130310,CNP,2016,430688867.0,2017-02-10,10-K,1.0,430688867.0
1130310,CNP,2017,431048125.0,2018-02-09,10-K,1.0,431048125.0
1130310,CNP,2018,501206304.0,2019-02-12,10-K,1.0,501206304.0
1130310,CNP,2019,502243185.0,2020-02-19,10-K,1.0,502243185.0
1130310,CNP,2020,551579922.0,2021-02-22,10-K,1.0,551579922.0
1130310,CNP,2021,628936067.0,2022-02-15,10-K,1.0,628936067.0
1130310,CNP,2022,629788724.0,2023-02-09,10-K,1.0,629788724.0
1130310,CNP,2023,631594706.0,2024-02-12,10-K,1.0,631594706.0
1130310,CNP,2024,651729244.0,2025-02-10,10-K,1.0,651729244.0
1130310,CNP,2025,652871584.0,2026-02-13,10-K,1.0,652871584.0
1130310,CNP,2026,654169480.0,2026-04-15,10-Q,1.0,654169480.0
1133421,NOC,2014,198405799.0,2015-01-29,10-K,1.0,198405799.0
1133421,NOC,2015,180943220.0,2016-01-28,10-K,1.0,180943220.0
1133421,NOC,2016,174599406.0,2017-01-26,10-K,1.0,174599406.0
1133421,NOC,2017,174087585.0,2018-01-25,10-K,1.0,174087585.0
1133421,NOC,2018,169737507.0,2019-01-28,10-K,1.0,169737507.0
1133421,NOC,2019,167637130.0,2020-01-27,10-K,1.0,167637130.0
1133421,NOC,2020,166718384.0,2021-01-25,10-K,1.0,166718384.0
1133421,NOC,2021,156101934.0,2022-01-24,10-K,1.0,156101934.0
1133421,NOC,2022,153053371.0,2023-01-23,10-K,1.0,153053371.0
1133421,NOC,2023,150035705.0,2024-01-22,10-K,1.0,150035705.0
1133421,NOC,2024,144755659.0,2025-01-27,10-K,1.0,144755659.0
1133421,NOC,2025,141921621.0,2026-01-22,10-K,1.0,141921621.0
1133421,NOC,2026,142063026.0,2026-07-16,10-Q,1.0,142063026.0
1136869,ZBH,2014,169902991.0,2015-02-16,10-K,1.03,175000080.73000002
1136869,ZBH,2015,198834321.0,2016-02-24,10-K,1.03,204799350.63
1136869,ZBH,2016,201101794.0,2017-02-22,10-K,1.03,207134847.82
1136869,ZBH,2017,203146925.0,2018-02-15,10-K,1.03,209241332.75
1136869,ZBH,2018,204433342.0,2019-02-15,10-K,1.03,210566342.26000002
1136869,ZBH,2019,206403646.0,2020-02-07,10-K,1.03,212595755.38
1136869,ZBH,2020,207855504.0,2021-02-08,10-K,1.03,214091169.12
1136869,ZBH,2021,209177445.0,2022-02-07,10-K,1.03,215452768.35
1136869,ZBH,2022,208980256.0,2023-02-07,10-K,1.0,208980256.0
1136869,ZBH,2023,205084022.0,2024-02-14,10-K,1.0,205084022.0
1136869,ZBH,2024,199063164.0,2025-02-14,10-K,1.0,199063164.0
1136869,ZBH,2025,195652004.0,2026-02-10,10-K,1.0,195652004.0
1136869,ZBH,2026,190737689.0,2026-07-30,10-Q,1.0,190737689.0
1136893,FIS,2014,285066924.0,2015-01-31,10-K,1.0,285066924.0
1136893,FIS,2015,324815641.0,2016-01-31,10-K,1.0,324815641.0
1136893,FIS,2016,328780510.0,2017-01-31,10-K,1.0,328780510.0
1136893,FIS,2017,331179313.0,2018-01-31,10-K,1.0,331179313.0
1136893,FIS,2018,322920584.0,2019-02-19,10-K,1.0,322920584.0
1136893,FIS,2019,616321624.0,2020-02-19,10-K,1.0,616321624.0
1136893,FIS,2020,621128642.0,2021-02-17,10-K,1.0,621128642.0
1136893,FIS,2021,609590707.0,2022-02-21,10-K,1.0,609590707.0
1136893,FIS,2022,591935473.0,2023-02-22,10-K,1.0,591935473.0
1136893,FIS,2023,576465736.0,2024-02-22,10-K,1.0,576465736.0
1136893,FIS,2024,529691586.0,2025-02-11,10-K,1.0,529691586.0
1136893,FIS,2025,514403688.0,2026-02-20,10-K,1.0,514403688.0
1136893,FIS,2026,515705917.0,2026-07-31,10-Q,1.0,515705917.0
1137774,PRU,2014,454000000.0,2015-01-31,10-K,1.0,454000000.0
1137774,PRU,2015,446000000.0,2016-01-31,10-K,1.0,446000000.0
1137774,PRU,2016,430000000.0,2017-01-31,10-K,1.0,430000000.0
1137774,PRU,2017,422000000.0,2018-01-31,10-K,1.0,422000000.0
1137774,PRU,2018,409000000.0,2019-01-31,10-K,1.0,409000000.0
1137774,PRU,2019,397000000.0,2020-01-31,10-K,1.0,397000000.0
1137774,PRU,2020,397000000.0,2021-01-31,10-K,1.0,397000000.0
1137774,PRU,2021,376000000.0,2022-01-31,10-K,1.0,376000000.0
1137774,PRU,2022,366000000.0,2023-01-31,10-K,1.0,366000000.0
1137774,PRU,2023,359000000.0,2024-01-31,10-K,1.0,359000000.0
1137774,PRU,2024,354000000.0,2025-01-31,10-K,1.0,354000000.0
1137774,PRU,2025,348000000.0,2026-01-31,10-K,1.0,348000000.0
1137774,PRU,2026,345000000.0,2026-07-31,10-Q,1.0,345000000.0
1137789,STX,2014,328338005.0,2015-01-26,10-Q,1.0,328338005.0
1137789,STX,2015,296421970.0,2016-01-25,10-Q,1.0,296421970.0
1137789,STX,2016,295176874.0,2017-01-23,10-Q,1.0,295176874.0
1137789,STX,2017,284827401.0,2018-01-23,10-Q,1.0,284827401.0
1137789,STX,2018,281740077.0,2019-01-29,10-Q,1.0,281740077.0
1137789,STX,2019,260956046.0,2020-01-31,10-Q,1.0,260956046.0
1137789,STX,2020,236682057.0,2021-01-25,10-Q,1.0,236682057.0
1137789,STX,2021,218898339.0,2022-01-24,10-Q,1.0,218898339.0
1137789,STX,2022,206483864.0,2023-01-23,10-Q,1.0,206483864.0
1137789,STX,2023,209510729.0,2024-01-22,10-Q,1.0,209510729.0
1137789,STX,2024,211707393.0,2025-01-22,10-Q,1.0,211707393.0
1137789,STX,2025,218073067.0,2026-01-27,10-Q,1.0,218073067.0
1137789,STX,2026,226644518.0,2026-07-31,10-K,1.0,226644518.0
1138118,CBRE,2014,333024341.0,2015-02-13,10-K,1.0,333024341.0
1138118,CBRE,2015,334240869.0,2016-02-12,10-K,1.0,334240869.0
1138118,CBRE,2016,337829292.0,2017-02-13,10-K,1.0,337829292.0
1138118,CBRE,2017,339508177.0,2018-02-13,10-K,1.0,339508177.0
1138118,CBRE,2018,335834731.0,2019-02-14,10-K,1.0,335834731.0
1138118,CBRE,2019,334790842.0,2020-02-14,10-K,1.0,334790842.0
1138118,CBRE,2020,335597172.0,2021-02-18,10-K,1.0,335597172.0
1138118,CBRE,2021,332322579.0,2022-02-17,10-K,1.0,332322579.0
1138118,CBRE,2022,309891986.0,2023-02-16,10-K,1.0,309891986.0
1138118,CBRE,2023,305695875.0,2024-02-15,10-K,1.0,305695875.0
1138118,CBRE,2024,300037482.0,2025-02-11,10-K,1.0,300037482.0
1138118,CBRE,2025,295158554.0,2026-02-10,10-K,1.0,295158554.0
1138118,CBRE,2026,289575298.0,2026-07-27,10-Q,1.0,289575298.0
1140536,WTW,2014,179479552.0,2015-02-20,10-K,0.3775,67753530.88
1140536,WTW,2015,138172062.0,2016-02-26,10-K,1.0,138172062.0
1140536,WTW,2016,135527821.0,2017-02-24,10-K,1.0,135527821.0
1140536,WTW,2017,132216177.0,2018-02-23,10-K,1.0,132216177.0
1140536,WTW,2018,129101873.0,2019-02-22,10-K,1.0,129101873.0
1140536,WTW,2019,128718789.0,2020-02-21,10-K,1.0,128718789.0
1140536,WTW,2020,128970531.0,2021-02-18,10-K,1.0,128970531.0
1140536,WTW,2021,117745623.0,2022-02-18,10-K,1.0,117745623.0
1140536,WTW,2022,106577635.0,2023-02-16,10-K,1.0,106577635.0
1140536,WTW,2023,102481452.0,2024-02-16,10-K,1.0,102481452.0
1140536,WTW,2024,99692639.0,2025-02-19,10-K,1.0,99692639.0
1140536,WTW,2025,94545903.0,2026-02-20,10-K,1.0,94545903.0
1140536,WTW,2026,92871937.0,2026-07-27,10-Q,1.0,92871937.0
1140859,COR,2014,219604997.0,2015-01-31,10-Q,1.0,219604997.0
1140859,COR,2015,205462465.0,2016-01-31,10-Q,1.0,205462465.0
1140859,COR,2016,217279686.0,2017-01-27,10-Q,1.0,217279686.0
1140859,COR,2017,219669091.0,2018-01-31,10-Q,1.0,219669091.0
1140859,COR,2018,211089893.0,2019-01-25,10-Q,1.0,211089893.0
1140859,COR,2019,205891754.0,2020-01-28,10-Q,1.0,205891754.0
1140859,COR,2020,204706150.0,2021-01-31,10-Q,1.0,204706150.0
1140859,COR,2021,209137429.0,2022-01-31,10-Q,1.0,209137429.0
1140859,COR,2022,202258188.0,2023-01-31,10-Q,1.0,202258188.0
1140859,COR,2023,199481993.0,2024-01-29,10-Q,1.0,199481993.0
1140859,COR,2024,193917082.0,2025-01-31,10-Q,1.0,193917082.0
1140859,COR,2025,194530682.0,2026-01-31,10-Q,1.0,194530682.0
1140859,COR,2026,190827165.0,2026-07-31,10-Q,1.0,190827165.0
1145197,PODD,2014,56447961.0,2015-02-20,10-K,1.0,56447961.0
1145197,PODD,2015,57015489.0,2016-02-25,10-K,1.0,57015489.0
1145197,PODD,2016,57651012.0,2017-02-21,10-K,1.0,57651012.0
1145197,PODD,2017,58391036.0,2018-02-16,10-K,1.0,58391036.0
1145197,PODD,2018,59278993.0,2019-02-20,10-K,1.0,59278993.0
1145197,PODD,2019,62863402.0,2020-02-20,10-K,1.0,62863402.0
1145197,PODD,2020,66080324.0,2021-02-18,10-K,1.0,66080324.0
1145197,PODD,2021,69217620.0,2022-02-17,10-K,1.0,69217620.0
1145197,PODD,2022,69542257.0,2023-02-16,10-K,1.0,69542257.0
1145197,PODD,2023,69925730.0,2024-02-15,10-K,1.0,69925730.0
1145197,PODD,2024,70226104.0,2025-02-13,10-K,1.0,70226104.0
1145197,PODD,2025,70395848.0,2026-02-11,10-K,1.0,70395848.0
1145197,PODD,2026,69354199.0,2026-07-29,10-Q,1.0,69354199.0
1156039,ELV,2014,266787463.0,2015-02-05,10-K,1.0,266787463.0
1156039,ELV,2015,261351781.0,2016-02-04,10-K,1.0,261351781.0
1156039,ELV,2016,264378577.0,2017-02-10,10-K,1.0,264378577.0
1156039,ELV,2017,255721900.0,2018-02-09,10-K,1.0,255721900.0
1156039,ELV,2018,257011928.0,2019-02-07,10-K,1.0,257011928.0
1156039,ELV,2019,252329919.0,2020-02-06,10-K,1.0,252329919.0
1156039,ELV,2020,244905689.0,2021-02-04,10-K,1.0,244905689.0
1156039,ELV,2021,241304369.0,2022-02-03,10-K,1.0,241304369.0
1156039,ELV,2022,237457776.0,2023-02-01,10-K,1.0,237457776.0
1156039,ELV,2023,232668735.0,2024-02-01,10-K,1.0,232668735.0
1156039,ELV,2024,227351871.0,2025-02-01,10-K,1.0,227351871.0
1156039,ELV,2025,220704667.0,2026-02-01,10-K,1.0,220704667.0
1156039,ELV,2026,216869290.0,2026-07-10,10-Q,1.0,216869290.0
1163165,COP,2014,1231461668.0,2015-01-31,10-K,1.0,1231461668.0
1163165,COP,2015,1236202726.0,2016-01-31,10-K,1.0,1236202726.0
1163165,COP,2016,1235832469.0,2017-01-31,10-K,1.0,1235832469.0
1163165,COP,2017,1174577506.0,2018-01-31,10-K,1.0,1174577506.0
1163165,COP,2018,1134404094.0,2019-01-31,10-K,1.0,1134404094.0
1163165,COP,2019,1081132415.0,2020-01-31,10-K,1.0,1081132415.0
1163165,COP,2020,1354734727.0,2021-01-31,10-K,1.0,1354734727.0
1163165,COP,2021,1299526916.0,2022-01-31,10-K,1.0,1299526916.0
1163165,COP,2022,1218776494.0,2023-01-31,10-K,1.0,1218776494.0
1163165,COP,2023,1176408368.0,2024-01-31,10-K,1.0,1176408368.0
1163165,COP,2024,1272380205.0,2025-01-31,10-K,1.0,1272380205.0
1163165,COP,2025,1222339152.0,2026-01-31,10-K,1.0,1222339152.0
1163165,COP,2026,1201337479.0,2026-06-30,10-Q,1.0,1201337479.0
1164727,NEM,2014,498857070.0,2015-02-11,10-K,1.0,498857070.0
1164727,NEM,2015,529161509.0,2016-02-09,10-K,1.0,529161509.0
1164727,NEM,2016,531149818.0,2017-02-14,10-K,1.0,531149818.0
1164727,NEM,2017,533474863.0,2018-02-15,10-K,1.0,533474863.0
1164727,NEM,2018,532669445.0,2019-02-14,10-K,1.0,532669445.0
1164727,NEM,2019,807583184.0,2020-02-13,10-K,1.0,807583184.0
1164727,NEM,2020,800314223.0,2021-02-11,10-K,1.0,800314223.0
1164727,NEM,2021,792502327.0,2022-02-17,10-K,1.0,792502327.0
1164727,NEM,2022,793794062.0,2023-02-16,10-K,1.0,793794062.0
1164727,NEM,2023,1152551607.0,2024-02-15,10-K,1.0,1152551607.0
1164727,NEM,2024,1126861075.0,2025-02-13,10-K,1.0,1126861075.0
1164727,NEM,2025,1087874212.0,2026-02-12,10-K,1.0,1087874212.0
1164727,NEM,2026,1053692271.0,2026-07-16,10-Q,1.0,1053692271.0
1174922,WYNN,2014,101525639.0,2015-02-13,10-K,1.0,101525639.0
1174922,WYNN,2015,101749906.0,2016-02-12,10-K,1.0,101749906.0
1174922,WYNN,2016,101925222.0,2017-02-15,10-K,1.0,101925222.0
1174922,WYNN,2017,103017861.0,2018-02-15,10-K,1.0,103017861.0
1174922,WYNN,2018,107635436.0,2019-02-15,10-K,1.0,107635436.0
1174922,WYNN,2019,107516130.0,2020-02-14,10-K,1.0,107516130.0
1174922,WYNN,2020,115615473.0,2021-02-16,10-K,1.0,115615473.0
1174922,WYNN,2021,115898704.0,2022-02-16,10-K,1.0,115898704.0
1174922,WYNN,2022,113687786.0,2023-02-14,10-K,1.0,113687786.0
1174922,WYNN,2023,112078263.0,2024-02-14,10-K,1.0,112078263.0
1174922,WYNN,2024,106401372.0,2025-02-04,10-K,1.0,106401372.0
1174922,WYNN,2025,104283291.0,2026-02-18,10-K,1.0,104283291.0
1174922,WYNN,2026,102973891.0,2026-07-31,10-Q,1.0,102973891.0
1175454,CPAY,2014,91677376.0,2015-02-06,10-K,1.0,91677376.0
1175454,CPAY,2015,92616940.0,2016-02-15,10-K,1.0,92616940.0
1175454,CPAY,2016,91892435.0,2017-02-10,10-K,1.0,91892435.0
1175454,CPAY,2017,89808852.0,2018-02-09,10-K,1.0,89808852.0
1175454,CPAY,2018,85858421.0,2019-02-08,10-K,1.0,85858421.0
1175454,CPAY,2019,85429057.0,2020-02-07,10-K,1.0,85429057.0
1175454,CPAY,2020,83416310.0,2021-02-12,10-K,1.0,83416310.0
1175454,CPAY,2021,77886595.0,2022-02-18,10-K/A,1.0,77886595.0
1175454,CPAY,2022,73491592.0,2023-02-17,10-K,1.0,73491592.0
1175454,CPAY,2023,71853599.0,2024-02-17,10-K,1.0,71853599.0
1175454,CPAY,2024,70249923.0,2025-02-17,10-K,1.0,70249923.0
1175454,CPAY,2025,68050296.0,2026-02-17,10-K,1.0,68050296.0
1175454,CPAY,2026,65659599.0,2026-07-31,10-Q,1.0,65659599.0
1176948,ARES,2014,80667664.0,2014-11-11,10-Q,1.0,80667664.0
1176948,ARES,2015,80683942.0,2016-02-24,10-K,1.0,80683942.0
1176948,ARES,2016,81117885.0,2017-02-21,10-K,1.0,81117885.0
1176948,ARES,2017,82758558.0,2018-02-15,10-K,1.0,82758558.0
1176948,ARES,2018,101494220.0,2018-10-26,10-Q,1.0,101494220.0
1176948,ARES,2019,103332418.0,2019-04-29,10-Q,1.0,103332418.0
1260221,TDG,2014,52709274.0,2015-01-24,10-Q,1.0,52709274.0
1260221,TDG,2015,53466525.0,2016-01-26,10-Q,1.0,53466525.0
1260221,TDG,2016,52844515.0,2017-01-30,10-Q,1.0,52844515.0
1260221,TDG,2017,52196309.0,2018-01-29,10-Q,1.0,52196309.0
1260221,TDG,2018,52897155.0,2019-02-01,10-Q,1.0,52897155.0
1260221,TDG,2019,53667940.0,2020-01-26,10-Q,1.0,53667940.0
1260221,TDG,2020,54688918.0,2021-01-25,10-Q,1.0,54688918.0
1260221,TDG,2021,55462081.0,2022-01-31,10-Q,1.0,55462081.0
1260221,TDG,2022,54598064.0,2023-01-31,10-Q,1.0,54598064.0
1260221,TDG,2023,55606261.0,2024-01-31,10-Q,1.0,55606261.0
1260221,TDG,2024,56084587.0,2025-01-31,10-Q,1.0,56084587.0
1260221,TDG,2025,56473563.0,2026-01-30,10-Q,1.0,56473563.0
1260221,TDG,2026,55276525.0,2026-07-31,10-Q,1.0,55276525.0
1262039,FTNT,2014,168865460.0,2015-02-20,10-K,5.0,844327300.0
1262039,FTNT,2015,171603611.0,2016-02-19,10-K,5.0,858018055.0
1262039,FTNT,2016,175320023.0,2017-02-17,10-K,5.0,876600115.0
1262039,FTNT,2017,168024163.0,2018-02-16,10-K,5.0,840120815.0
1262039,FTNT,2018,170633671.0,2019-02-22,10-K,5.0,853168355.0
1262039,FTNT,2019,172514722.0,2020-02-21,10-K,5.0,862573610.0
1262039,FTNT,2020,163190919.0,2021-02-12,10-K,5.0,815954595.0
1262039,FTNT,2021,160815446.0,2022-02-18,10-K,5.0,804077230.0
1262039,FTNT,2022,784066289.0,2023-02-17,10-K,1.0,784066289.0
1262039,FTNT,2023,763030948.0,2024-02-22,10-K,1.0,763030948.0
1262039,FTNT,2024,768974062.0,2025-02-18,10-K,1.0,768974062.0
1262039,FTNT,2025,739923583.0,2026-02-20,10-K,1.0,739923583.0
1262039,FTNT,2026,733713653.0,2026-07-28,10-Q,1.0,733713653.0
1267238,AIZ,2014,68865622.0,2015-02-12,10-K,1.0,68865622.0
1267238,AIZ,2015,64777357.0,2016-02-10,10-K,1.0,64777357.0
1267238,AIZ,2016,55636312.0,2017-02-09,10-K,1.0,55636312.0
1267238,AIZ,2017,52475408.0,2018-02-08,10-K,1.0,52475408.0
1267238,AIZ,2018,61696055.0,2019-02-15,10-K,1.0,61696055.0
1267238,AIZ,2019,59823754.0,2020-02-14,10-K,1.0,59823754.0
1267238,AIZ,2020,57903055.0,2021-02-16,10-K,1.0,57903055.0
1267238,AIZ,2021,55161629.0,2022-02-11,10-K,1.0,55161629.0
1267238,AIZ,2022,52919741.0,2023-02-10,10-K,1.0,52919741.0
1267238,AIZ,2023,51977634.0,2024-02-09,10-K,1.0,51977634.0
1267238,AIZ,2024,50791921.0,2025-02-14,10-K,1.0,50791921.0
1267238,AIZ,2025,49699769.0,2026-02-13,10-K,1.0,49699769.0
1267238,AIZ,2026,49323767.0,2026-07-31,10-Q,1.0,49323767.0
1274494,FSLR,2014,100291843.0,2015-02-20,10-K,1.0,100291843.0
1274494,FSLR,2015,101767670.0,2016-02-19,10-K,1.0,101767670.0
1274494,FSLR,2016,104044691.0,2017-02-17,10-K,1.0,104044691.0
1274494,FSLR,2017,104474656.0,2018-02-16,10-K,1.0,104474656.0
1274494,FSLR,2018,104894572.0,2019-02-15,10-K,1.0,104894572.0
1274494,FSLR,2019,105457669.0,2020-02-14,10-K,1.0,105457669.0
1274494,FSLR,2020,105986398.0,2021-02-19,10-K,1.0,105986398.0
1274494,FSLR,2021,106333764.0,2022-02-25,10-K,1.0,106333764.0
1274494,FSLR,2022,106609094.0,2023-02-24,10-K,1.0,106609094.0
1274494,FSLR,2023,106848929.0,2024-02-23,10-K,1.0,106848929.0
1274494,FSLR,2024,107062105.0,2025-02-21,10-K,1.0,107062105.0
1274494,FSLR,2025,107310994.0,2026-02-20,10-K,1.0,107310994.0
1274494,FSLR,2026,107469788.0,2026-07-24,10-Q,1.0,107469788.0
1280452,MPWR,2014,39290882.0,2015-02-23,10-K,1.0,39290882.0
1280452,MPWR,2015,40199618.0,2016-02-22,10-K,1.0,40199618.0
1280452,MPWR,2016,41171970.0,2017-02-20,10-K,1.0,41171970.0
1280452,MPWR,2017,42132242.0,2018-02-21,10-K,1.0,42132242.0
1280452,MPWR,2018,42916000.0,2019-02-20,10-K,1.0,42916000.0
1280452,MPWR,2019,44602000.0,2020-02-19,10-K,1.0,44602000.0
1280452,MPWR,2020,45621000.0,2021-02-22,10-K,1.0,45621000.0
1280452,MPWR,2021,46509000.0,2022-02-18,10-K,1.0,46509000.0
1280452,MPWR,2022,47305000.0,2023-02-17,10-K,1.0,47305000.0
1280452,MPWR,2023,48661000.0,2024-02-22,10-K,1.0,48661000.0
1280452,MPWR,2024,47866000.0,2025-02-21,10-K,1.0,47866000.0
1280452,MPWR,2025,49118000.0,2026-02-20,10-K,1.0,49118000.0
1280452,MPWR,2026,49143000.0,2026-07-29,10-Q,1.0,49143000.0
1281761,RF,2014,1342894228.0,2015-02-09,10-K,1.0,1342894228.0
1281761,RF,2015,1287827242.0,2016-02-11,10-K,1.0,1287827242.0
1281761,RF,2016,1205258693.0,2017-02-22,10-K,1.0,1205258693.0
1281761,RF,2017,1122565313.0,2018-02-22,10-K,1.0,1122565313.0
1281761,RF,2018,1017718703.0,2019-02-20,10-K,1.0,1017718703.0
1281761,RF,2019,957381827.0,2020-02-19,10-K,1.0,957381827.0
1281761,RF,2020,960674032.0,2021-02-22,10-K,1.0,960674032.0
1281761,RF,2021,937146134.0,2022-02-22,10-K,1.0,937146134.0
1281761,RF,2022,934561674.0,2023-02-22,10-K,1.0,934561674.0
1281761,RF,2023,918864048.0,2024-02-21,10-K,1.0,918864048.0
1281761,RF,2024,905465071.0,2025-02-20,10-K,1.0,905465071.0
1281761,RF,2025,863506691.0,2026-02-23,10-K,1.0,863506691.0
1281761,RF,2026,851929506.0,2026-08-05,10-Q,1.0,851929506.0
1283699,TMUS,2014,807778654.0,2015-02-17,10-K,1.0,807778654.0
1283699,TMUS,2015,818420728.0,2016-02-11,10-K,1.0,818420728.0
1283699,TMUS,2016,826525821.0,2017-02-08,10-K,1.0,826525821.0
1283699,TMUS,2017,854428593.0,2018-02-02,10-K,1.0,854428593.0
1283699,TMUS,2018,850221464.0,2019-02-04,10-K,1.0,850221464.0
1283699,TMUS,2019,856932845.0,2020-01-31,10-K,1.0,856932845.0
1283699,TMUS,2020,1242804085.0,2021-02-17,10-K,1.0,1242804085.0
1283699,TMUS,2021,1249289954.0,2022-02-07,10-K,1.0,1249289954.0
1283699,TMUS,2022,1219383110.0,2023-02-10,10-K,1.0,1219383110.0
1283699,TMUS,2023,1186867575.0,2024-01-31,10-K,1.0,1186867575.0
1283699,TMUS,2024,1141744952.0,2025-01-24,10-K,1.0,1141744952.0
1283699,TMUS,2025,1101862739.0,2026-02-06,10-K,1.0,1101862739.0
1283699,TMUS,2026,1072671613.0,2026-07-17,10-Q,1.0,1072671613.0
1285785,MOS,2016,350238549.0,2017-02-10,10-K,1.0,350238549.0
1285785,MOS,2017,385226223.0,2018-02-15,10-K,1.0,385226223.0
1285785,MOS,2018,385470085.0,2018-11-02,10-Q,1.0,385470085.0
1285785,MOS,2019,378764442.0,2020-02-01,10-K,1.0,378764442.0
1285785,MOS,2020,379093342.0,2021-02-01,10-K,1.0,379093342.0
1285785,MOS,2021,368309275.0,2022-02-01,10-K,1.0,368309275.0
1285785,MOS,2022,336486715.0,2023-02-17,10-K,1.0,336486715.0
1285785,MOS,2023,321688938.0,2024-02-16,10-K,1.0,321688938.0
1285785,MOS,2024,316939231.0,2025-02-21,10-K,1.0,316939231.0
1285785,MOS,2025,317505258.0,2025-12-31,10-K/A,1.0,317505258.0
1285785,MOS,2026,317895646.0,2026-07-31,10-Q,1.0,317895646.0
1286681,DPZ,2014,55630531.0,2015-02-17,10-K,1.0,55630531.0
1286681,DPZ,2015,49854019.0,2016-02-18,10-K,1.0,49854019.0
1286681,DPZ,2016,48051144.0,2017-02-21,10-K,1.0,48051144.0
1286681,DPZ,2017,43018242.0,2018-02-13,10-K,1.0,43018242.0
1286681,DPZ,2018,41040704.0,2019-02-14,10-K,1.0,41040704.0
1286681,DPZ,2019,38667039.0,2020-02-13,10-K,1.0,38667039.0
1286681,DPZ,2020,38803504.0,2021-02-18,10-K,1.0,38803504.0
1286681,DPZ,2021,36036184.0,2022-02-22,10-K,1.0,36036184.0
1286681,DPZ,2022,35419653.0,2023-02-16,10-K,1.0,35419653.0
1286681,DPZ,2023,34812723.0,2024-02-19,10-K,1.0,34812723.0
1286681,DPZ,2024,34296712.0,2025-02-17,10-K,1.0,34296712.0
1286681,DPZ,2025,33628897.0,2026-02-16,10-K,1.0,33628897.0
1286681,DPZ,2026,33081735.0,2026-07-13,10-Q,1.0,33081735.0
1289490,EXR,2014,116393006.0,2015-02-18,10-K,1.0,116393006.0
1289490,EXR,2015,125054328.0,2016-02-18,10-K,1.0,125054328.0
1289490,EXR,2016,125912481.0,2017-02-21,10-K,1.0,125912481.0
1289490,EXR,2017,126037528.0,2018-02-21,10-K,1.0,126037528.0
1289490,EXR,2018,127298501.0,2019-02-19,10-K,1.0,127298501.0
1289490,EXR,2019,129613332.0,2020-02-19,10-K,1.0,129613332.0
1289490,EXR,2020,132033131.0,2021-02-19,10-K,1.0,132033131.0
1289490,EXR,2021,134152540.0,2022-02-22,10-K,1.0,134152540.0
1289490,EXR,2022,134985035.0,2023-02-22,10-K,1.0,134985035.0
1289490,EXR,2023,211574552.0,2024-02-22,10-K,1.0,211574552.0
1289490,EXR,2024,211998129.0,2025-02-21,10-K,1.0,211998129.0
1289490,EXR,2025,211137672.0,2026-02-13,10-K,1.0,211137672.0
1289490,EXR,2026,211269558.0,2026-07-24,10-Q,1.0,211269558.0
1297996,DLR,2014,135679901.0,2015-02-17,10-K,1.0,135679901.0
1297996,DLR,2015,146482735.0,2016-02-23,10-K,1.0,146482735.0
1297996,DLR,2016,159267316.0,2017-02-23,10-K,1.0,159267316.0
1297996,DLR,2017,205743377.0,2018-02-26,10-K,1.0,205743377.0
1297996,DLR,2018,207823842.0,2019-02-21,10-K,1.0,207823842.0
1297996,DLR,2019,209039061.0,2020-02-26,10-K,1.0,209039061.0
1297996,DLR,2020,281121062.0,2021-02-22,10-K,1.0,281121062.0
1297996,DLR,2021,284469103.0,2022-02-22,10-K,1.0,284469103.0
1297996,DLR,2022,291157152.0,2023-02-21,10-K,1.0,291157152.0
1297996,DLR,2023,312293563.0,2024-02-21,10-K,1.0,312293563.0
1297996,DLR,2024,336644245.0,2025-02-18,10-K,1.0,336644245.0
1297996,DLR,2025,343615444.0,2026-02-09,10-K,1.0,343615444.0
1297996,DLR,2026,351406070.0,2026-04-29,10-Q,1.0,351406070.0
1300514,LVS,2014,798510417.0,2015-02-24,10-K,1.0,798510417.0
1300514,LVS,2015,794694494.0,2016-02-22,10-K,1.0,794694494.0
1300514,LVS,2016,793994554.0,2017-02-22,10-K,1.0,793994554.0
1300514,LVS,2017,788881737.0,2018-02-21,10-K,1.0,788881737.0
1300514,LVS,2018,775051979.0,2019-02-19,10-K,1.0,775051979.0
1300514,LVS,2019,763684915.0,2020-02-04,10-K,1.0,763684915.0
1300514,LVS,2020,763842938.0,2021-02-02,10-K,1.0,763842938.0
1300514,LVS,2021,763989752.0,2022-02-01,10-K,1.0,763989752.0
1300514,LVS,2022,764273371.0,2023-02-01,10-K,1.0,764273371.0
1300514,LVS,2023,753621428.0,2024-01-31,10-K,1.0,753621428.0
1300514,LVS,2024,715934671.0,2025-02-05,10-K,1.0,715934671.0
1300514,LVS,2025,671910723.0,2026-02-04,10-K,1.0,671910723.0
1300514,LVS,2026,647701184.0,2026-07-22,10-Q,1.0,647701184.0
1316835,BLDR,2014,98225978.0,2015-02-27,10-K,1.0,98225978.0
1316835,BLDR,2015,109267591.0,2015-11-04,10-Q,1.0,109267591.0
1316835,BLDR,2016,112040464.0,2017-02-24,10-K,1.0,112040464.0
1316835,BLDR,2017,114120308.0,2018-02-26,10-K,1.0,114120308.0
1316835,BLDR,2018,115359616.0,2019-02-26,10-K,1.0,115359616.0
1316835,BLDR,2019,116130284.0,2020-02-19,10-K,1.0,116130284.0
1316835,BLDR,2020,206431681.0,2021-02-24,10-K,1.0,206431681.0
1316835,BLDR,2021,176772541.0,2022-02-23,10-K,1.0,176772541.0
1316835,BLDR,2022,138012302.0,2023-02-23,10-K,1.0,138012302.0
1316835,BLDR,2023,121940068.0,2024-02-15,10-K,1.0,121940068.0
1316835,BLDR,2024,113621373.0,2025-02-14,10-K,1.0,113621373.0
1316835,BLDR,2025,110605069.0,2026-02-11,10-K,1.0,110605069.0
1316835,BLDR,2026,107596457.0,2026-07-23,10-Q,1.0,107596457.0
1318605,TSLA,2014,125762835.0,2015-01-31,10-K,15.0,1886442525.0
1318605,TSLA,2015,132056338.0,2016-01-31,10-K,15.0,1980845070.0
1318605,TSLA,2016,161670428.0,2017-01-31,10-K,15.0,2425056420.0
1318605,TSLA,2017,168919941.0,2018-02-14,10-K,15.0,2533799115.0
1318605,TSLA,2018,172721487.0,2019-02-12,10-K,15.0,2590822305.0
1318605,TSLA,2019,181341586.0,2020-02-07,10-K/A,15.0,2720123790.0
1318605,TSLA,2020,959853504.0,2021-02-01,10-K/A,3.0,2879560512.0
1318605,TSLA,2021,1033507611.0,2022-01-31,10-K/A,3.0,3100522833.0
1318605,TSLA,2022,3164102701.0,2023-01-25,10-K,1.0,3164102701.0
1318605,TSLA,2023,3184790415.0,2024-01-22,10-K,1.0,3184790415.0
1318605,TSLA,2024,3216517037.0,2025-01-22,10-K/A,1.0,3216517037.0
1318605,TSLA,2025,3752431984.0,2026-01-23,10-K/A,1.0,3752431984.0
1318605,TSLA,2026,3949547394.0,2026-07-16,10-Q,1.0,3949547394.0
1324404,CF,2014,47907912.0,2015-01-31,10-K,5.0,239539560.0
1324404,CF,2015,233082556.0,2016-01-29,10-K,1.0,233082556.0
1324404,CF,2016,233114691.0,2017-01-31,10-K,1.0,233114691.0
1324404,CF,2017,233292049.0,2018-01-31,10-K,1.0,233292049.0
1324404,CF,2018,222890557.0,2019-01-31,10-K,1.0,222890557.0
1324404,CF,2019,216171177.0,2020-01-31,10-K,1.0,216171177.0
1324404,CF,2020,214159740.0,2021-01-29,10-K,1.0,214159740.0
1324404,CF,2021,207304882.0,2022-01-31,10-K,1.0,207304882.0
1324404,CF,2022,195768339.0,2023-01-31,10-K,1.0,195768339.0
1324404,CF,2023,188337896.0,2024-01-31,10-K,1.0,188337896.0
1324404,CF,2024,169536803.0,2025-01-31,10-K,1.0,169536803.0
1324404,CF,2025,153668821.0,2026-01-30,10-K,1.0,153668821.0
1324404,CF,2026,151338130.0,2026-08-03,10-Q,1.0,151338130.0
1326160,DUK,2014,707544168.0,2015-02-24,10-K,1.0,707544168.0
1326160,DUK,2015,688377923.0,2016-01-31,10-K,1.0,688377923.0
1326160,DUK,2016,699607929.0,2017-01-31,10-K,1.0,699607929.0
1326160,DUK,2017,700092667.0,2018-01-31,10-K,1.0,700092667.0
1326160,DUK,2018,727010882.0,2019-01-31,10-K,1.0,727010882.0
1326160,DUK,2019,733321965.0,2020-01-31,10-K,1.0,733321965.0
1326160,DUK,2020,768663580.0,2021-01-31,10-K,1.0,768663580.0
1326160,DUK,2021,769358344.0,2022-01-31,10-K,1.0,769358344.0
1326160,DUK,2022,770080285.0,2023-01-31,10-K,1.0,770080285.0
1326160,DUK,2023,770811446.0,2024-01-31,10-K,1.0,770811446.0
1326160,DUK,2024,776461008.0,2025-01-31,10-K,1.0,776461008.0
1326160,DUK,2025,777670866.0,2026-01-31,10-K,1.0,777670866.0
1326160,DUK,2026,779596217.0,2026-04-30,10-Q,1.0,779596217.0
1327567,PANW,2014,82272834.0,2015-02-18,10-Q,6.0,493637004.0
1327567,PANW,2015,88370472.0,2016-02-17,10-Q,6.0,530222832.0
1327567,PANW,2016,92036258.0,2017-02-16,10-Q,6.0,552217548.0
1327567,PANW,2017,91848283.0,2018-02-15,10-Q,6.0,551089698.0
1327567,PANW,2018,93732953.0,2019-02-14,10-Q,6.0,562397718.0
1327567,PANW,2019,99704863.0,2020-02-14,10-Q,6.0,598229178.0
1327567,PANW,2020,97242603.0,2021-02-12,10-Q,6.0,583455618.0
1327567,PANW,2021,98484393.0,2022-02-14,10-Q,6.0,590906358.0
1327567,PANW,2022,302607942.0,2023-02-10,10-Q,2.0,605215884.0
1327567,PANW,2023,323100000.0,2024-02-12,10-Q,2.0,646200000.0
1327567,PANW,2024,662100000.0,2025-02-07,10-Q,1.0,662100000.0
1327567,PANW,2025,816000000.0,2026-02-11,10-Q,1.0,816000000.0
1327567,PANW,2026,818000000.0,2026-08-31,10-K,1.0,818000000.0
1327811,WDAY,2014,189000000.0,2015-02-28,10-K,1.0,189000000.0
1327811,WDAY,2015,195000000.0,2016-02-29,10-K,1.0,195000000.0
1327811,WDAY,2016,203000000.0,2017-02-28,10-K,1.0,203000000.0
1327811,WDAY,2017,212000000.0,2018-02-28,10-K,1.0,212000000.0
1327811,WDAY,2018,220000000.0,2018-11-30,10-Q,1.0,220000000.0
1335258,LYV,2014,201500637.0,2015-02-20,10-K,1.0,201500637.0
1335258,LYV,2015,202459646.0,2016-02-19,10-K,1.0,202459646.0
1335258,LYV,2016,204764010.0,2017-02-16,10-K,1.0,204764010.0
1335258,LYV,2017,208168826.0,2018-02-20,10-K,1.0,208168826.0
1335258,LYV,2018,210898225.0,2019-02-21,10-K,1.0,210898225.0
1335258,LYV,2019,214531042.0,2020-02-20,10-K/A,1.0,214531042.0
1335258,LYV,2020,218047105.0,2021-02-22,10-K,1.0,218047105.0
1335258,LYV,2021,224625821.0,2022-02-16,10-K,1.0,224625821.0
1335258,LYV,2022,231591254.0,2023-02-16,10-K,1.0,231591254.0
1335258,LYV,2023,230797704.0,2024-02-15,10-K,1.0,230797704.0
1335258,LYV,2024,233401156.0,2025-02-13,10-K,1.0,233401156.0
1335258,LYV,2025,234801922.0,2026-02-12,10-K,1.0,234801922.0
1335258,LYV,2026,235633860.0,2026-07-23,10-Q,1.0,235633860.0
1336920,LDOS,2014,74066871.0,2014-11-24,10-Q,1.0,74066871.0
1336920,LDOS,2015,72164921.0,2016-02-17,10-KT,1.0,72164921.0
1336920,LDOS,2016,150352251.0,2017-02-14,10-K,1.0,150352251.0
1336920,LDOS,2017,151459401.0,2018-02-13,10-K,1.0,151459401.0
1336920,LDOS,2018,146160889.0,2019-02-11,10-K,1.0,146160889.0
1336920,LDOS,2019,141402269.0,2020-02-10,10-K,1.0,141402269.0
1336920,LDOS,2020,141894753.0,2021-02-15,10-K,1.0,141894753.0
1336920,LDOS,2021,140505454.0,2022-02-08,10-K,1.0,140505454.0
1336920,LDOS,2022,136937673.0,2023-02-07,10-K,1.0,136937673.0
1336920,LDOS,2023,135779301.0,2024-02-06,10-K,1.0,135779301.0
1336920,LDOS,2024,131167372.0,2025-02-04,10-K,1.0,131167372.0
1336920,LDOS,2025,126392684.0,2026-02-10,10-K,1.0,126392684.0
1336920,LDOS,2026,125492209.0,2026-07-28,10-Q,1.0,125492209.0
1341439,ORCL,2014,4391367000.0,2014-12-12,10-Q,1.0,4391367000.0
1341439,ORCL,2015,4201220000.0,2015-12-11,10-Q,1.0,4201220000.0
1341439,ORCL,2016,4102353000.0,2016-12-12,10-Q,1.0,4102353000.0
1341439,ORCL,2017,4139602000.0,2017-12-11,10-Q,1.0,4139602000.0
1341439,ORCL,2018,3588919000.0,2018-12-14,10-Q,1.0,3588919000.0
1341439,ORCL,2019,3207649000.0,2019-12-09,10-Q,1.0,3207649000.0
1341439,ORCL,2020,2944034000.0,2020-12-04,10-Q,1.0,2944034000.0
1341439,ORCL,2021,2670447000.0,2021-12-06,10-Q,1.0,2670447000.0
1341439,ORCL,2022,2696253000.0,2022-12-07,10-Q,1.0,2696253000.0
1341439,ORCL,2023,2748922000.0,2023-12-07,10-Q,1.0,2748922000.0
1341439,ORCL,2024,2796956000.0,2024-12-06,10-Q,1.0,2796956000.0
1341439,ORCL,2025,2873130000.0,2025-12-05,10-Q,1.0,2873130000.0
1341439,ORCL,2026,3023736000.0,2026-09-07,10-Q,1.0,3023736000.0
1373715,NOW,2014,150500000.0,2015-01-31,10-K,5.0,752500000.0
1373715,NOW,2015,161400000.0,2016-01-31,10-K,5.0,807000000.0
1373715,NOW,2016,168000000.0,2017-01-31,10-K,5.0,840000000.0
1373715,NOW,2017,174700000.0,2018-01-31,10-K,5.0,873500000.0
1373715,NOW,2018,180500000.0,2019-01-31,10-K,5.0,902500000.0
1373715,NOW,2019,189800000.0,2020-01-31,10-K,5.0,949000000.0
1373715,NOW,2020,196100000.0,2021-01-31,10-K,5.0,980500000.0
1373715,NOW,2021,200000000.0,2022-01-31,10-K,5.0,1000000000.0
1373715,NOW,2022,203000000.0,2023-01-25,10-K,5.0,1015000000.0
1373715,NOW,2023,205000000.0,2024-01-19,10-K,5.0,1025000000.0
1373715,NOW,2024,206000000.0,2025-01-23,10-K,5.0,1030000000.0
1373715,NOW,2025,1046000000.0,2026-01-23,10-K,1.0,1046000000.0
1373715,NOW,2026,1034000000.0,2026-06-30,10-Q,1.0,1034000000.0
1374310,CBOE,2014,84003241.0,2015-02-11,10-K,1.0,84003241.0
1374310,CBOE,2015,81795365.0,2016-02-12,10-K,1.0,81795365.0
1374310,CBOE,2016,81285307.0,2017-02-16,10-K,1.0,81285307.0
1374310,CBOE,2017,112704945.0,2018-02-15,10-K,1.0,112704945.0
1374310,CBOE,2018,111596097.0,2019-02-15,10-K,1.0,111596097.0
1374310,CBOE,2019,110435193.0,2020-02-14,10-K,1.0,110435193.0
1374310,CBOE,2020,107210079.0,2021-02-12,10-K,1.0,107210079.0
1374310,CBOE,2021,106602177.0,2022-02-11,10-K,1.0,106602177.0
1374310,CBOE,2022,105742628.0,2023-02-10,10-K,1.0,105742628.0
1374310,CBOE,2023,105581561.0,2024-02-09,10-K,1.0,105581561.0
1374310,CBOE,2024,104701695.0,2025-02-14,10-K,1.0,104701695.0
1374310,CBOE,2025,104667696.0,2026-02-13,10-K,1.0,104667696.0
1374310,CBOE,2026,104431019.0,2026-07-24,10-Q,1.0,104431019.0
1375365,SMCI,2014,46540736.0,2015-01-29,10-Q,10.0,465407360.0
1375365,SMCI,2015,47756966.0,2016-01-31,10-Q,10.0,477569660.0
1375365,SMCI,2016,48295896.0,2017-01-30,10-Q,10.0,482958960.0
1375365,SMCI,2017,48692992.0,2017-04-30,10-Q,10.0,486929920.0
1375365,SMCI,2019,51260228.0,2020-01-31,10-Q,10.0,512602280.0
1375365,SMCI,2020,50575310.0,2021-01-31,10-Q,10.0,505753100.0
1375365,SMCI,2021,51563316.0,2022-01-31,10-Q,10.0,515633160.0
1375365,SMCI,2022,53637158.0,2023-01-31,10-Q,10.0,536371580.0
1375365,SMCI,2023,55933330.0,2024-01-31,10-Q,10.0,559333300.0
1375365,SMCI,2024,593481352.0,2025-01-31,10-K,1.0,593481352.0
1375365,SMCI,2025,598989428.0,2026-01-31,10-Q,1.0,598989428.0
1375365,SMCI,2026,656965384.0,2026-07-31,10-K,1.0,656965384.0
1383312,BR,2014,120863258.0,2015-01-31,10-Q,1.0,120863258.0
1383312,BR,2015,118833877.0,2016-01-29,10-Q,1.0,118833877.0
1383312,BR,2016,118276050.0,2017-01-31,10-Q,1.0,118276050.0
1383312,BR,2017,116654180.0,2018-01-31,10-Q,1.0,116654180.0
1383312,BR,2018,115680778.0,2019-01-31,10-Q,1.0,115680778.0
1383312,BR,2019,114802549.0,2020-01-24,10-Q,1.0,114802549.0
1383312,BR,2020,115798817.0,2021-01-26,10-Q,1.0,115798817.0
1383312,BR,2021,116772573.0,2022-01-27,10-Q,1.0,116772573.0
1383312,BR,2022,117693016.0,2023-01-27,10-Q,1.0,117693016.0
1383312,BR,2023,117772219.0,2024-01-29,10-Q,1.0,117772219.0
1383312,BR,2024,117018687.0,2025-01-28,10-Q,1.0,117018687.0
1383312,BR,2025,116748715.0,2026-01-29,10-Q,1.0,116748715.0
1383312,BR,2026,114021798.0,2026-07-31,10-K,1.0,114021798.0
1385157,TEL,2014,406220867.0,2015-01-23,10-Q,1.0,406220867.0
1385157,TEL,2015,369677636.0,2016-01-15,10-Q,1.0,369677636.0
1385157,TEL,2016,355292904.0,2017-01-23,10-Q,1.0,355292904.0
1385157,TEL,2017,351206368.0,2018-01-19,10-Q,1.0,351206368.0
1385157,TEL,2018,338854434.0,2019-01-18,10-Q,1.0,338854434.0
1385157,TEL,2019,334142101.0,2020-01-24,10-Q,1.0,334142101.0
1385157,TEL,2020,330888764.0,2021-01-22,10-Q,1.0,330888764.0
1385157,TEL,2021,325575225.0,2022-01-21,10-Q,1.0,325575225.0
1385157,TEL,2022,316456616.0,2023-01-20,10-Q,1.0,316456616.0
1385157,TEL,2023,308798987.0,2024-01-19,10-Q,1.0,308798987.0
1385157,TEL,2024,298353180.0,2025-01-17,10-Q,1.0,298353180.0
1385157,TEL,2025,293434273.0,2026-01-16,10-Q,1.0,293434273.0
1385157,TEL,2026,289513228.0,2026-07-20,10-Q,1.0,289513228.0
1389170,TRGP,2014,42143395.0,2015-02-06,10-K,1.0,42143395.0
1389170,TRGP,2015,160563464.0,2016-02-17,10-K,1.0,160563464.0
1389170,TRGP,2016,193949450.0,2017-02-10,10-K,1.0,193949450.0
1389170,TRGP,2017,218830282.0,2018-02-12,10-K,1.0,218830282.0
1389170,TRGP,2018,232143230.0,2019-02-21,10-K,1.0,232143230.0
1389170,TRGP,2019,233046042.0,2020-02-17,10-K,1.0,233046042.0
1389170,TRGP,2020,228654246.0,2021-02-12,10-K,1.0,228654246.0
1389170,TRGP,2021,228783477.0,2022-02-18,10-K,1.0,228783477.0
1389170,TRGP,2022,226639398.0,2023-02-17,10-K,1.0,226639398.0
1389170,TRGP,2023,223155363.0,2024-02-09,10-K,1.0,223155363.0
1389170,TRGP,2024,218106765.0,2025-02-14,10-K,1.0,218106765.0
1389170,TRGP,2025,214951798.0,2026-02-13,10-K,1.0,214951798.0
1389170,TRGP,2026,214431021.0,2026-07-31,10-Q,1.0,214431021.0
1390777,BNY,2014,1113892372.0,2015-01-31,10-K,1.0,1113892372.0
1390777,BNY,2015,1075800941.0,2016-01-31,10-K,1.0,1075800941.0
1390777,BNY,2016,1037455967.0,2017-01-31,10-K,1.0,1037455967.0
1390777,BNY,2017,1009749214.0,2018-01-31,10-K,1.0,1009749214.0
1390777,BNY,2018,954548741.0,2019-01-31,10-K,1.0,954548741.0
1390777,BNY,2019,890210117.0,2020-01-31,10-K,1.0,890210117.0
1390777,BNY,2020,878735187.0,2021-01-31,10-K,1.0,878735187.0
1390777,BNY,2021,804494791.0,2022-01-31,10-K,1.0,804494791.0
1390777,BNY,2022,804200938.0,2023-01-31,10-K,1.0,804200938.0
1390777,BNY,2023,754437391.0,2024-01-31,10-K,1.0,754437391.0
1390777,BNY,2024,716320652.0,2025-01-31,10-K,1.0,716320652.0
1390777,BNY,2025,686907398.0,2026-01-31,10-K,1.0,686907398.0
1390777,BNY,2026,678504142.0,2026-06-30,10-Q,1.0,678504142.0
1393052,VEEV,2023,161316597.0,2024-02-29,10-K,1.0,161316597.0
1393052,VEEV,2024,162350353.0,2024-12-06,10-Q,1.0,162350353.0
1393052,VEEV,2025,164381855.0,2025-11-19,10-Q,1.0,164381855.0
1393052,VEEV,2026,161908850.0,2026-08-25,10-Q,1.0,161908850.0
1393311,PSA,2014,172808464.0,2015-02-19,10-K,1.0,172808464.0
1393311,PSA,2015,173269371.0,2016-02-24,10-K,1.0,173269371.0
1393311,PSA,2016,173638361.0,2017-02-27,10-K,1.0,173638361.0
1393311,PSA,2017,174215770.0,2018-02-26,10-K,1.0,174215770.0
1393311,PSA,2018,174498758.0,2019-02-25,10-K,1.0,174498758.0
1393311,PSA,2019,174758632.0,2020-02-21,10-K,1.0,174758632.0
1393311,PSA,2020,174912175.0,2021-02-19,10-K,1.0,174912175.0
1393311,PSA,2021,175462248.0,2022-02-18,10-K,1.0,175462248.0
1393311,PSA,2022,175757442.0,2023-02-16,10-K,1.0,175757442.0
1393311,PSA,2023,175691404.0,2024-02-13,10-K,1.0,175691404.0
1393311,PSA,2024,175415530.0,2025-02-18,10-K,1.0,175415530.0
1393311,PSA,2025,175506447.0,2026-02-05,10-K,1.0,175506447.0
1393311,PSA,2026,175621134.0,2026-07-21,10-Q,1.0,175621134.0
1393818,BX,2014,533288534.0,2015-02-24,10-K,1.0,533288534.0
1393818,BX,2015,565216681.0,2016-02-19,10-K,1.0,565216681.0
1393818,BX,2016,587607442.0,2017-02-17,10-K,1.0,587607442.0
1393818,BX,2017,659087647.0,2018-02-22,10-K,1.0,659087647.0
1393818,BX,2018,658590547.0,2019-02-22,10-K,1.0,658590547.0
1393818,BX,2019,661410926.0,2019-08-02,10-Q,1.0,661410926.0
1393818,BX,2020,683839810.0,2021-02-24,10-K,1.0,683839810.0
1393818,BX,2021,700387302.0,2022-02-18,10-K,1.0,700387302.0
1393818,BX,2022,706369856.0,2023-02-17,10-K,1.0,706369856.0
1393818,BX,2023,714644445.0,2024-02-16,10-K,1.0,714644445.0
1393818,BX,2024,729415925.0,2025-02-21,10-K,1.0,729415925.0
1393818,BX,2025,742180737.0,2026-02-20,10-K,1.0,742180737.0
1393818,BX,2026,750625114.0,2026-07-31,10-Q,1.0,750625114.0
1396009,VMC,2014,132105151.0,2015-02-11,10-K,1.0,132105151.0
1396009,VMC,2015,133181057.0,2016-02-11,10-K,1.0,133181057.0
1396009,VMC,2016,132355703.0,2017-02-14,10-K,1.0,132355703.0
1396009,VMC,2017,132482375.0,2018-02-13,10-K,1.0,132482375.0
1396009,VMC,2018,131830868.0,2019-02-12,10-K,1.0,131830868.0
1396009,VMC,2019,132394732.0,2020-02-13,10-K,1.0,132394732.0
1396009,VMC,2020,132547092.0,2021-02-12,10-K,1.0,132547092.0
1396009,VMC,2021,132792275.0,2022-02-15,10-K,1.0,132792275.0
1396009,VMC,2022,132974340.0,2023-02-14,10-K,1.0,132974340.0
1396009,VMC,2023,132227110.0,2024-02-13,10-K,1.0,132227110.0
1396009,VMC,2024,132109660.0,2025-02-13,10-K,1.0,132109660.0
1396009,VMC,2025,130580384.0,2026-02-11,10-K,1.0,130580384.0
1396009,VMC,2026,129754885.0,2026-04-21,10-Q,1.0,129754885.0
1397187,LULU,2014,132159928.0,2014-12-08,10-Q,1.0,132159928.0
1397187,LULU,2015,128749784.0,2015-12-03,10-Q,1.0,128749784.0
1397187,LULU,2016,127295920.0,2016-12-02,10-Q,1.0,127295920.0
1397187,LULU,2017,125599066.0,2017-12-01,10-Q,1.0,125599066.0
1397187,LULU,2018,122627574.0,2018-12-03,10-Q,1.0,122627574.0
1397187,LULU,2019,123334595.0,2019-12-06,10-Q,1.0,123334595.0
1397187,LULU,2020,125122533.0,2020-12-04,10-Q,1.0,125122533.0
1397187,LULU,2021,124090903.0,2021-12-02,10-Q,1.0,124090903.0
1397187,LULU,2022,122398776.0,2022-12-02,10-Q,1.0,122398776.0
1397187,LULU,2023,121074786.0,2023-12-01,10-Q,1.0,121074786.0
1397187,LULU,2024,116667564.0,2024-11-29,10-Q,1.0,116667564.0
1397187,LULU,2025,112190041.0,2025-12-05,10-Q,1.0,112190041.0
1397187,LULU,2026,105594064.0,2026-08-28,10-Q,1.0,105594064.0
1402057,CDW,2014,172275656.0,2015-02-20,10-K,1.0,172275656.0
1402057,CDW,2015,167740043.0,2016-02-19,10-K,1.0,167740043.0
1402057,CDW,2016,159367089.0,2017-02-24,10-K,1.0,159367089.0
1402057,CDW,2017,152423423.0,2018-02-23,10-K,1.0,152423423.0
1402057,CDW,2018,147059195.0,2019-02-22,10-K,1.0,147059195.0
1402057,CDW,2019,142771539.0,2020-02-25,10-K,1.0,142771539.0
1402057,CDW,2020,140991095.0,2021-02-23,10-K,1.0,140991095.0
1402057,CDW,2021,134944328.0,2022-02-24,10-K,1.0,134944328.0
1402057,CDW,2022,135591556.0,2023-02-21,10-K,1.0,135591556.0
1402057,CDW,2023,134215119.0,2024-02-20,10-K,1.0,134215119.0
1402057,CDW,2024,132492273.0,2025-02-18,10-K,1.0,132492273.0
1402057,CDW,2025,128993588.0,2026-02-17,10-K,1.0,128993588.0
1402057,CDW,2026,125017426.0,2026-07-31,10-Q,1.0,125017426.0
1403568,ULTA,2014,64365655.0,2014-11-25,10-Q,1.0,64365655.0
1403568,ULTA,2015,63699389.0,2015-11-25,10-Q,1.0,63699389.0
1403568,ULTA,2016,62232788.0,2016-11-28,10-Q,1.0,62232788.0
1403568,ULTA,2017,60992388.0,2017-11-27,10-Q,1.0,60992388.0
1403568,ULTA,2018,59312145.0,2018-12-04,10-Q,1.0,59312145.0
1403568,ULTA,2019,57161342.0,2019-12-02,10-Q,1.0,57161342.0
1403568,ULTA,2020,56338639.0,2020-11-30,10-Q,1.0,56338639.0
1403568,ULTA,2021,54120173.0,2021-11-29,10-Q,1.0,54120173.0
1403568,ULTA,2022,50880771.0,2022-11-28,10-Q,1.0,50880771.0
1403568,ULTA,2023,48561517.0,2023-11-27,10-Q,1.0,48561517.0
1403568,ULTA,2024,46372538.0,2024-12-02,10-Q,1.0,46372538.0
1403568,ULTA,2025,44362172.0,2025-12-01,10-Q,1.0,44362172.0
1403568,ULTA,2026,42757471.0,2026-08-24,10-Q,1.0,42757471.0
1404912,KKR,2014,433522550.0,2015-02-20,10-K,1.0,433522550.0
1404912,KKR,2015,449251468.0,2016-02-22,10-K,1.0,449251468.0
1404912,KKR,2016,452723038.0,2017-02-22,10-K,1.0,452723038.0
1404912,KKR,2017,486800395.0,2018-02-21,10-K,1.0,486800395.0
1404912,KKR,2018,529181096.0,2018-11-01,10-Q,1.0,529181096.0
1404912,KKR,2019,550457689.0,2019-11-01,10-Q,1.0,550457689.0
1404912,KKR,2020,576611174.0,2021-02-17,10-K,1.0,576611174.0
1404912,KKR,2021,591145410.0,2022-02-24,10-K,1.0,591145410.0
1404912,KKR,2022,861107985.0,2023-02-24,10-K,1.0,861107985.0
1404912,KKR,2023,885005588.0,2024-02-27,10-K,1.0,885005588.0
1404912,KKR,2024,888250533.0,2025-02-26,10-K,1.0,888250533.0
1404912,KKR,2025,891550894.0,2026-02-24,10-K,1.0,891550894.0
1404912,KKR,2026,897635601.0,2026-08-05,10-Q,1.0,897635601.0
1408198,MSCI,2014,112375127.0,2015-02-20,10-K/A,1.0,112375127.0
1408198,MSCI,2015,98786211.0,2016-02-19,10-K,1.0,98786211.0
1408198,MSCI,2016,90545374.0,2017-02-17,10-K,1.0,90545374.0
1408198,MSCI,2017,89944256.0,2018-02-16,10-K,1.0,89944256.0
1408198,MSCI,2018,84323295.0,2019-02-15,10-K,1.0,84323295.0
1408198,MSCI,2019,84808104.0,2020-02-11,10-K,1.0,84808104.0
1408198,MSCI,2020,82574643.0,2021-02-05,10-K,1.0,82574643.0
1408198,MSCI,2021,81268195.0,2022-02-04,10-K,1.0,81268195.0
1408198,MSCI,2022,79959989.0,2023-02-03,10-K,1.0,79959989.0
1408198,MSCI,2023,79091212.0,2024-02-02,10-K,1.0,79091212.0
1408198,MSCI,2024,77651999.0,2025-01-31,10-K,1.0,77651999.0
1408198,MSCI,2025,73474042.0,2026-01-30,10-K,1.0,73474042.0
1408198,MSCI,2026,72700000.0,2026-07-14,10-Q,1.0,72700000.0
1410636,AWK,2014,179787780.0,2015-02-19,10-K,1.0,179787780.0
1410636,AWK,2015,178008765.0,2016-02-19,10-K,1.0,178008765.0
1410636,AWK,2016,178214748.0,2017-02-16,10-K,1.0,178214748.0
1410636,AWK,2017,178551923.0,2018-02-15,10-K,1.0,178551923.0
1410636,AWK,2018,180751697.0,2019-02-14,10-K,1.0,180751697.0
1410636,AWK,2019,180974719.0,2020-02-13,10-K,1.0,180974719.0
1410636,AWK,2020,181439255.0,2021-02-19,10-K,1.0,181439255.0
1410636,AWK,2021,181724991.0,2022-02-10,10-K,1.0,181724991.0
1410636,AWK,2022,181858619.0,2023-01-31,10-K,1.0,181858619.0
1410636,AWK,2023,194755320.0,2024-02-06,10-K,1.0,194755320.0
1410636,AWK,2024,194947313.0,2025-02-10,10-K,1.0,194947313.0
1410636,AWK,2025,195208666.0,2026-02-09,10-K,1.0,195208666.0
1410636,AWK,2026,198728989.0,2026-07-20,10-Q,1.0,198728989.0
1413329,PM,2014,1546930958.0,2015-01-30,10-K,1.0,1546930958.0
1413329,PM,2015,1549347456.0,2016-01-29,10-K,1.0,1549347456.0
1413329,PM,2016,1551385884.0,2017-01-31,10-K,1.0,1551385884.0
1413329,PM,2017,1553229898.0,2018-01-31,10-K,1.0,1553229898.0
1413329,PM,2018,1554584344.0,2019-01-31,10-K,1.0,1554584344.0
1413329,PM,2019,1555911930.0,2020-01-31,10-K,1.0,1555911930.0
1413329,PM,2020,1557451856.0,2021-01-29,10-K,1.0,1557451856.0
1413329,PM,2021,1549827817.0,2022-01-31,10-K,1.0,1549827817.0
1413329,PM,2022,1550232895.0,2023-01-31,10-K,1.0,1550232895.0
1413329,PM,2023,1552456597.0,2024-01-31,10-K,1.0,1552456597.0
1413329,PM,2024,1554857221.0,2025-01-31,10-K,1.0,1554857221.0
1413329,PM,2025,1556679579.0,2026-01-30,10-K,1.0,1556679579.0
1413329,PM,2026,1558613439.0,2026-07-17,10-Q,1.0,1558613439.0
1413447,NXPI,2019,279750659.0,2020-02-21,10-K,1.0,279750659.0
1413447,NXPI,2020,277008199.0,2021-02-19,10-K,1.0,277008199.0
1413447,NXPI,2021,262538156.0,2022-02-18,10-K,1.0,262538156.0
1413447,NXPI,2022,259519410.0,2023-02-17,10-K,1.0,259519410.0
1413447,NXPI,2023,256459260.0,2024-02-16,10-K,1.0,256459260.0
1413447,NXPI,2024,253620117.0,2025-02-14,10-K,1.0,253620117.0
1413447,NXPI,2025,252692845.0,2026-02-10,10-K,1.0,252692845.0
1413447,NXPI,2026,252471079.0,2026-04-24,10-Q,1.0,252471079.0
1418135,KDP,2014,192962748.0,2015-02-17,10-K,1.0,192962748.0
1418135,KDP,2015,187349988.0,2016-02-19,10-K,1.0,187349988.0
1418135,KDP,2016,183094247.0,2017-02-10,10-K,1.0,183094247.0
1418135,KDP,2017,179744078.0,2018-02-08,10-K,1.0,179744078.0
1418135,KDP,2018,1406081521.0,2019-02-26,10-K,1.0,1406081521.0
1418135,KDP,2019,1406986313.0,2020-02-26,10-K,1.0,1406986313.0
1418135,KDP,2020,1407267272.0,2021-02-23,10-K,1.0,1407267272.0
1418135,KDP,2021,1418158363.0,2022-02-22,10-K,1.0,1418158363.0
1418135,KDP,2022,1406447151.0,2023-02-21,10-K,1.0,1406447151.0
1418135,KDP,2023,1387591010.0,2024-02-20,10-K,1.0,1387591010.0
1418135,KDP,2024,1356750877.0,2025-02-21,10-K,1.0,1356750877.0
1418135,KDP,2025,1358666059.0,2026-02-20,10-K,1.0,1358666059.0
1418135,KDP,2026,1360826038.0,2026-08-10,10-Q,1.0,1360826038.0
1437107,WBD,2022,2430029982.0,2023-02-09,10-K,1.0,2430029982.0
1437107,WBD,2023,2439687237.0,2024-02-08,10-K,1.0,2439687237.0
1437107,WBD,2024,2454764337.0,2025-02-13,10-K,1.0,2454764337.0
1437107,WBD,2025,2479929515.0,2026-02-12,10-K,1.0,2479929515.0
1437107,WBD,2026,2510703314.0,2026-07-23,10-Q,1.0,2510703314.0
1442145,VRSK,2014,158108455.0,2015-02-20,10-K,1.0,158108455.0
1442145,VRSK,2015,168034463.0,2016-02-19,10-K,1.0,168034463.0
1442145,VRSK,2016,166341316.0,2017-02-17,10-K,1.0,166341316.0
1442145,VRSK,2017,165020572.0,2018-02-16,10-K,1.0,165020572.0
1442145,VRSK,2018,163509530.0,2019-02-15,10-K,1.0,163509530.0
1442145,VRSK,2019,163075947.0,2020-02-14,10-K,1.0,163075947.0
1442145,VRSK,2020,162791583.0,2021-02-19,10-K,1.0,162791583.0
1442145,VRSK,2021,161282942.0,2022-02-18,10-K,1.0,161282942.0
1442145,VRSK,2022,154695842.0,2023-02-24,10-K,1.0,154695842.0
1442145,VRSK,2023,143389884.0,2024-02-16,10-K,1.0,143389884.0
1442145,VRSK,2024,140276165.0,2025-02-21,10-K,1.0,140276165.0
1442145,VRSK,2025,137941888.0,2026-02-13,10-K,1.0,137941888.0
1442145,VRSK,2026,131021840.0,2026-04-24,10-Q,1.0,131021840.0
1466258,TT,2014,263321574.0,2015-02-02,10-K,1.289,339421508.886
1466258,TT,2015,256847948.0,2016-02-01,10-K,1.289,331077004.972
1466258,TT,2016,259508972.0,2017-02-01,10-K,1.289,334507064.908
1466258,TT,2017,249889299.0,2018-02-01,10-K,1.289,322107306.41099995
1466258,TT,2018,242168631.0,2019-02-01,10-K,1.289,312155365.35899997
1466258,TT,2019,238401033.0,2020-02-01,10-K,1.289,307298931.537
1466258,TT,2020,238428700.0,2021-02-01,10-K,1.0,238428700.0
1466258,TT,2021,233538091.0,2022-02-01,10-K,1.0,233538091.0
1466258,TT,2022,229074725.0,2023-02-03,10-K,1.0,229074725.0
1466258,TT,2023,227072224.0,2024-02-02,10-K,1.0,227072224.0
1466258,TT,2024,224290964.0,2025-01-31,10-K,1.0,224290964.0
1466258,TT,2025,221331905.0,2026-01-30,10-K,1.0,221331905.0
1466258,TT,2026,220023177.0,2026-07-24,10-Q,1.0,220023177.0
1467858,GM,2014,1610365961.0,2015-01-28,10-K,1.0,1610365961.0
1467858,GM,2015,1544492608.0,2016-01-27,10-K,1.0,1544492608.0
1467858,GM,2016,1497964557.0,2017-01-31,10-K,1.0,1497964557.0
1467858,GM,2017,1402630363.0,2018-01-30,10-K,1.0,1402630363.0
1467858,GM,2018,1409478926.0,2019-01-25,10-K,1.0,1409478926.0
1467858,GM,2019,1429002063.0,2020-01-24,10-K,1.0,1429002063.0
1467858,GM,2020,1440912820.0,2021-01-29,10-K,1.0,1440912820.0
1467858,GM,2021,1453021337.0,2022-01-18,10-K,1.0,1453021337.0
1467858,GM,2022,1394637226.0,2023-01-17,10-K,1.0,1394637226.0
1467858,GM,2023,1154433287.0,2024-01-16,10-K,1.0,1154433287.0
1467858,GM,2024,995001891.0,2025-01-16,10-K,1.0,995001891.0
1467858,GM,2025,903967853.0,2026-01-15,10-K,1.0,903967853.0
1467858,GM,2026,877451541.0,2026-07-10,10-Q,1.0,877451541.0
1474735,GNRC,2014,69093775.0,2015-02-20,10-K,1.0,69093775.0
1474735,GNRC,2015,66366949.0,2016-02-19,10-K,1.0,66366949.0
1474735,GNRC,2016,62735597.0,2017-02-17,10-K,1.0,62735597.0
1474735,GNRC,2017,62325716.0,2018-02-16,10-K,1.0,62325716.0
1474735,GNRC,2018,62129621.0,2019-02-19,10-K,1.0,62129621.0
1474735,GNRC,2019,62567525.0,2020-02-19,10-K,1.0,62567525.0
1474735,GNRC,2020,62861442.0,2021-02-19,10-K,1.0,62861442.0
1474735,GNRC,2021,63783651.0,2022-02-18,10-K,1.0,63783651.0
1474735,GNRC,2022,61887460.0,2023-02-17,10-K,1.0,61887460.0
1474735,GNRC,2023,60269310.0,2024-02-16,10-K,1.0,60269310.0
1474735,GNRC,2024,59614025.0,2025-02-14,10-K,1.0,59614025.0
1474735,GNRC,2025,58675827.0,2026-02-13,10-K,1.0,58675827.0
1474735,GNRC,2026,59006361.0,2026-07-31,10-Q,1.0,59006361.0
1478242,IQV,2014,124315113.0,2015-02-05,10-K,1.0,124315113.0
1478242,IQV,2015,119384993.0,2016-02-04,10-K,1.0,119384993.0
1478242,IQV,2016,235719111.0,2017-02-09,10-K,1.0,235719111.0
1478242,IQV,2017,208251468.0,2018-02-12,10-K,1.0,208251468.0
1478242,IQV,2018,197599861.0,2019-02-12,10-K,1.0,197599861.0
1478242,IQV,2019,192339093.0,2020-02-07,10-K,1.0,192339093.0
1478242,IQV,2020,191281286.0,2021-02-01,10-K,1.0,191281286.0
1478242,IQV,2021,190485264.0,2022-02-07,10-K,1.0,190485264.0
1478242,IQV,2022,185722621.0,2023-02-06,10-K,1.0,185722621.0
1478242,IQV,2023,181500000.0,2024-02-05,10-K,1.0,181500000.0
1478242,IQV,2024,176100000.0,2025-02-05,10-K,1.0,176100000.0
1478242,IQV,2025,169700000.0,2026-02-06,10-K,1.0,169700000.0
1478242,IQV,2026,166900000.0,2026-04-30,10-Q,1.0,166900000.0
1489393,LYB,2014,477142443.0,2015-02-13,10-K,1.0,477142443.0
1489393,LYB,2015,432200532.0,2016-02-11,10-K,1.0,432200532.0
1489393,LYB,2016,402531335.0,2017-02-14,10-K,1.0,402531335.0
1489393,LYB,2017,394556328.0,2018-02-20,10-K,1.0,394556328.0
1489393,LYB,2018,371156998.0,2019-02-19,10-K,1.0,371156998.0
1489393,LYB,2019,333554886.0,2020-02-18,10-K,1.0,333554886.0
1489393,LYB,2020,334132558.0,2021-02-23,10-K,1.0,334132558.0
1489393,LYB,2021,328009583.0,2022-02-22,10-K,1.0,328009583.0
1489393,LYB,2022,325992173.0,2023-02-21,10-K,1.0,325992173.0
1489393,LYB,2023,324523140.0,2024-02-20,10-K,1.0,324523140.0
1489393,LYB,2024,323446166.0,2025-02-25,10-K,1.0,323446166.0
1489393,LYB,2025,322169978.0,2026-02-18,10-K,1.0,322169978.0
1489393,LYB,2026,323037952.0,2026-07-29,10-Q,1.0,323037952.0
1501585,HII,2014,48303905.0,2015-02-13,10-K,1.0,48303905.0
1501585,HII,2015,46814808.0,2016-02-12,10-K,1.0,46814808.0
1501585,HII,2016,46030947.0,2017-02-10,10-K,1.0,46030947.0
1501585,HII,2017,44785776.0,2018-02-09,10-K,1.0,44785776.0
1501585,HII,2018,41529911.0,2019-02-08,10-K,1.0,41529911.0
1501585,HII,2019,40759988.0,2020-02-07,10-K,1.0,40759988.0
1501585,HII,2020,40316760.0,2021-02-05,10-K,1.0,40316760.0
1501585,HII,2021,39989022.0,2022-02-04,10-K,1.0,39989022.0
1501585,HII,2022,39855814.0,2023-02-03,10-K,1.0,39855814.0
1501585,HII,2023,39590687.0,2024-01-26,10-K,1.0,39590687.0
1501585,HII,2024,39130163.0,2025-01-31,10-K,1.0,39130163.0
1501585,HII,2025,39242688.0,2026-01-30,10-K,1.0,39242688.0
1501585,HII,2026,39404598.0,2026-07-24,10-Q,1.0,39404598.0
1506307,KMI,2014,2130052022.0,2015-02-02,10-K,1.0,2130052022.0
1506307,KMI,2015,2231555976.0,2016-02-11,10-K,1.0,2231555976.0
1506307,KMI,2016,2232438943.0,2017-02-09,10-K,1.0,2232438943.0
1506307,KMI,2017,2206066684.0,2018-02-08,10-K,1.0,2206066684.0
1506307,KMI,2018,2263656419.0,2019-02-07,10-K,1.0,2263656419.0
1506307,KMI,2019,2265063459.0,2020-02-07,10-K,1.0,2265063459.0
1506307,KMI,2020,2264450220.0,2021-02-04,10-K,1.0,2264450220.0
1506307,KMI,2021,2267484557.0,2022-02-04,10-K,1.0,2267484557.0
1506307,KMI,2022,2248003224.0,2023-02-07,10-K,1.0,2248003224.0
1506307,KMI,2023,2219369970.0,2024-02-16,10-K,1.0,2219369970.0
1506307,KMI,2024,2221963025.0,2025-02-12,10-K,1.0,2221963025.0
1506307,KMI,2025,2224806397.0,2026-02-12,10-K,1.0,2224806397.0
1506307,KMI,2026,2226802089.0,2026-07-23,10-Q,1.0,2226802089.0
1510295,MPC,2014,273062880.0,2015-02-13,10-K,2.0,546125760.0
1510295,MPC,2015,529227453.0,2016-02-12,10-K,1.0,529227453.0
1510295,MPC,2016,527782929.0,2017-02-13,10-K,1.0,527782929.0
1510295,MPC,2017,476059729.0,2018-02-16,10-K,1.0,476059729.0
1510295,MPC,2018,673619190.0,2019-02-15,10-K,1.0,673619190.0
1510295,MPC,2019,649503967.0,2020-02-17,10-K,1.0,649503967.0
1510295,MPC,2020,651274842.0,2021-02-12,10-K,1.0,651274842.0
1510295,MPC,2021,565212958.0,2022-02-15,10-K,1.0,565212958.0
1510295,MPC,2022,445546907.0,2023-02-16,10-K,1.0,445546907.0
1510295,MPC,2023,361358732.0,2024-02-23,10-K,1.0,361358732.0
1510295,MPC,2024,312575833.0,2025-02-21,10-K,1.0,312575833.0
1510295,MPC,2025,294740164.0,2026-02-20,10-K,1.0,294740164.0
1510295,MPC,2026,280824763.0,2026-07-30,10-Q,1.0,280824763.0
1513761,NCLH,2014,227718824.0,2015-02-20,10-K,1.0,227718824.0
1513761,NCLH,2015,227310627.0,2016-02-24,10-K,1.0,227310627.0
1513761,NCLH,2016,227324137.0,2017-02-17,10-K,1.0,227324137.0
1513761,NCLH,2017,228662733.0,2018-02-16,10-K,1.0,228662733.0
1513761,NCLH,2018,217727855.0,2019-02-15,10-K,1.0,217727855.0
1513761,NCLH,2019,213202541.0,2020-02-14,10-K,1.0,213202541.0
1513761,NCLH,2020,315741941.0,2021-02-16,10-K,1.0,315741941.0
1513761,NCLH,2021,417086224.0,2022-02-16,10-K,1.0,417086224.0
1513761,NCLH,2022,421929861.0,2023-02-16,10-K,1.0,421929861.0
1513761,NCLH,2023,425657468.0,2024-02-16,10-K,1.0,425657468.0
1513761,NCLH,2024,439944822.0,2025-02-17,10-K,1.0,439944822.0
1513761,NCLH,2025,455545641.0,2026-02-17,10-K,1.0,455545641.0
1513761,NCLH,2026,459187846.0,2026-07-23,10-Q,1.0,459187846.0
1521332,APTV,2014,290279017.0,2015-01-30,10-K,1.193,346302867.281
1521332,APTV,2015,277533669.0,2016-01-29,10-K,1.193,331097667.11700004
1521332,APTV,2016,269561837.0,2017-01-27,10-K,1.193,321587271.541
1521332,APTV,2017,265839794.0,2018-01-26,10-K,1.0,265839794.0
1521332,APTV,2018,260034563.0,2019-01-25,10-K,1.0,260034563.0
1521332,APTV,2019,255288240.0,2020-01-24,10-K,1.0,255288240.0
1521332,APTV,2020,270025374.0,2021-01-29,10-K,1.0,270025374.0
1521332,APTV,2021,270514140.0,2022-01-28,10-K,1.0,270514140.0
1521332,APTV,2022,270949579.0,2023-02-03,10-K,1.0,270949579.0
1521332,APTV,2023,279036041.0,2024-02-02,10-K/A,1.0,279036041.0
1521332,APTV,2024,229446368.0,2025-01-31,10-K,1.0,229446368.0
1521332,APTV,2025,212748401.0,2026-01-30,10-K,1.0,212748401.0
1521332,APTV,2026,207633331.0,2026-07-31,10-Q,1.0,207633331.0
1524472,XYL,2014,182309721.0,2015-01-31,10-K,1.0,182309721.0
1524472,XYL,2015,178485808.0,2016-01-29,10-K,1.0,178485808.0
1524472,XYL,2016,179471405.0,2017-02-17,10-K,1.0,179471405.0
1524472,XYL,2017,179893045.0,2018-02-16,10-K,1.0,179893045.0
1524472,XYL,2018,179552698.0,2019-02-15,10-K,1.0,179552698.0
1524472,XYL,2019,180222582.0,2020-02-21,10-K,1.0,180222582.0
1524472,XYL,2020,180358493.0,2021-02-19,10-K,1.0,180358493.0
1524472,XYL,2021,179901139.0,2022-02-08,10-K,1.0,179901139.0
1524472,XYL,2022,180278376.0,2023-02-17,10-K,1.0,180278376.0
1524472,XYL,2023,241770413.0,2024-02-23,10-K,1.0,241770413.0
1524472,XYL,2024,243046226.0,2025-02-28,10-K,1.0,243046226.0
1524472,XYL,2025,243141405.0,2026-02-20,10-K,1.0,243141405.0
1524472,XYL,2026,233486812.0,2026-07-24,10-Q,1.0,233486812.0
1534701,PSX,2014,543497802.0,2015-01-31,10-K,1.0,543497802.0
1534701,PSX,2015,527459894.0,2016-01-31,10-K,1.0,527459894.0
1534701,PSX,2016,517816429.0,2017-01-31,10-K,1.0,517816429.0
1534701,PSX,2017,501237339.0,2018-01-31,10-K,1.0,501237339.0
1534701,PSX,2018,454913087.0,2019-01-31,10-K,1.0,454913087.0
1534701,PSX,2019,439445842.0,2020-01-31,10-K,1.0,439445842.0
1534701,PSX,2020,436926058.0,2021-01-29,10-K,1.0,436926058.0
1534701,PSX,2021,438461584.0,2022-01-31,10-K,1.0,438461584.0
1534701,PSX,2022,463907156.0,2023-01-31,10-K,1.0,463907156.0
1534701,PSX,2023,427824429.0,2024-01-31,10-K,1.0,427824429.0
1534701,PSX,2024,407698347.0,2025-01-31,10-K,1.0,407698347.0
1534701,PSX,2025,400744022.0,2026-01-31,10-K,1.0,400744022.0
1534701,PSX,2026,399020916.0,2026-06-30,10-Q,1.0,399020916.0
1535527,CRWD,2025,252098440.0,2025-11-25,10-Q,4.0,1008393760.0
1535527,CRWD,2026,1023934842.0,2026-08-20,10-Q,1.0,1023934842.0
1539838,FANG,2014,58900083.0,2015-02-19,10-K,1.0,58900083.0
1539838,FANG,2015,71397041.0,2016-02-16,10-K,1.0,71397041.0
1539838,FANG,2016,90143934.0,2017-02-13,10-K,1.0,90143934.0
1539838,FANG,2017,98167289.0,2018-02-07,10-K,1.0,98167289.0
1539838,FANG,2018,164381522.0,2019-02-15,10-K,1.0,164381522.0
1539838,FANG,2019,158284486.0,2020-02-14,10-K,1.0,158284486.0
1539838,FANG,2020,158015647.0,2021-02-19,10-K,1.0,158015647.0
1539838,FANG,2021,177414969.0,2022-02-18,10-K,1.0,177414969.0
1539838,FANG,2022,183590330.0,2023-02-17,10-K,1.0,183590330.0
1539838,FANG,2023,178446583.0,2024-02-16,10-K,1.0,178446583.0
1539838,FANG,2024,289440898.0,2025-02-21,10-K,1.0,289440898.0
1539838,FANG,2025,282078989.0,2026-02-20,10-K,1.0,282078989.0
1539838,FANG,2026,280024353.0,2026-07-31,10-Q,1.0,280024353.0
1543151,UBER,2019,1723775076.0,2020-02-19,10-K,1.0,1723775076.0
1543151,UBER,2020,1858167579.0,2021-02-22,10-K,1.0,1858167579.0
1543151,UBER,2021,1954464088.0,2022-02-22,10-K,1.0,1954464088.0
1543151,UBER,2022,2009907175.0,2023-02-15,10-K,1.0,2009907175.0
1543151,UBER,2023,2076497400.0,2024-02-12,10-K,1.0,2076497400.0
1543151,UBER,2024,2089008865.0,2025-02-11,10-K,1.0,2089008865.0
1543151,UBER,2025,2058115983.0,2026-02-10,10-K,1.0,2058115983.0
1543151,UBER,2026,2042560121.0,2026-07-31,10-Q,1.0,2042560121.0
1551152,ABBV,2014,1593886909.0,2015-01-31,10-K,1.0,1593886909.0
1551152,ABBV,2015,1611238226.0,2016-01-31,10-K,1.0,1611238226.0
1551152,ABBV,2016,1593920285.0,2017-01-31,10-K,1.0,1593920285.0
1551152,ABBV,2017,1587972655.0,2018-02-02,10-K,1.0,1587972655.0
1551152,ABBV,2018,1475083514.0,2019-02-08,10-K,1.0,1475083514.0
1551152,ABBV,2019,1479156683.0,2020-01-31,10-K,1.0,1479156683.0
1551152,ABBV,2020,1765881690.0,2021-01-31,10-K,1.0,1765881690.0
1551152,ABBV,2021,1768753829.0,2022-01-31,10-K,1.0,1768753829.0
1551152,ABBV,2022,1769399971.0,2023-01-31,10-K,1.0,1769399971.0
1551152,ABBV,2023,1766473359.0,2024-01-31,10-K,1.0,1766473359.0
1551152,ABBV,2024,1765354859.0,2025-01-31,10-K,1.0,1765354859.0
1551152,ABBV,2025,1768169012.0,2026-02-10,10-K,1.0,1768169012.0
1551152,ABBV,2026,1767117285.0,2026-07-27,10-Q,1.0,1767117285.0
1551182,ETN,2014,467900000.0,2015-01-31,10-K,1.0,467900000.0
1551182,ETN,2015,458900000.0,2016-01-31,10-K,1.0,458900000.0
1551182,ETN,2016,449700000.0,2017-01-31,10-K,1.0,449700000.0
1551182,ETN,2017,440200000.0,2018-01-31,10-K,1.0,440200000.0
1551182,ETN,2018,423600000.0,2019-01-31,10-K,1.0,423600000.0
1551182,ETN,2019,413400000.0,2020-01-31,10-K,1.0,413400000.0
1551182,ETN,2020,398100000.0,2021-01-31,10-K,1.0,398100000.0
1551182,ETN,2021,398800000.0,2022-01-31,10-K,1.0,398800000.0
1551182,ETN,2022,398000000.0,2023-01-31,10-K,1.0,398000000.0
1551182,ETN,2023,399500000.0,2024-01-31,10-K,1.0,399500000.0
1551182,ETN,2024,392000000.0,2025-01-31,10-K,1.0,392000000.0
1551182,ETN,2025,387900000.0,2026-01-31,10-K,1.0,387900000.0
1551182,ETN,2026,388400000.0,2026-06-30,10-Q,1.0,388400000.0
1555280,ZTS,2014,500787817.0,2015-02-23,10-K,1.0,500787817.0
1555280,ZTS,2015,497155532.0,2016-02-19,10-K,1.0,497155532.0
1555280,ZTS,2016,491964064.0,2017-02-10,10-K,1.0,491964064.0
1555280,ZTS,2017,485253713.0,2018-02-09,10-K,1.0,485253713.0
1555280,ZTS,2018,478771915.0,2019-02-08,10-K,1.0,478771915.0
1555280,ZTS,2019,474933945.0,2020-02-07,10-K,1.0,474933945.0
1555280,ZTS,2020,475166373.0,2021-02-11,10-K,1.0,475166373.0
1555280,ZTS,2021,471970580.0,2022-02-11,10-K,1.0,471970580.0
1555280,ZTS,2022,463386716.0,2023-02-10,10-K,1.0,463386716.0
1555280,ZTS,2023,457867115.0,2024-02-09,10-K,1.0,457867115.0
1555280,ZTS,2024,447791917.0,2025-02-07,10-K,1.0,447791917.0
1555280,ZTS,2025,422127709.0,2026-02-06,10-K,1.0,422127709.0
1555280,ZTS,2026,413223602.0,2026-07-31,10-Q,1.0,413223602.0
1571949,ICE,2014,112008777.0,2015-02-03,10-K,5.0,560043885.0
1571949,ICE,2015,118887696.0,2016-02-02,10-K,5.0,594438480.0
1571949,ICE,2016,595341344.0,2017-02-03,10-K,1.0,595341344.0
1571949,ICE,2017,582294307.0,2018-02-05,10-K,1.0,582294307.0
1571949,ICE,2018,568498076.0,2019-02-04,10-K,1.0,568498076.0
1571949,ICE,2019,553450116.0,2020-02-03,10-K,1.0,553450116.0
1571949,ICE,2020,561706616.0,2021-02-01,10-K,1.0,561706616.0
1571949,ICE,2021,561852310.0,2022-02-01,10-K,1.0,561852310.0
1571949,ICE,2022,558851248.0,2023-01-31,10-K/A,1.0,558851248.0
1571949,ICE,2023,572616425.0,2024-02-05,10-K/A,1.0,572616425.0
1571949,ICE,2024,574564858.0,2025-02-03,10-K/A,1.0,574564858.0
1571949,ICE,2025,567896513.0,2026-02-02,10-K,1.0,567896513.0
1571949,ICE,2026,561394487.0,2026-07-27,10-Q,1.0,561394487.0
1579241,ALLE,2014,96009137.0,2015-02-24,10-K,1.0,96009137.0
1579241,ALLE,2015,96097400.0,2016-02-22,10-K,1.0,96097400.0
1579241,ALLE,2016,95471511.0,2017-02-14,10-K,1.0,95471511.0
1579241,ALLE,2017,95185418.0,2018-02-16,10-K,1.0,95185418.0
1579241,ALLE,2018,94458335.0,2019-02-14,10-K,1.0,94458335.0
1579241,ALLE,2019,92600522.0,2020-02-13,10-K,1.0,92600522.0
1579241,ALLE,2020,90732297.0,2021-02-11,10-K,1.0,90732297.0
1579241,ALLE,2021,88230442.0,2022-02-10,10-K,1.0,88230442.0
1579241,ALLE,2022,87867431.0,2023-02-16,10-K,1.0,87867431.0
1579241,ALLE,2023,87554388.0,2024-02-14,10-K,1.0,87554388.0
1579241,ALLE,2024,86290351.0,2025-02-14,10-K,1.0,86290351.0
1579241,ALLE,2025,86145484.0,2026-02-12,10-K,1.0,86145484.0
1579241,ALLE,2026,85036786.0,2026-07-20,10-Q,1.0,85036786.0
1585689,HLT,2014,984624908.0,2015-02-09,10-K,0.4873294346978557,479836699.8050682
1585689,HLT,2015,987873503.0,2016-02-19,10-K,0.4873294346978557,481419835.7699805
1585689,HLT,2016,329731387.0,2017-02-08,10-K,1.0,329731387.0
1585689,HLT,2017,316118115.0,2018-02-07,10-K,1.0,316118115.0
1585689,HLT,2018,292847337.0,2019-02-06,10-K,1.0,292847337.0
1585689,HLT,2019,277447716.0,2020-02-06,10-K,1.0,277447716.0
1585689,HLT,2020,277607799.0,2021-02-10,10-K,1.0,277607799.0
1585689,HLT,2021,279139082.0,2022-02-09,10-K,1.0,279139082.0
1585689,HLT,2022,266450664.0,2023-02-03,10-K,1.0,266450664.0
1585689,HLT,2023,252160518.0,2024-02-02,10-K,1.0,252160518.0
1585689,HLT,2024,240596519.0,2025-01-31,10-K,1.0,240596519.0
1585689,HLT,2025,229291615.0,2026-02-06,10-K,1.0,229291615.0
1585689,HLT,2026,225064910.0,2026-07-23,10-Q,1.0,225064910.0
1596532,ANET,2014,64425460.0,2014-10-31,10-Q,16.0,1030807360.0
1596532,ANET,2015,68273930.0,2016-02-19,10-K,16.0,1092382880.0
1596532,ANET,2016,71011320.0,2017-02-10,10-K,16.0,1136181120.0
1596532,ANET,2017,73875377.0,2018-02-09,10-K,16.0,1182006032.0
1596532,ANET,2018,75730873.0,2019-02-08,10-K,16.0,1211693968.0
1596532,ANET,2019,76479227.0,2020-02-10,10-K,16.0,1223667632.0
1596532,ANET,2020,76331573.0,2021-02-12,10-K,16.0,1221305168.0
1596532,ANET,2021,307766578.0,2022-02-08,10-K,4.0,1231066312.0
1596532,ANET,2022,306395384.0,2023-02-08,10-K,4.0,1225581536.0
1596532,ANET,2023,312633612.0,2024-02-07,10-K,4.0,1250534448.0
1596532,ANET,2024,1261122596.0,2025-02-12,10-K,1.0,1261122596.0
1596532,ANET,2025,1256537906.0,2026-02-10,10-K,1.0,1256537906.0
1596532,ANET,2026,1261224648.0,2026-07-30,10-Q,1.0,1261224648.0
1601046,KEYS,2014,168450545.0,2015-01-31,10-Q,1.0,168450545.0
1601046,KEYS,2015,170850543.0,2015-12-14,10-K,1.0,170850543.0
1601046,KEYS,2016,171543474.0,2017-02-27,10-Q,1.0,171543474.0
1601046,KEYS,2017,187284245.0,2017-12-15,10-K,1.0,187284245.0
1601046,KEYS,2018,187641764.0,2018-12-10,10-K,1.0,187641764.0
1601046,KEYS,2019,188447566.0,2019-12-16,10-K,1.0,188447566.0
1601046,KEYS,2020,185994432.0,2021-02-26,10-Q,1.0,185994432.0
1601046,KEYS,2021,181975058.0,2022-02-24,10-Q,1.0,181975058.0
1601046,KEYS,2022,178138727.0,2023-02-28,10-Q,1.0,178138727.0
1601046,KEYS,2023,175044604.0,2023-12-12,10-K,1.0,175044604.0
1601046,KEYS,2024,173172764.0,2024-12-12,10-K,1.0,173172764.0
1601046,KEYS,2025,171502495.0,2026-02-27,10-Q,1.0,171502495.0
1601046,KEYS,2026,170244745.0,2026-08-27,10-Q,1.0,170244745.0
1601712,SYF,2014,833764589.0,2015-02-17,10-K,1.0,833764589.0
1601712,SYF,2015,833828859.0,2016-02-22,10-K,1.0,833828859.0
1601712,SYF,2016,810786641.0,2017-02-16,10-K,1.0,810786641.0
1601712,SYF,2017,760216905.0,2018-02-16,10-K,1.0,760216905.0
1601712,SYF,2018,709862330.0,2019-02-11,10-K,1.0,709862330.0
1601712,SYF,2019,613476835.0,2020-02-07,10-K,1.0,613476835.0
1601712,SYF,2020,583881805.0,2021-02-08,10-K,1.0,583881805.0
1601712,SYF,2021,521271848.0,2022-02-04,10-K,1.0,521271848.0
1601712,SYF,2022,437035160.0,2023-02-03,10-K,1.0,437035160.0
1601712,SYF,2023,406843602.0,2024-02-02,10-K,1.0,406843602.0
1601712,SYF,2024,388749489.0,2025-01-31,10-K,1.0,388749489.0
1601712,SYF,2025,347596279.0,2026-01-30,10-K,1.0,347596279.0
1601712,SYF,2026,325370840.0,2026-07-17,10-Q,1.0,325370840.0
1609711,GDDY,2024,141355906.0,2025-02-14,10-K,1.0,141355906.0
1609711,GDDY,2025,133354117.0,2026-02-20,10-K,1.0,133354117.0
1609711,GDDY,2026,126647704.0,2026-07-24,10-Q,1.0,126647704.0
1613103,MDT,2014,1425066824.0,2015-02-24,10-Q,1.0,1425066824.0
1613103,MDT,2015,1406155722.0,2015-12-03,10-Q,1.0,1406155722.0
1613103,MDT,2016,1373047310.0,2016-12-01,10-Q,1.0,1373047310.0
1613103,MDT,2017,1355373428.0,2018-02-28,10-Q,1.0,1355373428.0
1613103,MDT,2018,1341150970.0,2019-02-27,10-Q,1.0,1341150970.0
1613103,MDT,2019,1340166137.0,2020-02-25,10-Q,1.0,1340166137.0
1613103,MDT,2020,1346019949.0,2020-12-01,10-Q,1.0,1346019949.0
1613103,MDT,2021,1344557784.0,2021-11-30,10-Q,1.0,1344557784.0
1613103,MDT,2022,1330423708.0,2023-02-27,10-Q,1.0,1330423708.0
1613103,MDT,2023,1327822539.0,2024-02-21,10-Q,1.0,1327822539.0
1613103,MDT,2024,1282543505.0,2025-02-19,10-Q,1.0,1282543505.0
1613103,MDT,2025,1283884964.0,2026-02-18,10-Q,1.0,1283884964.0
1613103,MDT,2026,1279137890.0,2026-08-28,10-Q,1.0,1279137890.0
1633917,PYPL,2015,1222675902.0,2016-02-05,10-K,1.0,1222675902.0
1633917,PYPL,2016,1207583234.0,2017-02-02,10-K,1.0,1207583234.0
1633917,PYPL,2017,1200160405.0,2018-02-02,10-K,1.0,1200160405.0
1633917,PYPL,2018,1173209367.0,2019-01-31,10-K,1.0,1173209367.0
1633917,PYPL,2019,1172955485.0,2020-01-31,10-K,1.0,1172955485.0
1633917,PYPL,2020,1171175760.0,2021-01-29,10-K,1.0,1171175760.0
1633917,PYPL,2021,1165004913.0,2022-01-28,10-K,1.0,1165004913.0
1633917,PYPL,2022,1131373298.0,2023-02-03,10-K,1.0,1131373298.0
1633917,PYPL,2023,1071741864.0,2024-02-01,10-K,1.0,1071741864.0
1633917,PYPL,2024,989242452.0,2025-01-29,10-K,1.0,989242452.0
1633917,PYPL,2025,920664542.0,2026-01-28,10-K,1.0,920664542.0
1633917,PYPL,2026,882105493.0,2026-04-29,10-Q,1.0,882105493.0
1633978,LITE,2015,59089050.0,2016-01-23,10-Q,1.0,59089050.0
1633978,LITE,2016,60956077.0,2017-02-02,10-Q,1.0,60956077.0
1633978,LITE,2017,62400000.0,2018-01-31,10-Q,1.0,62400000.0
1633978,LITE,2018,76100000.0,2019-01-28,10-Q,1.0,76100000.0
1633978,LITE,2019,74700000.0,2020-01-27,10-Q,1.0,74700000.0
1633978,LITE,2020,75700000.0,2021-01-26,10-Q,1.0,75700000.0
1633978,LITE,2021,72200000.0,2022-01-28,10-Q,1.0,72200000.0
1633978,LITE,2022,68500000.0,2023-02-02,10-Q,1.0,68500000.0
1633978,LITE,2023,67400000.0,2024-02-01,10-Q,1.0,67400000.0
1633978,LITE,2024,69200000.0,2025-01-30,10-Q,1.0,69200000.0
1633978,LITE,2025,71400000.0,2026-01-27,10-Q,1.0,71400000.0
1633978,LITE,2026,89700000.0,2026-08-14,10-K,1.0,89700000.0
1637459,KHC,2015,1215189526.0,2016-02-28,10-K,1.0,1215189526.0
1637459,KHC,2016,1217136057.0,2017-02-18,10-K,1.0,1217136057.0
1637459,KHC,2017,1218801890.0,2018-02-10,10-K,1.0,1218801890.0
1637459,KHC,2018,1219434812.0,2018-10-27,10-Q,1.0,1219434812.0
1637459,KHC,2019,1221399549.0,2020-02-08,10-K,1.0,1221399549.0
1637459,KHC,2020,1223175747.0,2021-02-13,10-K,1.0,1223175747.0
1637459,KHC,2021,1223740203.0,2022-02-12,10-K,1.0,1223740203.0
1637459,KHC,2022,1225003377.0,2023-02-11,10-K,1.0,1225003377.0
1637459,KHC,2023,1213099787.0,2024-02-10,10-K,1.0,1213099787.0
1637459,KHC,2024,1194989953.0,2025-02-08,10-K,1.0,1194989953.0
1637459,KHC,2025,1183744751.0,2026-02-07,10-K,1.0,1183744751.0
1637459,KHC,2026,1185823758.0,2026-08-01,10-Q,1.0,1185823758.0
1645590,HPE,2015,1716564087.0,2016-02-29,10-Q,1.7205571999999998,2953446699.1492763
1645590,HPE,2016,1657704510.0,2017-02-28,10-Q,1.7205571999999998,2852175430.1529717
1645590,HPE,2017,1553204723.0,2018-02-28,10-Q,1.0,1553204723.0
1645590,HPE,2018,1370378287.0,2019-02-25,10-Q,1.0,1370378287.0
1645590,HPE,2019,1288341672.0,2020-02-28,10-Q,1.0,1288341672.0
1645590,HPE,2020,1301145494.0,2021-02-26,10-Q,1.0,1301145494.0
1645590,HPE,2021,1300135740.0,2022-02-25,10-Q,1.0,1300135740.0
1645590,HPE,2022,1281816851.0,2022-12-02,10-K,1.0,1281816851.0
1645590,HPE,2023,1300000000.0,2024-02-27,10-Q,1.0,1300000000.0
1645590,HPE,2024,1313578244.0,2025-02-28,10-Q,1.0,1313578244.0
1645590,HPE,2025,1334533171.0,2025-12-10,10-K,1.0,1334533171.0
1645590,HPE,2026,1327464779.0,2026-08-27,10-Q,1.0,1327464779.0
1659166,FTV,2016,346006504.0,2017-02-17,10-K,1.585765,548685003.81556
1659166,FTV,2017,348031654.0,2018-02-21,10-K,1.585765,551896415.80531
1659166,FTV,2018,334631235.0,2019-02-21,10-K,1.585765,530646500.36977506
1659166,FTV,2019,336415264.0,2020-02-21,10-K,1.585765,533475551.11696005
1659166,FTV,2020,338072765.0,2021-02-19,10-K,1.327,448622559.155
1659166,FTV,2021,359066396.0,2022-02-24,10-K,1.327,476481107.492
1659166,FTV,2022,353198783.0,2023-02-24,10-K,1.327,468694785.041
1659166,FTV,2023,351379735.0,2024-02-22,10-K,1.327,466280908.34499997
1659166,FTV,2024,340290131.0,2025-02-21,10-K,1.327,451565003.837
1659166,FTV,2025,307859190.0,2026-02-20,10-K,1.0,307859190.0
1659166,FTV,2026,304861021.0,2026-04-24,10-Q,1.0,304861021.0
1666700,DD,2017,2329023478.0,2018-01-31,10-K,0.5597439750000001,1303656859.4440453
1666700,DD,2018,2254762058.0,2019-01-31,10-K,0.5597439750000001,1262089477.0241008
1666700,DD,2019,739388462.0,2020-02-10,10-K,0.7966666666666666,589046141.3933333
1666700,DD,2020,538089014.0,2021-02-10,10-K,0.7966666666666666,428677581.1533333
1666700,DD,2021,512907484.0,2022-02-09,10-K,0.7966666666666666,408616295.58666664
1666700,DD,2022,458338052.0,2023-02-13,10-K,0.7966666666666666,365142648.0933333
1666700,DD,2023,417582864.0,2024-02-13,10-K,0.7966666666666666,332674348.32
1666700,DD,2024,418049127.0,2025-02-12,10-K,0.7966666666666666,333045804.51
1666700,DD,2025,408923857.0,2026-02-12,10-K,0.3333333333333333,136307952.3333333
1666700,DD,2026,135042975.0,2026-07-31,10-Q,1.0,135042975.0
1674101,VRT,2020,351440743.0,2021-02-22,10-K,1.0,351440743.0
1674101,VRT,2021,375991964.0,2022-02-22,10-K,1.0,375991964.0
1674101,VRT,2022,377640813.0,2023-02-17,10-K,1.0,377640813.0
1674101,VRT,2023,381970469.0,2024-02-16,10-K,1.0,381970469.0
1674101,VRT,2024,380775581.0,2025-02-10,10-K,1.0,380775581.0
1674101,VRT,2025,382598464.0,2026-02-09,10-K,1.0,382598464.0
1674101,VRT,2026,384988173.0,2026-07-27,10-Q,1.0,384988173.0
1682852,MRNA,2019,368642548.0,2020-02-26,10-K,1.0,368642548.0
1682852,MRNA,2020,399769582.0,2021-02-16,10-K,1.0,399769582.0
1682852,MRNA,2021,402872986.0,2022-02-18,10-K,1.0,402872986.0
1682852,MRNA,2022,386339594.0,2023-02-17,10-K,1.0,386339594.0
1682852,MRNA,2023,382073208.0,2024-02-16,10-K,1.0,382073208.0
1682852,MRNA,2024,385815877.0,2025-02-14,10-K,1.0,385815877.0
1682852,MRNA,2025,394939424.0,2026-02-13,10-K,1.0,394939424.0
1682852,MRNA,2026,399235889.0,2026-07-24,10-Q,1.0,399235889.0
1687229,INVH,2017,311354290.0,2017-11-08,10-Q,1.0,311354290.0
1687229,INVH,2018,521190091.0,2019-02-25,10-K,1.0,521190091.0
1687229,INVH,2019,541882811.0,2020-02-14,10-K,1.0,541882811.0
1687229,INVH,2020,567220432.0,2021-02-15,10-K,1.0,567220432.0
1687229,INVH,2021,607652169.0,2022-02-18,10-K,1.0,607652169.0
1687229,INVH,2022,611411460.0,2023-02-20,10-K,1.0,611411460.0
1687229,INVH,2023,611958239.0,2024-02-20,10-K,1.0,611958239.0
1687229,INVH,2024,612689592.0,2025-02-26,10-K,1.0,612689592.0
1687229,INVH,2025,609386093.0,2026-02-18,10-K,1.0,609386093.0
1687229,INVH,2026,590623226.0,2026-07-29,10-Q,1.0,590623226.0
1692819,VST,2017,428447631.0,2018-02-21,10-K,1.0,428447631.0
1692819,VST,2018,485894408.0,2019-02-25,10-K,1.0,485894408.0
1692819,VST,2019,487734006.0,2020-02-24,10-K,1.0,487734006.0
1692819,VST,2020,483716012.0,2021-02-23,10-K,1.0,483716012.0
1692819,VST,2021,448803986.0,2022-02-22,10-K,1.0,448803986.0
1692819,VST,2022,381453001.0,2023-02-23,10-K,1.0,381453001.0
1692819,VST,2023,347885110.0,2024-02-23,10-K,1.0,347885110.0
1692819,VST,2024,338963642.0,2025-02-24,10-K,1.0,338963642.0
1692819,VST,2025,336954256.0,2026-02-18,10-K,1.0,336954256.0
1692819,VST,2026,335635195.0,2026-08-03,10-Q,1.0,335635195.0
1699150,IR,2017,196315518.0,2018-01-31,10-K,1.0,196315518.0
1699150,IR,2018,198884808.0,2019-02-20,10-K,1.0,198884808.0
1699150,IR,2019,205211761.0,2020-02-19,10-K,1.0,205211761.0
1699150,IR,2020,418764695.0,2021-02-19,10-K,1.0,418764695.0
1699150,IR,2021,407967909.0,2022-02-18,10-K,1.0,407967909.0
1699150,IR,2022,404956695.0,2023-02-17,10-K,1.0,404956695.0
1699150,IR,2023,403435985.0,2024-02-16,10-K,1.0,403435985.0
1699150,IR,2024,403083248.0,2025-02-14,10-K,1.0,403083248.0
1699150,IR,2025,391617994.0,2026-02-13,10-K,1.0,391617994.0
1699150,IR,2026,387999429.0,2026-07-24,10-Q,1.0,387999429.0
1701605,BKR,2022,1011217705.0,2023-02-06,10-K,1.0,1011217705.0
1701605,BKR,2023,1000881406.0,2024-01-26,10-K,1.0,1000881406.0
1701605,BKR,2024,990111854.0,2025-01-22,10-K,1.0,990111854.0
1701605,BKR,2025,988236510.0,2026-01-27,10-K,1.0,988236510.0
1701605,BKR,2026,992674071.0,2026-07-23,10-Q,1.0,992674071.0
1705696,VICI,2017,370128832.0,2018-02-28,10-K,1.0,370128832.0
1705696,VICI,2018,404726821.0,2019-02-11,10-K,1.0,404726821.0
1705696,VICI,2019,468491573.0,2020-02-19,10-K,1.0,468491573.0
1705696,VICI,2020,536663115.0,2021-02-16,10-K,1.0,536663115.0
1705696,VICI,2021,748390629.0,2022-02-22,10-K,1.0,748390629.0
1705696,VICI,2022,1003674749.0,2023-02-21,10-K,1.0,1003674749.0
1705696,VICI,2023,1042679525.0,2024-02-21,10-K,1.0,1042679525.0
1705696,VICI,2024,1056339141.0,2025-02-19,10-K,1.0,1056339141.0
1705696,VICI,2025,1068737299.0,2026-02-24,10-K,1.0,1068737299.0
1705696,VICI,2026,1101077562.0,2026-07-28,10-Q,1.0,1101077562.0
1707925,LIN,2017,25000.0,2017-09-30,10-Q,1.0,25000.0
1707925,LIN,2018,544910125.0,2019-02-28,10-K,1.0,544910125.0
1707925,LIN,2019,532959736.0,2020-01-31,10-K,1.0,532959736.0
1707925,LIN,2020,522836425.0,2021-01-31,10-K,1.0,522836425.0
1707925,LIN,2021,507744577.0,2022-01-31,10-K,1.0,507744577.0
1707925,LIN,2022,492160806.0,2023-01-31,10-K,1.0,492160806.0
1707925,LIN,2023,481576472.0,2024-01-31,10-K,1.0,481576472.0
1707925,LIN,2024,472911618.0,2025-01-31,10-K,1.0,472911618.0
1707925,LIN,2025,463394156.0,2026-01-31,10-K,1.0,463394156.0
1707925,LIN,2026,460980163.0,2026-06-30,10-Q,1.0,460980163.0
1711269,EVRG,2018,254630033.0,2019-02-15,10-K,1.0,254630033.0
1711269,EVRG,2019,226659013.0,2020-02-24,10-K,1.0,226659013.0
1711269,EVRG,2020,226944941.0,2021-02-19,10-K,1.0,226944941.0
1711269,EVRG,2021,229311689.0,2022-02-18,10-K,1.0,229311689.0
1711269,EVRG,2022,229568060.0,2023-02-17,10-K,1.0,229568060.0
1711269,EVRG,2023,229730266.0,2024-02-21,10-K,1.0,229730266.0
1711269,EVRG,2024,230009344.0,2025-02-19,10-K,1.0,230009344.0
1711269,EVRG,2025,230281586.0,2026-02-11,10-K,1.0,230281586.0
1711269,EVRG,2026,230513025.0,2026-04-30,10-Q,1.0,230513025.0
1730168,AVGO,2018,407270901.0,2018-11-30,10-K,10.0,4072709010.0
1730168,AVGO,2019,399791345.0,2020-02-28,10-Q,10.0,3997913450.0
1730168,AVGO,2020,408302326.0,2021-02-26,10-Q,10.0,4083023260.0
1730168,AVGO,2021,408281170.0,2022-02-25,10-Q,10.0,4082811700.0
1730168,AVGO,2022,416923664.0,2023-02-24,10-Q,10.0,4169236640.0
1730168,AVGO,2023,468140569.0,2023-11-24,10-K,10.0,4681405690.0
1730168,AVGO,2024,4701948717.0,2025-02-28,10-Q,1.0,4701948717.0
1730168,AVGO,2025,4734668184.0,2026-02-27,10-Q,1.0,4734668184.0
1730168,AVGO,2026,4773629865.0,2026-08-28,10-Q,1.0,4773629865.0
1739940,CI,2018,380058967.0,2019-01-31,10-K,1.0,380058967.0
1739940,CI,2019,372043094.0,2019-12-31,10-K,1.0,372043094.0
1739940,CI,2020,351845606.0,2021-01-31,10-K,1.0,351845606.0
1739940,CI,2021,320953245.0,2022-01-31,10-K,1.0,320953245.0
1739940,CI,2022,297059973.0,2023-01-31,10-K,1.0,297059973.0
1739940,CI,2023,292355022.0,2024-01-31,10-K,1.0,292355022.0
1739940,CI,2024,273678464.0,2025-01-31,10-K,1.0,273678464.0
1739940,CI,2025,263528277.0,2026-01-30,10-K,1.0,263528277.0
1739940,CI,2026,264240486.0,2026-07-24,10-Q,1.0,264240486.0
1744489,DIS,2019,1805438643.0,2020-01-29,10-Q,1.0,1805438643.0
1744489,DIS,2020,1815263899.0,2021-02-03,10-Q,1.0,1815263899.0
1744489,DIS,2021,1820633408.0,2022-02-02,10-Q,1.0,1820633408.0
1744489,DIS,2022,1826807227.0,2023-02-01,10-Q,1.0,1826807227.0
1744489,DIS,2023,1834302235.0,2024-01-31,10-Q,1.0,1834302235.0
1744489,DIS,2024,1807788865.0,2025-01-29,10-Q,1.0,1807788865.0
1744489,DIS,2025,1771519851.0,2026-01-28,10-Q,1.0,1771519851.0
1744489,DIS,2026,1726686902.0,2026-07-29,10-Q,1.0,1726686902.0
1748790,AMCR,2019,1604047277.0,2020-02-07,10-Q,0.2,320809455.40000004
1748790,AMCR,2020,1561977648.0,2021-02-02,10-Q,0.2,312395529.6
1748790,AMCR,2021,1513727218.0,2022-02-01,10-Q,0.2,302745443.6
1748790,AMCR,2022,1485779968.0,2023-02-06,10-Q,0.2,297155993.6
1748790,AMCR,2023,1445343212.0,2024-02-05,10-Q,0.2,289068642.40000004
1748790,AMCR,2024,1445343212.0,2025-02-03,10-Q,0.2,289068642.40000004
1748790,AMCR,2025,462045690.0,2026-02-02,10-Q,1.0,462045690.0
1748790,AMCR,2026,462345690.0,2026-08-12,10-K,1.0,462345690.0
1751788,DOW,2019,741678966.0,2020-01-31,10-K,1.0,741678966.0
1751788,DOW,2020,743914560.0,2021-01-31,10-K,1.0,743914560.0
1751788,DOW,2021,735747193.0,2022-01-31,10-K,1.0,735747193.0
1751788,DOW,2022,704879920.0,2022-12-31,10-K,1.0,704879920.0
1751788,DOW,2023,702293433.0,2023-12-31,10-K,1.0,702293433.0
1751788,DOW,2024,703831931.0,2025-01-15,10-K,1.0,703831931.0
1751788,DOW,2025,717534072.0,2026-01-15,10-K,1.0,717534072.0
1751788,DOW,2026,720741438.0,2026-03-31,10-Q,1.0,720741438.0
1754301,FOX,2019,1.0,2019-03-18,10-Q,1.0,1.0
1755672,CTVA,2019,749403000.0,2020-02-07,10-K,1.0,749403000.0
1755672,CTVA,2020,744062000.0,2021-02-04,10-K,1.0,744062000.0
1755672,CTVA,2021,727021000.0,2022-02-03,10-K,1.0,727021000.0
1755672,CTVA,2022,712823000.0,2023-02-02,10-K,1.0,712823000.0
1755672,CTVA,2023,701783000.0,2024-02-01,10-K,1.0,701783000.0
1755672,CTVA,2024,685556000.0,2025-02-07,10-K,1.0,685556000.0
1755672,CTVA,2025,672524000.0,2026-02-05,10-K,1.0,672524000.0
1755672,CTVA,2026,667196000.0,2026-07-24,10-Q,1.0,667196000.0
1757898,STE,2019,84813121.0,2020-02-05,10-Q,1.0,84813121.0
1757898,STE,2020,85352713.0,2021-02-05,10-Q,1.0,85352713.0
1757898,STE,2021,100127204.0,2022-02-04,10-Q,1.0,100127204.0
1757898,STE,2022,99284443.0,2023-02-03,10-Q,1.0,99284443.0
1757898,STE,2023,98814035.0,2024-02-05,10-Q,1.0,98814035.0
1757898,STE,2024,98250789.0,2025-02-04,10-Q,1.0,98250789.0
1757898,STE,2025,98075025.0,2026-02-02,10-Q,1.0,98075025.0
1757898,STE,2026,97500110.0,2026-08-04,10-Q,1.0,97500110.0
1781335,OTIS,2020,433671005.0,2021-01-31,10-K,1.0,433671005.0
1781335,OTIS,2021,424962356.0,2022-01-21,10-K,1.0,424962356.0
1781335,OTIS,2022,414869461.0,2023-01-20,10-K,1.0,414869461.0
1781335,OTIS,2023,405454626.0,2024-01-19,10-K,1.0,405454626.0
1781335,OTIS,2024,396518563.0,2025-01-21,10-K,1.0,396518563.0
1781335,OTIS,2025,388720773.0,2026-01-22,10-K,1.0,388720773.0
1781335,OTIS,2026,380669339.0,2026-07-15,10-Q,1.0,380669339.0
1783180,CARR,2020,869213146.0,2021-01-31,10-K,1.0,869213146.0
1783180,CARR,2021,855514035.0,2022-01-31,10-K,1.0,855514035.0
1783180,CARR,2022,834187942.0,2023-01-31,10-K,1.0,834187942.0
1783180,CARR,2023,898364047.0,2024-01-31,10-K,1.0,898364047.0
1783180,CARR,2024,868339902.0,2025-01-31,10-K,1.0,868339902.0
1783180,CARR,2025,835843882.0,2026-01-30,10-K,1.0,835843882.0
1783180,CARR,2026,830580423.0,2026-04-15,10-Q,1.0,830580423.0
1792044,VTRS,2020,1207082624.0,2021-02-22,10-K,1.0,1207082624.0
1792044,VTRS,2021,1209576280.0,2022-02-22,10-K,1.0,1209576280.0
1792044,VTRS,2022,1196813959.0,2023-02-21,10-K,1.0,1196813959.0
1792044,VTRS,2023,1187569149.0,2024-02-21,10-K,1.0,1187569149.0
1792044,VTRS,2024,1193688749.0,2025-02-21,10-K,1.0,1193688749.0
1792044,VTRS,2025,1151392922.0,2026-02-23,10-K,1.0,1151392922.0
1792044,VTRS,2026,1148590864.0,2026-08-03,10-Q,1.0,1148590864.0
1811074,TPL,2020,7756156.0,2021-01-31,10-K,9.0,69805404.0
1811074,TPL,2021,7745375.0,2022-01-31,10-K,9.0,69708375.0
1811074,TPL,2022,7695496.0,2023-02-14,10-K,9.0,69259464.0
1811074,TPL,2023,7668422.0,2024-02-14,10-K,9.0,69015798.0
1811074,TPL,2024,22984798.0,2025-02-12,10-K,3.0,68954394.0
1811074,TPL,2025,68941554.0,2026-02-09,10-K,1.0,68941554.0
1811074,TPL,2026,68974683.0,2026-07-31,10-Q,1.0,68974683.0
1835632,MRVL,2021,843800000.0,2021-11-26,10-Q,1.0,843800000.0
1835632,MRVL,2022,853200000.0,2022-11-25,10-Q,1.0,853200000.0
1835632,MRVL,2023,864500000.0,2023-11-24,10-Q,1.0,864500000.0
1835632,MRVL,2024,865300000.0,2024-11-27,10-Q,1.0,865300000.0
1835632,MRVL,2025,848100000.0,2025-11-26,10-Q,1.0,848100000.0
1835632,MRVL,2026,876900000.0,2026-08-21,10-Q,1.0,876900000.0
1841666,APA,2021,346776379.0,2022-01-31,10-K,1.0,346776379.0
1841666,APA,2022,310953174.0,2023-01-31,10-K,1.0,310953174.0
1841666,APA,2023,301818820.0,2024-01-31,10-K,1.0,301818820.0
1841666,APA,2024,364064316.0,2025-01-31,10-K,1.0,364064316.0
1841666,APA,2025,353251476.0,2026-01-31,10-K,1.0,353251476.0
1841666,APA,2026,350351510.0,2026-07-31,10-Q,1.0,350351510.0
1858681,APO,2022,570652389.0,2023-02-24,10-K,1.0,570652389.0
1858681,APO,2023,568161277.0,2024-02-23,10-K,1.0,568161277.0
1858681,APO,2024,570480465.0,2025-02-19,10-K,1.0,570480465.0
1858681,APO,2025,578247338.0,2026-02-20,10-K,1.0,578247338.0
1858681,APO,2026,590543159.0,2026-08-05,10-Q,1.0,590543159.0
1868275,CEG,2021,326663937.0,2022-02-01,10-K,1.0,326663937.0
1868275,CEG,2022,327131082.0,2023-01-31,10-K,1.0,327131082.0
1868275,CEG,2023,316666538.0,2024-01-31,10-K,1.0,316666538.0
1868275,CEG,2024,312847257.0,2025-01-31,10-K,1.0,312847257.0
1868275,CEG,2025,361990335.0,2026-02-01,10-K,1.0,361990335.0
1868275,CEG,2026,354307379.0,2026-07-31,10-Q,1.0,354307379.0
1932393,GEHC,2022,453926139.0,2023-01-31,10-K,1.0,453926139.0
1932393,GEHC,2023,455357229.0,2024-01-30,10-K,1.0,455357229.0
1932393,GEHC,2024,457298310.0,2025-02-06,10-K,1.0,457298310.0
1932393,GEHC,2025,455749767.0,2026-01-28,10-K,1.0,455749767.0
1932393,GEHC,2026,454891786.0,2026-04-22,10-Q,1.0,454891786.0
1944048,KVUE,2023,1914581851.0,2024-02-23,10-K,1.0,1914581851.0
1944048,KVUE,2024,1911240720.0,2025-02-14,10-K,1.0,1911240720.0
1944048,KVUE,2025,1916732090.0,2026-02-13,10-K,1.0,1916732090.0
1944048,KVUE,2026,1920773467.0,2026-07-31,10-Q,1.0,1920773467.0
1964738,SOLV,2024,172990490.0,2025-02-21,10-K,1.0,172990490.0
1964738,SOLV,2025,173493005.0,2026-02-18,10-K,1.0,173493005.0
1964738,SOLV,2026,170223729.0,2026-07-31,10-Q,1.0,170223729.0
1967680,VLTO,2023,246541873.0,2024-02-16,10-K,1.0,246541873.0
1967680,VLTO,2024,247550644.0,2025-02-14,10-K,1.0,247550644.0
1967680,VLTO,2025,247843360.0,2026-02-13,10-K,1.0,247843360.0
1967680,VLTO,2026,245599266.0,2026-04-21,10-Q,1.0,245599266.0
1996810,GEV,2024,275900754.0,2025-01-15,10-K,1.0,275900754.0
1996810,GEV,2025,269529464.0,2025-12-31,10-K,1.0,269529464.0
1996810,GEV,2026,266333581.0,2026-06-30,10-Q,1.0,266333581.0
1996862,BG,2023,143418211.0,2024-02-20,10-K,1.0,143418211.0
1996862,BG,2024,133968048.0,2025-02-18,10-K,1.0,133968048.0
1996862,BG,2025,193509080.0,2026-02-17,10-K,1.0,193509080.0
1996862,BG,2026,194018115.0,2026-04-27,10-Q,1.0,194018115.0
2005951,SW,2024,520156112.0,2024-11-05,10-Q,1.0,520156112.0
2005951,SW,2025,524253735.0,2026-02-20,10-K,1.0,524253735.0
2005951,SW,2026,524522908.0,2026-07-24,10-Q,1.0,524522908.0
2011641,FERG,2024,199945642.0,2024-12-03,10-Q,1.0,199945642.0
2011641,FERG,2025,194502694.0,2026-02-20,10-KT,1.0,194502694.0
2011641,FERG,2026,193452717.0,2026-08-03,10-Q,1.0,193452717.0
2012383,BLK,2024,155253443.0,2025-01-31,10-K,1.0,155253443.0
2012383,BLK,2025,154926181.0,2025-04-30,10-Q,1.0,154926181.0
2023554,SNDK,2024,144863251.0,2025-02-27,10-Q/A,1.0,144863251.0
2023554,SNDK,2025,147567249.0,2026-01-23,10-Q,1.0,147567249.0
2023554,SNDK,2026,146419001.0,2026-08-07,10-K,1.0,146419001.0
2041610,PSKY,2025,1071666977.0,2025-11-05,10-Q,1.0,1071666977.0
2058873,Q,2025,209658907.0,2026-02-24,10-K,1.0,209658907.0
2058873,Q,2026,209208543.0,2026-07-31,10-Q,1.0,209208543.0
2082247,FDXF,2026,149518133.0,2026-08-03,10-K,1.0,149518133.0
2089271,HONA,2026,316952725.0,2026-07-25,10-Q,1.0,316952725.0
2115436,XOM,2026,4111911960.0,2026-06-30,10-Q,1.0,4111911960.0
