cik,entityName,val,accn,end,fy,fp,form,filed,frame,year,tag
1800,ABBOTT LABORATORIES,1473241861.0,0001047469-16-010246,2016-01-31,,,,,,2015,EntityCommonStockSharesOutstanding
1800,ABBOTT LABORATORIES,1727997596.0,0001047469-17-000744,2017-01-31,,,,,,2016,EntityCommonStockSharesOutstanding
1800,ABBOTT LABORATORIES,1746333892.0,0001047469-18-000856,2018-01-31,,,,,,2017,EntityCommonStockSharesOutstanding
1800,ABBOTT LABORATORIES,1756470269.0,0001047469-19-000624,2019-01-31,,,,,,2018,EntityCommonStockSharesOutstanding
1800,ABBOTT LABORATORIES,1763433243.0,0001104659-20-023904,2020-01-31,,,,,,2019,EntityCommonStockSharesOutstanding
1800,Abbott Laboratories,1771529358.0,0001104659-21-025751,2021-01-31,,,,,,2020,EntityCommonStockSharesOutstanding
1800,Abbott Laboratories,1763482267.0,0001104659-22-025141,2022-01-31,,,,,,2021,EntityCommonStockSharesOutstanding
1800,Abbott Laboratories,1737946233.0,0001628280-23-004026,2023-01-31,,,,,,2022,EntityCommonStockSharesOutstanding
1800,Abbott Laboratories,1735184289.0,0001628280-24-005348,2024-01-31,,,,,,2023,EntityCommonStockSharesOutstanding
1800,Abbott Laboratories,1734323411.0,0001628280-25-007110,2025-01-31,,,,,,2024,EntityCommonStockSharesOutstanding
1800,Abbott Laboratories,1737682887.0,0001628280-26-010185,2026-01-31,,,,,,2025,EntityCommonStockSharesOutstanding
1800,ABBOTT LABORATORIES,1730383296.0,0001628280-26-050134,2026-06-30,,,,,,2026,EntityCommonStockSharesOutstanding
2488,"ADVANCED MICRO DEVICES, INC",793248190.0,0000002488-16-000111,2016-02-12,,,,,,2015,EntityCommonStockSharesOutstanding
2488,ADVANCED MICRO DEVICES INC,940758118.0,0000002488-17-000043,2017-02-10,,,,,,2016,EntityCommonStockSharesOutstanding
2488,"ADVANCED MICRO DEVICES, INC",1005298882.0,0000002488-19-000011,2019-02-01,,,,,,2018,EntityCommonStockSharesOutstanding
2488,"ADVANCED MICRO DEVICES, INC",1169661536.0,0000002488-20-000008,2020-01-31,,,,,,2019,EntityCommonStockSharesOutstanding
2488,"ADVANCED MICRO DEVICES, INC",1211280009.0,0001628280-21-001185,2021-01-22,,,,,,2020,EntityCommonStockSharesOutstanding
2488,"ADVANCED MICRO DEVICES, INC.",1199303422.0,0000002488-22-000016,2022-01-28,,,,,,2021,EntityCommonStockSharesOutstanding
2488,"ADVANCED MICRO DEVICES, INC.",1615786841.0,0000002488-24-000012,2024-01-25,,,,,,2023,EntityCommonStockSharesOutstanding
2488,"ADVANCED MICRO DEVICES, INC.",1620477962.0,0000002488-25-000012,2025-01-30,,,,,,2024,EntityCommonStockSharesOutstanding
2488,"ADVANCED MICRO DEVICES, INC.",1630410843.0,0000002488-26-000021,2026-01-30,,,,,,2025,EntityCommonStockSharesOutstanding
2488,"ADVANCED MICRO DEVICES, INC",1632475042.0,0000002488-26-000123,2026-07-29,,,,,,2026,EntityCommonStockSharesOutstanding
2969,"AIR PRODUCTS AND CHEMICALS, INC.",215650358.0,0001193125-16-443263,2015-12-31,,,,,,2015,EntityCommonStockSharesOutstanding
2969,"AIR PRODUCTS AND CHEMICALS, INC.",217589952.0,0000002969-17-000010,2016-12-31,,,,,,2016,EntityCommonStockSharesOutstanding
2969,"AIR PRODUCTS AND CHEMICALS, INC.",218939303.0,0000002969-18-000014,2017-12-31,,,,,,2017,EntityCommonStockSharesOutstanding
2969,"AIR PRODUCTS AND CHEMICALS, INC.",219631171.0,0000002969-19-000014,2018-12-31,,,,,,2018,EntityCommonStockSharesOutstanding
2969,"AIR PRODUCTS AND CHEMICALS, INC.",220678482.0,0000002969-20-000010,2019-12-31,,,,,,2019,EntityCommonStockSharesOutstanding
2969,"AIR PRODUCTS AND CHEMICALS, INC.",221276890.0,0000002969-21-000012,2020-12-31,,,,,,2020,EntityCommonStockSharesOutstanding
2969,"AIR PRODUCTS AND CHEMICALS, INC.",221717387.0,0000002969-22-000010,2021-12-31,,,,,,2021,EntityCommonStockSharesOutstanding
2969,"AIR PRODUCTS AND CHEMICALS, INC.",222082851.0,0000002969-23-000014,2022-12-31,,,,,,2022,EntityCommonStockSharesOutstanding
2969,"AIR PRODUCTS AND CHEMICALS, INC.",222301051.0,0000002969-24-000010,2023-12-31,,,,,,2023,EntityCommonStockSharesOutstanding
2969,"AIR PRODUCTS AND CHEMICALS, INC.",222475666.0,0000002969-25-000013,2024-12-31,,,,,,2024,EntityCommonStockSharesOutstanding
2969,"AIR PRODUCTS AND CHEMICALS, INC.",222656008.0,0000002969-26-000008,2025-12-31,,,,,,2025,EntityCommonStockSharesOutstanding
2969,"AIR PRODUCTS AND CHEMICALS, INC.",222685530.0,0000002969-26-000036,2026-06-30,,,,,,2026,EntityCommonStockSharesOutstanding
4127,"Skyworks Solutions, Inc.",191668400.0,0000004127-16-000044,2016-01-15,,,,,,2015,EntityCommonStockSharesOutstanding
4127,"Skyworks Solutions, Inc.",184918356.0,0000004127-17-000012,2017-01-23,,,,,,2016,EntityCommonStockSharesOutstanding
4127,"Skyworks Solutions, Inc.",182482749.0,0000004127-18-000011,2018-01-26,,,,,,2017,EntityCommonStockSharesOutstanding
4127,"Skyworks Solutions, Inc.",174064672.0,0000004127-19-000013,2019-01-30,,,,,,2018,EntityCommonStockSharesOutstanding
4127,"Skyworks Solutions, Inc.",170155181.0,0000004127-20-000009,2020-01-20,,,,,,2019,EntityCommonStockSharesOutstanding
4127,"Skyworks Solutions, Inc.",166691622.0,0000004127-22-000002,2021-01-22,,,,,,2020,EntityCommonStockSharesOutstanding
4127,"Skyworks Solutions, Inc.",164005766.0,0000004127-22-000010,2022-01-27,,,,,,2021,EntityCommonStockSharesOutstanding
4127,"Skyworks Solutions, Inc.",158974105.0,0000004127-23-000005,2023-01-20,,,,,,2022,EntityCommonStockSharesOutstanding
4127,"Skyworks Solutions, Inc.",160225891.0,0000004127-24-000002,2024-01-18,,,,,,2023,EntityCommonStockSharesOutstanding
4127,"Skyworks Solutions, Inc.",160741022.0,0000004127-25-000006,2025-01-17,,,,,,2024,EntityCommonStockSharesOutstanding
4127,"Skyworks Solutions, Inc.",149935620.0,0000004127-26-000003,2026-01-26,,,,,,2025,EntityCommonStockSharesOutstanding
4127,"Skyworks Solutions, Inc.",150472782.0,0000004127-26-000049,2026-07-23,,,,,,2026,EntityCommonStockSharesOutstanding
4281,Howmet Aerospace Inc.,1314845888.0,0001193125-16-470162,2016-02-11,,,,,,2015,EntityCommonStockSharesOutstanding
4281,Howmet Aerospace Inc.,433614667.0,0000004281-21-000049,2021-02-12,,,,,,2020,EntityCommonStockSharesOutstanding
4281,HOWMET AEROSPACE INC.,418904876.0,0000004281-22-000004,2022-02-10,,,,,,2021,EntityCommonStockSharesOutstanding
4281,Howmet Aerospace Inc.,412282856.0,0000004281-23-000004,2023-02-10,,,,,,2022,EntityCommonStockSharesOutstanding
4281,Howmet Aerospace Inc.,410303651.0,0000004281-24-000007,2024-02-09,,,,,,2023,EntityCommonStockSharesOutstanding
4281,HOWMET AEROSPACE INC.,405022519.0,0000004281-25-000011,2025-02-10,,,,,,2024,EntityCommonStockSharesOutstanding
4281,HOWMET AEROSPACE INC.,400940063.0,0000004281-26-000012,2026-02-09,,,,,,2025,EntityCommonStockSharesOutstanding
4281,HOWMET AEROSPACE INC.,398801399.0,0000004281-26-000025,2026-08-03,,,,,,2026,EntityCommonStockSharesOutstanding
4904,"AMERICAN ELECTRIC POWER COMPANY, INC.",491052581.0,0000004904-16-000056,2015-12-31,,,,,,2015,EntityCommonStockSharesOutstanding
4904,"AMERICAN ELECTRIC POWER COMPANY, INC.",491711928.0,0000004904-17-000019,2016-12-31,,,,,,2016,EntityCommonStockSharesOutstanding
4904,"AMERICAN ELECTRIC POWER COMPANY, INC.",492005598.0,0000004904-18-000009,2017-12-31,,,,,,2017,EntityCommonStockSharesOutstanding
4904,"AMERICAN ELECTRIC POWER COMPANY, INC.",493245876.0,0000004904-19-000009,2018-12-31,,,,,,2018,EntityCommonStockSharesOutstanding
4904,"AMERICAN ELECTRIC POWER COMPANY, INC.",494169471.0,0000004904-20-000007,2019-12-31,,,,,,2019,EntityCommonStockSharesOutstanding
4904,"AMERICAN ELECTRIC POWER COMPANY, INC.",496604194.0,0000004904-21-000010,2020-12-31,,,,,,2020,EntityCommonStockSharesOutstanding
4904,AMERICAN ELECTRIC POWER CO INC.,504212015.0,0000004904-22-000024,2021-12-31,,,,,,2021,EntityCommonStockSharesOutstanding
4904,AMERICAN ELECTRIC POWER CO INC.,513866081.0,0000004904-23-000011,2022-12-31,,,,,,2022,EntityCommonStockSharesOutstanding
4904,AMERICAN ELECTRIC POWER CO INC.,526184585.0,0000004904-24-000020,2023-12-31,,,,,,2023,EntityCommonStockSharesOutstanding
4904,AMERICAN ELECTRIC POWER CO INC.,532907715.0,0000004904-25-000027,2024-12-31,,,,,,2024,EntityCommonStockSharesOutstanding
4904,AMERICAN ELECTRIC POWER CO INC.,540861473.0,0000004904-26-000013,2025-12-31,,,,,,2025,EntityCommonStockSharesOutstanding
4962,AMERICAN EXPRESS CO,964045452.0,0001193125-16-469798,2016-02-08,,,,,,2015,EntityCommonStockSharesOutstanding
4962,AMERICAN EXPRESS CO,901270758.0,0001193125-17-047588,2017-02-08,,,,,,2016,EntityCommonStockSharesOutstanding
4962,AMERICAN EXPRESS CO,860278838.0,0000004962-18-000032,2018-02-06,,,,,,2017,EntityCommonStockSharesOutstanding
4962,AMERICAN EXPRESS CO,843368671.0,0000004962-19-000018,2019-02-04,,,,,,2018,EntityCommonStockSharesOutstanding
4962,AMERICAN EXPRESS CO,808040664.0,0000004962-20-000030,2020-01-30,,,,,,2019,EntityCommonStockSharesOutstanding
4962,AMERICAN EXPRESS CO,805588980.0,0000004962-21-000013,2021-02-03,,,,,,2020,EntityCommonStockSharesOutstanding
4962,American Express Co,759354994.0,0000004962-22-000008,2022-02-03,,,,,,2021,EntityCommonStockSharesOutstanding
4962,American Express Co,744192702.0,0000004962-23-000006,2023-02-02,,,,,,2022,EntityCommonStockSharesOutstanding
4962,American Express Co,723869787.0,0000004962-24-000013,2024-02-01,,,,,,2023,EntityCommonStockSharesOutstanding
4962,American Express Co,702532111.0,0000004962-25-000016,2025-01-31,,,,,,2024,EntityCommonStockSharesOutstanding
4962,American Express Co,686614005.0,0000004962-26-000080,2026-01-30,,,,,,2025,EntityCommonStockSharesOutstanding
4962,AMERICAN EXPRESS COMPANY,675309833.0,0000004962-26-000322,2026-07-14,,,,,,2026,EntityCommonStockSharesOutstanding
4977,Aflac Incorporated,389682983.0,0000004977-18-000054,2018-02-13,,,,,,2017,EntityCommonStockSharesOutstanding
4977,Aflac Incorporated,750332375.0,0000004977-19-000049,2019-02-12,,,,,,2018,EntityCommonStockSharesOutstanding
4977,Aflac Incorporated,722520700.0,0000004977-20-000044,2020-02-12,,,,,,2019,EntityCommonStockSharesOutstanding
4977,Aflac Incorporated,501343298.0,0001628280-26-054618,2026-07-28,,,,,,2026,EntityCommonStockSharesOutstanding
5272,"AMERICAN INTERNATIONAL GROUP, INC.",1149448256.0,0000005272-16-000035,2016-02-11,,,,,,2015,EntityCommonStockSharesOutstanding
5272,"AMERICAN INTERNATIONAL GROUP, INC.",979560020.0,0000005272-17-000017,2017-02-13,,,,,,2016,EntityCommonStockSharesOutstanding
5272,"AMERICAN INTERNATIONAL GROUP, INC.",902468889.0,0000005272-18-000022,2018-02-07,,,,,,2017,EntityCommonStockSharesOutstanding
5272,"AMERICAN INTERNATIONAL GROUP, INC.",869486334.0,0000005272-19-000023,2019-02-06,,,,,,2018,EntityCommonStockSharesOutstanding
5272,"AMERICAN INTERNATIONAL GROUP, INC.",873422023.0,0001104659-20-023889,2020-02-10,,,,,,2019,EntityCommonStockSharesOutstanding
5272,"AMERICAN INTERNATIONAL GROUP, INC.",864790669.0,0001104659-21-025742,2021-02-09,,,,,,2020,EntityCommonStockSharesOutstanding
5272,"American International Group, Inc.",814757881.0,0001104659-22-024701,2022-02-08,,,,,,2021,EntityCommonStockSharesOutstanding
5272,"American International Group, Inc.",737247384.0,0000005272-23-000007,2023-02-10,,,,,,2022,EntityCommonStockSharesOutstanding
5272,"American International Group, Inc.",680953652.0,0000005272-24-000023,2024-02-08,,,,,,2023,EntityCommonStockSharesOutstanding
5272,"American International Group, Inc.",593332964.0,0000005272-25-000012,2025-02-07,,,,,,2024,EntityCommonStockSharesOutstanding
5272,"American International Group, Inc.",536559663.0,0000005272-26-000023,2026-02-06,,,,,,2025,EntityCommonStockSharesOutstanding
5272,"American International Group, Inc.",522893169.0,0000005272-26-000076,2026-07-31,,,,,,2026,EntityCommonStockSharesOutstanding
6281,"Analog Devices, Inc.",310019122.0,0000006281-16-000060,2016-01-30,,,,,,2015,EntityCommonStockSharesOutstanding
6281,"Analog Devices, Inc.",309206677.0,0000006281-17-000008,2017-01-28,,,,,,2016,EntityCommonStockSharesOutstanding
6281,"Analog Devices, Inc.",369803589.0,0000006281-18-000018,2018-02-03,,,,,,2017,EntityCommonStockSharesOutstanding
6281,"Analog Devices, Inc.",368314314.0,0000006281-19-000013,2019-02-02,,,,,,2018,EntityCommonStockSharesOutstanding
6281,"Analog Devices, Inc.",368220091.0,0000006281-20-000013,2020-02-01,,,,,,2019,EntityCommonStockSharesOutstanding
6281,"Analog Devices, Inc.",368893742.0,0000006281-21-000022,2021-01-30,,,,,,2020,EntityCommonStockSharesOutstanding
6281,"Analog Devices, Inc.",523315130.0,0000006281-22-000020,2022-01-29,,,,,,2021,EntityCommonStockSharesOutstanding
6281,"Analog Devices, Inc.",505852499.0,0000006281-23-000031,2023-01-28,,,,,,2022,EntityCommonStockSharesOutstanding
6281,"Analog Devices, Inc.",495908150.0,0000006281-24-000034,2024-02-03,,,,,,2023,EntityCommonStockSharesOutstanding
6281,"Analog Devices, Inc.",495976483.0,0000006281-25-000023,2025-02-01,,,,,,2024,EntityCommonStockSharesOutstanding
6281,"Analog Devices, Inc.",488204157.0,0000006281-26-000016,2026-01-31,,,,,,2025,EntityCommonStockSharesOutstanding
6281,"Analog Devices, Inc.",484565465.0,0000006281-26-000073,2026-08-01,,,,,,2026,EntityCommonStockSharesOutstanding
6951,APPLIED MATERIALS INC /DE,1149133389.0,0000006951-15-000034,2015-12-03,,,,,,2015,EntityCommonStockSharesOutstanding
6951,APPLIED MATERIALS INC /DE,1076570134.0,0000006951-16-000068,2016-12-08,,,,,,2016,EntityCommonStockSharesOutstanding
6951,APPLIED MATERIALS INC /DE,1056340714.0,0000006951-17-000038,2017-12-08,,,,,,2017,EntityCommonStockSharesOutstanding
6951,APPLIED MATERIALS INC /DE,958606093.0,0000006951-18-000041,2018-12-07,,,,,,2018,EntityCommonStockSharesOutstanding
6951,APPLIED MATERIALS INC /DE,915304098.0,0000006951-19-000046,2019-12-06,,,,,,2019,EntityCommonStockSharesOutstanding
6951,APPLIED MATERIALS INC /DE,914344189.0,0000006951-20-000048,2020-12-04,,,,,,2020,EntityCommonStockSharesOutstanding
6951,APPLIED MATERIALS INC /DE,888513248.0,0000006951-21-000043,2021-12-10,,,,,,2021,EntityCommonStockSharesOutstanding
6951,APPLIED MATERIALS INC /DE,844139722.0,0000006951-22-000043,2022-12-09,,,,,,2022,EntityCommonStockSharesOutstanding
6951,APPLIED MATERIALS INC /DE,831067105.0,0000006951-23-000041,2023-12-08,,,,,,2023,EntityCommonStockSharesOutstanding
6951,APPLIED MATERIALS INC /DE,813684638.0,0000006951-24-000044,2024-12-06,,,,,,2024,EntityCommonStockSharesOutstanding
6951,APPLIED MATERIALS INC /DE,793609867.0,0001628280-26-009694,2026-01-25,,,,,,2025,EntityCommonStockSharesOutstanding
6951,APPLIED MATERIALS INC /DE,793597443.0,0001628280-26-058235,2026-07-26,,,,,,2026,EntityCommonStockSharesOutstanding
7084,ARCHER-DANIELS-MIDLAND CO,593898294.0,0000007084-16-000046,2016-01-29,,,,,,2015,EntityCommonStockSharesOutstanding
7084,ARCHER-DANIELS-MIDLAND CO,571080171.0,0000007084-17-000008,2017-02-10,,,,,,2016,EntityCommonStockSharesOutstanding
7084,ARCHER-DANIELS-MIDLAND CO,560088795.0,0000007084-19-000012,2019-02-14,,,,,,2018,EntityCommonStockSharesOutstanding
7084,ARCHER-DANIELS-MIDLAND CO,557887494.0,0000007084-20-000009,2020-02-14,,,,,,2019,EntityCommonStockSharesOutstanding
7084,ARCHER-DANIELS-MIDLAND CO,548008680.0,0000007084-23-000010,2023-02-13,,,,,,2022,EntityCommonStockSharesOutstanding
7084,ARCHER-DANIELS-MIDLAND CO,479707071.0,0000007084-25-000011,2025-02-14,,,,,,2024,EntityCommonStockSharesOutstanding
7084,ARCHER-DANIELS-MIDLAND CO,481201844.0,0000007084-26-000011,2026-02-10,,,,,,2025,EntityCommonStockSharesOutstanding
7084,ARCHER-DANIELS-MIDLAND CO,481959583.0,0000007084-26-000042,2026-07-30,,,,,,2026,EntityCommonStockSharesOutstanding
8670,"Automatic     Data Processing, Inc.",457451131.0,0000008670-16-000030,2016-01-31,,,,,,2015,EntityCommonStockSharesOutstanding
8670,"Automatic     Data Processing, Inc.",448902582.0,0000008670-17-000003,2017-01-27,,,,,,2016,EntityCommonStockSharesOutstanding
8670,"Automatic     Data Processing, Inc.",443269657.0,0000008670-18-000003,2018-01-26,,,,,,2017,EntityCommonStockSharesOutstanding
8670,"Automatic     Data Processing, Inc.",435629656.0,0000008670-19-000005,2019-01-25,,,,,,2018,EntityCommonStockSharesOutstanding
8670,"Automatic     Data Processing, Inc.",431754252.0,0000008670-20-000007,2020-01-28,,,,,,2019,EntityCommonStockSharesOutstanding
8670,"Automatic     Data Processing, Inc.",427940220.0,0000008670-21-000007,2021-01-27,,,,,,2020,EntityCommonStockSharesOutstanding
8670,"AUTOMATIC DATA PROCESSING, INC.",420045265.0,0000008670-22-000014,2022-01-26,,,,,,2021,EntityCommonStockSharesOutstanding
8670,"AUTOMATIC DATA PROCESSING, INC.",414351542.0,0000008670-23-000008,2023-01-31,,,,,,2022,EntityCommonStockSharesOutstanding
8670,"AUTOMATIC DATA PROCESSING, INC.",410790567.0,0000008670-24-000007,2024-01-29,,,,,,2023,EntityCommonStockSharesOutstanding
8670,"AUTOMATIC DATA PROCESSING, INC.",406870893.0,0000008670-25-000007,2025-01-27,,,,,,2024,EntityCommonStockSharesOutstanding
8670,"AUTOMATIC DATA PROCESSING, INC.",402644364.0,0000008670-26-000011,2026-01-26,,,,,,2025,EntityCommonStockSharesOutstanding
8670,"AUTOMATIC DATA PROCESSING, INC.",397262737.0,0000008670-26-000030,2026-07-31,,,,,,2026,EntityCommonStockSharesOutstanding
8818,AVERY DENNISON CORPORATION,89430815.0,0001047469-16-010376,2016-01-30,,,,,,2015,EntityCommonStockSharesOutstanding
8818,AVERY DENNISON CORPORATION,88123603.0,0001047469-17-000881,2017-01-28,,,,,,2016,EntityCommonStockSharesOutstanding
8818,AVERY DENNISON CORPORATION,87927816.0,0001047469-18-000931,2018-01-27,,,,,,2017,EntityCommonStockSharesOutstanding
8818,AVERY DENNISON CORPORATION,83044019.0,0001193125-21-055146,2021-01-30,,,,,,2020,EntityCommonStockSharesOutstanding
8818,AVERY DENNISON CORPORATION,82461259.0,0001193125-22-049910,2022-01-29,,,,,,2021,EntityCommonStockSharesOutstanding
8818,AVERY DENNISON CORPORATION,80824942.0,0000008818-23-000002,2023-01-28,,,,,,2022,EntityCommonStockSharesOutstanding
8818,AVERY DENNISON CORPORATION,80508663.0,0000008818-24-000003,2024-01-27,,,,,,2023,EntityCommonStockSharesOutstanding
8818,AVERY DENNISON CORPORATION,76877940.0,0000008818-26-000015,2026-01-31,,,,,,2025,EntityCommonStockSharesOutstanding
8818,AVERY DENNISON CORPORATION,75788142.0,0000008818-26-000131,2026-08-01,,,,,,2026,EntityCommonStockSharesOutstanding
9389,BALL Corp,141713478.0,0001104659-16-097390,2016-02-12,,,,,,2015,EntityCommonStockSharesOutstanding
9389,Ball Corp,0.0,0001558370-22-001251,2022-02-14,,,,,,2021,EntityCommonStockSharesOutstanding
9389,BALL CORPORATION,264703357.0,0001104659-26-090226,2026-07-31,,,,,,2026,EntityCommonStockSharesOutstanding
10456,Baxter International Inc.,547871849.0,0001193125-16-479471,2016-01-31,,,,,,2015,EntityCommonStockSharesOutstanding
10456,Baxter International Inc.,540082230.0,0001564590-17-002240,2017-01-31,,,,,,2016,EntityCommonStockSharesOutstanding
10456,Baxter International Inc.,540138815.0,0001564590-18-002954,2018-01-31,,,,,,2017,EntityCommonStockSharesOutstanding
10456,Baxter International Inc.,512538202.0,0001564590-19-003727,2019-01-31,,,,,,2018,EntityCommonStockSharesOutstanding
10456,Baxter International Inc.,505103894.0,0001628280-21-001867,2021-01-29,,,,,,2020,EntityCommonStockSharesOutstanding
10456,Baxter International Inc.,502293624.0,0001628280-22-003432,2022-01-31,,,,,,2021,EntityCommonStockSharesOutstanding
10456,Baxter International Inc.,504672166.0,0001628280-23-002864,2023-01-31,,,,,,2022,EntityCommonStockSharesOutstanding
10456,Baxter International Inc.,507827437.0,0001628280-24-003932,2024-01-31,,,,,,2023,EntityCommonStockSharesOutstanding
10456,Baxter International Inc.,511624996.0,0001628280-25-007201,2025-02-13,,,,,,2024,EntityCommonStockSharesOutstanding
10456,Baxter International Inc.,514490045.0,0001628280-26-007733,2026-02-05,,,,,,2025,EntityCommonStockSharesOutstanding
10456,BAXTER INTERNATIONAL INC.,516995999.0,0001628280-26-051118,2026-07-23,,,,,,2026,EntityCommonStockSharesOutstanding
10795,"Becton, Dickinson and Company",211816526.0,0001628280-16-010787,2015-12-31,,,,,,2015,EntityCommonStockSharesOutstanding
10795,"BECTON, DICKINSON AND COMPANY",212825085.0,0000010795-17-000002,2016-12-31,,,,,,2016,EntityCommonStockSharesOutstanding
10795,"BECTON, DICKINSON AND COMPANY",266242472.0,0000010795-18-000008,2017-12-31,,,,,,2017,EntityCommonStockSharesOutstanding
10795,"BECTON, DICKINSON AND COMPANY",269063379.0,0000010795-19-000009,2018-12-31,,,,,,2018,EntityCommonStockSharesOutstanding
10795,"BECTON, DICKINSON AND COMPANY",271173148.0,0000010795-20-000010,2019-12-31,,,,,,2019,EntityCommonStockSharesOutstanding
10795,"BECTON, DICKINSON AND COMPANY",290559991.0,0000010795-21-000029,2020-12-31,,,,,,2020,EntityCommonStockSharesOutstanding
10795,"Becton, Dickinson and Company",284771077.0,0000010795-22-000017,2021-12-31,,,,,,2021,EntityCommonStockSharesOutstanding
10795,"Becton, Dickinson and Company",283901642.0,0000010795-23-000030,2022-12-31,,,,,,2022,EntityCommonStockSharesOutstanding
10795,"Becton, Dickinson and Company",288902232.0,0000010795-24-000019,2023-12-31,,,,,,2023,EntityCommonStockSharesOutstanding
10795,"Becton, Dickinson and Company",287135421.0,0000010795-25-000022,2024-12-31,,,,,,2024,EntityCommonStockSharesOutstanding
10795,"BECTON, DICKINSON AND COMPANY",284741809.0,0000010795-26-000005,2025-12-31,,,,,,2025,EntityCommonStockSharesOutstanding
10795,"BECTON, DICKINSON AND COMPANY",272386800.0,0000010795-26-000035,2026-06-30,,,,,,2026,EntityCommonStockSharesOutstanding
11544,W. R. BERKLEY CORP,177361868.0,0000011544-21-000013,2021-02-11,,,,,,2020,EntityCommonStockSharesOutstanding
11544,W. R. BERKLEY CORP,379226056.0,0000011544-25-000005,2025-02-13,,,,,,2024,EntityCommonStockSharesOutstanding
11544,W. R. BERKLEY CORP,371227529.0,0000011544-26-000036,2026-07-27,,,,,,2026,EntityCommonStockSharesOutstanding
12927,BOEING CO,662503822.0,0000012927-16-000099,2016-02-04,,,,,,2015,EntityCommonStockSharesOutstanding
12927,BOEING CO,612478643.0,0000012927-17-000006,2017-02-01,,,,,,2016,EntityCommonStockSharesOutstanding
12927,BOEING CO,588490313.0,0000012927-18-000007,2018-02-05,,,,,,2017,EntityCommonStockSharesOutstanding
12927,BOEING CO,564985109.0,0000012927-19-000010,2019-02-01,,,,,,2018,EntityCommonStockSharesOutstanding
12927,BOEING CO,563152208.0,0000012927-20-000014,2020-01-24,,,,,,2019,EntityCommonStockSharesOutstanding
12927,BOEING CO,582996860.0,0000012927-21-000011,2021-01-25,,,,,,2020,EntityCommonStockSharesOutstanding
12927,BOEING CO,582999765.0,0000012927-22-000010,2022-01-24,,,,,,2021,EntityCommonStockSharesOutstanding
12927,BOEING CO,598239585.0,0000012927-23-000007,2023-01-20,,,,,,2022,EntityCommonStockSharesOutstanding
12927,BOEING CO,610135205.0,0000012927-24-000010,2024-01-24,,,,,,2023,EntityCommonStockSharesOutstanding
12927,BOEING CO,750074411.0,0000012927-25-000015,2025-01-27,,,,,,2024,EntityCommonStockSharesOutstanding
12927,BOEING CO,785347096.0,0001628280-26-004357,2026-01-23,,,,,,2025,EntityCommonStockSharesOutstanding
12927,THE BOEING COMPANY,790370020.0,0001628280-26-050038,2026-07-21,,,,,,2026,EntityCommonStockSharesOutstanding
14272,BRISTOL-MYERS SQUIBB COMPANY,1669459090.0,0000014272-16-000288,2016-02-01,,,,,,2015,EntityCommonStockSharesOutstanding
14272,BRISTOL-MYERS SQUIBB COMPANY,1672715340.0,0000014272-17-000047,2017-02-01,,,,,,2016,EntityCommonStockSharesOutstanding
14272,BRISTOL-MYERS SQUIBB COMPANY,1632582502.0,0000014272-18-000055,2018-02-01,,,,,,2017,EntityCommonStockSharesOutstanding
14272,BRISTOL-MYERS SQUIBB COMPANY,1632675877.0,0000014272-19-000047,2019-02-01,,,,,,2018,EntityCommonStockSharesOutstanding
14272,BRISTOL-MYERS SQUIBB COMPANY,2257510796.0,0000014272-20-000082,2020-02-03,,,,,,2019,EntityCommonStockSharesOutstanding
14272,BRISTOL-MYERS SQUIBB COMPANY,2240475153.0,0000014272-21-000066,2021-02-01,,,,,,2020,EntityCommonStockSharesOutstanding
14272,BRISTOL-MYERS SQUIBB COMPANY,2179712820.0,0000014272-22-000051,2022-02-01,,,,,,2021,EntityCommonStockSharesOutstanding
14272,BRISTOL-MYERS SQUIBB COMPANY,2098775978.0,0000014272-23-000046,2023-02-07,,,,,,2022,EntityCommonStockSharesOutstanding
14272,BRISTOL-MYERS SQUIBB COMPANY,2022193411.0,0000014272-24-000044,2024-02-06,,,,,,2023,EntityCommonStockSharesOutstanding
14272,BRISTOL-MYERS SQUIBB COMPANY,2029312023.0,0000014272-25-000039,2025-02-06,,,,,,2024,EntityCommonStockSharesOutstanding
14272,BRISTOL-MYERS SQUIBB COMPANY,2036473705.0,0000014272-26-000004,2026-02-04,,,,,,2025,EntityCommonStockSharesOutstanding
14272,BRISTOL-MYERS SQUIBB COMPANY,2042714656.0,0000014272-26-000020,2026-07-22,,,,,,2026,EntityCommonStockSharesOutstanding
18230,CATERPILLAR INC,582321890.0,0000018230-16-000533,2015-12-31,,,,,,2015,EntityCommonStockSharesOutstanding
18230,CATERPILLAR INC,586486024.0,0000018230-17-000041,2016-12-31,,,,,,2016,EntityCommonStockSharesOutstanding
18230,CATERPILLAR INC,597625772.0,0000018230-18-000042,2017-12-31,,,,,,2017,EntityCommonStockSharesOutstanding
18230,CATERPILLAR INC,575542738.0,0000018230-19-000034,2018-12-31,,,,,,2018,EntityCommonStockSharesOutstanding
18230,CATERPILLAR INC,550082610.0,0000018230-20-000056,2019-12-31,,,,,,2019,EntityCommonStockSharesOutstanding
18230,CATERPILLAR INC,545303847.0,0000018230-21-000063,2020-12-31,,,,,,2020,EntityCommonStockSharesOutstanding
18230,CATERPILLAR INC,535888051.0,0000018230-22-000050,2021-12-31,,,,,,2021,EntityCommonStockSharesOutstanding
18230,CATERPILLAR INC,516345490.0,0000018230-23-000011,2022-12-31,,,,,,2022,EntityCommonStockSharesOutstanding
18230,CATERPILLAR INC,499377269.0,0000018230-24-000009,2023-12-31,,,,,,2023,EntityCommonStockSharesOutstanding
18230,CATERPILLAR INC,477932024.0,0000018230-25-000008,2024-12-31,,,,,,2024,EntityCommonStockSharesOutstanding
18230,CATERPILLAR INC,465287332.0,0000018230-26-000008,2025-12-31,,,,,,2025,EntityCommonStockSharesOutstanding
18230,CATERPILLAR INC,459674889.0,0000018230-26-000046,2026-06-30,,,,,,2026,EntityCommonStockSharesOutstanding
19617,JPMORGAN CHASE & CO,3670264897.0,0000019617-16-000902,2016-01-31,,,,,,2015,EntityCommonStockSharesOutstanding
19617,JPMORGAN CHASE & CO,3571963160.0,0000019617-17-000314,2017-01-31,,,,,,2016,EntityCommonStockSharesOutstanding
19617,JPMORGAN CHASE & CO,3431958491.0,0000019617-18-000057,2018-01-31,,,,,,2017,EntityCommonStockSharesOutstanding
19617,JPMORGAN CHASE & CO,3274241726.0,0000019617-19-000054,2019-01-31,,,,,,2018,EntityCommonStockSharesOutstanding
19617,JPMORGAN CHASE & CO,3073976616.0,0000019617-20-000257,2020-01-31,,,,,,2019,EntityCommonStockSharesOutstanding
19617,JPMORGAN CHASE & CO,3051506436.0,0000019617-21-000236,2021-01-31,,,,,,2020,EntityCommonStockSharesOutstanding
19617,JPMorgan Chase & Co,2952808970.0,0000019617-22-000272,2022-01-31,,,,,,2021,EntityCommonStockSharesOutstanding
19617,JPMorgan Chase & Co,2943355459.0,0000019617-23-000231,2023-01-31,,,,,,2022,EntityCommonStockSharesOutstanding
19617,JPMorgan Chase & Co,2880371498.0,0000019617-24-000225,2024-01-31,,,,,,2023,EntityCommonStockSharesOutstanding
19617,JPMorgan Chase & Co,2796106099.0,0000019617-25-000270,2025-01-31,,,,,,2024,EntityCommonStockSharesOutstanding
19617,JPMorgan Chase & Co,2697032375.0,0001628280-26-008131,2026-01-31,,,,,,2025,EntityCommonStockSharesOutstanding
19617,JPMORGAN CHASE & CO,2658186195.0,0001628280-26-054343,2026-06-30,,,,,,2026,EntityCommonStockSharesOutstanding
20286,Cincinnati Financial Corporation,156523953.0,0000020286-25-000009,2025-02-14,,,,,,2024,EntityCommonStockSharesOutstanding
20286,CINCINNATI FINANCIAL CORPORATION,153478045.0,0000020286-26-000045,2026-07-22,,,,,,2026,EntityCommonStockSharesOutstanding
21076,CLOROX CO /DE/,129445561.0,0001359948-16-000048,2016-01-21,,,,,,2015,EntityCommonStockSharesOutstanding
21076,CLOROX CO /DE/,128265855.0,0000021076-17-000002,2017-01-20,,,,,,2016,EntityCommonStockSharesOutstanding
21076,CLOROX CO /DE/,129403990.0,0000021076-18-000004,2018-01-19,,,,,,2017,EntityCommonStockSharesOutstanding
21076,CLOROX CO /DE/,128164289.0,0000021076-19-000004,2019-01-18,,,,,,2018,EntityCommonStockSharesOutstanding
21076,CLOROX CO /DE/,125099598.0,0000021076-20-000004,2020-01-21,,,,,,2019,EntityCommonStockSharesOutstanding
21076,CLOROX CO /DE/,125791273.0,0000021076-21-000004,2021-01-21,,,,,,2020,EntityCommonStockSharesOutstanding
21076,THE CLOROX COMPANY,123057857.0,0000021076-22-000007,2022-01-20,,,,,,2021,EntityCommonStockSharesOutstanding
21076,THE CLOROX COMPANY,123524928.0,0000021076-23-000007,2023-01-19,,,,,,2022,EntityCommonStockSharesOutstanding
21076,THE CLOROX COMPANY,124106333.0,0000021076-24-000010,2024-01-18,,,,,,2023,EntityCommonStockSharesOutstanding
21076,THE CLOROX COMPANY,123189867.0,0000021076-25-000013,2025-01-17,,,,,,2024,EntityCommonStockSharesOutstanding
21076,THE CLOROX COMPANY,120911863.0,0000021076-26-000010,2026-01-20,,,,,,2025,EntityCommonStockSharesOutstanding
21344,COCA COLA CO,4302549243.0,0001628280-26-050503,2026-07-27,,,,,,2026,EntityCommonStockSharesOutstanding
21665,COLGATE-PALMOLIVE COMPANY,892738516.0,0001628280-16-011343,2016-01-31,,,,,,2015,EntityCommonStockSharesOutstanding
21665,COLGATE-PALMOLIVE COMPANY,882856721.0,0000021665-17-000002,2017-01-31,,,,,,2016,EntityCommonStockSharesOutstanding
21665,COLGATE-PALMOLIVE COMPANY,875326736.0,0000021665-18-000006,2018-01-31,,,,,,2017,EntityCommonStockSharesOutstanding
21665,COLGATE-PALMOLIVE COMPANY,861676494.0,0000021665-19-000003,2019-01-31,,,,,,2018,EntityCommonStockSharesOutstanding
21665,COLGATE-PALMOLIVE COMPANY,855029777.0,0000021665-20-000004,2020-01-31,,,,,,2019,EntityCommonStockSharesOutstanding
21665,COLGATE-PALMOLIVE COMPANY,848562678.0,0000021665-21-000007,2021-01-31,,,,,,2020,EntityCommonStockSharesOutstanding
21665,COLGATE-PALMOLIVE COMPANY,840487222.0,0000021665-22-000003,2022-01-31,,,,,,2021,EntityCommonStockSharesOutstanding
21665,COLGATE-PALMOLIVE COMPANY,830378790.0,0000021665-23-000007,2023-01-31,,,,,,2022,EntityCommonStockSharesOutstanding
21665,COLGATE-PALMOLIVE COMPANY,823150919.0,0000021665-24-000003,2024-01-31,,,,,,2023,EntityCommonStockSharesOutstanding
21665,COLGATE-PALMOLIVE COMPANY,811536437.0,0000021665-25-000008,2025-01-31,,,,,,2024,EntityCommonStockSharesOutstanding
21665,COLGATE-PALMOLIVE COMPANY,801548028.0,0000021665-26-000006,2026-01-31,,,,,,2025,EntityCommonStockSharesOutstanding
21665,COLGATE-PALMOLIVE COMPANY,797172829.0,0000021665-26-000042,2026-06-30,,,,,,2026,EntityCommonStockSharesOutstanding
24741,CORNING INC /NY,1112837205.0,0000024741-16-000077,2016-01-31,,,,,,2015,EntityCommonStockSharesOutstanding
24741,CORNING INC /NY,928093508.0,0000024741-17-000011,2017-01-31,,,,,,2016,EntityCommonStockSharesOutstanding
24741,CORNING INC /NY,857453098.0,0000024741-18-000010,2018-01-31,,,,,,2017,EntityCommonStockSharesOutstanding
24741,CORNING INC /NY,786761073.0,0000024741-19-000016,2019-01-31,,,,,,2018,EntityCommonStockSharesOutstanding
24741,CORNING INC /NY,763628266.0,0000024741-20-000014,2020-02-10,,,,,,2019,EntityCommonStockSharesOutstanding
24741,CORNING INC /NY,768367889.0,0001562762-21-000023,2021-01-31,,,,,,2020,EntityCommonStockSharesOutstanding
24741,CORNING INC /NY,845849498.0,0001437749-22-003247,2022-01-31,,,,,,2021,EntityCommonStockSharesOutstanding
24741,CORNING INC /NY,846563422.0,0001437749-23-003123,2023-01-31,,,,,,2022,EntityCommonStockSharesOutstanding
24741,CORNING INC /NY,853474317.0,0001437749-24-003735,2024-01-31,,,,,,2023,EntityCommonStockSharesOutstanding
24741,CORNING INC /NY,856564001.0,0001628280-25-005347,2025-01-31,,,,,,2024,EntityCommonStockSharesOutstanding
24741,CORNING INC /NY,857948109.0,0000024741-26-000124,2026-01-30,,,,,,2025,EntityCommonStockSharesOutstanding
24741,CORNING INC /NY,861388331.0,0000024741-26-000255,2026-07-24,,,,,,2026,EntityCommonStockSharesOutstanding
26172,CUMMINS INC.,174320797.0,0000026172-16-000033,2016-02-05,,,,,,2015,EntityCommonStockSharesOutstanding
26172,CUMMINS INC.,168155330.0,0000026172-17-000007,2017-02-03,,,,,,2016,EntityCommonStockSharesOutstanding
26172,CUMMINS INC.,165683334.0,0000026172-18-000011,2018-02-02,,,,,,2017,EntityCommonStockSharesOutstanding
26172,CUMMINS INC.,157338874.0,0000026172-19-000009,2019-02-01,,,,,,2018,EntityCommonStockSharesOutstanding
26172,CUMMINS INC.,150269665.0,0000026172-20-000009,2020-01-31,,,,,,2019,EntityCommonStockSharesOutstanding
26172,CUMMINS INC.,147657584.0,0000026172-21-000012,2020-12-31,,,,,,2020,EntityCommonStockSharesOutstanding
26172,CUMMINS INC.,142426735.0,0000026172-22-000008,2021-12-31,,,,,,2021,EntityCommonStockSharesOutstanding
26172,CUMMINS INC.,141375256.0,0000026172-23-000005,2023-01-31,,,,,,2022,EntityCommonStockSharesOutstanding
26172,CUMMINS INC.,141856847.0,0000026172-24-000012,2024-01-31,,,,,,2023,EntityCommonStockSharesOutstanding
26172,CUMMINS INC.,137481164.0,0000026172-25-000007,2025-01-31,,,,,,2024,EntityCommonStockSharesOutstanding
26172,CUMMINS INC.,138165463.0,0000026172-26-000009,2026-01-31,,,,,,2025,EntityCommonStockSharesOutstanding
26172,CUMMINS INC.,137664487.0,0000026172-26-000029,2026-06-30,,,,,,2026,EntityCommonStockSharesOutstanding
27419,TARGET CORP,616051610.0,0000027419-15-000036,2015-11-19,,,,,,2015,EntityCommonStockSharesOutstanding
27419,TARGET CORP,561695464.0,0000027419-16-000066,2016-11-17,,,,,,2016,EntityCommonStockSharesOutstanding
27419,TARGET CORP,521833603.0,0000027419-18-000036,2018-11-21,,,,,,2018,EntityCommonStockSharesOutstanding
27419,TARGET CORP,506737121.0,0000027419-19-000026,2019-11-22,,,,,,2019,EntityCommonStockSharesOutstanding
27419,TARGET CORP,500773141.0,0000027419-20-000034,2020-11-20,,,,,,2020,EntityCommonStockSharesOutstanding
27419,TARGET CORP,479123918.0,0000027419-21-000034,2021-11-19,,,,,,2021,EntityCommonStockSharesOutstanding
27419,TARGET CORPORATION,460310088.0,0000027419-22-000037,2022-11-18,,,,,,2022,EntityCommonStockSharesOutstanding
27419,TARGET CORPORATION,461661800.0,0000027419-23-000052,2023-11-17,,,,,,2023,EntityCommonStockSharesOutstanding
27419,TARGET CORPORATION,458211929.0,0000027419-24-000179,2024-11-21,,,,,,2024,EntityCommonStockSharesOutstanding
27419,TARGET CORPORATION,452806418.0,0000027419-25-000126,2025-11-19,,,,,,2025,EntityCommonStockSharesOutstanding
27419,TARGET CORPORATION,454191112.0,0000027419-26-000022,2026-05-22,,,,,,2026,EntityCommonStockSharesOutstanding
27904,"DELTA AIR LINES, INC.",778508621.0,0000027904-16-000018,2016-01-31,,,,,,2015,EntityCommonStockSharesOutstanding
27904,"DELTA AIR LINES, INC.",730770638.0,0000027904-17-000004,2017-01-31,,,,,,2016,EntityCommonStockSharesOutstanding
27904,"DELTA AIR LINES, INC.",706913358.0,0000027904-18-000006,2018-01-31,,,,,,2017,EntityCommonStockSharesOutstanding
27904,"DELTA AIR LINES, INC.",678950098.0,0000027904-19-000003,2019-01-31,,,,,,2018,EntityCommonStockSharesOutstanding
27904,"DELTA AIR LINES, INC.",640093995.0,0000027904-20-000004,2020-01-31,,,,,,2019,EntityCommonStockSharesOutstanding
27904,"DELTA AIR LINES, INC.",638146665.0,0000027904-21-000003,2021-01-31,,,,,,2020,EntityCommonStockSharesOutstanding
27904,"DELTA AIR LINES, INC.",639929760.0,0000027904-22-000003,2022-01-31,,,,,,2021,EntityCommonStockSharesOutstanding
27904,"DELTA AIR LINES, INC.",641238655.0,0000027904-23-000003,2023-01-31,,,,,,2022,EntityCommonStockSharesOutstanding
27904,"DELTA AIR LINES, INC.",643323851.0,0000027904-24-000003,2024-01-31,,,,,,2023,EntityCommonStockSharesOutstanding
27904,"DELTA AIR LINES, INC.",645962006.0,0000027904-25-000004,2025-01-31,,,,,,2024,EntityCommonStockSharesOutstanding
27904,"DELTA AIR LINES, INC.",653130708.0,0000027904-26-000013,2026-01-31,,,,,,2025,EntityCommonStockSharesOutstanding
27904,"DELTA AIR LINES, INC.",657623030.0,0000027904-26-000031,2026-06-30,,,,,,2026,EntityCommonStockSharesOutstanding
29534,DOLLAR GENERAL CORPORATION,290934510.0,0001104659-15-082600,2015-11-27,,,,,,2015,EntityCommonStockSharesOutstanding
29534,DOLLAR GENERAL CORPORATION,276264260.0,0001558370-16-010321,2016-11-28,,,,,,2016,EntityCommonStockSharesOutstanding
29534,DOLLAR GENERAL CORPORATION,271563597.0,0001558370-17-009219,2017-12-01,,,,,,2017,EntityCommonStockSharesOutstanding
29534,DOLLAR GENERAL CORPORATION,262884331.0,0001558370-18-009556,2018-11-30,,,,,,2018,EntityCommonStockSharesOutstanding
29534,DOLLAR GENERAL CORPORATION,254600137.0,0001558370-19-011341,2019-11-29,,,,,,2019,EntityCommonStockSharesOutstanding
29534,DOLLAR GENERAL CORPORATION,245000903.0,0001558370-20-014156,2020-11-27,,,,,,2020,EntityCommonStockSharesOutstanding
29534,DOLLAR GENERAL CORPORATION,231706504.0,0001558370-21-016455,2021-11-26,,,,,,2021,EntityCommonStockSharesOutstanding
29534,DOLLAR GENERAL CORPORATION,223574799.0,0001558370-22-018302,2022-11-25,,,,,,2022,EntityCommonStockSharesOutstanding
29534,DOLLAR GENERAL CORPORATION,219497254.0,0001558370-23-019576,2023-11-30,,,,,,2023,EntityCommonStockSharesOutstanding
29534,DOLLAR GENERAL CORP ORATION,219925670.0,0001558370-24-016024,2024-11-29,,,,,,2024,EntityCommonStockSharesOutstanding
29534,DOLLAR GENERAL CORP,220118871.0,0001104659-25-118289,2025-12-02,,,,,,2025,EntityCommonStockSharesOutstanding
29534,DOLLAR GENERAL CORP,220586647.0,0001104659-26-069205,2026-05-29,,,,,,2026,EntityCommonStockSharesOutstanding
29905,DOVER Corp,155009407.0,0000029905-16-000064,2016-01-29,,,,,,2015,EntityCommonStockSharesOutstanding
29905,Dover Corporation,155502313.0,0000029905-17-000011,2017-01-27,,,,,,2016,EntityCommonStockSharesOutstanding
29905,DOVER Corp,154424436.0,0000029905-18-000019,2018-01-26,,,,,,2017,EntityCommonStockSharesOutstanding
29905,DOVER Corp,144940620.0,0000029905-19-000019,2019-02-01,,,,,,2018,EntityCommonStockSharesOutstanding
29905,DOVER Corp,144328014.0,0000029905-20-000011,2020-02-04,,,,,,2019,EntityCommonStockSharesOutstanding
29905,DOVER Corp,143649247.0,0000029905-21-000010,2021-02-02,,,,,,2020,EntityCommonStockSharesOutstanding
29905,Dover Corporation,144054607.0,0000029905-22-000009,2022-02-01,,,,,,2021,EntityCommonStockSharesOutstanding
29905,Dover Corporation,139713200.0,0000029905-23-000008,2023-01-31,,,,,,2022,EntityCommonStockSharesOutstanding
29905,Dover Corporation,139896670.0,0000029905-24-000008,2024-01-29,,,,,,2023,EntityCommonStockSharesOutstanding
29905,Dover Corporation,137225409.0,0000029905-25-000006,2025-02-03,,,,,,2024,EntityCommonStockSharesOutstanding
29905,Dover Corporation,134866626.0,0000029905-26-000009,2026-02-02,,,,,,2025,EntityCommonStockSharesOutstanding
29905,DOVER Corp,134680225.0,0000029905-26-000027,2026-07-17,,,,,,2026,EntityCommonStockSharesOutstanding
29989,OMNICOM GROUP INC.,239590579.0,0000029989-16-000015,2016-01-27,,,,,,2015,EntityCommonStockSharesOutstanding
29989,OMNICOM GROUP INC.,234530246.0,0000029989-17-000004,2017-01-25,,,,,,2016,EntityCommonStockSharesOutstanding
29989,OMNICOM GROUP INC.,230267646.0,0000029989-18-000004,2018-01-31,,,,,,2017,EntityCommonStockSharesOutstanding
29989,OMNICOM GROUP INC.,223690798.0,0000029989-19-000007,2019-01-31,,,,,,2018,EntityCommonStockSharesOutstanding
29989,OMNICOM GROUP INC.,216867679.0,0000029989-20-000005,2020-01-30,,,,,,2019,EntityCommonStockSharesOutstanding
29989,OMNICOM GROUP INC.,215014390.0,0000029989-21-000004,2021-02-11,,,,,,2020,EntityCommonStockSharesOutstanding
29989,OMNICOM GROUP INC.,208992475.0,0000029989-22-000012,2022-02-01,,,,,,2021,EntityCommonStockSharesOutstanding
29989,OMNICOM GROUP INC.,202713338.0,0000029989-23-000005,2023-02-01,,,,,,2022,EntityCommonStockSharesOutstanding
29989,OMNICOM GROUP INC.,197992717.0,0000029989-24-000007,2024-02-01,,,,,,2023,EntityCommonStockSharesOutstanding
29989,OMNICOM GROUP INC.,196490662.0,0000029989-25-000009,2025-01-30,,,,,,2024,EntityCommonStockSharesOutstanding
29989,Omnicom Group Inc.,310336344.0,0000029989-26-000006,2026-01-30,,,,,,2025,EntityCommonStockSharesOutstanding
29989,OMNICOM GROUP INC.,274345967.0,0000029989-26-000019,2026-07-22,,,,,,2026,EntityCommonStockSharesOutstanding
31462,ECOLAB INC.,296001857.0,0001558370-16-003581,2016-01-29,,,,,,2015,EntityCommonStockSharesOutstanding
31462,ECOLAB INC.,291718512.0,0001558370-17-000944,2017-01-31,,,,,,2016,EntityCommonStockSharesOutstanding
31462,ECOLAB INC.,288858441.0,0001558370-18-000999,2018-01-31,,,,,,2017,EntityCommonStockSharesOutstanding
31462,ECOLAB INC.,287853232.0,0001558370-19-001379,2019-01-31,,,,,,2018,EntityCommonStockSharesOutstanding
31462,ECOLAB INC.,288166440.0,0001558370-20-001788,2020-01-31,,,,,,2019,EntityCommonStockSharesOutstanding
31462,ECOLAB INC.,285849956.0,0001558370-21-001916,2021-01-29,,,,,,2020,EntityCommonStockSharesOutstanding
31462,ECOLAB INC.,286751531.0,0001558370-22-002059,2022-01-31,,,,,,2021,EntityCommonStockSharesOutstanding
31462,ECOLAB INC.,284462087.0,0001558370-23-001969,2023-01-31,,,,,,2022,EntityCommonStockSharesOutstanding
31462,ECOLAB INC.,285513155.0,0001558370-24-001581,2024-01-31,,,,,,2023,EntityCommonStockSharesOutstanding
31462,ECOLAB INC.,282997058.0,0001558370-25-001263,2025-01-31,,,,,,2024,EntityCommonStockSharesOutstanding
31462,ECOLAB INC.,281969448.0,0001104659-26-018357,2026-01-30,,,,,,2025,EntityCommonStockSharesOutstanding
31462,ECOLAB INC.,280328603.0,0001628280-26-053886,2026-06-30,,,,,,2026,EntityCommonStockSharesOutstanding
31791,"REVVITY, INC",111586401.0,0000031791-26-000027,2026-08-06,,,,,,2026,EntityCommonStockSharesOutstanding
32604,EMERSON ELECTRIC CO,643115792.0,0000032604-16-000062,2016-01-31,,,,,,2015,EntityCommonStockSharesOutstanding
32604,EMERSON ELECTRIC CO,645064675.0,0000032604-17-000007,2017-01-31,,,,,,2016,EntityCommonStockSharesOutstanding
32604,EMERSON ELECTRIC CO,634837581.0,0000032604-18-000011,2018-01-31,,,,,,2017,EntityCommonStockSharesOutstanding
32604,EMERSON ELECTRIC CO,614619859.0,0000032604-19-000007,2019-01-31,,,,,,2018,EntityCommonStockSharesOutstanding
32604,EMERSON ELECTRIC CO,611841054.0,0000032604-20-000007,2020-01-31,,,,,,2019,EntityCommonStockSharesOutstanding
32604,EMERSON ELECTRIC CO,600029672.0,0000032604-21-000004,2021-01-31,,,,,,2020,EntityCommonStockSharesOutstanding
32604,EMERSON ELECTRIC CO.,594000000.0,0000032604-22-000009,2021-12-31,,,,,,2021,EntityCommonStockSharesOutstanding
32604,EMERSON ELECTRIC CO.,571400000.0,0000032604-23-000010,2022-12-31,,,,,,2022,EntityCommonStockSharesOutstanding
32604,EMERSON ELECTRIC CO.,571700000.0,0000032604-24-000008,2023-12-31,,,,,,2023,EntityCommonStockSharesOutstanding
32604,EMERSON ELECTRIC CO.,563900000.0,0000032604-25-000012,2024-12-31,,,,,,2024,EntityCommonStockSharesOutstanding
32604,EMERSON ELECTRIC CO.,562000000.0,0000032604-26-000007,2025-12-31,,,,,,2025,EntityCommonStockSharesOutstanding
32604,EMERSON ELECTRIC CO.,557800000.0,0000032604-26-000043,2026-06-30,,,,,,2026,EntityCommonStockSharesOutstanding
33185,EQUIFAX INC,118706565.0,0000033185-16-000037,2016-01-31,,,,,,2015,EntityCommonStockSharesOutstanding
33185,EQUIFAX INC.,119853740.0,0000033185-17-000008,2017-01-31,,,,,,2016,EntityCommonStockSharesOutstanding
33185,EQUIFAX INC,120123872.0,0000033185-18-000011,2018-01-31,,,,,,2017,EntityCommonStockSharesOutstanding
33185,EQUIFAX INC.,120699888.0,0000033185-19-000007,2019-01-31,,,,,,2018,EntityCommonStockSharesOutstanding
33185,EQUIFAX INC,121235722.0,0000033185-20-000011,2020-01-31,,,,,,2019,EntityCommonStockSharesOutstanding
33185,EQUIFAX INC,121788082.0,0000033185-21-000025,2021-01-29,,,,,,2020,EntityCommonStockSharesOutstanding
33185,EQUIFAX INC.,122084603.0,0000033185-22-000014,2022-01-31,,,,,,2021,EntityCommonStockSharesOutstanding
33185,EQUIFAX INC.,122488001.0,0000033185-23-000012,2023-01-31,,,,,,2022,EntityCommonStockSharesOutstanding
33185,EQUIFAX INC.,123956391.0,0000033185-24-000017,2024-01-31,,,,,,2023,EntityCommonStockSharesOutstanding
33185,EQUIFAX INC.,124023838.0,0000033185-25-000025,2025-01-31,,,,,,2024,EntityCommonStockSharesOutstanding
33185,EQUIFAX INC.,120269998.0,0000033185-26-000010,2026-01-30,,,,,,2025,EntityCommonStockSharesOutstanding
33185,EQUIFAX INC,117484896.0,0000033185-26-000028,2026-07-10,,,,,,2026,EntityCommonStockSharesOutstanding
33213,EQT CORPORATION,152568000.0,0000033213-16-000018,2016-01-31,,,,,,2015,EntityCommonStockSharesOutstanding
33213,EQT CORPORATION,172838000.0,0000033213-17-000003,2017-01-31,,,,,,2016,EntityCommonStockSharesOutstanding
33213,EQT CORPORATION,264473000.0,0000033213-18-000003,2018-01-31,,,,,,2017,EntityCommonStockSharesOutstanding
33213,EQT CORPORATION,254762000.0,0000033213-19-000006,2019-01-31,,,,,,2018,EntityCommonStockSharesOutstanding
33213,EQT CORPORATION,278854465.0,0000033213-21-000006,2021-02-12,,,,,,2020,EntityCommonStockSharesOutstanding
33213,EQT CORPORATION,376023250.0,0000033213-22-000007,2022-02-04,,,,,,2021,EntityCommonStockSharesOutstanding
33213,EQT CORPORATION,360360130.0,0000033213-23-000008,2023-02-10,,,,,,2022,EntityCommonStockSharesOutstanding
33213,EQT CORPORATION,440427000.0,0000033213-24-000008,2024-02-09,,,,,,2023,EntityCommonStockSharesOutstanding
33213,EQT CORPORATION,597441000.0,0000033213-25-000011,2025-02-14,,,,,,2024,EntityCommonStockSharesOutstanding
33213,EQT CORPORATION,624274000.0,0000033213-26-000018,2026-02-11,,,,,,2025,EntityCommonStockSharesOutstanding
33213,EQT CORPORATION,625516000.0,0000033213-26-000043,2026-07-14,,,,,,2026,EntityCommonStockSharesOutstanding
34903,Federal Realty Investment Trust,69669864.0,0000034903-16-000045,2016-02-05,,,,,,2015,EntityCommonStockSharesOutstanding
34903,Federal Realty Investment Trust,72105659.0,0000034903-17-000008,2017-02-08,,,,,,2016,EntityCommonStockSharesOutstanding
34903,Federal Realty Investment Trust,73192726.0,0000034903-18-000009,2018-02-08,,,,,,2017,EntityCommonStockSharesOutstanding
34903,Federal Realty Investment Trust,74365801.0,0000034903-19-000013,2019-02-08,,,,,,2018,EntityCommonStockSharesOutstanding
34903,Federal Realty Investment Trust,75651842.0,0000034903-20-000008,2020-02-05,,,,,,2019,EntityCommonStockSharesOutstanding
34903,Federal Realty Investment Trust,76747943.0,0000034903-21-000020,2021-02-08,,,,,,2020,EntityCommonStockSharesOutstanding
34903,FEDERAL REALTY INVESTMENT TRUST,78616815.0,0000034903-22-000023,2022-02-07,,,,,,2021,EntityCommonStockSharesOutstanding
34903,FEDERAL REALTY INVESTMENT TRUST,81353180.0,0000034903-23-000020,2023-02-03,,,,,,2022,EntityCommonStockSharesOutstanding
34903,FEDERAL REALTY INVESTMENT TRUST,82989879.0,0000034903-24-000032,2024-02-07,,,,,,2023,EntityCommonStockSharesOutstanding
34903,FEDERAL REALTY INVESTMENT TRUST,85680614.0,0000034903-25-000016,2025-02-10,,,,,,2024,EntityCommonStockSharesOutstanding
34903,FEDERAL REALTY INVESTMENT TRUST,86276033.0,0000034903-26-000017,2026-02-09,,,,,,2025,EntityCommonStockSharesOutstanding
35527,Fifth Third Bancorp,783231128.0,0001193125-16-478543,2016-01-31,,,,,,2015,EntityCommonStockSharesOutstanding
35527,Fifth Third Bancorp,750864896.0,0001193125-17-056318,2017-01-31,,,,,,2016,EntityCommonStockSharesOutstanding
35527,Fifth Third Bancorp,694212973.0,0001193125-18-062301,2018-01-31,,,,,,2017,EntityCommonStockSharesOutstanding
35527,Fifth Third Bancorp,647259351.0,0001193125-19-059441,2019-01-31,,,,,,2018,EntityCommonStockSharesOutstanding
35527,Fifth Third Bancorp,709552415.0,0001193125-20-057751,2020-01-31,,,,,,2019,EntityCommonStockSharesOutstanding
35527,Fifth Third Bancorp,708697950.0,0000035527-21-000100,2021-01-31,,,,,,2020,EntityCommonStockSharesOutstanding
35527,FIFTH THIRD BANCORP,683679363.0,0000035527-22-000119,2022-01-31,,,,,,2021,EntityCommonStockSharesOutstanding
35527,FIFTH THIRD BANCORP,678585140.0,0000035527-23-000122,2023-01-31,,,,,,2022,EntityCommonStockSharesOutstanding
35527,FIFTH THIRD BANCORP,681221886.0,0000035527-24-000088,2024-01-31,,,,,,2023,EntityCommonStockSharesOutstanding
35527,FIFTH THIRD BANCORP,665618316.0,0000035527-25-000079,2025-01-31,,,,,,2024,EntityCommonStockSharesOutstanding
35527,Fifth Third Bancorp,901819022.0,0000035527-26-000124,2026-02-01,,,,,,2025,EntityCommonStockSharesOutstanding
35527,Fifth Third Bancorp,906892564.0,0000035527-26-000202,2026-07-31,,,,,,2026,EntityCommonStockSharesOutstanding
36104,US BANCORP \DE\,1737315684.0,0001193125-16-478568,2016-01-31,,,,,,2015,EntityCommonStockSharesOutstanding
36104,US BANCORP \DE\,1694070891.0,0001193125-17-053947,2017-01-31,,,,,,2016,EntityCommonStockSharesOutstanding
36104,US BANCORP \DE\,1651901674.0,0001193125-18-053893,2018-01-31,,,,,,2017,EntityCommonStockSharesOutstanding
36104,US BANCORP \DE\,1600622211.0,0001193125-19-047201,2019-01-31,,,,,,2018,EntityCommonStockSharesOutstanding
36104,US BANCORP \DE\,1522494686.0,0001193125-20-043622,2020-01-31,,,,,,2019,EntityCommonStockSharesOutstanding
36104,US BANCORP \DE\,1502136131.0,0001193125-21-052547,2021-01-31,,,,,,2020,EntityCommonStockSharesOutstanding
36104,US BANCORP \DE\,1483901767.0,0001193125-22-048709,2022-01-31,,,,,,2021,EntityCommonStockSharesOutstanding
36104,US BANCORP \DE\,1531119852.0,0001193125-23-050691,2023-01-31,,,,,,2022,EntityCommonStockSharesOutstanding
36104,US BANCORP \DE\,1558133431.0,0000036104-24-000018,2024-01-31,,,,,,2023,EntityCommonStockSharesOutstanding
36104,US BANCORP \DE\,1559887453.0,0000036104-25-000016,2025-01-31,,,,,,2024,EntityCommonStockSharesOutstanding
36104,US BANCORP \DE\,1553695799.0,0000036104-26-000011,2026-01-31,,,,,,2025,EntityCommonStockSharesOutstanding
36104,US BANCORP \DE\,1558051446.0,0000036104-26-000044,2026-07-31,,,,,,2026,EntityCommonStockSharesOutstanding
36270,M&T BANK CORPORATION,159094858.0,0001193125-16-469957,2016-02-12,,,,,,2015,EntityCommonStockSharesOutstanding
36270,M&T BANK CORPORATION,150176904.0,0001564590-18-002855,2018-01-31,,,,,,2017,EntityCommonStockSharesOutstanding
36270,M&T BANK CORPORATION,138526278.0,0001564590-19-003467,2019-01-31,,,,,,2018,EntityCommonStockSharesOutstanding
36270,M&T BANK CORPORATION,130436633.0,0001564590-20-005365,2020-01-31,,,,,,2019,EntityCommonStockSharesOutstanding
36270,M&T BANK CORPORATION,129034484.0,0001564590-22-005400,2022-02-11,,,,,,2021,EntityCommonStockSharesOutstanding
36270,M&T BANK CORPORATION,164333454.0,0001628280-25-006267,2025-02-14,,,,,,2024,EntityCommonStockSharesOutstanding
36270,M&T BANK CORPORATION,149000252.0,0000036270-26-000010,2026-02-13,,,,,,2025,EntityCommonStockSharesOutstanding
36270,M&T BANK CORPORATION,144416262.0,0000036270-26-000050,2026-07-31,,,,,,2026,EntityCommonStockSharesOutstanding
38777,"FRANKLIN RESOURCES, INC.",592645982.0,0000038777-16-000304,2016-01-27,,,,,,2015,EntityCommonStockSharesOutstanding
38777,"FRANKLIN RESOURCES, INC.",565321260.0,0000038777-17-000010,2017-01-20,,,,,,2016,EntityCommonStockSharesOutstanding
38777,"FRANKLIN RESOURCES, INC.",551703549.0,0000038777-18-000018,2018-01-23,,,,,,2017,EntityCommonStockSharesOutstanding
38777,"FRANKLIN RESOURCES, INC.",509510446.0,0000038777-19-000082,2019-01-23,,,,,,2018,EntityCommonStockSharesOutstanding
38777,"FRANKLIN RESOURCES, INC.",496897552.0,0000038777-20-000011,2020-01-22,,,,,,2019,EntityCommonStockSharesOutstanding
38777,"FRANKLIN RESOURCES, INC.",505403752.0,0000038777-21-000029,2021-01-26,,,,,,2020,EntityCommonStockSharesOutstanding
38777,"FRANKLIN RESOURCES, INC.",502124386.0,0000038777-22-000013,2022-01-25,,,,,,2021,EntityCommonStockSharesOutstanding
38777,"FRANKLIN RESOURCES, INC.",500357847.0,0000038777-23-000009,2023-01-23,,,,,,2022,EntityCommonStockSharesOutstanding
38777,"FRANKLIN RESOURCES, INC.",526557923.0,0000038777-24-000006,2024-01-22,,,,,,2023,EntityCommonStockSharesOutstanding
38777,"FRANKLIN RESOURCES, INC.",525397977.0,0000038777-25-000017,2025-01-23,,,,,,2024,EntityCommonStockSharesOutstanding
38777,"FRANKLIN RESOURCES, INC.",520763448.0,0000038777-26-000033,2026-01-22,,,,,,2025,EntityCommonStockSharesOutstanding
38777,"FRANKLIN RESOURCES, INC.",508076910.0,0000038777-26-000217,2026-07-22,,,,,,2026,EntityCommonStockSharesOutstanding
40533,GENERAL DYNAMICS CORPORATION,311161810.0,0000040533-16-000056,2016-01-31,,,,,,2015,EntityCommonStockSharesOutstanding
40533,GENERAL DYNAMICS CORPORATION,302742234.0,0000040533-17-000006,2017-01-29,,,,,,2016,EntityCommonStockSharesOutstanding
40533,GENERAL DYNAMICS CORPORATION,296933621.0,0000040533-18-000008,2018-01-28,,,,,,2017,EntityCommonStockSharesOutstanding
40533,GENERAL DYNAMICS CORPORATION,288235928.0,0000040533-19-000010,2019-01-27,,,,,,2018,EntityCommonStockSharesOutstanding
40533,GENERAL DYNAMICS CORPORATION,289627333.0,0000040533-20-000015,2020-01-26,,,,,,2019,EntityCommonStockSharesOutstanding
40533,GENERAL DYNAMICS CORPORATION,286264679.0,0000040533-21-000010,2021-01-31,,,,,,2020,EntityCommonStockSharesOutstanding
40533,GENERAL DYNAMICS CORPORATION,277697967.0,0000040533-22-000007,2022-01-30,,,,,,2021,EntityCommonStockSharesOutstanding
40533,GENERAL DYNAMICS CORPORATION,274430054.0,0000040533-23-000014,2023-01-29,,,,,,2022,EntityCommonStockSharesOutstanding
40533,GENERAL DYNAMICS CORPORATION,273980202.0,0000040533-24-000007,2024-01-28,,,,,,2023,EntityCommonStockSharesOutstanding
40533,GENERAL DYNAMICS CORPORATION,270350795.0,0000040533-25-000008,2025-01-26,,,,,,2024,EntityCommonStockSharesOutstanding
40533,GENERAL DYNAMICS CORPORATION,270389759.0,0000040533-26-000006,2025-12-31,,,,,,2025,EntityCommonStockSharesOutstanding
40533,GENERAL DYNAMICS CORPORATION,270557195.0,0000040533-26-000032,2026-07-05,,,,,,2026,EntityCommonStockSharesOutstanding
40545,General Electric Company,9330607330.0,0000040545-16-000162,2016-01-31,,,,,,2015,EntityCommonStockSharesOutstanding
40545,General Electric Company,8742614000.0,0000040545-17-000010,2016-12-31,,,,,,2016,EntityCommonStockSharesOutstanding
40545,General Electric Company,8682576000.0,0000040545-18-000014,2018-01-31,,,,,,2017,EntityCommonStockSharesOutstanding
40545,General Electric Company,8705080100.0,0000040545-19-000014,2019-01-31,,,,,,2018,EntityCommonStockSharesOutstanding
40545,General Electric Company,8740232000.0,0000040545-20-000009,2020-01-31,,,,,,2019,EntityCommonStockSharesOutstanding
40545,General Electric Company,8767942000.0,0000040545-21-000011,2021-01-31,,,,,,2020,EntityCommonStockSharesOutstanding
40545,GENERAL ELECTRIC COMPANY,1099321882.0,0000040545-22-000008,2022-01-31,,,,,,2021,EntityCommonStockSharesOutstanding
40545,GENERAL ELECTRIC COMPANY,1089286553.0,0000040545-23-000023,2023-01-31,,,,,,2022,EntityCommonStockSharesOutstanding
40545,GENERAL ELECTRIC COMPANY,1088334304.0,0000040545-24-000027,2024-01-15,,,,,,2023,EntityCommonStockSharesOutstanding
40545,GENERAL ELECTRIC COMPANY,1073290505.0,0000040545-25-000015,2025-01-15,,,,,,2024,EntityCommonStockSharesOutstanding
40545,GENERAL ELECTRIC COMPANY,1048813612.0,0000040545-26-000008,2026-01-15,,,,,,2025,EntityCommonStockSharesOutstanding
40545,GENERAL ELECTRIC COMPANY,1037562513.0,0000040545-26-000049,2026-06-30,,,,,,2026,EntityCommonStockSharesOutstanding
40704,"GENERAL MILLS, INC.",593345187.0,0001193125-15-406352,2015-12-09,,,,,,2015,EntityCommonStockSharesOutstanding
40704,GENERAL MILLS INC,580011272.0,0001193125-16-798939,2016-12-13,,,,,,2016,EntityCommonStockSharesOutstanding
40704,GENERAL MILLS INC,569043789.0,0001193125-17-374688,2017-12-11,,,,,,2017,EntityCommonStockSharesOutstanding
40704,GENERAL MILLS INC,596748917.0,0001193125-18-353281,2018-12-07,,,,,,2018,EntityCommonStockSharesOutstanding
40704,GENERAL MILLS INC,604816813.0,0001193125-19-317557,2019-12-10,,,,,,2019,EntityCommonStockSharesOutstanding
40704,"GENERAL MILLS, INC.",611436598.0,0001193125-20-320164,2020-12-10,,,,,,2020,EntityCommonStockSharesOutstanding
40704,"GENERAL MILLS, INC.",603206700.0,0001193125-21-363624,2021-12-14,,,,,,2021,EntityCommonStockSharesOutstanding
40704,"GENERAL MILLS, INC.",589610717.0,0001193125-22-309146,2022-12-13,,,,,,2022,EntityCommonStockSharesOutstanding
40704,"GENERAL MILLS, INC.",567890100.0,0001193125-23-299930,2023-12-13,,,,,,2023,EntityCommonStockSharesOutstanding
40704,"GENERAL MILLS, INC.",551231250.0,0001193125-24-281288,2024-12-11,,,,,,2024,EntityCommonStockSharesOutstanding
40704,"GENERAL MILLS, INC.",533582081.0,0001628280-25-057598,2025-12-10,,,,,,2025,EntityCommonStockSharesOutstanding
40704,"GENERAL MILLS, INC.",533708396.0,0001628280-26-046466,2026-06-15,,,,,,2026,EntityCommonStockSharesOutstanding
40987,GENUINE PARTS CO,148378606.0,0000040987-17-000007,2017-02-14,,,,,,2016,EntityCommonStockSharesOutstanding
40987,GENUINE PARTS CO,146734604.0,0000040987-18-000002,2018-02-13,,,,,,2017,EntityCommonStockSharesOutstanding
40987,GENUINE PARTS CO,145943765.0,0000040987-19-000015,2019-02-13,,,,,,2018,EntityCommonStockSharesOutstanding
40987,GENUINE PARTS CO,141963257.0,0000040987-22-000013,2022-02-14,,,,,,2021,EntityCommonStockSharesOutstanding
40987,GENUINE PARTS CO,137859758.0,0000040987-26-000033,2026-07-17,,,,,,2026,EntityCommonStockSharesOutstanding
45012,HALLIBURTON COMPANY,858342017.0,0000045012-16-000272,2016-01-29,,,,,,2015,EntityCommonStockSharesOutstanding
45012,HALLIBURTON COMPANY,866933212.0,0000045012-17-000047,2017-01-31,,,,,,2016,EntityCommonStockSharesOutstanding
45012,HALLIBURTON COMPANY,874909834.0,0000045012-18-000059,2018-02-02,,,,,,2017,EntityCommonStockSharesOutstanding
45012,HALLIBURTON COMPANY,872542842.0,0000045012-19-000044,2019-02-08,,,,,,2018,EntityCommonStockSharesOutstanding
45012,HALLIBURTON COMPANY,879911447.0,0000045012-20-000031,2020-02-07,,,,,,2019,EntityCommonStockSharesOutstanding
45012,HALLIBURTON COMPANY,888632775.0,0000045012-21-000009,2021-01-29,,,,,,2020,EntityCommonStockSharesOutstanding
45012,HALLIBURTON COMPANY,898571517.0,0000045012-22-000013,2022-01-28,,,,,,2021,EntityCommonStockSharesOutstanding
45012,HALLIBURTON COMPANY,904081200.0,0000045012-23-000011,2023-01-31,,,,,,2022,EntityCommonStockSharesOutstanding
45012,HALLIBURTON COMPANY,890101601.0,0000045012-24-000007,2024-01-30,,,,,,2023,EntityCommonStockSharesOutstanding
45012,HALLIBURTON COMPANY,868091623.0,0000045012-25-000010,2025-02-05,,,,,,2024,EntityCommonStockSharesOutstanding
45012,HALLIBURTON COMPANY,837548345.0,0000045012-26-000015,2026-01-30,,,,,,2025,EntityCommonStockSharesOutstanding
45012,HALLIBURTON COMPANY,833130367.0,0000045012-26-000061,2026-07-17,,,,,,2026,EntityCommonStockSharesOutstanding
46080,"Hasbro, Inc.",124795430.0,0001193125-16-475520,2016-02-08,,,,,,2015,EntityCommonStockSharesOutstanding
46080,"Hasbro, Inc.",124297758.0,0001193125-17-052143,2017-02-06,,,,,,2016,EntityCommonStockSharesOutstanding
46080,"Hasbro, Inc.",124177681.0,0001193125-18-058659,2018-02-07,,,,,,2017,EntityCommonStockSharesOutstanding
46080,"Hasbro, Inc.",125842470.0,0001193125-19-052025,2019-02-08,,,,,,2018,EntityCommonStockSharesOutstanding
46080,"Hasbro, Inc.",136876923.0,0000046080-20-000028,2020-02-11,,,,,,2019,EntityCommonStockSharesOutstanding
46080,"Hasbro, Inc.",137351697.0,0000046080-21-000035,2021-02-08,,,,,,2020,EntityCommonStockSharesOutstanding
46080,"Hasbro, Inc.",138959768.0,0000046080-22-000023,2022-02-07,,,,,,2021,EntityCommonStockSharesOutstanding
46080,"Hasbro, Inc.",138791480.0,0000046080-24-000034,2024-02-13,,,,,,2023,EntityCommonStockSharesOutstanding
46080,"Hasbro, Inc.",139531311.0,0000046080-25-000027,2025-02-14,,,,,,2024,EntityCommonStockSharesOutstanding
46080,"Hasbro, Inc.",140685758.0,0000046080-26-000011,2026-02-13,,,,,,2025,EntityCommonStockSharesOutstanding
46080,"HASBRO, INC.",141044467.0,0000046080-26-000050,2026-07-20,,,,,,2026,EntityCommonStockSharesOutstanding
47217,HP INC.,1736936115.0,0001047469-16-010678,2016-01-31,,,,,,2015,EntityCommonStockSharesOutstanding
47217,HP INC.,1693380110.0,0000047217-17-000008,2017-01-31,,,,,,2016,EntityCommonStockSharesOutstanding
47217,HP INC.,1641373766.0,0000047217-18-000008,2018-01-31,,,,,,2017,EntityCommonStockSharesOutstanding
47217,HP INC.,1539371597.0,0000047217-19-000017,2019-01-31,,,,,,2018,EntityCommonStockSharesOutstanding
47217,HP INC.,1433345730.0,0000047217-20-000006,2020-01-31,,,,,,2019,EntityCommonStockSharesOutstanding
47217,HP INC.,1252532782.0,0000047217-21-000012,2021-01-31,,,,,,2020,EntityCommonStockSharesOutstanding
47217,HP INC.,1060987032.0,0000047217-22-000013,2022-01-31,,,,,,2021,EntityCommonStockSharesOutstanding
47217,HP Inc.,982145796.0,0000047217-23-000075,2022-11-30,,,,,,2022,EntityCommonStockSharesOutstanding
47217,HP INC.,980731959.0,0000047217-24-000024,2024-01-31,,,,,,2023,EntityCommonStockSharesOutstanding
47217,HP Inc.,937797736.0,0000047217-24-000080,2024-12-02,,,,,,2024,EntityCommonStockSharesOutstanding
47217,HP Inc.,917984523.0,0000047217-25-000071,2025-12-01,,,,,,2025,EntityCommonStockSharesOutstanding
47217,HP INC.,914522690.0,0000047217-26-000029,2026-05-20,,,,,,2026,EntityCommonStockSharesOutstanding
48898,HUBBELL INC,55446167.0,0001628280-17-001423,2017-02-10,,,,,,2016,EntityCommonStockSharesOutstanding
48898,HUBBELL INC,54822923.0,0001628280-18-001740,2018-02-12,,,,,,2017,EntityCommonStockSharesOutstanding
48898,HUBBELL INC,54601694.0,0001628280-19-001446,2019-02-13,,,,,,2018,EntityCommonStockSharesOutstanding
48898,HUBBELL INC,54434310.0,0001628280-20-001557,2020-02-12,,,,,,2019,EntityCommonStockSharesOutstanding
48898,HUBBELL INC,54296993.0,0001628280-21-001868,2021-02-09,,,,,,2020,EntityCommonStockSharesOutstanding
48898,HUBBELL INC,54409067.0,0001628280-22-002255,2022-02-08,,,,,,2021,EntityCommonStockSharesOutstanding
48898,HUBBELL INC,53600592.0,0001628280-23-002875,2023-02-03,,,,,,2022,EntityCommonStockSharesOutstanding
48898,HUBBELL INC,53626956.0,0001628280-24-003792,2024-02-01,,,,,,2023,EntityCommonStockSharesOutstanding
48898,HUBBELL INC,53667674.0,0001628280-25-005311,2025-02-06,,,,,,2024,EntityCommonStockSharesOutstanding
48898,HUBBELL INC,53161602.0,0001628280-26-007500,2026-02-05,,,,,,2025,EntityCommonStockSharesOutstanding
48898,HUBBELL INC,52832571.0,0001628280-26-050405,2026-07-23,,,,,,2026,EntityCommonStockSharesOutstanding
49071,Humana Inc.,148303389.0,0000049071-16-000117,2016-01-31,,,,,,2015,EntityCommonStockSharesOutstanding
49071,Humana Inc.,149324101.0,0000049071-17-000019,2017-01-31,,,,,,2016,EntityCommonStockSharesOutstanding
49071,Humana Inc.,137684326.0,0000049071-18-000014,2018-01-31,,,,,,2017,EntityCommonStockSharesOutstanding
49071,Humana Inc.,135566909.0,0000049071-19-000023,2019-01-31,,,,,,2018,EntityCommonStockSharesOutstanding
49071,Humana Inc.,132106497.0,0000049071-20-000032,2020-01-31,,,,,,2019,EntityCommonStockSharesOutstanding
49071,Humana Inc.,128861929.0,0000049071-21-000039,2021-01-31,,,,,,2020,EntityCommonStockSharesOutstanding
49071,HUMANA INC.,126633599.0,0000049071-22-000017,2022-01-31,,,,,,2021,EntityCommonStockSharesOutstanding
49071,HUMANA INC.,124974862.0,0000049071-23-000011,2023-01-31,,,,,,2022,EntityCommonStockSharesOutstanding
49071,HUMANA INC.,120653315.0,0000049071-24-000012,2024-01-31,,,,,,2023,EntityCommonStockSharesOutstanding
49071,HUMANA INC.,120644737.0,0000049071-25-000007,2025-01-31,,,,,,2024,EntityCommonStockSharesOutstanding
49071,HUMANA INC.,120595967.0,0000049071-26-000009,2026-01-31,,,,,,2025,EntityCommonStockSharesOutstanding
49071,HUMANA INC,120080308.0,0000049071-26-000050,2026-06-30,,,,,,2026,EntityCommonStockSharesOutstanding
49196,Huntington Bancshares Incorporated,795025143.0,0000049196-16-000032,2016-01-31,,,,,,2015,EntityCommonStockSharesOutstanding
49196,Huntington Bancshares Incorporated,1085887404.0,0000049196-17-000009,2017-01-31,,,,,,2016,EntityCommonStockSharesOutstanding
49196,Huntington Bancshares Incorporated,1072026681.0,0000049196-18-000008,2018-01-31,,,,,,2017,EntityCommonStockSharesOutstanding
49196,Huntington Bancshares Incorporated,1046813306.0,0000049196-19-000018,2019-01-31,,,,,,2018,EntityCommonStockSharesOutstanding
49196,Huntington Bancshares Incorporated,1019194130.0,0000049196-20-000010,2019-12-31,,,,,,2019,EntityCommonStockSharesOutstanding
49196,Huntington Bancshares Incorporated,1017194968.0,0000049196-21-000018,2021-01-31,,,,,,2020,EntityCommonStockSharesOutstanding
49196,Huntington Bancshares Incorporated,1438088216.0,0000049196-22-000023,2022-01-31,,,,,,2021,EntityCommonStockSharesOutstanding
49196,Huntington Bancshares Incorporated,1443016884.0,0000049196-23-000020,2023-01-31,,,,,,2022,EntityCommonStockSharesOutstanding
49196,Huntington Bancshares Incorporated,1448345863.0,0000049196-24-000020,2024-01-31,,,,,,2023,EntityCommonStockSharesOutstanding
49196,Huntington Bancshares Incorporated,1453758267.0,0000049196-25-000020,2025-01-31,,,,,,2024,EntityCommonStockSharesOutstanding
49196,Huntington Bancshares Incorporated,2029792391.0,0000049196-26-000015,2026-02-01,,,,,,2025,EntityCommonStockSharesOutstanding
49196,Huntington Bancshares Incorporated,2020414826.0,0000049196-26-000066,2026-06-30,,,,,,2026,EntityCommonStockSharesOutstanding
49826,ILLINOIS TOOL WORKS INC.,363766897.0,0000049826-16-000151,2016-01-31,,,,,,2015,EntityCommonStockSharesOutstanding
49826,ILLINOIS TOOL WORKS INC.,346550685.0,0000049826-17-000022,2017-01-31,,,,,,2016,EntityCommonStockSharesOutstanding
49826,ILLINOIS TOOL WORKS INC.,341545719.0,0000049826-18-000017,2018-01-31,,,,,,2017,EntityCommonStockSharesOutstanding
49826,ILLINOIS TOOL WORKS INC.,328108383.0,0000049826-19-000021,2019-01-31,,,,,,2018,EntityCommonStockSharesOutstanding
49826,ILLINOIS TOOL WORKS INC.,318864237.0,0000049826-20-000020,2020-01-31,,,,,,2019,EntityCommonStockSharesOutstanding
49826,ILLINOIS TOOL WORKS INC.,316662263.0,0000049826-21-000007,2021-01-31,,,,,,2020,EntityCommonStockSharesOutstanding
49826,ILLINOIS TOOL WORKS INC,312926939.0,0000049826-22-000006,2022-01-31,,,,,,2021,EntityCommonStockSharesOutstanding
49826,ILLINOIS TOOL WORKS INC,305068141.0,0000049826-23-000008,2023-01-31,,,,,,2022,EntityCommonStockSharesOutstanding
49826,ILLINOIS TOOL WORKS INC,298800000.0,0000049826-24-000008,2024-01-31,,,,,,2023,EntityCommonStockSharesOutstanding
49826,ILLINOIS TOOL WORKS INC,293500000.0,0000049826-25-000007,2025-01-31,,,,,,2024,EntityCommonStockSharesOutstanding
49826,ILLINOIS TOOL WORKS INC,288200000.0,0000049826-26-000008,2026-01-31,,,,,,2025,EntityCommonStockSharesOutstanding
49826,ILLINOIS TOOL WORKS INC,284800000.0,0000049826-26-000049,2026-06-30,,,,,,2026,EntityCommonStockSharesOutstanding
50863,INTEL CORP,4724000000.0,0000050863-16-000105,2016-02-05,,,,,,2015,EntityCommonStockSharesOutstanding
50863,INTEL CORP,4728000000.0,0000050863-17-000012,2017-02-07,,,,,,2016,EntityCommonStockSharesOutstanding
50863,INTEL CORP,4668000000.0,0000050863-18-000007,2018-02-07,,,,,,2017,EntityCommonStockSharesOutstanding
50863,INTEL CORP,4497000000.0,0000050863-19-000007,2019-01-26,,,,,,2018,EntityCommonStockSharesOutstanding
50863,INTEL CORP,4277000000.0,0000050863-20-000011,2020-01-17,,,,,,2019,EntityCommonStockSharesOutstanding
50863,INTEL CORP,4063000000.0,0000050863-21-000010,2021-01-15,,,,,,2020,EntityCommonStockSharesOutstanding
50863,INTEL CORPORATION,4072000000.0,0000050863-22-000007,2022-01-21,,,,,,2021,EntityCommonStockSharesOutstanding
50863,INTEL CORPORATION,4137000000.0,0000050863-23-000006,2023-01-20,,,,,,2022,EntityCommonStockSharesOutstanding
50863,INTEL CORPORATION,4228000000.0,0000050863-24-000010,2024-01-19,,,,,,2023,EntityCommonStockSharesOutstanding
50863,INTEL CORPORATION,4330000000.0,0000050863-25-000009,2025-01-24,,,,,,2024,EntityCommonStockSharesOutstanding
50863,INTEL CORPORATION,4995000000.0,0000050863-26-000011,2026-01-16,,,,,,2025,EntityCommonStockSharesOutstanding
50863,INTEL CORPORATION,5044000000.0,0000050863-26-000157,2026-07-17,,,,,,2026,EntityCommonStockSharesOutstanding
51143,INTERNATIONAL BUSINESS MACHINES CORPORATION,988424172.0,0001047469-16-010329,2016-02-10,,,,,,2015,EntityCommonStockSharesOutstanding
51143,INTERNATIONAL BUSINESS MACHINES CORPORATION,943212551.0,0001047469-17-001061,2017-02-10,,,,,,2016,EntityCommonStockSharesOutstanding
51143,INTERNATIONAL BUSINESS MACHINES CORPORATION,921167894.0,0001047469-18-001117,2018-02-09,,,,,,2017,EntityCommonStockSharesOutstanding
51143,INTERNATIONAL BUSINESS MACHINES CORPORATION,889866256.0,0001047469-19-000712,2019-02-08,,,,,,2018,EntityCommonStockSharesOutstanding
51143,INTERNATIONAL BUSINESS MACHINES CORPORATION,888408023.0,0001558370-20-001334,2020-02-10,,,,,,2019,EntityCommonStockSharesOutstanding
51143,INTERNATIONAL BUSINESS MACHINES CORPORATION,893594090.0,0001558370-21-001489,2021-02-10,,,,,,2020,EntityCommonStockSharesOutstanding
51143,INTERNATIONAL BUSINESS MACHINES CORPORATION,899309986.0,0001558370-22-001584,2022-02-11,,,,,,2021,EntityCommonStockSharesOutstanding
51143,INTERNATIONAL BUSINESS MACHINES CORPORATION,907105611.0,0001558370-23-002376,2023-02-10,,,,,,2022,EntityCommonStockSharesOutstanding
51143,INTERNATIONAL BUSINESS MACHINES CORPORATION,916744848.0,0000051143-24-000012,2024-02-09,,,,,,2023,EntityCommonStockSharesOutstanding
51143,INTERNATIONAL BUSINESS MACHINES CORPORATION,927264332.0,0000051143-25-000015,2025-02-10,,,,,,2024,EntityCommonStockSharesOutstanding
51143,INTERNATIONAL BUSINESS MACHINES CORPORATION,938034404.0,0000051143-26-000010,2026-02-10,,,,,,2025,EntityCommonStockSharesOutstanding
51143,INTERNATIONAL BUSINESS MACHINES CORPORATION,942134390.0,0000051143-26-000078,2026-06-30,,,,,,2026,EntityCommonStockSharesOutstanding
51253,INTERNATIONAL FLAVORS & FRAGRANCES INC,255149963.0,0000051253-26-000030,2026-07-31,,,,,,2026,EntityCommonStockSharesOutstanding
51434,INTERNATIONAL PAPER CO /NEW/,392124684.0,0000051434-20-000011,2020-02-14,,,,,,2019,EntityCommonStockSharesOutstanding
51434,INTERNATIONAL PAPER CO /NEW/,393117117.0,0000051434-21-000012,2020-12-31,,,,,,2020,EntityCommonStockSharesOutstanding
51434,INTERNATIONAL PAPER COMPANY,376364434.0,0000051434-22-000016,2021-12-31,,,,,,2021,EntityCommonStockSharesOutstanding
51434,INTERNATIONAL PAPER COMPANY,350084361.0,0000051434-23-000013,2022-12-31,,,,,,2022,EntityCommonStockSharesOutstanding
51434,INTERNATIONAL PAPER COMPANY,346353824.0,0000051434-24-000024,2024-02-09,,,,,,2023,EntityCommonStockSharesOutstanding
51434,INTERNATIONAL PAPER COMPANY,526125614.0,0000051434-25-000013,2025-02-14,,,,,,2024,EntityCommonStockSharesOutstanding
51434,INTERNATIONAL PAPER COMPANY,529569895.0,0000051434-26-000123,2026-07-31,,,,,,2026,EntityCommonStockSharesOutstanding
52988,Jacobs Solutions Inc.,122537019.0,0000052988-16-000172,2016-02-01,,,,,,2015,EntityCommonStockSharesOutstanding
52988,Jacobs Engineering Group Inc.,121071296.0,0001564590-17-001129,2017-01-31,,,,,,2016,EntityCommonStockSharesOutstanding
52988,Jacobs Solutions Inc.,141671364.0,0001564590-18-001463,2018-01-24,,,,,,2017,EntityCommonStockSharesOutstanding
52988,Jacobs Engineering Group Inc.,139516853.0,0000052988-19-000008,2019-01-29,,,,,,2018,EntityCommonStockSharesOutstanding
52988,Jacobs Engineering Group Inc.,133050144.0,0000052988-20-000019,2020-01-27,,,,,,2019,EntityCommonStockSharesOutstanding
52988,Jacobs Solutions Inc.,130086161.0,0000052988-21-000016,2021-01-29,,,,,,2020,EntityCommonStockSharesOutstanding
52988,JACOBS ENGINEERING GROUP INC.,129216695.0,0000052988-22-000016,2022-01-28,,,,,,2021,EntityCommonStockSharesOutstanding
52988,JACOBS SOLUTIONS INC.,126714126.0,0000052988-23-000012,2023-01-27,,,,,,2022,EntityCommonStockSharesOutstanding
52988,JACOBS SOLUTIONS INC.,125650977.0,0000052988-24-000017,2024-01-26,,,,,,2023,EntityCommonStockSharesOutstanding
52988,JACOBS SOLUTIONS INC.,122543672.0,0000052988-25-000016,2025-01-24,,,,,,2024,EntityCommonStockSharesOutstanding
52988,JACOBS SOLUTIONS INC.,117446713.0,0001628280-26-005006,2026-01-23,,,,,,2025,EntityCommonStockSharesOutstanding
52988,JACOBS SOLUTIONS INC.,117038611.0,0001628280-26-052573,2026-07-24,,,,,,2026,EntityCommonStockSharesOutstanding
55785,KIMBERLY-CLARK CORPORATION,360899707.0,0000055785-16-000138,2016-02-04,,,,,,2015,EntityCommonStockSharesOutstanding
55785,KIMBERLY-CLARK CORPORATION,356274872.0,0000055785-17-000017,2017-02-01,,,,,,2016,EntityCommonStockSharesOutstanding
55785,KIMBERLY-CLARK CORPORATION,350706285.0,0000055785-18-000014,2018-02-01,,,,,,2017,EntityCommonStockSharesOutstanding
55785,KIMBERLY-CLARK CORPORATION,344431630.0,0000055785-19-000013,2019-01-31,,,,,,2018,EntityCommonStockSharesOutstanding
55785,KIMBERLY-CLARK CORPORATION,341795666.0,0000055785-20-000016,2020-01-31,,,,,,2019,EntityCommonStockSharesOutstanding
55785,KIMBERLY-CLARK CORPORATION,338363924.0,0000055785-21-000016,2021-01-29,,,,,,2020,EntityCommonStockSharesOutstanding
55785,KIMBERLY-CLARK CORPORATION,336993302.0,0000055785-22-000010,2022-01-31,,,,,,2021,EntityCommonStockSharesOutstanding
55785,KIMBERLY-CLARK CORPORATION,337507349.0,0000055785-23-000012,2023-01-31,,,,,,2022,EntityCommonStockSharesOutstanding
55785,KIMBERLY-CLARK CORPORATION,336883198.0,0000055785-24-000018,2024-01-31,,,,,,2023,EntityCommonStockSharesOutstanding
55785,KIMBERLY-CLARK CORPORATION,331684601.0,0000055785-25-000013,2025-01-31,,,,,,2024,EntityCommonStockSharesOutstanding
55785,KIMBERLY-CLARK CORPORATION,331922371.0,0001628280-26-007567,2026-01-30,,,,,,2025,EntityCommonStockSharesOutstanding
55785,KIMBERLY-CLARK CORPORATION,332579038.0,0001628280-26-052348,2026-07-28,,,,,,2026,EntityCommonStockSharesOutstanding
56873,The Kroger Co.,974722765.0,0001104659-15-085378,2015-12-15,,,,,,2015,EntityCommonStockSharesOutstanding
56873,The Kroger Co.,938124655.0,0001558370-16-010538,2016-12-07,,,,,,2016,EntityCommonStockSharesOutstanding
56873,The Kroger Co.,881361794.0,0001558370-17-009265,2017-12-04,,,,,,2017,EntityCommonStockSharesOutstanding
56873,The Kroger Co.,797743035.0,0001558370-18-009745,2018-12-12,,,,,,2018,EntityCommonStockSharesOutstanding
56873,The Kroger Co.,800587313.0,0001558370-19-011552,2019-12-11,,,,,,2019,EntityCommonStockSharesOutstanding
56873,The Kroger Co.,761347060.0,0001558370-20-014382,2020-12-08,,,,,,2020,EntityCommonStockSharesOutstanding
56873,The Kroger Co.,735255564.0,0001558370-21-016667,2021-12-07,,,,,,2021,EntityCommonStockSharesOutstanding
56873,The Kroger Co.,715821875.0,0001558370-22-018508,2022-12-06,,,,,,2022,EntityCommonStockSharesOutstanding
56873,The Kroger Co.,719423447.0,0001558370-23-019686,2023-12-05,,,,,,2023,EntityCommonStockSharesOutstanding
56873,The Kroger Co.,723606130.0,0001558370-24-016233,2024-12-10,,,,,,2024,EntityCommonStockSharesOutstanding
56873,Kroger Co.,632849160.0,0001104659-25-120642,2025-12-09,,,,,,2025,EntityCommonStockSharesOutstanding
56873,Kroger Co.,612647282.0,0001104659-26-078236,2026-06-24,,,,,,2026,EntityCommonStockSharesOutstanding
59478,ELI LILLY AND COMPANY,1106093485.0,0000059478-16-000321,2016-02-12,,,,,,2015,EntityCommonStockSharesOutstanding
59478,ELI LILLY & Co,1103352450.0,0000059478-17-000098,2017-02-13,,,,,,2016,EntityCommonStockSharesOutstanding
59478,ELI LILLY & Co,1095597580.0,0000059478-18-000089,2018-02-14,,,,,,2017,EntityCommonStockSharesOutstanding
59478,ELI LILLY AND COMPANY,1035418562.0,0000059478-19-000082,2019-02-13,,,,,,2018,EntityCommonStockSharesOutstanding
59478,ELI LILLY AND COMPANY,956382203.0,0000059478-20-000057,2020-02-13,,,,,,2019,EntityCommonStockSharesOutstanding
59478,ELI LILLY & Co,958425693.0,0000059478-21-000083,2021-02-12,,,,,,2020,EntityCommonStockSharesOutstanding
59478,ELI LILLY AND COMPANY,948169999.0,0000059478-25-000067,2025-02-14,,,,,,2024,EntityCommonStockSharesOutstanding
59478,ELI LILLY AND COMPANY,943357420.0,0000059478-26-000013,2026-02-09,,,,,,2025,EntityCommonStockSharesOutstanding
59478,ELI LILLY AND COMPANY,941357065.0,0000059478-26-000081,2026-08-03,,,,,,2026,EntityCommonStockSharesOutstanding
60086,LOEWS CORPORATION,338998280.0,0001193125-16-470141,2016-02-03,,,,,,2015,EntityCommonStockSharesOutstanding
60086,LOEWS CORPORATION,336632474.0,0001193125-17-046521,2017-02-03,,,,,,2016,EntityCommonStockSharesOutstanding
60086,LOEWS CORPORATION,328825271.0,0001193125-18-046681,2018-02-02,,,,,,2017,EntityCommonStockSharesOutstanding
60086,LOEWS CORPORATION,311299326.0,0001193125-19-037854,2019-02-01,,,,,,2018,EntityCommonStockSharesOutstanding
60086,LOEWS CORPORATION,287770405.0,0001193125-20-031657,2020-02-07,,,,,,2019,EntityCommonStockSharesOutstanding
60086,LOEWS CORPORATION,267046558.0,0001140361-21-003906,2021-02-05,,,,,,2020,EntityCommonStockSharesOutstanding
60086,LOEWS CORP,248202443.0,0000060086-22-000007,2022-02-04,,,,,,2021,EntityCommonStockSharesOutstanding
60086,LOEWS CORP,234997673.0,0000060086-23-000025,2023-02-03,,,,,,2022,EntityCommonStockSharesOutstanding
60086,LOEWS CORP,222201139.0,0000060086-24-000029,2024-02-02,,,,,,2023,EntityCommonStockSharesOutstanding
60086,LOEWS CORP,212861300.0,0000060086-25-000036,2025-02-07,,,,,,2024,EntityCommonStockSharesOutstanding
60086,LOEWS CORP,206052874.0,0000060086-26-000008,2026-02-06,,,,,,2025,EntityCommonStockSharesOutstanding
60086,LOEWS CORP,204427720.0,0000060086-26-000047,2026-07-31,,,,,,2026,EntityCommonStockSharesOutstanding
60667,LOWES COMPANIES INC,915104607.0,0000060667-15-000186,2015-11-27,,,,,,2015,EntityCommonStockSharesOutstanding
60667,"LOWE’S COMPANIES, INC",869847152.0,0000060667-16-000407,2016-11-25,,,,,,2016,EntityCommonStockSharesOutstanding
60667,"LOWE’S COMPANIES, INC",829760597.0,0000060667-17-000176,2017-12-01,,,,,,2017,EntityCommonStockSharesOutstanding
60667,LOWES COMPANIES INC,802957007.0,0000060667-18-000203,2018-11-30,,,,,,2018,EntityCommonStockSharesOutstanding
60667,"LOWE’S COMPANIES, INC",766475430.0,0000060667-19-000184,2019-11-29,,,,,,2019,EntityCommonStockSharesOutstanding
60667,LOWES COMPANIES INC,732722859.0,0000060667-20-000175,2020-11-23,,,,,,2020,EntityCommonStockSharesOutstanding
60667,LOWES COMPANIES INC,673747189.0,0000060667-21-000168,2021-11-22,,,,,,2021,EntityCommonStockSharesOutstanding
60667,LOWES COMPANIES INC,604702575.0,0000060667-22-000170,2022-11-21,,,,,,2022,EntityCommonStockSharesOutstanding
60667,LOWES COMPANIES INC,575112600.0,0000060667-23-000164,2023-11-27,,,,,,2023,EntityCommonStockSharesOutstanding
60667,"LOWE’S COMPANIES, INC.",564650005.0,0000060667-24-000169,2024-11-25,,,,,,2024,EntityCommonStockSharesOutstanding
60667,"LOWE’S COMPANIES, INC.",560951457.0,0000060667-25-000210,2025-11-24,,,,,,2025,EntityCommonStockSharesOutstanding
60667,"LOWE’S COMPANIES, INC.",560707041.0,0000060667-26-000072,2026-05-26,,,,,,2026,EntityCommonStockSharesOutstanding
62709,"Marsh & McLennan Companies, Inc.",508186561.0,0000062709-21-000008,2021-02-12,,,,,,2020,EntityCommonStockSharesOutstanding
62709,"Marsh & McLennan Companies, Inc.",502765629.0,0000062709-22-000009,2022-02-10,,,,,,2021,EntityCommonStockSharesOutstanding
62709,"Marsh & McLennan Companies, Inc.",494571451.0,0000062709-23-000014,2023-02-09,,,,,,2022,EntityCommonStockSharesOutstanding
62709,"Marsh & McLennan Companies, Inc.",491656196.0,0000062709-24-000016,2024-02-08,,,,,,2023,EntityCommonStockSharesOutstanding
62709,"Marsh & McLennan Companies, Inc.",491131126.0,0000062709-25-000015,2025-02-06,,,,,,2024,EntityCommonStockSharesOutstanding
62709,"Marsh & McLennan Companies, Inc.",484124253.0,0000062709-26-000022,2026-02-05,,,,,,2025,EntityCommonStockSharesOutstanding
62709,"Marsh & McLennan Companies, Inc.",477211268.0,0000062709-26-000195,2026-07-16,,,,,,2026,EntityCommonStockSharesOutstanding
62996,Masco Corporation,333931600.0,0001047469-16-010135,2016-01-31,,,,,,2015,EntityCommonStockSharesOutstanding
62996,Masco Corporation,320320300.0,0000062996-17-000008,2017-01-31,,,,,,2016,EntityCommonStockSharesOutstanding
62996,Masco Corporation,313391500.0,0000062996-18-000015,2018-01-31,,,,,,2017,EntityCommonStockSharesOutstanding
62996,Masco Corporation,294492500.0,0000062996-19-000011,2019-01-31,,,,,,2018,EntityCommonStockSharesOutstanding
62996,Masco Corporation,277735100.0,0000062996-20-000006,2020-01-31,,,,,,2019,EntityCommonStockSharesOutstanding
62996,Masco Corporation,257142348.0,0000062996-21-000008,2021-01-31,,,,,,2020,EntityCommonStockSharesOutstanding
62996,MASCO CORPORATION,239926257.0,0000062996-22-000011,2022-01-31,,,,,,2021,EntityCommonStockSharesOutstanding
62996,MASCO CORPORATION,225203119.0,0000062996-23-000008,2023-01-31,,,,,,2022,EntityCommonStockSharesOutstanding
62996,Masco Corporation,219764935.0,0000062996-24-000006,2024-01-31,,,,,,2023,EntityCommonStockSharesOutstanding
62996,Masco Corporation,211983493.0,0000062996-25-000004,2025-01-31,,,,,,2024,EntityCommonStockSharesOutstanding
62996,Masco Corporation,203607085.0,0000062996-26-000005,2026-01-31,,,,,,2025,EntityCommonStockSharesOutstanding
62996,Masco Corporation,197187430.0,0000062996-26-000027,2026-06-30,,,,,,2026,EntityCommonStockSharesOutstanding
63908,MCDONALDS CORP,901607888.0,0000063908-16-000103,2016-01-31,,,,,,2015,EntityCommonStockSharesOutstanding
63908,MCDONALDS CORP,818993182.0,0000063908-17-000017,2017-01-31,,,,,,2016,EntityCommonStockSharesOutstanding
63908,MCDONALDS CORP,794497880.0,0000063908-18-000010,2018-01-31,,,,,,2017,EntityCommonStockSharesOutstanding
63908,MCDONALDS CORP,765317332.0,0000063908-19-000010,2019-01-31,,,,,,2018,EntityCommonStockSharesOutstanding
63908,MCDONALDS CORP,745446655.0,0000063908-20-000022,2020-01-31,,,,,,2019,EntityCommonStockSharesOutstanding
63908,MCDONALDS CORP,745572145.0,0000063908-21-000013,2021-01-31,,,,,,2020,EntityCommonStockSharesOutstanding
63908,McDONALD’S CORPORATION,743584718.0,0000063908-22-000011,2022-01-31,,,,,,2021,EntityCommonStockSharesOutstanding
63908,McDONALD’S CORPORATION,731496951.0,0000063908-23-000012,2023-01-31,,,,,,2022,EntityCommonStockSharesOutstanding
63908,McDONALD’S CORPORATION,722051488.0,0000063908-24-000072,2024-01-31,,,,,,2023,EntityCommonStockSharesOutstanding
63908,McDONALD’S CORPORATION,714461139.0,0000063908-25-000012,2025-01-31,,,,,,2024,EntityCommonStockSharesOutstanding
63908,McDONALD’S CORPORATION,710398642.0,0000063908-26-000035,2026-01-31,,,,,,2025,EntityCommonStockSharesOutstanding
63908,McDONALD’S CORPORATION,707641531.0,0000063908-26-000073,2026-06-30,,,,,,2026,EntityCommonStockSharesOutstanding
64040,S&P Global Inc.,265300000.0,0000064040-16-000042,2016-01-22,,,,,,2015,EntityCommonStockSharesOutstanding
64040,S&P Global Inc.,258400000.0,0000064040-17-000015,2017-01-27,,,,,,2016,EntityCommonStockSharesOutstanding
64040,S&P Global Inc.,253900000.0,0000064040-18-000061,2018-01-26,,,,,,2017,EntityCommonStockSharesOutstanding
64040,S&P Global Inc.,248600000.0,0000064040-19-000059,2019-01-25,,,,,,2018,EntityCommonStockSharesOutstanding
64040,S&P Global Inc.,243800000.0,0000064040-20-000055,2020-01-24,,,,,,2019,EntityCommonStockSharesOutstanding
64040,S&P Global Inc.,240700000.0,0000064040-21-000063,2021-02-05,,,,,,2020,EntityCommonStockSharesOutstanding
64040,S&P Global Inc.,241100000.0,0000064040-22-000055,2022-02-04,,,,,,2021,EntityCommonStockSharesOutstanding
64040,S&P Global Inc.,322000000.0,0000064040-23-000058,2023-01-27,,,,,,2022,EntityCommonStockSharesOutstanding
64040,S&P Global Inc.,314100000.0,0000064040-24-000071,2024-01-26,,,,,,2023,EntityCommonStockSharesOutstanding
64040,S&P Global Inc.,298800000.0,0000064040-26-000013,2026-01-30,,,,,,2025,EntityCommonStockSharesOutstanding
64040,S&P Global Inc.,294800000.0,0000064040-26-000045,2026-07-24,,,,,,2026,EntityCommonStockSharesOutstanding
64803,CVS HEALTH CORPORATION,1098490835.0,0000064803-16-000074,2016-02-03,,,,,,2015,EntityCommonStockSharesOutstanding
64803,CVS HEALTH CORPORATION,1025699605.0,0000064803-17-000006,2017-02-03,,,,,,2016,EntityCommonStockSharesOutstanding
64803,CVS HEALTH CORPORATION,1014532157.0,0001558370-18-000707,2018-02-09,,,,,,2017,EntityCommonStockSharesOutstanding
64803,CVS HEALTH CORPORATION,1304159680.0,0000064803-20-000007,2020-02-12,,,,,,2019,EntityCommonStockSharesOutstanding
64803,CVS HEALTH CORPORATION,1311354926.0,0000064803-21-000011,2021-02-08,,,,,,2020,EntityCommonStockSharesOutstanding
64803,CVS HEALTH CORPORATION,1312510426.0,0000064803-22-000008,2022-02-02,,,,,,2021,EntityCommonStockSharesOutstanding
64803,CVS HEALTH CORPORATION,1284111667.0,0000064803-23-000009,2023-02-01,,,,,,2022,EntityCommonStockSharesOutstanding
64803,CVS HEALTH CORPORATION,1258449553.0,0000064803-24-000007,2024-01-31,,,,,,2023,EntityCommonStockSharesOutstanding
64803,CVS HEALTH CORPORATION,1260795063.0,0000064803-25-000007,2025-02-05,,,,,,2024,EntityCommonStockSharesOutstanding
64803,CVS HEALTH CORPORATION,1272211063.0,0000064803-26-000010,2026-02-04,,,,,,2025,EntityCommonStockSharesOutstanding
64803,CVS HEALTH CORPORATION,1278970369.0,0000064803-26-000098,2026-07-29,,,,,,2026,EntityCommonStockSharesOutstanding
65984,ENTERGY CORPORATION,178492025.0,0000065984-16-000436,2016-01-29,,,,,,2015,EntityCommonStockSharesOutstanding
65984,ENTERGY CORPORATION,179394698.0,0000065984-17-000067,2017-01-31,,,,,,2016,EntityCommonStockSharesOutstanding
65984,ENTERGY CORPORATION,180770383.0,0000065984-18-000072,2018-01-31,,,,,,2017,EntityCommonStockSharesOutstanding
65984,ENTERGY CORPORATION,189580512.0,0000065984-19-000082,2019-01-31,,,,,,2018,EntityCommonStockSharesOutstanding
65984,ENTERGY CORPORATION,199726738.0,0000065984-20-000069,2020-01-31,,,,,,2019,EntityCommonStockSharesOutstanding
65984,ENTERGY CORPORATION,200479995.0,0000065984-21-000096,2021-01-29,,,,,,2020,EntityCommonStockSharesOutstanding
65984,ENTERGY CORPORATION,203027662.0,0000065984-22-000017,2022-01-31,,,,,,2021,EntityCommonStockSharesOutstanding
65984,ENTERGY CORPORATION,211396291.0,0000065984-23-000014,2023-01-31,,,,,,2022,EntityCommonStockSharesOutstanding
65984,ENTERGY CORPORATION,213237552.0,0000065984-24-000012,2024-01-31,,,,,,2023,EntityCommonStockSharesOutstanding
65984,ENTERGY CORPORATION,430412580.0,0000065984-25-000012,2025-01-31,,,,,,2024,EntityCommonStockSharesOutstanding
65984,ENTERGY CORPORATION,452989837.0,0000065984-26-000174,2026-01-30,,,,,,2025,EntityCommonStockSharesOutstanding
66740,3M COMPANY,605038186.0,0001558370-16-003162,2016-01-31,,,,,,2015,EntityCommonStockSharesOutstanding
66740,3M COMPANY,596200000.0,0001558370-17-000479,2017-01-31,,,,,,2016,EntityCommonStockSharesOutstanding
66740,3M COMPANY,595500000.0,0001558370-18-000535,2018-01-31,,,,,,2017,EntityCommonStockSharesOutstanding
66740,3M COMPANY,575800000.0,0001558370-19-000470,2019-01-31,,,,,,2018,EntityCommonStockSharesOutstanding
66740,3M COMPANY,575600000.0,0001558370-20-000581,2020-01-31,,,,,,2019,EntityCommonStockSharesOutstanding
66740,3M COMPANY,579100000.0,0001558370-21-000737,2021-01-31,,,,,,2020,EntityCommonStockSharesOutstanding
66740,3M COMPANY,571100000.0,0000066740-22-000010,2022-01-31,,,,,,2021,EntityCommonStockSharesOutstanding
66740,3M COMPANY,550500000.0,0000066740-23-000014,2023-01-31,,,,,,2022,EntityCommonStockSharesOutstanding
66740,3M COMPANY,552700000.0,0000066740-24-000016,2024-01-31,,,,,,2023,EntityCommonStockSharesOutstanding
66740,3M COMPANY,542900000.0,0000066740-25-000006,2025-01-31,,,,,,2024,EntityCommonStockSharesOutstanding
66740,3M COMPANY,526700000.0,0000066740-26-000014,2026-01-31,,,,,,2025,EntityCommonStockSharesOutstanding
66740,3M COMPANY,515722417.0,0000066740-26-000246,2026-06-30,,,,,,2026,EntityCommonStockSharesOutstanding
68505,"Motorola Solutions, Inc.",174337851.0,0000068505-16-000017,2016-02-01,,,,,,2015,EntityCommonStockSharesOutstanding
68505,"Motorola Solutions, Inc.",164744310.0,0000068505-17-000002,2017-02-01,,,,,,2016,EntityCommonStockSharesOutstanding
68505,"Motorola Solutions, Inc.",161307525.0,0000068505-18-000009,2018-02-02,,,,,,2017,EntityCommonStockSharesOutstanding
68505,"Motorola Solutions, Inc.",163871288.0,0000068505-19-000006,2019-02-01,,,,,,2018,EntityCommonStockSharesOutstanding
68505,"Motorola Solutions, Inc.",170579096.0,0000068505-20-000006,2020-01-31,,,,,,2019,EntityCommonStockSharesOutstanding
68505,"Motorola Solutions, Inc.",169028294.0,0000068505-21-000008,2021-02-01,,,,,,2020,EntityCommonStockSharesOutstanding
68505,"MOTOROLA SOLUTIONS, INC.",168209089.0,0000068505-22-000010,2022-02-07,,,,,,2021,EntityCommonStockSharesOutstanding
68505,"MOTOROLA SOLUTIONS, INC.",167250071.0,0000068505-23-000015,2023-02-06,,,,,,2022,EntityCommonStockSharesOutstanding
68505,"Motorola Solutions, Inc.",166132981.0,0000068505-24-000008,2024-02-05,,,,,,2023,EntityCommonStockSharesOutstanding
68505,"MOTOROLA SOLUTIONS, INC.",166936952.0,0000068505-25-000012,2025-02-07,,,,,,2024,EntityCommonStockSharesOutstanding
68505,"MOTOROLA SOLUTIONS, INC.",165658912.0,0000068505-26-000010,2026-02-06,,,,,,2025,EntityCommonStockSharesOutstanding
68505,"MOTOROLA SOLUTIONS, INC.",165493788.0,0000068505-26-000028,2026-07-31,,,,,,2026,EntityCommonStockSharesOutstanding
70858,BofA Finance LLC,6992748365.0,0000070858-26-000394,2026-07-30,,,,,,2026,EntityCommonStockSharesOutstanding
72331,NORDSON CORPORATION,56990042.0,0001564590-16-014089,2016-01-31,,,,,,2015,EntityCommonStockSharesOutstanding
72331,NORDSON CORPORATION,57545291.0,0001564590-17-003417,2017-01-31,,,,,,2016,EntityCommonStockSharesOutstanding
72331,NORDSON CORPORATION,57972664.0,0001564590-18-004341,2018-01-31,,,,,,2017,EntityCommonStockSharesOutstanding
72331,NORDSON CORPORATION,57325161.0,0001564590-19-006655,2019-01-31,,,,,,2018,EntityCommonStockSharesOutstanding
72331,NORDSON CORPORATION,57708386.0,0001564590-19-045927,2019-11-30,,,,,,2019,EntityCommonStockSharesOutstanding
72331,NORDSON CORPORATION,58094487.0,0000072331-21-000008,2020-11-30,,,,,,2020,EntityCommonStockSharesOutstanding
72331,NORDSON CORPORATION,58176606.0,0000072331-21-000079,2021-11-30,,,,,,2021,EntityCommonStockSharesOutstanding
72331,NORDSON CORPORATION,57156824.0,0000072331-22-000185,2022-11-30,,,,,,2022,EntityCommonStockSharesOutstanding
72331,NORDSON CORPORATION,57016026.0,0000072331-23-000242,2023-11-30,,,,,,2023,EntityCommonStockSharesOutstanding
72331,NORDSON CORPORATION,57016026.0,0000072331-24-000177,2024-11-30,,,,,,2024,EntityCommonStockSharesOutstanding
72331,NORDSON CORPORATION,55823516.0,0000072331-25-000144,2025-11-30,,,,,,2025,EntityCommonStockSharesOutstanding
72331,NORDSON CORPORATION,55717948.0,0000072331-26-000024,2026-05-19,,,,,,2026,EntityCommonStockSharesOutstanding
72741,EVERSOURCE ENERGY,317191249.0,0000072741-16-000063,2016-01-31,,,,,,2015,EntityCommonStockSharesOutstanding
72741,EVERSOURCE ENERGY,316885808.0,0000072741-17-000007,2017-01-31,,,,,,2016,EntityCommonStockSharesOutstanding
72741,EVERSOURCE ENERGY,316885808.0,0000072741-18-000028,2018-01-31,,,,,,2017,EntityCommonStockSharesOutstanding
72741,EVERSOURCE ENERGY,316981088.0,0000072741-19-000017,2019-01-31,,,,,,2018,EntityCommonStockSharesOutstanding
72741,EVERSOURCE ENERGY,329952663.0,0000072741-20-000008,2020-01-31,,,,,,2019,EntityCommonStockSharesOutstanding
72741,EVERSOURCE ENERGY,343003366.0,0000072741-21-000005,2021-01-31,,,,,,2020,EntityCommonStockSharesOutstanding
72741,EVERSOURCE ENERGY,344439905.0,0000072741-22-000015,2022-01-31,,,,,,2021,EntityCommonStockSharesOutstanding
72741,EVERSOURCE ENERGY,348483425.0,0000072741-23-000004,2023-01-31,,,,,,2022,EntityCommonStockSharesOutstanding
72741,EVERSOURCE                                    ENERGY,349687183.0,0000072741-24-000005,2024-01-31,,,,,,2023,EntityCommonStockSharesOutstanding
72741,EVERSOURCE ENERGY,366785030.0,0000072741-25-000007,2025-01-31,,,,,,2024,EntityCommonStockSharesOutstanding
72741,EVERSOURCE ENERGY,375496611.0,0001628280-26-008461,2026-01-31,,,,,,2025,EntityCommonStockSharesOutstanding
72741,EVERSOURCE ENERGY,376674754.0,0001628280-26-051906,2026-07-31,,,,,,2026,EntityCommonStockSharesOutstanding
72903,XCEL ENERGY INC,514211368.0,0000072903-19-000010,2019-02-14,,,,,,2018,EntityCommonStockSharesOutstanding
72903,XCEL ENERGY INC,524669024.0,0000072903-20-000011,2020-02-13,,,,,,2019,EntityCommonStockSharesOutstanding
72903,XCEL ENERGY INC,537648833.0,0000072903-21-000012,2021-02-11,,,,,,2020,EntityCommonStockSharesOutstanding
72903,Xcel Energy Inc.,624634306.0,0000072903-26-000154,2026-07-28,,,,,,2026,EntityCommonStockSharesOutstanding
72971,WELLS FARGO & COMPANY/MN,5076712397.0,0000072971-16-001045,2016-01-29,,,,,,2015,EntityCommonStockSharesOutstanding
72971,WELLS FARGO & COMPANY/MN,3814556833.0,0000072971-22-000096,2022-02-11,,,,,,2021,EntityCommonStockSharesOutstanding
72971,WELLS FARGO & COMPANY/MN,3793867540.0,0000072971-23-000071,2023-02-10,,,,,,2022,EntityCommonStockSharesOutstanding
72971,WELLS FARGO & COMPANY/MN,3577443489.0,0000072971-24-000064,2024-02-09,,,,,,2023,EntityCommonStockSharesOutstanding
72971,WELLS FARGO & COMPANY/MN,3288186582.0,0000072971-25-000066,2025-02-14,,,,,,2024,EntityCommonStockSharesOutstanding
72971,WELLS FARGO & COMPANY/MN,3085635641.0,0000072971-26-000133,2026-02-13,,,,,,2025,EntityCommonStockSharesOutstanding
72971,WELLS        FARGO & COMPANY/MN,3023999336.0,0000072971-26-000302,2026-07-17,,,,,,2026,EntityCommonStockSharesOutstanding
73124,NORTHERN TRUST CORPORATION,228984161.0,0000073124-16-000324,2016-01-31,,,,,,2015,EntityCommonStockSharesOutstanding
73124,NORTHERN TRUST CORPORATION,228791961.0,0000073124-17-000117,2017-01-31,,,,,,2016,EntityCommonStockSharesOutstanding
73124,NORTHERN TRUST CORPORATION,226325851.0,0000073124-18-000141,2018-01-31,,,,,,2017,EntityCommonStockSharesOutstanding
73124,NORTHERN TRUST CORPORATION,218411773.0,0000073124-19-000088,2019-01-31,,,,,,2018,EntityCommonStockSharesOutstanding
73124,NORTHERN TRUST CORPORATION,209247666.0,0000073124-20-000101,2020-01-31,,,,,,2019,EntityCommonStockSharesOutstanding
73124,NORTHERN TRUST CORPORATION,208314381.0,0000073124-21-000071,2021-01-31,,,,,,2020,EntityCommonStockSharesOutstanding
73124,NORTHERN TRUST CORPORATION,207898329.0,0000073124-22-000071,2022-01-31,,,,,,2021,EntityCommonStockSharesOutstanding
73124,NORTHERN TRUST CORPORATION,208196935.0,0000073124-23-000049,2023-01-31,,,,,,2022,EntityCommonStockSharesOutstanding
73124,NORTHERN TRUST CORPORATION,204841515.0,0000073124-24-000073,2024-01-31,,,,,,2023,EntityCommonStockSharesOutstanding
73124,NORTHERN TRUST CORPORATION,195697744.0,0000073124-25-000105,2025-01-31,,,,,,2024,EntityCommonStockSharesOutstanding
73124,NORTHERN TRUST CORPORATION,185827803.0,0000073124-26-000016,2026-01-31,,,,,,2025,EntityCommonStockSharesOutstanding
73124,NORTHERN TRUST CORPORATION,182955653.0,0000073124-26-000047,2026-06-30,,,,,,2026,EntityCommonStockSharesOutstanding
73309,NUCOR CORPORATION,226875676.0,0001193125-26-345891,2026-07-04,,,,,,2026,EntityCommonStockSharesOutstanding
74208,"UDR, Inc.",318264646.0,0000074208-22-000010,2022-02-11,,,,,,2021,EntityCommonStockSharesOutstanding
74208,"UDR, Inc.",329165608.0,0000074208-23-000007,2023-02-08,,,,,,2022,EntityCommonStockSharesOutstanding
74208,"UDR, Inc.",331133359.0,0000074208-25-000010,2025-02-14,,,,,,2024,EntityCommonStockSharesOutstanding
74208,"UDR, Inc.",328571965.0,0000074208-26-000013,2026-02-11,,,,,,2025,EntityCommonStockSharesOutstanding
74208,"UDR, Inc.",321264222.0,0000074208-26-000073,2026-07-24,,,,,,2026,EntityCommonStockSharesOutstanding
75362,PACCAR Inc,351358497.0,0001193125-16-465258,2016-01-31,,,,,,2015,EntityCommonStockSharesOutstanding
75362,PACCAR Inc,350896879.0,0001193125-17-050405,2017-01-31,,,,,,2016,EntityCommonStockSharesOutstanding
75362,PACCAR Inc,351986606.0,0001564590-18-002675,2018-01-31,,,,,,2017,EntityCommonStockSharesOutstanding
75362,PACCAR Inc,346718291.0,0001564590-19-003670,2019-01-31,,,,,,2018,EntityCommonStockSharesOutstanding
75362,PACCAR Inc,346353327.0,0001564590-20-005276,2020-01-31,,,,,,2019,EntityCommonStockSharesOutstanding
75362,PACCAR Inc,346936820.0,0001564590-21-006370,2021-01-31,,,,,,2020,EntityCommonStockSharesOutstanding
75362,PACCAR Inc,347571995.0,0001564590-22-006237,2022-01-31,,,,,,2021,EntityCommonStockSharesOutstanding
75362,PACCAR Inc,522513846.0,0001564590-23-002203,2023-02-10,,,,,,2022,EntityCommonStockSharesOutstanding
75362,PACCAR Inc,523883677.0,0000950170-24-017900,2024-02-09,,,,,,2023,EntityCommonStockSharesOutstanding
75362,PACCAR Inc,524802603.0,0000950170-25-023145,2025-01-31,,,,,,2024,EntityCommonStockSharesOutstanding
75362,PACCAR Inc,525894443.0,0001193125-26-057025,2026-01-31,,,,,,2025,EntityCommonStockSharesOutstanding
75362,PACCAR Inc,526364953.0,0001193125-26-323642,2026-07-24,,,,,,2026,EntityCommonStockSharesOutstanding
75677,PACKAGING CORP OF AMERICA,89098299.0,0001193125-26-339405,2026-07-31,,,,,,2026,EntityCommonStockSharesOutstanding
76334,Parker-Hannifin Corp,135102576.0,0000076334-16-000116,2015-12-31,,,,,,2015,EntityCommonStockSharesOutstanding
76334,Parker-Hannifin Corp,133293693.0,0000076334-17-000012,2016-12-31,,,,,,2016,EntityCommonStockSharesOutstanding
76334,Parker-Hannifin Corp,133048544.0,0000076334-18-000011,2017-12-31,,,,,,2017,EntityCommonStockSharesOutstanding
76334,Parker-Hannifin Corp,129365355.0,0000076334-19-000018,2018-12-31,,,,,,2018,EntityCommonStockSharesOutstanding
76334,Parker-Hannifin Corp,128363097.0,0000076334-20-000009,2019-12-31,,,,,,2019,EntityCommonStockSharesOutstanding
76334,Parker-Hannifin Corp,129081165.0,0000076334-21-000029,2020-12-31,,,,,,2020,EntityCommonStockSharesOutstanding
76334,PARKER-HANNIFIN CORPORATION,128477634.0,0000076334-22-000007,2021-12-31,,,,,,2021,EntityCommonStockSharesOutstanding
76334,PARKER-HANNIFIN CORPORATION,128266030.0,0000076334-23-000009,2022-12-31,,,,,,2022,EntityCommonStockSharesOutstanding
76334,PARKER-HANNIFIN CORPORATION,128410854.0,0000076334-24-000008,2023-12-31,,,,,,2023,EntityCommonStockSharesOutstanding
76334,PARKER-HANNIFIN CORPORATION,128764843.0,0000076334-25-000011,2024-12-31,,,,,,2024,EntityCommonStockSharesOutstanding
76334,PARKER-HANNIFIN CORPORATION,126216529.0,0000076334-26-000008,2025-12-31,,,,,,2025,EntityCommonStockSharesOutstanding
76334,PARKER-HANNIFIN CORPORATION,126047469.0,0000076334-26-000105,2026-07-31,,,,,,2026,EntityCommonStockSharesOutstanding
77360,Pentair plc,180455693.0,0000077360-16-000058,2015-12-31,,,,,,2015,EntityCommonStockSharesOutstanding
77360,Pentair plc,181765451.0,0000077360-17-000008,2016-12-31,,,,,,2016,EntityCommonStockSharesOutstanding
77360,Pentair plc,181765451.0,0000077360-18-000007,2017-12-31,,,,,,2017,EntityCommonStockSharesOutstanding
77360,Pentair plc,171363615.0,0000077360-19-000006,2018-12-31,,,,,,2018,EntityCommonStockSharesOutstanding
77360,Pentair plc,168293375.0,0000077360-20-000006,2019-12-31,,,,,,2019,EntityCommonStockSharesOutstanding
77360,Pentair plc,166063551.0,0000077360-21-000005,2020-12-31,,,,,,2020,EntityCommonStockSharesOutstanding
77360,Pentair plc,165098847.0,0000077360-22-000006,2021-12-31,,,,,,2021,EntityCommonStockSharesOutstanding
77360,Pentair plc,164542943.0,0000077360-23-000006,2022-12-31,,,,,,2022,EntityCommonStockSharesOutstanding
77360,Pentair plc,165334513.0,0000077360-24-000007,2023-12-31,,,,,,2023,EntityCommonStockSharesOutstanding
77360,Pentair plc,164817183.0,0000077360-25-000006,2024-12-31,,,,,,2024,EntityCommonStockSharesOutstanding
77360,Pentair plc,163235706.0,0000077360-26-000007,2025-12-31,,,,,,2025,EntityCommonStockSharesOutstanding
77360,Pentair plc,159637950.0,0000077360-26-000045,2026-06-30,,,,,,2026,EntityCommonStockSharesOutstanding
77476,"PepsiCo, Inc.",1445412743.0,0000077476-16-000066,2016-02-04,,,,,,2015,EntityCommonStockSharesOutstanding
77476,"PepsiCo, Inc.",1427214232.0,0000077476-17-000010,2017-02-07,,,,,,2016,EntityCommonStockSharesOutstanding
77476,"PepsiCo, Inc.",1419908267.0,0000077476-18-000012,2018-02-06,,,,,,2017,EntityCommonStockSharesOutstanding
77476,"PepsiCo, Inc.",1404686108.0,0000077476-19-000017,2019-02-08,,,,,,2018,EntityCommonStockSharesOutstanding
77476,"PepsiCo, Inc.",1389544618.0,0000077476-20-000015,2020-02-06,,,,,,2019,EntityCommonStockSharesOutstanding
77476,"PepsiCo, Inc.",1379608641.0,0000077476-21-000007,2021-02-04,,,,,,2020,EntityCommonStockSharesOutstanding
77476,"PepsiCo, Inc.",1383451400.0,0000077476-22-000010,2022-02-03,,,,,,2021,EntityCommonStockSharesOutstanding
77476,"PepsiCo, Inc.",1377251316.0,0000077476-23-000007,2023-02-02,,,,,,2022,EntityCommonStockSharesOutstanding
77476,"PepsiCo, Inc.",1374429271.0,0000077476-24-000008,2024-02-02,,,,,,2023,EntityCommonStockSharesOutstanding
77476,"PepsiCo, Inc.",1371499838.0,0000077476-25-000007,2025-01-28,,,,,,2024,EntityCommonStockSharesOutstanding
77476,"PepsiCo, Inc.",1366649053.0,0000077476-26-000007,2026-01-23,,,,,,2025,EntityCommonStockSharesOutstanding
77476,"PepsiCo, Inc.",1364891558.0,0000077476-26-000035,2026-07-02,,,,,,2026,EntityCommonStockSharesOutstanding
78003,PFIZER INC,5699673589.0,0000078003-26-000095,2026-07-29,,,,,,2026,EntityCommonStockSharesOutstanding
79282,"BROWN & BROWN, INC.",285931978.0,0000950170-25-019039,2025-02-10,,,,,,2024,EntityCommonStockSharesOutstanding
79282,"BROWN & BROWN, INC.",340420023.0,0001193125-26-046984,2026-02-10,,,,,,2025,EntityCommonStockSharesOutstanding
79282,"BROWN & BROWN, INC.",334610357.0,0001193125-26-318251,2026-07-24,,,,,,2026,EntityCommonStockSharesOutstanding
79879,PPG INDUSTRIES INC,266765632.0,0000079879-16-000065,2016-01-31,,,,,,2015,EntityCommonStockSharesOutstanding
79879,PPG INDUSTRIES INC,257094500.0,0000079879-17-000009,2017-01-31,,,,,,2016,EntityCommonStockSharesOutstanding
79879,PPG INDUSTRIES INC,249880613.0,0000079879-18-000039,2018-01-31,,,,,,2017,EntityCommonStockSharesOutstanding
79879,PPG INDUSTRIES INC,235898957.0,0000079879-19-000008,2019-01-31,,,,,,2018,EntityCommonStockSharesOutstanding
79879,PPG INDUSTRIES INC,235755928.0,0000079879-20-000008,2020-01-31,,,,,,2019,EntityCommonStockSharesOutstanding
79879,PPG INDUSTRIES INC,236788855.0,0000079879-21-000008,2021-01-31,,,,,,2020,EntityCommonStockSharesOutstanding
79879,"PPG INDUSTRIES, INC.",235998952.0,0000079879-22-000009,2022-01-31,,,,,,2021,EntityCommonStockSharesOutstanding
79879,"PPG INDUSTRIES, INC.",235179993.0,0000079879-23-000007,2023-01-31,,,,,,2022,EntityCommonStockSharesOutstanding
79879,"PPG INDUSTRIES, INC.",235254665.0,0000079879-24-000040,2024-01-31,,,,,,2023,EntityCommonStockSharesOutstanding
79879,"PPG INDUSTRIES, INC.",226953559.0,0000079879-25-000034,2025-01-31,,,,,,2024,EntityCommonStockSharesOutstanding
79879,"PPG INDUSTRIES, INC.",223494714.0,0000079879-26-000046,2026-01-31,,,,,,2025,EntityCommonStockSharesOutstanding
79879,PPG INDUSTRIES INC,222300000.0,0000079879-26-000252,2026-06-30,,,,,,2026,EntityCommonStockSharesOutstanding
80424,PROCTER & GAMBLE CO,2704565560.0,0000080424-16-000166,2015-12-31,,,,,,2015,EntityCommonStockSharesOutstanding
80424,PROCTER & GAMBLE CO,2556477220.0,0000080424-17-000011,2016-12-31,,,,,,2016,EntityCommonStockSharesOutstanding
80424,PROCTER & GAMBLE CO,2521003706.0,0000080424-18-000013,2017-12-31,,,,,,2017,EntityCommonStockSharesOutstanding
80424,PROCTER & GAMBLE CO,2501579709.0,0000080424-19-000014,2018-12-31,,,,,,2018,EntityCommonStockSharesOutstanding
80424,PROCTER & GAMBLE CO,2469452884.0,0000080424-20-000017,2019-12-31,,,,,,2019,EntityCommonStockSharesOutstanding
80424,PROCTER & GAMBLE CO,2462476044.0,0000080424-21-000026,2020-12-31,,,,,,2020,EntityCommonStockSharesOutstanding
80424,PROCTER & GAMBLE CO,2397065706.0,0000080424-22-000016,2021-12-31,,,,,,2021,EntityCommonStockSharesOutstanding
80424,PROCTER & GAMBLE CO,2359144096.0,0000080424-23-000014,2022-12-31,,,,,,2022,EntityCommonStockSharesOutstanding
80424,PROCTER & GAMBLE CO,2353021054.0,0000080424-24-000018,2023-12-31,,,,,,2023,EntityCommonStockSharesOutstanding
80424,PROCTER & GAMBLE CO,2344851814.0,0000080424-25-000013,2024-12-31,,,,,,2024,EntityCommonStockSharesOutstanding
80424,PROCTER & GAMBLE CO,2324000685.0,0000080424-26-000011,2025-12-31,,,,,,2025,EntityCommonStockSharesOutstanding
80424,PROCTER & GAMBLE CO,2324433060.0,0000080424-26-000103,2026-07-31,,,,,,2026,EntityCommonStockSharesOutstanding
80661,PROGRESSIVE CORP/OH/,584328057.0,0000080661-16-000080,2016-01-31,,,,,,2015,EntityCommonStockSharesOutstanding
80661,PROGRESSIVE CORP/OH/,580803030.0,0000080661-17-000012,2017-01-31,,,,,,2016,EntityCommonStockSharesOutstanding
80661,PROGRESSIVE CORP/OH/,582275989.0,0000080661-18-000011,2018-01-31,,,,,,2017,EntityCommonStockSharesOutstanding
80661,PROGRESSIVE CORP/OH/,583896232.0,0000080661-19-000008,2019-01-31,,,,,,2018,EntityCommonStockSharesOutstanding
80661,PROGRESSIVE CORP/OH/,585253659.0,0000080661-20-000006,2020-01-31,,,,,,2019,EntityCommonStockSharesOutstanding
80661,PROGRESSIVE CORP/OH/,585747728.0,0000080661-21-000014,2021-01-31,,,,,,2020,EntityCommonStockSharesOutstanding
80661,PROGRESSIVE CORP/OH/,584848536.0,0000080661-22-000046,2022-01-31,,,,,,2021,EntityCommonStockSharesOutstanding
80661,PROGRESSIVE CORP/OH/,585340036.0,0000080661-23-000006,2023-01-31,,,,,,2022,EntityCommonStockSharesOutstanding
80661,PROGRESSIVE CORP/OH/,585677464.0,0000080661-24-000007,2024-01-31,,,,,,2023,EntityCommonStockSharesOutstanding
80661,PROGRESSIVE CORP/OH/,586207679.0,0000080661-25-000007,2025-01-31,,,,,,2024,EntityCommonStockSharesOutstanding
80661,PROGRESSIVE CORP/OH/,585906353.0,0000080661-26-000086,2026-01-31,,,,,,2025,EntityCommonStockSharesOutstanding
80661,PROGRESSIVE CORP/OH/,581371770.0,0000080661-26-000308,2026-07-02,,,,,,2026,EntityCommonStockSharesOutstanding
84839,"ROLLINS, INC.",218806458.0,0001552781-16-001318,2016-01-31,,,,,,2015,EntityCommonStockSharesOutstanding
84839,"ROLLINS, INC.",218032223.0,0001171200-17-000077,2017-01-31,,,,,,2016,EntityCommonStockSharesOutstanding
84839,"ROLLINS, INC.",218209925.0,0000084839-18-000065,2018-01-31,,,,,,2017,EntityCommonStockSharesOutstanding
84839,"ROLLINS, INC.",327532811.0,0001171200-19-000087,2019-01-31,,,,,,2018,EntityCommonStockSharesOutstanding
84839,"ROLLINS, INC.",327779714.0,0001171200-20-000103,2020-01-31,,,,,,2019,EntityCommonStockSharesOutstanding
84839,"ROLLINS, INC.",492141926.0,0001171200-21-000076,2021-01-31,,,,,,2020,EntityCommonStockSharesOutstanding
84839,"ROLLINS, INC.",492085707.0,0000084839-22-000011,2022-01-31,,,,,,2021,EntityCommonStockSharesOutstanding
84839,"ROLLINS, INC.",492280053.0,0000084839-23-000006,2023-01-31,,,,,,2022,EntityCommonStockSharesOutstanding
84839,"ROLLINS, INC.",483885114.0,0000084839-24-000025,2024-01-31,,,,,,2023,EntityCommonStockSharesOutstanding
84839,"ROLLINS, INC.",484224958.0,0000084839-25-000024,2025-01-31,,,,,,2024,EntityCommonStockSharesOutstanding
84839,"ROLLINS, INC.",481092221.0,0000084839-26-000008,2026-01-31,,,,,,2025,EntityCommonStockSharesOutstanding
84839,"ROLLINS, INC.",481145404.0,0000084839-26-000040,2026-07-13,,,,,,2026,EntityCommonStockSharesOutstanding
86312,"Travelers Companies, Inc.",294977349.0,0001047469-16-010107,2016-02-05,,,,,,2015,EntityCommonStockSharesOutstanding
86312,"Travelers Companies, Inc.",279685489.0,0001047469-17-000695,2017-02-10,,,,,,2016,EntityCommonStockSharesOutstanding
86312,"Travelers Companies, Inc.",271427959.0,0001047469-18-000812,2018-02-09,,,,,,2017,EntityCommonStockSharesOutstanding
86312,"Travelers Companies, Inc.",263391034.0,0000086312-19-000009,2019-02-08,,,,,,2018,EntityCommonStockSharesOutstanding
86312,"Travelers Companies, Inc.",255030905.0,0000086312-20-000011,2020-02-07,,,,,,2019,EntityCommonStockSharesOutstanding
86312,"Travelers Companies, Inc.",252214355.0,0000086312-21-000011,2021-02-05,,,,,,2020,EntityCommonStockSharesOutstanding
86312,"Travelers Companies, Inc.",241500732.0,0000086312-22-000013,2022-02-14,,,,,,2021,EntityCommonStockSharesOutstanding
86312,"Travelers Companies, Inc.",232094271.0,0000086312-23-000011,2023-02-13,,,,,,2022,EntityCommonStockSharesOutstanding
86312,"Travelers Companies, Inc.",229125844.0,0000086312-24-000012,2024-02-12,,,,,,2023,EntityCommonStockSharesOutstanding
86312,"Travelers Companies, Inc.",226726582.0,0000086312-25-000012,2025-02-07,,,,,,2024,EntityCommonStockSharesOutstanding
86312,"Travelers Companies, Inc.",216237902.0,0000086312-26-000065,2026-02-05,,,,,,2025,EntityCommonStockSharesOutstanding
86312,"Travelers Companies, Inc.",208575022.0,0000086312-26-000145,2026-07-10,,,,,,2026,EntityCommonStockSharesOutstanding
87347,SCHLUMBERGER LIMITED/NV,1256367980.0,0001564590-16-012009,2015-12-31,,,,,,2015,EntityCommonStockSharesOutstanding
87347,SCHLUMBERGER LIMITED/NV,1391475510.0,0001564590-17-000589,2016-12-31,,,,,,2016,EntityCommonStockSharesOutstanding
87347,SCHLUMBERGER LIMITED/NV,1383932776.0,0001564590-18-000821,2017-12-31,,,,,,2017,EntityCommonStockSharesOutstanding
87347,SCHLUMBERGER LIMITED/NV,1382964324.0,0001564590-19-000928,2018-12-31,,,,,,2018,EntityCommonStockSharesOutstanding
87347,SCHLUMBERGER LIMITED/NV,1384515345.0,0001564590-20-001578,2019-12-31,,,,,,2019,EntityCommonStockSharesOutstanding
87347,SCHLUMBERGER LIMITED/NV,1392325960.0,0001564590-21-002477,2020-12-31,,,,,,2020,EntityCommonStockSharesOutstanding
87347,SCHLUMBERGER LIMITED/NV,1403381685.0,0001564590-22-002421,2021-12-31,,,,,,2021,EntityCommonStockSharesOutstanding
87347,SCHLUMBERGER LIMITED/NV,1420188492.0,0001564590-23-000762,2022-12-31,,,,,,2022,EntityCommonStockSharesOutstanding
87347,SCHLUMBERGER LIMITED/NV,1427394843.0,0000950170-24-006884,2023-12-31,,,,,,2023,EntityCommonStockSharesOutstanding
87347,SCHLUMBERGER LIMITED/NV,1400850420.0,0000950170-25-007638,2024-12-31,,,,,,2024,EntityCommonStockSharesOutstanding
87347,SLB LIMITED/NV,1495331485.0,0001193125-26-021017,2025-12-31,,,,,,2025,EntityCommonStockSharesOutstanding
87347,SLB LIMITED/NV,1484143231.0,0001193125-26-322595,2026-06-30,,,,,,2026,EntityCommonStockSharesOutstanding
89800,SHERWIN WILLIAMS CO,92270422.0,0000089800-16-000026,2016-01-31,,,,,,2015,EntityCommonStockSharesOutstanding
89800,SHERWIN WILLIAMS CO,93307230.0,0000089800-17-000005,2017-01-31,,,,,,2016,EntityCommonStockSharesOutstanding
89800,SHERWIN WILLIAMS CO,93993791.0,0000089800-18-000004,2018-01-31,,,,,,2017,EntityCommonStockSharesOutstanding
89800,SHERWIN WILLIAMS CO,92718270.0,0000089800-19-000004,2019-01-31,,,,,,2018,EntityCommonStockSharesOutstanding
89800,SHERWIN WILLIAMS CO,92227704.0,0000089800-20-000005,2020-01-31,,,,,,2019,EntityCommonStockSharesOutstanding
89800,SHERWIN WILLIAMS CO,89601869.0,0000089800-21-000010,2021-01-31,,,,,,2020,EntityCommonStockSharesOutstanding
89800,SHERWIN WILLIAMS CO,260373774.0,0000089800-22-000007,2022-01-31,,,,,,2021,EntityCommonStockSharesOutstanding
89800,THE SHERWIN-WILLIAMS COMPANY,258442281.0,0000089800-23-000007,2023-01-31,,,,,,2022,EntityCommonStockSharesOutstanding
89800,THE SHERWIN-WILLIAMS COMPANY,254464522.0,0000089800-24-000033,2024-01-31,,,,,,2023,EntityCommonStockSharesOutstanding
89800,THE SHERWIN-WILLIAMS COMPANY,251364135.0,0000089800-25-000030,2025-01-31,,,,,,2024,EntityCommonStockSharesOutstanding
89800,THE SHERWIN-WILLIAMS COMPANY,247774767.0,0000089800-26-000008,2026-01-31,,,,,,2025,EntityCommonStockSharesOutstanding
89800,THE SHERWIN-WILLIAMS COMPANY,242758151.0,0000089800-26-000049,2026-06-30,,,,,,2026,EntityCommonStockSharesOutstanding
91419,J M SMUCKER Co,119674908.0,0001193125-15-395419,2015-12-01,,,,,,2015,EntityCommonStockSharesOutstanding
91419,J M SMUCKER Co,116434333.0,0000091419-16-000014,2016-11-16,,,,,,2016,EntityCommonStockSharesOutstanding
91419,J M SMUCKER Co,113597554.0,0000091419-17-000011,2017-11-15,,,,,,2017,EntityCommonStockSharesOutstanding
91419,J M SMUCKER Co,113758133.0,0000091419-18-000011,2018-11-20,,,,,,2018,EntityCommonStockSharesOutstanding
91419,J M SMUCKER Co,114056389.0,0000091419-19-000024,2019-11-15,,,,,,2019,EntityCommonStockSharesOutstanding
91419,J M SMUCKER Co,114092704.0,0000091419-20-000151,2020-11-17,,,,,,2020,EntityCommonStockSharesOutstanding
91419,The J. M. Smucker Company,108363216.0,0000091419-21-000107,2021-11-16,,,,,,2021,EntityCommonStockSharesOutstanding
91419,The J. M. Smucker Company,106143808.0,0000091419-23-000143,2023-11-28,,,,,,2023,EntityCommonStockSharesOutstanding
91419,The J. M. Smucker Company,106415968.0,0000091419-24-000103,2024-11-19,,,,,,2024,EntityCommonStockSharesOutstanding
91419,The J. M. Smucker Company,106694327.0,0000091419-25-000106,2025-11-18,,,,,,2025,EntityCommonStockSharesOutstanding
91419,THE J. M. SMUCKER COMPANY,106662133.0,0000091419-26-000050,2026-06-02,,,,,,2026,EntityCommonStockSharesOutstanding
91440,Snap-on Inc,58092025.0,0001193125-16-459788,2016-02-05,,,,,,2015,EntityCommonStockSharesOutstanding
91440,Snap-on Inc,57970318.0,0001193125-17-036139,2017-02-03,,,,,,2016,EntityCommonStockSharesOutstanding
91440,Snap-on Inc,56721048.0,0001193125-18-047130,2018-02-09,,,,,,2017,EntityCommonStockSharesOutstanding
91440,Snap-on Inc,55616137.0,0000091440-19-000003,2019-02-08,,,,,,2018,EntityCommonStockSharesOutstanding
91440,Snap-on Inc,54659446.0,0000091440-20-000004,2020-02-07,,,,,,2019,EntityCommonStockSharesOutstanding
91440,Snap-on Inc,54203094.0,0000091440-21-000005,2021-02-05,,,,,,2020,EntityCommonStockSharesOutstanding
91440,Snap-on Inc,53438639.0,0000091440-22-000005,2022-02-04,,,,,,2021,EntityCommonStockSharesOutstanding
91440,Snap-on Inc,53114455.0,0000091440-23-000005,2023-02-03,,,,,,2022,EntityCommonStockSharesOutstanding
91440,Snap-on Inc,52713542.0,0000091440-24-000005,2024-02-09,,,,,,2023,EntityCommonStockSharesOutstanding
91440,Snap-on Inc,52393235.0,0000091440-25-000010,2025-02-07,,,,,,2024,EntityCommonStockSharesOutstanding
91440,Snap-on Inc,51913121.0,0000091440-26-000045,2026-02-06,,,,,,2025,EntityCommonStockSharesOutstanding
91440,Snap-on Inc,51727124.0,0000091440-26-000144,2026-07-17,,,,,,2026,EntityCommonStockSharesOutstanding
91576,KeyCorp,1067128554.0,0001628280-26-052671,2026-07-31,,,,,,2026,EntityCommonStockSharesOutstanding
92122,The Southern Company,912846995.0,0000092122-16-000126,2016-01-31,,,,,,2015,EntityCommonStockSharesOutstanding
92122,The Southern Company,991051161.0,0000092122-17-000007,2017-01-31,,,,,,2016,EntityCommonStockSharesOutstanding
92122,The Southern Company,1008159482.0,0000092122-18-000012,2018-01-31,,,,,,2017,EntityCommonStockSharesOutstanding
92122,The Southern Company,1034564279.0,0000092122-19-000006,2019-01-31,,,,,,2018,EntityCommonStockSharesOutstanding
92122,The Southern Company,1054228409.0,0000092122-20-000017,2020-01-31,,,,,,2019,EntityCommonStockSharesOutstanding
92122,The Southern Company,1056609660.0,0000092122-21-000006,2021-01-31,,,,,,2020,EntityCommonStockSharesOutstanding
92122,The Southern Company,1060226587.0,0000092122-22-000003,2022-01-31,,,,,,2021,EntityCommonStockSharesOutstanding
92122,The Southern Company,1088907919.0,0000092122-23-000012,2023-01-31,,,,,,2022,EntityCommonStockSharesOutstanding
92122,The Southern Company,1091015113.0,0000092122-24-000009,2024-01-31,,,,,,2023,EntityCommonStockSharesOutstanding
92122,The Southern Company,1096802197.0,0000092122-25-000018,2025-01-31,,,,,,2024,EntityCommonStockSharesOutstanding
92122,The Southern Company,1119391291.0,0000092122-26-000006,2026-01-31,,,,,,2025,EntityCommonStockSharesOutstanding
92230,Truist Financial Corporation,780451430.0,0000092230-16-000125,2016-01-31,,,,,,2015,EntityCommonStockSharesOutstanding
92230,Truist Financial Corporation,808394189.0,0000092230-17-000033,2017-01-31,,,,,,2016,EntityCommonStockSharesOutstanding
92230,Truist Financial Corporation,778291454.0,0000092230-18-000021,2018-01-31,,,,,,2017,EntityCommonStockSharesOutstanding
92230,Truist Financial Corporation,763599034.0,0000092230-19-000017,2019-01-31,,,,,,2018,EntityCommonStockSharesOutstanding
92230,Truist Financial Corporation,1342769369.0,0000092230-20-000045,2020-01-31,,,,,,2019,EntityCommonStockSharesOutstanding
92230,Truist Financial Corporation,1347198511.0,0000092230-21-000032,2021-01-31,,,,,,2020,EntityCommonStockSharesOutstanding
92230,TRUIST FINANCIAL CORPORATION,1328120453.0,0000092230-22-000008,2022-01-31,,,,,,2021,EntityCommonStockSharesOutstanding
92230,TRUIST FINANCIAL CORPORATION,1327909982.0,0000092230-23-000034,2023-01-31,,,,,,2022,EntityCommonStockSharesOutstanding
92230,TRUIST FINANCIAL CORPORATION,1334529883.0,0000092230-24-000010,2024-01-31,,,,,,2023,EntityCommonStockSharesOutstanding
92230,TRUIST FINANCIAL CORPORATION,1305350706.0,0000092230-25-000020,2025-01-31,,,,,,2024,EntityCommonStockSharesOutstanding
92230,TRUIST FINANCIAL CORPORATION,1249168322.0,0000092230-26-000030,2026-01-31,,,,,,2025,EntityCommonStockSharesOutstanding
92230,TRUIST FINANCIAL CORPORATION,1221626188.0,0000092230-26-000099,2026-06-30,,,,,,2026,EntityCommonStockSharesOutstanding
92380,SOUTHWEST AIRLINES CO.,638070032.0,0000092380-16-000175,2016-01-29,,,,,,2015,EntityCommonStockSharesOutstanding
92380,SOUTHWEST AIRLINES CO.,615254524.0,0000092380-17-000029,2017-02-03,,,,,,2016,EntityCommonStockSharesOutstanding
92380,SOUTHWEST AIRLINES CO.,587950973.0,0000092380-18-000031,2018-02-05,,,,,,2017,EntityCommonStockSharesOutstanding
92380,SOUTHWEST AIRLINES CO.,552688849.0,0000092380-19-000022,2019-02-01,,,,,,2018,EntityCommonStockSharesOutstanding
92380,SOUTHWEST AIRLINES CO.,517295540.0,0000092380-20-000024,2020-01-30,,,,,,2019,EntityCommonStockSharesOutstanding
92380,SOUTHWEST AIRLINES CO.,590677474.0,0000092380-21-000033,2021-02-04,,,,,,2020,EntityCommonStockSharesOutstanding
92380,SOUTHWEST AIRLINES CO.,592341878.0,0000092380-22-000007,2022-02-02,,,,,,2021,EntityCommonStockSharesOutstanding
92380,SOUTHWEST AIRLINES CO.,594286577.0,0000092380-23-000010,2023-02-03,,,,,,2022,EntityCommonStockSharesOutstanding
92380,SOUTHWEST AIRLINES CO.,596664523.0,0000092380-24-000027,2024-02-02,,,,,,2023,EntityCommonStockSharesOutstanding
92380,SOUTHWEST AIRLINES CO.,592661084.0,0000092380-25-000024,2025-02-05,,,,,,2024,EntityCommonStockSharesOutstanding
92380,SOUTHWEST AIRLINES CO.,491317990.0,0000092380-26-000006,2026-02-03,,,,,,2025,EntityCommonStockSharesOutstanding
92380,SOUTHWEST AIRLINES CO.,489208201.0,0000092380-26-000077,2026-07-22,,,,,,2026,EntityCommonStockSharesOutstanding
93410,Chevron Corp,1910253256.0,0000093410-18-000010,2018-02-12,,,,,,2017,EntityCommonStockSharesOutstanding
93410,Chevron Corp,1900062760.0,0000093410-19-000008,2019-02-11,,,,,,2018,EntityCommonStockSharesOutstanding
93410,Chevron Corp,1879324765.0,0000093410-20-000010,2020-02-10,,,,,,2019,EntityCommonStockSharesOutstanding
93410,Chevron Corp,1926376764.0,0000093410-21-000009,2021-02-10,,,,,,2020,EntityCommonStockSharesOutstanding
93410,Chevron Corp,1947553346.0,0000093410-22-000019,2022-02-10,,,,,,2021,EntityCommonStockSharesOutstanding
93410,Chevron Corp,1906674044.0,0000093410-23-000009,2023-02-10,,,,,,2022,EntityCommonStockSharesOutstanding
93410,Chevron Corp,1857269160.0,0000093410-24-000013,2024-02-09,,,,,,2023,EntityCommonStockSharesOutstanding
93410,Chevron Corp,1760598537.0,0000093410-25-000009,2025-02-07,,,,,,2024,EntityCommonStockSharesOutstanding
93410,Chevron Corp,1995385539.0,0000093410-26-000078,2026-02-06,,,,,,2025,EntityCommonStockSharesOutstanding
93410,Chevron Corp,1975771274.0,0000093410-26-000167,2026-06-30,,,,,,2026,EntityCommonStockSharesOutstanding
93556,"STANLEY BLACK & DECKER, INC.",152335308.0,0000093556-16-000051,2016-02-01,,,,,,2015,EntityCommonStockSharesOutstanding
93556,"STANLEY BLACK & DECKER, INC.",152584499.0,0000093556-17-000006,2017-02-01,,,,,,2016,EntityCommonStockSharesOutstanding
93556,"Stanley Black & Decker, Inc.",153023886.0,0000093556-23-000007,2023-02-13,,,,,,2022,EntityCommonStockSharesOutstanding
93556,"STANLEY BLACK & DECKER, INC.",154413950.0,0000093556-25-000007,2025-02-11,,,,,,2024,EntityCommonStockSharesOutstanding
93556,"STANLEY BLACK & DECKER, INC.",151016641.0,0000093556-26-000031,2026-07-24,,,,,,2026,EntityCommonStockSharesOutstanding
93751,State Street Corp,400017186.0,0000093751-16-000446,2016-01-31,,,,,,2015,EntityCommonStockSharesOutstanding
93751,STATE STREET CORP,381939896.0,0000093751-17-000249,2017-01-31,,,,,,2016,EntityCommonStockSharesOutstanding
93751,STATE STREET CORP,367653199.0,0000093751-18-000308,2018-01-31,,,,,,2017,EntityCommonStockSharesOutstanding
93751,STATE STREET CORP,378659763.0,0000093751-19-000336,2019-01-31,,,,,,2018,EntityCommonStockSharesOutstanding
93751,STATE STREET CORP,354342408.0,0000093751-20-000684,2020-01-31,,,,,,2019,EntityCommonStockSharesOutstanding
93751,STATE STREET CORP,351786357.0,0000093751-21-000476,2021-01-29,,,,,,2020,EntityCommonStockSharesOutstanding
93751,STATE STREET CORPORATION,366067339.0,0000093751-22-000424,2022-01-31,,,,,,2021,EntityCommonStockSharesOutstanding
93751,STATE STREET CORPORATION,344478611.0,0000093751-23-000489,2023-01-31,,,,,,2022,EntityCommonStockSharesOutstanding
93751,STATE STREET CORPORATION,301943571.0,0000093751-24-000498,2024-01-31,,,,,,2023,EntityCommonStockSharesOutstanding
93751,STATE STREET CORPORATION,288469096.0,0000093751-25-000111,2025-01-31,,,,,,2024,EntityCommonStockSharesOutstanding
93751,STATE STREET CORPORATION,278728211.0,0000093751-26-000124,2026-01-30,,,,,,2025,EntityCommonStockSharesOutstanding
93751,STATE STREET CORPORATION,274701765.0,0000093751-26-000397,2026-07-28,,,,,,2026,EntityCommonStockSharesOutstanding
96021,SYSCO CORP,564603274.0,0000096021-16-000165,2016-01-23,,,,,,2015,EntityCommonStockSharesOutstanding
96021,Sysco Corporation,540212068.0,0000096021-17-000035,2017-01-20,,,,,,2016,EntityCommonStockSharesOutstanding
96021,SYSCO CORP,521918747.0,0000096021-18-000038,2018-01-19,,,,,,2017,EntityCommonStockSharesOutstanding
96021,SYSCO CORP,513462661.0,0000096021-19-000008,2019-01-18,,,,,,2018,EntityCommonStockSharesOutstanding
96021,SYSCO CORP,508508581.0,0000096021-20-000017,2020-01-17,,,,,,2019,EntityCommonStockSharesOutstanding
96021,SYSCO CORP,510411966.0,0000096021-21-000018,2021-01-15,,,,,,2020,EntityCommonStockSharesOutstanding
96021,Sysco Corporation,507447464.0,0000096021-22-000036,2022-01-21,,,,,,2021,EntityCommonStockSharesOutstanding
96021,Sysco Corporation,507604019.0,0000096021-23-000033,2023-01-13,,,,,,2022,EntityCommonStockSharesOutstanding
96021,Sysco Corporation,497829748.0,0000096021-24-000018,2024-01-12,,,,,,2023,EntityCommonStockSharesOutstanding
96021,Sysco Corporation,489229644.0,0000096021-25-000010,2025-01-10,,,,,,2024,EntityCommonStockSharesOutstanding
96021,Sysco Corporation,478930649.0,0000096021-26-000009,2026-01-09,,,,,,2025,EntityCommonStockSharesOutstanding
96021,Sysco Corporation,479096016.0,0000096021-26-000033,2026-08-04,,,,,,2026,EntityCommonStockSharesOutstanding
97210,"TERADYNE, INC.",161718766.0,0000950170-25-023784,2025-02-14,,,,,,2024,EntityCommonStockSharesOutstanding
97210,"TERADYNE, INC.",156340750.0,0001193125-26-327715,2026-07-27,,,,,,2026,EntityCommonStockSharesOutstanding
97476,TEXAS INSTRUMENTS INCORPORATED,933975619.0,0000097476-20-000009,2020-02-14,,,,,,2019,EntityCommonStockSharesOutstanding
97476,TEXAS INSTRUMENTS INCORPORATED,920239191.0,0000097476-21-000006,2021-01-27,,,,,,2020,EntityCommonStockSharesOutstanding
97476,TEXAS INSTRUMENTS INCORPORATED,923547062.0,0000097476-22-000009,2022-01-25,,,,,,2021,EntityCommonStockSharesOutstanding
97476,TEXAS INSTRUMENTS INCORPORATED,906205795.0,0000097476-23-000007,2023-01-24,,,,,,2022,EntityCommonStockSharesOutstanding
97476,TEXAS INSTRUMENTS INCORPORATED,909287673.0,0000097476-24-000007,2024-01-23,,,,,,2023,EntityCommonStockSharesOutstanding
97476,TEXAS INSTRUMENTS INCORPORATED,910332971.0,0000097476-25-000007,2025-01-28,,,,,,2024,EntityCommonStockSharesOutstanding
97476,TEXAS INSTRUMENTS INC,907550774.0,0000097476-26-000059,2026-01-27,,,,,,2025,EntityCommonStockSharesOutstanding
97476,TEXAS INSTRUMENTS INCORPORATED,913247686.0,0000097476-26-000152,2026-07-15,,,,,,2026,EntityCommonStockSharesOutstanding
97745,THERMO FISHER SCIENTIFIC INC.,396261928.0,0000097745-16-000043,2016-02-06,,,,,,2015,EntityCommonStockSharesOutstanding
97745,THERMO FISHER SCIENTIFIC INC.,390391061.0,0000097745-17-000025,2017-02-04,,,,,,2016,EntityCommonStockSharesOutstanding
97745,THERMO FISHER SCIENTIFIC INC.,401784066.0,0000097745-18-000006,2018-02-03,,,,,,2017,EntityCommonStockSharesOutstanding
97745,THERMO FISHER SCIENTIFIC INC.,399003681.0,0000097745-19-000007,2019-02-02,,,,,,2018,EntityCommonStockSharesOutstanding
97745,THERMO FISHER SCIENTIFIC INC.,398828389.0,0000097745-20-000009,2020-02-01,,,,,,2019,EntityCommonStockSharesOutstanding
97745,THERMO FISHER SCIENTIFIC INC.,393793362.0,0000097745-21-000011,2021-02-06,,,,,,2020,EntityCommonStockSharesOutstanding
97745,THERMO FISHER SCIENTIFIC INC.,391191770.0,0000097745-22-000011,2022-02-05,,,,,,2021,EntityCommonStockSharesOutstanding
97745,THERMO FISHER SCIENTIFIC INC.,385430077.0,0000097745-23-000008,2023-02-04,,,,,,2022,EntityCommonStockSharesOutstanding
97745,THERMO FISHER SCIENTIFIC INC.,381312268.0,0000097745-24-000007,2024-02-03,,,,,,2023,EntityCommonStockSharesOutstanding
97745,THERMO FISHER SCIENTIFIC INC.,377261182.0,0000097745-25-000010,2025-02-01,,,,,,2024,EntityCommonStockSharesOutstanding
97745,THERMO FISHER SCIENTIFIC INC.,371484244.0,0000097745-26-000018,2026-01-31,,,,,,2025,EntityCommonStockSharesOutstanding
97745,THERMO FISHER SCIENTIFIC INC.,369747286.0,0000097745-26-000144,2026-06-27,,,,,,2026,EntityCommonStockSharesOutstanding
100517,"United Airlines Holdings, Inc.",359484808.0,0001193125-16-468479,2016-02-09,,,,,,2015,EntityCommonStockSharesOutstanding
100517,"United Airlines Holdings, Inc.",314622651.0,0001193125-17-054129,2017-02-13,,,,,,2016,EntityCommonStockSharesOutstanding
100517,"United Airlines Holdings, Inc.",284700547.0,0001193125-18-054235,2018-02-14,,,,,,2017,EntityCommonStockSharesOutstanding
100517,"United Airlines Holdings, Inc.",324626332.0,0000100517-22-000009,2022-02-10,,,,,,2021,EntityCommonStockSharesOutstanding
100517,"United Airlines Holdings, Inc.",327092997.0,0000100517-23-000048,2023-02-09,,,,,,2022,EntityCommonStockSharesOutstanding
100517,"United Airlines Holdings, Inc.",323430419.0,0000100517-26-000023,2026-02-05,,,,,,2025,EntityCommonStockSharesOutstanding
100517,"United Airlines Holdings, Inc.",324583772.0,0000100517-26-000139,2026-07-09,,,,,,2026,EntityCommonStockSharesOutstanding
100885,UNION PACIFIC CORPORATION,846414350.0,0000100885-16-000260,2016-01-29,,,,,,2015,EntityCommonStockSharesOutstanding
100885,UNION PACIFIC CORPORATION,813795240.0,0000100885-17-000056,2017-01-27,,,,,,2016,EntityCommonStockSharesOutstanding
100885,UNION PACIFIC CORPORATION,779305276.0,0000100885-18-000048,2018-02-02,,,,,,2017,EntityCommonStockSharesOutstanding
100885,UNION PACIFIC CORPORATION,722877817.0,0000100885-19-000060,2019-02-01,,,,,,2018,EntityCommonStockSharesOutstanding
100885,UNION PACIFIC CORPORATION,690261490.0,0000100885-20-000065,2020-01-31,,,,,,2019,EntityCommonStockSharesOutstanding
100885,UNION PACIFIC CORPORATION,669829363.0,0000100885-21-000068,2021-01-29,,,,,,2020,EntityCommonStockSharesOutstanding
100885,UNION PACIFIC CORP,636898957.0,0001437749-22-002494,2022-01-28,,,,,,2021,EntityCommonStockSharesOutstanding
100885,UNION PACIFIC CORP,611872981.0,0001437749-23-002959,2023-02-03,,,,,,2022,EntityCommonStockSharesOutstanding
100885,UNION PACIFIC CORP,609777914.0,0001437749-24-003599,2024-02-02,,,,,,2023,EntityCommonStockSharesOutstanding
100885,UNION PACIFIC CORP,604286378.0,0000100885-25-000042,2025-01-31,,,,,,2024,EntityCommonStockSharesOutstanding
100885,UNION PACIFIC CORP,593391460.0,0000100885-26-000037,2026-01-30,,,,,,2025,EntityCommonStockSharesOutstanding
100885,UNION PACIFIC CORP,594075498.0,0000100885-26-000250,2026-07-17,,,,,,2026,EntityCommonStockSharesOutstanding
101829,RTX CORPORATION,836432010.0,0000101829-16-000050,2016-01-31,,,,,,2015,EntityCommonStockSharesOutstanding
101829,RTX CORPORATION,805861740.0,0000101829-17-000007,2017-01-31,,,,,,2016,EntityCommonStockSharesOutstanding
101829,RTX CORPORATION,799778295.0,0000101829-18-000005,2018-01-31,,,,,,2017,EntityCommonStockSharesOutstanding
101829,RTX CORPORATION,861748797.0,0000101829-19-000007,2019-01-31,,,,,,2018,EntityCommonStockSharesOutstanding
101829,RTX CORPORATION,865308981.0,0000101829-20-000013,2020-01-31,,,,,,2019,EntityCommonStockSharesOutstanding
101829,RTX CORPORATION,1519478134.0,0000101829-21-000008,2021-01-29,,,,,,2020,EntityCommonStockSharesOutstanding
101829,RAYTHEON TECHNOLOGIES CORPORATION,1492330987.0,0000101829-22-000005,2022-01-31,,,,,,2021,EntityCommonStockSharesOutstanding
101829,RAYTHEON TECHNOLOGIES CORPORATION,1464954584.0,0000101829-23-000009,2023-01-31,,,,,,2022,EntityCommonStockSharesOutstanding
101829,RTX Corporation,1326826896.0,0000101829-24-000008,2024-01-31,,,,,,2023,EntityCommonStockSharesOutstanding
101829,RTX CORPORATION,1332122758.0,0000101829-25-000005,2024-12-31,,,,,,2024,EntityCommonStockSharesOutstanding
101829,RTX Corporation,1342287676.0,0000101829-26-000006,2025-12-31,,,,,,2025,EntityCommonStockSharesOutstanding
101829,RTX CORPORATION,1347758144.0,0000101829-26-000027,2026-06-30,,,,,,2026,EntityCommonStockSharesOutstanding
104169,Walmart Inc.,3201893234.0,0000104169-15-000054,2015-11-30,,,,,,2015,EntityCommonStockSharesOutstanding
104169,Walmart Inc.,3073190306.0,0000104169-16-000140,2016-11-28,,,,,,2016,EntityCommonStockSharesOutstanding
104169,Walmart Inc.,2962381445.0,0000104169-17-000081,2017-11-29,,,,,,2017,EntityCommonStockSharesOutstanding
104169,Walmart Inc.,2905260059.0,0000104169-18-000110,2018-11-28,,,,,,2018,EntityCommonStockSharesOutstanding
104169,Walmart Inc.,2837174936.0,0000104169-19-000088,2019-12-02,,,,,,2019,EntityCommonStockSharesOutstanding
104169,Walmart Inc.,2829285926.0,0000104169-20-000076,2020-11-30,,,,,,2020,EntityCommonStockSharesOutstanding
104169,WALMART INC.,2773878458.0,0000104169-21-000072,2021-11-29,,,,,,2021,EntityCommonStockSharesOutstanding
104169,WALMART INC.,2696800054.0,0000104169-22-000083,2022-11-29,,,,,,2022,EntityCommonStockSharesOutstanding
104169,WALMART INC.,2692233703.0,0000104169-23-000132,2023-11-28,,,,,,2023,EntityCommonStockSharesOutstanding
104169,WALMART INC.,8033386215.0,0000104169-24-000178,2024-12-04,,,,,,2024,EntityCommonStockSharesOutstanding
104169,Walmart Inc.,7970166964.0,0000104169-25-000191,2025-12-02,,,,,,2025,EntityCommonStockSharesOutstanding
104169,WALMART INC.,7958079155.0,0000104169-26-000102,2026-05-27,,,,,,2026,EntityCommonStockSharesOutstanding
105634,"EMCOR Group, Inc.",44109901.0,0000105634-26-000110,2026-07-24,,,,,,2026,EntityCommonStockSharesOutstanding
105770,"WEST PHARMACEUTICAL SERVICES, INC.",72333516.0,0000105770-16-000060,2016-01-31,,,,,,2015,EntityCommonStockSharesOutstanding
105770,"WEST PHARMACEUTICAL SERVICES, INC.",73260436.0,0000105770-17-000011,2016-12-31,,,,,,2016,EntityCommonStockSharesOutstanding
105770,"WEST PHARMACEUTICAL SERVICES, INC.",73986496.0,0000105770-18-000006,2018-01-31,,,,,,2017,EntityCommonStockSharesOutstanding
105770,"WEST PHARMACEUTICAL SERVICES, INC.",74186169.0,0000105770-19-000012,2019-01-31,,,,,,2018,EntityCommonStockSharesOutstanding
105770,"WEST PHARMACEUTICAL SERVICES, INC.",73837449.0,0000105770-20-000015,2020-01-31,,,,,,2019,EntityCommonStockSharesOutstanding
105770,"WEST PHARMACEUTICAL SERVICES, INC.",74103026.0,0000105770-21-000008,2021-01-27,,,,,,2020,EntityCommonStockSharesOutstanding
105770,"WEST PHARMACEUTICAL SERVICES, INC.",74281589.0,0001628280-22-003342,2022-01-26,,,,,,2021,EntityCommonStockSharesOutstanding
105770,"WEST PHARMACEUTICAL SERVICES, INC.",74135554.0,0000105770-23-000012,2023-01-25,,,,,,2022,EntityCommonStockSharesOutstanding
105770,"WEST PHARMACEUTICAL SERVICES, INC.",73299296.0,0000105770-24-000015,2024-01-25,,,,,,2023,EntityCommonStockSharesOutstanding
105770,"WEST PHARMACEUTICAL SERVICES, INC.",72303766.0,0000105770-25-000013,2025-02-06,,,,,,2024,EntityCommonStockSharesOutstanding
105770,"WEST PHARMACEUTICAL SERVICES, INC.",72021491.0,0000105770-26-000010,2026-01-29,,,,,,2025,EntityCommonStockSharesOutstanding
105770,"WEST PHARMACEUTICAL SERVICES, INC.",70375762.0,0000105770-26-000099,2026-07-20,,,,,,2026,EntityCommonStockSharesOutstanding
106040,WESTERN DIGITAL CORP,232770151.0,0000106040-16-000019,2016-02-08,,,,,,2015,EntityCommonStockSharesOutstanding
106040,WESTERN DIGITAL CORP,288070433.0,0000106040-17-000007,2017-02-03,,,,,,2016,EntityCommonStockSharesOutstanding
106040,WESTERN DIGITAL CORP,297560299.0,0000106040-18-000010,2018-01-30,,,,,,2017,EntityCommonStockSharesOutstanding
106040,WESTERN DIGITAL CORP,290850938.0,0000106040-19-000009,2019-01-29,,,,,,2018,EntityCommonStockSharesOutstanding
106040,WESTERN DIGITAL CORP,298931536.0,0000106040-20-000011,2020-02-04,,,,,,2019,EntityCommonStockSharesOutstanding
106040,WESTERN DIGITAL CORP,306097179.0,0000106040-21-000011,2021-01-29,,,,,,2020,EntityCommonStockSharesOutstanding
106040,WESTERN DIGITAL CORPORATION,312917687.0,0000106040-22-000018,2022-01-27,,,,,,2021,EntityCommonStockSharesOutstanding
106040,WESTERN DIGITAL CORPORATION,319322335.0,0000106040-23-000010,2023-01-25,,,,,,2022,EntityCommonStockSharesOutstanding
106040,WESTERN DIGITAL CORPORATION,325859745.0,0000106040-24-000014,2024-01-24,,,,,,2023,EntityCommonStockSharesOutstanding
106040,WESTERN DIGITAL CORPORATION,347823902.0,0000106040-25-000008,2025-01-22,,,,,,2024,EntityCommonStockSharesOutstanding
106040,WESTERN DIGITAL CORPORATION,339037922.0,0001628280-26-004207,2026-01-22,,,,,,2025,EntityCommonStockSharesOutstanding
106040,WESTERN DIGITAL CORPORATION,360540944.0,0001628280-26-057139,2026-08-07,,,,,,2026,EntityCommonStockSharesOutstanding
106535,WEYERHAEUSER COMPANY,510492965.0,0000106535-16-000046,2016-01-29,,,,,,2015,EntityCommonStockSharesOutstanding
106535,WEYERHAEUSER COMPANY,748998273.0,0000106535-17-000007,2017-01-27,,,,,,2016,EntityCommonStockSharesOutstanding
106535,WEYERHAEUSER COMPANY,756097841.0,0000106535-18-000013,2018-02-05,,,,,,2017,EntityCommonStockSharesOutstanding
106535,WEYERHAEUSER COMPANY,746523890.0,0000106535-19-000014,2019-02-04,,,,,,2018,EntityCommonStockSharesOutstanding
106535,WEYERHAEUSER COMPANY,745519000.0,0001564590-20-004822,2020-02-03,,,,,,2019,EntityCommonStockSharesOutstanding
106535,WEYERHAEUSER COMPANY,747768000.0,0001564590-21-006960,2021-02-08,,,,,,2020,EntityCommonStockSharesOutstanding
106535,WEYERHAEUSER COMPANY,746331000.0,0001564590-22-005707,2022-02-07,,,,,,2021,EntityCommonStockSharesOutstanding
106535,WEYERHAEUSER COMPANY,732347000.0,0000950170-23-003217,2023-02-06,,,,,,2022,EntityCommonStockSharesOutstanding
106535,WEYERHAEUSER COMPANY,729521000.0,0000950170-24-016434,2024-02-05,,,,,,2023,EntityCommonStockSharesOutstanding
106535,WEYERHAEUSER COMPANY,725578000.0,0000950170-25-021254,2025-02-04,,,,,,2024,EntityCommonStockSharesOutstanding
106535,WEYERHAEUSER COMPANY,720665000.0,0001193125-26-051422,2026-02-03,,,,,,2025,EntityCommonStockSharesOutstanding
106535,WEYERHAEUSER COMPANY,720736000.0,0001193125-26-328606,2026-07-27,,,,,,2026,EntityCommonStockSharesOutstanding
107263,"Williams Companies, Inc.",1223167472.0,0000107263-26-000026,2026-07-30,,,,,,2026,EntityCommonStockSharesOutstanding
109198,"THE TJX COMPANIES, INC.",1192878394.0,0000109198-21-000030,2021-11-19,,,,,,2021,EntityCommonStockSharesOutstanding
109198,"The TJX Companies, Inc.",1155504149.0,0000109198-22-000044,2022-11-18,,,,,,2022,EntityCommonStockSharesOutstanding
109198,"The TJX Companies, Inc.",1139676816.0,0000109198-23-000060,2023-11-17,,,,,,2023,EntityCommonStockSharesOutstanding
109198,"The TJX Companies, Inc.",1124158029.0,0000109198-24-000059,2024-11-22,,,,,,2024,EntityCommonStockSharesOutstanding
109198,"The TJX Companies, Inc.",1110467095.0,0000109198-25-000061,2025-11-21,,,,,,2025,EntityCommonStockSharesOutstanding
109198,"The TJX Companies, Inc.",1104704446.0,0000109198-26-000034,2026-05-22,,,,,,2026,EntityCommonStockSharesOutstanding
200406,Johnson & Johnson,2634721257.0,0000200406-20-000010,2020-02-10,,,,,,2019,EntityCommonStockSharesOutstanding
200406,JOHNSON & JOHNSON,2629268158.0,0000200406-22-000022,2022-02-10,,,,,,2021,EntityCommonStockSharesOutstanding
200406,JOHNSON & JOHNSON,2604286303.0,0000200406-23-000016,2023-02-10,,,,,,2022,EntityCommonStockSharesOutstanding
200406,Johnson & Johnson,2408767228.0,0000200406-24-000013,2024-02-09,,,,,,2023,EntityCommonStockSharesOutstanding
200406,Johnson & Johnson,2407616693.0,0000200406-25-000038,2025-02-06,,,,,,2024,EntityCommonStockSharesOutstanding
200406,Johnson & Johnson,2409898936.0,0000200406-26-000016,2026-02-06,,,,,,2025,EntityCommonStockSharesOutstanding
200406,Johnson & Johnson,2409898597.0,0000200406-26-000153,2026-07-17,,,,,,2026,EntityCommonStockSharesOutstanding
202058,"L3HARRIS TECHNOLOGIES, INC.",124654177.0,0001193125-16-449408,2016-01-29,,,,,,2015,EntityCommonStockSharesOutstanding
202058,"L3HARRIS TECHNOLOGIES, INC.",124461661.0,0000202058-17-000010,2017-01-27,,,,,,2016,EntityCommonStockSharesOutstanding
202058,"L3HARRIS TECHNOLOGIES, INC.",118729803.0,0000202058-18-000007,2018-01-26,,,,,,2017,EntityCommonStockSharesOutstanding
202058,"L3HARRIS TECHNOLOGIES, INC.",117829781.0,0000202058-19-000023,2019-01-25,,,,,,2018,EntityCommonStockSharesOutstanding
202058,"L3HARRIS TECHNOLOGIES, INC.",190107856.0,0000202058-24-000029,2024-02-09,,,,,,2023,EntityCommonStockSharesOutstanding
202058,"L3HARRIS TECHNOLOGIES, INC.",188313839.0,0000202058-25-000023,2025-02-07,,,,,,2024,EntityCommonStockSharesOutstanding
202058,"L3HARRIS TECHNOLOGIES, INC.",186776263.0,0000202058-26-000015,2026-02-06,,,,,,2025,EntityCommonStockSharesOutstanding
202058,"L3HARRIS TECHNOLOGIES, INC.",186214616.0,0000202058-26-000058,2026-07-24,,,,,,2026,EntityCommonStockSharesOutstanding
217346,TEXTRON INC.,271171585.0,0001104659-16-099562,2016-02-06,,,,,,2015,EntityCommonStockSharesOutstanding
217346,TEXTRON INC.,270086401.0,0001104659-17-010809,2017-02-04,,,,,,2016,EntityCommonStockSharesOutstanding
217346,TEXTRON INC.,261771970.0,0001104659-18-009905,2018-02-03,,,,,,2017,EntityCommonStockSharesOutstanding
217346,TEXTRON INC.,234679051.0,0001104659-19-008151,2019-02-02,,,,,,2018,EntityCommonStockSharesOutstanding
217346,TEXTRON INC.,228049518.0,0001104659-20-024773,2020-02-08,,,,,,2019,EntityCommonStockSharesOutstanding
217346,TEXTRON INC.,226284488.0,0000217346-21-000019,2021-02-06,,,,,,2020,EntityCommonStockSharesOutstanding
217346,Textron Inc.,216682177.0,0000217346-22-000005,2022-02-05,,,,,,2021,EntityCommonStockSharesOutstanding
217346,Textron Inc.,205216698.0,0000217346-23-000006,2023-02-04,,,,,,2022,EntityCommonStockSharesOutstanding
217346,Textron Inc.,192853981.0,0000217346-24-000017,2024-02-03,,,,,,2023,EntityCommonStockSharesOutstanding
217346,Textron Inc.,182572762.0,0000217346-25-000017,2025-02-01,,,,,,2024,EntityCommonStockSharesOutstanding
217346,Textron Inc.,174162437.0,0000217346-26-000006,2026-02-07,,,,,,2025,EntityCommonStockSharesOutstanding
217346,Textron Inc.,171986917.0,0000217346-26-000036,2026-07-17,,,,,,2026,EntityCommonStockSharesOutstanding
277135,"W.W. Grainger, Inc.",61728599.0,0000277135-16-000037,2016-01-31,,,,,,2015,EntityCommonStockSharesOutstanding
277135,"W.W. Grainger, Inc.",58837353.0,0000277135-17-000007,2017-01-31,,,,,,2016,EntityCommonStockSharesOutstanding
277135,"W.W. Grainger, Inc.",56105411.0,0000277135-18-000007,2018-01-31,,,,,,2017,EntityCommonStockSharesOutstanding
277135,"W.W. Grainger, Inc.",55679223.0,0000277135-19-000010,2019-01-31,,,,,,2018,EntityCommonStockSharesOutstanding
277135,"W.W. Grainger, Inc.",53656306.0,0000277135-20-000007,2020-01-31,,,,,,2019,EntityCommonStockSharesOutstanding
277135,"W.W. Grainger, Inc.",52375717.0,0000277135-21-000007,2021-01-31,,,,,,2020,EntityCommonStockSharesOutstanding
277135,"W.W. Grainger, Inc.",51107898.0,0000277135-22-000012,2022-02-11,,,,,,2021,EntityCommonStockSharesOutstanding
277135,"W.W. Grainger, Inc.",49173357.0,0000277135-24-000011,2024-02-14,,,,,,2023,EntityCommonStockSharesOutstanding
277135,"W.W. Grainger, Inc.",48216708.0,0000277135-25-000010,2025-02-14,,,,,,2024,EntityCommonStockSharesOutstanding
277135,"W.W. Grainger, Inc.",47373024.0,0000277135-26-000011,2026-02-12,,,,,,2025,EntityCommonStockSharesOutstanding
277135,"W.W. Grainger, Inc.",47100942.0,0000277135-26-000079,2026-07-28,,,,,,2026,EntityCommonStockSharesOutstanding
277948,CSX CORPORATION,963150011.0,0000277948-16-000046,2016-01-22,,,,,,2015,EntityCommonStockSharesOutstanding
277948,CSX CORPORATION,926446993.0,0000277948-17-000009,2017-01-27,,,,,,2016,EntityCommonStockSharesOutstanding
277948,CSX CORPORATION,887236080.0,0000277948-18-000009,2018-01-31,,,,,,2017,EntityCommonStockSharesOutstanding
277948,CSX CORPORATION,815630366.0,0000277948-19-000011,2019-01-31,,,,,,2018,EntityCommonStockSharesOutstanding
277948,CSX CORPORATION,773825565.0,0000277948-20-000008,2020-01-31,,,,,,2019,EntityCommonStockSharesOutstanding
277948,CSX CORPORATION,762505058.0,0000277948-21-000014,2021-01-31,,,,,,2020,EntityCommonStockSharesOutstanding
277948,CSX CORPORATION,2193389444.0,0000277948-22-000009,2022-01-31,,,,,,2021,EntityCommonStockSharesOutstanding
277948,CSX CORPORATION,2062605434.0,0000277948-23-000006,2023-01-31,,,,,,2022,EntityCommonStockSharesOutstanding
277948,CSX CORPORATION,1959134342.0,0000277948-24-000010,2024-01-31,,,,,,2023,EntityCommonStockSharesOutstanding
277948,CSX CORPORATION,1894616582.0,0000277948-25-000008,2025-01-31,,,,,,2024,EntityCommonStockSharesOutstanding
277948,CSX CORPORATION,1859556799.0,0000277948-26-000006,2026-01-31,,,,,,2025,EntityCommonStockSharesOutstanding
277948,CSX CORPORATION,1852474917.0,0000277948-26-000032,2026-06-30,,,,,,2026,EntityCommonStockSharesOutstanding
310158,"Merck & Co., Inc.",2775258591.0,0000310158-16-000063,2016-01-31,,,,,,2015,EntityCommonStockSharesOutstanding
310158,"Merck & Co., Inc.",2745571067.0,0000310158-17-000010,2017-01-31,,,,,,2016,EntityCommonStockSharesOutstanding
310158,"Merck & Co., Inc.",2696190502.0,0000310158-18-000005,2018-01-31,,,,,,2017,EntityCommonStockSharesOutstanding
310158,"Merck & Co., Inc.",2581220308.0,0000310158-19-000014,2019-01-31,,,,,,2018,EntityCommonStockSharesOutstanding
310158,"Merck & Co., Inc.",2536268760.0,0000310158-20-000005,2020-01-31,,,,,,2019,EntityCommonStockSharesOutstanding
310158,"Merck & Co., Inc.",2530315668.0,0000310158-21-000004,2021-01-31,,,,,,2020,EntityCommonStockSharesOutstanding
310158,"Merck & Co., Inc.",2527733606.0,0000310158-22-000003,2022-01-31,,,,,,2021,EntityCommonStockSharesOutstanding
310158,"Merck & Co., Inc.",2538592467.0,0001628280-23-005061,2023-01-31,,,,,,2022,EntityCommonStockSharesOutstanding
310158,"Merck & Co., Inc.",2532643872.0,0001193125-24-093194,2024-01-31,,,,,,2023,EntityCommonStockSharesOutstanding
310158,"Merck & Co., Inc.",2526036240.0,0001628280-25-007732,2025-01-31,,,,,,2024,EntityCommonStockSharesOutstanding
310158,"Merck & Co., Inc.",2472392003.0,0000310158-26-000063,2026-01-31,,,,,,2025,EntityCommonStockSharesOutstanding
310158,"Merck & Co., Inc.",2467171638.0,0000310158-26-000212,2026-07-31,,,,,,2026,EntityCommonStockSharesOutstanding
310764,STRYKER CORP,372982213.0,0000310764-16-000226,2016-01-31,,,,,,2015,EntityCommonStockSharesOutstanding
310764,STRYKER CORP,372878298.0,0000310764-17-000034,2017-01-31,,,,,,2016,EntityCommonStockSharesOutstanding
310764,STRYKER CORP,374642060.0,0000310764-18-000031,2018-01-31,,,,,,2017,EntityCommonStockSharesOutstanding
310764,STRYKER CORP,372664636.0,0000310764-19-000014,2019-01-31,,,,,,2018,EntityCommonStockSharesOutstanding
310764,STRYKER CORP,374575145.0,0000310764-20-000014,2020-01-31,,,,,,2019,EntityCommonStockSharesOutstanding
310764,STRYKER CORP,376200942.0,0000310764-21-000027,2021-01-31,,,,,,2020,EntityCommonStockSharesOutstanding
310764,STRYKER CORP,377544686.0,0000310764-22-000028,2022-01-31,,,,,,2021,EntityCommonStockSharesOutstanding
310764,STRYKER CORP,378831249.0,0000310764-23-000017,2023-01-31,,,,,,2022,EntityCommonStockSharesOutstanding
310764,STRYKER CORP,380264036.0,0000310764-24-000024,2024-01-31,,,,,,2023,EntityCommonStockSharesOutstanding
310764,STRYKER CORP,381579123.0,0000310764-25-000023,2025-01-31,,,,,,2024,EntityCommonStockSharesOutstanding
310764,STRYKER CORP,382688675.0,0000310764-26-000010,2026-01-31,,,,,,2025,EntityCommonStockSharesOutstanding
310764,STRYKER CORP,383573046.0,0000310764-26-000050,2026-06-30,,,,,,2026,EntityCommonStockSharesOutstanding
313616,DANAHER CORPORATION,687154521.0,0000313616-16-000145,2016-02-09,,,,,,2015,EntityCommonStockSharesOutstanding
313616,DANAHER CORPORATION,693280277.0,0000313616-17-000066,2017-02-09,,,,,,2016,EntityCommonStockSharesOutstanding
313616,DANAHER CORPORATION,697569470.0,0000313616-18-000038,2018-02-08,,,,,,2017,EntityCommonStockSharesOutstanding
313616,DANAHER CORPORATION,701875340.0,0000313616-19-000035,2019-02-07,,,,,,2018,EntityCommonStockSharesOutstanding
313616,DANAHER CORPORATION,696237113.0,0000313616-20-000041,2020-02-06,,,,,,2019,EntityCommonStockSharesOutstanding
313616,DANAHER CORPORATION,712204198.0,0000313616-21-000045,2021-02-05,,,,,,2020,EntityCommonStockSharesOutstanding
313616,DANAHER CORPORATION,715352586.0,0000313616-22-000061,2022-02-04,,,,,,2021,EntityCommonStockSharesOutstanding
313616,DANAHER CORPORATION,739701725.0,0000313616-24-000052,2024-02-02,,,,,,2023,EntityCommonStockSharesOutstanding
313616,DANAHER CORPORATION,714709852.0,0000313616-25-000043,2025-02-03,,,,,,2024,EntityCommonStockSharesOutstanding
313616,DANAHER CORPORATION,707139356.0,0000313616-26-000062,2026-02-02,,,,,,2025,EntityCommonStockSharesOutstanding
313616,DANAHER CORPORATION,702986054.0,0000313616-26-000161,2026-07-16,,,,,,2026,EntityCommonStockSharesOutstanding
313927,CHURCH & DWIGHT CO INC /DE/,245659577.0,0001564590-20-004956,2020-02-13,,,,,,2019,EntityCommonStockSharesOutstanding
313927,"CHURCH & DWIGHT CO., INC.",244040705.0,0000950170-23-003066,2023-02-13,,,,,,2022,EntityCommonStockSharesOutstanding
313927,"CHURCH & DWIGHT CO., INC.",243776939.0,0000950170-24-015810,2024-02-12,,,,,,2023,EntityCommonStockSharesOutstanding
313927,"CHURCH & DWIGHT CO., INC.",245969881.0,0000950170-25-019801,2025-02-10,,,,,,2024,EntityCommonStockSharesOutstanding
313927,"CHURCH & DWIGHT CO., INC.",236694241.0,0001193125-26-048139,2026-02-09,,,,,,2025,EntityCommonStockSharesOutstanding
313927,"CHURCH & DWIGHT CO., INC.",237203907.0,0001193125-26-327567,2026-07-29,,,,,,2026,EntityCommonStockSharesOutstanding
315189,DEERE & CO,315325774.0,0001558370-16-003529,2016-01-31,,,,,,2015,EntityCommonStockSharesOutstanding
315189,DEERE & CO,318283154.0,0001558370-17-000952,2017-01-29,,,,,,2016,EntityCommonStockSharesOutstanding
315189,DEERE & CO,323787852.0,0001558370-18-001362,2018-01-28,,,,,,2017,EntityCommonStockSharesOutstanding
315189,DEERE & CO,318493477.0,0001558370-19-001282,2019-01-27,,,,,,2018,EntityCommonStockSharesOutstanding
315189,DEERE & CO,313275755.0,0001558370-19-011614,2019-11-30,,,,,,2019,EntityCommonStockSharesOutstanding
315189,DEERE & CO,313438923.0,0001558370-21-001774,2021-01-31,,,,,,2020,EntityCommonStockSharesOutstanding
315189,DEERE & CO,306784327.0,0001558370-22-001900,2022-01-30,,,,,,2021,EntityCommonStockSharesOutstanding
315189,DEERE & CO,296322273.0,0001558370-23-001877,2023-01-29,,,,,,2022,EntityCommonStockSharesOutstanding
315189,DEERE & CO,278358210.0,0001558370-24-002149,2024-01-28,,,,,,2023,EntityCommonStockSharesOutstanding
315189,DEERE & CO,271413927.0,0001558370-25-001714,2025-01-26,,,,,,2024,EntityCommonStockSharesOutstanding
315189,DEERE & CO,270107282.0,0001104659-26-020158,2026-02-01,,,,,,2025,EntityCommonStockSharesOutstanding
315189,DEERE & CO,269625412.0,0001104659-26-102213,2026-08-02,,,,,,2026,EntityCommonStockSharesOutstanding
315293,Aon plc,270081701.0,0001628280-16-011485,2016-02-05,,,,,,2015,EntityCommonStockSharesOutstanding
315293,Aon plc,231582094.0,0001628280-20-001607,2020-02-13,,,,,,2019,EntityCommonStockSharesOutstanding
315293,Aon plc,216001106.0,0001628280-25-006093,2025-02-14,,,,,,2024,EntityCommonStockSharesOutstanding
315293,Aon plc,214254496.0,0001628280-26-008116,2026-02-12,,,,,,2025,EntityCommonStockSharesOutstanding
315293,Aon plc,212125434.0,0001628280-26-050610,2026-07-28,,,,,,2026,EntityCommonStockSharesOutstanding
316709,SCHWAB CHARLES CORP,1320522900.0,0000316709-16-000067,2016-01-29,,,,,,2015,EntityCommonStockSharesOutstanding
316709,SCHWAB CHARLES CORP,1334969258.0,0000316709-17-000010,2017-01-31,,,,,,2016,EntityCommonStockSharesOutstanding
316709,SCHWAB CHARLES CORP,1346473499.0,0000316709-18-000009,2018-01-31,,,,,,2017,EntityCommonStockSharesOutstanding
316709,SCHWAB CHARLES CORP,1332893531.0,0000316709-19-000008,2019-01-31,,,,,,2018,EntityCommonStockSharesOutstanding
316709,SCHWAB CHARLES CORP,1286215799.0,0000316709-20-000012,2020-01-31,,,,,,2019,EntityCommonStockSharesOutstanding
316709,SCHWAB CHARLES CORP,1813567665.0,0000316709-25-000010,2025-02-12,,,,,,2024,EntityCommonStockSharesOutstanding
316709,SCHWAB CHARLES CORP,1752210425.0,0000316709-26-000009,2026-01-30,,,,,,2025,EntityCommonStockSharesOutstanding
316709,SCHWAB CHARLES CORP,1729335714.0,0000316709-26-000031,2026-07-31,,,,,,2026,EntityCommonStockSharesOutstanding
318154,Amgen Inc.,752091038.0,0000318154-16-000031,2016-02-09,,,,,,2015,EntityCommonStockSharesOutstanding
318154,Amgen Inc.,736452791.0,0000318154-17-000004,2017-02-09,,,,,,2016,EntityCommonStockSharesOutstanding
318154,Amgen Inc.,720562246.0,0000318154-18-000004,2018-02-09,,,,,,2017,EntityCommonStockSharesOutstanding
318154,Amgen Inc.,622278034.0,0000318154-19-000008,2019-02-07,,,,,,2018,EntityCommonStockSharesOutstanding
318154,Amgen Inc.,589806819.0,0000318154-20-000017,2020-02-06,,,,,,2019,EntityCommonStockSharesOutstanding
318154,Amgen Inc.,577566383.0,0000318154-21-000010,2021-02-03,,,,,,2020,EntityCommonStockSharesOutstanding
318154,Amgen Inc.,557029370.0,0000318154-22-000010,2022-02-11,,,,,,2021,EntityCommonStockSharesOutstanding
318154,Amgen Inc.,533976238.0,0000318154-23-000017,2023-02-06,,,,,,2022,EntityCommonStockSharesOutstanding
318154,Amgen Inc.,535918901.0,0000318154-24-000011,2024-02-09,,,,,,2023,EntityCommonStockSharesOutstanding
318154,Amgen Inc.,537204943.0,0000318154-25-000010,2025-02-11,,,,,,2024,EntityCommonStockSharesOutstanding
318154,Amgen Inc.,539067675.0,0000318154-26-000010,2026-02-10,,,,,,2025,EntityCommonStockSharesOutstanding
318154,Amgen Inc.,540632005.0,0000318154-26-000126,2026-07-30,,,,,,2026,EntityCommonStockSharesOutstanding
319201,KLA CORPORATION,155664640.0,0000319201-16-000065,2016-01-15,,,,,,2015,EntityCommonStockSharesOutstanding
319201,KLA CORPORATION,156729320.0,0000319201-17-000006,2017-01-17,,,,,,2016,EntityCommonStockSharesOutstanding
319201,KLA CORPORATION,156620125.0,0000319201-18-000008,2018-01-12,,,,,,2017,EntityCommonStockSharesOutstanding
319201,KLA CORP,151363988.0,0000319201-19-000009,2019-01-18,,,,,,2018,EntityCommonStockSharesOutstanding
319201,KLA CORPORATION,156772198.0,0000319201-20-000008,2020-01-17,,,,,,2019,EntityCommonStockSharesOutstanding
319201,KLA CORPORATION,154074651.0,0000319201-21-000008,2021-01-15,,,,,,2020,EntityCommonStockSharesOutstanding
319201,KLA CORPORATION,150715343.0,0000319201-22-000006,2022-01-14,,,,,,2021,EntityCommonStockSharesOutstanding
319201,KLA CORPORATION,138479764.0,0000319201-23-000010,2023-01-17,,,,,,2022,EntityCommonStockSharesOutstanding
319201,KLA CORPORATION,135233651.0,0000319201-24-000006,2024-01-16,,,,,,2023,EntityCommonStockSharesOutstanding
319201,KLA CORPORATION,132886746.0,0000319201-25-000006,2025-01-21,,,,,,2024,EntityCommonStockSharesOutstanding
319201,KLA CORPORATION,131076611.0,0000319201-26-000008,2026-01-26,,,,,,2025,EntityCommonStockSharesOutstanding
319201,KLA CORP,1306546783.0,0000319201-26-000027,2026-08-03,,,,,,2026,EntityCommonStockSharesOutstanding
320193,Apple Inc.,5544583000.0,0001193125-16-439878,2016-01-08,,,,,,2015,EntityCommonStockSharesOutstanding
320193,Apple Inc.,5246540000.0,0001628280-17-000717,2017-01-20,,,,,,2016,EntityCommonStockSharesOutstanding
320193,Apple Inc.,5074013000.0,0000320193-18-000007,2018-01-19,,,,,,2017,EntityCommonStockSharesOutstanding
320193,Apple Inc.,4715280000.0,0000320193-19-000010,2019-01-18,,,,,,2018,EntityCommonStockSharesOutstanding
320193,Apple Inc.,4375480000.0,0000320193-20-000010,2020-01-17,,,,,,2019,EntityCommonStockSharesOutstanding
320193,Apple Inc.,16788096000.0,0000320193-21-000010,2021-01-15,,,,,,2020,EntityCommonStockSharesOutstanding
320193,Apple Inc.,16319441000.0,0000320193-22-000007,2022-01-14,,,,,,2021,EntityCommonStockSharesOutstanding
320193,Apple Inc.,15821946000.0,0000320193-23-000006,2023-01-20,,,,,,2022,EntityCommonStockSharesOutstanding
320193,Apple Inc.,15441881000.0,0000320193-24-000006,2024-01-19,,,,,,2023,EntityCommonStockSharesOutstanding
320193,Apple Inc.,15022073000.0,0000320193-25-000008,2025-01-17,,,,,,2024,EntityCommonStockSharesOutstanding
320193,Apple Inc.,14681140000.0,0000320193-26-000006,2026-01-16,,,,,,2025,EntityCommonStockSharesOutstanding
320193,Apple Inc.,14594180000.0,0000320193-26-000020,2026-07-17,,,,,,2026,EntityCommonStockSharesOutstanding
320335,GLOBE LIFE INC.,96497627.0,0000320335-23-000008,2023-01-31,,,,,,2022,EntityCommonStockSharesOutstanding
320335,GLOBE LIFE INC.,93707838.0,0000320335-24-000006,2024-01-31,,,,,,2023,EntityCommonStockSharesOutstanding
320335,GLOBE LIFE INC.,83848424.0,0000320335-25-000013,2025-01-31,,,,,,2024,EntityCommonStockSharesOutstanding
320335,GLOBE LIFE INC.,78637130.0,0000320335-26-000090,2026-01-30,,,,,,2025,EntityCommonStockSharesOutstanding
320335,GLOBE LIFE INC.,76849447.0,0000320335-26-000216,2026-07-31,,,,,,2026,EntityCommonStockSharesOutstanding
352541,ALLIANT ENERGY CORP,113465499.0,0000352541-16-000076,2016-01-29,,,,,,2015,EntityCommonStockSharesOutstanding
352541,ALLIANT ENERGY CORP,227687330.0,0000352541-17-000017,2017-01-31,,,,,,2016,EntityCommonStockSharesOutstanding
352541,ALLIANT ENERGY CORP,231356336.0,0000352541-18-000019,2018-01-31,,,,,,2017,EntityCommonStockSharesOutstanding
352541,ALLIANT ENERGY CORP,236074475.0,0000352541-19-000013,2019-01-31,,,,,,2018,EntityCommonStockSharesOutstanding
352541,ALLIANT ENERGY CORP,245031019.0,0000352541-20-000021,2020-01-31,,,,,,2019,EntityCommonStockSharesOutstanding
352541,ALLIANT ENERGY CORP,249881050.0,0000352541-21-000022,2021-01-31,,,,,,2020,EntityCommonStockSharesOutstanding
352541,ALLIANT ENERGY CORP,250478681.0,0000352541-22-000020,2022-01-31,,,,,,2021,EntityCommonStockSharesOutstanding
352541,ALLIANT ENERGY CORP,251137522.0,0000352541-23-000017,2023-01-31,,,,,,2022,EntityCommonStockSharesOutstanding
352541,ALLIANT ENERGY CORP,256100293.0,0000352541-24-000014,2024-01-31,,,,,,2023,EntityCommonStockSharesOutstanding
352541,ALLIANT ENERGY CORP,256692381.0,0000352541-25-000014,2025-01-31,,,,,,2024,EntityCommonStockSharesOutstanding
352541,ALLIANT ENERGY CORP,257140829.0,0000352541-26-000007,2026-01-31,,,,,,2025,EntityCommonStockSharesOutstanding
354190,ARTHUR J. GALLAGHER & CO.,177027000.0,0001193125-16-457703,2016-01-31,,,,,,2015,EntityCommonStockSharesOutstanding
354190,ARTHUR J. GALLAGHER & CO.,178617000.0,0001193125-17-038619,2017-01-31,,,,,,2016,EntityCommonStockSharesOutstanding
354190,ARTHUR J. GALLAGHER & CO.,181426000.0,0001193125-18-038261,2018-01-31,,,,,,2017,EntityCommonStockSharesOutstanding
354190,ARTHUR J. GALLAGHER & CO.,184060000.0,0001193125-19-032304,2019-01-31,,,,,,2018,EntityCommonStockSharesOutstanding
354190,ARTHUR J. GALLAGHER & CO.,188247000.0,0001193125-20-028191,2020-01-31,,,,,,2019,EntityCommonStockSharesOutstanding
354190,ARTHUR J. GALLAGHER & CO.,193740000.0,0001564590-21-004555,2021-01-31,,,,,,2020,EntityCommonStockSharesOutstanding
354190,ARTHUR J. GALLAGHER & CO.,208542000.0,0001564590-22-005714,2022-01-31,,,,,,2021,EntityCommonStockSharesOutstanding
354190,ARTHUR J. GALLAGHER & CO.,212094000.0,0000950170-23-002456,2023-01-31,,,,,,2022,EntityCommonStockSharesOutstanding
354190,ARTHUR J. GALLAGHER & CO.,216800000.0,0000950170-24-013370,2024-01-31,,,,,,2023,EntityCommonStockSharesOutstanding
354190,ARTHUR J. GALLAGHER & CO.,254700000.0,0000950170-25-021775,2025-01-31,,,,,,2024,EntityCommonStockSharesOutstanding
354190,ARTHUR J. GALLAGHER & CO.,257100000.0,0001628280-26-008662,2026-01-31,,,,,,2025,EntityCommonStockSharesOutstanding
354190,ARTHUR J. GALLAGHER & CO.,256300000.0,0001628280-26-053489,2026-06-30,,,,,,2026,EntityCommonStockSharesOutstanding
354950,"HOME DEPOT, INC.",1267881263.0,0000354950-15-000049,2015-11-17,,,,,,2015,EntityCommonStockSharesOutstanding
354950,"HOME DEPOT, INC.",1218160970.0,0000354950-16-000094,2016-11-15,,,,,,2016,EntityCommonStockSharesOutstanding
354950,"HOME DEPOT, INC.",1090831020.0,0000354950-19-000066,2019-11-19,,,,,,2019,EntityCommonStockSharesOutstanding
354950,"HOME DEPOT, INC.",1076600781.0,0000354950-20-000103,2020-11-17,,,,,,2020,EntityCommonStockSharesOutstanding
354950,"HOME DEPOT, INC.",1044239177.0,0000354950-21-000234,2021-11-16,,,,,,2021,EntityCommonStockSharesOutstanding
354950,"HOME DEPOT, INC.",1019186022.0,0000354950-22-000239,2022-11-15,,,,,,2022,EntityCommonStockSharesOutstanding
354950,"HOME DEPOT, INC.",995511485.0,0001628280-25-053868,2025-11-18,,,,,,2025,EntityCommonStockSharesOutstanding
354950,"HOME DEPOT, INC.",997116682.0,0001628280-26-038247,2026-05-19,,,,,,2026,EntityCommonStockSharesOutstanding
702165,NORFOLK SOUTHERN CORPORATION,298198651.0,0000702165-16-000162,2016-01-31,,,,,,2015,EntityCommonStockSharesOutstanding
702165,NORFOLK SOUTHERN CORPORATION,290553713.0,0000702165-17-000018,2017-01-31,,,,,,2016,EntityCommonStockSharesOutstanding
702165,NORFOLK SOUTHERN CORPORATION,283997242.0,0000702165-18-000011,2018-01-31,,,,,,2017,EntityCommonStockSharesOutstanding
702165,NORFOLK SOUTHERN CORPORATION,267455326.0,0000702165-19-000012,2019-01-31,,,,,,2018,EntityCommonStockSharesOutstanding
702165,NORFOLK SOUTHERN CORPORATION,257844180.0,0000702165-20-000011,2020-01-31,,,,,,2019,EntityCommonStockSharesOutstanding
702165,NORFOLK SOUTHERN CORPORATION,251911634.0,0000702165-21-000006,2021-01-31,,,,,,2020,EntityCommonStockSharesOutstanding
702165,NORFOLK SOUTHERN CORPORATION,239777444.0,0000702165-22-000007,2022-01-31,,,,,,2021,EntityCommonStockSharesOutstanding
702165,NORFOLK SOUTHERN CORPORATION,227782202.0,0000702165-23-000010,2023-01-31,,,,,,2022,EntityCommonStockSharesOutstanding
702165,NORFOLK SOUTHERN CORPORATION,225881508.0,0000702165-24-000005,2024-01-31,,,,,,2023,EntityCommonStockSharesOutstanding
702165,NORFOLK SOUTHERN CORPORATION,226434128.0,0000702165-25-000008,2025-01-31,,,,,,2024,EntityCommonStockSharesOutstanding
702165,NORFOLK SOUTHERN CORPORATION,224572025.0,0001628280-26-006268,2026-01-31,,,,,,2025,EntityCommonStockSharesOutstanding
702165,NORFOLK SOUTHERN CORP,224608373.0,0001628280-26-049326,2026-06-30,,,,,,2026,EntityCommonStockSharesOutstanding
707549,LAM RESEARCH CORPORATION,158893928.0,0001628280-16-010687,2016-01-29,,,,,,2015,EntityCommonStockSharesOutstanding
707549,LAM RESEARCH CORPORATION,162843881.0,0000707549-17-000010,2017-01-26,,,,,,2016,EntityCommonStockSharesOutstanding
707549,LAM RESEARCH CORPORATION,162952484.0,0000707549-18-000016,2018-01-25,,,,,,2017,EntityCommonStockSharesOutstanding
707549,LAM RESEARCH CORPORATION,152593454.0,0000707549-19-000008,2019-01-28,,,,,,2018,EntityCommonStockSharesOutstanding
707549,LAM RESEARCH CORPORATION,145548470.0,0000707549-20-000020,2020-01-31,,,,,,2019,EntityCommonStockSharesOutstanding
707549,LAM RESEARCH CORPORATION,142908315.0,0000707549-21-000017,2021-01-29,,,,,,2020,EntityCommonStockSharesOutstanding
707549,LAM RESEARCH CORPORATION,139500143.0,0000707549-22-000012,2022-01-28,,,,,,2021,EntityCommonStockSharesOutstanding
707549,LAM RESEARCH CORPORATION,134936209.0,0000707549-23-000008,2023-01-26,,,,,,2022,EntityCommonStockSharesOutstanding
707549,LAM RESEARCH CORPORATION,131103000.0,0000707549-24-000016,2024-01-25,,,,,,2023,EntityCommonStockSharesOutstanding
707549,LAM RESEARCH CORPORATION,1283662000.0,0000707549-25-000014,2025-01-29,,,,,,2024,EntityCommonStockSharesOutstanding
707549,LAM RESEARCH CORPORATION,1248771000.0,0000707549-26-000009,2026-01-27,,,,,,2025,EntityCommonStockSharesOutstanding
707549,LAM RESEARCH CORPORATION,1251321000.0,0000707549-26-000037,2026-08-04,,,,,,2026,EntityCommonStockSharesOutstanding
711404,"The Cooper Companies, Inc.",48391028.0,0000711404-16-000026,2016-01-31,,,,,,2015,EntityCommonStockSharesOutstanding
711404,"The Cooper Companies, Inc.",48936183.0,0000711404-17-000010,2017-01-31,,,,,,2016,EntityCommonStockSharesOutstanding
711404,"The Cooper Companies, Inc.",49022319.0,0000711404-18-000014,2018-01-31,,,,,,2017,EntityCommonStockSharesOutstanding
711404,"The Cooper Companies, Inc.",49232061.0,0000711404-18-000047,2018-11-30,,,,,,2018,EntityCommonStockSharesOutstanding
711404,"The Cooper Companies, Inc.",49062354.0,0000711404-19-000051,2019-11-30,,,,,,2019,EntityCommonStockSharesOutstanding
711404,"The Cooper Companies, Inc.",49123730.0,0000711404-20-000042,2020-12-01,,,,,,2020,EntityCommonStockSharesOutstanding
711404,"COOPER COMPANIES, INC.",49408020.0,0000711404-21-000038,2021-12-01,,,,,,2021,EntityCommonStockSharesOutstanding
711404,"THE COOPER COMPANIES, INC.",49354384.0,0000711404-22-000053,2022-12-01,,,,,,2022,EntityCommonStockSharesOutstanding
711404,"THE COOPER COMPANIES, INC.",49525982.0,0000711404-23-000072,2023-12-01,,,,,,2023,EntityCommonStockSharesOutstanding
711404,"THE COOPER COMPANIES, INC.",199582626.0,0000711404-24-000074,2024-11-29,,,,,,2024,EntityCommonStockSharesOutstanding
711404,"THE COOPER COMPANIES, INC.",195978026.0,0001628280-25-055615,2025-12-01,,,,,,2025,EntityCommonStockSharesOutstanding
711404,"The Cooper Companies, Inc.",195030630.0,0001628280-26-041305,2026-06-01,,,,,,2026,EntityCommonStockSharesOutstanding
713676,"PNC FINANCIAL SERVICES GROUP, INC.",501105185.0,0001193125-16-482577,2016-02-12,,,,,,2015,EntityCommonStockSharesOutstanding
713676,"PNC FINANCIAL SERVICES GROUP, INC.",486156269.0,0001193125-17-155982,2017-02-10,,,,,,2016,EntityCommonStockSharesOutstanding
713676,"PNC FINANCIAL SERVICES GROUP, INC.",471590384.0,0000713676-18-000032,2018-02-09,,,,,,2017,EntityCommonStockSharesOutstanding
713676,"PNC FINANCIAL SERVICES GROUP, INC.",453612522.0,0000713676-19-000015,2019-02-08,,,,,,2018,EntityCommonStockSharesOutstanding
713676,"PNC FINANCIAL SERVICES GROUP, INC.",428726784.0,0000713676-20-000042,2020-02-06,,,,,,2019,EntityCommonStockSharesOutstanding
713676,"PNC FINANCIAL SERVICES GROUP, INC.",424020492.0,0000713676-21-000025,2021-02-05,,,,,,2020,EntityCommonStockSharesOutstanding
713676,"PNC FINANCIAL SERVICES GROUP, INC",418454799.0,0000713676-22-000019,2022-02-04,,,,,,2021,EntityCommonStockSharesOutstanding
713676,"PNC FINANCIAL SERVICES GROUP, INC",399682159.0,0000713676-23-000020,2023-02-03,,,,,,2022,EntityCommonStockSharesOutstanding
713676,"PNC FINANCIAL SERVICES GROUP, INC",397808112.0,0000713676-24-000028,2024-02-02,,,,,,2023,EntityCommonStockSharesOutstanding
713676,"PNC FINANCIAL SERVICES GROUP, INC",395749583.0,0000713676-25-000027,2025-02-03,,,,,,2024,EntityCommonStockSharesOutstanding
713676,"PNC FINANCIAL SERVICES GROUP, INC",403370923.0,0000713676-26-000020,2026-02-03,,,,,,2025,EntityCommonStockSharesOutstanding
713676,"PNC Financial Services Group, Inc.",398943667.0,0001628280-26-053170,2026-07-20,,,,,,2026,EntityCommonStockSharesOutstanding
715957,"DOMINION ENERGY, INC",596419295.0,0001193125-16-480850,2016-01-31,,,,,,2015,EntityCommonStockSharesOutstanding
715957,"DOMINION ENERGY, INC",838000325.0,0001193125-20-054469,2020-02-14,,,,,,2019,EntityCommonStockSharesOutstanding
715957,"DOMINION ENERGY, INC",805648140.0,0001564590-21-008442,2021-02-12,,,,,,2020,EntityCommonStockSharesOutstanding
715957,"DOMINION ENERGY, INC.",810463489.0,0001564590-22-006589,2022-02-11,,,,,,2021,EntityCommonStockSharesOutstanding
719955,"Williams-Sonoma, Inc.",89843783.0,0001193125-15-401464,2015-11-29,,,,,,2015,EntityCommonStockSharesOutstanding
719955,"Williams-Sonoma, Inc.",87845738.0,0001193125-16-787485,2016-11-27,,,,,,2016,EntityCommonStockSharesOutstanding
719955,"Williams-Sonoma, Inc.",84175180.0,0001193125-17-362895,2017-11-26,,,,,,2017,EntityCommonStockSharesOutstanding
719955,"Williams-Sonoma, Inc.",80155276.0,0001193125-18-344956,2018-11-25,,,,,,2018,EntityCommonStockSharesOutstanding
719955,"Williams-Sonoma, Inc.",77467381.0,0001193125-19-312802,2019-12-01,,,,,,2019,EntityCommonStockSharesOutstanding
719955,"Williams-Sonoma, Inc.",76587716.0,0001193125-20-310847,2020-11-29,,,,,,2020,EntityCommonStockSharesOutstanding
719955,"WILLIAMS-SONOMA, INC.",72954519.0,0001628280-21-024590,2021-11-28,,,,,,2021,EntityCommonStockSharesOutstanding
719955,"WILLIAMS-SONOMA, INC.",66567436.0,0001628280-22-031309,2022-11-27,,,,,,2022,EntityCommonStockSharesOutstanding
719955,"WILLIAMS-SONOMA, INC.",64144519.0,0001628280-23-040136,2023-11-26,,,,,,2023,EntityCommonStockSharesOutstanding
719955,"WILLIAMS-SONOMA, INC.",123099943.0,0001628280-24-048978,2024-11-17,,,,,,2024,EntityCommonStockSharesOutstanding
719955,"WILLIAMS-SONOMA, INC.",119380711.0,0000719955-25-000049,2025-11-23,,,,,,2025,EntityCommonStockSharesOutstanding
719955,"WILLIAMS-SONOMA, INC.",117746611.0,0000719955-26-000131,2026-05-17,,,,,,2026,EntityCommonStockSharesOutstanding
720005,"RAYMOND JAMES FINANCIAL, INC.",141268377.0,0000720005-16-000103,2016-02-05,,,,,,2015,EntityCommonStockSharesOutstanding
720005,"RAYMOND JAMES FINANCIAL, INC.",143686015.0,0000720005-17-000019,2017-02-03,,,,,,2016,EntityCommonStockSharesOutstanding
720005,"RAYMOND JAMES FINANCIAL, INC.",145614962.0,0000720005-18-000018,2018-02-07,,,,,,2017,EntityCommonStockSharesOutstanding
720005,"RAYMOND JAMES FINANCIAL, INC.",141037985.0,0000720005-19-000013,2019-02-07,,,,,,2018,EntityCommonStockSharesOutstanding
720005,"RAYMOND JAMES FINANCIAL, INC.",138723230.0,0000720005-19-000086,2019-11-25,,,,,,2019,EntityCommonStockSharesOutstanding
720005,"RAYMOND JAMES FINANCIAL, INC.",137711152.0,0000720005-21-000013,2021-02-03,,,,,,2020,EntityCommonStockSharesOutstanding
720005,"RAYMOND JAMES FINANCIAL, INC.",207602043.0,0000720005-22-000010,2022-02-03,,,,,,2021,EntityCommonStockSharesOutstanding
720005,"RAYMOND JAMES FINANCIAL, INC.",215351531.0,0000720005-23-000022,2023-02-01,,,,,,2022,EntityCommonStockSharesOutstanding
720005,"RAYMOND JAMES FINANCIAL, INC.",209027614.0,0000720005-24-000019,2024-02-05,,,,,,2023,EntityCommonStockSharesOutstanding
720005,"RAYMOND JAMES FINANCIAL, INC.",204910034.0,0000720005-25-000025,2025-02-05,,,,,,2024,EntityCommonStockSharesOutstanding
720005,"RAYMOND JAMES FINANCIAL, INC.",197091037.0,0000720005-26-000035,2026-02-04,,,,,,2025,EntityCommonStockSharesOutstanding
720005,"RAYMOND JAMES FINANCIAL, INC.",192361711.0,0000720005-26-000070,2026-08-03,,,,,,2026,EntityCommonStockSharesOutstanding
721371,"Cardinal Health, Inc.",329328935.0,0000721371-16-000207,2016-01-27,,,,,,2015,EntityCommonStockSharesOutstanding
721371,"Cardinal Health, Inc.",315454756.0,0000721371-17-000015,2017-01-31,,,,,,2016,EntityCommonStockSharesOutstanding
721371,"Cardinal Health, Inc.",314706914.0,0000721371-18-000020,2018-01-31,,,,,,2017,EntityCommonStockSharesOutstanding
721371,"Cardinal Health, Inc.",298016653.0,0000721371-19-000010,2019-01-31,,,,,,2018,EntityCommonStockSharesOutstanding
721371,"Cardinal Health, Inc.",291783533.0,0000721371-20-000023,2020-01-31,,,,,,2019,EntityCommonStockSharesOutstanding
721371,"Cardinal Health, Inc.",293667560.0,0000721371-21-000011,2021-01-31,,,,,,2020,EntityCommonStockSharesOutstanding
721371,"Cardinal Health, Inc.",277061392.0,0000721371-22-000013,2022-01-31,,,,,,2021,EntityCommonStockSharesOutstanding
721371,"Cardinal Health, Inc.",257639059.0,0000721371-23-000007,2023-01-31,,,,,,2022,EntityCommonStockSharesOutstanding
721371,"Cardinal Health, Inc.",243233153.0,0001628280-24-002813,2024-01-26,,,,,,2023,EntityCommonStockSharesOutstanding
721371,"Cardinal Health, Inc.",241567993.0,0000721371-25-000013,2025-01-24,,,,,,2024,EntityCommonStockSharesOutstanding
721371,"Cardinal Health, Inc.",235316016.0,0000721371-26-000006,2026-01-31,,,,,,2025,EntityCommonStockSharesOutstanding
721371,"Cardinal Health, Inc.",232575728.0,0000721371-26-000038,2026-07-31,,,,,,2026,EntityCommonStockSharesOutstanding
723125,"Micron Technology, Inc.",1037455896.0,0000723125-16-000146,2016-01-07,,,,,,2015,EntityCommonStockSharesOutstanding
723125,"Micron Technology, Inc.",1102751846.0,0000723125-17-000005,2017-01-03,,,,,,2016,EntityCommonStockSharesOutstanding
723125,"Micron Technology, Inc.",1156314972.0,0000723125-17-000166,2017-12-15,,,,,,2017,EntityCommonStockSharesOutstanding
723125,"Micron Technology, Inc.",1121046809.0,0000723125-18-000156,2018-12-12,,,,,,2018,EntityCommonStockSharesOutstanding
723125,"Micron Technology, Inc.",1110873554.0,0000723125-19-000174,2019-12-13,,,,,,2019,EntityCommonStockSharesOutstanding
723125,"Micron Technology, Inc.",1118671492.0,0000723125-21-000012,2021-01-04,,,,,,2020,EntityCommonStockSharesOutstanding
723125,"Micron Technology, Inc.",1119777110.0,0000723125-22-000004,2022-01-03,,,,,,2021,EntityCommonStockSharesOutstanding
723125,"Micron Technology, Inc.",1091176552.0,0000723125-22-000072,2022-12-16,,,,,,2022,EntityCommonStockSharesOutstanding
723125,"Micron Technology, Inc.",1103908880.0,0000723125-23-000077,2023-12-14,,,,,,2023,EntityCommonStockSharesOutstanding
723125,"Micron Technology, Inc.",1114171932.0,0000723125-24-000047,2024-12-12,,,,,,2024,EntityCommonStockSharesOutstanding
723125,"Micron Technology, Inc.",1125509261.0,0000723125-25-000046,2025-12-10,,,,,,2025,EntityCommonStockSharesOutstanding
723125,"Micron Technology, Inc.",1129393151.0,0000723125-26-000015,2026-06-17,,,,,,2026,EntityCommonStockSharesOutstanding
723254,Cintas Corporation,108130453.0,0000723254-16-000037,2015-12-31,,,,,,2015,EntityCommonStockSharesOutstanding
723254,Cintas Corporation,105039128.0,0000723254-17-000002,2016-12-31,,,,,,2016,EntityCommonStockSharesOutstanding
723254,Cintas Corporation,106488799.0,0000723254-18-000002,2017-12-31,,,,,,2017,EntityCommonStockSharesOutstanding
723254,Cintas Corporation,104543895.0,0000723254-19-000002,2018-12-31,,,,,,2018,EntityCommonStockSharesOutstanding
723254,Cintas Corporation,103750798.0,0000723254-20-000003,2019-12-31,,,,,,2019,EntityCommonStockSharesOutstanding
723254,Cintas Corporation,105029963.0,0000723254-21-000002,2020-12-31,,,,,,2020,EntityCommonStockSharesOutstanding
723254,Cintas Corporation,103732576.0,0000723254-22-000002,2021-12-31,,,,,,2021,EntityCommonStockSharesOutstanding
723254,Cintas Corporation,101620479.0,0000723254-23-000003,2022-12-31,,,,,,2022,EntityCommonStockSharesOutstanding
723254,Cintas Corporation,101371435.0,0000723254-24-000005,2023-12-31,,,,,,2023,EntityCommonStockSharesOutstanding
723254,Cintas Corporation,403543932.0,0000723254-25-000003,2024-12-31,,,,,,2024,EntityCommonStockSharesOutstanding
723254,Cintas Corporation,399889646.0,0000723254-26-000002,2025-12-31,,,,,,2025,EntityCommonStockSharesOutstanding
723254,Cintas Corporation,400169561.0,0000723254-26-000028,2026-06-30,,,,,,2026,EntityCommonStockSharesOutstanding
723531,"Paychex, Inc.",360946213.0,0000723531-15-000030,2015-11-30,,,,,,2015,EntityCommonStockSharesOutstanding
723531,"PAYCHEX, INC.",358843180.0,0000723531-16-000061,2016-11-30,,,,,,2016,EntityCommonStockSharesOutstanding
723531,"PAYCHEX, INC.",359185462.0,0000723531-17-000059,2017-11-30,,,,,,2017,EntityCommonStockSharesOutstanding
723531,"PAYCHEX, INC.",359091176.0,0000723531-18-000048,2018-11-30,,,,,,2018,EntityCommonStockSharesOutstanding
723531,"PAYCHEX, INC.",358386480.0,0000723531-19-000057,2019-11-30,,,,,,2019,EntityCommonStockSharesOutstanding
723531,"PAYCHEX, INC.",360631164.0,0000723531-20-000075,2020-11-30,,,,,,2020,EntityCommonStockSharesOutstanding
723531,"Paychex, Inc.",360756990.0,0000723531-21-000064,2021-11-30,,,,,,2021,EntityCommonStockSharesOutstanding
723531,"Paychex, Inc.",360466548.0,0000950170-22-026948,2022-11-30,,,,,,2022,EntityCommonStockSharesOutstanding
723531,"Paychex, Inc.",359821826.0,0000950170-23-072195,2023-11-30,,,,,,2023,EntityCommonStockSharesOutstanding
723531,"Paychex, Inc.",360063074.0,0000950170-24-138425,2024-11-30,,,,,,2024,EntityCommonStockSharesOutstanding
723531,"Paychex, Inc.",358967450.0,0001193125-25-328698,2025-11-30,,,,,,2025,EntityCommonStockSharesOutstanding
723531,"Paychex, Inc.",355682860.0,0001193125-26-307785,2026-06-30,,,,,,2026,EntityCommonStockSharesOutstanding
726728,REALTY INCOME CORPORATION,250538261.0,0001104659-16-095923,2016-01-29,,,,,,2015,EntityCommonStockSharesOutstanding
726728,REALTY INCOME CORPORATION,260120152.0,0001104659-17-011170,2017-02-10,,,,,,2016,EntityCommonStockSharesOutstanding
726728,REALTY INCOME CORPORATION,284245504.0,0001104659-18-011376,2018-02-14,,,,,,2017,EntityCommonStockSharesOutstanding
726728,REALTY INCOME CORPORATION,303791717.0,0000726728-19-000041,2019-02-13,,,,,,2018,EntityCommonStockSharesOutstanding
726728,REALTY INCOME CORPORATION,333627261.0,0000726728-20-000033,2020-02-12,,,,,,2019,EntityCommonStockSharesOutstanding
726728,REALTY INCOME CORPORATION,591320553.0,0000726728-22-000046,2022-02-11,,,,,,2021,EntityCommonStockSharesOutstanding
726728,REALTY INCOME CORPORATION,946218033.0,0000726728-26-000048,2026-07-30,,,,,,2026,EntityCommonStockSharesOutstanding
726958,"CASEY'S GENERAL STORES, INC.",39006613.0,0000726958-15-000148,2015-12-02,,,,,,2015,EntityCommonStockSharesOutstanding
726958,"CASEY'S GENERAL STORES, INC.",39191171.0,0000726958-16-000303,2016-12-01,,,,,,2016,EntityCommonStockSharesOutstanding
726958,"CASEY'S GENERAL STORES, INC.",37547264.0,0000726958-17-000136,2017-11-30,,,,,,2017,EntityCommonStockSharesOutstanding
726958,"CASEY'S GENERAL STORES, INC.",36605506.0,0000726958-18-000165,2018-11-27,,,,,,2018,EntityCommonStockSharesOutstanding
726958,"CASEY'S GENERAL STORES, INC.",36791648.0,0000726958-19-000128,2019-11-25,,,,,,2019,EntityCommonStockSharesOutstanding
726958,"CASEY'S GENERAL STORES, INC.",36935747.0,0000726958-20-000131,2020-11-22,,,,,,2020,EntityCommonStockSharesOutstanding
726958,"CASEY'S GENERAL STORES, INC.",37108803.0,0000726958-21-000136,2021-11-30,,,,,,2021,EntityCommonStockSharesOutstanding
726958,"CASEY’S GENERAL STORES, INC.",37258622.0,0000726958-22-000126,2022-11-30,,,,,,2022,EntityCommonStockSharesOutstanding
726958,"CASEY’S GENERAL STORES, INC.",37108652.0,0000726958-23-000097,2023-12-07,,,,,,2023,EntityCommonStockSharesOutstanding
726958,"CASEY’S GENERAL STORES, INC.",37117554.0,0000726958-24-000091,2024-12-05,,,,,,2024,EntityCommonStockSharesOutstanding
726958,"CASEY'S GENERAL STORES, INC.",37066933.0,0000726958-25-000114,2025-12-07,,,,,,2025,EntityCommonStockSharesOutstanding
726958,"CASEY’S GENERAL STORES, INC.",37004914.0,0000726958-26-000046,2026-06-16,,,,,,2026,EntityCommonStockSharesOutstanding
728535,"J.B. HUNT TRANSPORT SERVICES, INC.",111310853.0,0001437749-17-003083,2017-02-14,,,,,,2016,EntityCommonStockSharesOutstanding
728535,"J.B. HUNT TRANSPORT SERVICES, INC.",109754492.0,0001437749-18-003239,2018-02-13,,,,,,2017,EntityCommonStockSharesOutstanding
728535,"J.B. HUNT TRANSPORT SERVICES, INC.",108738788.0,0001437749-19-003134,2019-02-12,,,,,,2018,EntityCommonStockSharesOutstanding
728535,"J.B. HUNT TRANSPORT SERVICES, INC.",93914939.0,0001437749-26-024397,2026-06-30,,,,,,2026,EntityCommonStockSharesOutstanding
731766,UnitedHealth Group Incorporated,950673998.0,0000731766-16-000058,2016-01-29,,,,,,2015,EntityCommonStockSharesOutstanding
731766,UnitedHealth Group Incorporated,951165192.0,0000731766-17-000009,2017-01-31,,,,,,2016,EntityCommonStockSharesOutstanding
731766,UnitedHealth Group Incorporated,967662919.0,0000731766-18-000005,2018-01-31,,,,,,2017,EntityCommonStockSharesOutstanding
731766,UnitedHealth Group Incorporated,959538515.0,0000731766-19-000005,2019-01-31,,,,,,2018,EntityCommonStockSharesOutstanding
731766,UnitedHealth Group Incorporated,948573372.0,0000731766-20-000006,2020-01-31,,,,,,2019,EntityCommonStockSharesOutstanding
731766,UnitedHealth Group Incorporated,945319404.0,0000731766-21-000013,2021-01-29,,,,,,2020,EntityCommonStockSharesOutstanding
731766,UnitedHealth Group Incorporated,940899146.0,0000731766-22-000008,2022-01-31,,,,,,2021,EntityCommonStockSharesOutstanding
731766,UnitedHealth Group Incorporated,932846602.0,0000731766-23-000008,2023-01-31,,,,,,2022,EntityCommonStockSharesOutstanding
731766,UnitedHealth Group Incorporated,921934109.0,0000731766-24-000081,2024-01-31,,,,,,2023,EntityCommonStockSharesOutstanding
731766,UnitedHealth Group Incorporated,914712333.0,0000731766-25-000063,2025-01-31,,,,,,2024,EntityCommonStockSharesOutstanding
731766,UnitedHealth Group Incorporated,897594847.0,0000731766-26-000197,2026-07-31,,,,,,2026,EntityCommonStockSharesOutstanding
731802,ATMOS ENERGY CORP,102106896.0,0000731802-16-000037,2016-01-29,,,,,,2015,EntityCommonStockSharesOutstanding
731802,ATMOS ENERGY CORP,105175480.0,0000731802-17-000008,2017-02-03,,,,,,2016,EntityCommonStockSharesOutstanding
731802,ATMOS ENERGY CORP,110967636.0,0000731802-18-000005,2018-02-01,,,,,,2017,EntityCommonStockSharesOutstanding
731802,ATMOS ENERGY CORP,116897373.0,0000731802-19-000007,2019-01-30,,,,,,2018,EntityCommonStockSharesOutstanding
731802,ATMOS ENERGY CORP,122266316.0,0000731802-20-000010,2020-01-31,,,,,,2019,EntityCommonStockSharesOutstanding
731802,ATMOS ENERGY CORP,128160695.0,0000731802-21-000011,2021-01-29,,,,,,2020,EntityCommonStockSharesOutstanding
731802,Atmos Energy Corp,135432277.0,0000731802-22-000008,2022-02-04,,,,,,2021,EntityCommonStockSharesOutstanding
731802,Atmos Energy Corp,143162520.0,0000731802-23-000006,2023-02-03,,,,,,2022,EntityCommonStockSharesOutstanding
731802,Atmos Energy Corp,150839709.0,0000731802-24-000006,2024-02-02,,,,,,2023,EntityCommonStockSharesOutstanding
731802,Atmos Energy Corp,158728197.0,0000731802-25-000006,2025-01-31,,,,,,2024,EntityCommonStockSharesOutstanding
731802,Atmos Energy Corp,165438946.0,0000731802-26-000013,2026-01-30,,,,,,2025,EntityCommonStockSharesOutstanding
731802,Atmos Energy Corp,168988553.0,0000731802-26-000102,2026-07-31,,,,,,2026,EntityCommonStockSharesOutstanding
732712,Verizon Communications Inc.,4073840949.0,0001193125-16-473367,2016-01-29,,,,,,2015,EntityCommonStockSharesOutstanding
732712,Verizon Communications Inc.,4076731752.0,0001193125-17-050292,2017-01-31,,,,,,2016,EntityCommonStockSharesOutstanding
732712,Verizon Communications Inc.,4079486153.0,0000732712-18-000009,2018-01-31,,,,,,2017,EntityCommonStockSharesOutstanding
732712,Verizon Communications Inc.,4132045883.0,0000732712-19-000012,2019-01-31,,,,,,2018,EntityCommonStockSharesOutstanding
732712,Verizon Communications Inc.,4135863778.0,0000732712-20-000014,2020-01-31,,,,,,2019,EntityCommonStockSharesOutstanding
732712,Verizon Communications Inc.,4138148588.0,0000732712-21-000012,2021-01-29,,,,,,2020,EntityCommonStockSharesOutstanding
732712,Verizon Communications Inc.,4197823662.0,0000732712-22-000008,2022-01-31,,,,,,2021,EntityCommonStockSharesOutstanding
732712,Verizon Communications Inc.,4199882937.0,0000732712-23-000012,2023-01-31,,,,,,2022,EntityCommonStockSharesOutstanding
732712,Verizon Communications Inc.,4204272443.0,0000732712-24-000010,2024-01-31,,,,,,2023,EntityCommonStockSharesOutstanding
732712,Verizon Communications Inc.,4209703958.0,0000732712-25-000006,2025-01-31,,,,,,2024,EntityCommonStockSharesOutstanding
732712,Verizon Communications Inc.,4217684168.0,0000732712-26-000007,2026-01-30,,,,,,2025,EntityCommonStockSharesOutstanding
732712,Verizon Communications Inc.,4154775202.0,0000732712-26-000046,2026-06-30,,,,,,2026,EntityCommonStockSharesOutstanding
732717,AT&T INC.,6151000000.0,0000732717-16-000147,2016-02-10,,,,,,2015,EntityCommonStockSharesOutstanding
732717,AT&T INC.,6142000000.0,0000732717-17-000021,2017-02-10,,,,,,2016,EntityCommonStockSharesOutstanding
732717,AT&T INC.,6142000000.0,0000732717-18-000076,2018-02-09,,,,,,2017,EntityCommonStockSharesOutstanding
732717,AT&T INC.,7285000000.0,0001193125-19-045608,2019-02-12,,,,,,2018,EntityCommonStockSharesOutstanding
732717,AT&T INC.,7172884070.0,0001562762-20-000064,2020-02-12,,,,,,2019,EntityCommonStockSharesOutstanding
732717,AT&T INC.,7131763496.0,0000732717-21-000012,2021-02-12,,,,,,2020,EntityCommonStockSharesOutstanding
732717,AT&T INC.,7142892741.0,0000732717-22-000015,2022-02-11,,,,,,2021,EntityCommonStockSharesOutstanding
732717,AT&T INC.,7129870323.0,0000732717-23-000011,2023-02-08,,,,,,2022,EntityCommonStockSharesOutstanding
732717,AT&T INC.,7152792253.0,0000732717-24-000009,2024-02-07,,,,,,2023,EntityCommonStockSharesOutstanding
732717,AT&T INC.,7178183000.0,0000732717-25-000013,2025-01-31,,,,,,2024,EntityCommonStockSharesOutstanding
732717,AT&T INC.,7000577201.0,0000732717-26-000120,2026-01-28,,,,,,2025,EntityCommonStockSharesOutstanding
732717,AT&T INC.,6852385650.0,0000732717-26-000297,2026-07-16,,,,,,2026,EntityCommonStockSharesOutstanding
740260,"Ventas, Inc.",336070352.0,0000740260-16-000201,2016-02-10,,,,,,2015,EntityCommonStockSharesOutstanding
740260,"Ventas, Inc.",354623008.0,0000740260-17-000056,2017-02-09,,,,,,2016,EntityCommonStockSharesOutstanding
740260,"Ventas, Inc.",356198053.0,0000740260-18-000054,2018-01-31,,,,,,2017,EntityCommonStockSharesOutstanding
740260,"Ventas, Inc.",356647224.0,0000740260-19-000037,2019-02-05,,,,,,2018,EntityCommonStockSharesOutstanding
740260,"Ventas, Inc.",399993581.0,0000740260-23-000070,2023-02-03,,,,,,2022,EntityCommonStockSharesOutstanding
740260,"Ventas, Inc.",402461579.0,0000740260-24-000067,2024-02-07,,,,,,2023,EntityCommonStockSharesOutstanding
740260,"Ventas, Inc.",437139980.0,0000740260-25-000052,2025-02-07,,,,,,2024,EntityCommonStockSharesOutstanding
740260,"Ventas, Inc.",474965224.0,0000740260-26-000006,2026-02-03,,,,,,2025,EntityCommonStockSharesOutstanding
740260,"Ventas, Inc.",512946359.0,0000740260-26-000024,2026-07-28,,,,,,2026,EntityCommonStockSharesOutstanding
745732,"ROSS STORES, INC.",405005042.0,0000745732-15-000030,2015-11-17,,,,,,2015,EntityCommonStockSharesOutstanding
745732,"ROSS STORES, INC.",394120444.0,0000745732-16-000066,2016-11-15,,,,,,2016,EntityCommonStockSharesOutstanding
745732,"ROSS STORES, INC.",370588820.0,0000745732-18-000031,2018-11-21,,,,,,2018,EntityCommonStockSharesOutstanding
745732,"ROSS STORES, INC.",358882342.0,0000745732-19-000045,2019-11-20,,,,,,2019,EntityCommonStockSharesOutstanding
745732,"Ross Stores, Inc.",329929197.0,0000745732-24-000062,2024-11-15,,,,,,2024,EntityCommonStockSharesOutstanding
745732,"Ross Stores, Inc.",319453110.0,0000745732-26-000041,2026-08-14,,,,,,2026,EntityCommonStockSharesOutstanding
746515,"EXPEDITORS INTERNATIONAL OF WASHINGTON, INC.",129990622.0,0001193125-26-334457,2026-07-31,,,,,,2026,EntityCommonStockSharesOutstanding
749251,"GARTNER, INC.",82340012.0,0000749251-16-000034,2016-01-31,,,,,,2015,EntityCommonStockSharesOutstanding
749251,"Gartner, Inc.",82652880.0,0000749251-17-000005,2017-01-31,,,,,,2016,EntityCommonStockSharesOutstanding
749251,"GARTNER, INC.",90833817.0,0000749251-18-000004,2018-01-31,,,,,,2017,EntityCommonStockSharesOutstanding
749251,"GARTNER, INC.",89711737.0,0000749251-19-000005,2019-01-31,,,,,,2018,EntityCommonStockSharesOutstanding
749251,"GARTNER, INC.",89101606.0,0000749251-20-000008,2020-01-31,,,,,,2019,EntityCommonStockSharesOutstanding
749251,"Gartner, Inc.",88721548.0,0000749251-21-000010,2021-02-12,,,,,,2020,EntityCommonStockSharesOutstanding
749251,"GARTNER, INC.",79060595.0,0000749251-23-000006,2023-02-03,,,,,,2022,EntityCommonStockSharesOutstanding
749251,"GARTNER, INC.",77967884.0,0000749251-24-000006,2024-02-02,,,,,,2023,EntityCommonStockSharesOutstanding
749251,"GARTNER, INC.",76818191.0,0000749251-25-000008,2025-02-07,,,,,,2024,EntityCommonStockSharesOutstanding
749251,"GARTNER, INC.",70450294.0,0000749251-26-000112,2026-02-05,,,,,,2025,EntityCommonStockSharesOutstanding
749251,"Gartner, Inc.",63148976.0,0000749251-26-000245,2026-07-31,,,,,,2026,EntityCommonStockSharesOutstanding
753308,"NEXTERA ENERGY, INC.",460599691.0,0000753308-16-000337,2016-01-31,,,,,,2015,EntityCommonStockSharesOutstanding
753308,"NEXTERA ENERGY, INC.",467581899.0,0000753308-17-000060,2017-01-31,,,,,,2016,EntityCommonStockSharesOutstanding
753308,"NEXTERA ENERGY, INC.",470793941.0,0000753308-18-000013,2018-01-31,,,,,,2017,EntityCommonStockSharesOutstanding
753308,"NEXTERA ENERGY, INC.",478167505.0,0000753308-19-000039,2019-01-31,,,,,,2018,EntityCommonStockSharesOutstanding
753308,"NEXTERA ENERGY, INC.",488965893.0,0000753308-20-000021,2020-01-31,,,,,,2019,EntityCommonStockSharesOutstanding
753308,"NEXTERA ENERGY, INC.",1959874682.0,0000753308-21-000014,2021-01-31,,,,,,2020,EntityCommonStockSharesOutstanding
753308,NEXTERA ENERGY INC,1962744998.0,0000753308-22-000014,2022-01-31,,,,,,2021,EntityCommonStockSharesOutstanding
753308,NEXTERA ENERGY INC,1987495306.0,0000753308-23-000019,2023-01-31,,,,,,2022,EntityCommonStockSharesOutstanding
753308,NEXTERA ENERGY INC,2052429154.0,0000753308-24-000008,2024-01-31,,,,,,2023,EntityCommonStockSharesOutstanding
753308,NEXTERA ENERGY INC,2057026280.0,0000753308-25-000011,2025-01-31,,,,,,2024,EntityCommonStockSharesOutstanding
753308,NEXTERA ENERGY INC,2083521964.0,0000753308-26-000015,2026-01-31,,,,,,2025,EntityCommonStockSharesOutstanding
759944,CITIZENS FINANCIAL GROUP INC/RI,527811625.0,0000759944-16-000099,2016-02-01,,,,,,2015,EntityCommonStockSharesOutstanding
759944,CITIZENS FINANCIAL GROUP INC/RI,509107893.0,0000759944-17-000012,2017-02-01,,,,,,2016,EntityCommonStockSharesOutstanding
759944,CITIZENS FINANCIAL GROUP INC/RI,487325116.0,0000759944-18-000016,2018-02-01,,,,,,2017,EntityCommonStockSharesOutstanding
759944,CITIZENS FINANCIAL GROUP INC/RI,460390006.0,0000759944-19-000024,2019-02-01,,,,,,2018,EntityCommonStockSharesOutstanding
759944,CITIZENS FINANCIAL GROUP INC/RI,427434404.0,0000759944-20-000030,2020-02-05,,,,,,2019,EntityCommonStockSharesOutstanding
759944,CITIZENS FINANCIAL GROUP INC/RI,425106419.0,0000759944-21-000034,2021-02-01,,,,,,2020,EntityCommonStockSharesOutstanding
759944,CITIZENS FINANCIAL GROUP INC/RI,422141584.0,0000759944-22-000025,2022-01-28,,,,,,2021,EntityCommonStockSharesOutstanding
759944,CITIZENS FINANCIAL GROUP INC/RI,484106460.0,0000759944-23-000029,2023-01-31,,,,,,2022,EntityCommonStockSharesOutstanding
759944,CITIZENS FINANCIAL GROUP INC/RI,458756723.0,0000759944-24-000039,2024-02-01,,,,,,2023,EntityCommonStockSharesOutstanding
759944,CITIZENS FINANCIAL GROUP INC/RI,437136981.0,0000759944-25-000013,2025-02-04,,,,,,2024,EntityCommonStockSharesOutstanding
759944,CITIZENS FINANCIAL GROUP INC/RI,424983657.0,0000759944-26-000028,2026-02-04,,,,,,2025,EntityCommonStockSharesOutstanding
759944,CITIZENS FINANCIAL GROUP INC/RI,421176788.0,0000759944-26-000148,2026-07-24,,,,,,2026,EntityCommonStockSharesOutstanding
764180,"ALTRIA GROUP, INC.",1957931815.0,0000764180-16-000128,2016-02-12,,,,,,2015,EntityCommonStockSharesOutstanding
764180,"ALTRIA GROUP, INC.",1939420437.0,0000764180-17-000028,2017-02-13,,,,,,2016,EntityCommonStockSharesOutstanding
764180,"ALTRIA GROUP, INC.",1900449362.0,0000764180-18-000028,2018-02-13,,,,,,2017,EntityCommonStockSharesOutstanding
764180,"ALTRIA GROUP, INC.",1874430847.0,0000764180-19-000023,2019-02-12,,,,,,2018,EntityCommonStockSharesOutstanding
764180,"ALTRIA GROUP, INC.",1858366804.0,0000764180-20-000055,2020-02-14,,,,,,2019,EntityCommonStockSharesOutstanding
764180,"ALTRIA GROUP, INC.",1690661641.0,0000764180-25-000092,2025-02-14,,,,,,2024,EntityCommonStockSharesOutstanding
764180,"ALTRIA GROUP, INC.",1671898087.0,0000764180-26-000077,2026-02-13,,,,,,2025,EntityCommonStockSharesOutstanding
764180,"Altria Group, Inc.",1669743926.0,0000764180-26-000094,2026-07-22,,,,,,2026,EntityCommonStockSharesOutstanding
764478,"BEST BUY CO., INC.",342719728.0,0000764478-15-000051,2015-12-01,,,,,,2015,EntityCommonStockSharesOutstanding
764478,"BEST BUY CO., INC.",313826197.0,0000764478-16-000093,2016-11-30,,,,,,2016,EntityCommonStockSharesOutstanding
764478,"BEST BUY CO., INC.",292326497.0,0000764478-17-000039,2017-11-28,,,,,,2017,EntityCommonStockSharesOutstanding
764478,"BEST BUY CO., INC.",269101569.0,0000764478-18-000053,2018-12-05,,,,,,2018,EntityCommonStockSharesOutstanding
764478,"BEST BUY CO., INC.",258777447.0,0000764478-19-000057,2019-12-04,,,,,,2019,EntityCommonStockSharesOutstanding
764478,"BEST BUY CO., INC.",258944852.0,0000764478-20-000062,2020-11-25,,,,,,2020,EntityCommonStockSharesOutstanding
764478,"BEST BUY CO., INC.",240560898.0,0000764478-21-000068,2021-12-01,,,,,,2021,EntityCommonStockSharesOutstanding
764478,"BEST BUY CO., INC.",221264454.0,0000764478-22-000044,2022-12-02,,,,,,2022,EntityCommonStockSharesOutstanding
764478,"BEST BUY CO., INC.",215395970.0,0000764478-23-000053,2023-11-29,,,,,,2023,EntityCommonStockSharesOutstanding
764478,"BEST BUY CO., INC.",213795603.0,0000764478-24-000041,2024-12-04,,,,,,2024,EntityCommonStockSharesOutstanding
764478,"BEST BUY CO., INC.",209535103.0,0000764478-25-000057,2025-12-03,,,,,,2025,EntityCommonStockSharesOutstanding
764478,"BEST BUY CO., INC.",210767126.0,0000764478-26-000022,2026-06-03,,,,,,2026,EntityCommonStockSharesOutstanding
764622,PINNACLE WEST CAPITAL CORPORATION,111004916.0,0000764622-16-000087,2016-02-12,,,,,,2015,EntityCommonStockSharesOutstanding
764622,PINNACLE WEST CAPITAL CORPORATION,112439441.0,0000764622-20-000017,2020-02-14,,,,,,2019,EntityCommonStockSharesOutstanding
764622,PINNACLE WEST CAPITAL CORPORATION,121197234.0,0000764622-26-000041,2026-07-28,,,,,,2026,EntityCommonStockSharesOutstanding
765880,"Healthpeak Properties, Inc.",465531737.0,0001558370-16-003110,2016-01-29,,,,,,2015,EntityCommonStockSharesOutstanding
765880,"Healthpeak Properties, Inc.",468178740.0,0001558370-17-000535,2017-01-31,,,,,,2016,EntityCommonStockSharesOutstanding
765880,"Healthpeak Properties, Inc.",469443487.0,0001628280-18-001552,2018-01-31,,,,,,2017,EntityCommonStockSharesOutstanding
765880,"Healthpeak Properties, Inc.",477771756.0,0001628280-19-001407,2019-02-11,,,,,,2018,EntityCommonStockSharesOutstanding
765880,"Healthpeak Properties, Inc.",505411840.0,0001628280-20-001456,2020-02-10,,,,,,2019,EntityCommonStockSharesOutstanding
765880,"Healthpeak Properties, Inc.",538686262.0,0001628280-21-001804,2021-02-08,,,,,,2020,EntityCommonStockSharesOutstanding
765880,"Healthpeak Properties, Inc.",539304127.0,0001628280-22-002117,2022-02-07,,,,,,2021,EntityCommonStockSharesOutstanding
765880,"Healthpeak Properties, Inc.",546782509.0,0001628280-23-002794,2023-02-06,,,,,,2022,EntityCommonStockSharesOutstanding
765880,"Healthpeak Properties, Inc.",547172983.0,0001628280-24-004094,2024-02-07,,,,,,2023,EntityCommonStockSharesOutstanding
765880,"Healthpeak Properties, Inc.",699564637.0,0001628280-25-003748,2025-01-31,,,,,,2024,EntityCommonStockSharesOutstanding
765880,"Healthpeak Properties, Inc.",695043997.0,0001628280-26-005044,2026-01-30,,,,,,2025,EntityCommonStockSharesOutstanding
765880,"Healthpeak Properties, Inc.",689527260.0,0001628280-26-053373,2026-08-03,,,,,,2026,EntityCommonStockSharesOutstanding
766704,WELLTOWER INC.,355140936.0,0000766704-16-000055,2016-01-31,,,,,,2015,EntityCommonStockSharesOutstanding
766704,WELLTOWER INC.,362558457.0,0000766704-17-000012,2017-01-31,,,,,,2016,EntityCommonStockSharesOutstanding
766704,WELLTOWER INC.,371669527.0,0000766704-18-000012,2018-01-31,,,,,,2017,EntityCommonStockSharesOutstanding
766704,WELLTOWER INC.,386361193.0,0000766704-19-000014,2019-01-31,,,,,,2018,EntityCommonStockSharesOutstanding
766704,WELLTOWER INC.,410331441.0,0000766704-20-000015,2020-01-31,,,,,,2019,EntityCommonStockSharesOutstanding
766704,WELLTOWER INC.,417383039.0,0000766704-21-000018,2021-01-29,,,,,,2020,EntityCommonStockSharesOutstanding
766704,WELLTOWER INC.,447279642.0,0000766704-22-000013,2022-02-04,,,,,,2021,EntityCommonStockSharesOutstanding
766704,WELLTOWER INC.,568878059.0,0000766704-24-000008,2024-02-09,,,,,,2023,EntityCommonStockSharesOutstanding
766704,WELLTOWER INC.,641308062.0,0000766704-25-000009,2025-02-07,,,,,,2024,EntityCommonStockSharesOutstanding
766704,WELLTOWER INC.,697752530.0,0000766704-26-000010,2026-02-06,,,,,,2025,EntityCommonStockSharesOutstanding
766704,WELLTOWER INC.,720744951.0,0000766704-26-000030,2026-07-24,,,,,,2026,EntityCommonStockSharesOutstanding
769397,"AUTODESK, INC.",225323161.0,0000769397-15-000050,2015-11-30,,,,,,2015,EntityCommonStockSharesOutstanding
769397,"AUTODESK, INC.",222556352.0,0000769397-16-000097,2016-11-22,,,,,,2016,EntityCommonStockSharesOutstanding
769397,"AUTODESK, INC.",220266822.0,0000769397-17-000057,2017-11-30,,,,,,2017,EntityCommonStockSharesOutstanding
769397,"AUTODESK, INC.",219008836.0,0000769397-18-000051,2018-11-30,,,,,,2018,EntityCommonStockSharesOutstanding
769397,"AUTODESK, INC.",220033002.0,0000769397-19-000052,2019-11-30,,,,,,2019,EntityCommonStockSharesOutstanding
769397,"AUTODESK, INC.",219889403.0,0000769397-20-000040,2020-11-30,,,,,,2020,EntityCommonStockSharesOutstanding
769397,"Autodesk, Inc.",219973417.0,0000769397-21-000094,2021-11-30,,,,,,2021,EntityCommonStockSharesOutstanding
769397,"AUTODESK, INC.",215767494.0,0000769397-22-000148,2022-11-30,,,,,,2022,EntityCommonStockSharesOutstanding
769397,"AUTODESK, INC.",213915325.0,0000769397-23-000193,2023-11-27,,,,,,2023,EntityCommonStockSharesOutstanding
769397,"AUTODESK, INC.",215000000.0,0000769397-24-000181,2024-11-22,,,,,,2024,EntityCommonStockSharesOutstanding
769397,"AUTODESK, INC.",212000000.0,0000769397-25-000129,2025-11-20,,,,,,2025,EntityCommonStockSharesOutstanding
769397,"AUTODESK, INC.",211000000.0,0000769397-26-000044,2026-05-21,,,,,,2026,EntityCommonStockSharesOutstanding
773840,HONEYWELL INTERNATIONAL INC,769322910.0,0000930413-16-005457,2016-01-29,,,,,,2015,EntityCommonStockSharesOutstanding
773840,HONEYWELL INTERNATIONAL INC,761194241.0,0000930413-17-000391,2017-01-27,,,,,,2016,EntityCommonStockSharesOutstanding
773840,HONEYWELL INTERNATIONAL INC,752002033.0,0000930413-18-000292,2018-01-26,,,,,,2017,EntityCommonStockSharesOutstanding
773840,HONEYWELL INTERNATIONAL INC,729085890.0,0000930413-19-000366,2019-01-25,,,,,,2018,EntityCommonStockSharesOutstanding
773840,HONEYWELL INTERNATIONAL INC,712599803.0,0000773840-20-000009,2020-01-25,,,,,,2019,EntityCommonStockSharesOutstanding
773840,HONEYWELL INTERNATIONAL INC,695501159.0,0000773840-21-000015,2021-01-29,,,,,,2020,EntityCommonStockSharesOutstanding
773840,Honeywell International Inc.,685818771.0,0000773840-22-000018,2022-01-28,,,,,,2021,EntityCommonStockSharesOutstanding
773840,Honeywell International Inc.,668140252.0,0000773840-23-000013,2023-01-27,,,,,,2022,EntityCommonStockSharesOutstanding
773840,Honeywell International Inc.,652181812.0,0000773840-24-000014,2024-01-26,,,,,,2023,EntityCommonStockSharesOutstanding
773840,Honeywell International Inc.,649918551.0,0000773840-25-000010,2025-01-24,,,,,,2024,EntityCommonStockSharesOutstanding
773840,HONEYWELL INTERNATIONAL INC,635675701.0,0000773840-26-000013,2026-01-23,,,,,,2025,EntityCommonStockSharesOutstanding
773840,Honeywell International Inc,316940010.0,0000773840-26-000127,2026-06-30,,,,,,2026,EntityCommonStockSharesOutstanding
779152,"JACK HENRY & ASSOCIATES, INC.",78861707.0,0000779152-16-000101,2016-02-02,,,,,,2015,EntityCommonStockSharesOutstanding
779152,"JACK HENRY & ASSOCIATES, INC.",77629679.0,0000779152-17-000007,2017-02-06,,,,,,2016,EntityCommonStockSharesOutstanding
779152,"JACK HENRY & ASSOCIATES, INC.",77261505.0,0000779152-18-000004,2018-01-31,,,,,,2017,EntityCommonStockSharesOutstanding
779152,"JACK HENRY & ASSOCIATES, INC.",77176611.0,0000779152-19-000005,2019-02-04,,,,,,2018,EntityCommonStockSharesOutstanding
779152,"JACK HENRY & ASSOCIATES, INC.",76719595.0,0000779152-20-000011,2020-01-28,,,,,,2019,EntityCommonStockSharesOutstanding
779152,"JACK HENRY & ASSOCIATES, INC.",76077269.0,0000779152-21-000009,2021-01-29,,,,,,2020,EntityCommonStockSharesOutstanding
779152,HENRY JACK & ASSOCIATES INC,72825033.0,0000779152-22-000015,2022-01-28,,,,,,2021,EntityCommonStockSharesOutstanding
779152,HENRY JACK & ASSOCIATES INC,72990727.0,0000779152-23-000012,2023-01-26,,,,,,2022,EntityCommonStockSharesOutstanding
779152,"JACK HENRY & ASSOCIATES, INC.",72867678.0,0000779152-24-000018,2024-01-26,,,,,,2023,EntityCommonStockSharesOutstanding
779152,"JACK HENRY & ASSOCIATES, INC.",72897671.0,0000779152-25-000009,2025-01-24,,,,,,2024,EntityCommonStockSharesOutstanding
779152,"JACK HENRY & ASSOCIATES, INC.",72167368.0,0000779152-26-000009,2026-01-23,,,,,,2025,EntityCommonStockSharesOutstanding
779152,"JACK HENRY & ASSOCIATES, INC.",70112608.0,0000779152-26-000067,2026-08-12,,,,,,2026,EntityCommonStockSharesOutstanding
783325,"WEC ENERGY GROUP, INC.",315652119.0,0000107815-16-000248,2016-01-31,,,,,,2015,EntityCommonStockSharesOutstanding
783325,"WEC ENERGY GROUP, INC.",315587523.0,0000107815-17-000104,2017-01-31,,,,,,2016,EntityCommonStockSharesOutstanding
783325,"WEC ENERGY GROUP, INC.",315544495.0,0000107815-18-000134,2018-01-31,,,,,,2017,EntityCommonStockSharesOutstanding
783325,"WEC ENERGY GROUP, INC.",315455323.0,0000107815-19-000128,2019-01-31,,,,,,2018,EntityCommonStockSharesOutstanding
783325,"WEC ENERGY GROUP, INC.",315434531.0,0000107815-20-000089,2020-01-31,,,,,,2019,EntityCommonStockSharesOutstanding
783325,"WEC ENERGY GROUP, INC.",315434531.0,0000107815-21-000079,2021-01-31,,,,,,2020,EntityCommonStockSharesOutstanding
783325,"WEC ENERGY GROUP, INC.",315434531.0,0000107815-22-000116,2022-01-31,,,,,,2021,EntityCommonStockSharesOutstanding
783325,"WEC ENERGY GROUP, INC.",315434531.0,0000107815-23-000100,2023-01-31,,,,,,2022,EntityCommonStockSharesOutstanding
783325,"WEC ENERGY GROUP, INC.",315561510.0,0000107815-24-000095,2024-01-31,,,,,,2023,EntityCommonStockSharesOutstanding
783325,"WEC ENERGY GROUP, INC.",317752123.0,0000107815-25-000103,2025-01-31,,,,,,2024,EntityCommonStockSharesOutstanding
783325,"WEC ENERGY GROUP, INC.",325531361.0,0000783325-26-000018,2026-01-31,,,,,,2025,EntityCommonStockSharesOutstanding
783325,"WEC ENERGY GROUP, INC.",325849383.0,0000783325-26-000087,2026-06-30,,,,,,2026,EntityCommonStockSharesOutstanding
788784,Public Service Enterprise Group Incorporated,498420030.0,0001193125-26-332943,2026-07-20,,,,,,2026,EntityCommonStockSharesOutstanding
789019,MICROSOFT CORPORATION,7909302774.0,0001193125-16-441821,2016-01-22,,,,,,2015,EntityCommonStockSharesOutstanding
789019,MICROSOFT CORPORATION,7727529820.0,0001564590-17-000654,2017-01-20,,,,,,2016,EntityCommonStockSharesOutstanding
789019,MICROSOFT CORPORATION,7699792852.0,0001564590-18-001129,2018-01-26,,,,,,2017,EntityCommonStockSharesOutstanding
789019,MICROSOFT CORPORATION,7672213446.0,0001564590-19-001392,2019-01-25,,,,,,2018,EntityCommonStockSharesOutstanding
789019,MICROSOFT CORPORATION,7606047010.0,0001564590-20-002450,2020-01-24,,,,,,2019,EntityCommonStockSharesOutstanding
789019,MICROSOFT CORPORATION,7542215767.0,0001564590-21-002316,2021-01-21,,,,,,2020,EntityCommonStockSharesOutstanding
789019,MICROSOFT CORPORATION,7496866428.0,0001564590-22-002324,2022-01-20,,,,,,2021,EntityCommonStockSharesOutstanding
789019,MICROSOFT CORPORATION,7443803533.0,0001564590-23-000733,2023-01-19,,,,,,2022,EntityCommonStockSharesOutstanding
789019,MICROSOFT CORPORATION,7430436229.0,0000950170-24-008814,2024-01-25,,,,,,2023,EntityCommonStockSharesOutstanding
789019,MICROSOFT CORPORATION,7433982235.0,0000950170-25-010491,2025-01-23,,,,,,2024,EntityCommonStockSharesOutstanding
789019,MICROSOFT CORPORATION,7425629076.0,0001193125-26-027207,2026-01-22,,,,,,2025,EntityCommonStockSharesOutstanding
789019,MICROSOFT CORPORATION,7425545491.0,0001193125-26-323660,2026-07-23,,,,,,2026,EntityCommonStockSharesOutstanding
789570,MGM Resorts International,285550604.0,0000789570-25-000008,2025-02-14,,,,,,2024,EntityCommonStockSharesOutstanding
789570,MGM Resorts International,255828519.0,0000789570-26-000018,2026-02-09,,,,,,2025,EntityCommonStockSharesOutstanding
789570,MGM Resorts International,251592756.0,0000789570-26-000076,2026-07-27,,,,,,2026,EntityCommonStockSharesOutstanding
796343,ADOBE INC.,498330407.0,0000796343-16-000224,2016-01-15,,,,,,2015,EntityCommonStockSharesOutstanding
796343,ADOBE INC.,494078475.0,0000796343-17-000031,2017-01-13,,,,,,2016,EntityCommonStockSharesOutstanding
796343,ADOBE INC.,491578529.0,0000796343-18-000015,2018-01-12,,,,,,2017,EntityCommonStockSharesOutstanding
796343,ADOBE INC.,487725915.0,0000796343-19-000019,2019-01-18,,,,,,2018,EntityCommonStockSharesOutstanding
796343,ADOBE INC.,482130975.0,0000796343-20-000013,2020-01-10,,,,,,2019,EntityCommonStockSharesOutstanding
796343,ADOBE INC.,478700000.0,0000796343-21-000004,2021-01-08,,,,,,2020,EntityCommonStockSharesOutstanding
796343,ADOBE INC.,471700000.0,0000796343-22-000032,2022-01-14,,,,,,2021,EntityCommonStockSharesOutstanding
796343,ADOBE INC.,457800000.0,0000796343-23-000007,2023-01-06,,,,,,2022,EntityCommonStockSharesOutstanding
796343,ADOBE INC.,452000000.0,0000796343-24-000006,2024-01-05,,,,,,2023,EntityCommonStockSharesOutstanding
796343,ADOBE INC.,435300000.0,0000796343-25-000004,2025-01-03,,,,,,2024,EntityCommonStockSharesOutstanding
796343,ADOBE INC.,410500000.0,0000796343-26-000003,2026-01-09,,,,,,2025,EntityCommonStockSharesOutstanding
796343,ADOBE INC.,397500000.0,0000796343-26-000112,2026-06-11,,,,,,2026,EntityCommonStockSharesOutstanding
797468,OCCIDENTAL PETROLEUM CORP /DE/,763845316.0,0000797468-16-000017,2016-01-31,,,,,,2015,EntityCommonStockSharesOutstanding
797468,OCCIDENTAL PETROLEUM CORP /DE/,764291301.0,0000797468-17-000003,2017-01-31,,,,,,2016,EntityCommonStockSharesOutstanding
797468,OCCIDENTAL PETROLEUM CORP /DE/,765148694.0,0000797468-18-000005,2018-01-31,,,,,,2017,EntityCommonStockSharesOutstanding
797468,OCCIDENTAL PETROLEUM CORP /DE/,749546443.0,0000797468-19-000004,2019-01-31,,,,,,2018,EntityCommonStockSharesOutstanding
797468,OCCIDENTAL PETROLEUM CORP /DE/,895224961.0,0000797468-20-000004,2020-01-31,,,,,,2019,EntityCommonStockSharesOutstanding
797468,OCCIDENTAL PETROLEUM CORP /DE/,931554718.0,0000797468-21-000009,2021-01-31,,,,,,2020,EntityCommonStockSharesOutstanding
797468,Occidental Petroleum Corporation,934063989.0,0000797468-22-000008,2022-01-31,,,,,,2021,EntityCommonStockSharesOutstanding
797468,Occidental Petroleum Corporation,900072447.0,0000797468-23-000031,2023-01-31,,,,,,2022,EntityCommonStockSharesOutstanding
797468,Occidental Petroleum Corporation,879499439.0,0000797468-24-000034,2024-01-31,,,,,,2023,EntityCommonStockSharesOutstanding
797468,Occidental Petroleum Corporation,938500965.0,0000797468-25-000029,2025-01-31,,,,,,2024,EntityCommonStockSharesOutstanding
797468,Occidental Petroleum Corporation,986266656.0,0001628280-26-009059,2026-01-31,,,,,,2025,EntityCommonStockSharesOutstanding
797468,OCCIDENTAL PETROLEUM CORPORATION,999637371.0,0001628280-26-053388,2026-07-31,,,,,,2026,EntityCommonStockSharesOutstanding
798354,FISERV INC,222937301.0,0001628280-16-011435,2016-02-12,,,,,,2015,EntityCommonStockSharesOutstanding
798354,"Fiserv, Inc.",561288944.0,0000798354-25-000047,2025-02-14,,,,,,2024,EntityCommonStockSharesOutstanding
798354,"Fiserv, Inc.",534777512.0,0000798354-26-000009,2026-02-13,,,,,,2025,EntityCommonStockSharesOutstanding
798354,"FISERV, INC.",531766721.0,0000798354-26-000031,2026-07-31,,,,,,2026,EntityCommonStockSharesOutstanding
804328,QUALCOMM INC/DE,1494887355.0,0001234452-16-000352,2016-01-25,,,,,,2015,EntityCommonStockSharesOutstanding
804328,QUALCOMM INC/DE,1477041037.0,0001234452-17-000028,2017-01-23,,,,,,2016,EntityCommonStockSharesOutstanding
804328,QUALCOMM INC/DE,1480363298.0,0001728949-18-000011,2018-01-29,,,,,,2017,EntityCommonStockSharesOutstanding
804328,QUALCOMM INC/DE,1210305693.0,0001728949-19-000012,2019-01-28,,,,,,2018,EntityCommonStockSharesOutstanding
804328,QUALCOMM INC/DE,1143042806.0,0001728949-20-000011,2020-02-03,,,,,,2019,EntityCommonStockSharesOutstanding
804328,QUALCOMM INC/DE,1136000000.0,0001728949-21-000022,2021-02-01,,,,,,2020,EntityCommonStockSharesOutstanding
804328,QUALCOMM INC/DE,1127000000.0,0001728949-22-000012,2022-01-31,,,,,,2021,EntityCommonStockSharesOutstanding
804328,QUALCOMM INC/DE,1115000000.0,0000804328-23-000006,2023-01-31,,,,,,2022,EntityCommonStockSharesOutstanding
804328,QUALCOMM INC/DE,1116000000.0,0000804328-24-000017,2024-01-29,,,,,,2023,EntityCommonStockSharesOutstanding
804328,QUALCOMM INC/DE,1106000000.0,0000804328-25-000011,2025-02-03,,,,,,2024,EntityCommonStockSharesOutstanding
804328,QUALCOMM INC/DE,1067000000.0,0000804328-26-000017,2026-02-02,,,,,,2025,EntityCommonStockSharesOutstanding
804328,QUALCOMM INC/DE,1050000000.0,0000804328-26-000086,2026-07-27,,,,,,2026,EntityCommonStockSharesOutstanding
811156,CMS ENERGY CORPORATION,283400105.0,0000811156-19-000003,2019-01-14,,,,,,2018,EntityCommonStockSharesOutstanding
811156,CMS ENERGY CORPORATION,283882207.0,0000811156-20-000004,2020-01-10,,,,,,2019,EntityCommonStockSharesOutstanding
811156,CMS ENERGY CORPORATION,288943354.0,0000811156-21-000016,2021-01-15,,,,,,2020,EntityCommonStockSharesOutstanding
811156,CMS ENERGY CORPORATION,289760265.0,0000811156-22-000048,2022-01-14,,,,,,2021,EntityCommonStockSharesOutstanding
811156,CMS ENERGY CORPORATION,291264195.0,0000811156-23-000014,2023-01-13,,,,,,2022,EntityCommonStockSharesOutstanding
811156,CMS ENERGY CORPORATION,294443620.0,0000811156-24-000044,2024-01-12,,,,,,2023,EntityCommonStockSharesOutstanding
811156,CMS ENERGY CORPORATION,298794638.0,0000811156-25-000036,2025-01-17,,,,,,2024,EntityCommonStockSharesOutstanding
811156,CMS ENERGY CORPORATION,306420901.0,0000811156-26-000004,2026-01-16,,,,,,2025,EntityCommonStockSharesOutstanding
811156,CMS ENERGY CORPORATION,313577136.0,0000811156-26-000028,2026-07-13,,,,,,2026,EntityCommonStockSharesOutstanding
813672,"CADENCE DESIGN SYSTEMS, INC.",305358000.0,0000813672-16-000040,2016-02-06,,,,,,2015,EntityCommonStockSharesOutstanding
813672,"CADENCE DESIGN SYSTEMS, INC.",278769000.0,0000813672-17-000006,2017-02-04,,,,,,2016,EntityCommonStockSharesOutstanding
813672,"CADENCE DESIGN SYSTEMS, INC.",282869000.0,0000813672-18-000008,2018-02-03,,,,,,2017,EntityCommonStockSharesOutstanding
813672,"CADENCE DESIGN SYSTEMS, INC.",280385000.0,0000813672-19-000008,2019-02-02,,,,,,2018,EntityCommonStockSharesOutstanding
813672,"CADENCE DESIGN SYSTEMS, INC.",280168000.0,0000813672-20-000007,2020-02-01,,,,,,2019,EntityCommonStockSharesOutstanding
813672,"CADENCE DESIGN SYSTEMS, INC.",278974000.0,0000813672-21-000021,2021-02-06,,,,,,2020,EntityCommonStockSharesOutstanding
813672,"CADENCE DESIGN SYSTEMS, INC.",277336000.0,0000813672-22-000012,2022-02-05,,,,,,2021,EntityCommonStockSharesOutstanding
813672,"CADENCE DESIGN SYSTEMS, INC.",272940000.0,0000813672-23-000011,2023-01-31,,,,,,2022,EntityCommonStockSharesOutstanding
813672,"CADENCE DESIGN SYSTEMS, INC.",272239000.0,0000813672-24-000034,2024-01-31,,,,,,2023,EntityCommonStockSharesOutstanding
813672,"CADENCE DESIGN SYSTEMS, INC.",274108000.0,0000813672-25-000024,2025-01-31,,,,,,2024,EntityCommonStockSharesOutstanding
813672,"CADENCE DESIGN SYSTEMS, INC.",272651000.0,0000813672-26-000016,2026-01-31,,,,,,2025,EntityCommonStockSharesOutstanding
813672,"CADENCE DESIGN SYSTEMS, INC.",275393000.0,0000813672-26-000092,2026-06-30,,,,,,2026,EntityCommonStockSharesOutstanding
814547,FAIR ISAAC CORP,31377689.0,0000814547-16-000023,2016-01-15,,,,,,2015,EntityCommonStockSharesOutstanding
814547,FAIR ISAAC CORP,31058994.0,0000814547-17-000005,2017-01-20,,,,,,2016,EntityCommonStockSharesOutstanding
814547,FAIR ISAAC CORP,30073085.0,0001628280-18-000591,2018-01-12,,,,,,2017,EntityCommonStockSharesOutstanding
814547,FAIR ISAAC CORP,29071202.0,0000814547-19-000003,2019-01-18,,,,,,2018,EntityCommonStockSharesOutstanding
814547,FAIR ISAAC CORP,29148054.0,0000814547-20-000003,2020-01-17,,,,,,2019,EntityCommonStockSharesOutstanding
814547,FAIR ISAAC CORP,29236110.0,0000814547-21-000003,2021-01-15,,,,,,2020,EntityCommonStockSharesOutstanding
814547,FAIR ISAAC CORP,26279614.0,0000814547-22-000003,2022-01-14,,,,,,2021,EntityCommonStockSharesOutstanding
814547,FAIR ISAAC CORPORATION,25154777.0,0000814547-23-000004,2023-01-13,,,,,,2022,EntityCommonStockSharesOutstanding
814547,FAIR ISAAC CORPORATION,24852057.0,0000814547-24-000005,2024-01-17,,,,,,2023,EntityCommonStockSharesOutstanding
814547,Fair Isaac Corp,24418138.0,0000814547-25-000008,2025-01-21,,,,,,2024,EntityCommonStockSharesOutstanding
814547,Fair Isaac Corp,23722134.0,0000814547-26-000011,2026-01-21,,,,,,2025,EntityCommonStockSharesOutstanding
814547,FAIR ISAAC CORP,21597635.0,0000814547-26-000030,2026-07-17,,,,,,2026,EntityCommonStockSharesOutstanding
815097,Carnival Corporation,577744614.0,0000815097-16-000030,2016-01-20,,,,,,2015,EntityCommonStockSharesOutstanding
815097,Carnival Corporation,535835649.0,0000815097-17-000001,2017-01-19,,,,,,2016,EntityCommonStockSharesOutstanding
815097,Carnival Corporation,534171562.0,0000815097-18-000005,2018-01-18,,,,,,2017,EntityCommonStockSharesOutstanding
815097,Carnival Corporation,526719965.0,0000815097-19-000004,2019-01-17,,,,,,2018,EntityCommonStockSharesOutstanding
815097,Carnival Corporation,527679851.0,0000815097-20-000020,2020-01-16,,,,,,2019,EntityCommonStockSharesOutstanding
815097,Carnival Corporation,932485510000.0,0000815097-21-000027,2021-01-14,,,,,,2020,EntityCommonStockSharesOutstanding
815097,Carnival Corporation,986363933.0,0000815097-22-000009,2022-01-13,,,,,,2021,EntityCommonStockSharesOutstanding
815097,Carnival Corporation,1113479515.0,0000815097-23-000012,2023-01-12,,,,,,2022,EntityCommonStockSharesOutstanding
815097,Carnival Corporation,1119445529.0,0000815097-24-000011,2024-01-11,,,,,,2023,EntityCommonStockSharesOutstanding
815097,Carnival Corporation,1164202729.0,0000815097-25-000007,2025-01-13,,,,,,2024,EntityCommonStockSharesOutstanding
815097,Carnival Corporation,1236706612.0,0000815097-26-000007,2026-01-13,,,,,,2025,EntityCommonStockSharesOutstanding
815097,Carnival Corporation Ltd.,1369649119.0,0000815097-26-000096,2026-06-19,,,,,,2026,EntityCommonStockSharesOutstanding
815556,FASTENAL CO,288403782.0,0000815556-16-000087,2016-01-22,,,,,,2015,EntityCommonStockSharesOutstanding
815556,FASTENAL CO,289247424.0,0000815556-17-000009,2017-01-20,,,,,,2016,EntityCommonStockSharesOutstanding
815556,FASTENAL CO,287603912.0,0000815556-18-000010,2018-01-19,,,,,,2017,EntityCommonStockSharesOutstanding
815556,FASTENAL CO,285931529.0,0000815556-19-000015,2019-01-18,,,,,,2018,EntityCommonStockSharesOutstanding
815556,FASTENAL CO,574226297.0,0000815556-20-000011,2020-01-22,,,,,,2019,EntityCommonStockSharesOutstanding
815556,FASTENAL CO,574317276.0,0000815556-21-000008,2021-01-22,,,,,,2020,EntityCommonStockSharesOutstanding
815556,FASTENAL CO,575550072.0,0000815556-22-000011,2022-01-21,,,,,,2021,EntityCommonStockSharesOutstanding
815556,FASTENAL CO,570833585.0,0000815556-23-000009,2023-01-20,,,,,,2022,EntityCommonStockSharesOutstanding
815556,FASTENAL CO,572232755.0,0000815556-24-000009,2024-01-19,,,,,,2023,EntityCommonStockSharesOutstanding
815556,FASTENAL CO,573419704.0,0000815556-25-000065,2025-01-21,,,,,,2024,EntityCommonStockSharesOutstanding
815556,FASTENAL CO,1148179210.0,0000815556-26-000009,2026-01-21,,,,,,2025,EntityCommonStockSharesOutstanding
815556,FASTENAL CO,1147497573.0,0000815556-26-000041,2026-07-10,,,,,,2026,EntityCommonStockSharesOutstanding
820027,AMERIPRISE FINANCIAL INC,168970804.0,0000820027-16-000168,2016-02-12,,,,,,2015,EntityCommonStockSharesOutstanding
820027,AMERIPRISE FINANCIAL INC,154056430.0,0000820027-17-000007,2017-02-10,,,,,,2016,EntityCommonStockSharesOutstanding
820027,AMERIPRISE FINANCIAL INC,146332164.0,0000820027-18-000008,2018-02-09,,,,,,2017,EntityCommonStockSharesOutstanding
820027,AMERIPRISE FINANCIAL INC,123244405.0,0000820027-20-000010,2020-02-14,,,,,,2019,EntityCommonStockSharesOutstanding
820027,AMERIPRISE FINANCIAL INC,116752287.0,0000820027-21-000012,2021-02-12,,,,,,2020,EntityCommonStockSharesOutstanding
820027,"AMERIPRISE FINANCIAL, INC.",110750945.0,0000820027-22-000016,2022-02-11,,,,,,2021,EntityCommonStockSharesOutstanding
820027,"AMERIPRISE FINANCIAL, INC.",105279357.0,0000820027-23-000014,2023-02-10,,,,,,2022,EntityCommonStockSharesOutstanding
820027,"AMERIPRISE FINANCIAL, INC.",100290614.0,0000820027-24-000015,2024-02-09,,,,,,2023,EntityCommonStockSharesOutstanding
820027,"AMERIPRISE FINANCIAL, INC.",96118499.0,0000820027-25-000013,2025-02-07,,,,,,2024,EntityCommonStockSharesOutstanding
820027,"AMERIPRISE FINANCIAL, INC.",91178997.0,0000820027-26-000016,2026-02-06,,,,,,2025,EntityCommonStockSharesOutstanding
820027,"AMERIPRISE FINANCIAL, INC.",88333219.0,0000820027-26-000043,2026-07-24,,,,,,2026,EntityCommonStockSharesOutstanding
820313,AMPHENOL CORPORATION,308038077.0,0001104659-16-098503,2016-01-31,,,,,,2015,EntityCommonStockSharesOutstanding
820313,AMPHENOL CORPORATION,307664328.0,0001558370-17-000659,2017-01-31,,,,,,2016,EntityCommonStockSharesOutstanding
820313,AMPHENOL CORPORATION,305483780.0,0001558370-18-000871,2018-01-31,,,,,,2017,EntityCommonStockSharesOutstanding
820313,AMPHENOL CORPORATION,298087210.0,0001558370-19-000636,2019-01-31,,,,,,2018,EntityCommonStockSharesOutstanding
820313,AMPHENOL CORPORATION,298101155.0,0001558370-20-000728,2020-01-31,,,,,,2019,EntityCommonStockSharesOutstanding
820313,AMPHENOL CORPORATION,299576711.0,0001558370-21-000881,2021-01-31,,,,,,2020,EntityCommonStockSharesOutstanding
820313,AMPHENOL CORPORATION,598939773.0,0001558370-22-000961,2022-01-31,,,,,,2021,EntityCommonStockSharesOutstanding
820313,AMPHENOL CORPORATION,594604514.0,0001558370-23-001036,2023-01-31,,,,,,2022,EntityCommonStockSharesOutstanding
820313,AMPHENOL CORPORATION,599854853.0,0001558370-24-000866,2024-01-31,,,,,,2023,EntityCommonStockSharesOutstanding
820313,AMPHENOL CORPORATION,1211081107.0,0001558370-25-000714,2025-01-31,,,,,,2024,EntityCommonStockSharesOutstanding
820313,AMPHENOL CORPORATION,1229214930.0,0001104659-26-013549,2026-01-31,,,,,,2025,EntityCommonStockSharesOutstanding
820313,AMPHENOL CORPORATION,1232983457.0,0001104659-26-089194,2026-07-28,,,,,,2026,EntityCommonStockSharesOutstanding
820318,Coherent Corp.,61259112.0,0001564590-16-012460,2016-02-04,,,,,,2015,EntityCommonStockSharesOutstanding
820318,Coherent Corp.,62561471.0,0001564590-17-000837,2017-01-27,,,,,,2016,EntityCommonStockSharesOutstanding
820318,Coherent Corp.,62486560.0,0001564590-18-001697,2018-02-02,,,,,,2017,EntityCommonStockSharesOutstanding
820318,Coherent Corp.,63394256.0,0001564590-19-002429,2019-02-05,,,,,,2018,EntityCommonStockSharesOutstanding
820318,Coherent Corp.,91059636.0,0001564590-20-004069,2020-02-06,,,,,,2019,EntityCommonStockSharesOutstanding
820318,Coherent Corp.,104762037.0,0000820318-21-000004,2021-02-04,,,,,,2020,EntityCommonStockSharesOutstanding
820318,II-VI INC,106334121.0,0000820318-22-000004,2022-02-07,,,,,,2021,EntityCommonStockSharesOutstanding
820318,Coherent Corp.,138962661.0,0000820318-23-000005,2023-02-06,,,,,,2022,EntityCommonStockSharesOutstanding
820318,COHERENT CORP.,151813356.0,0000820318-24-000004,2024-02-02,,,,,,2023,EntityCommonStockSharesOutstanding
820318,Coherent Corp.,154967323.0,0000820318-25-000004,2025-02-03,,,,,,2024,EntityCommonStockSharesOutstanding
820318,Coherent Corp.,187481852.0,0000820318-26-000006,2026-02-02,,,,,,2025,EntityCommonStockSharesOutstanding
820318,COHERENT CORP.,195832246.0,0000820318-26-000020,2026-08-10,,,,,,2026,EntityCommonStockSharesOutstanding
821189,"EOG RESOURCES, INC.",582054451.0,0000821189-20-000010,2020-02-13,,,,,,2019,EntityCommonStockSharesOutstanding
821189,"EOG RESOURCES, INC.",583563479.0,0000821189-21-000017,2021-02-12,,,,,,2020,EntityCommonStockSharesOutstanding
821189,"EOG RESOURCES, INC.",585419164.0,0000821189-22-000017,2022-02-11,,,,,,2021,EntityCommonStockSharesOutstanding
821189,"EOG RESOURCES, INC.",553926330.0,0000821189-25-000011,2025-02-13,,,,,,2024,EntityCommonStockSharesOutstanding
821189,"EOG RESOURCES, INC.",536491493.0,0000821189-26-000054,2026-02-13,,,,,,2025,EntityCommonStockSharesOutstanding
821189,"EOG RESOURCES, INC.",524529176.0,0000821189-26-000149,2026-07-28,,,,,,2026,EntityCommonStockSharesOutstanding
822416,"PULTEGROUP, INC.",349148351.0,0000822416-16-000048,2016-02-01,,,,,,2015,EntityCommonStockSharesOutstanding
822416,"PULTEGROUP, INC.",317833859.0,0000822416-17-000008,2017-01-26,,,,,,2016,EntityCommonStockSharesOutstanding
822416,"PULTEGROUP, INC.",286465036.0,0000822416-18-000009,2018-02-01,,,,,,2017,EntityCommonStockSharesOutstanding
822416,"PULTEGROUP, INC.",277142007.0,0000822416-19-000008,2019-01-24,,,,,,2018,EntityCommonStockSharesOutstanding
822416,"PULTEGROUP, INC.",269975049.0,0000822416-20-000007,2020-01-23,,,,,,2019,EntityCommonStockSharesOutstanding
822416,"PULTEGROUP, INC.",265894240.0,0000822416-21-000007,2021-01-21,,,,,,2020,EntityCommonStockSharesOutstanding
822416,PULTEGROUP INC/MI/,248650958.0,0000822416-22-000007,2022-01-20,,,,,,2021,EntityCommonStockSharesOutstanding
822416,PULTEGROUP INC/MI/,225596780.0,0000822416-23-000007,2023-01-18,,,,,,2022,EntityCommonStockSharesOutstanding
822416,PULTEGROUP INC/MI/,212112455.0,0000822416-24-000010,2024-01-24,,,,,,2023,EntityCommonStockSharesOutstanding
822416,PULTEGROUP INC/MI/,202457952.0,0000822416-25-000007,2025-01-23,,,,,,2024,EntityCommonStockSharesOutstanding
822416,"PULTEGROUP, INC.",192327885.0,0000822416-26-000007,2026-01-22,,,,,,2025,EntityCommonStockSharesOutstanding
822416,"PULTEGROUP, INC.",187452540.0,0000822416-26-000036,2026-07-15,,,,,,2026,EntityCommonStockSharesOutstanding
823768,WASTE MANAGEMENT INC,445652359.0,0001193125-16-467957,2016-02-04,,,,,,2015,EntityCommonStockSharesOutstanding
823768,WASTE MANAGEMENT INC,439703007.0,0001193125-17-046480,2017-02-02,,,,,,2016,EntityCommonStockSharesOutstanding
823768,WASTE MANAGEMENT INC,433673878.0,0001558370-18-000716,2018-02-08,,,,,,2017,EntityCommonStockSharesOutstanding
823768,WASTE MANAGEMENT INC,423779540.0,0001558370-19-000662,2019-02-08,,,,,,2018,EntityCommonStockSharesOutstanding
823768,WASTE MANAGEMENT INC,424708758.0,0001558370-20-000762,2020-02-07,,,,,,2019,EntityCommonStockSharesOutstanding
823768,WASTE MANAGEMENT INC,423152948.0,0001558370-21-001348,2021-02-12,,,,,,2020,EntityCommonStockSharesOutstanding
823768,"Waste Management, Inc",414586718.0,0001558370-22-004593,2022-02-09,,,,,,2021,EntityCommonStockSharesOutstanding
823768,"Waste Management, Inc",408152162.0,0001558370-23-000964,2023-01-31,,,,,,2022,EntityCommonStockSharesOutstanding
823768,"Waste Management, Inc",401598077.0,0001558370-24-001049,2024-02-08,,,,,,2023,EntityCommonStockSharesOutstanding
823768,"Waste Management, Inc",402115439.0,0001558370-25-001132,2025-02-14,,,,,,2024,EntityCommonStockSharesOutstanding
823768,"Waste Management, Inc",403335781.0,0001104659-26-012049,2026-02-05,,,,,,2025,EntityCommonStockSharesOutstanding
823768,"Waste Management, Inc",399715184.0,0001104659-26-088016,2026-07-24,,,,,,2026,EntityCommonStockSharesOutstanding
827052,EDISON INTERNATIONAL,384790927.0,0000827052-26-000012,2026-02-11,,,,,,2025,EntityCommonStockSharesOutstanding
827054,MICROCHIP TECHNOLOGY INC,203501011.0,0000827054-16-000265,2016-01-27,,,,,,2015,EntityCommonStockSharesOutstanding
827054,MICROCHIP TECHNOLOGY INC,216432165.0,0000827054-17-000018,2017-01-31,,,,,,2016,EntityCommonStockSharesOutstanding
827054,MICROCHIP TECHNOLOGY INC,234343061.0,0000827054-18-000021,2018-01-31,,,,,,2017,EntityCommonStockSharesOutstanding
827054,MICROCHIP TECHNOLOGY INC,236968953.0,0000827054-19-000018,2019-01-31,,,,,,2018,EntityCommonStockSharesOutstanding
827054,MICROCHIP TECHNOLOGY INC,239538076.0,0000827054-20-000029,2020-01-29,,,,,,2019,EntityCommonStockSharesOutstanding
827054,MICROCHIP TECHNOLOGY INC,269262013.0,0000827054-21-000025,2021-01-31,,,,,,2020,EntityCommonStockSharesOutstanding
827054,MICROCHIP TECHNOLOGY INCORPORATED,555990729.0,0000827054-22-000025,2022-01-27,,,,,,2021,EntityCommonStockSharesOutstanding
827054,MICROCHIP TECHNOLOGY INCORPORATED,547795897.0,0000827054-23-000020,2023-01-26,,,,,,2022,EntityCommonStockSharesOutstanding
827054,MICROCHIP TECHNOLOGY INCORPORATED,540387949.0,0000827054-24-000024,2024-01-26,,,,,,2023,EntityCommonStockSharesOutstanding
827054,MICROCHIP TECHNOLOGY INCORPORATED,537818969.0,0000827054-25-000019,2025-01-28,,,,,,2024,EntityCommonStockSharesOutstanding
827054,MICROCHIP TECHNOLOGY INCORPORATED,541135458.0,0000827054-26-000009,2026-01-28,,,,,,2025,EntityCommonStockSharesOutstanding
827054,MICROCHIP TECHNOLOGY INCORPORATED,543008691.0,0000827054-26-000038,2026-07-28,,,,,,2026,EntityCommonStockSharesOutstanding
829224,Starbucks Corporation,1478100000.0,0000829224-16-000049,2016-01-20,,,,,,2015,EntityCommonStockSharesOutstanding
829224,Starbucks Corporation,1457400000.0,0000829224-17-000005,2017-01-25,,,,,,2016,EntityCommonStockSharesOutstanding
829224,Starbucks Corporation,1405600000.0,0000829224-18-000009,2018-01-24,,,,,,2017,EntityCommonStockSharesOutstanding
829224,Starbucks Corporation,1243600000.0,0000829224-19-000011,2019-01-23,,,,,,2018,EntityCommonStockSharesOutstanding
829224,Starbucks Corporation,1173700000.0,0000829224-20-000012,2020-01-22,,,,,,2019,EntityCommonStockSharesOutstanding
829224,Starbucks Corporation,1177300000.0,0000829224-21-000029,2021-01-20,,,,,,2020,EntityCommonStockSharesOutstanding
829224,Starbucks Corporation,1150300000.0,0000829224-22-000012,2022-01-26,,,,,,2021,EntityCommonStockSharesOutstanding
829224,Starbucks Corporation,1149300000.0,0000829224-23-000017,2023-01-27,,,,,,2022,EntityCommonStockSharesOutstanding
829224,Starbucks Corporation,1132200000.0,0001193125-24-037988,2024-01-24,,,,,,2023,EntityCommonStockSharesOutstanding
829224,Starbucks Corporation,1135900000.0,0000829224-25-000014,2025-01-22,,,,,,2024,EntityCommonStockSharesOutstanding
829224,Starbucks Corporation,1139300000.0,0000829224-26-000011,2026-01-22,,,,,,2025,EntityCommonStockSharesOutstanding
829224,Starbucks Corporation,1140000000.0,0000829224-26-000130,2026-07-23,,,,,,2026,EntityCommonStockSharesOutstanding
831001,Citigroup Inc.,2948120153.0,0000831001-16-000286,2016-01-31,,,,,,2015,EntityCommonStockSharesOutstanding
831001,Citigroup Inc.,2770709339.0,0000831001-17-000038,2017-01-31,,,,,,2016,EntityCommonStockSharesOutstanding
831001,Citigroup Inc.,2570065748.0,0000831001-18-000040,2018-01-31,,,,,,2017,EntityCommonStockSharesOutstanding
831001,Citigroup Inc.,2351523709.0,0000831001-19-000027,2019-01-31,,,,,,2018,EntityCommonStockSharesOutstanding
831001,Citigroup Inc.,2106486793.0,0000831001-20-000031,2020-01-31,,,,,,2019,EntityCommonStockSharesOutstanding
831001,Citigroup Inc.,2087317952.0,0000831001-21-000042,2021-01-31,,,,,,2020,EntityCommonStockSharesOutstanding
831001,Citigroup Inc,1980894613.0,0000831001-22-000036,2022-01-31,,,,,,2021,EntityCommonStockSharesOutstanding
831001,Citigroup Inc,1943712436.0,0000831001-23-000037,2023-01-31,,,,,,2022,EntityCommonStockSharesOutstanding
831001,Citigroup Inc,1911366783.0,0000831001-24-000033,2024-01-31,,,,,,2023,EntityCommonStockSharesOutstanding
831001,Citigroup Inc,1884479551.0,0000831001-25-000067,2025-01-31,,,,,,2024,EntityCommonStockSharesOutstanding
831001,Citigroup Inc,1749319009.0,0000831001-26-000011,2026-01-31,,,,,,2025,EntityCommonStockSharesOutstanding
831259,Freeport-McMoRan Inc.,1447844743.0,0000831259-18-000008,2018-01-31,,,,,,2017,EntityCommonStockSharesOutstanding
831259,Freeport-McMoRan Inc.,1449058885.0,0000831259-19-000009,2019-01-31,,,,,,2018,EntityCommonStockSharesOutstanding
831259,Freeport-McMoRan Inc.,1450972426.0,0000831259-20-000004,2020-01-31,,,,,,2019,EntityCommonStockSharesOutstanding
831259,Freeport-McMoRan Inc.,1458480446.0,0000831259-21-000009,2021-01-29,,,,,,2020,EntityCommonStockSharesOutstanding
831259,Freeport-McMoRan Inc.,1454781055.0,0000831259-22-000012,2022-01-31,,,,,,2021,EntityCommonStockSharesOutstanding
831259,Freeport-McMoRan Inc.,1430693689.0,0000831259-23-000013,2023-01-31,,,,,,2022,EntityCommonStockSharesOutstanding
831259,Freeport-McMoRan Inc.,1434409010.0,0000831259-24-000011,2024-01-31,,,,,,2023,EntityCommonStockSharesOutstanding
831259,Freeport-McMoRan Inc.,1437073006.0,0000831259-25-000006,2025-01-31,,,,,,2024,EntityCommonStockSharesOutstanding
831259,Freeport-McMoRan Inc.,1437201606.0,0000831259-26-000012,2026-01-31,,,,,,2025,EntityCommonStockSharesOutstanding
831259,Freeport-McMoRan Inc.,1436017523.0,0000831259-26-000036,2026-07-31,,,,,,2026,EntityCommonStockSharesOutstanding
832101,IDEX CORP,76248604.0,0000832101-17-000016,2017-02-14,,,,,,2016,EntityCommonStockSharesOutstanding
832101,IDEX CORP,76535263.0,0000832101-18-000019,2018-02-14,,,,,,2017,EntityCommonStockSharesOutstanding
832101,IDEX CORP,75784047.0,0000832101-25-000010,2025-02-14,,,,,,2024,EntityCommonStockSharesOutstanding
832101,IDEX CORP,74347824.0,0000832101-26-000003,2026-02-13,,,,,,2025,EntityCommonStockSharesOutstanding
832101,IDEX CORP,73719896.0,0000832101-26-000022,2026-07-24,,,,,,2026,EntityCommonStockSharesOutstanding
833444,JOHNSON CONTROLS INTERNATIONAL PLC,424618498.0,0000833444-16-000120,2016-01-21,,,,,,2015,EntityCommonStockSharesOutstanding
833444,JOHNSON CONTROLS INTERNATIONAL PLC,938685172.0,0000833444-17-000007,2016-12-31,,,,,,2016,EntityCommonStockSharesOutstanding
833444,JOHNSON CONTROLS INTERNATIONAL PLC,926105380.0,0000833444-18-000008,2017-12-31,,,,,,2017,EntityCommonStockSharesOutstanding
833444,JOHNSON CONTROLS INTERNATIONAL PLC,912713145.0,0000833444-19-000005,2018-12-31,,,,,,2018,EntityCommonStockSharesOutstanding
833444,JOHNSON CONTROLS INTERNATIONAL PLC,764047226.0,0000833444-20-000006,2019-12-31,,,,,,2019,EntityCommonStockSharesOutstanding
833444,JOHNSON CONTROLS INTERNATIONAL PLC,720271990.0,0000833444-21-000011,2020-12-31,,,,,,2020,EntityCommonStockSharesOutstanding
833444,JOHNSON CONTROLS INTERNATIONAL PLC,702799758.0,0000833444-22-000005,2021-12-31,,,,,,2021,EntityCommonStockSharesOutstanding
833444,JOHNSON CONTROLS INTERNATIONAL PLC,687231016.0,0000833444-23-000005,2022-12-31,,,,,,2022,EntityCommonStockSharesOutstanding
833444,JOHNSON CONTROLS INTERNATIONAL PLC,681477046.0,0000833444-24-000011,2023-12-31,,,,,,2023,EntityCommonStockSharesOutstanding
833444,JOHNSON CONTROLS INTERNATIONAL PLC,660594161.0,0000833444-25-000011,2024-12-31,,,,,,2024,EntityCommonStockSharesOutstanding
833444,JOHNSON CONTROLS INTERNATIONAL PLC,612004462.0,0000833444-26-000019,2025-12-31,,,,,,2025,EntityCommonStockSharesOutstanding
833444,JOHNSON CONTROLS INTERNATIONAL PLC,605741470.0,0000833444-26-000087,2026-06-30,,,,,,2026,EntityCommonStockSharesOutstanding
842023,BIO-TECHNE CORPORATION,37191353.0,0001437749-16-024987,2016-02-04,,,,,,2015,EntityCommonStockSharesOutstanding
842023,BIO-TECHNE CORPORATION,37311809.0,0001437749-17-002015,2017-02-06,,,,,,2016,EntityCommonStockSharesOutstanding
842023,BIO-TECHNE CORPORATION,37474011.0,0001437749-18-001995,2018-02-02,,,,,,2017,EntityCommonStockSharesOutstanding
842023,BIO-TECHNE CORPORATION,37766000.0,0001437749-19-002066,2019-02-01,,,,,,2018,EntityCommonStockSharesOutstanding
842023,BIO-TECHNE CORPORATION,38351667.0,0001437749-20-001901,2020-02-03,,,,,,2019,EntityCommonStockSharesOutstanding
842023,BIO-TECHNE CORPORATION,38798834.0,0001437749-21-002157,2021-02-01,,,,,,2020,EntityCommonStockSharesOutstanding
842023,BIO-TECHNE Corp,39288254.0,0001437749-22-002626,2022-02-03,,,,,,2021,EntityCommonStockSharesOutstanding
842023,BIO-TECHNE Corp,157275200.0,0001558370-23-000979,2023-02-01,,,,,,2022,EntityCommonStockSharesOutstanding
842023,BIO-TECHNE Corp,157191685.0,0001558370-24-000862,2024-02-02,,,,,,2023,EntityCommonStockSharesOutstanding
842023,BIO-TECHNE Corp,158087683.0,0001558370-25-000689,2025-02-03,,,,,,2024,EntityCommonStockSharesOutstanding
842023,BIO-TECHNE Corp,156453292.0,0001104659-26-010335,2026-01-29,,,,,,2025,EntityCommonStockSharesOutstanding
849395,CRH public limited company,838958469.0,0001193125-18-076345,2017-12-31,,,,,,2017,EntityCommonStockSharesOutstanding
849395,CRH public limited company,843390338.0,0001193125-19-068446,2018-12-31,,,,,,2018,EntityCommonStockSharesOutstanding
849395,CRH public limited company,799640338.0,0001193125-20-064341,2019-12-31,,,,,,2019,EntityCommonStockSharesOutstanding
849395,CRH public limited company,795140338.0,0001193125-21-078969,2020-12-31,,,,,,2020,EntityCommonStockSharesOutstanding
849395,CRH PUBLIC LTD CO,774140338.0,0001193125-22-072901,2021-12-31,,,,,,2021,EntityCommonStockSharesOutstanding
849395,CRH PUBLIC LTD CO,752140338.0,0001628280-23-007435,2022-12-31,,,,,,2022,EntityCommonStockSharesOutstanding
849395,CRH public limited company,690357372.0,0001628280-24-011326,2023-12-31,,,,,,2023,EntityCommonStockSharesOutstanding
849395,CRH public limited company,676475037.0,0001628280-25-008179,2025-02-13,,,,,,2024,EntityCommonStockSharesOutstanding
849395,CRH public limited company,668250818.0,0001628280-26-009043,2026-02-04,,,,,,2025,EntityCommonStockSharesOutstanding
849395,CRH public limited company,665284511.0,0001628280-26-050755,2026-07-20,,,,,,2026,EntityCommonStockSharesOutstanding
849399,Gen Digital Inc.,652222522.0,0000849399-16-000018,2016-01-29,,,,,,2015,EntityCommonStockSharesOutstanding
849399,Gen Digital Inc.,618834453.0,0000849399-17-000006,2017-01-27,,,,,,2016,EntityCommonStockSharesOutstanding
849399,Gen Digital Inc.,621538648.0,0000849399-18-000004,2018-01-26,,,,,,2017,EntityCommonStockSharesOutstanding
849399,Gen Digital Inc.,639217123.0,0000849399-19-000002,2019-01-28,,,,,,2018,EntityCommonStockSharesOutstanding
849399,Gen Digital Inc.,600384184.0,0000849399-20-000002,2020-01-30,,,,,,2019,EntityCommonStockSharesOutstanding
849399,Gen Digital Inc.,581900648.0,0000849399-21-000005,2021-01-29,,,,,,2020,EntityCommonStockSharesOutstanding
849399,NortonLifeLock Inc.,581861307.0,0000849399-22-000008,2022-01-28,,,,,,2021,EntityCommonStockSharesOutstanding
849399,Gen Digital Inc.,639129470.0,0000849399-23-000008,2023-01-27,,,,,,2022,EntityCommonStockSharesOutstanding
849399,Gen Digital Inc.,636909965.0,0000849399-24-000008,2024-01-29,,,,,,2023,EntityCommonStockSharesOutstanding
849399,Gen Digital Inc.,616301369.0,0000849399-25-000006,2025-01-27,,,,,,2024,EntityCommonStockSharesOutstanding
849399,Gen Digital Inc.,605663774.0,0000849399-26-000004,2026-02-03,,,,,,2025,EntityCommonStockSharesOutstanding
849399,Gen Digital Inc.,598587032.0,0000849399-26-000031,2026-08-04,,,,,,2026,EntityCommonStockSharesOutstanding
857005,PTC Inc.,114531701.0,0000857005-16-000050,2016-01-02,,,,,,2015,EntityCommonStockSharesOutstanding
857005,PTC Inc.,115721488.0,0000857005-17-000004,2017-02-01,,,,,,2016,EntityCommonStockSharesOutstanding
857005,PTC Inc.,116284430.0,0000857005-18-000004,2018-02-02,,,,,,2017,EntityCommonStockSharesOutstanding
857005,PTC Inc.,118627720.0,0000857005-19-000006,2019-02-05,,,,,,2018,EntityCommonStockSharesOutstanding
857005,PTC Inc.,115494475.0,0000857005-20-000009,2020-01-23,,,,,,2019,EntityCommonStockSharesOutstanding
857005,PTC Inc.,116810418.0,0001564590-21-004303,2021-02-02,,,,,,2020,EntityCommonStockSharesOutstanding
857005,PTC Inc.,116952189.0,0001564590-22-003975,2022-02-03,,,,,,2021,EntityCommonStockSharesOutstanding
857005,PTC Inc.,118263203.0,0000950170-23-002335,2023-02-06,,,,,,2022,EntityCommonStockSharesOutstanding
857005,PTC Inc.,119552405.0,0000950170-24-010527,2024-01-31,,,,,,2023,EntityCommonStockSharesOutstanding
857005,PTC Inc.,120323542.0,0000950170-25-015530,2025-02-04,,,,,,2024,EntityCommonStockSharesOutstanding
857005,PTC Inc.,118996116.0,0001193125-26-039347,2026-02-03,,,,,,2025,EntityCommonStockSharesOutstanding
857005,PTC Inc.,108506261.0,0001193125-26-328444,2026-07-29,,,,,,2026,EntityCommonStockSharesOutstanding
858877,"CISCO SYSTEMS, INC.",5032121234.0,0000858877-16-000090,2016-02-12,,,,,,2015,EntityCommonStockSharesOutstanding
858877,"CISCO SYSTEMS, INC.",5019758934.0,0000858877-16-000123,2016-11-17,,,,,,2016,EntityCommonStockSharesOutstanding
858877,"CISCO SYSTEMS, INC.",4943622124.0,0000858877-17-000019,2017-11-16,,,,,,2017,EntityCommonStockSharesOutstanding
858877,"CISCO SYSTEMS, INC.",4402027716.0,0000858877-19-000003,2019-02-14,,,,,,2018,EntityCommonStockSharesOutstanding
858877,"CISCO SYSTEMS, INC.",4240880161.0,0000858877-20-000004,2020-02-13,,,,,,2019,EntityCommonStockSharesOutstanding
858877,"CISCO SYSTEMS, INC.",4221785547.0,0000858877-21-000004,2021-02-11,,,,,,2020,EntityCommonStockSharesOutstanding
858877,"CISCO SYSTEMS, INC.",4217606555.0,0000858877-21-000018,2021-11-18,,,,,,2021,EntityCommonStockSharesOutstanding
858877,"CISCO SYSTEMS, INC.",4108103063.0,0000858877-22-000025,2022-11-17,,,,,,2022,EntityCommonStockSharesOutstanding
858877,"CISCO SYSTEMS, INC.",4063475676.0,0000858877-23-000031,2023-11-16,,,,,,2023,EntityCommonStockSharesOutstanding
858877,"CISCO SYSTEMS, INC.",3978292432.0,0000858877-25-000007,2025-02-13,,,,,,2024,EntityCommonStockSharesOutstanding
858877,"CISCO SYSTEMS, INC.",3949893042.0,0000858877-26-000021,2026-02-12,,,,,,2025,EntityCommonStockSharesOutstanding
860730,"HCA Healthcare, Inc.",396958400.0,0001193125-16-482165,2016-01-31,,,,,,2015,EntityCommonStockSharesOutstanding
860730,"HCA Healthcare, Inc.",370153000.0,0001193125-17-052253,2017-01-31,,,,,,2016,EntityCommonStockSharesOutstanding
860730,"HCA Healthcare, Inc.",349903700.0,0001193125-18-056057,2018-01-31,,,,,,2017,EntityCommonStockSharesOutstanding
860730,"HCA Healthcare, Inc.",342376700.0,0001193125-19-047078,2019-01-31,,,,,,2018,EntityCommonStockSharesOutstanding
860730,"HCA Healthcare, Inc.",338427300.0,0001193125-20-043524,2020-01-31,,,,,,2019,EntityCommonStockSharesOutstanding
860730,"HCA Healthcare, Inc.",339917500.0,0001193125-21-048994,2021-01-31,,,,,,2020,EntityCommonStockSharesOutstanding
860730,"HCA Healthcare, Inc.",303600000.0,0001193125-22-046707,2022-01-31,,,,,,2021,EntityCommonStockSharesOutstanding
860730,"HCA Healthcare, Inc.",276966400.0,0000950170-23-003234,2023-01-31,,,,,,2022,EntityCommonStockSharesOutstanding
860730,"HCA Healthcare, Inc.",264498700.0,0000950170-24-016524,2024-01-31,,,,,,2023,EntityCommonStockSharesOutstanding
860730,"HCA Healthcare, Inc.",248341900.0,0000950170-25-020134,2025-01-31,,,,,,2024,EntityCommonStockSharesOutstanding
860730,"HCA Healthcare, Inc.",223622200.0,0001193125-26-044769,2026-01-31,,,,,,2025,EntityCommonStockSharesOutstanding
860730,"HCA Healthcare, Inc.",216501500.0,0001193125-26-321077,2026-07-24,,,,,,2026,EntityCommonStockSharesOutstanding
860731,"TYLER TECHNOLOGIES, INC.",40952274.0,0000860731-26-000050,2026-07-27,,,,,,2026,EntityCommonStockSharesOutstanding
864749,TRIMBLE INC.,246951697.0,0000864749-23-000012,2023-02-14,,,,,,2022,EntityCommonStockSharesOutstanding
864749,TRIMBLE INC.,245792054.0,0000864749-25-000012,2025-01-09,,,,,,2024,EntityCommonStockSharesOutstanding
864749,TRIMBLE INC.,233179848.0,0000864749-26-000108,2026-08-07,,,,,,2026,EntityCommonStockSharesOutstanding
865752,Monster Beverage Corporation,202919837.0,0001104659-16-100960,2016-02-04,,,,,,2015,EntityCommonStockSharesOutstanding
865752,Monster Beverage Corporation,566619343.0,0001104659-17-013048,2017-02-10,,,,,,2016,EntityCommonStockSharesOutstanding
865752,Monster Beverage Corporation,566402748.0,0001104659-18-014057,2018-02-12,,,,,,2017,EntityCommonStockSharesOutstanding
865752,MONSTER BEVERAGE CORPORATION,973158896.0,0001410578-25-000248,2025-02-14,,,,,,2024,EntityCommonStockSharesOutstanding
865752,Monster Beverage Corp,978270734.0,0001104659-26-020831,2026-02-13,,,,,,2025,EntityCommonStockSharesOutstanding
865752,Monster Beverage Corp,979525882.0,0001104659-26-092193,2026-07-31,,,,,,2026,EntityCommonStockSharesOutstanding
866374,FLEX LTD.,548585484.0,0001628280-16-010628,2016-01-25,,,,,,2015,EntityCommonStockSharesOutstanding
866374,FLEX LTD.,535220962.0,0000866374-17-000002,2017-01-23,,,,,,2016,EntityCommonStockSharesOutstanding
866374,FLEX LTD.,527665321.0,0000866374-18-000003,2018-01-24,,,,,,2017,EntityCommonStockSharesOutstanding
866374,FLEX LTD.,521417529.0,0000866374-19-000003,2019-01-28,,,,,,2018,EntityCommonStockSharesOutstanding
866374,FLEX LTD.,503991662.0,0000866374-20-000003,2020-01-24,,,,,,2019,EntityCommonStockSharesOutstanding
866374,FLEX LTD.,499172368.0,0000866374-21-000019,2021-01-25,,,,,,2020,EntityCommonStockSharesOutstanding
866374,FLEX LTD.,464086322.0,0000866374-22-000016,2022-02-01,,,,,,2021,EntityCommonStockSharesOutstanding
866374,FLEX LTD.,451081016.0,0000866374-23-000007,2023-01-20,,,,,,2022,EntityCommonStockSharesOutstanding
866374,FLEX LTD.,421163217.0,0000866374-24-000012,2024-01-26,,,,,,2023,EntityCommonStockSharesOutstanding
866374,FLEX LTD.,383103055.0,0000866374-25-000008,2025-01-24,,,,,,2024,EntityCommonStockSharesOutstanding
866374,FLEX LTD.,367673924.0,0000866374-26-000005,2026-01-30,,,,,,2025,EntityCommonStockSharesOutstanding
866374,FLEX LTD.,369402978.0,0000866374-26-000030,2026-07-24,,,,,,2026,EntityCommonStockSharesOutstanding
866787,AUTOZONE INC,30208306.0,0001193125-15-404907,2015-12-11,,,,,,2015,EntityCommonStockSharesOutstanding
866787,AUTOZONE INC,28620620.0,0001193125-16-793056,2016-12-09,,,,,,2016,EntityCommonStockSharesOutstanding
866787,AUTOZONE INC,27353015.0,0001193125-17-373692,2017-12-15,,,,,,2017,EntityCommonStockSharesOutstanding
866787,AUTOZONE INC,25205125.0,0001193125-18-351223,2018-12-13,,,,,,2018,EntityCommonStockSharesOutstanding
866787,AUTOZONE INC,23592711.0,0001193125-19-320984,2019-12-13,,,,,,2019,EntityCommonStockSharesOutstanding
866787,AUTOZONE INC,22759106.0,0001558370-20-014469,2020-12-11,,,,,,2020,EntityCommonStockSharesOutstanding
866787,AUTOZONE INC,20634396.0,0001558370-21-016915,2021-12-10,,,,,,2021,EntityCommonStockSharesOutstanding
866787,AUTOZONE INC,18765671.0,0001558370-22-018835,2022-12-09,,,,,,2022,EntityCommonStockSharesOutstanding
866787,AUTOZONE INC,17291904.0,0001558370-23-019871,2023-12-11,,,,,,2023,EntityCommonStockSharesOutstanding
866787,AUTOZONE INC,16782160.0,0001558370-24-016435,2024-12-13,,,,,,2024,EntityCommonStockSharesOutstanding
866787,"AutoZone, Inc.",16567821.0,0001104659-25-123222,2025-12-12,,,,,,2025,EntityCommonStockSharesOutstanding
866787,AUTOZONE INC,16325355.0,0001104659-26-073525,2026-06-05,,,,,,2026,EntityCommonStockSharesOutstanding
874716,IDEXX LABORATORIES INC /DE,89638022.0,0000874716-16-000020,2016-02-05,,,,,,2015,EntityCommonStockSharesOutstanding
874716,IDEXX LABORATORIES INC /DE,88005221.0,0000874716-17-000004,2017-02-06,,,,,,2016,EntityCommonStockSharesOutstanding
874716,IDEXX LABORATORIES INC /DE,87122794.0,0000874716-18-000005,2018-02-06,,,,,,2017,EntityCommonStockSharesOutstanding
874716,IDEXX LABORATORIES INC /DE,86006526.0,0000874716-19-000004,2019-02-12,,,,,,2018,EntityCommonStockSharesOutstanding
874716,IDEXX LABORATORIES INC /DE,85329642.0,0000874716-20-000006,2020-02-10,,,,,,2019,EntityCommonStockSharesOutstanding
874716,IDEXX LABORATORIES INC /DE,85426080.0,0000874716-21-000008,2021-02-09,,,,,,2020,EntityCommonStockSharesOutstanding
874716,IDEXX LABORATORIES INC /DE,84249085.0,0000874716-22-000007,2022-02-02,,,,,,2021,EntityCommonStockSharesOutstanding
874716,IDEXX LABORATORIES INC /DE,82903371.0,0000874716-23-000006,2023-02-10,,,,,,2022,EntityCommonStockSharesOutstanding
874716,IDEXX LABORATORIES INC /DE,83089381.0,0000874716-24-000057,2024-02-12,,,,,,2023,EntityCommonStockSharesOutstanding
874716,IDEXX LABORATORIES INC /DE,81328233.0,0000874716-25-000037,2025-02-12,,,,,,2024,EntityCommonStockSharesOutstanding
874716,IDEXX LABORATORIES INC /DE,79624034.0,0000874716-26-000038,2026-02-13,,,,,,2025,EntityCommonStockSharesOutstanding
874716,IDEXX LABORATORIES INC /DE,78781116.0,0000874716-26-000123,2026-07-31,,,,,,2026,EntityCommonStockSharesOutstanding
874761,THE AES CORPORATION,713438630.0,0000874761-26-000144,2026-07-31,,,,,,2026,EntityCommonStockSharesOutstanding
874766,"The Hartford Insurance Group, Inc.",270872002.0,0000874766-26-000060,2026-07-22,,,,,,2026,EntityCommonStockSharesOutstanding
875045,BIOGEN INC.,218672717.0,0000875045-16-000042,2016-01-29,,,,,,2015,EntityCommonStockSharesOutstanding
875045,BIOGEN INC.,215951945.0,0000875045-17-000009,2017-01-27,,,,,,2016,EntityCommonStockSharesOutstanding
875045,BIOGEN INC.,211562686.0,0000875045-18-000005,2018-01-26,,,,,,2017,EntityCommonStockSharesOutstanding
875045,BIOGEN INC.,196708784.0,0000875045-19-000006,2019-02-01,,,,,,2018,EntityCommonStockSharesOutstanding
875045,BIOGEN INC.,174064011.0,0000875045-20-000005,2020-02-04,,,,,,2019,EntityCommonStockSharesOutstanding
875045,BIOGEN INC.,152335731.0,0000875045-21-000010,2021-02-02,,,,,,2020,EntityCommonStockSharesOutstanding
875045,BIOGEN INC.,146962793.0,0000875045-22-000007,2022-02-02,,,,,,2021,EntityCommonStockSharesOutstanding
875045,BIOGEN INC.,144485646.0,0000875045-23-000009,2023-02-14,,,,,,2022,EntityCommonStockSharesOutstanding
875045,BIOGEN INC.,145360798.0,0000875045-24-000009,2024-02-12,,,,,,2023,EntityCommonStockSharesOutstanding
875045,BIOGEN INC.,146374937.0,0000875045-25-000009,2025-02-11,,,,,,2024,EntityCommonStockSharesOutstanding
875045,BIOGEN INC.,146758528.0,0000875045-26-000013,2026-02-04,,,,,,2025,EntityCommonStockSharesOutstanding
875045,BIOGEN INC.,147753998.0,0000875045-26-000075,2026-07-27,,,,,,2026,EntityCommonStockSharesOutstanding
875320,VERTEX PHARMACEUTICALS INC / MA,246391955.0,0000875320-16-000067,2016-01-31,,,,,,2015,EntityCommonStockSharesOutstanding
875320,VERTEX PHARMACEUTICALS INC / MA,248438127.0,0000875320-17-000017,2017-02-10,,,,,,2016,EntityCommonStockSharesOutstanding
875320,VERTEX PHARMACEUTICALS INC / MA,253891984.0,0000875320-18-000009,2018-01-31,,,,,,2017,EntityCommonStockSharesOutstanding
875320,VERTEX PHARMACEUTICALS INC / MA,255656889.0,0000875320-19-000006,2019-01-31,,,,,,2018,EntityCommonStockSharesOutstanding
875320,VERTEX PHARMACEUTICALS INC / MA,259268593.0,0000875320-20-000007,2020-01-31,,,,,,2019,EntityCommonStockSharesOutstanding
875320,VERTEX PHARMACEUTICALS INC / MA,259960062.0,0000875320-21-000006,2021-01-31,,,,,,2020,EntityCommonStockSharesOutstanding
875320,VERTEX PHARMACEUTICALS INC / MA,254576691.0,0000875320-22-000007,2022-01-31,,,,,,2021,EntityCommonStockSharesOutstanding
875320,VERTEX PHARMACEUTICALS INC / MA,257091441.0,0000875320-23-000007,2023-01-31,,,,,,2022,EntityCommonStockSharesOutstanding
875320,VERTEX PHARMACEUTICALS INC / MA,258307816.0,0000875320-24-000062,2024-02-09,,,,,,2023,EntityCommonStockSharesOutstanding
875320,VERTEX PHARMACEUTICALS INC / MA,256789869.0,0000875320-25-000053,2025-02-07,,,,,,2024,EntityCommonStockSharesOutstanding
875320,VERTEX PHARMACEUTICALS INC / MA,254034190.0,0000875320-26-000056,2026-02-06,,,,,,2025,EntityCommonStockSharesOutstanding
875320,VERTEX PHARMACEUTICALS INC / MA,253460924.0,0000875320-26-000259,2026-07-31,,,,,,2026,EntityCommonStockSharesOutstanding
877212,Zebra Technologies Corporation,53870497.0,0000877212-19-000011,2019-02-07,,,,,,2018,EntityCommonStockSharesOutstanding
877212,Zebra Technologies Corporation,54008653.0,0000877212-20-000006,2020-02-04,,,,,,2019,EntityCommonStockSharesOutstanding
877212,Zebra Technologies Corporation,53467406.0,0000877212-21-000008,2021-02-04,,,,,,2020,EntityCommonStockSharesOutstanding
877212,Zebra Technologies Corporation,53079740.0,0000877212-22-000026,2022-02-03,,,,,,2021,EntityCommonStockSharesOutstanding
877212,Zebra Technologies Corporation,51404742.0,0000877212-23-000025,2023-02-09,,,,,,2022,EntityCommonStockSharesOutstanding
877212,Zebra Technologies Corporation,51381409.0,0000877212-24-000029,2024-02-08,,,,,,2023,EntityCommonStockSharesOutstanding
877212,Zebra Technologies Corporation,51379208.0,0000877212-25-000027,2025-02-06,,,,,,2024,EntityCommonStockSharesOutstanding
877212,Zebra Technologies Corporation,49191704.0,0001628280-26-007668,2026-02-05,,,,,,2025,EntityCommonStockSharesOutstanding
877212,Zebra Technologies Corporation,47310660.0,0001628280-26-052550,2026-07-28,,,,,,2026,EntityCommonStockSharesOutstanding
878927,"OLD DOMINION FREIGHT LINE, INC.",207356622.0,0000878927-26-000023,2026-07-31,,,,,,2026,EntityCommonStockSharesOutstanding
879101,KIMCO REALTY CORPORATION,413710579.0,0001437749-16-026173,2016-02-11,,,,,,2015,EntityCommonStockSharesOutstanding
879101,KIMCO REALTY CORPORATION,421385972.0,0001437749-19-002746,2019-02-06,,,,,,2018,EntityCommonStockSharesOutstanding
879101,KIMCO REALTY CORPORATION,431820951.0,0001437749-20-003500,2020-02-05,,,,,,2019,EntityCommonStockSharesOutstanding
879101,KIMCO REALTY CORPORATION,432439820.0,0001437749-21-003766,2021-02-11,,,,,,2020,EntityCommonStockSharesOutstanding
879101,KIMCO REALTY CORP,616719061.0,0001437749-22-004700,2022-02-10,,,,,,2021,EntityCommonStockSharesOutstanding
879101,KIMCO REALTY CORPORATION,618609347.0,0001437749-23-004541,2023-02-10,,,,,,2022,EntityCommonStockSharesOutstanding
879101,KIMCO REALTY CORPORATION,672904480.0,0001437749-24-005407,2024-02-09,,,,,,2023,EntityCommonStockSharesOutstanding
879101,KIMCO REALTY CORPORATION,679482034.0,0000950170-25-024723,2025-02-10,,,,,,2024,EntityCommonStockSharesOutstanding
879101,KIMCO REALTY CORPORATION,674066654.0,0001193125-26-060760,2026-02-10,,,,,,2025,EntityCommonStockSharesOutstanding
879101,KIMCO REALTY CORPORATION,670789373.0,0001193125-26-331817,2026-07-28,,,,,,2026,EntityCommonStockSharesOutstanding
879169,INCYTE CORPORATION,187199761.0,0001558370-16-003196,2016-02-05,,,,,,2015,EntityCommonStockSharesOutstanding
879169,INCYTE CORPORATION,189408381.0,0001558370-17-000594,2017-02-07,,,,,,2016,EntityCommonStockSharesOutstanding
879169,INCYTE CORPORATION,211663861.0,0001558370-18-000722,2018-02-08,,,,,,2017,EntityCommonStockSharesOutstanding
879169,INCYTE CORPORATION,214048325.0,0001558370-19-000682,2019-02-07,,,,,,2018,EntityCommonStockSharesOutstanding
879169,INCYTE CORPORATION,216775534.0,0001558370-20-000774,2020-02-06,,,,,,2019,EntityCommonStockSharesOutstanding
879169,INCYTE CORPORATION,219843497.0,0001558370-21-000825,2021-02-02,,,,,,2020,EntityCommonStockSharesOutstanding
879169,INCYTE CORPORATION,221325189.0,0001558370-22-000902,2022-02-01,,,,,,2021,EntityCommonStockSharesOutstanding
879169,INCYTE CORPORATION,222965018.0,0000879169-23-000008,2023-01-31,,,,,,2022,EntityCommonStockSharesOutstanding
879169,INCYTE CORPORATION,224526128.0,0000879169-24-000062,2024-02-06,,,,,,2023,EntityCommonStockSharesOutstanding
879169,INCYTE CORPORATION,193524350.0,0001628280-25-004633,2025-02-03,,,,,,2024,EntityCommonStockSharesOutstanding
879169,INCYTE CORPORATION,199014486.0,0000879169-26-000010,2026-02-03,,,,,,2025,EntityCommonStockSharesOutstanding
879169,INCYTE CORPORATION,202697746.0,0000879169-26-000056,2026-07-21,,,,,,2026,EntityCommonStockSharesOutstanding
882095,"GILEAD SCIENCES, INC.",1366845691.0,0000882095-16-000039,2016-02-12,,,,,,2015,EntityCommonStockSharesOutstanding
882095,"GILEAD SCIENCES, INC.",1241420528.0,0000882095-26-000006,2026-02-13,,,,,,2025,EntityCommonStockSharesOutstanding
882095,"GILEAD SCIENCES, INC.",1239955155.0,0000882095-26-000031,2026-07-31,,,,,,2026,EntityCommonStockSharesOutstanding
882184,HORTON D R INC /DE/,369768662.0,0000882184-16-000122,2016-01-20,,,,,,2015,EntityCommonStockSharesOutstanding
882184,HORTON D R INC /DE/,373413520.0,0000882184-17-000020,2017-01-18,,,,,,2016,EntityCommonStockSharesOutstanding
882184,HORTON D R INC /DE/,375920628.0,0000882184-18-000019,2018-01-24,,,,,,2017,EntityCommonStockSharesOutstanding
882184,HORTON D R INC /DE/,373423120.0,0000882184-19-000022,2019-01-23,,,,,,2018,EntityCommonStockSharesOutstanding
882184,HORTON D R INC /DE/,366363723.0,0000882184-20-000017,2020-01-22,,,,,,2019,EntityCommonStockSharesOutstanding
882184,HORTON D R INC /DE/,363701712.0,0000882184-21-000021,2021-01-20,,,,,,2020,EntityCommonStockSharesOutstanding
882184,"D.R. Horton, Inc.",354358165.0,0000882184-22-000024,2022-01-28,,,,,,2021,EntityCommonStockSharesOutstanding
882184,"D.R. Horton, Inc.",343393349.0,0000882184-23-000015,2023-01-23,,,,,,2022,EntityCommonStockSharesOutstanding
882184,"D.R. Horton, Inc.",331817282.0,0000882184-24-000014,2024-01-18,,,,,,2023,EntityCommonStockSharesOutstanding
882184,"D.R. Horton, Inc.",315122486.0,0000882184-25-000014,2025-01-16,,,,,,2024,EntityCommonStockSharesOutstanding
882184,"D.R. Horton, Inc.",289703395.0,0000882184-26-000014,2026-01-15,,,,,,2025,EntityCommonStockSharesOutstanding
882184,"D.R. Horton, Inc.",279701267.0,0000882184-26-000096,2026-07-16,,,,,,2026,EntityCommonStockSharesOutstanding
882835,"ROPER TECHNOLOGIES, INC.",101064624.0,0000882835-16-000035,2015-12-31,,,,,,2015,EntityCommonStockSharesOutstanding
882835,"ROPER TECHNOLOGIES, INC.",104939597.0,0000882835-21-000011,2021-02-12,,,,,,2020,EntityCommonStockSharesOutstanding
882835,"ROPER TECHNOLOGIES, INC.",105602835.0,0000882835-22-000012,2022-02-11,,,,,,2021,EntityCommonStockSharesOutstanding
882835,"ROPER TECHNOLOGIES, INC.",107385207.0,0000882835-25-000008,2025-02-14,,,,,,2024,EntityCommonStockSharesOutstanding
882835,"ROPER TECHNOLOGIES, INC.",98900874.0,0000882835-26-000036,2026-07-28,,,,,,2026,EntityCommonStockSharesOutstanding
883241,"SYNOPSYS, INC",151452864.0,0000883241-15-000014,2015-12-10,,,,,,2015,EntityCommonStockSharesOutstanding
883241,"SYNOPSYS, INC",150101203.0,0000883241-16-000027,2016-12-07,,,,,,2016,EntityCommonStockSharesOutstanding
883241,"SYNOPSYS, INC",148713662.0,0000883241-17-000014,2017-12-11,,,,,,2017,EntityCommonStockSharesOutstanding
883241,"SYNOPSYS, INC",149515012.0,0000883241-18-000012,2018-12-12,,,,,,2018,EntityCommonStockSharesOutstanding
883241,"SYNOPSYS, INC",150534877.0,0000883241-19-000019,2019-12-13,,,,,,2019,EntityCommonStockSharesOutstanding
883241,"SYNOPSYS, INC",153032497.0,0000883241-20-000015,2020-12-10,,,,,,2020,EntityCommonStockSharesOutstanding
883241,SYNOPSYS INC,153438336.0,0000883241-21-000022,2021-12-08,,,,,,2021,EntityCommonStockSharesOutstanding
883241,"SYNOPSYS, INC.",152417194.0,0000883241-22-000017,2022-12-07,,,,,,2022,EntityCommonStockSharesOutstanding
883241,"SYNOPSYS, INC.",151986878.0,0000883241-23-000019,2023-12-06,,,,,,2023,EntityCommonStockSharesOutstanding
883241,"SYNOPSYS, INC.",154578449.0,0000883241-24-000024,2024-12-16,,,,,,2024,EntityCommonStockSharesOutstanding
883241,"SYNOPSYS, INC.",191318206.0,0000883241-25-000028,2025-12-15,,,,,,2025,EntityCommonStockSharesOutstanding
883241,SYNOPSYS INC,191479325.0,0000883241-26-000018,2026-05-22,,,,,,2026,EntityCommonStockSharesOutstanding
884887,ROYAL CARIBBEAN CRUISES LTD.,217408741.0,0000884887-16-000126,2016-02-12,,,,,,2015,EntityCommonStockSharesOutstanding
884887,ROYAL CARIBBEAN CRUISES LTD.,214803837.0,0000884887-17-000020,2017-02-09,,,,,,2016,EntityCommonStockSharesOutstanding
884887,ROYAL CARIBBEAN CRUISES LTD.,213749009.0,0000884887-18-000017,2018-02-12,,,,,,2017,EntityCommonStockSharesOutstanding
884887,ROYAL CARIBBEAN CRUISES LTD.,209186598.0,0000884887-19-000017,2019-02-14,,,,,,2018,EntityCommonStockSharesOutstanding
884887,ROYAL CARIBBEAN CRUISES LTD,269128754.0,0000884887-25-000050,2025-02-11,,,,,,2024,EntityCommonStockSharesOutstanding
884887,ROYAL CARIBBEAN CRUISES LTD,270528303.0,0000884887-26-000007,2026-02-09,,,,,,2025,EntityCommonStockSharesOutstanding
884887,ROYAL CARIBBEAN CRUISES LTD,267452084.0,0000884887-26-000038,2026-07-24,,,,,,2026,EntityCommonStockSharesOutstanding
885725,BOSTON SCIENTIFIC CORPORATION,1348346253.0,0000885725-16-000028,2016-01-29,,,,,,2015,EntityCommonStockSharesOutstanding
885725,BOSTON SCIENTIFIC CORPORATION,1363488640.0,0000885725-17-000006,2017-01-31,,,,,,2016,EntityCommonStockSharesOutstanding
885725,BOSTON SCIENTIFIC CORPORATION,1374910797.0,0000885725-18-000010,2018-01-31,,,,,,2017,EntityCommonStockSharesOutstanding
885725,BOSTON SCIENTIFIC CORPORATION,1385961926.0,0000885725-19-000011,2019-01-31,,,,,,2018,EntityCommonStockSharesOutstanding
885725,BOSTON SCIENTIFIC CORPORATION,1396195349.0,0000885725-20-000012,2020-01-31,,,,,,2019,EntityCommonStockSharesOutstanding
885725,BOSTON SCIENTIFIC CORPORATION,1417165707.0,0000885725-21-000008,2021-01-29,,,,,,2020,EntityCommonStockSharesOutstanding
885725,BOSTON SCIENTIFIC CORPORATION,1426724712.0,0000885725-22-000006,2022-01-31,,,,,,2021,EntityCommonStockSharesOutstanding
885725,BOSTON SCIENTIFIC CORPORATION,1434780104.0,0000885725-23-000008,2023-01-31,,,,,,2022,EntityCommonStockSharesOutstanding
885725,BOSTON SCIENTIFIC CORPORATION,1467095627.0,0000885725-24-000020,2024-01-31,,,,,,2023,EntityCommonStockSharesOutstanding
885725,BOSTON SCIENTIFIC CORPORATION,1475778104.0,0000885725-25-000011,2025-01-31,,,,,,2024,EntityCommonStockSharesOutstanding
885725,BOSTON SCIENTIFIC CORPORATION,1483885456.0,0000885725-26-000010,2026-01-30,,,,,,2025,EntityCommonStockSharesOutstanding
885725,BOSTON SCIENTIFIC CORPORATION,1449229526.0,0000885725-26-000053,2026-07-30,,,,,,2026,EntityCommonStockSharesOutstanding
886982,"The Goldman Sachs Group, Inc.",422349543.0,0001193125-16-488753,2016-02-05,,,,,,2015,EntityCommonStockSharesOutstanding
886982,"The Goldman Sachs Group, Inc.",398377814.0,0001193125-17-056804,2017-02-10,,,,,,2016,EntityCommonStockSharesOutstanding
886982,"The Goldman Sachs Group, Inc.",379887039.0,0001193125-18-056383,2018-02-09,,,,,,2017,EntityCommonStockSharesOutstanding
886982,"The Goldman Sachs Group, Inc.",368272261.0,0001193125-19-050198,2019-02-08,,,,,,2018,EntityCommonStockSharesOutstanding
886982,"The Goldman Sachs Group, Inc.",345672769.0,0001193125-20-043853,2020-02-07,,,,,,2019,EntityCommonStockSharesOutstanding
886982,"The Goldman Sachs Group, Inc.",345794361.0,0001193125-21-049380,2021-02-05,,,,,,2020,EntityCommonStockSharesOutstanding
886982,"The Goldman Sachs Group, Inc.",337922970.0,0001193125-22-052682,2022-02-11,,,,,,2021,EntityCommonStockSharesOutstanding
886982,"The Goldman Sachs Group, Inc.",335423289.0,0000886982-23-000003,2023-02-10,,,,,,2022,EntityCommonStockSharesOutstanding
886982,"The Goldman Sachs Group, Inc.",325562747.0,0000886982-24-000012,2024-02-09,,,,,,2023,EntityCommonStockSharesOutstanding
886982,"The Goldman Sachs Group, Inc.",312039033.0,0000886982-25-000005,2025-02-07,,,,,,2024,EntityCommonStockSharesOutstanding
886982,"The Goldman Sachs Group, Inc.",296752922.0,0000886982-26-000091,2026-02-06,,,,,,2025,EntityCommonStockSharesOutstanding
886982,"The Goldman Sachs Group, Inc.",291171408.0,0000886982-26-000297,2026-07-17,,,,,,2026,EntityCommonStockSharesOutstanding
895126,EXPAND ENERGY CORPORATION,664992714.0,0000895126-16-000395,2016-02-09,,,,,,2015,EntityCommonStockSharesOutstanding
895126,EXPAND ENERGY CORPORATION,1631724765.0,0000895126-19-000070,2019-02-12,,,,,,2018,EntityCommonStockSharesOutstanding
895126,EXPAND ENERGY CORPORATION,240398260.0,0000895126-26-000011,2026-02-11,,,,,,2025,EntityCommonStockSharesOutstanding
895126,EXPAND ENERGY CORPORATION,231503789.0,0000895126-26-000047,2026-07-24,,,,,,2026,EntityCommonStockSharesOutstanding
895421,MORGAN STANLEY,1958568849.0,0001193125-16-473553,2016-01-31,,,,,,2015,EntityCommonStockSharesOutstanding
895421,MORGAN STANLEY,1866164899.0,0001193125-17-059212,2017-01-31,,,,,,2016,EntityCommonStockSharesOutstanding
895421,MORGAN STANLEY,1791846388.0,0001193125-18-060831,2018-01-31,,,,,,2017,EntityCommonStockSharesOutstanding
895421,MORGAN STANLEY,1708787567.0,0001193125-19-051943,2019-01-31,,,,,,2018,EntityCommonStockSharesOutstanding
895421,MORGAN STANLEY,1599276515.0,0000895421-20-000265,2020-01-31,,,,,,2019,EntityCommonStockSharesOutstanding
895421,MORGAN STANLEY,1813552280.0,0000895421-21-000286,2021-01-29,,,,,,2020,EntityCommonStockSharesOutstanding
895421,MORGAN STANLEY,1781299489.0,0000895421-22-000400,2022-01-31,,,,,,2021,EntityCommonStockSharesOutstanding
895421,MORGAN STANLEY,1681940155.0,0000895421-23-000284,2023-01-31,,,,,,2022,EntityCommonStockSharesOutstanding
895421,MORGAN STANLEY,1635268297.0,0000895421-24-000300,2024-01-31,,,,,,2023,EntityCommonStockSharesOutstanding
895421,MORGAN STANLEY,1612855585.0,0000895421-25-000304,2025-01-31,,,,,,2024,EntityCommonStockSharesOutstanding
895421,MORGAN STANLEY,1587860206.0,0000895421-26-000086,2026-01-31,,,,,,2025,EntityCommonStockSharesOutstanding
895421,MORGAN STANLEY,1570566292.0,0000895421-26-000212,2026-07-31,,,,,,2026,EntityCommonStockSharesOutstanding
896159,CHUBB LIMITED,461670290.0,0000896159-16-000027,2016-02-12,,,,,,2015,EntityCommonStockSharesOutstanding
896159,CHUBB LIMITED,465781102.0,0000896159-17-000004,2017-02-13,,,,,,2016,EntityCommonStockSharesOutstanding
896159,CHUBB LIMITED,464091254.0,0000896159-18-000002,2018-02-12,,,,,,2017,EntityCommonStockSharesOutstanding
896159,CHUBB LIMITED,458380937.0,0000896159-19-000005,2019-02-14,,,,,,2018,EntityCommonStockSharesOutstanding
896159,CHUBB LIMITED,451907796.0,0000896159-20-000003,2020-02-13,,,,,,2019,EntityCommonStockSharesOutstanding
896159,CHUBB LIMITED,450224906.0,0000896159-21-000003,2021-02-11,,,,,,2020,EntityCommonStockSharesOutstanding
896159,CHUBB LIMITED,426229254.0,0000896159-22-000005,2022-02-10,,,,,,2021,EntityCommonStockSharesOutstanding
896159,CHUBB LIMITED,385799859.0,0000896159-26-000017,2026-07-20,,,,,,2026,EntityCommonStockSharesOutstanding
896878,INTUIT INC.,264004330.0,0000896878-15-000140,2015-11-16,,,,,,2015,EntityCommonStockSharesOutstanding
896878,INTUIT INC.,260300339.0,0000896878-19-000174,2019-11-15,,,,,,2019,EntityCommonStockSharesOutstanding
896878,INTUIT INC,280925350.0,0000896878-22-000036,2022-11-21,,,,,,2022,EntityCommonStockSharesOutstanding
896878,INTUIT INC.,279936000.0,0000896878-23-000041,2023-11-20,,,,,,2023,EntityCommonStockSharesOutstanding
898173,O Reilly Automotive Inc,808960792.0,0000898173-26-000045,2026-08-03,,,,,,2026,EntityCommonStockSharesOutstanding
898293,Jabil Inc.,190549560.0,0001193125-16-422561,2015-12-28,,,,,,2015,EntityCommonStockSharesOutstanding
898293,Jabil Inc.,182230937.0,0001193125-17-005745,2016-12-26,,,,,,2016,EntityCommonStockSharesOutstanding
898293,Jabil Inc.,175235660.0,0001193125-18-002956,2018-01-01,,,,,,2017,EntityCommonStockSharesOutstanding
898293,Jabil Inc.,154715128.0,0001193125-19-005404,2019-01-03,,,,,,2018,EntityCommonStockSharesOutstanding
898293,Jabil Inc.,152089713.0,0001193125-20-001434,2020-01-01,,,,,,2019,EntityCommonStockSharesOutstanding
898293,Jabil Inc.,150175999.0,0001193125-21-004678,2020-12-31,,,,,,2020,EntityCommonStockSharesOutstanding
898293,JABIL INC,143484377.0,0001193125-22-004029,2021-12-31,,,,,,2021,EntityCommonStockSharesOutstanding
898293,JABIL INC,133275064.0,0001193125-23-003543,2022-12-30,,,,,,2022,EntityCommonStockSharesOutstanding
898293,JABIL INC,127545611.0,0001193125-24-004852,2024-01-02,,,,,,2023,EntityCommonStockSharesOutstanding
898293,JABIL INC,109178525.0,0001628280-25-001058,2025-01-02,,,,,,2024,EntityCommonStockSharesOutstanding
898293,JABIL INC,105595267.0,0001628280-26-001450,2026-01-02,,,,,,2025,EntityCommonStockSharesOutstanding
898293,JABIL INC,104787089.0,0001628280-26-046138,2026-06-24,,,,,,2026,EntityCommonStockSharesOutstanding
899051,ALLSTATE CORP,378300428.0,0000899051-16-000040,2016-01-29,,,,,,2015,EntityCommonStockSharesOutstanding
899051,ALLSTATE CORP,365129091.0,0000899051-17-000005,2017-01-31,,,,,,2016,EntityCommonStockSharesOutstanding
899051,ALLSTATE CORP,354458095.0,0000899051-18-000007,2018-01-31,,,,,,2017,EntityCommonStockSharesOutstanding
899051,ALLSTATE CORP,331963104.0,0000899051-19-000007,2019-01-31,,,,,,2018,EntityCommonStockSharesOutstanding
899051,ALLSTATE CORP,316913648.0,0000899051-20-000013,2020-01-31,,,,,,2019,EntityCommonStockSharesOutstanding
899051,ALLSTATE CORP,302873426.0,0000899051-21-000011,2021-01-29,,,,,,2020,EntityCommonStockSharesOutstanding
899051,ALLSTATE CORP,278346060.0,0000899051-22-000015,2022-01-31,,,,,,2021,EntityCommonStockSharesOutstanding
899051,ALLSTATE CORP,263329700.0,0000899051-23-000020,2023-01-31,,,,,,2022,EntityCommonStockSharesOutstanding
899051,ALLSTATE CORP,263067415.0,0000899051-24-000013,2024-01-31,,,,,,2023,EntityCommonStockSharesOutstanding
899051,ALLSTATE CORP,265026048.0,0000899051-25-000015,2025-01-31,,,,,,2024,EntityCommonStockSharesOutstanding
899051,ALLSTATE CORP,259535842.0,0000899051-26-000031,2026-01-30,,,,,,2025,EntityCommonStockSharesOutstanding
899051,ALLSTATE CORP,252857950.0,0000899051-26-000118,2026-07-16,,,,,,2026,EntityCommonStockSharesOutstanding
900075,"COPART, INC.",120236510.0,0001628280-15-008971,2015-11-23,,,,,,2015,EntityCommonStockSharesOutstanding
900075,"COPART, INC.",114586095.0,0000900075-16-000108,2016-11-29,,,,,,2016,EntityCommonStockSharesOutstanding
900075,"COPART, INC.",231303973.0,0000900075-17-000062,2017-11-27,,,,,,2017,EntityCommonStockSharesOutstanding
900075,"COPART, INC.",234015480.0,0000900075-18-000067,2018-11-28,,,,,,2018,EntityCommonStockSharesOutstanding
900075,"COPART, INC.",232454206.0,0000900075-19-000028,2019-11-22,,,,,,2019,EntityCommonStockSharesOutstanding
900075,"COPART, INC.",236132878.0,0000900075-20-000029,2020-11-19,,,,,,2020,EntityCommonStockSharesOutstanding
900075,COPART INC,237188461.0,0000900075-21-000032,2021-11-18,,,,,,2021,EntityCommonStockSharesOutstanding
900075,"COPART, INC.",476300011.0,0000900075-22-000065,2022-11-17,,,,,,2022,EntityCommonStockSharesOutstanding
900075,"COPART, INC.",960231442.0,0000900075-23-000043,2023-11-17,,,,,,2023,EntityCommonStockSharesOutstanding
900075,"COPART, INC.",963528402.0,0000900075-24-000030,2024-11-25,,,,,,2024,EntityCommonStockSharesOutstanding
900075,"COPART, INC.",968017684.0,0001193125-25-291660,2025-11-20,,,,,,2025,EntityCommonStockSharesOutstanding
900075,"COPART, INC.",925811482.0,0001193125-26-245578,2026-05-27,,,,,,2026,EntityCommonStockSharesOutstanding
906107,EQUITY RESIDENTIAL,371978449.0,0001564590-20-005562,2020-02-14,,,,,,2019,EntityCommonStockSharesOutstanding
906107,EQUITY RESIDENTIAL,372663215.0,0001564590-21-006679,2021-02-12,,,,,,2020,EntityCommonStockSharesOutstanding
906107,EQUITY RESIDENTIAL,375917242.0,0001564590-22-005566,2022-02-11,,,,,,2021,EntityCommonStockSharesOutstanding
906107,EQUITY RESIDENTIAL,378602684.0,0000950170-23-003060,2023-02-10,,,,,,2022,EntityCommonStockSharesOutstanding
906107,EQUITY RESIDENTIAL,379553591.0,0000950170-24-015907,2024-02-08,,,,,,2023,EntityCommonStockSharesOutstanding
906107,EQUITY RESIDENTIAL,379705225.0,0000950170-25-019894,2025-02-06,,,,,,2024,EntityCommonStockSharesOutstanding
906107,EQUITY RESIDENTIAL,377547108.0,0001193125-26-051433,2026-02-06,,,,,,2025,EntityCommonStockSharesOutstanding
906107,EQUITY RESIDENTIAL,374944409.0,0001193125-26-326170,2026-07-24,,,,,,2026,EntityCommonStockSharesOutstanding
906163,"NVR, Inc.",3881141.0,0001564590-16-012809,2016-02-12,,,,,,2015,EntityCommonStockSharesOutstanding
906163,"NVR, Inc.",3704206.0,0001564590-17-001623,2017-02-10,,,,,,2016,EntityCommonStockSharesOutstanding
906163,"NVR, Inc.",3683093.0,0000906163-18-000007,2018-02-12,,,,,,2017,EntityCommonStockSharesOutstanding
906163,"NVR, Inc.",3616917.0,0000906163-19-000029,2019-02-11,,,,,,2018,EntityCommonStockSharesOutstanding
906163,"NVR, Inc.",3677676.0,0000906163-20-000026,2020-02-14,,,,,,2019,EntityCommonStockSharesOutstanding
906163,"NVR, Inc.",3681181.0,0000906163-21-000017,2021-02-08,,,,,,2020,EntityCommonStockSharesOutstanding
906163,"NVR, Inc.",3382726.0,0000906163-22-000008,2022-02-14,,,,,,2021,EntityCommonStockSharesOutstanding
906163,"NVR, Inc.",3249345.0,0000906163-23-000023,2023-02-13,,,,,,2022,EntityCommonStockSharesOutstanding
906163,"NVR, Inc.",3186147.0,0000906163-24-000033,2024-02-12,,,,,,2023,EntityCommonStockSharesOutstanding
906163,"NVR, Inc.",2990451.0,0000906163-25-000011,2025-02-10,,,,,,2024,EntityCommonStockSharesOutstanding
906163,"NVR, Inc.",2793760.0,0000906163-26-000018,2026-02-09,,,,,,2025,EntityCommonStockSharesOutstanding
906163,"NVR, Inc.",2664860.0,0000906163-26-000093,2026-07-31,,,,,,2026,EntityCommonStockSharesOutstanding
906345,CAMDEN PROPERTY TRUST,86927591.0,0000906345-16-000044,2016-02-12,,,,,,2015,EntityCommonStockSharesOutstanding
906345,CAMDEN PROPERTY TRUST,87526221.0,0000906345-17-000009,2017-02-10,,,,,,2016,EntityCommonStockSharesOutstanding
906345,CAMDEN PROPERTY TRUST,92720729.0,0000906345-18-000007,2018-02-09,,,,,,2017,EntityCommonStockSharesOutstanding
906345,CAMDEN PROPERTY TRUST,93259373.0,0000906345-19-000006,2019-02-07,,,,,,2018,EntityCommonStockSharesOutstanding
906345,CAMDEN PROPERTY TRUST,97326277.0,0000906345-20-000016,2020-02-13,,,,,,2019,EntityCommonStockSharesOutstanding
906345,CAMDEN PROPERTY TRUST,97562909.0,0000906345-21-000010,2021-02-11,,,,,,2020,EntityCommonStockSharesOutstanding
906345,CAMDEN PROPERTY TRUST,103429458.0,0000906345-22-000009,2022-02-10,,,,,,2021,EntityCommonStockSharesOutstanding
906345,CAMDEN PROPERTY TRUST,106757212.0,0000906345-25-000008,2025-02-13,,,,,,2024,EntityCommonStockSharesOutstanding
906345,CAMDEN PROPERTY TRUST,103408210.0,0001628280-26-007697,2026-02-05,,,,,,2025,EntityCommonStockSharesOutstanding
906345,CAMDEN PROPERTY TRUST,100539350.0,0001628280-26-051327,2026-07-24,,,,,,2026,EntityCommonStockSharesOutstanding
909832,COSTCO WHOLESALE CORP /NEW,439777272.0,0000909832-15-000017,2015-12-10,,,,,,2015,EntityCommonStockSharesOutstanding
909832,COSTCO WHOLESALE CORP /NEW,439240344.0,0000909832-16-000040,2016-12-08,,,,,,2016,EntityCommonStockSharesOutstanding
909832,COSTCO WHOLESALE CORP /NEW,439105871.0,0000909832-17-000022,2017-12-13,,,,,,2017,EntityCommonStockSharesOutstanding
909832,COSTCO WHOLESALE CORP /NEW,440490478.0,0000909832-18-000022,2018-12-12,,,,,,2018,EntityCommonStockSharesOutstanding
909832,COSTCO WHOLESALE CORP /NEW,441757627.0,0000909832-19-000033,2019-12-11,,,,,,2019,EntityCommonStockSharesOutstanding
909832,COSTCO WHOLESALE CORP /NEW,442955229.0,0000909832-20-000026,2020-12-09,,,,,,2020,EntityCommonStockSharesOutstanding
909832,COSTCO WHOLESALE CORP /NEW,443432486.0,0000909832-21-000021,2021-12-14,,,,,,2021,EntityCommonStockSharesOutstanding
909832,COSTCO WHOLESALE CORP /NEW,443729036.0,0000909832-22-000035,2022-12-22,,,,,,2022,EntityCommonStockSharesOutstanding
909832,COSTCO WHOLESALE CORP /NEW,443728416.0,0000909832-23-000065,2023-12-13,,,,,,2023,EntityCommonStockSharesOutstanding
909832,COSTCO WHOLESALE CORP /NEW,443898870.0,0000909832-24-000079,2024-12-11,,,,,,2024,EntityCommonStockSharesOutstanding
909832,COSTCO WHOLESALE CORP /NEW,443869411.0,0000909832-25-000169,2025-12-10,,,,,,2025,EntityCommonStockSharesOutstanding
909832,COSTCO WHOLESALE CORP /NEW,443478804.0,0000909832-26-000051,2026-05-27,,,,,,2026,EntityCommonStockSharesOutstanding
910521,DECKERS OUTDOOR CORP,32429269.0,0000910521-16-000050,2016-02-05,,,,,,2015,EntityCommonStockSharesOutstanding
910521,DECKERS OUTDOOR CORP,31937390.0,0000910521-17-000003,2017-02-03,,,,,,2016,EntityCommonStockSharesOutstanding
910521,DECKERS OUTDOOR CORP,31762862.0,0000910521-18-000003,2018-02-02,,,,,,2017,EntityCommonStockSharesOutstanding
910521,DECKERS OUTDOOR CORP,29130988.0,0000910521-19-000003,2019-02-01,,,,,,2018,EntityCommonStockSharesOutstanding
910521,DECKERS OUTDOOR CORP,27987587.0,0000910521-20-000004,2020-01-29,,,,,,2019,EntityCommonStockSharesOutstanding
910521,DECKERS OUTDOOR CORP,28169920.0,0000910521-21-000010,2021-01-28,,,,,,2020,EntityCommonStockSharesOutstanding
910521,DECKERS OUTDOOR CORP,27241283.0,0000910521-22-000007,2022-01-20,,,,,,2021,EntityCommonStockSharesOutstanding
910521,DECKERS OUTDOOR CORP,26359258.0,0000910521-23-000005,2023-01-19,,,,,,2022,EntityCommonStockSharesOutstanding
910521,DECKERS OUTDOOR CORP,25668220.0,0000910521-24-000007,2024-01-18,,,,,,2023,EntityCommonStockSharesOutstanding
910521,DECKERS OUTDOOR CORP,151773639.0,0000910521-25-000005,2025-01-16,,,,,,2024,EntityCommonStockSharesOutstanding
910521,DECKERS OUTDOOR CORP,141949971.0,0000910521-26-000005,2026-01-13,,,,,,2025,EntityCommonStockSharesOutstanding
910521,DECKERS OUTDOOR CORP,136414227.0,0000910521-26-000022,2026-07-09,,,,,,2026,EntityCommonStockSharesOutstanding
910606,REGENCY CENTERS CORPORATION,97606523.0,0000910606-16-000047,2016-02-10,,,,,,2015,EntityCommonStockSharesOutstanding
910606,REGENCY CENTERS CORPORATION,167506148.0,0000910606-19-000006,2019-02-13,,,,,,2018,EntityCommonStockSharesOutstanding
910606,REGENCY CENTERS CORPORATION,167715882.0,0001564590-20-004859,2020-02-12,,,,,,2019,EntityCommonStockSharesOutstanding
910606,REGENCY CENTERS CORPORATION,171372548.0,0000950170-22-001418,2022-02-14,,,,,,2021,EntityCommonStockSharesOutstanding
910606,REGENCY CENTERS CORPORATION,181365237.0,0000950170-25-021359,2025-02-11,,,,,,2024,EntityCommonStockSharesOutstanding
910606,REGENCY CENTERS CORPORATION,182906561.0,0001193125-26-051668,2026-02-10,,,,,,2025,EntityCommonStockSharesOutstanding
912595,"MID-AMERICA APARTMENT COMMUNITIES, INC.",115341027.0,0000950170-22-001423,2022-02-14,,,,,,2021,EntityCommonStockSharesOutstanding
912595,"MID-AMERICA APARTMENT COMMUNITIES, INC.",116598821.0,0000950170-23-002778,2023-02-09,,,,,,2022,EntityCommonStockSharesOutstanding
912595,"MID-AMERICA APARTMENT COMMUNITIES, INC.",116715633.0,0000950170-24-013275,2024-02-06,,,,,,2023,EntityCommonStockSharesOutstanding
912595,"MID-AMERICA APARTMENT COMMUNITIES, INC.",116901778.0,0000950170-25-016287,2025-02-04,,,,,,2024,EntityCommonStockSharesOutstanding
912595,"MID-AMERICA APARTMENT COMMUNITIES, INC.",116901020.0,0001193125-26-041208,2026-02-03,,,,,,2025,EntityCommonStockSharesOutstanding
914208,Invesco Ltd.,416416312.0,0000914208-16-000846,2016-01-31,,,,,,2015,EntityCommonStockSharesOutstanding
914208,Invesco Ltd.,403837576.0,0000914208-17-000328,2017-01-31,,,,,,2016,EntityCommonStockSharesOutstanding
914208,Invesco Ltd.,407147646.0,0000914208-18-000255,2018-01-31,,,,,,2017,EntityCommonStockSharesOutstanding
914208,Invesco Ltd.,397071683.0,0000914208-19-000195,2019-01-31,,,,,,2018,EntityCommonStockSharesOutstanding
914208,Invesco Ltd.,453404987.0,0000914208-20-000245,2020-01-31,,,,,,2019,EntityCommonStockSharesOutstanding
914208,Invesco Ltd.,459072262.0,0000914208-21-000331,2021-01-31,,,,,,2020,EntityCommonStockSharesOutstanding
914208,Invesco Ltd.,460750636.0,0000914208-22-000319,2022-01-31,,,,,,2021,EntityCommonStockSharesOutstanding
914208,Invesco Ltd.,454751498.0,0000914208-23-000297,2023-01-31,,,,,,2022,EntityCommonStockSharesOutstanding
914208,Invesco Ltd.,449204268.0,0000914208-24-000219,2024-01-31,,,,,,2023,EntityCommonStockSharesOutstanding
914208,Invesco Ltd.,447601799.0,0000914208-25-000114,2025-01-31,,,,,,2024,EntityCommonStockSharesOutstanding
914208,Invesco Ltd.,443673777.0,0000914208-26-000079,2026-01-31,,,,,,2025,EntityCommonStockSharesOutstanding
914208,Invesco Ltd.,441499780.0,0000914208-26-000235,2026-06-30,,,,,,2026,EntityCommonStockSharesOutstanding
915913,ALBEMARLE CORPORATION,106206157.0,0000915913-20-000040,2020-02-14,,,,,,2019,EntityCommonStockSharesOutstanding
915913,ALBEMARLE CORPORATION,116632439.0,0000915913-21-000018,2021-02-12,,,,,,2020,EntityCommonStockSharesOutstanding
915913,ALBEMARLE CORPORATION,117197977.0,0000915913-23-000097,2022-02-11,,,,,,2021,EntityCommonStockSharesOutstanding
915913,ALBEMARLE CORPORATION,117197977.0,0000915913-23-000039,2023-02-08,,,,,,2022,EntityCommonStockSharesOutstanding
915913,ALBEMARLE CORPORATION,117402949.0,0000915913-24-000094,2024-02-07,,,,,,2023,EntityCommonStockSharesOutstanding
915913,ALBEMARLE CORPORATION,117573461.0,0000915913-25-000077,2025-02-05,,,,,,2024,EntityCommonStockSharesOutstanding
915913,ALBEMARLE CORPORATION,117847220.0,0000915913-26-000060,2026-02-04,,,,,,2025,EntityCommonStockSharesOutstanding
915913,ALBEMARLE CORPORATION,118005057.0,0000915913-26-000102,2026-07-29,,,,,,2026,EntityCommonStockSharesOutstanding
916076,"MARTIN MARIETTA MATERIALS, INC.",64331436.0,0001193125-16-473754,2016-02-12,,,,,,2015,EntityCommonStockSharesOutstanding
916076,"MARTIN MARIETTA MATERIALS, INC.",63067156.0,0001193125-17-056282,2017-02-10,,,,,,2016,EntityCommonStockSharesOutstanding
916076,"MARTIN MARIETTA MATERIALS, INC.",62803002.0,0001193125-18-055887,2018-02-09,,,,,,2017,EntityCommonStockSharesOutstanding
916076,"MARTIN MARIETTA MATERIALS, INC.",62198867.0,0001564590-20-005784,2020-02-14,,,,,,2019,EntityCommonStockSharesOutstanding
916076,"MARTIN MARIETTA MATERIALS, INC.",62286775.0,0001564590-21-006959,2021-02-12,,,,,,2020,EntityCommonStockSharesOutstanding
916076,"MARTIN MARIETTA MATERIALS, INC.",60065839.0,0001193125-26-326001,2026-07-27,,,,,,2026,EntityCommonStockSharesOutstanding
916365,TRACTOR SUPPLY CO /DE/,133740424.0,0000916365-16-000140,2016-01-23,,,,,,2015,EntityCommonStockSharesOutstanding
916365,TRACTOR SUPPLY CO /DE/,130725876.0,0000916365-17-000031,2017-01-28,,,,,,2016,EntityCommonStockSharesOutstanding
916365,TRACTOR SUPPLY CO /DE/,125116910.0,0000916365-18-000031,2018-01-27,,,,,,2017,EntityCommonStockSharesOutstanding
916365,TRACTOR SUPPLY CO /DE/,121279792.0,0000916365-19-000035,2019-01-26,,,,,,2018,EntityCommonStockSharesOutstanding
916365,TRACTOR SUPPLY CO /DE/,117282010.0,0000916365-20-000050,2020-01-25,,,,,,2019,EntityCommonStockSharesOutstanding
916365,TRACTOR SUPPLY CO /DE/,116301841.0,0000916365-21-000052,2021-01-23,,,,,,2020,EntityCommonStockSharesOutstanding
916365,TRACTOR SUPPLY CO /DE/,112772349.0,0000916365-22-000049,2022-01-22,,,,,,2021,EntityCommonStockSharesOutstanding
916365,TRACTOR SUPPLY CO /DE/,110072658.0,0000916365-23-000045,2023-01-28,,,,,,2022,EntityCommonStockSharesOutstanding
916365,TRACTOR SUPPLY CO /DE/,107916530.0,0000916365-24-000046,2024-01-27,,,,,,2023,EntityCommonStockSharesOutstanding
916365,TRACTOR SUPPLY CO /DE/,531548314.0,0000916365-25-000076,2025-01-25,,,,,,2024,EntityCommonStockSharesOutstanding
916365,TRACTOR SUPPLY CO /DE/,526351286.0,0000916365-26-000014,2026-01-24,,,,,,2025,EntityCommonStockSharesOutstanding
916365,TRACTOR SUPPLY CO /DE/,521040137.0,0000916365-26-000059,2026-07-25,,,,,,2026,EntityCommonStockSharesOutstanding
920148,LABCORP HOLDINGS INC.,81100000.0,0000920148-26-000175,2026-08-04,,,,,,2026,EntityCommonStockSharesOutstanding
920522,"ESSEX PROPERTY TRUST, INC.",64475506.0,0000920522-26-000003,2026-02-13,,,,,,2025,EntityCommonStockSharesOutstanding
920522,"ESSEX PROPERTY TRUST, INC.",64268439.0,0000920522-26-000022,2026-07-23,,,,,,2026,EntityCommonStockSharesOutstanding
922224,PPL Corporation,675190188.0,0000922224-16-000130,2016-01-31,,,,,,2015,EntityCommonStockSharesOutstanding
922224,PPL Corporation,680602000.0,0000922224-17-000010,2017-01-31,,,,,,2016,EntityCommonStockSharesOutstanding
922224,PPL Corporation,694049792.0,0000922224-18-000023,2018-01-31,,,,,,2017,EntityCommonStockSharesOutstanding
922224,PPL Corporation,720936897.0,0000922224-19-000015,2019-01-31,,,,,,2018,EntityCommonStockSharesOutstanding
922224,PPL Corporation,767813625.0,0000922224-20-000005,2020-01-31,,,,,,2019,EntityCommonStockSharesOutstanding
922224,PPL Corporation,768984785.0,0000922224-21-000006,2021-01-31,,,,,,2020,EntityCommonStockSharesOutstanding
922224,PPL Corporation,735361885.0,0000922224-22-000005,2022-01-31,,,,,,2021,EntityCommonStockSharesOutstanding
922224,PPL Corporation,736677854.0,0000922224-23-000010,2023-01-31,,,,,,2022,EntityCommonStockSharesOutstanding
922224,PPL Corporation,737603408.0,0000922224-24-000008,2024-01-31,,,,,,2023,EntityCommonStockSharesOutstanding
922224,PPL Corporation,738294081.0,0000922224-25-000009,2025-01-31,,,,,,2024,EntityCommonStockSharesOutstanding
922224,PPL Corporation,751306792.0,0000922224-26-000008,2026-01-30,,,,,,2025,EntityCommonStockSharesOutstanding
927066,DAVITA INC.,206100000.0,0001564590-16-013587,2016-01-29,,,,,,2015,EntityCommonStockSharesOutstanding
927066,DAVITA INC.,194600000.0,0001564590-17-002409,2017-01-31,,,,,,2016,EntityCommonStockSharesOutstanding
927066,DAVITA INC.,182000000.0,0000927066-18-000030,2018-01-31,,,,,,2017,EntityCommonStockSharesOutstanding
927066,DAVITA INC.,166400000.0,0000927066-19-000025,2019-01-31,,,,,,2018,EntityCommonStockSharesOutstanding
927066,DAVITA INC.,125600000.0,0000927066-20-000014,2020-01-31,,,,,,2019,EntityCommonStockSharesOutstanding
927066,DAVITA INC.,109400000.0,0000927066-21-000008,2021-01-29,,,,,,2020,EntityCommonStockSharesOutstanding
927066,DAVITA INC.,96300000.0,0000927066-22-000012,2022-01-31,,,,,,2021,EntityCommonStockSharesOutstanding
927066,DAVITA INC.,90400000.0,0000927066-23-000011,2023-01-31,,,,,,2022,EntityCommonStockSharesOutstanding
927066,DAVITA INC.,87700000.0,0000927066-24-000013,2024-01-31,,,,,,2023,EntityCommonStockSharesOutstanding
927066,DAVITA INC.,80000000.0,0000927066-25-000012,2025-01-31,,,,,,2024,EntityCommonStockSharesOutstanding
927066,DAVITA INC.,66800000.0,0000927066-26-000012,2026-02-06,,,,,,2025,EntityCommonStockSharesOutstanding
927066,DAVITA INC.,63800000.0,0000927066-26-000108,2026-07-31,,,,,,2026,EntityCommonStockSharesOutstanding
927628,CAPITAL ONE FINANCIAL CORP,527379971.0,0000927628-16-000140,2016-01-29,,,,,,2015,EntityCommonStockSharesOutstanding
927628,CAPITAL ONE FINANCIAL CORP,480641838.0,0000927628-17-000115,2017-01-31,,,,,,2016,EntityCommonStockSharesOutstanding
927628,CAPITAL ONE FINANCIAL CORP,486287085.0,0000927628-18-000107,2018-01-31,,,,,,2017,EntityCommonStockSharesOutstanding
927628,CAPITAL ONE FINANCIAL CORP,467880673.0,0000927628-19-000093,2019-01-31,,,,,,2018,EntityCommonStockSharesOutstanding
927628,CAPITAL ONE FINANCIAL CORP,457122734.0,0000927628-20-000102,2020-01-31,,,,,,2019,EntityCommonStockSharesOutstanding
927628,CAPITAL ONE FINANCIAL CORP,459236740.0,0000927628-21-000094,2021-01-31,,,,,,2020,EntityCommonStockSharesOutstanding
927628,CAPITAL ONE FINANCIAL CORP,413661098.0,0000927628-22-000106,2022-01-31,,,,,,2021,EntityCommonStockSharesOutstanding
927628,CAPITAL ONE FINANCIAL CORP,381079743.0,0000927628-23-000117,2023-01-31,,,,,,2022,EntityCommonStockSharesOutstanding
927628,CAPITAL ONE FINANCIAL CORP,380212220.0,0000927628-24-000094,2024-01-31,,,,,,2023,EntityCommonStockSharesOutstanding
927628,CAPITAL ONE FINANCIAL CORP,381327698.0,0000927628-25-000092,2025-01-31,,,,,,2024,EntityCommonStockSharesOutstanding
927628,CAPITAL ONE FINANCIAL CORP,621931593.0,0000927628-26-000024,2026-01-31,,,,,,2025,EntityCommonStockSharesOutstanding
927628,CAPITAL ONE FINANCIAL CORP,613484836.0,0000927628-26-000089,2026-06-30,,,,,,2026,EntityCommonStockSharesOutstanding
927653,McKESSON CORPORATION,228586974.0,0000927653-16-000016,2015-12-31,,,,,,2015,EntityCommonStockSharesOutstanding
927653,McKESSON CORPORATION,212052504.0,0000927653-17-000003,2016-12-31,,,,,,2016,EntityCommonStockSharesOutstanding
927653,McKESSON CORPORATION,206339333.0,0000927653-18-000005,2017-12-31,,,,,,2017,EntityCommonStockSharesOutstanding
927653,McKESSON CORPORATION,191825272.0,0000927653-19-000005,2018-12-31,,,,,,2018,EntityCommonStockSharesOutstanding
927653,McKESSON CORPORATION,176930430.0,0000927653-20-000016,2019-12-31,,,,,,2019,EntityCommonStockSharesOutstanding
927653,McKESSON CORPORATION,159167434.0,0000927653-21-000013,2020-12-31,,,,,,2020,EntityCommonStockSharesOutstanding
927653,McKESSON CORPORATION,149798378.0,0000927653-22-000017,2021-12-31,,,,,,2021,EntityCommonStockSharesOutstanding
927653,McKESSON CORPORATION,136939227.0,0000927653-23-000017,2022-12-31,,,,,,2022,EntityCommonStockSharesOutstanding
927653,McKESSON CORPORATION,131408286.0,0000927653-24-000021,2023-12-31,,,,,,2023,EntityCommonStockSharesOutstanding
927653,McKESSON CORPORATION,125326376.0,0000927653-25-000014,2025-01-31,,,,,,2024,EntityCommonStockSharesOutstanding
927653,McKESSON CORPORATION,122487456.0,0000927653-26-000017,2026-01-30,,,,,,2025,EntityCommonStockSharesOutstanding
927653,McKESSON CORPORATION,116590363.0,0000927653-26-000234,2026-07-31,,,,,,2026,EntityCommonStockSharesOutstanding
935703,"DOLLAR TREE, INC.",234795947.0,0000935703-15-000109,2015-11-19,,,,,,2015,EntityCommonStockSharesOutstanding
935703,"DOLLAR TREE, INC.",236071417.0,0000935703-16-000168,2016-11-29,,,,,,2016,EntityCommonStockSharesOutstanding
935703,"DOLLAR TREE, INC.",237096516.0,0000935703-17-000053,2017-11-16,,,,,,2017,EntityCommonStockSharesOutstanding
935703,"DOLLAR TREE, INC.",237969961.0,0000935703-18-000058,2018-11-26,,,,,,2018,EntityCommonStockSharesOutstanding
935703,"DOLLAR TREE, INC.",236662306.0,0000935703-19-000054,2019-11-22,,,,,,2019,EntityCommonStockSharesOutstanding
935703,"DOLLAR TREE, INC.",235192152.0,0000935703-20-000066,2020-11-20,,,,,,2020,EntityCommonStockSharesOutstanding
935703,"DOLLAR TREE, INC.",224956059.0,0000935703-21-000058,2021-11-19,,,,,,2021,EntityCommonStockSharesOutstanding
935703,"DOLLAR TREE, INC.",221184479.0,0000935703-22-000073,2022-11-18,,,,,,2022,EntityCommonStockSharesOutstanding
935703,"DOLLAR TREE, INC.",217871937.0,0000935703-23-000063,2023-11-27,,,,,,2023,EntityCommonStockSharesOutstanding
935703,"DOLLAR TREE, INC.",215038638.0,0000935703-24-000059,2024-12-02,,,,,,2024,EntityCommonStockSharesOutstanding
935703,"DOLLAR TREE, INC.",198853187.0,0000935703-25-000105,2025-12-01,,,,,,2025,EntityCommonStockSharesOutstanding
935703,"DOLLAR TREE, INC.",192174588.0,0000935703-26-000065,2026-05-26,,,,,,2026,EntityCommonStockSharesOutstanding
936340,DTE Energy Co,179476008.0,0000936340-16-000243,2016-01-29,,,,,,2015,EntityCommonStockSharesOutstanding
936340,DTE Energy Co,179432999.0,0000936340-17-000064,2017-01-31,,,,,,2016,EntityCommonStockSharesOutstanding
936340,DTE Energy Co,179385962.0,0000936340-18-000082,2018-01-31,,,,,,2017,EntityCommonStockSharesOutstanding
936340,DTE Energy Co,181923685.0,0000936340-19-000086,2019-01-25,,,,,,2018,EntityCommonStockSharesOutstanding
936340,DTE Energy Co,192234700.0,0000936340-20-000127,2020-01-24,,,,,,2019,EntityCommonStockSharesOutstanding
936340,DTE Energy Co,193773687.0,0000936340-21-000112,2021-01-29,,,,,,2020,EntityCommonStockSharesOutstanding
936340,DTE Energy Co,193745891.0,0000936340-22-000077,2022-01-31,,,,,,2021,EntityCommonStockSharesOutstanding
936340,DTE Energy Co,205688574.0,0000936340-23-000073,2023-01-31,,,,,,2022,EntityCommonStockSharesOutstanding
936340,DTE Energy Co,206452985.0,0000936340-24-000076,2024-01-31,,,,,,2023,EntityCommonStockSharesOutstanding
936340,DTE Energy Co,207242390.0,0000936340-25-000065,2025-01-31,,,,,,2024,EntityCommonStockSharesOutstanding
936340,DTE Energy Co,207803764.0,0000936340-26-000054,2026-01-30,,,,,,2025,EntityCommonStockSharesOutstanding
936395,Ciena Corp,135790185.0,0000936395-15-000062,2015-12-11,,,,,,2015,EntityCommonStockSharesOutstanding
936395,Ciena Corp,140379744.0,0000936395-16-000128,2016-12-16,,,,,,2016,EntityCommonStockSharesOutstanding
936395,Ciena Corp,143679592.0,0000936395-17-000064,2017-12-15,,,,,,2017,EntityCommonStockSharesOutstanding
936395,Ciena Corp,156481822.0,0000936395-18-000048,2018-12-17,,,,,,2018,EntityCommonStockSharesOutstanding
936395,Ciena Corp,154054072.0,0000936395-19-000056,2019-12-16,,,,,,2019,EntityCommonStockSharesOutstanding
936395,Ciena Corp,154564349.0,0000936395-20-000042,2020-12-11,,,,,,2020,EntityCommonStockSharesOutstanding
936395,Ciena Corp,154882650.0,0000936395-21-000054,2021-12-10,,,,,,2021,EntityCommonStockSharesOutstanding
936395,Ciena Corp,148415009.0,0000936395-22-000065,2022-12-09,,,,,,2022,EntityCommonStockSharesOutstanding
936395,Ciena Corp,144830337.0,0000936395-23-000044,2023-12-08,,,,,,2023,EntityCommonStockSharesOutstanding
936395,Ciena Corp,142115595.0,0000936395-24-000044,2024-12-13,,,,,,2024,EntityCommonStockSharesOutstanding
936395,Ciena Corp,140854735.0,0001628280-25-056698,2025-12-05,,,,,,2025,EntityCommonStockSharesOutstanding
936395,Ciena Corp,141552922.0,0001628280-26-040767,2026-05-29,,,,,,2026,EntityCommonStockSharesOutstanding
936468,LOCKHEED MARTIN CORPORATION,305487347.0,0001193125-16-476010,2016-01-29,,,,,,2015,EntityCommonStockSharesOutstanding
936468,LOCKHEED MARTIN CORPORATION,290315668.0,0001193125-17-036192,2017-01-27,,,,,,2016,EntityCommonStockSharesOutstanding
936468,LOCKHEED MARTIN CORPORATION,285570742.0,0000936468-18-000013,2018-01-26,,,,,,2017,EntityCommonStockSharesOutstanding
936468,LOCKHEED MARTIN CORPORATION,282562534.0,0000936468-19-000009,2019-01-25,,,,,,2018,EntityCommonStockSharesOutstanding
936468,LOCKHEED MARTIN CORPORATION,281937366.0,0000936468-20-000016,2020-01-31,,,,,,2019,EntityCommonStockSharesOutstanding
936468,LOCKHEED MARTIN CORPORATION,280103431.0,0000936468-21-000013,2021-01-22,,,,,,2020,EntityCommonStockSharesOutstanding
936468,LOCKHEED MARTIN CORPORATION,272326925.0,0000936468-22-000008,2022-01-19,,,,,,2021,EntityCommonStockSharesOutstanding
936468,LOCKHEED MARTIN CORPORATION,255297298.0,0000936468-23-000009,2023-01-20,,,,,,2022,EntityCommonStockSharesOutstanding
936468,LOCKHEED MARTIN CORPORATION,241643304.0,0000936468-24-000010,2024-01-19,,,,,,2023,EntityCommonStockSharesOutstanding
936468,LOCKHEED MARTIN CORPORATION,235385902.0,0000936468-25-000009,2025-01-23,,,,,,2024,EntityCommonStockSharesOutstanding
936468,LOCKHEED MARTIN CORPORATION,230080240.0,0001628280-26-004195,2026-01-26,,,,,,2025,EntityCommonStockSharesOutstanding
936468,LOCKHEED MARTIN CORPORATION,230790753.0,0001628280-26-049411,2026-07-20,,,,,,2026,EntityCommonStockSharesOutstanding
940944,DARDEN RESTAURANTS INC,128236458.0,0000940944-16-000090,2015-12-15,,,,,,2015,EntityCommonStockSharesOutstanding
940944,DARDEN RESTAURANTS INC,124165070.0,0000940944-17-000002,2016-12-15,,,,,,2016,EntityCommonStockSharesOutstanding
940944,DARDEN RESTAURANTS INC,123533817.0,0000940944-18-000003,2017-12-15,,,,,,2017,EntityCommonStockSharesOutstanding
940944,DARDEN RESTAURANTS INC,123509077.0,0000940944-19-000005,2018-12-14,,,,,,2018,EntityCommonStockSharesOutstanding
940944,DARDEN RESTAURANTS INC,121510096.0,0000940944-20-000003,2019-12-16,,,,,,2019,EntityCommonStockSharesOutstanding
940944,DARDEN RESTAURANTS INC,130328167.0,0000940944-21-000006,2020-12-15,,,,,,2020,EntityCommonStockSharesOutstanding
940944,DARDEN RESTAURANTS INC,127723677.0,0000940944-22-000007,2021-12-15,,,,,,2021,EntityCommonStockSharesOutstanding
940944,"DARDEN RESTAURANTS, INC.",121705296.0,0000940944-23-000004,2022-12-15,,,,,,2022,EntityCommonStockSharesOutstanding
940944,"DARDEN RESTAURANTS, INC.",119410813.0,0000940944-24-000005,2023-12-15,,,,,,2023,EntityCommonStockSharesOutstanding
940944,"DARDEN RESTAURANTS, INC.",117146786.0,0000940944-25-000003,2024-12-16,,,,,,2024,EntityCommonStockSharesOutstanding
940944,"DARDEN RESTAURANTS, INC.",115139249.0,0000940944-25-000071,2025-12-15,,,,,,2025,EntityCommonStockSharesOutstanding
940944,"DARDEN RESTAURANTS, INC.",114077969.0,0000940944-26-000025,2026-05-31,,,,,,2026,EntityCommonStockSharesOutstanding
943452,WESTINGHOUSE AIR BRAKE TECHNOLOGIES CORP,191711224.0,0001628280-20-002098,2020-02-14,,,,,,2019,EntityCommonStockSharesOutstanding
943452,WESTINGHOUSE AIR BRAKE TECHNOLOGIES CORP,188896023.0,0001628280-21-002557,2021-02-12,,,,,,2020,EntityCommonStockSharesOutstanding
943452,WESTINGHOUSE AIR BRAKE TECHNOLOGIES CORP,185290114.0,0001628280-22-002997,2022-02-11,,,,,,2021,EntityCommonStockSharesOutstanding
943452,WESTINGHOUSE AIR BRAKE TECHNOLOGIES CORPORATION,180352300.0,0001628280-23-003675,2023-02-10,,,,,,2022,EntityCommonStockSharesOutstanding
943452,WESTINGHOUSE AIR BRAKE TECHNOLOGIES CORPORATION,177028765.0,0001628280-24-004774,2024-02-09,,,,,,2023,EntityCommonStockSharesOutstanding
943452,WESTINGHOUSE AIR BRAKE TECHNOLOGIES CORPORATION,170848147.0,0001628280-25-005100,2025-02-07,,,,,,2024,EntityCommonStockSharesOutstanding
943452,WESTINGHOUSE AIR BRAKE TECHNOLOGIES CORPORATION,170517190.0,0001628280-26-008067,2026-02-09,,,,,,2025,EntityCommonStockSharesOutstanding
943452,WESTINGHOUSE AIR BRAKE TECHNOLOGIES CORPORATION,168910851.0,0001628280-26-049139,2026-07-17,,,,,,2026,EntityCommonStockSharesOutstanding
943819,ResMed Inc.,140040916.0,0001193125-16-440418,2016-01-20,,,,,,2015,EntityCommonStockSharesOutstanding
943819,ResMed Inc.,141656993.0,0001193125-17-017051,2017-01-18,,,,,,2016,EntityCommonStockSharesOutstanding
943819,ResMed Inc.,142927127.0,0000943819-18-000006,2018-01-17,,,,,,2017,EntityCommonStockSharesOutstanding
943819,ResMed Inc.,143300009.0,0000943819-19-000011,2019-01-28,,,,,,2018,EntityCommonStockSharesOutstanding
943819,ResMed Inc.,144616947.0,0000943819-20-000003,2020-01-27,,,,,,2019,EntityCommonStockSharesOutstanding
943819,ResMed Inc.,145509084.0,0000943819-21-000002,2021-01-25,,,,,,2020,EntityCommonStockSharesOutstanding
943819,ResMed Inc.,146234244.0,0000943819-22-000003,2022-01-24,,,,,,2021,EntityCommonStockSharesOutstanding
943819,ResMed Inc.,146909413.0,0000943819-23-000003,2023-01-23,,,,,,2022,EntityCommonStockSharesOutstanding
943819,ResMed Inc.,147088888.0,0000943819-24-000003,2024-01-22,,,,,,2023,EntityCommonStockSharesOutstanding
943819,ResMed Inc.,146866912.0,0000943819-25-000004,2025-01-27,,,,,,2024,EntityCommonStockSharesOutstanding
943819,ResMed Inc.,145678401.0,0000943819-26-000007,2026-01-26,,,,,,2025,EntityCommonStockSharesOutstanding
943819,ResMed Inc.,144252306.0,0000943819-26-000047,2026-08-10,,,,,,2026,EntityCommonStockSharesOutstanding
946581,"TAKE-TWO INTERACTIVE SOFTWARE, INC.",84812555.0,0001047469-16-010014,2016-01-29,,,,,,2015,EntityCommonStockSharesOutstanding
946581,"TAKE-TWO INTERACTIVE SOFTWARE, INC.",101410198.0,0001047469-17-000578,2017-01-31,,,,,,2016,EntityCommonStockSharesOutstanding
946581,"TAKE-TWO INTERACTIVE SOFTWARE, INC.",114398287.0,0001628280-18-001226,2018-01-31,,,,,,2017,EntityCommonStockSharesOutstanding
946581,"TAKE-TWO INTERACTIVE SOFTWARE, INC.",113161938.0,0001628280-19-001036,2019-01-25,,,,,,2018,EntityCommonStockSharesOutstanding
946581,"TAKE-TWO INTERACTIVE SOFTWARE, INC.",113424323.0,0001628280-20-001155,2020-01-27,,,,,,2019,EntityCommonStockSharesOutstanding
946581,"TAKE-TWO INTERACTIVE SOFTWARE, INC.",115177650.0,0001628280-21-001632,2021-01-28,,,,,,2020,EntityCommonStockSharesOutstanding
946581,"TAKE-TWO INTERACTIVE SOFTWARE, INC.",115416162.0,0001628280-22-001929,2022-01-26,,,,,,2021,EntityCommonStockSharesOutstanding
946581,"TAKE-TWO INTERACTIVE SOFTWARE, INC.",168674529.0,0001628280-23-002448,2023-01-26,,,,,,2022,EntityCommonStockSharesOutstanding
946581,"TAKE-TWO INTERACTIVE SOFTWARE, INC.",170586411.0,0001628280-24-003951,2024-01-29,,,,,,2023,EntityCommonStockSharesOutstanding
946581,"TAKE-TWO INTERACTIVE SOFTWARE, INC.",176495706.0,0001628280-25-004308,2025-01-27,,,,,,2024,EntityCommonStockSharesOutstanding
946581,"TAKE-TWO INTERACTIVE SOFTWARE, INC.",185175456.0,0001628280-26-005119,2026-01-26,,,,,,2025,EntityCommonStockSharesOutstanding
946581,"TAKE-TWO INTERACTIVE SOFTWARE, INC.",186980443.0,0001628280-26-054870,2026-07-27,,,,,,2026,EntityCommonStockSharesOutstanding
947484,ARCH CAPITAL GROUP LTD.,341229126.0,0000947484-26-000124,2026-07-30,,,,,,2026,EntityCommonStockSharesOutstanding
1000228,HENRY SCHEIN INC,81942080.0,0001000228-16-000042,2016-02-05,,,,,,2015,EntityCommonStockSharesOutstanding
1000228,HENRY SCHEIN INC,151403703.0,0001000228-19-000015,2019-02-12,,,,,,2018,EntityCommonStockSharesOutstanding
1000228,HENRY SCHEIN INC,143390505.0,0001000228-20-000018,2020-02-14,,,,,,2019,EntityCommonStockSharesOutstanding
1000228,HENRY SCHEIN INC,142464090.0,0001000228-21-000019,2021-02-08,,,,,,2020,EntityCommonStockSharesOutstanding
1000228,HENRY SCHEIN INC,137172800.0,0001000228-22-000016,2022-02-07,,,,,,2021,EntityCommonStockSharesOutstanding
1000228,HENRY SCHEIN INC,131283515.0,0001000228-23-000011,2023-02-07,,,,,,2022,EntityCommonStockSharesOutstanding
1000228,"HENRY SCHEIN, INC.",111446542.0,0001000228-26-000045,2026-07-27,,,,,,2026,EntityCommonStockSharesOutstanding
1000697,Waters Corporation,98248111.0,0001193125-26-344691,2026-08-07,,,,,,2026,EntityCommonStockSharesOutstanding
1002047,"NetApp, Inc.",292344148.0,0001564590-15-011213,2015-11-18,,,,,,2015,EntityCommonStockSharesOutstanding
1002047,"NetApp, Inc.",275377627.0,0001564590-16-029759,2016-11-18,,,,,,2016,EntityCommonStockSharesOutstanding
1002047,"NetApp, Inc.",267922708.0,0001564590-18-002876,2018-02-14,,,,,,2017,EntityCommonStockSharesOutstanding
1002047,"NetApp, Inc.",246974767.0,0001564590-19-003270,2019-02-13,,,,,,2018,EntityCommonStockSharesOutstanding
1002047,"NetApp, Inc.",221177029.0,0001564590-20-005025,2020-02-12,,,,,,2019,EntityCommonStockSharesOutstanding
1002047,"NetApp, Inc.",223384837.0,0001564590-20-056069,2020-12-01,,,,,,2020,EntityCommonStockSharesOutstanding
1002047,"NetApp, Inc.",222277741.0,0000950170-21-005014,2021-11-30,,,,,,2021,EntityCommonStockSharesOutstanding
1002047,"NetApp, Inc.",215573357.0,0000950170-22-025960,2022-11-29,,,,,,2022,EntityCommonStockSharesOutstanding
1002047,"NetApp, Inc.",206031047.0,0000950170-23-067033,2023-11-28,,,,,,2023,EntityCommonStockSharesOutstanding
1002047,"NetApp, Inc.",203306424.0,0000950170-24-130551,2024-11-21,,,,,,2024,EntityCommonStockSharesOutstanding
1002047,"NetApp, Inc.",198060348.0,0001193125-25-297237,2025-11-21,,,,,,2025,EntityCommonStockSharesOutstanding
1002047,"NetApp, Inc.",195919927.0,0001193125-26-259683,2026-05-28,,,,,,2026,EntityCommonStockSharesOutstanding
1002910,AMEREN CORPORATION,242634798.0,0001002910-16-000205,2016-01-29,,,,,,2015,EntityCommonStockSharesOutstanding
1002910,AMEREN CORPORATION,242634798.0,0001002910-17-000054,2017-01-31,,,,,,2016,EntityCommonStockSharesOutstanding
1002910,AMEREN CORPORATION,242634798.0,0001002910-18-000069,2018-01-31,,,,,,2017,EntityCommonStockSharesOutstanding
1002910,AMEREN CORPORATION,244638879.0,0001002910-19-000094,2019-01-31,,,,,,2018,EntityCommonStockSharesOutstanding
1002910,AMEREN CORPORATION,246231712.0,0001002910-20-000077,2020-01-31,,,,,,2019,EntityCommonStockSharesOutstanding
1002910,AMEREN CORPORATION,253355105.0,0001002910-21-000065,2021-01-29,,,,,,2020,EntityCommonStockSharesOutstanding
1002910,Ameren Corporation,257724783.0,0001002910-22-000038,2022-01-31,,,,,,2021,EntityCommonStockSharesOutstanding
1002910,Ameren Corporation,262028768.0,0001002910-23-000053,2023-01-31,,,,,,2022,EntityCommonStockSharesOutstanding
1002910,Ameren Corporation,266288867.0,0001002910-24-000056,2024-01-31,,,,,,2023,EntityCommonStockSharesOutstanding
1002910,Ameren Corporation,269906252.0,0001002910-25-000055,2025-01-31,,,,,,2024,EntityCommonStockSharesOutstanding
1002910,Ameren Corporation,276424515.0,0001002910-26-000009,2026-01-30,,,,,,2025,EntityCommonStockSharesOutstanding
1002910,Ameren Corporation,276843251.0,0001002910-26-000023,2026-07-30,,,,,,2026,EntityCommonStockSharesOutstanding
1004980,PG&E CORPORATION,492830471.0,0001004980-16-000065,2016-02-12,,,,,,2015,EntityCommonStockSharesOutstanding
1004980,PG&E CORPORATION,507782249.0,0001004980-17-000006,2017-02-07,,,,,,2016,EntityCommonStockSharesOutstanding
1004980,PG&E CORPORATION,514969045.0,0001004980-18-000003,2018-02-01,,,,,,2017,EntityCommonStockSharesOutstanding
1004980,PG&E CORPORATION,529785896.0,0000950157-20-000455,2019-12-31,,,,,,2019,EntityCommonStockSharesOutstanding
1004980,PG&E CORP,2463891104.0,0001004980-22-000009,2022-02-04,,,,,,2021,EntityCommonStockSharesOutstanding
1004980,PG&E CORP,2611366666.0,0001004980-24-000014,2024-02-14,,,,,,2023,EntityCommonStockSharesOutstanding
1004980,PG&E CORP,2671320389.0,0001004980-25-000010,2025-02-05,,,,,,2024,EntityCommonStockSharesOutstanding
1004980,PG&E CORP,2675711544.0,0001004980-26-000009,2026-02-04,,,,,,2025,EntityCommonStockSharesOutstanding
1004980,PG&E CORP,2680110496.0,0001004980-26-000048,2026-07-15,,,,,,2026,EntityCommonStockSharesOutstanding
1013237,FactSet Research Systems Inc.,41190780.0,0001437749-16-023443,2015-12-31,,,,,,2015,EntityCommonStockSharesOutstanding
1013237,FactSet Research Systems Inc.,39566297.0,0001437749-17-000394,2016-12-31,,,,,,2016,EntityCommonStockSharesOutstanding
1013237,FactSet Research Systems Inc.,39023879.0,0001437749-18-000456,2017-12-31,,,,,,2017,EntityCommonStockSharesOutstanding
1013237,FactSet Research Systems Inc.,38035470.0,0001437749-19-000591,2018-12-31,,,,,,2018,EntityCommonStockSharesOutstanding
1013237,FactSet Research Systems Inc.,37906328.0,0001013237-20-000015,2019-12-31,,,,,,2019,EntityCommonStockSharesOutstanding
1013237,FactSet Research Systems Inc.,37978624.0,0001013237-21-000007,2020-12-31,,,,,,2020,EntityCommonStockSharesOutstanding
1013237,FACTSET RESEARCH SYSTEMS INC.,37797159.0,0001013237-22-000005,2021-12-27,,,,,,2021,EntityCommonStockSharesOutstanding
1013237,FACTSET RESEARCH SYSTEMS INC.,38251828.0,0001013237-23-000006,2022-12-27,,,,,,2022,EntityCommonStockSharesOutstanding
1013237,FACTSET RESEARCH SYSTEMS INC.,38086388.0,0001013237-24-000009,2023-12-27,,,,,,2023,EntityCommonStockSharesOutstanding
1013237,FACTSET RESEARCH SYSTEMS INC.,38030046.0,0001013237-25-000010,2024-12-31,,,,,,2024,EntityCommonStockSharesOutstanding
1013237,FACTSET RESEARCH SYSTEMS INC.,37099259.0,0001628280-26-000223,2025-12-29,,,,,,2025,EntityCommonStockSharesOutstanding
1013237,FACTSET RESEARCH SYSTEMS INC.,35565543.0,0001628280-26-046549,2026-06-25,,,,,,2026,EntityCommonStockSharesOutstanding
1013871,"NRG Energy, Inc",314890647.0,0001013871-16-000022,2016-01-31,,,,,,2015,EntityCommonStockSharesOutstanding
1013871,"NRG Energy, Inc",315972715.0,0001013871-17-000007,2017-01-31,,,,,,2016,EntityCommonStockSharesOutstanding
1013871,"NRG Energy, Inc",317637917.0,0001013871-18-000011,2018-01-31,,,,,,2017,EntityCommonStockSharesOutstanding
1013871,"NRG Energy, Inc",280997550.0,0001013871-19-000007,2019-01-31,,,,,,2018,EntityCommonStockSharesOutstanding
1013871,"NRG Energy, Inc",208021012.0,0001013871-24-000005,2024-02-01,,,,,,2023,EntityCommonStockSharesOutstanding
1013871,"NRG Energy, Inc",198068576.0,0001013871-25-000006,2025-01-31,,,,,,2024,EntityCommonStockSharesOutstanding
1013871,"NRG Energy, Inc",214677543.0,0001013871-26-000004,2026-01-31,,,,,,2025,EntityCommonStockSharesOutstanding
1013871,"NRG Energy, Inc",210210483.0,0001013871-26-000020,2026-07-31,,,,,,2026,EntityCommonStockSharesOutstanding
1014473,VERISIGN INC/CA,109468547.0,0001014473-16-000086,2016-02-12,,,,,,2015,EntityCommonStockSharesOutstanding
1014473,VERISIGN INC/CA,102328550.0,0001014473-17-000004,2017-02-10,,,,,,2016,EntityCommonStockSharesOutstanding
1014473,VERISIGN INC/CA,97120531.0,0001014473-18-000018,2018-02-09,,,,,,2017,EntityCommonStockSharesOutstanding
1014473,VERISIGN INC/CA,119714949.0,0001014473-19-000005,2019-02-08,,,,,,2018,EntityCommonStockSharesOutstanding
1014473,VERISIGN INC/CA,116417738.0,0001014473-20-000006,2020-02-07,,,,,,2019,EntityCommonStockSharesOutstanding
1014473,VERISIGN INC/CA,113094561.0,0001014473-21-000005,2021-02-12,,,,,,2020,EntityCommonStockSharesOutstanding
1014473,VERISIGN INC/CA,110167438.0,0001014473-22-000007,2022-02-11,,,,,,2021,EntityCommonStockSharesOutstanding
1014473,VERISIGN INC/CA,104879307.0,0001014473-23-000005,2023-02-10,,,,,,2022,EntityCommonStockSharesOutstanding
1014473,VERISIGN INC/CA,100900000.0,0001014473-24-000006,2024-02-09,,,,,,2023,EntityCommonStockSharesOutstanding
1014473,VERISIGN INC/CA,94600000.0,0001014473-25-000006,2025-02-07,,,,,,2024,EntityCommonStockSharesOutstanding
1014473,VERISIGN INC/CA,91700000.0,0001014473-26-000006,2026-01-30,,,,,,2025,EntityCommonStockSharesOutstanding
1014473,VERISIGN INC/CA,90300000.0,0001014473-26-000028,2026-07-17,,,,,,2026,EntityCommonStockSharesOutstanding
1018724,"AMAZON.COM, INC.",470842035.0,0001018724-16-000172,2016-01-20,,,,,,2015,EntityCommonStockSharesOutstanding
1018724,"AMAZON.COM, INC.",477170618.0,0001018724-17-000011,2017-01-25,,,,,,2016,EntityCommonStockSharesOutstanding
1018724,"AMAZON.COM, INC.",484107183.0,0001018724-18-000005,2018-01-24,,,,,,2017,EntityCommonStockSharesOutstanding
1018724,"AMAZON.COM, INC.",491202890.0,0001018724-19-000004,2019-01-23,,,,,,2018,EntityCommonStockSharesOutstanding
1018724,"AMAZON.COM, INC.",497810444.0,0001018724-20-000004,2020-01-22,,,,,,2019,EntityCommonStockSharesOutstanding
1018724,"AMAZON.COM, INC.",503564743.0,0001018724-21-000004,2021-01-20,,,,,,2020,EntityCommonStockSharesOutstanding
1018724,"AMAZON.COM, INC.",508844410.0,0001018724-22-000005,2022-01-26,,,,,,2021,EntityCommonStockSharesOutstanding
1018724,"AMAZON.COM, INC.",10247259757.0,0001018724-23-000004,2023-01-25,,,,,,2022,EntityCommonStockSharesOutstanding
1018724,"AMAZON.COM, INC.",10387381291.0,0001018724-24-000008,2024-01-24,,,,,,2023,EntityCommonStockSharesOutstanding
1018724,"AMAZON.COM, INC.",10597729352.0,0001018724-25-000004,2025-01-29,,,,,,2024,EntityCommonStockSharesOutstanding
1018724,"AMAZON.COM, INC.",10734920870.0,0001018724-26-000004,2026-01-28,,,,,,2025,EntityCommonStockSharesOutstanding
1018724,"AMAZON.COM, INC.",10786313572.0,0001018724-26-000026,2026-07-22,,,,,,2026,EntityCommonStockSharesOutstanding
1020569,IRON MOUNTAIN INCORPORATED,285311549.0,0001020569-18-000006,2018-02-09,,,,,,2017,EntityCommonStockSharesOutstanding
1020569,IRON MOUNTAIN INCORPORATED,286365695.0,0001020569-19-000018,2019-02-08,,,,,,2018,EntityCommonStockSharesOutstanding
1020569,IRON MOUNTAIN INCORPORATED,287343251.0,0001020569-20-000029,2020-02-07,,,,,,2019,EntityCommonStockSharesOutstanding
1020569,IRON MOUNTAIN INC,293740905.0,0001020569-25-000040,2025-02-07,,,,,,2024,EntityCommonStockSharesOutstanding
1020569,IRON MOUNTAIN INC,295835206.0,0001020569-26-000013,2026-02-06,,,,,,2025,EntityCommonStockSharesOutstanding
1020569,IRON MOUNTAIN INC,297702812.0,0001020569-26-000071,2026-07-24,,,,,,2026,EntityCommonStockSharesOutstanding
1022079,Quest Diagnostics Incorporated,142758584.0,0001022079-16-000195,2016-01-31,,,,,,2015,EntityCommonStockSharesOutstanding
1022079,Quest Diagnostics Incorporated,137495276.0,0001022079-17-000032,2017-01-31,,,,,,2016,EntityCommonStockSharesOutstanding
1022079,Quest Diagnostics Incorporated,135637852.0,0001022079-18-000038,2018-01-31,,,,,,2017,EntityCommonStockSharesOutstanding
1022079,Quest Diagnostics Incorporated,134261768.0,0001022079-19-000030,2019-01-31,,,,,,2018,EntityCommonStockSharesOutstanding
1022079,Quest Diagnostics Incorporated,133455068.0,0001022079-20-000017,2020-01-31,,,,,,2019,EntityCommonStockSharesOutstanding
1022079,Quest Diagnostics Incorporated,133454761.0,0001022079-21-000029,2021-01-31,,,,,,2020,EntityCommonStockSharesOutstanding
1022079,Quest Diagnostics Inc,119454781.0,0001022079-22-000027,2022-01-31,,,,,,2021,EntityCommonStockSharesOutstanding
1022079,Quest Diagnostics Inc,111323003.0,0001022079-23-000018,2023-01-31,,,,,,2022,EntityCommonStockSharesOutstanding
1022079,Quest Diagnostics Inc,110707293.0,0001022079-24-000041,2024-02-01,,,,,,2023,EntityCommonStockSharesOutstanding
1022079,Quest Diagnostics Inc,110978069.0,0001022079-25-000044,2025-01-31,,,,,,2024,EntityCommonStockSharesOutstanding
1022079,Quest Diagnostics Inc,109866320.0,0001022079-26-000015,2026-02-02,,,,,,2025,EntityCommonStockSharesOutstanding
1022079,Quest Diagnostics Inc,110373360.0,0001022079-26-000070,2026-07-15,,,,,,2026,EntityCommonStockSharesOutstanding
1022671,"Steel Dynamics, Inc.",143328088.0,0001104659-26-087414,2026-07-23,,,,,,2026,EntityCommonStockSharesOutstanding
1024478,"Rockwell Automation, Inc.",131423076.0,0001024478-16-000038,2015-12-31,,,,,,2015,EntityCommonStockSharesOutstanding
1024478,"Rockwell Automation, Inc.",128599808.0,0001024478-17-000008,2016-12-31,,,,,,2016,EntityCommonStockSharesOutstanding
1024478,"Rockwell Automation, Inc.",127784810.0,0001024478-18-000006,2017-12-31,,,,,,2017,EntityCommonStockSharesOutstanding
1024478,"Rockwell Automation, Inc.",119543966.0,0001024478-19-000009,2018-12-31,,,,,,2018,EntityCommonStockSharesOutstanding
1024478,"Rockwell Automation, Inc.",116183650.0,0001024478-20-000005,2019-12-31,,,,,,2019,EntityCommonStockSharesOutstanding
1024478,"Rockwell Automation, Inc.",116155081.0,0001024478-21-000005,2020-12-31,,,,,,2020,EntityCommonStockSharesOutstanding
1024478,"Rockwell Automation, Inc.",116196124.0,0001024478-22-000010,2021-12-31,,,,,,2021,EntityCommonStockSharesOutstanding
1024478,"Rockwell Automation, Inc.",114782447.0,0001024478-23-000010,2022-12-31,,,,,,2022,EntityCommonStockSharesOutstanding
1024478,"Rockwell Automation, Inc.",114592022.0,0001024478-24-000008,2023-12-31,,,,,,2023,EntityCommonStockSharesOutstanding
1024478,"Rockwell Automation, Inc.",113072948.0,0001024478-25-000010,2024-12-31,,,,,,2024,EntityCommonStockSharesOutstanding
1024478,"Rockwell Automation, Inc.",112357908.0,0001024478-26-000005,2025-12-31,,,,,,2025,EntityCommonStockSharesOutstanding
1024478,"Rockwell Automation, Inc.",111048676.0,0001024478-26-000030,2026-06-30,,,,,,2026,EntityCommonStockSharesOutstanding
1031296,FIRSTENERGY CORP,423650645.0,0001031296-16-000071,2016-01-31,,,,,,2015,EntityCommonStockSharesOutstanding
1031296,FIRSTENERGY CORP,442477633.0,0001031296-17-000015,2017-01-31,,,,,,2016,EntityCommonStockSharesOutstanding
1031296,FIRSTENERGY CORP,475589829.0,0001031296-18-000015,2018-01-31,,,,,,2017,EntityCommonStockSharesOutstanding
1031296,FIRSTENERGY CORP,530152175.0,0001031296-19-000010,2019-01-31,,,,,,2018,EntityCommonStockSharesOutstanding
1031296,FIRSTENERGY CORP,540713909.0,0001031296-20-000043,2020-01-31,,,,,,2019,EntityCommonStockSharesOutstanding
1031296,FIRSTENERGY CORP,543215090.0,0001031296-21-000020,2021-01-31,,,,,,2020,EntityCommonStockSharesOutstanding
1031296,FIRSTENERGY CORP,570344389.0,0001031296-22-000013,2022-01-31,,,,,,2021,EntityCommonStockSharesOutstanding
1031296,FIRSTENERGY CORP,572245184.0,0001031296-23-000014,2023-01-31,,,,,,2022,EntityCommonStockSharesOutstanding
1031296,FIRSTENERGY CORP,574440850.0,0001031296-24-000008,2024-01-31,,,,,,2023,EntityCommonStockSharesOutstanding
1031296,FIRSTENERGY CORP,576697425.0,0001031296-25-000006,2025-01-31,,,,,,2024,EntityCommonStockSharesOutstanding
1031296,FIRSTENERGY CORP.,577932879.0,0001031296-26-000046,2026-01-31,,,,,,2025,EntityCommonStockSharesOutstanding
1034054,SBA COMMUNICATIONS CORPORATION,107615241.0,0001034054-25-000002,2025-02-14,,,,,,2024,EntityCommonStockSharesOutstanding
1034054,SBA COMMUNICATIONS CORPORATION,106088110.0,0001034054-26-000011,2026-07-28,,,,,,2026,EntityCommonStockSharesOutstanding
1035002,VALERO ENERGY CORP/TX,470392665.0,0001035002-16-000069,2016-01-29,,,,,,2015,EntityCommonStockSharesOutstanding
1035002,VALERO ENERGY CORP/TX,451049519.0,0001035002-17-000009,2017-01-31,,,,,,2016,EntityCommonStockSharesOutstanding
1035002,VALERO ENERGY CORP/TX,433176258.0,0001035002-18-000010,2018-01-31,,,,,,2017,EntityCommonStockSharesOutstanding
1035002,VALERO ENERGY CORP/TX,417614487.0,0001035002-19-000008,2019-01-31,,,,,,2018,EntityCommonStockSharesOutstanding
1035002,VALERO ENERGY CORP/TX,409337126.0,0001035002-20-000007,2020-01-31,,,,,,2019,EntityCommonStockSharesOutstanding
1035002,VALERO ENERGY CORP/TX,287927461.0,0001628280-26-050937,2026-07-24,,,,,,2026,EntityCommonStockSharesOutstanding
1035267,"Intuitive Surgical, Inc.",37380279.0,0001035267-16-000130,2016-01-19,,,,,,2015,EntityCommonStockSharesOutstanding
1035267,"Intuitive Surgical, Inc.",38786979.0,0001035267-17-000021,2017-01-20,,,,,,2016,EntityCommonStockSharesOutstanding
1035267,"Intuitive Surgical, Inc.",112298504.0,0001035267-18-000013,2018-01-19,,,,,,2017,EntityCommonStockSharesOutstanding
1035267,"Intuitive Surgical, Inc.",114488602.0,0001035267-19-000012,2019-01-18,,,,,,2018,EntityCommonStockSharesOutstanding
1035267,"Intuitive Surgical, Inc.",115984044.0,0001035267-20-000032,2020-01-17,,,,,,2019,EntityCommonStockSharesOutstanding
1035267,"Intuitive Surgical, Inc.",117718298.0,0001035267-21-000028,2021-01-15,,,,,,2020,EntityCommonStockSharesOutstanding
1035267,"Intuitive Surgical, Inc.",357744031.0,0001035267-22-000014,2022-01-26,,,,,,2021,EntityCommonStockSharesOutstanding
1035267,"Intuitive Surgical, Inc.",350389679.0,0001035267-23-000019,2023-02-07,,,,,,2022,EntityCommonStockSharesOutstanding
1035267,"Intuitive Surgical, Inc.",352325863.0,0001035267-24-000021,2024-01-25,,,,,,2023,EntityCommonStockSharesOutstanding
1035267,"Intuitive Surgical, Inc.",356656964.0,0001035267-25-000017,2025-01-27,,,,,,2024,EntityCommonStockSharesOutstanding
1035267,"Intuitive Surgical, Inc.",355130237.0,0001035267-26-000010,2026-01-28,,,,,,2025,EntityCommonStockSharesOutstanding
1035267,"Intuitive Surgical, Inc.",353278038.0,0001035267-26-000058,2026-07-16,,,,,,2026,EntityCommonStockSharesOutstanding
1035443,"ALEXANDRIA REAL ESTATE EQUITIES, INC.",73377843.0,0001035443-16-000136,2016-01-15,,,,,,2015,EntityCommonStockSharesOutstanding
1035443,"ALEXANDRIA REAL ESTATE EQUITIES, INC.",88875683.0,0001035443-17-000022,2017-01-17,,,,,,2016,EntityCommonStockSharesOutstanding
1035443,"ALEXANDRIA REAL ESTATE EQUITIES, INC.",101238857.0,0001035443-18-000028,2018-01-16,,,,,,2017,EntityCommonStockSharesOutstanding
1035443,"ALEXANDRIA REAL ESTATE EQUITIES, INC.",112728422.0,0001035443-19-000041,2019-01-15,,,,,,2018,EntityCommonStockSharesOutstanding
1035443,"ALEXANDRIA REAL ESTATE EQUITIES, INC.",122699875.0,0001035443-20-000042,2020-01-15,,,,,,2019,EntityCommonStockSharesOutstanding
1035443,"ALEXANDRIA REAL ESTATE EQUITIES, INC.",136692746.0,0001035443-21-000044,2021-01-15,,,,,,2020,EntityCommonStockSharesOutstanding
1035443,"ALEXANDRIA REAL ESTATE EQUITIES, INC.",159943331.0,0001035443-22-000040,2022-01-14,,,,,,2021,EntityCommonStockSharesOutstanding
1035443,"ALEXANDRIA REAL ESTATE EQUITIES, INC.",173087087.0,0001035443-23-000099,2023-01-13,,,,,,2022,EntityCommonStockSharesOutstanding
1035443,"ALEXANDRIA REAL ESTATE EQUITIES, INC.",174968259.0,0001035443-24-000072,2024-01-12,,,,,,2023,EntityCommonStockSharesOutstanding
1035443,"ALEXANDRIA REAL ESTATE EQUITIES, INC.",173091762.0,0001035443-25-000067,2025-01-15,,,,,,2024,EntityCommonStockSharesOutstanding
1035443,"ALEXANDRIA REAL ESTATE EQUITIES, INC.",173300361.0,0001035443-26-000013,2026-01-15,,,,,,2025,EntityCommonStockSharesOutstanding
1035443,"ALEXANDRIA REAL ESTATE EQUITIES, INC.",174247570.0,0001035443-26-000066,2026-07-15,,,,,,2026,EntityCommonStockSharesOutstanding
1035983,"Comfort Systems USA, Inc.",35553062.0,0001558370-25-001222,2025-02-14,,,,,,2024,EntityCommonStockSharesOutstanding
1035983,"Comfort Systems USA, Inc.",35174967.0,0001104659-26-017530,2026-02-13,,,,,,2025,EntityCommonStockSharesOutstanding
1035983,"COMFORT SYSTEMS USA, INC.",35194329.0,0001104659-26-086258,2026-07-17,,,,,,2026,EntityCommonStockSharesOutstanding
1037540,"BOSTON PROPERTIES, INC.",156676277.0,0001656423-22-000013,2022-02-14,,,,,,2021,EntityCommonStockSharesOutstanding
1037540,"BXP, INC.",159661556.0,0001037540-26-000034,2026-07-31,,,,,,2026,EntityCommonStockSharesOutstanding
1037646,Mettler-Toledo International Inc.,26980942.0,0001037646-16-000043,2016-01-29,,,,,,2015,EntityCommonStockSharesOutstanding
1037646,Mettler-Toledo International Inc.,25940008.0,0001037646-17-000004,2017-01-30,,,,,,2016,EntityCommonStockSharesOutstanding
1037646,Mettler-Toledo International Inc.,25472835.0,0001037646-18-000006,2018-02-05,,,,,,2017,EntityCommonStockSharesOutstanding
1037646,Mettler-Toledo International Inc.,24795237.0,0001037646-19-000010,2019-02-01,,,,,,2018,EntityCommonStockSharesOutstanding
1037646,Mettler-Toledo International Inc.,24052834.0,0001037646-20-000005,2020-01-31,,,,,,2019,EntityCommonStockSharesOutstanding
1037646,Mettler-Toledo International Inc.,23408050.0,0001037646-21-000008,2021-01-25,,,,,,2020,EntityCommonStockSharesOutstanding
1037646,Mettler-Toledo International Inc.,22805615.0,0001037646-22-000008,2022-01-27,,,,,,2021,EntityCommonStockSharesOutstanding
1037646,Mettler-Toledo International Inc.,22106175.0,0001037646-23-000005,2023-01-26,,,,,,2022,EntityCommonStockSharesOutstanding
1037646,Mettler-Toledo International Inc.,21478705.0,0001037646-24-000007,2024-01-25,,,,,,2023,EntityCommonStockSharesOutstanding
1037646,Mettler-Toledo International Inc.,20916459.0,0001037646-25-000012,2025-01-22,,,,,,2024,EntityCommonStockSharesOutstanding
1037646,Mettler-Toledo International Inc.,20325250.0,0001037646-26-000011,2026-01-23,,,,,,2025,EntityCommonStockSharesOutstanding
1037646,Mettler-Toledo International Inc.,20036559.0,0001037646-26-000051,2026-06-30,,,,,,2026,EntityCommonStockSharesOutstanding
1037868,"AMETEK, Inc.",235538207.0,0001193125-16-478197,2016-01-29,,,,,,2015,EntityCommonStockSharesOutstanding
1037868,"AMETEK, Inc.",229472920.0,0001193125-17-053600,2017-01-31,,,,,,2016,EntityCommonStockSharesOutstanding
1037868,"AMETEK, Inc.",231334609.0,0001193125-18-053631,2018-01-31,,,,,,2017,EntityCommonStockSharesOutstanding
1037868,"AMETEK, Inc.",227131830.0,0001193125-19-046947,2019-01-31,,,,,,2018,EntityCommonStockSharesOutstanding
1037868,"AMETEK, Inc.",229124099.0,0001193125-20-043133,2020-01-31,,,,,,2019,EntityCommonStockSharesOutstanding
1037868,"AMETEK, Inc.",230563891.0,0001037868-21-000007,2021-01-29,,,,,,2020,EntityCommonStockSharesOutstanding
1037868,"AMETEK, Inc.",231700893.0,0001037868-22-000009,2022-01-31,,,,,,2021,EntityCommonStockSharesOutstanding
1037868,"AMETEK, Inc.",230093810.0,0001037868-23-000012,2023-01-31,,,,,,2022,EntityCommonStockSharesOutstanding
1037868,"AMETEK, Inc.",231012685.0,0001037868-24-000009,2024-01-31,,,,,,2023,EntityCommonStockSharesOutstanding
1037868,"AMETEK, Inc.",230659382.0,0001037868-25-000012,2025-01-31,,,,,,2024,EntityCommonStockSharesOutstanding
1037868,"AMETEK, Inc.",228977202.0,0001037868-26-000016,2026-01-30,,,,,,2025,EntityCommonStockSharesOutstanding
1037868,"AMETEK, Inc.",229261244.0,0001037868-26-000175,2026-07-28,,,,,,2026,EntityCommonStockSharesOutstanding
1039684,"ONEOK, Inc.",630369667.0,0001039684-26-000029,2026-07-27,,,,,,2026,EntityCommonStockSharesOutstanding
1041061,"YUM! BRANDS, INC.",408711522.0,0001041061-16-000056,2016-02-09,,,,,,2015,EntityCommonStockSharesOutstanding
1041061,"YUM! BRANDS, INC.",353844095.0,0001041061-17-000016,2017-02-14,,,,,,2016,EntityCommonStockSharesOutstanding
1041061,"YUM! BRANDS, INC.",332513103.0,0001041061-18-000013,2018-02-14,,,,,,2017,EntityCommonStockSharesOutstanding
1041061,"YUM! BRANDS, INC.",306414175.0,0001041061-19-000010,2019-02-13,,,,,,2018,EntityCommonStockSharesOutstanding
1041061,"YUM! BRANDS, INC.",300822322.0,0001041061-20-000015,2020-02-12,,,,,,2019,EntityCommonStockSharesOutstanding
1041061,"YUM! BRANDS, INC.",300055312.0,0001041061-21-000012,2021-02-12,,,,,,2020,EntityCommonStockSharesOutstanding
1041061,"YUM! BRANDS, INC.",272901085.0,0001041061-26-000160,2026-07-30,,,,,,2026,EntityCommonStockSharesOutstanding
1043277,"C.H. ROBINSON WORLDWIDE, INC.",134892810.0,0001043277-20-000016,2020-02-14,,,,,,2019,EntityCommonStockSharesOutstanding
1043277,"C.H. ROBINSON WORLDWIDE, INC.",116890760.0,0001043277-24-000011,2024-02-14,,,,,,2023,EntityCommonStockSharesOutstanding
1043277,"C.H. ROBINSON WORLDWIDE, INC.",118705622.0,0001043277-25-000012,2025-02-12,,,,,,2024,EntityCommonStockSharesOutstanding
1043277,"C.H. ROBINSON WORLDWIDE, INC.",118620833.0,0001043277-26-000009,2026-02-11,,,,,,2025,EntityCommonStockSharesOutstanding
1043277,"C.H. ROBINSON WORLDWIDE, INC.",116851258.0,0001043277-26-000031,2026-07-29,,,,,,2026,EntityCommonStockSharesOutstanding
1045609,"PROLOGIS, INC.",524774000.0,0001564590-16-012933,2016-02-12,,,,,,2015,EntityCommonStockSharesOutstanding
1045609,"PROLOGIS, INC.",529345000.0,0001564590-17-001559,2017-02-10,,,,,,2016,EntityCommonStockSharesOutstanding
1045609,"PROLOGIS, INC.",533054000.0,0001564590-18-002228,2018-02-12,,,,,,2017,EntityCommonStockSharesOutstanding
1045609,"PROLOGIS, INC.",630350000.0,0001564590-19-002872,2019-02-11,,,,,,2018,EntityCommonStockSharesOutstanding
1045609,"PROLOGIS, INC.",738743000.0,0001564590-20-004096,2020-02-04,,,,,,2019,EntityCommonStockSharesOutstanding
1045609,"PROLOGIS, INC.",739500000.0,0001564590-21-005312,2021-02-05,,,,,,2020,EntityCommonStockSharesOutstanding
1045609,"Prologis, Inc.",740000000.0,0001564590-22-004436,2022-02-07,,,,,,2021,EntityCommonStockSharesOutstanding
1045609,"Prologis, Inc.",923429000.0,0001564590-23-001902,2023-02-13,,,,,,2022,EntityCommonStockSharesOutstanding
1045609,"Prologis, Inc.",924881000.0,0000950170-24-014539,2024-02-09,,,,,,2023,EntityCommonStockSharesOutstanding
1045609,"Prologis, Inc.",926860000.0,0000950170-25-021272,2025-02-12,,,,,,2024,EntityCommonStockSharesOutstanding
1045609,"Prologis, Inc.",929559000.0,0001193125-26-051453,2026-02-11,,,,,,2025,EntityCommonStockSharesOutstanding
1045810,NVIDIA CORP,539495365.0,0001045810-16-000353,2016-11-18,,,,,,2016,EntityCommonStockSharesOutstanding
1045810,NVIDIA CORP,605647276.0,0001045810-17-000172,2017-11-17,,,,,,2017,EntityCommonStockSharesOutstanding
1045810,NVIDIA CORP,612000000.0,0001045810-20-000010,2020-02-14,,,,,,2019,EntityCommonStockSharesOutstanding
1045810,NVIDIA CORP,2470000000.0,0001045810-23-000227,2023-11-17,,,,,,2023,EntityCommonStockSharesOutstanding
1045810,NVIDIA CORP,24490000000.0,0001045810-24-000316,2024-11-15,,,,,,2024,EntityCommonStockSharesOutstanding
1047862,"Consolidated Edison, Inc",293589401.0,0001047862-16-000225,2016-01-29,,,,,,2015,EntityCommonStockSharesOutstanding
1047862,"Consolidated Edison, Inc",305059148.0,0001047862-17-000029,2017-01-31,,,,,,2016,EntityCommonStockSharesOutstanding
1047862,"Consolidated Edison, Inc",310397070.0,0001047862-18-000037,2018-01-31,,,,,,2017,EntityCommonStockSharesOutstanding
1047862,"Consolidated Edison, Inc",321077152.0,0001047862-19-000035,2019-01-31,,,,,,2018,EntityCommonStockSharesOutstanding
1047862,"Consolidated Edison, Inc",333775472.0,0001047862-20-000041,2020-01-31,,,,,,2019,EntityCommonStockSharesOutstanding
1047862,"Consolidated Edison, Inc",342419162.0,0001047862-21-000049,2021-01-31,,,,,,2020,EntityCommonStockSharesOutstanding
1047862,"Consolidated Edison, Inc.",354090402.0,0001047862-22-000039,2022-01-31,,,,,,2021,EntityCommonStockSharesOutstanding
1047862,"Consolidated Edison, Inc.",355045021.0,0001047862-23-000038,2023-01-31,,,,,,2022,EntityCommonStockSharesOutstanding
1047862,"Consolidated Edison, Inc",345510031.0,0001047862-24-000012,2024-01-31,,,,,,2023,EntityCommonStockSharesOutstanding
1047862,"Consolidated Edison, Inc.",346711639.0,0001047862-25-000011,2025-01-31,,,,,,2024,EntityCommonStockSharesOutstanding
1047862,"Consolidated Edison, Inc.",361247438.0,0001047862-26-000031,2026-01-31,,,,,,2025,EntityCommonStockSharesOutstanding
1048286,MARRIOTT INTERNATIONAL INC /MD/,253481935.0,0001628280-16-011346,2016-02-05,,,,,,2015,EntityCommonStockSharesOutstanding
1048286,MARRIOTT INTERNATIONAL INC /MD/,383561428.0,0001628280-17-001506,2017-02-07,,,,,,2016,EntityCommonStockSharesOutstanding
1048286,MARRIOTT INTERNATIONAL INC /MD/,357437289.0,0001628280-18-001756,2018-02-02,,,,,,2017,EntityCommonStockSharesOutstanding
1048286,MARRIOTT INTERNATIONAL INC /MD/,324414150.0,0001628280-21-006440,2021-02-10,,,,,,2020,EntityCommonStockSharesOutstanding
1048286,MARRIOTT INTERNATIONAL INC /MD/,326311111.0,0001628280-22-002666,2022-02-08,,,,,,2021,EntityCommonStockSharesOutstanding
1048286,MARRIOTT INTERNATIONAL INC /MD/,308121159.0,0001628280-23-003485,2023-02-07,,,,,,2022,EntityCommonStockSharesOutstanding
1048286,MARRIOTT INTERNATIONAL INC /MD/,289485338.0,0001628280-24-004372,2024-02-06,,,,,,2023,EntityCommonStockSharesOutstanding
1048286,MARRIOTT INTERNATIONAL INC /MD/,275695298.0,0001628280-25-004818,2025-01-31,,,,,,2024,EntityCommonStockSharesOutstanding
1048286,MARRIOTT INTERNATIONAL INC /MD/,264984554.0,0001048286-26-000007,2026-01-31,,,,,,2025,EntityCommonStockSharesOutstanding
1048286,MARRIOTT INTERNATIONAL INC /MD/,260766288.0,0001048286-26-000035,2026-07-27,,,,,,2026,EntityCommonStockSharesOutstanding
1048695,"F5, Inc.",68753619.0,0001048695-16-000026,2016-01-22,,,,,,2015,EntityCommonStockSharesOutstanding
1048695,"F5, Inc.",64787647.0,0001048695-17-000008,2017-01-27,,,,,,2016,EntityCommonStockSharesOutstanding
1048695,"F5, Inc.",61844443.0,0001048695-18-000005,2018-01-29,,,,,,2017,EntityCommonStockSharesOutstanding
1048695,"F5, Inc.",59441333.0,0001048695-19-000008,2019-01-28,,,,,,2018,EntityCommonStockSharesOutstanding
1048695,"F5, Inc.",60804090.0,0001048695-20-000012,2020-01-31,,,,,,2019,EntityCommonStockSharesOutstanding
1048695,"F5, Inc.",61650819.0,0001048695-21-000009,2021-01-29,,,,,,2020,EntityCommonStockSharesOutstanding
1048695,"F5, INC.",60738170.0,0001048695-22-000007,2022-01-28,,,,,,2021,EntityCommonStockSharesOutstanding
1048695,"F5, INC.",60120642.0,0001048695-23-000011,2023-01-27,,,,,,2022,EntityCommonStockSharesOutstanding
1048695,"F5, INC.",58806232.0,0001048695-24-000012,2024-01-30,,,,,,2023,EntityCommonStockSharesOutstanding
1048695,"F5, INC.",57652256.0,0001048695-25-000026,2025-01-30,,,,,,2024,EntityCommonStockSharesOutstanding
1048695,"F5, INC.",56519273.0,0001048695-26-000023,2026-01-30,,,,,,2025,EntityCommonStockSharesOutstanding
1048695,"F5, INC.",56627182.0,0001048695-26-000067,2026-08-03,,,,,,2026,EntityCommonStockSharesOutstanding
1048911,FedEx Corporation,275615246.0,0001193125-15-406264,2015-12-15,,,,,,2015,EntityCommonStockSharesOutstanding
1048911,FedEx Corporation,266509290.0,0001193125-16-800543,2016-12-20,,,,,,2016,EntityCommonStockSharesOutstanding
1048911,FedEx Corporation,267889623.0,0001564590-17-025136,2017-12-18,,,,,,2017,EntityCommonStockSharesOutstanding
1048911,FedEx Corporation,261043625.0,0001564590-18-031032,2018-12-14,,,,,,2018,EntityCommonStockSharesOutstanding
1048911,FedEx Corporation,261119074.0,0001564590-19-046220,2019-12-13,,,,,,2019,EntityCommonStockSharesOutstanding
1048911,FedEx Corporation,265070592.0,0001564590-20-057454,2020-12-15,,,,,,2020,EntityCommonStockSharesOutstanding
1048911,FedEx Corporation,264969342.0,0001564590-21-060577,2021-12-14,,,,,,2021,EntityCommonStockSharesOutstanding
1048911,FedEx Corporation,252397140.0,0000950170-22-026825,2022-12-16,,,,,,2022,EntityCommonStockSharesOutstanding
1048911,FedEx Corporation,249892548.0,0000950170-23-071495,2023-12-18,,,,,,2023,EntityCommonStockSharesOutstanding
1048911,FedEx Corporation,240850603.0,0000950170-24-138460,2024-12-17,,,,,,2024,EntityCommonStockSharesOutstanding
1048911,FedEx Corporation,235122816.0,0001048911-25-000078,2025-12-16,,,,,,2025,EntityCommonStockSharesOutstanding
1048911,FedEx Corporation,236581188.0,0001048911-26-000105,2026-07-16,,,,,,2026,EntityCommonStockSharesOutstanding
1050915,"Quanta Services, Inc.",150343393.0,0001050915-26-000025,2026-07-27,,,,,,2026,EntityCommonStockSharesOutstanding
1051470,CROWN CASTLE INC.,425455439.0,0001051470-26-000074,2026-08-03,,,,,,2026,EntityCommonStockSharesOutstanding
1053507,AMERICAN TOWER CORPORATION,465960048.0,0001053507-26-000133,2026-07-21,,,,,,2026,EntityCommonStockSharesOutstanding
1057352,"CoStar Group, Inc.",410125610.0,0001057352-25-000016,2025-02-13,,,,,,2024,EntityCommonStockSharesOutstanding
1057352,"CoStar Group, Inc.",405197588.0,0001057352-26-000066,2026-07-27,,,,,,2026,EntityCommonStockSharesOutstanding
1058090,"CHIPOTLE MEXICAN GRILL, INC.",30044250.0,0001058090-16-000058,2016-01-29,,,,,,2015,EntityCommonStockSharesOutstanding
1058090,"CHIPOTLE MEXICAN GRILL, INC.",27930272.0,0001058090-18-000018,2018-02-06,,,,,,2017,EntityCommonStockSharesOutstanding
1058090,"CHIPOTLE MEXICAN GRILL, INC.",27659270.0,0001058090-19-000007,2019-02-04,,,,,,2018,EntityCommonStockSharesOutstanding
1058090,"CHIPOTLE MEXICAN GRILL, INC.",27767965.0,0001058090-20-000010,2020-01-31,,,,,,2019,EntityCommonStockSharesOutstanding
1058090,"CHIPOTLE MEXICAN GRILL, INC.",28144065.0,0001058090-21-000010,2021-02-05,,,,,,2020,EntityCommonStockSharesOutstanding
1058090,"CHIPOTLE MEXICAN GRILL, INC.",28031948.0,0001058090-22-000011,2022-02-04,,,,,,2021,EntityCommonStockSharesOutstanding
1058090,"CHIPOTLE MEXICAN GRILL, INC.",27621847.0,0001058090-23-000010,2023-02-06,,,,,,2022,EntityCommonStockSharesOutstanding
1058090,"CHIPOTLE MEXICAN GRILL, INC.",27421169.0,0001562762-24-000023,2024-02-02,,,,,,2023,EntityCommonStockSharesOutstanding
1058090,"CHIPOTLE MEXICAN GRILL, INC.",1355337000.0,0001058090-25-000014,2025-01-31,,,,,,2024,EntityCommonStockSharesOutstanding
1058090,"CHIPOTLE MEXICAN GRILL, INC.",1302423000.0,0001058090-26-000009,2026-01-30,,,,,,2025,EntityCommonStockSharesOutstanding
1058090,"CHIPOTLE MEXICAN GRILL, INC.",1265418000.0,0001058090-26-000066,2026-07-24,,,,,,2026,EntityCommonStockSharesOutstanding
1058290,Cognizant Technology Solutions Corporation,575099275.0,0001058290-19-000009,2019-02-08,,,,,,2018,EntityCommonStockSharesOutstanding
1058290,Cognizant Technology Solutions Corporation,548637106.0,0001058290-20-000008,2020-02-07,,,,,,2019,EntityCommonStockSharesOutstanding
1058290,Cognizant Technology Solutions Corporation,530614258.0,0001058290-21-000031,2021-02-05,,,,,,2020,EntityCommonStockSharesOutstanding
1058290,COGNIZANT TECHNOLOGY SOLUTIONS CORPORATION,524534828.0,0001058290-22-000023,2022-02-11,,,,,,2021,EntityCommonStockSharesOutstanding
1058290,COGNIZANT TECHNOLOGY SOLUTIONS CORPORATION,509294618.0,0001058290-23-000027,2023-02-10,,,,,,2022,EntityCommonStockSharesOutstanding
1058290,COGNIZANT TECHNOLOGY SOLUTIONS CORPORATION,497842032.0,0001058290-24-000017,2024-02-09,,,,,,2023,EntityCommonStockSharesOutstanding
1058290,COGNIZANT TECHNOLOGY SOLUTIONS CORPORATION,494615514.0,0001058290-25-000017,2025-02-07,,,,,,2024,EntityCommonStockSharesOutstanding
1058290,COGNIZANT TECHNOLOGY SOLUTIONS CORPORATION,478246920.0,0001058290-26-000008,2026-02-06,,,,,,2025,EntityCommonStockSharesOutstanding
1058290,COGNIZANT TECHNOLOGY SOLUTIONS CORPORATION,450444209.0,0001058290-26-000031,2026-07-24,,,,,,2026,EntityCommonStockSharesOutstanding
1059556,MOODY’S CORPORATION,194900000.0,0001193125-16-476427,2016-01-31,,,,,,2015,EntityCommonStockSharesOutstanding
1059556,MOODY’S CORPORATION,190800000.0,0001193125-17-054522,2017-01-31,,,,,,2016,EntityCommonStockSharesOutstanding
1059556,MOODY’S CORPORATION,191000000.0,0001193125-18-058986,2017-12-31,,,,,,2017,EntityCommonStockSharesOutstanding
1059556,MOODY’S CORPORATION,191300000.0,0001193125-19-048576,2018-12-31,,,,,,2018,EntityCommonStockSharesOutstanding
1059556,MOODY’S CORPORATION,187400000.0,0001059556-20-000005,2020-01-31,,,,,,2019,EntityCommonStockSharesOutstanding
1059556,MOODY’S CORPORATION,187100000.0,0001059556-21-000010,2021-01-31,,,,,,2020,EntityCommonStockSharesOutstanding
1059556,MOODY’S CORPORATION,185200000.0,0001059556-22-000012,2022-01-31,,,,,,2021,EntityCommonStockSharesOutstanding
1059556,MOODY’S CORPORATION,183200000.0,0001059556-23-000016,2023-01-31,,,,,,2022,EntityCommonStockSharesOutstanding
1059556,MOODY’S CORPORATION,182500000.0,0001059556-24-000017,2024-01-31,,,,,,2023,EntityCommonStockSharesOutstanding
1059556,MOODY’S CORPORATION,180000000.0,0001059556-25-000025,2025-01-31,,,,,,2024,EntityCommonStockSharesOutstanding
1059556,MOODY’S CORPORATION,177300000.0,0001628280-26-009136,2026-01-31,,,,,,2025,EntityCommonStockSharesOutstanding
1059556,Moody’s Corporation,173200000.0,0001628280-26-049398,2026-06-30,,,,,,2026,EntityCommonStockSharesOutstanding
1060391,"Republic Services, Inc.",344869692.0,0001060391-16-000060,2016-02-04,,,,,,2015,EntityCommonStockSharesOutstanding
1060391,"Republic Services, Inc.",339128998.0,0001060391-17-000012,2017-02-06,,,,,,2016,EntityCommonStockSharesOutstanding
1060391,"Republic Services, Inc.",331213547.0,0001060391-18-000005,2018-01-31,,,,,,2017,EntityCommonStockSharesOutstanding
1060391,"Republic Services, Inc.",321615522.0,0001060391-19-000008,2019-01-31,,,,,,2018,EntityCommonStockSharesOutstanding
1060391,"Republic Services, Inc.",319062963.0,0001060391-20-000016,2020-02-07,,,,,,2019,EntityCommonStockSharesOutstanding
1060391,"REPUBLIC SERVICES, INC.",316431349.0,0001060391-22-000007,2022-02-03,,,,,,2021,EntityCommonStockSharesOutstanding
1060391,"REPUBLIC SERVICES, INC.",316038833.0,0001060391-23-000008,2023-02-07,,,,,,2022,EntityCommonStockSharesOutstanding
1060391,"REPUBLIC SERVICES, INC.",314610579.0,0001060391-24-000142,2024-02-13,,,,,,2023,EntityCommonStockSharesOutstanding
1060391,"REPUBLIC SERVICES, INC.",312284953.0,0001060391-25-000091,2025-02-06,,,,,,2024,EntityCommonStockSharesOutstanding
1060391,"REPUBLIC SERVICES, INC.",308804970.0,0001060391-26-000094,2026-02-10,,,,,,2025,EntityCommonStockSharesOutstanding
1060391,"REPUBLIC SERVICES, INC.",306212978.0,0001060391-26-000275,2026-07-30,,,,,,2026,EntityCommonStockSharesOutstanding
1065088,eBay Inc.,1178705177.0,0001065088-16-000265,2016-01-27,,,,,,2015,EntityCommonStockSharesOutstanding
1065088,eBay Inc.,1087042601.0,0001065088-17-000007,2017-01-30,,,,,,2016,EntityCommonStockSharesOutstanding
1065088,eBay Inc.,1012079673.0,0001065088-18-000009,2018-01-29,,,,,,2017,EntityCommonStockSharesOutstanding
1065088,eBay Inc.,914880451.0,0001065088-19-000006,2019-01-25,,,,,,2018,EntityCommonStockSharesOutstanding
1065088,eBay Inc.,796080826.0,0001065088-20-000006,2020-01-27,,,,,,2019,EntityCommonStockSharesOutstanding
1065088,eBay Inc.,680445767.0,0001065088-21-000006,2021-02-01,,,,,,2020,EntityCommonStockSharesOutstanding
1065088,eBay Inc.,448000000.0,0001065088-26-000027,2026-02-13,,,,,,2025,EntityCommonStockSharesOutstanding
1065088,eBay Inc.,445000000.0,0001065088-26-000177,2026-07-31,,,,,,2026,EntityCommonStockSharesOutstanding
1065280,"Netflix, Inc.",428081221.0,0001065280-16-000047,2016-01-27,,,,,,2015,EntityCommonStockSharesOutstanding
1065280,"Netflix, Inc.",430411593.0,0001628280-17-000496,2017-01-26,,,,,,2016,EntityCommonStockSharesOutstanding
1065280,"Netflix, Inc.",433948461.0,0001628280-18-000941,2018-01-25,,,,,,2017,EntityCommonStockSharesOutstanding
1065280,"Netflix, Inc.",436598597.0,0001065280-19-000043,2018-12-31,,,,,,2018,EntityCommonStockSharesOutstanding
1065280,"Netflix, Inc.",438806649.0,0001065280-20-000040,2019-12-31,,,,,,2019,EntityCommonStockSharesOutstanding
1065280,"Netflix, Inc.",442895261.0,0001065280-21-000040,2020-12-31,,,,,,2020,EntityCommonStockSharesOutstanding
1065280,"Netflix, Inc.",443963107.0,0001065280-22-000036,2021-12-31,,,,,,2021,EntityCommonStockSharesOutstanding
1065280,"Netflix, Inc.",445346776.0,0001065280-23-000035,2022-12-31,,,,,,2022,EntityCommonStockSharesOutstanding
1065280,"Netflix, Inc.",432759584.0,0001065280-24-000030,2023-12-31,,,,,,2023,EntityCommonStockSharesOutstanding
1065280,"Netflix, Inc.",427757100.0,0001065280-25-000044,2024-12-31,,,,,,2024,EntityCommonStockSharesOutstanding
1065280,"Netflix, Inc.",4222162150.0,0001065280-26-000034,2025-12-31,,,,,,2025,EntityCommonStockSharesOutstanding
1065280,"Netflix, Inc.",4163939676.0,0001065280-26-000212,2026-06-30,,,,,,2026,EntityCommonStockSharesOutstanding
1067701,"UNITED RENTALS, INC.",90970229.0,0001067701-16-000039,2016-01-25,,,,,,2015,EntityCommonStockSharesOutstanding
1067701,"UNITED RENTALS, INC.",84310531.0,0001067701-17-000006,2017-01-23,,,,,,2016,EntityCommonStockSharesOutstanding
1067701,"UNITED RENTALS, INC.",84427665.0,0001067701-18-000006,2018-01-22,,,,,,2017,EntityCommonStockSharesOutstanding
1067701,"UNITED RENTALS, INC.",79591082.0,0001067701-19-000007,2019-01-21,,,,,,2018,EntityCommonStockSharesOutstanding
1067701,"UNITED RENTALS, INC.",74375477.0,0001067701-20-000008,2020-01-27,,,,,,2019,EntityCommonStockSharesOutstanding
1067701,"UNITED RENTALS, INC.",72199276.0,0001067701-21-000008,2021-01-25,,,,,,2020,EntityCommonStockSharesOutstanding
1067701,"United Rentals, Inc.",72421902.0,0001067701-22-000008,2022-01-24,,,,,,2021,EntityCommonStockSharesOutstanding
1067701,"United Rentals, Inc.",69359591.0,0001067701-23-000010,2023-01-23,,,,,,2022,EntityCommonStockSharesOutstanding
1067701,"United Rentals, Inc.",67191627.0,0001067701-24-000007,2024-01-22,,,,,,2023,EntityCommonStockSharesOutstanding
1067701,"United Rentals, Inc.",65307098.0,0001067701-25-000008,2025-01-27,,,,,,2024,EntityCommonStockSharesOutstanding
1067701,"United Rentals, Inc.",62998147.0,0001067701-26-000007,2026-01-26,,,,,,2025,EntityCommonStockSharesOutstanding
1069183,"Axon Enterprise, Inc.",53694071.0,0001069183-16-000148,2016-02-12,,,,,,2015,EntityCommonStockSharesOutstanding
1069183,"Axon Enterprise, Inc.",81237415.0,0001628280-26-053646,2026-07-31,,,,,,2026,EntityCommonStockSharesOutstanding
1069202,LENNOX INTERNATIONAL INC,44700730.0,0001069202-16-000014,2016-02-04,,,,,,2015,EntityCommonStockSharesOutstanding
1069202,LENNOX INTERNATIONAL INC,42982367.0,0001069202-17-000003,2017-02-09,,,,,,2016,EntityCommonStockSharesOutstanding
1069202,LENNOX INTERNATIONAL INC,41176787.0,0001069202-18-000004,2018-02-09,,,,,,2017,EntityCommonStockSharesOutstanding
1069202,LENNOX INTERNATIONAL INC,39872002.0,0001069202-19-000008,2019-02-08,,,,,,2018,EntityCommonStockSharesOutstanding
1069202,LENNOX INTERNATIONAL INC,38598884.0,0001069202-20-000004,2020-02-07,,,,,,2019,EntityCommonStockSharesOutstanding
1069202,LENNOX INTERNATIONAL INC,37733565.0,0001069202-21-000007,2021-02-05,,,,,,2020,EntityCommonStockSharesOutstanding
1069202,LENNOX INTERNATIONAL INC.,36636874.0,0001628280-22-002664,2022-02-04,,,,,,2021,EntityCommonStockSharesOutstanding
1069202,LENNOX INTERNATIONAL INC.,35474054.0,0001628280-23-004257,2023-02-03,,,,,,2022,EntityCommonStockSharesOutstanding
1069202,LENNOX INTERNATIONAL INC.,35586684.0,0001628280-24-004446,2024-02-06,,,,,,2023,EntityCommonStockSharesOutstanding
1069202,LENNOX INTERNATIONAL INC.,35579664.0,0001628280-25-004859,2025-02-04,,,,,,2024,EntityCommonStockSharesOutstanding
1069202,LENNOX INTERNATIONAL INC.,34802911.0,0001069202-26-000028,2026-02-03,,,,,,2025,EntityCommonStockSharesOutstanding
1069202,LENNOX INTERNATIONAL INC,34560675.0,0001069202-26-000087,2026-07-22,,,,,,2026,EntityCommonStockSharesOutstanding
1070750,"HOST HOTELS & RESORTS, INC.",685124399.0,0001070750-26-000126,2026-08-05,,,,,,2026,EntityCommonStockSharesOutstanding
1071739,CENTENE CORPORATION,586768957.0,0001071739-20-000060,2020-02-14,,,,,,2019,EntityCommonStockSharesOutstanding
1071739,Centene Corporation,496044000.0,0001071739-25-000027,2025-02-14,,,,,,2024,EntityCommonStockSharesOutstanding
1071739,Centene Corporation,491771000.0,0001071739-26-000049,2026-02-13,,,,,,2025,EntityCommonStockSharesOutstanding
1071739,CENTENE CORPORATION,493995000.0,0001071739-26-000153,2026-07-24,,,,,,2026,EntityCommonStockSharesOutstanding
1075531,Booking Holdings Inc.,49616595.0,0001075531-16-000084,2016-02-09,,,,,,2015,EntityCommonStockSharesOutstanding
1075531,Booking Holdings Inc.,32815201.0,0001075531-25-000010,2025-02-13,,,,,,2024,EntityCommonStockSharesOutstanding
1075531,Booking Holdings Inc.,31673346.0,0001075531-26-000009,2026-02-10,,,,,,2025,EntityCommonStockSharesOutstanding
1075531,Booking Holdings Inc.,751380500.0,0001075531-26-000037,2026-07-27,,,,,,2026,EntityCommonStockSharesOutstanding
1086222,"Akamai Technologies, Inc",143716609.0,0001086222-26-000086,2026-08-03,,,,,,2026,EntityCommonStockSharesOutstanding
1090012,DEVON ENERGY CORP/DE,441300000.0,0001193125-16-466687,2016-02-10,,,,,,2015,EntityCommonStockSharesOutstanding
1090012,DEVON ENERGY CORP/DE,524600000.0,0001564590-17-001607,2017-02-08,,,,,,2016,EntityCommonStockSharesOutstanding
1090012,DEVON ENERGY CORP/DE,526100000.0,0001564590-18-002582,2018-02-07,,,,,,2017,EntityCommonStockSharesOutstanding
1090012,DEVON ENERGY CORP/DE,438300000.0,0001564590-19-003382,2019-02-06,,,,,,2018,EntityCommonStockSharesOutstanding
1090012,DEVON ENERGY CORP/DE,382900000.0,0001564590-20-005182,2020-02-05,,,,,,2019,EntityCommonStockSharesOutstanding
1090012,DEVON ENERGY CORP/DE,673100000.0,0001564590-21-006239,2021-02-03,,,,,,2020,EntityCommonStockSharesOutstanding
1090012,DEVON ENERGY CORP/DE,664200000.0,0001564590-22-005321,2022-02-02,,,,,,2021,EntityCommonStockSharesOutstanding
1090012,DEVON ENERGY CORP/DE,654000000.0,0000950170-23-002852,2023-02-01,,,,,,2022,EntityCommonStockSharesOutstanding
1090012,DEVON ENERGY CORP/DE,635000000.0,0000950170-24-021781,2024-02-14,,,,,,2023,EntityCommonStockSharesOutstanding
1090012,DEVON ENERGY CORP/DE,649000000.0,0000950170-25-022844,2025-02-05,,,,,,2024,EntityCommonStockSharesOutstanding
1090012,DEVON ENERGY CORP/DE,620000000.0,0001193125-26-056485,2026-02-04,,,,,,2025,EntityCommonStockSharesOutstanding
1090012,DEVON ENERGY CORP/DE,1100000000.0,0001193125-26-334340,2026-07-22,,,,,,2026,EntityCommonStockSharesOutstanding
1090872,"AGILENT TECHNOLOGIES, INC.",332170890.0,0001090872-15-000051,2015-12-01,,,,,,2015,EntityCommonStockSharesOutstanding
1090872,"AGILENT TECHNOLOGIES, INC.",321747881.0,0001090872-16-000082,2016-12-01,,,,,,2016,EntityCommonStockSharesOutstanding
1090872,"AGILENT TECHNOLOGIES, INC.",323018027.0,0001090872-17-000018,2017-12-01,,,,,,2017,EntityCommonStockSharesOutstanding
1090872,"AGILENT TECHNOLOGIES, INC.",318533054.0,0001090872-18-000019,2018-12-10,,,,,,2018,EntityCommonStockSharesOutstanding
1090872,"AGILENT TECHNOLOGIES, INC.",310183415.0,0001090872-19-000022,2019-12-10,,,,,,2019,EntityCommonStockSharesOutstanding
1090872,"AGILENT TECHNOLOGIES, INC.",306849526.0,0001090872-20-000020,2020-12-10,,,,,,2020,EntityCommonStockSharesOutstanding
1090872,"Agilent Technologies, Inc.",302000797.0,0001090872-21-000027,2021-12-08,,,,,,2021,EntityCommonStockSharesOutstanding
1090872,"Agilent Technologies, Inc.",296072040.0,0001090872-22-000026,2022-12-09,,,,,,2022,EntityCommonStockSharesOutstanding
1090872,"Agilent Technologies, Inc.",293004102.0,0001090872-23-000020,2023-12-08,,,,,,2023,EntityCommonStockSharesOutstanding
1090872,"Agilent Technologies, Inc.",285595302.0,0001090872-24-000049,2024-12-09,,,,,,2024,EntityCommonStockSharesOutstanding
1090872,"Agilent Technologies, Inc.",283498871.0,0001090872-25-000087,2025-12-10,,,,,,2025,EntityCommonStockSharesOutstanding
1090872,"AGILENT TECHNOLOGIES, INC.",282431944.0,0001090872-26-000055,2026-05-27,,,,,,2026,EntityCommonStockSharesOutstanding
1091667,"Charter Communications, Inc.",112438828.0,0001091667-16-000396,2015-12-31,,,,,,2015,EntityCommonStockSharesOutstanding
1093557,"DEXCOM, INC.",91594142.0,0001093557-20-000029,2020-02-07,,,,,,2019,EntityCommonStockSharesOutstanding
1093557,"DEXCOM, INC.",96177363.0,0001093557-21-000024,2021-02-04,,,,,,2020,EntityCommonStockSharesOutstanding
1093557,"DEXCOM, INC.",97065634.0,0001093557-22-000014,2022-02-07,,,,,,2021,EntityCommonStockSharesOutstanding
1093557,"DEXCOM, INC.",386413690.0,0001093557-23-000024,2023-02-02,,,,,,2022,EntityCommonStockSharesOutstanding
1093557,"DEXCOM, INC.",385515421.0,0001093557-24-000021,2024-02-01,,,,,,2023,EntityCommonStockSharesOutstanding
1093557,"DEXCOM, INC.",390772018.0,0001093557-25-000036,2025-02-06,,,,,,2024,EntityCommonStockSharesOutstanding
1093557,"DEXCOM, INC.",384864842.0,0001093557-26-000027,2026-02-05,,,,,,2025,EntityCommonStockSharesOutstanding
1093557,"DEXCOM, INC.",377360765.0,0001093557-26-000143,2026-07-23,,,,,,2026,EntityCommonStockSharesOutstanding
1094285,TELEDYNE TECHNOLOGIES INC,46834810.0,0001094285-25-000053,2025-02-12,,,,,,2024,EntityCommonStockSharesOutstanding
1094285,TELEDYNE TECHNOLOGIES INC,46305311.0,0001094285-26-000017,2026-02-11,,,,,,2025,EntityCommonStockSharesOutstanding
1094285,TELEDYNE TECHNOLOGIES INC,46355673.0,0001094285-26-000043,2026-07-15,,,,,,2026,EntityCommonStockSharesOutstanding
1095073,"Everest Group, Ltd.",42694335.0,0001095073-16-000071,2016-02-01,,,,,,2015,EntityCommonStockSharesOutstanding
1095073,"Everest Group, Ltd.",40906436.0,0001095073-17-000011,2017-02-01,,,,,,2016,EntityCommonStockSharesOutstanding
1095073,"Everest Group, Ltd.",40839768.0,0001095073-18-000008,2018-02-01,,,,,,2017,EntityCommonStockSharesOutstanding
1095073,"Everest Group, Ltd.",40675221.0,0001095073-19-000011,2019-02-01,,,,,,2018,EntityCommonStockSharesOutstanding
1095073,"Everest Group, Ltd.",40813432.0,0001095073-20-000006,2020-02-01,,,,,,2019,EntityCommonStockSharesOutstanding
1095073,"Everest Group, Ltd.",39991662.0,0001095073-21-000006,2021-02-01,,,,,,2020,EntityCommonStockSharesOutstanding
1095073,"EVEREST RE GROUP, LTD.",39271864.0,0001095073-22-000005,2022-02-01,,,,,,2021,EntityCommonStockSharesOutstanding
1095073,"EVEREST RE GROUP, LTD.",39157235.0,0001095073-23-000007,2023-02-01,,,,,,2022,EntityCommonStockSharesOutstanding
1095073,"EVEREST GROUP, LTD.",43381573.0,0001095073-24-000009,2024-02-01,,,,,,2023,EntityCommonStockSharesOutstanding
1095073,"EVEREST GROUP, LTD.",42934097.0,0001095073-25-000015,2025-02-01,,,,,,2024,EntityCommonStockSharesOutstanding
1095073,"EVEREST GROUP, LTD.",40390151.0,0001095073-26-000006,2026-02-01,,,,,,2025,EntityCommonStockSharesOutstanding
1095073,"EVEREST GROUP, LTD.",38342734.0,0001095073-26-000032,2026-07-27,,,,,,2026,EntityCommonStockSharesOutstanding
1097149,"ALIGN TECHNOLOGY, INC.",71039852.0,0001097149-26-000060,2026-07-31,,,,,,2026,EntityCommonStockSharesOutstanding
1097864,ON SEMICONDUCTOR CORP,411065636.0,0001193125-20-041751,2020-02-13,,,,,,2019,EntityCommonStockSharesOutstanding
1097864,ON SEMICONDUCTOR CORP,411881071.0,0001628280-21-002219,2021-02-10,,,,,,2020,EntityCommonStockSharesOutstanding
1097864,ON SEMICONDUCTOR CORP,432497822.0,0001628280-22-002416,2022-02-09,,,,,,2021,EntityCommonStockSharesOutstanding
1097864,ON SEMICONDUCTOR CORP,431967907.0,0001628280-23-002350,2023-02-01,,,,,,2022,EntityCommonStockSharesOutstanding
1097864,ON SEMICONDUCTOR CORPORATION,427328652.0,0001628280-24-003201,2024-01-31,,,,,,2023,EntityCommonStockSharesOutstanding
1097864,ON SEMICONDUCTOR CORPORATION,421421127.0,0001628280-25-004557,2025-02-05,,,,,,2024,EntityCommonStockSharesOutstanding
1097864,ON Semiconductor Corporation,394020530.0,0001097864-26-000006,2026-02-04,,,,,,2025,EntityCommonStockSharesOutstanding
1097864,ON Semiconductor Corporation,389311721.0,0001097864-26-000017,2026-07-29,,,,,,2026,EntityCommonStockSharesOutstanding
1099219,METLIFE INC,957270842.0,0001099219-19-000008,2019-02-14,,,,,,2018,EntityCommonStockSharesOutstanding
1099219,METLIFE INC,915828071.0,0001099219-20-000064,2020-02-14,,,,,,2019,EntityCommonStockSharesOutstanding
1099219,METLIFE INC,884399222.0,0001099219-21-000050,2021-02-12,,,,,,2020,EntityCommonStockSharesOutstanding
1099219,"MetLife, Inc.",825078244.0,0001099219-22-000014,2022-02-11,,,,,,2021,EntityCommonStockSharesOutstanding
1099219,"MetLife, Inc.",774362092.0,0001099219-23-000045,2023-02-14,,,,,,2022,EntityCommonStockSharesOutstanding
1099219,"MetLife, Inc.",723020313.0,0001099219-24-000035,2024-02-08,,,,,,2023,EntityCommonStockSharesOutstanding
1099219,"MetLife, Inc.",681228028.0,0001099219-25-000044,2025-02-13,,,,,,2024,EntityCommonStockSharesOutstanding
1099219,"MetLife, Inc.",652053867.0,0001099219-26-000013,2026-02-12,,,,,,2025,EntityCommonStockSharesOutstanding
1099219,"MetLife, Inc.",635476927.0,0001099219-26-000050,2026-07-31,,,,,,2026,EntityCommonStockSharesOutstanding
1099800,EDWARDS LIFESCIENCES CORPORATION,214597594.0,0001099800-16-000044,2016-01-31,,,,,,2015,EntityCommonStockSharesOutstanding
1099800,EDWARDS LIFESCIENCES CORPORATION,212495798.0,0001099800-17-000008,2017-01-31,,,,,,2016,EntityCommonStockSharesOutstanding
1099800,EDWARDS LIFESCIENCES CORPORATION,210023708.0,0001099800-18-000007,2018-01-31,,,,,,2017,EntityCommonStockSharesOutstanding
1099800,EDWARDS LIFESCIENCES CORPORATION,207766329.0,0001099800-19-000004,2019-01-31,,,,,,2018,EntityCommonStockSharesOutstanding
1099800,EDWARDS LIFESCIENCES CORPORATION,209122578.0,0001099800-20-000005,2020-01-31,,,,,,2019,EntityCommonStockSharesOutstanding
1099800,EDWARDS LIFESCIENCES CORPORATION,624518873.0,0001099800-21-000007,2021-01-31,,,,,,2020,EntityCommonStockSharesOutstanding
1099800,EDWARDS LIFESCIENCES CORPORATION,623207437.0,0001099800-22-000005,2022-01-31,,,,,,2021,EntityCommonStockSharesOutstanding
1099800,EDWARDS LIFESCIENCES CORPORATION,608313396.0,0001099800-23-000005,2023-01-31,,,,,,2022,EntityCommonStockSharesOutstanding
1099800,EDWARDS LIFESCIENCES CORPORATION,601300000.0,0001099800-24-000004,2024-01-31,,,,,,2023,EntityCommonStockSharesOutstanding
1099800,EDWARDS LIFESCIENCES CORPORATION,587900000.0,0001099800-25-000005,2025-01-31,,,,,,2024,EntityCommonStockSharesOutstanding
1099800,EDWARDS LIFESCIENCES CORPORATION,580800000.0,0001099800-26-000009,2026-01-31,,,,,,2025,EntityCommonStockSharesOutstanding
1099800,EDWARDS LIFESCIENCES CORPORATION,576400000.0,0001099800-26-000043,2026-07-31,,,,,,2026,EntityCommonStockSharesOutstanding
1100682,"CHARLES RIVER LABORATORIES INTERNATIONAL, INC.",46718000.0,0001100682-16-000006,2016-01-29,,,,,,2015,EntityCommonStockSharesOutstanding
1100682,"CHARLES RIVER LABORATORIES INTERNATIONAL, INC.",47372995.0,0001100682-17-000003,2017-01-27,,,,,,2016,EntityCommonStockSharesOutstanding
1100682,"CHARLES RIVER LABORATORIES INTERNATIONAL, INC.",47428916.0,0001100682-18-000005,2018-01-26,,,,,,2017,EntityCommonStockSharesOutstanding
1100682,"CHARLES RIVER LABORATORIES INTERNATIONAL, INC.",48226323.0,0001100682-19-000004,2019-01-25,,,,,,2018,EntityCommonStockSharesOutstanding
1100682,"CHARLES RIVER LABORATORIES INTERNATIONAL, INC.",48959576.0,0001100682-20-000005,2020-01-24,,,,,,2019,EntityCommonStockSharesOutstanding
1100682,"CHARLES RIVER LABORATORIES INTERNATIONAL, INC.",49776227.0,0001100682-21-000005,2021-01-22,,,,,,2020,EntityCommonStockSharesOutstanding
1100682,"CHARLES RIVER LABORATORIES INTERNATIONAL, INC.",50486047.0,0001100682-22-000007,2022-01-21,,,,,,2021,EntityCommonStockSharesOutstanding
1100682,"CHARLES RIVER LABORATORIES INTERNATIONAL, INC.",50985527.0,0001100682-23-000006,2023-01-25,,,,,,2022,EntityCommonStockSharesOutstanding
1100682,"CHARLES RIVER LABORATORIES INTERNATIONAL, INC.",51349770.0,0001100682-24-000007,2024-01-27,,,,,,2023,EntityCommonStockSharesOutstanding
1100682,"CHARLES RIVER LABORATORIES INTERNATIONAL, INC.",51141607.0,0001100682-25-000011,2025-01-25,,,,,,2024,EntityCommonStockSharesOutstanding
1100682,"CHARLES RIVER LABORATORIES INTERNATIONAL, INC.",49227800.0,0001100682-26-000022,2026-01-24,,,,,,2025,EntityCommonStockSharesOutstanding
1100682,"CHARLES RIVER LABORATORIES INTERNATIONAL, INC.",47738872.0,0001100682-26-000118,2026-07-25,,,,,,2026,EntityCommonStockSharesOutstanding
1101239,"EQUINIX, INC.",69025412.0,0001628280-16-011802,2016-01-29,,,,,,2015,EntityCommonStockSharesOutstanding
1101239,"EQUINIX, INC.",97332005.0,0001628280-25-005126,2025-02-11,,,,,,2024,EntityCommonStockSharesOutstanding
1101239,"EQUINIX, INC.",98254928.0,0001101239-26-000032,2026-02-10,,,,,,2025,EntityCommonStockSharesOutstanding
1101239,"EQUINIX, INC.",98671686.0,0001101239-26-000147,2026-07-28,,,,,,2026,EntityCommonStockSharesOutstanding
1103982,"MONDELEZ INTERNATIONAL, INC.",1568858264.0,0001193125-16-469394,2016-02-12,,,,,,2015,EntityCommonStockSharesOutstanding
1103982,"MONDELEZ INTERNATIONAL, INC.",1487328466.0,0001193125-18-037332,2018-02-02,,,,,,2017,EntityCommonStockSharesOutstanding
1103982,"MONDELEZ INTERNATIONAL, INC.",1444169449.0,0001103982-19-000005,2019-02-01,,,,,,2018,EntityCommonStockSharesOutstanding
1103982,"MONDELEZ INTERNATIONAL, INC.",1432943006.0,0001103982-20-000003,2020-01-31,,,,,,2019,EntityCommonStockSharesOutstanding
1103982,"MONDELEZ INTERNATIONAL, INC.",1412114559.0,0001103982-21-000004,2021-01-29,,,,,,2020,EntityCommonStockSharesOutstanding
1103982,"Mondelez International, Inc.",1388328044.0,0001103982-22-000003,2022-01-28,,,,,,2021,EntityCommonStockSharesOutstanding
1103982,"Mondelez International, Inc.",1363306849.0,0001103982-23-000006,2023-01-31,,,,,,2022,EntityCommonStockSharesOutstanding
1103982,"Mondelez International, Inc.",1346477411.0,0001103982-24-000019,2024-01-30,,,,,,2023,EntityCommonStockSharesOutstanding
1103982,"Mondelez International, Inc.",1293525167.0,0001103982-25-000030,2025-01-31,,,,,,2024,EntityCommonStockSharesOutstanding
1103982,"Mondelez International, Inc.",1281845669.0,0001628280-26-005345,2026-01-30,,,,,,2025,EntityCommonStockSharesOutstanding
1103982,"Mondelez International, Inc.",1276308057.0,0001628280-26-050179,2026-07-24,,,,,,2026,EntityCommonStockSharesOutstanding
1108524,"Salesforce, Inc.",670900000.0,0001108524-16-000053,2016-01-31,,,,,,2015,EntityCommonStockSharesOutstanding
1108524,"Salesforce, Inc.",707500000.0,0001108524-17-000006,2017-01-31,,,,,,2016,EntityCommonStockSharesOutstanding
1108524,"Salesforce, Inc.",887000000.0,0001108524-19-000076,2019-11-29,,,,,,2019,EntityCommonStockSharesOutstanding
1108524,"Salesforce, Inc.",915000000.0,0001108524-20-000047,2020-12-01,,,,,,2020,EntityCommonStockSharesOutstanding
1108524,"salesforce.com, inc.",985000000.0,0001108524-21-000055,2021-11-30,,,,,,2021,EntityCommonStockSharesOutstanding
1108524,"Salesforce, Inc.",1000000000.0,0001108524-22-000060,2022-11-29,,,,,,2022,EntityCommonStockSharesOutstanding
1108524,"Salesforce, Inc.",968000000.0,0001108524-23-000048,2023-11-27,,,,,,2023,EntityCommonStockSharesOutstanding
1108524,"Salesforce, Inc.",957000000.0,0001108524-24-000034,2024-11-27,,,,,,2024,EntityCommonStockSharesOutstanding
1108524,"Salesforce, Inc.",937000000.0,0001108524-25-000238,2025-11-28,,,,,,2025,EntityCommonStockSharesOutstanding
1108524,"Salesforce, Inc.",819000000.0,0001108524-26-000127,2026-05-21,,,,,,2026,EntityCommonStockSharesOutstanding
1109357,EXELON CORPORATION,919924742.0,0001193125-16-457652,2016-01-31,,,,,,2015,EntityCommonStockSharesOutstanding
1109357,EXELON CORPORATION,926589614.0,0001193125-17-039639,2016-12-31,,,,,,2016,EntityCommonStockSharesOutstanding
1109357,EXELON CORPORATION,965029399.0,0001628280-18-001324,2017-12-31,,,,,,2017,EntityCommonStockSharesOutstanding
1109357,EXELON CORPORATION,969745933.0,0001628280-19-001107,2019-01-31,,,,,,2018,EntityCommonStockSharesOutstanding
1109357,EXELON CORPORATION,974319565.0,0001109357-20-000053,2020-01-31,,,,,,2019,EntityCommonStockSharesOutstanding
1109357,EXELON CORPORATION,976337799.0,0001109357-21-000022,2021-01-31,,,,,,2020,EntityCommonStockSharesOutstanding
1109357,EXELON CORPORATION,980136968.0,0001109357-22-000039,2022-01-31,,,,,,2021,EntityCommonStockSharesOutstanding
1109357,EXELON CORPORATION,994126931.0,0001109357-23-000018,2023-01-31,,,,,,2022,EntityCommonStockSharesOutstanding
1109357,EXELON CORPORATION,999538542.0,0001109357-24-000053,2024-01-31,,,,,,2023,EntityCommonStockSharesOutstanding
1109357,EXELON CORPORATION,1005217157.0,0001109357-25-000043,2025-01-31,,,,,,2024,EntityCommonStockSharesOutstanding
1109357,EXELON CORPORATION,1022892585.0,0001109357-26-000018,2026-01-31,,,,,,2025,EntityCommonStockSharesOutstanding
1111711,NiSource Inc.,319741768.0,0001111711-16-000049,2016-02-10,,,,,,2015,EntityCommonStockSharesOutstanding
1111711,NiSource Inc.,323445821.0,0001111711-17-000037,2017-02-14,,,,,,2016,EntityCommonStockSharesOutstanding
1111711,NiSource Inc.,337410827.0,0001111711-18-000008,2018-02-12,,,,,,2017,EntityCommonStockSharesOutstanding
1111711,NiSource Inc.,372494365.0,0001111711-19-000008,2019-02-12,,,,,,2018,EntityCommonStockSharesOutstanding
1111711,NiSource Inc.,391859711.0,0001111711-21-000010,2021-02-09,,,,,,2020,EntityCommonStockSharesOutstanding
1111711,NiSource Inc.,447524529.0,0001111711-24-000011,2024-02-14,,,,,,2023,EntityCommonStockSharesOutstanding
1111711,NiSource Inc.,469939639.0,0001111711-25-000008,2025-02-05,,,,,,2024,EntityCommonStockSharesOutstanding
1111711,NiSource Inc.,478533171.0,0001111711-26-000027,2026-02-04,,,,,,2025,EntityCommonStockSharesOutstanding
1111711,NiSource Inc.,479560100.0,0001111711-26-000088,2026-07-29,,,,,,2026,EntityCommonStockSharesOutstanding
1113169,PRICE T ROWE GROUP INC,248179222.0,0001113169-16-000033,2016-02-03,,,,,,2015,EntityCommonStockSharesOutstanding
1113169,PRICE T ROWE GROUP INC,243415300.0,0001113169-17-000014,2017-02-06,,,,,,2016,EntityCommonStockSharesOutstanding
1113169,PRICE T ROWE GROUP INC,244444519.0,0001113169-18-000009,2018-02-14,,,,,,2017,EntityCommonStockSharesOutstanding
1113169,PRICE T ROWE GROUP INC,236263621.0,0001113169-19-000011,2019-02-12,,,,,,2018,EntityCommonStockSharesOutstanding
1113169,PRICE T ROWE GROUP INC,236041040.0,0001113169-20-000008,2020-02-11,,,,,,2019,EntityCommonStockSharesOutstanding
1113169,PRICE T ROWE GROUP INC,227946081.0,0001113169-21-000006,2021-02-08,,,,,,2020,EntityCommonStockSharesOutstanding
1113169,PRICE T ROWE GROUP INC,224398924.0,0001113169-23-000007,2023-02-13,,,,,,2022,EntityCommonStockSharesOutstanding
1113169,PRICE T ROWE GROUP INC,223656595.0,0001113169-24-000007,2024-02-12,,,,,,2023,EntityCommonStockSharesOutstanding
1113169,PRICE T ROWE GROUP INC,222634484.0,0001113169-25-000007,2025-02-11,,,,,,2024,EntityCommonStockSharesOutstanding
1113169,PRICE T ROWE GROUP INC,218072901.0,0001628280-26-008002,2026-02-11,,,,,,2025,EntityCommonStockSharesOutstanding
1113169,PRICE T ROWE GROUP INC,213315850.0,0001628280-26-051335,2026-07-29,,,,,,2026,EntityCommonStockSharesOutstanding
1116132,"Tapestry, Inc.",277696178.0,0001116132-16-000019,2016-01-22,,,,,,2015,EntityCommonStockSharesOutstanding
1116132,"Tapestry, Inc.",280616067.0,0001116132-17-000003,2017-01-27,,,,,,2016,EntityCommonStockSharesOutstanding
1116132,"Tapestry, Inc.",284882437.0,0001116132-18-000008,2018-01-26,,,,,,2017,EntityCommonStockSharesOutstanding
1116132,"Tapestry, Inc.",289978011.0,0001116132-19-000007,2019-01-25,,,,,,2018,EntityCommonStockSharesOutstanding
1116132,"Tapestry, Inc.",276028807.0,0001116132-20-000007,2020-01-24,,,,,,2019,EntityCommonStockSharesOutstanding
1116132,"Tapestry, Inc.",277838123.0,0001116132-21-000007,2021-01-22,,,,,,2020,EntityCommonStockSharesOutstanding
1116132,"Tapestry, Inc.",263989719.0,0001116132-22-000007,2022-01-28,,,,,,2021,EntityCommonStockSharesOutstanding
1116132,"Tapestry, Inc.",236075634.0,0001116132-23-000007,2023-01-27,,,,,,2022,EntityCommonStockSharesOutstanding
1116132,"Tapestry, Inc.",229366154.0,0001116132-24-000007,2024-01-26,,,,,,2023,EntityCommonStockSharesOutstanding
1116132,"Tapestry, Inc.",207015475.0,0001116132-25-000005,2025-01-24,,,,,,2024,EntityCommonStockSharesOutstanding
1116132,"Tapestry, Inc.",202464223.0,0001116132-26-000005,2026-01-23,,,,,,2025,EntityCommonStockSharesOutstanding
1116132,"Tapestry, Inc.",199391678.0,0001116132-26-000018,2026-07-31,,,,,,2026,EntityCommonStockSharesOutstanding
1120193,"Nasdaq, Inc.",165420039.0,0001120193-19-000002,2019-02-14,,,,,,2018,EntityCommonStockSharesOutstanding
1120193,"Nasdaq, Inc.",165011712.0,0001120193-20-000004,2020-02-13,,,,,,2019,EntityCommonStockSharesOutstanding
1120193,"Nasdaq, Inc.",164795634.0,0001120193-21-000011,2021-02-11,,,,,,2020,EntityCommonStockSharesOutstanding
1120193,"Nasdaq, Inc.",164412114.0,0001120193-22-000007,2022-02-14,,,,,,2021,EntityCommonStockSharesOutstanding
1120193,"Nasdaq, Inc.",489002956.0,0001120193-23-000014,2023-02-13,,,,,,2022,EntityCommonStockSharesOutstanding
1120193,"Nasdaq, Inc.",575206570.0,0001120193-24-000006,2024-02-13,,,,,,2023,EntityCommonStockSharesOutstanding
1120193,"Nasdaq, Inc.",575145323.0,0001120193-25-000008,2025-02-12,,,,,,2024,EntityCommonStockSharesOutstanding
1120193,"Nasdaq, Inc.",568443856.0,0001628280-26-007703,2026-02-03,,,,,,2025,EntityCommonStockSharesOutstanding
1120193,"Nasdaq, Inc.",558977372.0,0001120193-26-000013,2026-07-16,,,,,,2026,EntityCommonStockSharesOutstanding
1121788,GARMIN LTD,208077418.0,0001615774-16-004243,2016-02-12,,,,,,2015,EntityCommonStockSharesOutstanding
1121788,GARMIN LTD,190687357.0,0001564590-20-005133,2020-02-14,,,,,,2019,EntityCommonStockSharesOutstanding
1121788,GARMIN LTD,191571374.0,0001564590-21-006192,2021-02-12,,,,,,2020,EntityCommonStockSharesOutstanding
1121788,GARMIN LTD.,192787080.0,0000950170-22-001303,2022-02-11,,,,,,2021,EntityCommonStockSharesOutstanding
1121788,GARMIN LTD,192403775.0,0000950170-25-022760,2025-02-14,,,,,,2024,EntityCommonStockSharesOutstanding
1121788,GARMIN LTD,192480830.0,0001193125-26-056028,2026-02-13,,,,,,2025,EntityCommonStockSharesOutstanding
1121788,GARMIN LTD,192852536.0,0001193125-26-322114,2026-07-24,,,,,,2026,EntityCommonStockSharesOutstanding
1123360,GLOBAL PAYMENTS INC,129348466.0,0001123360-16-000045,2016-01-07,,,,,,2015,EntityCommonStockSharesOutstanding
1123360,GLOBAL PAYMENTS INC,152263156.0,0001123360-17-000006,2017-01-04,,,,,,2016,EntityCommonStockSharesOutstanding
1123360,GLOBAL PAYMENTS INC,257984986.0,0001123360-24-000004,2024-02-12,,,,,,2023,EntityCommonStockSharesOutstanding
1123360,GLOBAL PAYMENTS INC,247616186.0,0001123360-25-000011,2025-02-06,,,,,,2024,EntityCommonStockSharesOutstanding
1123360,GLOBAL PAYMENTS INC,279901327.0,0001123360-26-000008,2026-02-10,,,,,,2025,EntityCommonStockSharesOutstanding
1123360,GLOBAL PAYMENTS INC.,264618390.0,0001123360-26-000084,2026-07-31,,,,,,2026,EntityCommonStockSharesOutstanding
1126328,"PRINCIPAL FINANCIAL GROUP, INC.",291625605.0,0001047469-16-010094,2016-02-03,,,,,,2015,EntityCommonStockSharesOutstanding
1126328,"PRINCIPAL FINANCIAL GROUP, INC.",287476821.0,0001047469-17-000589,2017-02-01,,,,,,2016,EntityCommonStockSharesOutstanding
1126328,"PRINCIPAL FINANCIAL GROUP, INC.",289656803.0,0001047469-18-000695,2018-02-02,,,,,,2017,EntityCommonStockSharesOutstanding
1126328,"PRINCIPAL FINANCIAL GROUP, INC.",278313686.0,0001047469-19-000469,2019-01-30,,,,,,2018,EntityCommonStockSharesOutstanding
1126328,"PRINCIPAL FINANCIAL GROUP, INC.",274687952.0,0001104659-20-021174,2020-01-31,,,,,,2019,EntityCommonStockSharesOutstanding
1126328,"PRINCIPAL FINANCIAL GROUP, INC.",272613683.0,0001104659-21-022074,2021-01-29,,,,,,2020,EntityCommonStockSharesOutstanding
1126328,"PRINCIPAL FINANCIAL GROUP, INC",261227525.0,0001104659-22-020401,2022-01-28,,,,,,2021,EntityCommonStockSharesOutstanding
1126328,"PRINCIPAL FINANCIAL GROUP, INC",243104123.0,0001104659-23-022860,2023-01-30,,,,,,2022,EntityCommonStockSharesOutstanding
1126328,"PRINCIPAL FINANCIAL GROUP, INC",235868487.0,0001104659-24-025516,2024-02-02,,,,,,2023,EntityCommonStockSharesOutstanding
1126328,"PRINCIPAL FINANCIAL GROUP, INC",225571329.0,0001410578-25-000160,2025-01-30,,,,,,2024,EntityCommonStockSharesOutstanding
1126328,"PRINCIPAL FINANCIAL GROUP, INC",216835141.0,0001104659-26-017031,2026-02-11,,,,,,2025,EntityCommonStockSharesOutstanding
1126328,"PRINCIPAL FINANCIAL GROUP, INC",214104641.0,0001104659-26-088071,2026-07-22,,,,,,2026,EntityCommonStockSharesOutstanding
1130310,CENTERPOINT ENERGY INC,430271749.0,0001130310-16-000031,2016-02-12,,,,,,2015,EntityCommonStockSharesOutstanding
1130310,CENTERPOINT ENERGY INC,430688867.0,0001130310-17-000006,2017-02-10,,,,,,2016,EntityCommonStockSharesOutstanding
1130310,CENTERPOINT ENERGY INC,431048125.0,0001130310-18-000003,2018-02-09,,,,,,2017,EntityCommonStockSharesOutstanding
1130310,CENTERPOINT ENERGY INC,501206304.0,0001130310-19-000016,2019-02-12,,,,,,2018,EntityCommonStockSharesOutstanding
1130310,"CenterPoint Energy, Inc.",629788724.0,0001130310-23-000013,2023-02-09,,,,,,2022,EntityCommonStockSharesOutstanding
1130310,"CenterPoint Energy, Inc.",631594706.0,0001130310-24-000010,2024-02-12,,,,,,2023,EntityCommonStockSharesOutstanding
1130310,"CenterPoint Energy, Inc.",651729244.0,0001130310-25-000040,2025-02-10,,,,,,2024,EntityCommonStockSharesOutstanding
1130310,CENTERPOINT ENERGY INC,652871584.0,0001130310-26-000008,2026-02-13,,,,,,2025,EntityCommonStockSharesOutstanding
1133421,NORTHROP GRUMMAN CORP /DE/,180943220.0,0001133421-16-000065,2016-01-28,,,,,,2015,EntityCommonStockSharesOutstanding
1133421,NORTHROP GRUMMAN CORP /DE/,174599406.0,0001133421-17-000008,2017-01-26,,,,,,2016,EntityCommonStockSharesOutstanding
1133421,NORTHROP GRUMMAN CORP /DE/,174087585.0,0001133421-18-000005,2018-01-25,,,,,,2017,EntityCommonStockSharesOutstanding
1133421,NORTHROP GRUMMAN CORP /DE/,169737507.0,0001133421-19-000007,2019-01-28,,,,,,2018,EntityCommonStockSharesOutstanding
1133421,NORTHROP GRUMMAN CORP /DE/,167637130.0,0001133421-20-000006,2020-01-27,,,,,,2019,EntityCommonStockSharesOutstanding
1133421,NORTHROP GRUMMAN CORP /DE/,166718384.0,0001133421-21-000006,2021-01-25,,,,,,2020,EntityCommonStockSharesOutstanding
1133421,NORTHROP GRUMMAN CORP /DE/,156101934.0,0001133421-22-000004,2022-01-24,,,,,,2021,EntityCommonStockSharesOutstanding
1133421,NORTHROP GRUMMAN CORP /DE/,153053371.0,0001133421-23-000006,2023-01-23,,,,,,2022,EntityCommonStockSharesOutstanding
1133421,NORTHROP GRUMMAN CORP /DE/,150035705.0,0001133421-24-000006,2024-01-22,,,,,,2023,EntityCommonStockSharesOutstanding
1133421,NORTHROP GRUMMAN CORP /DE/,144755659.0,0001133421-25-000006,2025-01-27,,,,,,2024,EntityCommonStockSharesOutstanding
1133421,NORTHROP GRUMMAN CORP /DE/,141921621.0,0001133421-26-000003,2026-01-22,,,,,,2025,EntityCommonStockSharesOutstanding
1133421,NORTHROP GRUMMAN CORP /DE/,142063026.0,0001133421-26-000034,2026-07-16,,,,,,2026,EntityCommonStockSharesOutstanding
1136869,"ZIMMER BIOMET HOLDINGS, INC.",206403646.0,0001564590-20-005657,2020-02-07,,,,,,2019,EntityCommonStockSharesOutstanding
1136869,"ZIMMER BIOMET HOLDINGS, INC.",207855504.0,0001564590-21-007163,2021-02-08,,,,,,2020,EntityCommonStockSharesOutstanding
1136869,"ZIMMER BIOMET HOLDINGS, INC.",209177445.0,0001564590-22-007160,2022-02-07,,,,,,2021,EntityCommonStockSharesOutstanding
1136869,"ZIMMER BIOMET HOLDINGS, INC.",208980256.0,0000950170-23-004264,2023-02-07,,,,,,2022,EntityCommonStockSharesOutstanding
1136869,"ZIMMER BIOMET HOLDINGS, INC.",205084022.0,0000950170-24-019353,2024-02-14,,,,,,2023,EntityCommonStockSharesOutstanding
1136869,"ZIMMER BIOMET HOLDINGS, INC.",199063164.0,0000950170-25-026604,2025-02-14,,,,,,2024,EntityCommonStockSharesOutstanding
1136869,"ZIMMER BIOMET HOLDINGS, INC.",195652004.0,0001193125-26-059853,2026-02-10,,,,,,2025,EntityCommonStockSharesOutstanding
1136869,"ZIMMER BIOMET HOLDINGS, INC.",190737689.0,0001193125-26-335044,2026-07-30,,,,,,2026,EntityCommonStockSharesOutstanding
1136893,"Fidelity National Information Services, Inc.",324815641.0,0001136893-16-000061,2016-01-31,,,,,,2015,EntityCommonStockSharesOutstanding
1136893,"Fidelity National Information Services, Inc.",328780510.0,0001136893-17-000008,2017-01-31,,,,,,2016,EntityCommonStockSharesOutstanding
1136893,"Fidelity National Information Services, Inc.",331179313.0,0001136893-18-000011,2018-01-31,,,,,,2017,EntityCommonStockSharesOutstanding
1136893,"Fidelity National Information Services, Inc.",529691586.0,0001136893-25-000014,2025-02-11,,,,,,2024,EntityCommonStockSharesOutstanding
1136893,"Fidelity National Information Services, Inc.",515705917.0,0001136893-26-000050,2026-07-31,,,,,,2026,EntityCommonStockSharesOutstanding
1137774,PRUDENTIAL FINANCIAL INC,446000000.0,0001137774-16-000226,2016-01-31,,,,,,2015,EntityCommonStockSharesOutstanding
1137774,PRUDENTIAL FINANCIAL INC,430000000.0,0001137774-17-000084,2017-01-31,,,,,,2016,EntityCommonStockSharesOutstanding
1137774,PRUDENTIAL FINANCIAL INC,422000000.0,0001137774-18-000063,2018-01-31,,,,,,2017,EntityCommonStockSharesOutstanding
1137774,PRUDENTIAL FINANCIAL INC,409000000.0,0001137774-19-000058,2019-01-31,,,,,,2018,EntityCommonStockSharesOutstanding
1137774,PRUDENTIAL FINANCIAL INC,397000000.0,0001137774-20-000065,2020-01-31,,,,,,2019,EntityCommonStockSharesOutstanding
1137774,PRUDENTIAL FINANCIAL INC,397000000.0,0001137774-21-000049,2021-01-31,,,,,,2020,EntityCommonStockSharesOutstanding
1137774,"Prudential Financial, Inc.",376000000.0,0001137774-22-000038,2022-01-31,,,,,,2021,EntityCommonStockSharesOutstanding
1137774,"Prudential Financial, Inc.",366000000.0,0001137774-23-000040,2023-01-31,,,,,,2022,EntityCommonStockSharesOutstanding
1137774,PRUDENTIAL FINANCIAL INC,359000000.0,0001137774-24-000045,2024-01-31,,,,,,2023,EntityCommonStockSharesOutstanding
1137774,PRUDENTIAL FINANCIAL INC,354000000.0,0001137774-25-000044,2025-01-31,,,,,,2024,EntityCommonStockSharesOutstanding
1137774,"Prudential Financial, Inc.",348000000.0,0001137774-26-000048,2026-01-31,,,,,,2025,EntityCommonStockSharesOutstanding
1137774,"Prudential Financial, Inc.",345000000.0,0001137774-26-000176,2026-07-31,,,,,,2026,EntityCommonStockSharesOutstanding
1137789,Seagate Technology Holdings plc,296421970.0,0001104659-16-092467,2016-01-25,,,,,,2015,EntityCommonStockSharesOutstanding
1137789,Seagate Technology Holdings plc,295176874.0,0001193125-17-019732,2017-01-23,,,,,,2016,EntityCommonStockSharesOutstanding
1137789,Seagate Technology Holdings plc,284827401.0,0001193125-18-023592,2018-01-23,,,,,,2017,EntityCommonStockSharesOutstanding
1137789,Seagate Technology Holdings plc,281740077.0,0001193125-19-027007,2019-01-29,,,,,,2018,EntityCommonStockSharesOutstanding
1137789,Seagate Technology Holdings plc,260956046.0,0001137789-20-000015,2020-01-31,,,,,,2019,EntityCommonStockSharesOutstanding
1137789,Seagate Technology Holdings plc,236682057.0,0001137789-21-000006,2021-01-25,,,,,,2020,EntityCommonStockSharesOutstanding
1137789,Seagate Technology Holdings plc,218898339.0,0001137789-22-000014,2022-01-24,,,,,,2021,EntityCommonStockSharesOutstanding
1137789,Seagate Technology Holdings plc,206483864.0,0001137789-23-000010,2023-01-23,,,,,,2022,EntityCommonStockSharesOutstanding
1137789,Seagate Technology Holdings plc,209510729.0,0001137789-24-000010,2024-01-22,,,,,,2023,EntityCommonStockSharesOutstanding
1137789,Seagate Technology Holdings plc,211707393.0,0001137789-25-000020,2025-01-22,,,,,,2024,EntityCommonStockSharesOutstanding
1137789,Seagate Technology Holdings plc,218073067.0,0001137789-26-000026,2026-01-27,,,,,,2025,EntityCommonStockSharesOutstanding
1137789,Seagate Technology Holdings plc,226644518.0,0001137789-26-000159,2026-07-31,,,,,,2026,EntityCommonStockSharesOutstanding
1138118,"CBRE GROUP, INC.",334240869.0,0001193125-16-484680,2016-02-12,,,,,,2015,EntityCommonStockSharesOutstanding
1138118,"CBRE GROUP, INC.",337829292.0,0001193125-17-064772,2017-02-13,,,,,,2016,EntityCommonStockSharesOutstanding
1138118,"CBRE GROUP, INC.",339508177.0,0001564590-18-003991,2018-02-13,,,,,,2017,EntityCommonStockSharesOutstanding
1138118,"CBRE GROUP, INC.",335834731.0,0001564590-19-005666,2019-02-14,,,,,,2018,EntityCommonStockSharesOutstanding
1138118,"CBRE GROUP, INC.",334790842.0,0001564590-20-008056,2020-02-14,,,,,,2019,EntityCommonStockSharesOutstanding
1138118,"CBRE GROUP, INC.",300037482.0,0001138118-25-000005,2025-02-11,,,,,,2024,EntityCommonStockSharesOutstanding
1138118,"CBRE GROUP, INC.",295158554.0,0001138118-26-000005,2026-02-10,,,,,,2025,EntityCommonStockSharesOutstanding
1138118,"CBRE GROUP, INC.",289575298.0,0001138118-26-000024,2026-07-27,,,,,,2026,EntityCommonStockSharesOutstanding
1140536,WILLIS TOWERS WATSON PLC,92871937.0,0001193125-26-325374,2026-07-27,,,,,,2026,EntityCommonStockSharesOutstanding
1140859,"Cencora, Inc.",205462465.0,0001104659-16-093922,2016-01-31,,,,,,2015,EntityCommonStockSharesOutstanding
1140859,"Cencora, Inc.",217279686.0,0001140859-17-000006,2017-01-27,,,,,,2016,EntityCommonStockSharesOutstanding
1140859,"Cencora, Inc.",219669091.0,0001140859-18-000008,2018-01-31,,,,,,2017,EntityCommonStockSharesOutstanding
1140859,"Cencora, Inc.",211089893.0,0001140859-19-000008,2019-01-25,,,,,,2018,EntityCommonStockSharesOutstanding
1140859,"Cencora, Inc.",205891754.0,0001140859-20-000008,2020-01-28,,,,,,2019,EntityCommonStockSharesOutstanding
1140859,"Cencora, Inc.",204706150.0,0001140859-21-000005,2021-01-31,,,,,,2020,EntityCommonStockSharesOutstanding
1140859,AMERISOURCEBERGEN CORP,209137429.0,0001140859-22-000006,2022-01-31,,,,,,2021,EntityCommonStockSharesOutstanding
1140859,AMERISOURCEBERGEN CORP,202258188.0,0001140859-23-000027,2023-01-31,,,,,,2022,EntityCommonStockSharesOutstanding
1140859,"CENCORA, INC.",199481993.0,0001140859-24-000019,2024-01-29,,,,,,2023,EntityCommonStockSharesOutstanding
1140859,"CENCORA, INC.",193917082.0,0001140859-25-000034,2025-01-31,,,,,,2024,EntityCommonStockSharesOutstanding
1140859,"CENCORA, INC.",194530682.0,0001140859-26-000006,2026-01-31,,,,,,2025,EntityCommonStockSharesOutstanding
1140859,"CENCORA, INC.",190827165.0,0001140859-26-000034,2026-07-31,,,,,,2026,EntityCommonStockSharesOutstanding
1145197,INSULET CORPORATION,70226104.0,0001145197-25-000007,2025-02-13,,,,,,2024,EntityCommonStockSharesOutstanding
1145197,INSULET CORPORATION,70395848.0,0001145197-26-000028,2026-02-11,,,,,,2025,EntityCommonStockSharesOutstanding
1145197,INSULET CORPORATION,69354199.0,0001145197-26-000169,2026-07-29,,,,,,2026,EntityCommonStockSharesOutstanding
1156039,"Elevance Health, Inc.",261351781.0,0001156039-16-000018,2016-02-04,,,,,,2015,EntityCommonStockSharesOutstanding
1156039,"Elevance Health, Inc.",264378577.0,0001156039-17-000002,2017-02-10,,,,,,2016,EntityCommonStockSharesOutstanding
1156039,"Elevance Health, Inc.",255721900.0,0001156039-18-000003,2018-02-09,,,,,,2017,EntityCommonStockSharesOutstanding
1156039,"Elevance Health, Inc.",257011928.0,0001156039-19-000004,2019-02-07,,,,,,2018,EntityCommonStockSharesOutstanding
1156039,"Elevance Health, Inc.",252329919.0,0001156039-20-000003,2020-02-06,,,,,,2019,EntityCommonStockSharesOutstanding
1156039,"Elevance Health, Inc.",244905689.0,0001156039-21-000012,2021-02-04,,,,,,2020,EntityCommonStockSharesOutstanding
1156039,"ANTHEM, INC.",241304369.0,0001156039-22-000009,2022-02-03,,,,,,2021,EntityCommonStockSharesOutstanding
1156039,"ELEVANCE HEALTH, INC.",237457776.0,0001156039-23-000007,2023-02-01,,,,,,2022,EntityCommonStockSharesOutstanding
1156039,"ELEVANCE HEALTH, INC.",232668735.0,0001156039-24-000015,2024-02-01,,,,,,2023,EntityCommonStockSharesOutstanding
1156039,"ELEVANCE HEALTH, INC.",227351871.0,0001156039-25-000010,2025-02-01,,,,,,2024,EntityCommonStockSharesOutstanding
1156039,"ELEVANCE HEALTH, INC.",220704667.0,0001156039-26-000013,2026-02-01,,,,,,2025,EntityCommonStockSharesOutstanding
1156039,"ELEVANCE HEALTH, INC.",216869290.0,0001156039-26-000060,2026-07-10,,,,,,2026,EntityCommonStockSharesOutstanding
1163165,ConocoPhillips,1236202726.0,0001193125-16-472901,2016-01-31,,,,,,2015,EntityCommonStockSharesOutstanding
1163165,ConocoPhillips,1235832469.0,0001193125-17-050077,2017-01-31,,,,,,2016,EntityCommonStockSharesOutstanding
1163165,ConocoPhillips,1174577506.0,0001193125-18-049729,2018-01-31,,,,,,2017,EntityCommonStockSharesOutstanding
1163165,ConocoPhillips,1134404094.0,0001193125-19-043841,2019-01-31,,,,,,2018,EntityCommonStockSharesOutstanding
1163165,ConocoPhillips,1081132415.0,0001193125-20-039954,2020-01-31,,,,,,2019,EntityCommonStockSharesOutstanding
1163165,ConocoPhillips,1354734727.0,0001562762-21-000027,2021-01-31,,,,,,2020,EntityCommonStockSharesOutstanding
1163165,ConocoPhillips,1299526916.0,0001562762-22-000031,2022-01-31,,,,,,2021,EntityCommonStockSharesOutstanding
1163165,ConocoPhillips,1218776494.0,0001163165-23-000006,2023-01-31,,,,,,2022,EntityCommonStockSharesOutstanding
1163165,ConocoPhillips,1176408368.0,0001163165-24-000010,2024-01-31,,,,,,2023,EntityCommonStockSharesOutstanding
1163165,ConocoPhillips,1272380205.0,0001163165-25-000012,2025-01-31,,,,,,2024,EntityCommonStockSharesOutstanding
1163165,ConocoPhillips,1222339152.0,0001163165-26-000009,2026-01-31,,,,,,2025,EntityCommonStockSharesOutstanding
1163165,ConocoPhillips,1201337479.0,0001163165-26-000032,2026-06-30,,,,,,2026,EntityCommonStockSharesOutstanding
1164727,NEWMONT CORPORATION,529161509.0,0001558370-16-003258,2016-02-09,,,,,,2015,EntityCommonStockSharesOutstanding
1164727,NEWMONT CORPORATION,531149818.0,0001558370-17-000729,2017-02-14,,,,,,2016,EntityCommonStockSharesOutstanding
1164727,NEWMONT CORPORATION,532669445.0,0001558370-19-000806,2019-02-14,,,,,,2018,EntityCommonStockSharesOutstanding
1164727,NEWMONT CORPORATION,807583184.0,0001558370-20-001041,2020-02-13,,,,,,2019,EntityCommonStockSharesOutstanding
1164727,NEWMONT CORPORATION,800314223.0,0001164727-21-000027,2021-02-11,,,,,,2020,EntityCommonStockSharesOutstanding
1164727,NEWMONT CORPORATION,1126861075.0,0001164727-25-000011,2025-02-13,,,,,,2024,EntityCommonStockSharesOutstanding
1164727,NEWMONT CORPORATION,1087874212.0,0001164727-26-000010,2026-02-12,,,,,,2025,EntityCommonStockSharesOutstanding
1164727,NEWMONT CORPORATION,1053692271.0,0001164727-26-000036,2026-07-16,,,,,,2026,EntityCommonStockSharesOutstanding
1174922,"WYNN RESORTS, LIMITED",101749906.0,0001174922-16-000144,2016-02-12,,,,,,2015,EntityCommonStockSharesOutstanding
1174922,"WYNN RESORTS, LIMITED",107516130.0,0001174922-20-000024,2020-02-14,,,,,,2019,EntityCommonStockSharesOutstanding
1174922,"WYNN RESORTS, LIMITED",113687786.0,0001174922-23-000048,2023-02-14,,,,,,2022,EntityCommonStockSharesOutstanding
1174922,"WYNN RESORTS, LIMITED",112078263.0,0001174922-24-000046,2024-02-14,,,,,,2023,EntityCommonStockSharesOutstanding
1174922,"WYNN RESORTS, LIMITED",106401372.0,0001174922-25-000039,2025-02-04,,,,,,2024,EntityCommonStockSharesOutstanding
1174922,"WYNN RESORTS, LIMITED",102973891.0,0001174922-26-000055,2026-07-31,,,,,,2026,EntityCommonStockSharesOutstanding
1175454,"Corpay, Inc.",91892435.0,0001175454-17-000005,2017-02-10,,,,,,2016,EntityCommonStockSharesOutstanding
1175454,"Corpay, Inc.",89808852.0,0001175454-18-000007,2018-02-09,,,,,,2017,EntityCommonStockSharesOutstanding
1175454,"Corpay, Inc.",85858421.0,0001175454-19-000004,2019-02-08,,,,,,2018,EntityCommonStockSharesOutstanding
1175454,"Corpay, Inc.",85429057.0,0001175454-20-000008,2020-02-07,,,,,,2019,EntityCommonStockSharesOutstanding
1175454,"Corpay, Inc.",83416310.0,0001175454-21-000022,2021-02-12,,,,,,2020,EntityCommonStockSharesOutstanding
1175454,"Corpay, Inc",65659599.0,0001175454-26-000050,2026-07-31,,,,,,2026,EntityCommonStockSharesOutstanding
1260221,TransDigm Group Incorporated,53466525.0,0001260221-16-000045,2016-01-26,,,,,,2015,EntityCommonStockSharesOutstanding
1260221,TransDigm Group Incorporated,52844515.0,0001260221-17-000009,2017-01-30,,,,,,2016,EntityCommonStockSharesOutstanding
1260221,TransDigm Group Incorporated,52196309.0,0001260221-18-000014,2018-01-29,,,,,,2017,EntityCommonStockSharesOutstanding
1260221,TransDigm Group Incorporated,52897155.0,0001260221-19-000007,2019-02-01,,,,,,2018,EntityCommonStockSharesOutstanding
1260221,TransDigm Group Incorporated,53667940.0,0001260221-20-000008,2020-01-26,,,,,,2019,EntityCommonStockSharesOutstanding
1260221,TransDigm Group Incorporated,54688918.0,0001260221-21-000027,2021-01-25,,,,,,2020,EntityCommonStockSharesOutstanding
1260221,TransDigm Group Incorporated,55462081.0,0001260221-22-000013,2022-01-31,,,,,,2021,EntityCommonStockSharesOutstanding
1260221,TransDigm Group Incorporated,54598064.0,0001260221-23-000007,2023-01-31,,,,,,2022,EntityCommonStockSharesOutstanding
1260221,TransDigm Group Incorporated,55606261.0,0001260221-24-000021,2024-01-31,,,,,,2023,EntityCommonStockSharesOutstanding
1260221,TransDigm Group Incorporated,56084587.0,0001260221-25-000014,2025-01-31,,,,,,2024,EntityCommonStockSharesOutstanding
1260221,TransDigm Group Incorporated,56473563.0,0001260221-26-000017,2026-01-30,,,,,,2025,EntityCommonStockSharesOutstanding
1260221,TransDigm Group Incorporated,55276525.0,0001260221-26-000053,2026-07-31,,,,,,2026,EntityCommonStockSharesOutstanding
1262039,"FORTINET, INC.",163190919.0,0001262039-21-000008,2021-02-12,,,,,,2020,EntityCommonStockSharesOutstanding
1262039,"FORTINET, INC.",733713653.0,0001262039-26-000021,2026-07-28,,,,,,2026,EntityCommonStockSharesOutstanding
1267238,"Assurant, Inc.",64777357.0,0001628280-16-011239,2016-02-10,,,,,,2015,EntityCommonStockSharesOutstanding
1267238,"Assurant, Inc.",55636312.0,0001628280-17-001320,2017-02-09,,,,,,2016,EntityCommonStockSharesOutstanding
1267238,"Assurant, Inc.",52475408.0,0001628280-18-001695,2018-02-08,,,,,,2017,EntityCommonStockSharesOutstanding
1267238,"Assurant, Inc.",59823754.0,0001267238-20-000004,2020-02-14,,,,,,2019,EntityCommonStockSharesOutstanding
1267238,"Assurant, Inc.",55161629.0,0001267238-22-000006,2022-02-11,,,,,,2021,EntityCommonStockSharesOutstanding
1267238,"Assurant, Inc.",52919741.0,0001267238-23-000007,2023-02-10,,,,,,2022,EntityCommonStockSharesOutstanding
1267238,"Assurant, Inc.",51977634.0,0001267238-24-000008,2024-02-09,,,,,,2023,EntityCommonStockSharesOutstanding
1267238,"Assurant, Inc.",50791921.0,0001267238-25-000008,2025-02-14,,,,,,2024,EntityCommonStockSharesOutstanding
1267238,"Assurant, Inc.",49699769.0,0001267238-26-000010,2026-02-13,,,,,,2025,EntityCommonStockSharesOutstanding
1267238,"Assurant, Inc.",49323767.0,0001267238-26-000041,2026-07-31,,,,,,2026,EntityCommonStockSharesOutstanding
1274494,"FIRST SOLAR, INC.",105457669.0,0001274494-20-000011,2020-02-14,,,,,,2019,EntityCommonStockSharesOutstanding
1274494,"First Solar, Inc.",107469788.0,0001274494-26-000170,2026-07-24,,,,,,2026,EntityCommonStockSharesOutstanding
1280452,"Monolithic Power Systems, Inc.",49143000.0,0001628280-26-053275,2026-07-29,,,,,,2026,EntityCommonStockSharesOutstanding
1281761,REGIONS FINANCIAL CORPORATION,1287827242.0,0001281761-16-000108,2016-02-11,,,,,,2015,EntityCommonStockSharesOutstanding
1281761,Regions Financial Corporation,851929506.0,0001281761-26-000055,2026-08-05,,,,,,2026,EntityCommonStockSharesOutstanding
1283699,"T-MOBILE US, INC.",818420728.0,0001283699-16-000073,2016-02-11,,,,,,2015,EntityCommonStockSharesOutstanding
1283699,"T-MOBILE US, INC.",826525821.0,0001283699-17-000010,2017-02-08,,,,,,2016,EntityCommonStockSharesOutstanding
1283699,"T-MOBILE US, INC.",854428593.0,0001283699-18-000011,2018-02-02,,,,,,2017,EntityCommonStockSharesOutstanding
1283699,"T-MOBILE US, INC.",850221464.0,0001283699-19-000015,2019-02-04,,,,,,2018,EntityCommonStockSharesOutstanding
1283699,"T-MOBILE US, INC.",856932845.0,0001283699-20-000026,2020-01-31,,,,,,2019,EntityCommonStockSharesOutstanding
1283699,"T-MOBILE US, INC.",1249289954.0,0001283699-22-000018,2022-02-07,,,,,,2021,EntityCommonStockSharesOutstanding
1283699,"T-MOBILE US, INC.",1219383110.0,0001283699-23-000016,2023-02-10,,,,,,2022,EntityCommonStockSharesOutstanding
1283699,"T-MOBILE US, INC.",1186867575.0,0001283699-24-000008,2024-01-31,,,,,,2023,EntityCommonStockSharesOutstanding
1283699,"T-MOBILE US, INC.",1141744952.0,0001283699-25-000012,2025-01-24,,,,,,2024,EntityCommonStockSharesOutstanding
1283699,"T-MOBILE US, INC.",1101862739.0,0001283699-26-000010,2026-02-06,,,,,,2025,EntityCommonStockSharesOutstanding
1283699,"T-MOBILE US, INC.",1072671613.0,0001283699-26-000101,2026-07-17,,,,,,2026,EntityCommonStockSharesOutstanding
1285785,Mosaic Co,350238549.0,0001618034-17-000005,2017-02-10,,,,,,2016,EntityCommonStockSharesOutstanding
1285785,Mosaic Co,378764442.0,0001618034-20-000003,2020-02-01,,,,,,2019,EntityCommonStockSharesOutstanding
1285785,Mosaic Co,379093342.0,0001618034-21-000003,2021-02-01,,,,,,2020,EntityCommonStockSharesOutstanding
1285785,Mosaic Co,368309275.0,0001618034-22-000004,2022-02-01,,,,,,2021,EntityCommonStockSharesOutstanding
1285785,Mosaic Co,317505258.0,0001285785-26-000054,2025-12-31,,,,,,2025,EntityCommonStockSharesOutstanding
1285785,MOSAIC CO,317895646.0,0001285785-26-000112,2026-07-31,,,,,,2026,EntityCommonStockSharesOutstanding
1286681,DOMINOS PIZZA INC,43018242.0,0001193125-18-049576,2018-02-13,,,,,,2017,EntityCommonStockSharesOutstanding
1286681,DOMINOS PIZZA INC,41040704.0,0001193125-19-046191,2019-02-14,,,,,,2018,EntityCommonStockSharesOutstanding
1286681,DOMINOS PIZZA INC,38667039.0,0001193125-20-042675,2020-02-13,,,,,,2019,EntityCommonStockSharesOutstanding
1286681,"Domino’s Pizza, Inc.",33081735.0,0001286681-26-000035,2026-07-13,,,,,,2026,EntityCommonStockSharesOutstanding
1289490,EXTRA SPACE STORAGE INC.,211137672.0,0001289490-26-000011,2026-02-13,,,,,,2025,EntityCommonStockSharesOutstanding
1289490,EXTRA SPACE STORAGE INC.,211269558.0,0001289490-26-000053,2026-07-24,,,,,,2026,EntityCommonStockSharesOutstanding
1297996,"DIGITAL REALTY TRUST, INC.",343615444.0,0001104659-26-015365,2026-02-09,,,,,,2025,EntityCommonStockSharesOutstanding
1300514,LAS VEGAS SANDS CORP.,763684915.0,0001300514-20-000011,2020-02-04,,,,,,2019,EntityCommonStockSharesOutstanding
1300514,LAS VEGAS SANDS CORP.,763842938.0,0001300514-21-000033,2021-02-02,,,,,,2020,EntityCommonStockSharesOutstanding
1300514,LAS VEGAS SANDS CORP.,763989752.0,0001300514-22-000007,2022-02-01,,,,,,2021,EntityCommonStockSharesOutstanding
1300514,LAS VEGAS SANDS CORP.,764273371.0,0001300514-23-000021,2023-02-01,,,,,,2022,EntityCommonStockSharesOutstanding
1300514,LAS VEGAS SANDS CORP.,753621428.0,0001300514-24-000048,2024-01-31,,,,,,2023,EntityCommonStockSharesOutstanding
1300514,LAS VEGAS SANDS CORP.,715934671.0,0001300514-25-000040,2025-02-05,,,,,,2024,EntityCommonStockSharesOutstanding
1300514,LAS VEGAS SANDS CORP.,671910723.0,0001300514-26-000013,2026-02-04,,,,,,2025,EntityCommonStockSharesOutstanding
1300514,LAS VEGAS SANDS CORP.,647701184.0,0001300514-26-000085,2026-07-22,,,,,,2026,EntityCommonStockSharesOutstanding
1316835,"BUILDERS FIRSTSOURCE, INC.",113621373.0,0000950170-25-023953,2025-02-14,,,,,,2024,EntityCommonStockSharesOutstanding
1316835,"BUILDERS FIRSTSOURCE, INC.",110605069.0,0001193125-26-054643,2026-02-11,,,,,,2025,EntityCommonStockSharesOutstanding
1316835,"BUILDERS FIRSTSOURCE, INC.",107596457.0,0001193125-26-325451,2026-07-23,,,,,,2026,EntityCommonStockSharesOutstanding
1318605,"Tesla, Inc.",132056338.0,0001564590-16-013195,2016-01-31,,,,,,2015,EntityCommonStockSharesOutstanding
1318605,"Tesla, Inc.",161670428.0,0001564590-17-003118,2017-01-31,,,,,,2016,EntityCommonStockSharesOutstanding
1318605,"Tesla, Inc.",168919941.0,0001564590-18-002956,2018-02-14,,,,,,2017,EntityCommonStockSharesOutstanding
1318605,"Tesla, Inc.",172721487.0,0001564590-19-003165,2019-02-12,,,,,,2018,EntityCommonStockSharesOutstanding
1318605,"Tesla, Inc.",181341586.0,0001564590-20-018984,2020-02-07,,,,,,2019,EntityCommonStockSharesOutstanding
1318605,"Tesla, Inc.",959853504.0,0001564590-21-022604,2021-02-01,,,,,,2020,EntityCommonStockSharesOutstanding
1318605,"Tesla, Inc.",1033507611.0,0001564590-22-016871,2022-01-31,,,,,,2021,EntityCommonStockSharesOutstanding
1318605,"Tesla, Inc.",3164102701.0,0000950170-23-001409,2023-01-25,,,,,,2022,EntityCommonStockSharesOutstanding
1318605,"Tesla, Inc.",3184790415.0,0001628280-24-002390,2024-01-22,,,,,,2023,EntityCommonStockSharesOutstanding
1318605,"Tesla, Inc.",3216517037.0,0001104659-25-042659,2025-01-22,,,,,,2024,EntityCommonStockSharesOutstanding
1318605,"Tesla, Inc.",3752431984.0,0001104659-26-053166,2026-01-23,,,,,,2025,EntityCommonStockSharesOutstanding
1318605,"Tesla, Inc.",3949547394.0,0001628280-26-049270,2026-07-16,,,,,,2026,EntityCommonStockSharesOutstanding
1324404,"CF INDUSTRIES HOLDINGS, INC.",233082556.0,0001324404-16-000019,2016-01-29,,,,,,2015,EntityCommonStockSharesOutstanding
1324404,"CF INDUSTRIES HOLDINGS, INC.",233114691.0,0001324404-17-000007,2017-01-31,,,,,,2016,EntityCommonStockSharesOutstanding
1324404,"CF INDUSTRIES HOLDINGS, INC.",233292049.0,0001324404-18-000006,2018-01-31,,,,,,2017,EntityCommonStockSharesOutstanding
1324404,"CF INDUSTRIES HOLDINGS, INC.",222890557.0,0001324404-19-000006,2019-01-31,,,,,,2018,EntityCommonStockSharesOutstanding
1324404,"CF INDUSTRIES HOLDINGS, INC.",216171177.0,0001324404-20-000006,2020-01-31,,,,,,2019,EntityCommonStockSharesOutstanding
1324404,"CF INDUSTRIES HOLDINGS, INC.",214159740.0,0001324404-21-000008,2021-01-29,,,,,,2020,EntityCommonStockSharesOutstanding
1324404,"CF INDUSTRIES HOLDINGS, INC.",207304882.0,0001324404-22-000008,2022-01-31,,,,,,2021,EntityCommonStockSharesOutstanding
1324404,"CF INDUSTRIES HOLDINGS, INC.",195768339.0,0001324404-23-000006,2023-01-31,,,,,,2022,EntityCommonStockSharesOutstanding
1324404,"CF INDUSTRIES HOLDINGS, INC.",188337896.0,0001324404-24-000008,2024-01-31,,,,,,2023,EntityCommonStockSharesOutstanding
1324404,"CF INDUSTRIES HOLDINGS, INC.",169536803.0,0001324404-25-000006,2025-01-31,,,,,,2024,EntityCommonStockSharesOutstanding
1324404,"CF INDUSTRIES HOLDINGS, INC.",153668821.0,0001324404-26-000007,2026-01-30,,,,,,2025,EntityCommonStockSharesOutstanding
1324404,"CF INDUSTRIES HOLDINGS, INC.",151338130.0,0001324404-26-000019,2026-08-03,,,,,,2026,EntityCommonStockSharesOutstanding
1326160,DUKE ENERGY CORPORATION,688377923.0,0001326160-16-000221,2016-01-31,,,,,,2015,EntityCommonStockSharesOutstanding
1326160,DUKE ENERGY CORPORATION,699607929.0,0001326160-17-000016,2017-01-31,,,,,,2016,EntityCommonStockSharesOutstanding
1326160,DUKE ENERGY CORPORATION,700092667.0,0001326160-18-000036,2018-01-31,,,,,,2017,EntityCommonStockSharesOutstanding
1326160,DUKE ENERGY CORPORATION,727010882.0,0001326160-19-000057,2019-01-31,,,,,,2018,EntityCommonStockSharesOutstanding
1326160,DUKE ENERGY CORPORATION,733321965.0,0001326160-20-000034,2020-01-31,,,,,,2019,EntityCommonStockSharesOutstanding
1326160,DUKE ENERGY CORPORATION,768663580.0,0001326160-21-000063,2021-01-31,,,,,,2020,EntityCommonStockSharesOutstanding
1326160,DUKE ENERGY CORPORATION,769358344.0,0001326160-22-000072,2022-01-31,,,,,,2021,EntityCommonStockSharesOutstanding
1326160,DUKE ENERGY CORPORATION,770080285.0,0001326160-23-000073,2023-01-31,,,,,,2022,EntityCommonStockSharesOutstanding
1326160,DUKE ENERGY CORPORATION,770811446.0,0001326160-24-000037,2024-01-31,,,,,,2023,EntityCommonStockSharesOutstanding
1326160,DUKE ENERGY CORPORATION,776461008.0,0001326160-25-000072,2025-01-31,,,,,,2024,EntityCommonStockSharesOutstanding
1326160,DUKE ENERGY CORPORATION,777670866.0,0001326160-26-000014,2026-01-31,,,,,,2025,EntityCommonStockSharesOutstanding
1327567,"PALO ALTO NETWORKS, INC",85908948.0,0001327567-15-000036,2015-11-16,,,,,,2015,EntityCommonStockSharesOutstanding
1327567,"PALO ALTO NETWORKS, INC",94880870.0,0001327567-18-000031,2018-11-20,,,,,,2018,EntityCommonStockSharesOutstanding
1327567,"PALO ALTO NETWORKS, INC",99704863.0,0001327567-20-000007,2020-02-14,,,,,,2019,EntityCommonStockSharesOutstanding
1327567,"PALO ALTO NETWORKS, INC",97242603.0,0001327567-21-000004,2021-02-12,,,,,,2020,EntityCommonStockSharesOutstanding
1327567,"PALO ALTO NETWORKS, INC",98484393.0,0001327567-22-000008,2022-02-14,,,,,,2021,EntityCommonStockSharesOutstanding
1327567,"PALO ALTO NETWORKS, INC",302607942.0,0001327567-23-000006,2023-02-10,,,,,,2022,EntityCommonStockSharesOutstanding
1327567,"PALO ALTO NETWORKS, INC",323100000.0,0001327567-24-000005,2024-02-12,,,,,,2023,EntityCommonStockSharesOutstanding
1327567,"PALO ALTO NETWORKS, INC",662100000.0,0001327567-25-000010,2025-02-07,,,,,,2024,EntityCommonStockSharesOutstanding
1327567,"PALO ALTO NETWORKS, INC",816000000.0,0001327567-26-000005,2026-02-11,,,,,,2025,EntityCommonStockSharesOutstanding
1327567,"PALO ALTO NETWORKS, INC",815000000.0,0001327567-26-000015,2026-05-26,,,,,,2026,EntityCommonStockSharesOutstanding
1327811,"WORKDAY, INC.",194000000.0,0001327811-15-000027,2015-11-30,,,,,,2015,EntityCommonStockSharesOutstanding
1327811,"WORKDAY, INC.",201000000.0,0001327811-16-000062,2016-11-30,,,,,,2016,EntityCommonStockSharesOutstanding
1327811,"WORKDAY, INC.",220000000.0,0001327811-18-000058,2018-11-30,,,,,,2018,EntityCommonStockSharesOutstanding
1335258,"LIVE NATION ENTERTAINMENT, INC.",233401156.0,0001335258-25-000028,2025-02-13,,,,,,2024,EntityCommonStockSharesOutstanding
1335258,"LIVE NATION ENTERTAINMENT, INC.",234801922.0,0001335258-26-000009,2026-02-12,,,,,,2025,EntityCommonStockSharesOutstanding
1335258,"LIVE NATION ENTERTAINMENT, INC.",235633860.0,0001335258-26-000035,2026-07-23,,,,,,2026,EntityCommonStockSharesOutstanding
1336920,"LEIDOS HOLDINGS, INC.",150352251.0,0001336920-17-000014,2017-02-14,,,,,,2016,EntityCommonStockSharesOutstanding
1336920,"LEIDOS HOLDINGS, INC.",151459401.0,0001336920-18-000008,2018-02-13,,,,,,2017,EntityCommonStockSharesOutstanding
1336920,"LEIDOS HOLDINGS, INC.",146160889.0,0001336920-19-000004,2019-02-11,,,,,,2018,EntityCommonStockSharesOutstanding
1336920,"LEIDOS HOLDINGS, INC.",141402269.0,0001336920-20-000023,2020-02-10,,,,,,2019,EntityCommonStockSharesOutstanding
1336920,"Leidos Holdings, Inc.",140505454.0,0001336920-22-000007,2022-02-08,,,,,,2021,EntityCommonStockSharesOutstanding
1336920,"Leidos Holdings, Inc.",136937673.0,0001336920-23-000015,2023-02-07,,,,,,2022,EntityCommonStockSharesOutstanding
1336920,"Leidos Holdings, Inc.",135779301.0,0001336920-24-000008,2024-02-06,,,,,,2023,EntityCommonStockSharesOutstanding
1336920,"Leidos Holdings, Inc.",131167372.0,0001336920-25-000006,2025-02-04,,,,,,2024,EntityCommonStockSharesOutstanding
1336920,"Leidos Holdings, Inc.",126392684.0,0001336920-26-000030,2026-02-10,,,,,,2025,EntityCommonStockSharesOutstanding
1336920,"Leidos Holdings, Inc.",125492209.0,0001336920-26-000246,2026-07-28,,,,,,2026,EntityCommonStockSharesOutstanding
1341439,Oracle Corporation,4201220000.0,0001193125-15-407703,2015-12-11,,,,,,2015,EntityCommonStockSharesOutstanding
1341439,Oracle Corporation,4102353000.0,0001193125-16-797253,2016-12-12,,,,,,2016,EntityCommonStockSharesOutstanding
1341439,Oracle Corporation,4139602000.0,0001193125-17-372232,2017-12-11,,,,,,2017,EntityCommonStockSharesOutstanding
1341439,Oracle Corporation,3588919000.0,0001564590-18-031113,2018-12-14,,,,,,2018,EntityCommonStockSharesOutstanding
1341439,Oracle Corporation,3207649000.0,0001564590-19-045966,2019-12-09,,,,,,2019,EntityCommonStockSharesOutstanding
1341439,Oracle Corporation,2944034000.0,0001564590-20-056896,2020-12-04,,,,,,2020,EntityCommonStockSharesOutstanding
1341439,Oracle Corporation,2670447000.0,0001564590-21-060022,2021-12-06,,,,,,2021,EntityCommonStockSharesOutstanding
1341439,Oracle Corporation,2696253000.0,0001564590-22-039278,2022-12-07,,,,,,2022,EntityCommonStockSharesOutstanding
1341439,Oracle Corporation,2748922000.0,0000950170-23-069682,2023-12-07,,,,,,2023,EntityCommonStockSharesOutstanding
1341439,Oracle Corporation,2796956000.0,0000950170-24-134973,2024-12-06,,,,,,2024,EntityCommonStockSharesOutstanding
1341439,ORACLE CORP,2873130000.0,0001193125-25-315925,2025-12-05,,,,,,2025,EntityCommonStockSharesOutstanding
1341439,Oracle Corporation,2880471000.0,0001193125-26-277521,2026-06-12,,,,,,2026,EntityCommonStockSharesOutstanding
1373715,"SERVICENOW, INC.",161400000.0,0001373715-16-000324,2016-01-31,,,,,,2015,EntityCommonStockSharesOutstanding
1373715,"SERVICENOW, INC.",168000000.0,0001373715-17-000026,2017-01-31,,,,,,2016,EntityCommonStockSharesOutstanding
1373715,"SERVICENOW, INC.",174700000.0,0001373715-18-000058,2018-01-31,,,,,,2017,EntityCommonStockSharesOutstanding
1373715,"SERVICENOW, INC.",180500000.0,0001373715-19-000070,2019-01-31,,,,,,2018,EntityCommonStockSharesOutstanding
1373715,"SERVICENOW, INC.",189800000.0,0001373715-20-000072,2020-01-31,,,,,,2019,EntityCommonStockSharesOutstanding
1373715,"SERVICENOW, INC.",196100000.0,0001373715-21-000061,2021-01-31,,,,,,2020,EntityCommonStockSharesOutstanding
1373715,"SERVICENOW, INC.",200000000.0,0001373715-22-000024,2022-01-31,,,,,,2021,EntityCommonStockSharesOutstanding
1373715,"SERVICENOW, INC.",203000000.0,0001373715-23-000035,2023-01-25,,,,,,2022,EntityCommonStockSharesOutstanding
1373715,"SERVICENOW, INC.",205000000.0,0001373715-24-000030,2024-01-19,,,,,,2023,EntityCommonStockSharesOutstanding
1373715,"SERVICENOW, INC.",206000000.0,0001373715-25-000010,2025-01-23,,,,,,2024,EntityCommonStockSharesOutstanding
1373715,"SERVICENOW, INC.",1046000000.0,0001373715-26-000007,2026-01-23,,,,,,2025,EntityCommonStockSharesOutstanding
1373715,"SERVICENOW, INC.",1034000000.0,0001373715-26-000076,2026-06-30,,,,,,2026,EntityCommonStockSharesOutstanding
1374310,"Cboe Global Markets, Inc.",81795365.0,0001374310-16-000038,2016-02-12,,,,,,2015,EntityCommonStockSharesOutstanding
1374310,"Cboe Global Markets, Inc.",110435193.0,0001558370-20-001127,2020-02-14,,,,,,2019,EntityCommonStockSharesOutstanding
1374310,"Cboe Global Markets, Inc.",107210079.0,0001558370-21-001286,2021-02-12,,,,,,2020,EntityCommonStockSharesOutstanding
1374310,"Cboe Global Markets, Inc.",106602177.0,0001558370-22-001386,2022-02-11,,,,,,2021,EntityCommonStockSharesOutstanding
1374310,"Cboe Global Markets, Inc.",105742628.0,0001558370-23-001489,2023-02-10,,,,,,2022,EntityCommonStockSharesOutstanding
1374310,"Cboe Global Markets, Inc.",105581561.0,0001558370-24-001277,2024-02-09,,,,,,2023,EntityCommonStockSharesOutstanding
1374310,"Cboe Global Markets, Inc.",104701695.0,0001628280-25-006984,2025-02-14,,,,,,2024,EntityCommonStockSharesOutstanding
1374310,"Cboe Global Markets, Inc.",104667696.0,0001628280-26-010013,2026-02-13,,,,,,2025,EntityCommonStockSharesOutstanding
1374310,"Cboe Global Markets, Inc.",104431019.0,0001628280-26-051239,2026-07-24,,,,,,2026,EntityCommonStockSharesOutstanding
1375365,"SUPER MICRO COMPUTER, INC.",47756966.0,0001628280-16-010768,2016-01-31,,,,,,2015,EntityCommonStockSharesOutstanding
1375365,"SUPER MICRO COMPUTER, INC.",48295896.0,0001628280-17-000961,2017-01-30,,,,,,2016,EntityCommonStockSharesOutstanding
1375365,"SUPER MICRO COMPUTER, INC.",51260228.0,0001375365-20-000011,2020-01-31,,,,,,2019,EntityCommonStockSharesOutstanding
1375365,"SUPER MICRO COMPUTER, INC.",50575310.0,0001375365-21-000011,2021-01-31,,,,,,2020,EntityCommonStockSharesOutstanding
1375365,"Super Micro Computer, Inc.",51563316.0,0001375365-22-000013,2022-01-31,,,,,,2021,EntityCommonStockSharesOutstanding
1375365,"Super Micro Computer, Inc.",53637158.0,0001375365-23-000012,2023-01-31,,,,,,2022,EntityCommonStockSharesOutstanding
1375365,"Super Micro Computer, Inc.",55933330.0,0001375365-24-000011,2024-01-31,,,,,,2023,EntityCommonStockSharesOutstanding
1375365,"Super Micro Computer, Inc.",593481352.0,0001375365-25-000006,2025-01-31,,,,,,2024,EntityCommonStockSharesOutstanding
1375365,"Super Micro Computer, Inc.",598989428.0,0001375365-26-000007,2026-01-31,,,,,,2025,EntityCommonStockSharesOutstanding
1375365,"Super Micro Computer, Inc.",656965384.0,0001375365-26-000022,2026-07-31,,,,,,2026,EntityCommonStockSharesOutstanding
1383312,"BROADRIDGE FINANCIAL SOLUTIONS, INC.",118833877.0,0001383312-16-000078,2016-01-29,,,,,,2015,EntityCommonStockSharesOutstanding
1383312,"BROADRIDGE FINANCIAL SOLUTIONS, INC.",118276050.0,0001383312-17-000012,2017-01-31,,,,,,2016,EntityCommonStockSharesOutstanding
1383312,"BROADRIDGE FINANCIAL SOLUTIONS, INC.",116654180.0,0001383312-18-000007,2018-01-31,,,,,,2017,EntityCommonStockSharesOutstanding
1383312,"BROADRIDGE FINANCIAL SOLUTIONS, INC.",115680778.0,0001383312-19-000008,2019-01-31,,,,,,2018,EntityCommonStockSharesOutstanding
1383312,"BROADRIDGE FINANCIAL SOLUTIONS, INC.",114802549.0,0001383312-20-000013,2020-01-24,,,,,,2019,EntityCommonStockSharesOutstanding
1383312,"BROADRIDGE FINANCIAL SOLUTIONS, INC.",115798817.0,0001383312-21-000009,2021-01-26,,,,,,2020,EntityCommonStockSharesOutstanding
1383312,"BROADRIDGE FINANCIAL SOLUTIONS, INC.",116772573.0,0001383312-22-000007,2022-01-27,,,,,,2021,EntityCommonStockSharesOutstanding
1383312,"BROADRIDGE FINANCIAL SOLUTIONS, INC.",117693016.0,0001383312-23-000010,2023-01-27,,,,,,2022,EntityCommonStockSharesOutstanding
1383312,"BROADRIDGE FINANCIAL SOLUTIONS, INC.",117772219.0,0001383312-24-000007,2024-01-29,,,,,,2023,EntityCommonStockSharesOutstanding
1383312,"BROADRIDGE FINANCIAL SOLUTIONS, INC.",117018687.0,0001383312-25-000006,2025-01-28,,,,,,2024,EntityCommonStockSharesOutstanding
1383312,"BROADRIDGE FINANCIAL SOLUTIONS, INC.",116748715.0,0001628280-26-004859,2026-01-29,,,,,,2025,EntityCommonStockSharesOutstanding
1383312,"BROADRIDGE FINANCIAL SOLUTIONS, INC.",114021798.0,0001628280-26-052243,2026-07-31,,,,,,2026,EntityCommonStockSharesOutstanding
1385157,TE CONNECTIVITY PLC,369677636.0,0001047469-16-009797,2016-01-15,,,,,,2015,EntityCommonStockSharesOutstanding
1385157,TE CONNECTIVITY PLC,355292904.0,0001047469-17-000362,2017-01-23,,,,,,2016,EntityCommonStockSharesOutstanding
1385157,TE CONNECTIVITY PLC,351206368.0,0001047469-18-000394,2018-01-19,,,,,,2017,EntityCommonStockSharesOutstanding
1385157,TE CONNECTIVITY PLC,338854434.0,0001047469-19-000224,2019-01-18,,,,,,2018,EntityCommonStockSharesOutstanding
1385157,TE CONNECTIVITY PLC,334142101.0,0001558370-20-000310,2020-01-24,,,,,,2019,EntityCommonStockSharesOutstanding
1385157,TE CONNECTIVITY PLC,330888764.0,0001558370-21-000486,2021-01-22,,,,,,2020,EntityCommonStockSharesOutstanding
1385157,TE CONNECTIVITY LTD.,325575225.0,0001558370-22-000572,2022-01-21,,,,,,2021,EntityCommonStockSharesOutstanding
1385157,TE CONNECTIVITY LTD.,316456616.0,0001558370-23-000648,2023-01-20,,,,,,2022,EntityCommonStockSharesOutstanding
1385157,TE CONNECTIVITY LTD.,308798987.0,0001558370-24-000581,2024-01-19,,,,,,2023,EntityCommonStockSharesOutstanding
1385157,TE CONNECTIVITY PLC,298353180.0,0001558370-25-000397,2025-01-17,,,,,,2024,EntityCommonStockSharesOutstanding
1385157,TE CONNECTIVITY PLC,293434273.0,0001104659-26-006062,2026-01-16,,,,,,2025,EntityCommonStockSharesOutstanding
1385157,TE CONNECTIVITY PLC,289513228.0,0001104659-26-086509,2026-07-20,,,,,,2026,EntityCommonStockSharesOutstanding
1389170,TARGA RESOURCES CORP.,193949450.0,0001564590-17-001810,2017-02-10,,,,,,2016,EntityCommonStockSharesOutstanding
1389170,TARGA RESOURCES CORP.,218830282.0,0001564590-18-002330,2018-02-12,,,,,,2017,EntityCommonStockSharesOutstanding
1389170,TARGA RESOURCES CORP.,228654246.0,0001564590-21-006640,2021-02-12,,,,,,2020,EntityCommonStockSharesOutstanding
1389170,TARGA RESOURCES CORP.,223155363.0,0000950170-24-015841,2024-02-09,,,,,,2023,EntityCommonStockSharesOutstanding
1389170,TARGA RESOURCES CORP.,218106765.0,0000950170-25-023983,2025-02-14,,,,,,2024,EntityCommonStockSharesOutstanding
1389170,TARGA RESOURCES CORP.,214951798.0,0001193125-26-059296,2026-02-13,,,,,,2025,EntityCommonStockSharesOutstanding
1389170,TARGA RESOURCES CORP.,214431021.0,0001193125-26-337729,2026-07-31,,,,,,2026,EntityCommonStockSharesOutstanding
1390777,Bank of New York Mellon Corp,1075800941.0,0001390777-16-000204,2016-01-31,,,,,,2015,EntityCommonStockSharesOutstanding
1390777,Bank of New York Mellon Corp,1037455967.0,0001390777-17-000065,2017-01-31,,,,,,2016,EntityCommonStockSharesOutstanding
1390777,Bank of New York Mellon Corp,1009749214.0,0001390777-18-000069,2018-01-31,,,,,,2017,EntityCommonStockSharesOutstanding
1390777,Bank of New York Mellon Corp,954548741.0,0001390777-19-000050,2019-01-31,,,,,,2018,EntityCommonStockSharesOutstanding
1390777,Bank of New York Mellon Corp,890210117.0,0001390777-20-000044,2020-01-31,,,,,,2019,EntityCommonStockSharesOutstanding
1390777,Bank of New York Mellon Corp,878735187.0,0001390777-21-000037,2021-01-31,,,,,,2020,EntityCommonStockSharesOutstanding
1390777,THE BANK OF NEW YORK MELLON CORPORATION,804494791.0,0001390777-22-000043,2022-01-31,,,,,,2021,EntityCommonStockSharesOutstanding
1390777,THE BANK OF NEW YORK MELLON CORPORATION,804200938.0,0001390777-23-000033,2023-01-31,,,,,,2022,EntityCommonStockSharesOutstanding
1390777,THE BANK OF NEW YORK MELLON CORPORATION,754437391.0,0001390777-24-000051,2024-01-31,,,,,,2023,EntityCommonStockSharesOutstanding
1390777,THE BANK OF NEW YORK MELLON CORPORATION,716320652.0,0001390777-25-000046,2025-01-31,,,,,,2024,EntityCommonStockSharesOutstanding
1390777,THE BANK OF NEW YORK MELLON CORPORATION,686907398.0,0001390777-26-000033,2026-01-31,,,,,,2025,EntityCommonStockSharesOutstanding
1390777,THE BANK OF NEW YORK MELLON CORPORATION,678504142.0,0001390777-26-000086,2026-06-30,,,,,,2026,EntityCommonStockSharesOutstanding
1393052,Veeva Systems Inc.,161015649.0,0001393052-23-000066,2023-11-30,,,,,,2023,EntityCommonStockSharesOutstanding
1393052,Veeva Systems Inc.,162350353.0,0001393052-24-000075,2024-12-06,,,,,,2024,EntityCommonStockSharesOutstanding
1393052,Veeva Systems Inc.,164381855.0,0001393052-25-000078,2025-11-19,,,,,,2025,EntityCommonStockSharesOutstanding
1393052,Veeva Systems Inc.,162443291.0,0001393052-26-000026,2026-06-01,,,,,,2026,EntityCommonStockSharesOutstanding
1393311,PUBLIC STORAGE,175691404.0,0001393311-24-000043,2024-02-13,,,,,,2023,EntityCommonStockSharesOutstanding
1393311,PUBLIC STORAGE,175506447.0,0001628280-26-007696,2026-02-05,,,,,,2025,EntityCommonStockSharesOutstanding
1393311,Public Storage,175621134.0,0001628280-26-050612,2026-07-21,,,,,,2026,EntityCommonStockSharesOutstanding
1393818,Blackstone Inc.,750625114.0,0001193125-26-340208,2026-07-31,,,,,,2026,EntityCommonStockSharesOutstanding
1396009,VULCAN MATERIALS COMPANY,133181057.0,0001396009-16-000044,2016-02-11,,,,,,2015,EntityCommonStockSharesOutstanding
1396009,VULCAN MATERIALS COMPANY,132355703.0,0001396009-17-000005,2017-02-14,,,,,,2016,EntityCommonStockSharesOutstanding
1396009,VULCAN MATERIALS COMPANY,132482375.0,0001396009-18-000011,2018-02-13,,,,,,2017,EntityCommonStockSharesOutstanding
1396009,VULCAN MATERIALS COMPANY,131830868.0,0001396009-19-000021,2019-02-12,,,,,,2018,EntityCommonStockSharesOutstanding
1396009,VULCAN MATERIALS COMPANY,132394732.0,0001396009-20-000006,2020-02-13,,,,,,2019,EntityCommonStockSharesOutstanding
1396009,VULCAN MATERIALS COMPANY,132547092.0,0001396009-21-000009,2021-02-12,,,,,,2020,EntityCommonStockSharesOutstanding
1396009,VULCAN MATERIALS COMPANY,132974340.0,0001396009-23-000007,2023-02-14,,,,,,2022,EntityCommonStockSharesOutstanding
1396009,VULCAN MATERIALS COMPANY,132227110.0,0001396009-24-000006,2024-02-13,,,,,,2023,EntityCommonStockSharesOutstanding
1396009,VULCAN MATERIALS COMPANY,132109660.0,0001396009-25-000005,2025-02-13,,,,,,2024,EntityCommonStockSharesOutstanding
1396009,VULCAN MATERIALS COMPANY,130580384.0,0001628280-26-009546,2026-02-11,,,,,,2025,EntityCommonStockSharesOutstanding
1396009,VULCAN MATERIALS COMPANY,129578739.0,0001628280-26-050486,2026-07-21,,,,,,2026,EntityCommonStockSharesOutstanding
1397187,lululemon athletica inc.,128749784.0,0001397187-15-000071,2015-12-03,,,,,,2015,EntityCommonStockSharesOutstanding
1397187,lululemon athletica inc.,127295920.0,0001397187-16-000134,2016-12-02,,,,,,2016,EntityCommonStockSharesOutstanding
1397187,lululemon athletica inc.,125599066.0,0001397187-17-000048,2017-12-01,,,,,,2017,EntityCommonStockSharesOutstanding
1397187,lululemon athletica inc.,122627574.0,0001397187-18-000053,2018-12-03,,,,,,2018,EntityCommonStockSharesOutstanding
1397187,lululemon athletica inc.,123334595.0,0001397187-19-000072,2019-12-06,,,,,,2019,EntityCommonStockSharesOutstanding
1397187,lululemon athletica inc.,125122533.0,0001397187-20-000057,2020-12-04,,,,,,2020,EntityCommonStockSharesOutstanding
1397187,lululemon athletica inc.,124090903.0,0001397187-21-000039,2021-12-02,,,,,,2021,EntityCommonStockSharesOutstanding
1397187,lululemon athletica inc.,122398776.0,0001397187-22-000049,2022-12-02,,,,,,2022,EntityCommonStockSharesOutstanding
1397187,lululemon athletica inc.,121074786.0,0001397187-23-000052,2023-12-01,,,,,,2023,EntityCommonStockSharesOutstanding
1397187,lululemon athletica inc.,116667564.0,0001397187-24-000041,2024-11-29,,,,,,2024,EntityCommonStockSharesOutstanding
1397187,lululemon athletica inc.,112190041.0,0001397187-25-000055,2025-12-05,,,,,,2025,EntityCommonStockSharesOutstanding
1397187,lululemon athletica inc.,108437957.0,0001397187-26-000078,2026-05-29,,,,,,2026,EntityCommonStockSharesOutstanding
1402057,CDW CORP,125017426.0,0001402057-26-000065,2026-07-31,,,,,,2026,EntityCommonStockSharesOutstanding
1403568,"ULTA BEAUTY, INC.",63699389.0,0001193125-15-394322,2015-11-25,,,,,,2015,EntityCommonStockSharesOutstanding
1403568,"ULTA BEAUTY, INC.",62232788.0,0001193125-16-782523,2016-11-28,,,,,,2016,EntityCommonStockSharesOutstanding
1403568,"ULTA BEAUTY, INC.",60992388.0,0001558370-17-009136,2017-11-27,,,,,,2017,EntityCommonStockSharesOutstanding
1403568,"ULTA BEAUTY, INC.",59312145.0,0001558370-18-009611,2018-12-04,,,,,,2018,EntityCommonStockSharesOutstanding
1403568,"ULTA BEAUTY, INC.",57161342.0,0001558370-19-011366,2019-12-02,,,,,,2019,EntityCommonStockSharesOutstanding
1403568,"ULTA BEAUTY, INC.",56338639.0,0001558370-20-014169,2020-11-30,,,,,,2020,EntityCommonStockSharesOutstanding
1403568,"ULTA BEAUTY, INC.",54120173.0,0001558370-21-016478,2021-11-29,,,,,,2021,EntityCommonStockSharesOutstanding
1403568,"ULTA BEAUTY, INC.",50880771.0,0001558370-22-018318,2022-11-28,,,,,,2022,EntityCommonStockSharesOutstanding
1403568,"ULTA BEAUTY, INC.",48561517.0,0001558370-23-019393,2023-11-27,,,,,,2023,EntityCommonStockSharesOutstanding
1403568,"ULTA BEAUTY, INC.",46372538.0,0001558370-24-016048,2024-12-02,,,,,,2024,EntityCommonStockSharesOutstanding
1403568,"ULTA BEAUTY, INC.",44362172.0,0001104659-25-118458,2025-12-01,,,,,,2025,EntityCommonStockSharesOutstanding
1403568,"ULTA BEAUTY, INC.",42989311.0,0001104659-26-069491,2026-05-28,,,,,,2026,EntityCommonStockSharesOutstanding
1404912,KKR & CO. INC.,897635601.0,0001404912-26-000027,2026-08-05,,,,,,2026,EntityCommonStockSharesOutstanding
1408198,MSCI Inc.,84808104.0,0001564590-20-004992,2020-02-11,,,,,,2019,EntityCommonStockSharesOutstanding
1408198,MSCI Inc.,82574643.0,0001564590-21-005811,2021-02-05,,,,,,2020,EntityCommonStockSharesOutstanding
1408198,MSCI INC.,81268195.0,0001564590-22-004803,2022-02-04,,,,,,2021,EntityCommonStockSharesOutstanding
1408198,MSCI INC.,79959989.0,0001408198-23-000011,2023-02-03,,,,,,2022,EntityCommonStockSharesOutstanding
1408198,MSCI INC.,79091212.0,0001408198-24-000030,2024-02-02,,,,,,2023,EntityCommonStockSharesOutstanding
1408198,MSCI INC.,77651999.0,0001408198-25-000053,2025-01-31,,,,,,2024,EntityCommonStockSharesOutstanding
1408198,MSCI INC.,73474042.0,0001408198-26-000011,2026-01-30,,,,,,2025,EntityCommonStockSharesOutstanding
1408198,MSCI INC.,72700000.0,0001408198-26-000046,2026-07-14,,,,,,2026,EntityCommonStockSharesOutstanding
1410636,"American Water Works Company, Inc.",180751697.0,0001410636-19-000041,2019-02-14,,,,,,2018,EntityCommonStockSharesOutstanding
1410636,"American Water Works Company, Inc.",180974719.0,0001410636-20-000040,2020-02-13,,,,,,2019,EntityCommonStockSharesOutstanding
1410636,"AMERICAN WATER WORKS COMPANY, INC.",181724991.0,0001410636-22-000048,2022-02-10,,,,,,2021,EntityCommonStockSharesOutstanding
1410636,"AMERICAN WATER WORKS COMPANY, INC.",181858619.0,0001410636-23-000020,2023-01-31,,,,,,2022,EntityCommonStockSharesOutstanding
1410636,"AMERICAN WATER WORKS COMPANY, INC.",194755320.0,0001410636-24-000050,2024-02-06,,,,,,2023,EntityCommonStockSharesOutstanding
1410636,"AMERICAN WATER WORKS COMPANY, INC.",194947313.0,0001410636-25-000022,2025-02-10,,,,,,2024,EntityCommonStockSharesOutstanding
1410636,"American Water Works Company, Inc.",195208666.0,0001410636-26-000034,2026-02-09,,,,,,2025,EntityCommonStockSharesOutstanding
1410636,"AMERICAN WATER WORKS COMPANY, INC.",198728989.0,0001410636-26-000120,2026-07-20,,,,,,2026,EntityCommonStockSharesOutstanding
1413329,Philip Morris International Inc.,1549347456.0,0001413329-16-000076,2016-01-29,,,,,,2015,EntityCommonStockSharesOutstanding
1413329,Philip Morris International Inc.,1551385884.0,0001413329-17-000014,2017-01-31,,,,,,2016,EntityCommonStockSharesOutstanding
1413329,Philip Morris International Inc.,1553229898.0,0001413329-18-000007,2018-01-31,,,,,,2017,EntityCommonStockSharesOutstanding
1413329,Philip Morris International Inc.,1554584344.0,0001413329-19-000007,2019-01-31,,,,,,2018,EntityCommonStockSharesOutstanding
1413329,Philip Morris International Inc.,1555911930.0,0001413329-20-000007,2020-01-31,,,,,,2019,EntityCommonStockSharesOutstanding
1413329,Philip Morris International Inc.,1557451856.0,0001413329-21-000007,2021-01-29,,,,,,2020,EntityCommonStockSharesOutstanding
1413329,PHILIP MORRIS INTERNATIONAL INC.,1549827817.0,0001413329-22-000011,2022-01-31,,,,,,2021,EntityCommonStockSharesOutstanding
1413329,PHILIP MORRIS INTERNATIONAL INC.,1550232895.0,0001413329-23-000025,2023-01-31,,,,,,2022,EntityCommonStockSharesOutstanding
1413329,PHILIP MORRIS INTERNATIONAL INC.,1552456597.0,0001413329-24-000013,2024-01-31,,,,,,2023,EntityCommonStockSharesOutstanding
1413329,PHILIP MORRIS INTERNATIONAL INC.,1554857221.0,0001413329-25-000013,2025-01-31,,,,,,2024,EntityCommonStockSharesOutstanding
1413329,PHILIP MORRIS INTERNATIONAL INC.,1556679579.0,0001628280-26-005939,2026-01-30,,,,,,2025,EntityCommonStockSharesOutstanding
1413329,Philip Morris International Inc.,1558613439.0,0001628280-26-049493,2026-07-17,,,,,,2026,EntityCommonStockSharesOutstanding
1413447,NXP Semiconductors N.V.,346002862.0,0001193125-16-481954,2015-12-31,,,,,,2015,EntityCommonStockSharesOutstanding
1413447,NXP Semiconductors N.V.,346002862.0,0001193125-17-068664,2016-12-31,,,,,,2016,EntityCommonStockSharesOutstanding
1413447,NXP Semiconductors N.V.,346002862.0,0001193125-18-114230,2017-12-31,,,,,,2017,EntityCommonStockSharesOutstanding
1413447,NXP Semiconductors N.V.,328702719.0,0001564590-19-005657,2018-12-31,,,,,,2018,EntityCommonStockSharesOutstanding
1413447,NXP Semiconductors N.V.,253620117.0,0001413447-25-000019,2025-02-14,,,,,,2024,EntityCommonStockSharesOutstanding
1413447,NXP Semiconductors N.V.,252692845.0,0001413447-26-000008,2026-02-10,,,,,,2025,EntityCommonStockSharesOutstanding
1413447,NXP Semiconductors N.V.,252164174.0,0001413447-26-000045,2026-07-24,,,,,,2026,EntityCommonStockSharesOutstanding
1418135,Keurig Dr Pepper Inc.,183094247.0,0001418135-17-000010,2017-02-10,,,,,,2016,EntityCommonStockSharesOutstanding
1418135,Keurig Dr Pepper Inc.,179744078.0,0001418135-18-000006,2018-02-08,,,,,,2017,EntityCommonStockSharesOutstanding
1418135,Keurig Dr Pepper Inc.,1360826038.0,0001418135-26-000051,2026-08-10,,,,,,2026,EntityCommonStockSharesOutstanding
1437107,"Warner Bros. Discovery, Inc.",2430029982.0,0001437107-23-000019,2023-02-09,,,,,,2022,EntityCommonStockSharesOutstanding
1437107,"Warner Bros. Discovery, Inc.",2439687237.0,0001437107-24-000017,2024-02-08,,,,,,2023,EntityCommonStockSharesOutstanding
1437107,"Warner Bros. Discovery, Inc.",2454764337.0,0001437107-25-000031,2025-02-13,,,,,,2024,EntityCommonStockSharesOutstanding
1437107,"Warner Bros. Discovery, Inc.",2479929515.0,0001437107-26-000020,2026-02-12,,,,,,2025,EntityCommonStockSharesOutstanding
1437107,"Warner Bros. Discovery, Inc.",2510703314.0,0001437107-26-000075,2026-07-23,,,,,,2026,EntityCommonStockSharesOutstanding
1442145,"VERISK ANALYTICS, INC.",163075947.0,0001442145-20-000012,2020-02-14,,,,,,2019,EntityCommonStockSharesOutstanding
1442145,"Verisk Analytics, Inc.",137941888.0,0001437749-26-004452,2026-02-13,,,,,,2025,EntityCommonStockSharesOutstanding
1442145,"Verisk Analytics, Inc.",130156012.0,0001437749-26-024749,2026-07-24,,,,,,2026,EntityCommonStockSharesOutstanding
1466258,TRANE TECHNOLOGIES PLC,256847948.0,0001466258-16-000319,2016-02-01,,,,,,2015,EntityCommonStockSharesOutstanding
1466258,TRANE TECHNOLOGIES PLC,259508972.0,0001466258-17-000053,2017-02-01,,,,,,2016,EntityCommonStockSharesOutstanding
1466258,TRANE TECHNOLOGIES PLC,249889299.0,0001466258-18-000063,2018-02-01,,,,,,2017,EntityCommonStockSharesOutstanding
1466258,TRANE TECHNOLOGIES PLC,242168631.0,0001466258-19-000073,2019-02-01,,,,,,2018,EntityCommonStockSharesOutstanding
1466258,TRANE TECHNOLOGIES PLC,238401033.0,0001466258-20-000064,2020-02-01,,,,,,2019,EntityCommonStockSharesOutstanding
1466258,TRANE TECHNOLOGIES PLC,238428700.0,0001466258-21-000027,2021-02-01,,,,,,2020,EntityCommonStockSharesOutstanding
1466258,TRANE TECHNOLOGIES PLC,233538091.0,0001466258-22-000031,2022-02-01,,,,,,2021,EntityCommonStockSharesOutstanding
1466258,TRANE TECHNOLOGIES PLC,229074725.0,0001466258-23-000058,2023-02-03,,,,,,2022,EntityCommonStockSharesOutstanding
1466258,TRANE TECHNOLOGIES PLC,227072224.0,0001466258-24-000047,2024-02-02,,,,,,2023,EntityCommonStockSharesOutstanding
1466258,TRANE TECHNOLOGIES PLC,224290964.0,0001466258-25-000039,2025-01-31,,,,,,2024,EntityCommonStockSharesOutstanding
1466258,TRANE TECHNOLOGIES PLC,221331905.0,0001628280-26-005731,2026-01-30,,,,,,2025,EntityCommonStockSharesOutstanding
1466258,TRANE TECHNOLOGIES PLC,220023177.0,0001628280-26-051117,2026-07-24,,,,,,2026,EntityCommonStockSharesOutstanding
1467858,GENERAL MOTORS COMPANY,1544492608.0,0001467858-16-000255,2016-01-27,,,,,,2015,EntityCommonStockSharesOutstanding
1467858,GENERAL MOTORS COMPANY,1497964557.0,0001467858-17-000028,2017-01-31,,,,,,2016,EntityCommonStockSharesOutstanding
1467858,GENERAL MOTORS COMPANY,1402630363.0,0001467858-18-000022,2018-01-30,,,,,,2017,EntityCommonStockSharesOutstanding
1467858,GENERAL MOTORS COMPANY,1409478926.0,0001467858-19-000033,2019-01-25,,,,,,2018,EntityCommonStockSharesOutstanding
1467858,GENERAL MOTORS COMPANY,1429002063.0,0001467858-20-000028,2020-01-24,,,,,,2019,EntityCommonStockSharesOutstanding
1467858,GENERAL MOTORS COMPANY,1440912820.0,0001467858-21-000037,2021-01-29,,,,,,2020,EntityCommonStockSharesOutstanding
1467858,GENERAL MOTORS COMPANY,1453021337.0,0001467858-22-000034,2022-01-18,,,,,,2021,EntityCommonStockSharesOutstanding
1467858,GENERAL MOTORS COMPANY,1394637226.0,0001467858-23-000029,2023-01-17,,,,,,2022,EntityCommonStockSharesOutstanding
1467858,GENERAL MOTORS COMPANY,1154433287.0,0001467858-24-000031,2024-01-16,,,,,,2023,EntityCommonStockSharesOutstanding
1467858,GENERAL MOTORS COMPANY,995001891.0,0001467858-25-000032,2025-01-16,,,,,,2024,EntityCommonStockSharesOutstanding
1467858,GENERAL MOTORS COMPANY,903967853.0,0001467858-26-000013,2026-01-15,,,,,,2025,EntityCommonStockSharesOutstanding
1467858,GENERAL MOTORS COMPANY,877451541.0,0001467858-26-000051,2026-07-10,,,,,,2026,EntityCommonStockSharesOutstanding
1474735,GENERAC HOLDINGS INC.,59614025.0,0001437749-25-004353,2025-02-14,,,,,,2024,EntityCommonStockSharesOutstanding
1474735,GENERAC HOLDINGS INC.,58675827.0,0001437749-26-004568,2026-02-13,,,,,,2025,EntityCommonStockSharesOutstanding
1474735,GENERAC HOLDINGS INC.,59006361.0,0001437749-26-025669,2026-07-31,,,,,,2026,EntityCommonStockSharesOutstanding
1478242,IQVIA HOLDINGS INC.,119384993.0,0001564590-16-012629,2016-02-04,,,,,,2015,EntityCommonStockSharesOutstanding
1478242,IQVIA HOLDINGS INC.,235719111.0,0001193125-17-046709,2017-02-09,,,,,,2016,EntityCommonStockSharesOutstanding
1478242,IQVIA HOLDINGS INC.,208251468.0,0001564590-18-002340,2018-02-12,,,,,,2017,EntityCommonStockSharesOutstanding
1478242,IQVIA HOLDINGS INC.,197599861.0,0001564590-19-003180,2019-02-12,,,,,,2018,EntityCommonStockSharesOutstanding
1478242,IQVIA HOLDINGS INC.,192339093.0,0001564590-20-004901,2020-02-07,,,,,,2019,EntityCommonStockSharesOutstanding
1478242,IQVIA HOLDINGS INC.,191281286.0,0001478242-21-000020,2021-02-01,,,,,,2020,EntityCommonStockSharesOutstanding
1478242,IQVIA HOLDINGS INC.,190485264.0,0001478242-22-000041,2022-02-07,,,,,,2021,EntityCommonStockSharesOutstanding
1478242,IQVIA HOLDINGS INC.,185722621.0,0001478242-23-000044,2023-02-06,,,,,,2022,EntityCommonStockSharesOutstanding
1478242,IQVIA HOLDINGS INC.,181500000.0,0001478242-24-000038,2024-02-05,,,,,,2023,EntityCommonStockSharesOutstanding
1478242,IQVIA HOLDINGS INC.,176100000.0,0001478242-25-000045,2025-02-05,,,,,,2024,EntityCommonStockSharesOutstanding
1478242,IQVIA HOLDINGS INC.,169700000.0,0001628280-26-008322,2026-02-06,,,,,,2025,EntityCommonStockSharesOutstanding
1478242,IQVIA HOLDINGS INC.,164600000.0,0001628280-26-050211,2026-07-21,,,,,,2026,EntityCommonStockSharesOutstanding
1489393,LYONDELLBASELL INDUSTRIES N.V.,432200532.0,0001193125-16-465311,2016-02-11,,,,,,2015,EntityCommonStockSharesOutstanding
1489393,LYONDELLBASELL INDUSTRIES N.V.,402531335.0,0001193125-17-047661,2017-02-14,,,,,,2016,EntityCommonStockSharesOutstanding
1489393,LYONDELLBASELL INDUSTRIES N.V.,323037952.0,0001489393-26-000061,2026-07-29,,,,,,2026,EntityCommonStockSharesOutstanding
1501585,"HUNTINGTON INGALLS INDUSTRIES, INC.",46814808.0,0001501585-16-000038,2016-02-12,,,,,,2015,EntityCommonStockSharesOutstanding
1501585,"HUNTINGTON INGALLS INDUSTRIES, INC.",46030947.0,0001501585-17-000005,2017-02-10,,,,,,2016,EntityCommonStockSharesOutstanding
1501585,"HUNTINGTON INGALLS INDUSTRIES, INC.",44785776.0,0001501585-18-000006,2018-02-09,,,,,,2017,EntityCommonStockSharesOutstanding
1501585,"HUNTINGTON INGALLS INDUSTRIES, INC.",41529911.0,0001501585-19-000005,2019-02-08,,,,,,2018,EntityCommonStockSharesOutstanding
1501585,"HUNTINGTON INGALLS INDUSTRIES, INC.",40759988.0,0001501585-20-000011,2020-02-07,,,,,,2019,EntityCommonStockSharesOutstanding
1501585,"HUNTINGTON INGALLS INDUSTRIES, INC.",40316760.0,0001501585-21-000008,2021-02-05,,,,,,2020,EntityCommonStockSharesOutstanding
1501585,"HUNTINGTON INGALLS INDUSTRIES, INC.",39989022.0,0001501585-22-000007,2022-02-04,,,,,,2021,EntityCommonStockSharesOutstanding
1501585,"HUNTINGTON INGALLS INDUSTRIES, INC.",39855814.0,0001501585-23-000010,2023-02-03,,,,,,2022,EntityCommonStockSharesOutstanding
1501585,"HUNTINGTON INGALLS INDUSTRIES, INC.",39590687.0,0001501585-24-000007,2024-01-26,,,,,,2023,EntityCommonStockSharesOutstanding
1501585,"HUNTINGTON INGALLS INDUSTRIES, INC.",39130163.0,0001501585-25-000006,2025-01-31,,,,,,2024,EntityCommonStockSharesOutstanding
1501585,"HUNTINGTON INGALLS INDUSTRIES, INC.",39242688.0,0001501585-26-000006,2026-01-30,,,,,,2025,EntityCommonStockSharesOutstanding
1501585,"HUNTINGTON INGALLS INDUSTRIES, INC.",39404598.0,0001501585-26-000047,2026-07-24,,,,,,2026,EntityCommonStockSharesOutstanding
1506307,"KINDER MORGAN, INC.",2231555976.0,0001506307-16-000072,2016-02-11,,,,,,2015,EntityCommonStockSharesOutstanding
1506307,"KINDER MORGAN, INC.",2232438943.0,0001506307-17-000008,2017-02-09,,,,,,2016,EntityCommonStockSharesOutstanding
1506307,"KINDER MORGAN, INC.",2206066684.0,0001506307-18-000010,2018-02-08,,,,,,2017,EntityCommonStockSharesOutstanding
1506307,"KINDER MORGAN, INC.",2263656419.0,0001506307-19-000033,2019-02-07,,,,,,2018,EntityCommonStockSharesOutstanding
1506307,"KINDER MORGAN, INC.",2265063459.0,0001506307-20-000022,2020-02-07,,,,,,2019,EntityCommonStockSharesOutstanding
1506307,"KINDER MORGAN, INC.",2264450220.0,0001506307-21-000022,2021-02-04,,,,,,2020,EntityCommonStockSharesOutstanding
1506307,"Kinder Morgan, Inc.",2267484557.0,0001506307-22-000018,2022-02-04,,,,,,2021,EntityCommonStockSharesOutstanding
1506307,"Kinder Morgan, Inc.",2248003224.0,0001506307-23-000023,2023-02-07,,,,,,2022,EntityCommonStockSharesOutstanding
1506307,"Kinder Morgan, Inc.",2221963025.0,0001506307-25-000008,2025-02-12,,,,,,2024,EntityCommonStockSharesOutstanding
1506307,"Kinder Morgan, Inc.",2224806397.0,0001506307-26-000011,2026-02-12,,,,,,2025,EntityCommonStockSharesOutstanding
1506307,"KINDER MORGAN, INC.",2226802089.0,0001506307-26-000085,2026-07-23,,,,,,2026,EntityCommonStockSharesOutstanding
1510295,Marathon Petroleum Corporation,529227453.0,0001510295-16-000078,2016-02-12,,,,,,2015,EntityCommonStockSharesOutstanding
1510295,Marathon Petroleum Corporation,527782929.0,0001510295-17-000017,2017-02-13,,,,,,2016,EntityCommonStockSharesOutstanding
1510295,Marathon Petroleum Corporation,651274842.0,0001510295-21-000027,2021-02-12,,,,,,2020,EntityCommonStockSharesOutstanding
1510295,Marathon Petroleum Corporation,280824763.0,0001510295-26-000061,2026-07-30,,,,,,2026,EntityCommonStockSharesOutstanding
1513761,NORWEGIAN CRUISE LINE HOLDINGS LTD.,213202541.0,0001558370-20-001661,2020-02-14,,,,,,2019,EntityCommonStockSharesOutstanding
1513761,NORWEGIAN CRUISE LINE HOLDINGS LTD.,459187846.0,0001104659-26-089657,2026-07-23,,,,,,2026,EntityCommonStockSharesOutstanding
1521332,APTIV PLC,277533669.0,0001521332-16-000084,2016-01-29,,,,,,2015,EntityCommonStockSharesOutstanding
1521332,APTIV PLC,269561837.0,0001521332-17-000013,2017-01-27,,,,,,2016,EntityCommonStockSharesOutstanding
1521332,APTIV PLC,265839794.0,0001521332-18-000013,2018-01-26,,,,,,2017,EntityCommonStockSharesOutstanding
1521332,APTIV PLC,260034563.0,0001521332-19-000007,2019-01-25,,,,,,2018,EntityCommonStockSharesOutstanding
1521332,APTIV PLC,255288240.0,0001521332-20-000012,2020-01-24,,,,,,2019,EntityCommonStockSharesOutstanding
1521332,APTIV PLC,270025374.0,0001521332-21-000009,2021-01-29,,,,,,2020,EntityCommonStockSharesOutstanding
1521332,APTIV PLC,270514140.0,0001521332-22-000010,2022-01-28,,,,,,2021,EntityCommonStockSharesOutstanding
1521332,APTIV PLC,270949579.0,0001521332-23-000013,2023-02-03,,,,,,2022,EntityCommonStockSharesOutstanding
1521332,APTIV PLC,279036041.0,0001521332-24-000026,2024-02-02,,,,,,2023,EntityCommonStockSharesOutstanding
1521332,APTIV PLC,229446368.0,0001521332-25-000010,2025-01-31,,,,,,2024,EntityCommonStockSharesOutstanding
1521332,APTIV PLC,212748401.0,0001521332-26-000009,2026-01-30,,,,,,2025,EntityCommonStockSharesOutstanding
1521332,APTIV PLC,207633331.0,0001521332-26-000061,2026-07-31,,,,,,2026,EntityCommonStockSharesOutstanding
1524472,Xylem Inc.,178485808.0,0001524472-16-000027,2016-01-29,,,,,,2015,EntityCommonStockSharesOutstanding
1524472,Xylem Inc.,179901139.0,0001524472-22-000009,2022-02-08,,,,,,2021,EntityCommonStockSharesOutstanding
1524472,Xylem Inc.,233486812.0,0001524472-26-000110,2026-07-24,,,,,,2026,EntityCommonStockSharesOutstanding
1534701,Phillips 66,527459894.0,0001534701-16-000119,2016-01-31,,,,,,2015,EntityCommonStockSharesOutstanding
1534701,Phillips 66,517816429.0,0001534701-17-000051,2017-01-31,,,,,,2016,EntityCommonStockSharesOutstanding
1534701,Phillips 66,501237339.0,0001534701-18-000065,2018-01-31,,,,,,2017,EntityCommonStockSharesOutstanding
1534701,Phillips 66,454913087.0,0001534701-19-000063,2019-01-31,,,,,,2018,EntityCommonStockSharesOutstanding
1534701,Phillips 66,439445842.0,0001534701-20-000070,2020-01-31,,,,,,2019,EntityCommonStockSharesOutstanding
1534701,Phillips 66,436926058.0,0001534701-21-000074,2021-01-29,,,,,,2020,EntityCommonStockSharesOutstanding
1534701,Phillips 66,438461584.0,0001534701-22-000078,2022-01-31,,,,,,2021,EntityCommonStockSharesOutstanding
1534701,Phillips 66,463907156.0,0001534701-23-000053,2023-01-31,,,,,,2022,EntityCommonStockSharesOutstanding
1534701,Phillips 66,427824429.0,0001534701-24-000078,2024-01-31,,,,,,2023,EntityCommonStockSharesOutstanding
1534701,Phillips 66,407698347.0,0001534701-25-000074,2025-01-31,,,,,,2024,EntityCommonStockSharesOutstanding
1534701,Phillips 66,400744022.0,0001534701-26-000006,2026-01-31,,,,,,2025,EntityCommonStockSharesOutstanding
1534701,Phillips 66,399020916.0,0001534701-26-000032,2026-06-30,,,,,,2026,EntityCommonStockSharesOutstanding
1535527,"CROWDSTRIKE HOLDINGS, INC.",252098440.0,0001535527-25-000033,2025-11-25,,,,,,2025,EntityCommonStockSharesOutstanding
1535527,"CROWDSTRIKE HOLDINGS, INC.",254564820.0,0001535527-26-000025,2026-05-28,,,,,,2026,EntityCommonStockSharesOutstanding
1539838,"DIAMONDBACK ENERGY, INC.",90143934.0,0001539838-17-000009,2017-02-13,,,,,,2016,EntityCommonStockSharesOutstanding
1539838,"DIAMONDBACK ENERGY, INC.",98167289.0,0001539838-18-000014,2018-02-07,,,,,,2017,EntityCommonStockSharesOutstanding
1539838,"DIAMONDBACK ENERGY, INC.",158284486.0,0001539838-20-000021,2020-02-14,,,,,,2019,EntityCommonStockSharesOutstanding
1539838,"Diamondback Energy, Inc.",280024353.0,0001539838-26-000142,2026-07-31,,,,,,2026,EntityCommonStockSharesOutstanding
1543151,"UBER TECHNOLOGIES, INC.",2076497400.0,0001543151-24-000012,2024-02-12,,,,,,2023,EntityCommonStockSharesOutstanding
1543151,"UBER TECHNOLOGIES, INC.",2089008865.0,0001543151-25-000008,2025-02-11,,,,,,2024,EntityCommonStockSharesOutstanding
1543151,"UBER TECHNOLOGIES, INC.",2058115983.0,0001543151-26-000015,2026-02-10,,,,,,2025,EntityCommonStockSharesOutstanding
1543151,"UBER TECHNOLOGIES, INC.",2042560121.0,0001543151-26-000032,2026-07-31,,,,,,2026,EntityCommonStockSharesOutstanding
1551152,ABBVIE INC.,1611238226.0,0001047469-16-010239,2016-01-31,,,,,,2015,EntityCommonStockSharesOutstanding
1551152,ABBVIE INC.,1593920285.0,0001551152-17-000004,2017-01-31,,,,,,2016,EntityCommonStockSharesOutstanding
1551152,ABBVIE INC.,1587972655.0,0001551152-18-000014,2018-02-02,,,,,,2017,EntityCommonStockSharesOutstanding
1551152,ABBVIE INC.,1475083514.0,0001551152-19-000008,2019-02-08,,,,,,2018,EntityCommonStockSharesOutstanding
1551152,ABBVIE INC.,1479156683.0,0001551152-20-000007,2020-01-31,,,,,,2019,EntityCommonStockSharesOutstanding
1551152,ABBVIE INC.,1765881690.0,0001551152-21-000008,2021-01-31,,,,,,2020,EntityCommonStockSharesOutstanding
1551152,AbbVie Inc.,1768753829.0,0001551152-22-000007,2022-01-31,,,,,,2021,EntityCommonStockSharesOutstanding
1551152,AbbVie Inc.,1769399971.0,0001551152-23-000011,2023-01-31,,,,,,2022,EntityCommonStockSharesOutstanding
1551152,AbbVie Inc.,1766473359.0,0001551152-24-000011,2024-01-31,,,,,,2023,EntityCommonStockSharesOutstanding
1551152,AbbVie Inc.,1765354859.0,0001551152-25-000020,2025-01-31,,,,,,2024,EntityCommonStockSharesOutstanding
1551152,AbbVie Inc.,1768169012.0,0001551152-26-000008,2026-02-10,,,,,,2025,EntityCommonStockSharesOutstanding
1551152,AbbVie Inc.,1767117285.0,0001551152-26-000026,2026-07-27,,,,,,2026,EntityCommonStockSharesOutstanding
1551182,EATON CORPORATION plc,458900000.0,0001551182-16-000041,2016-01-31,,,,,,2015,EntityCommonStockSharesOutstanding
1551182,EATON CORPORATION plc,449700000.0,0001551182-17-000014,2017-01-31,,,,,,2016,EntityCommonStockSharesOutstanding
1551182,EATON CORPORATION plc,440200000.0,0001551182-18-000074,2018-01-31,,,,,,2017,EntityCommonStockSharesOutstanding
1551182,EATON CORPORATION plc,423600000.0,0001551182-19-000045,2019-01-31,,,,,,2018,EntityCommonStockSharesOutstanding
1551182,EATON CORPORATION plc,413400000.0,0001551182-20-000050,2020-01-31,,,,,,2019,EntityCommonStockSharesOutstanding
1551182,EATON CORPORATION plc,398100000.0,0001551182-21-000022,2021-01-31,,,,,,2020,EntityCommonStockSharesOutstanding
1551182,EATON CORPORATION plc,398800000.0,0001551182-22-000004,2022-01-31,,,,,,2021,EntityCommonStockSharesOutstanding
1551182,EATON CORPORATION plc,398000000.0,0001551182-23-000004,2023-01-31,,,,,,2022,EntityCommonStockSharesOutstanding
1551182,EATON CORPORATION plc,399500000.0,0001551182-24-000006,2024-01-31,,,,,,2023,EntityCommonStockSharesOutstanding
1551182,EATON CORPORATION plc,392000000.0,0001551182-25-000006,2025-01-31,,,,,,2024,EntityCommonStockSharesOutstanding
1551182,EATON CORPORATION plc,387900000.0,0001551182-26-000007,2026-01-31,,,,,,2025,EntityCommonStockSharesOutstanding
1551182,EATON CORPORATION plc,388400000.0,0001551182-26-000030,2026-06-30,,,,,,2026,EntityCommonStockSharesOutstanding
1555280,Zoetis Inc.,491964064.0,0001555280-17-000044,2017-02-10,,,,,,2016,EntityCommonStockSharesOutstanding
1555280,Zoetis Inc.,485253713.0,0001555280-18-000053,2018-02-09,,,,,,2017,EntityCommonStockSharesOutstanding
1555280,Zoetis Inc.,478771915.0,0001555280-19-000041,2019-02-08,,,,,,2018,EntityCommonStockSharesOutstanding
1555280,Zoetis Inc.,474933945.0,0001555280-20-000054,2020-02-07,,,,,,2019,EntityCommonStockSharesOutstanding
1555280,Zoetis Inc.,475166373.0,0001555280-21-000098,2021-02-11,,,,,,2020,EntityCommonStockSharesOutstanding
1555280,Zoetis Inc.,471970580.0,0001555280-22-000078,2022-02-11,,,,,,2021,EntityCommonStockSharesOutstanding
1555280,Zoetis Inc.,463386716.0,0001555280-23-000074,2023-02-10,,,,,,2022,EntityCommonStockSharesOutstanding
1555280,Zoetis Inc.,457867115.0,0001555280-24-000143,2024-02-09,,,,,,2023,EntityCommonStockSharesOutstanding
1555280,Zoetis Inc.,447791917.0,0001555280-25-000102,2025-02-07,,,,,,2024,EntityCommonStockSharesOutstanding
1555280,Zoetis Inc.,422127709.0,0001555280-26-000011,2026-02-06,,,,,,2025,EntityCommonStockSharesOutstanding
1555280,Zoetis Inc.,413223602.0,0001555280-26-000040,2026-07-31,,,,,,2026,EntityCommonStockSharesOutstanding
1571949,"INTERCONTINENTAL EXCHANGE, INC.",118887696.0,0001571949-16-000020,2016-02-02,,,,,,2015,EntityCommonStockSharesOutstanding
1571949,"INTERCONTINENTAL EXCHANGE, INC.",595341344.0,0001571949-17-000003,2017-02-03,,,,,,2016,EntityCommonStockSharesOutstanding
1571949,"INTERCONTINENTAL EXCHANGE, INC.",582294307.0,0001571949-18-000003,2018-02-05,,,,,,2017,EntityCommonStockSharesOutstanding
1571949,"INTERCONTINENTAL EXCHANGE, INC.",568498076.0,0001571949-19-000003,2019-02-04,,,,,,2018,EntityCommonStockSharesOutstanding
1571949,"INTERCONTINENTAL EXCHANGE, INC.",553450116.0,0001571949-20-000003,2020-02-03,,,,,,2019,EntityCommonStockSharesOutstanding
1571949,"INTERCONTINENTAL EXCHANGE, INC.",561706616.0,0001571949-21-000003,2021-02-01,,,,,,2020,EntityCommonStockSharesOutstanding
1571949,"INTERCONTINENTAL EXCHANGE, INC.",561852310.0,0001571949-22-000006,2022-02-01,,,,,,2021,EntityCommonStockSharesOutstanding
1571949,"INTERCONTINENTAL EXCHANGE, INC.",558851248.0,0001193125-23-079282,2023-01-31,,,,,,2022,EntityCommonStockSharesOutstanding
1571949,"INTERCONTINENTAL EXCHANGE, INC.",572616425.0,0001193125-24-078967,2024-02-05,,,,,,2023,EntityCommonStockSharesOutstanding
1571949,"INTERCONTINENTAL EXCHANGE, INC.",574564858.0,0001193125-25-059270,2025-02-03,,,,,,2024,EntityCommonStockSharesOutstanding
1571949,"INTERCONTINENTAL EXCHANGE, INC.",567896513.0,0001571949-26-000004,2026-02-02,,,,,,2025,EntityCommonStockSharesOutstanding
1571949,"INTERCONTINENTAL EXCHANGE, INC.",561394487.0,0001571949-26-000011,2026-07-27,,,,,,2026,EntityCommonStockSharesOutstanding
1579241,Allegion plc,95471511.0,0001579241-17-000009,2017-02-14,,,,,,2016,EntityCommonStockSharesOutstanding
1579241,Allegion plc,94458335.0,0001579241-19-000006,2019-02-14,,,,,,2018,EntityCommonStockSharesOutstanding
1579241,Allegion plc,92600522.0,0001579241-20-000013,2020-02-13,,,,,,2019,EntityCommonStockSharesOutstanding
1579241,Allegion plc,90732297.0,0001579241-21-000020,2021-02-11,,,,,,2020,EntityCommonStockSharesOutstanding
1579241,Allegion plc,88230442.0,0001579241-22-000019,2022-02-10,,,,,,2021,EntityCommonStockSharesOutstanding
1579241,Allegion plc,87554388.0,0001579241-24-000006,2024-02-14,,,,,,2023,EntityCommonStockSharesOutstanding
1579241,Allegion plc,86290351.0,0001579241-25-000008,2025-02-14,,,,,,2024,EntityCommonStockSharesOutstanding
1579241,Allegion plc,86145484.0,0001579241-26-000007,2026-02-12,,,,,,2025,EntityCommonStockSharesOutstanding
1579241,Allegion plc,85036786.0,0001579241-26-000028,2026-07-20,,,,,,2026,EntityCommonStockSharesOutstanding
1585689,Hilton Worldwide Holdings Inc.,329731387.0,0001585689-17-000038,2017-02-08,,,,,,2016,EntityCommonStockSharesOutstanding
1585689,Hilton Worldwide Holdings Inc.,316118115.0,0001585689-18-000033,2018-02-07,,,,,,2017,EntityCommonStockSharesOutstanding
1585689,Hilton Worldwide Holdings Inc.,292847337.0,0001585689-19-000034,2019-02-06,,,,,,2018,EntityCommonStockSharesOutstanding
1585689,Hilton Worldwide Holdings Inc.,277447716.0,0001585689-20-000013,2020-02-06,,,,,,2019,EntityCommonStockSharesOutstanding
1585689,Hilton Worldwide Holdings Inc.,277607799.0,0001585689-21-000016,2021-02-10,,,,,,2020,EntityCommonStockSharesOutstanding
1585689,Hilton Worldwide Holdings Inc.,279139082.0,0001585689-22-000013,2022-02-09,,,,,,2021,EntityCommonStockSharesOutstanding
1585689,Hilton Worldwide Holdings Inc.,266450664.0,0001585689-23-000036,2023-02-03,,,,,,2022,EntityCommonStockSharesOutstanding
1585689,Hilton Worldwide Holdings Inc.,252160518.0,0001585689-24-000027,2024-02-02,,,,,,2023,EntityCommonStockSharesOutstanding
1585689,Hilton Worldwide Holdings Inc.,240596519.0,0001585689-25-000008,2025-01-31,,,,,,2024,EntityCommonStockSharesOutstanding
1585689,Hilton Worldwide Holdings Inc.,229291615.0,0001585689-26-000007,2026-02-06,,,,,,2025,EntityCommonStockSharesOutstanding
1585689,Hilton Worldwide Holdings Inc.,225064910.0,0001585689-26-000043,2026-07-23,,,,,,2026,EntityCommonStockSharesOutstanding
1596532,"ARISTA NETWORKS, INC.",71011320.0,0001596532-17-000019,2017-02-10,,,,,,2016,EntityCommonStockSharesOutstanding
1596532,"ARISTA NETWORKS, INC.",73875377.0,0001596532-18-000018,2018-02-09,,,,,,2017,EntityCommonStockSharesOutstanding
1596532,"ARISTA NETWORKS, INC.",75730873.0,0001596532-19-000027,2019-02-08,,,,,,2018,EntityCommonStockSharesOutstanding
1596532,"ARISTA NETWORKS, INC.",76479227.0,0001596532-20-000024,2020-02-10,,,,,,2019,EntityCommonStockSharesOutstanding
1596532,"ARISTA NETWORKS, INC.",76331573.0,0001596532-21-000049,2021-02-12,,,,,,2020,EntityCommonStockSharesOutstanding
1596532,"ARISTA NETWORKS, INC.",307766578.0,0001596532-22-000026,2022-02-08,,,,,,2021,EntityCommonStockSharesOutstanding
1596532,"ARISTA NETWORKS, INC.",306395384.0,0001596532-23-000016,2023-02-08,,,,,,2022,EntityCommonStockSharesOutstanding
1596532,"ARISTA NETWORKS, INC.",312633612.0,0001596532-24-000043,2024-02-07,,,,,,2023,EntityCommonStockSharesOutstanding
1596532,"ARISTA NETWORKS, INC.",1261122596.0,0001596532-25-000028,2025-02-12,,,,,,2024,EntityCommonStockSharesOutstanding
1596532,"ARISTA NETWORKS, INC.",1256537906.0,0001596532-26-000013,2026-02-10,,,,,,2025,EntityCommonStockSharesOutstanding
1596532,"Arista Networks, Inc.",1261224648.0,0001596532-26-000175,2026-07-30,,,,,,2026,EntityCommonStockSharesOutstanding
1601046,"KEYSIGHT TECHNOLOGIES, INC.",170850543.0,0001601046-15-000044,2015-12-14,,,,,,2015,EntityCommonStockSharesOutstanding
1601046,"KEYSIGHT TECHNOLOGIES, INC.",171445423.0,0001601046-16-000077,2016-12-15,,,,,,2016,EntityCommonStockSharesOutstanding
1601046,"KEYSIGHT TECHNOLOGIES, INC.",187284245.0,0001601046-17-000033,2017-12-15,,,,,,2017,EntityCommonStockSharesOutstanding
1601046,"KEYSIGHT TECHNOLOGIES, INC.",187641764.0,0001601046-18-000030,2018-12-10,,,,,,2018,EntityCommonStockSharesOutstanding
1601046,"KEYSIGHT TECHNOLOGIES, INC.",188447566.0,0001601046-19-000110,2019-12-16,,,,,,2019,EntityCommonStockSharesOutstanding
1601046,"KEYSIGHT TECHNOLOGIES, INC.",186094056.0,0001601046-20-000154,2020-12-11,,,,,,2020,EntityCommonStockSharesOutstanding
1601046,"KEYSIGHT TECHNOLOGIES, INC.",183042478.0,0001601046-21-000197,2021-12-13,,,,,,2021,EntityCommonStockSharesOutstanding
1601046,"KEYSIGHT TECHNOLOGIES, INC.",178795460.0,0001601046-22-000161,2022-12-12,,,,,,2022,EntityCommonStockSharesOutstanding
1601046,"KEYSIGHT TECHNOLOGIES, INC.",175044604.0,0001601046-23-000134,2023-12-12,,,,,,2023,EntityCommonStockSharesOutstanding
1601046,"KEYSIGHT TECHNOLOGIES, INC.",173172764.0,0001601046-24-000159,2024-12-12,,,,,,2024,EntityCommonStockSharesOutstanding
1601046,"KEYSIGHT TECHNOLOGIES, INC.",171817127.0,0001601046-25-000127,2025-12-12,,,,,,2025,EntityCommonStockSharesOutstanding
1601046,"KEYSIGHT TECHNOLOGIES, INC.",170895368.0,0001601046-26-000024,2026-05-29,,,,,,2026,EntityCommonStockSharesOutstanding
1601712,SYNCHRONY FINANCIAL,709862330.0,0001601712-19-000053,2019-02-11,,,,,,2018,EntityCommonStockSharesOutstanding
1601712,SYNCHRONY FINANCIAL,613476835.0,0001601712-20-000038,2020-02-07,,,,,,2019,EntityCommonStockSharesOutstanding
1601712,SYNCHRONY FINANCIAL,583881805.0,0001601712-21-000057,2021-02-08,,,,,,2020,EntityCommonStockSharesOutstanding
1601712,SYNCHRONY FINANCIAL,521271848.0,0001601712-22-000053,2022-02-04,,,,,,2021,EntityCommonStockSharesOutstanding
1601712,SYNCHRONY FINANCIAL,437035160.0,0001601712-23-000037,2023-02-03,,,,,,2022,EntityCommonStockSharesOutstanding
1601712,SYNCHRONY FINANCIAL,406843602.0,0001601712-24-000047,2024-02-02,,,,,,2023,EntityCommonStockSharesOutstanding
1601712,SYNCHRONY FINANCIAL,388749489.0,0001601712-25-000044,2025-01-31,,,,,,2024,EntityCommonStockSharesOutstanding
1601712,SYNCHRONY FINANCIAL,347596279.0,0001601712-26-000006,2026-01-30,,,,,,2025,EntityCommonStockSharesOutstanding
1601712,SYNCHRONY FINANCIAL,325370840.0,0001601712-26-000033,2026-07-17,,,,,,2026,EntityCommonStockSharesOutstanding
1609711,GoDaddy Inc.,141355906.0,0001609711-25-000023,2025-02-14,,,,,,2024,EntityCommonStockSharesOutstanding
1609711,GoDaddy Inc.,126647704.0,0001609711-26-000088,2026-07-24,,,,,,2026,EntityCommonStockSharesOutstanding
1613103,Medtronic plc,1406155722.0,0001613103-15-000053,2015-12-03,,,,,,2015,EntityCommonStockSharesOutstanding
1613103,Medtronic plc,1373047310.0,0001613103-16-000123,2016-12-01,,,,,,2016,EntityCommonStockSharesOutstanding
1613103,Medtronic plc,1353498000.0,0001613103-17-000047,2017-11-28,,,,,,2017,EntityCommonStockSharesOutstanding
1613103,Medtronic plc,1343045417.0,0001613103-18-000044,2018-11-27,,,,,,2018,EntityCommonStockSharesOutstanding
1613103,Medtronic plc,1340377511.0,0001613103-19-000056,2019-11-27,,,,,,2019,EntityCommonStockSharesOutstanding
1613103,Medtronic plc,1346019949.0,0001613103-20-000051,2020-12-01,,,,,,2020,EntityCommonStockSharesOutstanding
1613103,Medtronic plc,1344557784.0,0001613103-21-000062,2021-11-30,,,,,,2021,EntityCommonStockSharesOutstanding
1613103,Medtronic plc,1330179978.0,0001613103-22-000063,2022-11-28,,,,,,2022,EntityCommonStockSharesOutstanding
1613103,Medtronic plc,1329654311.0,0001613103-23-000149,2023-11-24,,,,,,2023,EntityCommonStockSharesOutstanding
1613103,Medtronic plc,1282285681.0,0001613103-24-000165,2024-11-20,,,,,,2024,EntityCommonStockSharesOutstanding
1613103,Medtronic plc,1282014208.0,0001628280-25-053988,2025-11-19,,,,,,2025,EntityCommonStockSharesOutstanding
1613103,Medtronic plc,1280045190.0,0001628280-26-044354,2026-06-12,,,,,,2026,EntityCommonStockSharesOutstanding
1633917,"PayPal Holdings, Inc.",1222675902.0,0001633917-16-000113,2016-02-05,,,,,,2015,EntityCommonStockSharesOutstanding
1633917,"PayPal Holdings, Inc.",1207583234.0,0001633917-17-000027,2017-02-02,,,,,,2016,EntityCommonStockSharesOutstanding
1633917,"PayPal Holdings, Inc.",1200160405.0,0001633917-18-000029,2018-02-02,,,,,,2017,EntityCommonStockSharesOutstanding
1633917,"PayPal Holdings, Inc.",1173209367.0,0001633917-19-000043,2019-01-31,,,,,,2018,EntityCommonStockSharesOutstanding
1633917,"PayPal Holdings, Inc.",1172955485.0,0001633917-20-000028,2020-01-31,,,,,,2019,EntityCommonStockSharesOutstanding
1633917,"PayPal Holdings, Inc.",1171175760.0,0001633917-21-000018,2021-01-29,,,,,,2020,EntityCommonStockSharesOutstanding
1633917,"PayPal Holdings, Inc.",1165004913.0,0001633917-22-000027,2022-01-28,,,,,,2021,EntityCommonStockSharesOutstanding
1633917,"PayPal Holdings, Inc.",1131373298.0,0001633917-23-000033,2023-02-03,,,,,,2022,EntityCommonStockSharesOutstanding
1633917,"PayPal Holdings, Inc.",1071741864.0,0001633917-24-000024,2024-02-01,,,,,,2023,EntityCommonStockSharesOutstanding
1633917,"PayPal Holdings, Inc.",989242452.0,0001633917-25-000019,2025-01-29,,,,,,2024,EntityCommonStockSharesOutstanding
1633917,"PayPal Holdings, Inc.",920664542.0,0001633917-26-000024,2026-01-28,,,,,,2025,EntityCommonStockSharesOutstanding
1633917,"PayPal Holdings, Inc.",855460874.0,0001633917-26-000082,2026-07-22,,,,,,2026,EntityCommonStockSharesOutstanding
1633978,Lumentum Holdings Inc.,59089050.0,0001628280-16-010773,2016-01-23,,,,,,2015,EntityCommonStockSharesOutstanding
1633978,Lumentum Holdings Inc.,60956077.0,0001633978-17-000006,2017-02-02,,,,,,2016,EntityCommonStockSharesOutstanding
1633978,Lumentum Holdings Inc.,62400000.0,0001628280-18-001086,2018-01-31,,,,,,2017,EntityCommonStockSharesOutstanding
1633978,Lumentum Holdings Inc.,76100000.0,0001633978-19-000002,2019-01-28,,,,,,2018,EntityCommonStockSharesOutstanding
1633978,Lumentum Holdings Inc.,74700000.0,0001633978-20-000003,2020-01-27,,,,,,2019,EntityCommonStockSharesOutstanding
1633978,Lumentum Holdings Inc.,75700000.0,0001633978-21-000004,2021-01-26,,,,,,2020,EntityCommonStockSharesOutstanding
1633978,Lumentum Holdings Inc.,72200000.0,0001628280-22-001745,2022-01-28,,,,,,2021,EntityCommonStockSharesOutstanding
1633978,Lumentum Holdings Inc.,68500000.0,0001628280-23-002880,2023-02-02,,,,,,2022,EntityCommonStockSharesOutstanding
1633978,Lumentum Holdings Inc.,67400000.0,0001628280-24-003796,2024-02-01,,,,,,2023,EntityCommonStockSharesOutstanding
1633978,Lumentum Holdings Inc.,69200000.0,0001628280-25-004288,2025-01-30,,,,,,2024,EntityCommonStockSharesOutstanding
1633978,Lumentum Holdings Inc.,71400000.0,0001628280-26-005129,2026-01-27,,,,,,2025,EntityCommonStockSharesOutstanding
1633978,Lumentum Holdings Inc.,89700000.0,0001628280-26-057358,2026-08-14,,,,,,2026,EntityCommonStockSharesOutstanding
1637459,Kraft Heinz Co,1218801890.0,0001637459-18-000015,2018-02-10,,,,,,2017,EntityCommonStockSharesOutstanding
1637459,Kraft Heinz Co,1221399549.0,0001637459-20-000027,2020-02-08,,,,,,2019,EntityCommonStockSharesOutstanding
1637459,Kraft Heinz Co,1223175747.0,0001637459-21-000009,2021-02-13,,,,,,2020,EntityCommonStockSharesOutstanding
1637459,Kraft Heinz Co,1223740203.0,0001637459-22-000018,2022-02-12,,,,,,2021,EntityCommonStockSharesOutstanding
1637459,Kraft Heinz Co,1225003377.0,0001637459-23-000009,2023-02-11,,,,,,2022,EntityCommonStockSharesOutstanding
1637459,Kraft Heinz Co,1213099787.0,0001637459-24-000018,2024-02-10,,,,,,2023,EntityCommonStockSharesOutstanding
1637459,Kraft Heinz Co,1194989953.0,0001637459-25-000011,2025-02-08,,,,,,2024,EntityCommonStockSharesOutstanding
1637459,Kraft Heinz Co,1183744751.0,0001637459-26-000009,2026-02-07,,,,,,2025,EntityCommonStockSharesOutstanding
1637459,Kraft Heinz Co,1185823758.0,0001637459-26-000054,2026-08-01,,,,,,2026,EntityCommonStockSharesOutstanding
1645590,HEWLETT PACKARD ENTERPRISE COMPANY,1742520126.0,0001047469-15-009279,2015-11-30,,,,,,2015,EntityCommonStockSharesOutstanding
1645590,HEWLETT PACKARD ENTERPRISE COMPANY,1664817197.0,0001628280-16-022051,2016-11-30,,,,,,2016,EntityCommonStockSharesOutstanding
1645590,HEWLETT PACKARD ENTERPRISE COMPANY,1593885581.0,0001628280-17-012383,2017-11-30,,,,,,2017,EntityCommonStockSharesOutstanding
1645590,HEWLETT PACKARD ENTERPRISE COMPANY,1398678425.0,0001628280-18-015054,2018-11-30,,,,,,2018,EntityCommonStockSharesOutstanding
1645590,HEWLETT PACKARD ENTERPRISE COMPANY,1292925893.0,0001645590-19-000044,2019-11-30,,,,,,2019,EntityCommonStockSharesOutstanding
1645590,HEWLETT PACKARD ENTERPRISE COMPANY,1293499810.0,0001645590-20-000056,2020-12-07,,,,,,2020,EntityCommonStockSharesOutstanding
1645590,HEWLETT PACKARD ENTERPRISE CO,1293439907.0,0001645590-21-000068,2021-12-07,,,,,,2021,EntityCommonStockSharesOutstanding
1645590,HEWLETT PACKARD ENTERPRISE CO,1281816851.0,0001645590-22-000071,2022-12-02,,,,,,2022,EntityCommonStockSharesOutstanding
1645590,HEWLETT PACKARD ENTERPRISE COMPANY,1300000000.0,0001645590-23-000117,2023-12-11,,,,,,2023,EntityCommonStockSharesOutstanding
1645590,HEWLETT PACKARD ENTERPRISE COMPANY,1315333942.0,0001645590-24-000139,2024-12-09,,,,,,2024,EntityCommonStockSharesOutstanding
1645590,HEWLETT PACKARD ENTERPRISE COMPANY,1334533171.0,0001645590-25-000130,2025-12-10,,,,,,2025,EntityCommonStockSharesOutstanding
1645590,HEWLETT PACKARD ENTERPRISE COMPANY,1324203521.0,0001645590-26-000055,2026-05-26,,,,,,2026,EntityCommonStockSharesOutstanding
1659166,Fortive Corporation,302017052.0,0001659166-26-000034,2026-07-24,,,,,,2026,EntityCommonStockSharesOutstanding
1666700,"DuPont de Nemours, Inc.",2329023478.0,0001666700-18-000009,2018-01-31,,,,,,2017,EntityCommonStockSharesOutstanding
1666700,"DuPont de Nemours, Inc.",2254762058.0,0001666700-19-000006,2019-01-31,,,,,,2018,EntityCommonStockSharesOutstanding
1666700,"DuPont de Nemours, Inc.",739388462.0,0001666700-20-000006,2020-02-10,,,,,,2019,EntityCommonStockSharesOutstanding
1666700,"DuPont de Nemours, Inc.",538089014.0,0001666700-21-000005,2021-02-10,,,,,,2020,EntityCommonStockSharesOutstanding
1666700,"DUPONT DE NEMOURS, INC.",512907484.0,0001666700-22-000009,2022-02-09,,,,,,2021,EntityCommonStockSharesOutstanding
1666700,"DUPONT DE NEMOURS, INC.",458338052.0,0001666700-23-000008,2023-02-13,,,,,,2022,EntityCommonStockSharesOutstanding
1666700,"DUPONT DE NEMOURS, INC.",417582864.0,0001666700-24-000008,2024-02-13,,,,,,2023,EntityCommonStockSharesOutstanding
1666700,"DUPONT DE NEMOURS, INC.",418049127.0,0001666700-25-000005,2025-02-12,,,,,,2024,EntityCommonStockSharesOutstanding
1666700,"DUPONT DE NEMOURS, INC.",408923857.0,0001666700-26-000013,2026-02-12,,,,,,2025,EntityCommonStockSharesOutstanding
1666700,"DUPONT DE NEMOURS, INC.",135042975.0,0001666700-26-000053,2026-07-31,,,,,,2026,EntityCommonStockSharesOutstanding
1674101,Vertiv Holdings Co,380775581.0,0001628280-25-005905,2025-02-10,,,,,,2024,EntityCommonStockSharesOutstanding
1674101,Vertiv Holdings Co,382598464.0,0001674101-26-000008,2026-02-09,,,,,,2025,EntityCommonStockSharesOutstanding
1674101,Vertiv Holdings Co,384988173.0,0001628280-26-050609,2026-07-27,,,,,,2026,EntityCommonStockSharesOutstanding
1682852,"Moderna, Inc.",385815877.0,0001682852-25-000022,2025-02-14,,,,,,2024,EntityCommonStockSharesOutstanding
1682852,"Moderna, Inc.",394939424.0,0001682852-26-000033,2026-02-13,,,,,,2025,EntityCommonStockSharesOutstanding
1682852,"Moderna, Inc.",399235889.0,0001682852-26-000150,2026-07-24,,,,,,2026,EntityCommonStockSharesOutstanding
1687229,Invitation Homes Inc.,541882811.0,0001687229-20-000004,2020-02-14,,,,,,2019,EntityCommonStockSharesOutstanding
1687229,Invitation Homes Inc.,590623226.0,0001687229-26-000045,2026-07-29,,,,,,2026,EntityCommonStockSharesOutstanding
1692819,Vistra Corp.,335635195.0,0001692819-26-000019,2026-08-03,,,,,,2026,EntityCommonStockSharesOutstanding
1699150,Ingersoll Rand Inc.,196315518.0,0001140361-18-008833,2018-01-31,,,,,,2017,EntityCommonStockSharesOutstanding
1699150,Ingersoll Rand Inc.,403083248.0,0001628280-25-006391,2025-02-14,,,,,,2024,EntityCommonStockSharesOutstanding
1699150,Ingersoll Rand Inc.,391617994.0,0001628280-26-008617,2026-02-13,,,,,,2025,EntityCommonStockSharesOutstanding
1699150,Ingersoll Rand Inc.,387999429.0,0001628280-26-051415,2026-07-24,,,,,,2026,EntityCommonStockSharesOutstanding
1701605,Baker Hughes Company,1011217705.0,0001701605-23-000044,2023-02-06,,,,,,2022,EntityCommonStockSharesOutstanding
1701605,Baker Hughes Company,1000881406.0,0001701605-24-000033,2024-01-26,,,,,,2023,EntityCommonStockSharesOutstanding
1701605,Baker Hughes Company,990111854.0,0001701605-25-000035,2025-01-22,,,,,,2024,EntityCommonStockSharesOutstanding
1701605,Baker Hughes Company,988236510.0,0001701605-26-000007,2026-01-27,,,,,,2025,EntityCommonStockSharesOutstanding
1701605,Baker Hughes Company,992674071.0,0001701605-26-000023,2026-07-23,,,,,,2026,EntityCommonStockSharesOutstanding
1705696,VICI Properties Inc.,404726821.0,0001705696-19-000064,2019-02-11,,,,,,2018,EntityCommonStockSharesOutstanding
1705696,VICI Properties Inc.,1101077562.0,0001705696-26-000090,2026-07-28,,,,,,2026,EntityCommonStockSharesOutstanding
1707925,LINDE PLC,532959736.0,0001707925-20-000015,2020-01-31,,,,,,2019,EntityCommonStockSharesOutstanding
1707925,LINDE PLC,522836425.0,0001628280-21-003574,2021-01-31,,,,,,2020,EntityCommonStockSharesOutstanding
1707925,LINDE PLC,507744577.0,0001628280-22-004180,2022-01-31,,,,,,2021,EntityCommonStockSharesOutstanding
1707925,LINDE PLC,492160806.0,0001628280-23-005434,2023-01-31,,,,,,2022,EntityCommonStockSharesOutstanding
1707925,Linde plc,481576472.0,0001628280-24-007424,2024-01-31,,,,,,2023,EntityCommonStockSharesOutstanding
1707925,LINDE PLC,472911618.0,0001628280-25-007990,2025-01-31,,,,,,2024,EntityCommonStockSharesOutstanding
1707925,LINDE PLC,463394156.0,0001628280-26-011430,2026-01-31,,,,,,2025,EntityCommonStockSharesOutstanding
1707925,Linde plc,460980163.0,0001628280-26-051289,2026-06-30,,,,,,2026,EntityCommonStockSharesOutstanding
1711269,"EVERGY, INC.",230281586.0,0001711269-26-000017,2026-02-11,,,,,,2025,EntityCommonStockSharesOutstanding
1730168,Broadcom Inc.,407270901.0,0001730168-18-000084,2018-11-30,,,,,,2018,EntityCommonStockSharesOutstanding
1730168,Broadcom Inc.,397792289.0,0001730168-19-000144,2019-11-29,,,,,,2019,EntityCommonStockSharesOutstanding
1730168,Broadcom Inc.,406713118.0,0001730168-20-000226,2020-11-27,,,,,,2020,EntityCommonStockSharesOutstanding
1730168,Broadcom Inc.,412873968.0,0001730168-21-000153,2021-11-26,,,,,,2021,EntityCommonStockSharesOutstanding
1730168,Broadcom Inc.,417886140.0,0001730168-22-000118,2022-11-25,,,,,,2022,EntityCommonStockSharesOutstanding
1730168,Broadcom Inc.,468140569.0,0001730168-23-000096,2023-11-24,,,,,,2023,EntityCommonStockSharesOutstanding
1730168,Broadcom Inc.,4687356156.0,0001730168-24-000139,2024-11-29,,,,,,2024,EntityCommonStockSharesOutstanding
1730168,Broadcom Inc.,4741273799.0,0001730168-25-000121,2025-11-28,,,,,,2025,EntityCommonStockSharesOutstanding
1730168,Broadcom Inc.,4757580198.0,0001730168-26-000054,2026-05-29,,,,,,2026,EntityCommonStockSharesOutstanding
1739940,The Cigna Group,380058967.0,0001047469-19-000792,2019-01-31,,,,,,2018,EntityCommonStockSharesOutstanding
1739940,The Cigna Group,372043094.0,0001739940-20-000006,2019-12-31,,,,,,2019,EntityCommonStockSharesOutstanding
1739940,The Cigna Group,351845606.0,0001739940-21-000007,2021-01-31,,,,,,2020,EntityCommonStockSharesOutstanding
1739940,Cigna Corporation,320953245.0,0001739940-22-000007,2022-01-31,,,,,,2021,EntityCommonStockSharesOutstanding
1739940,The Cigna Group,297059973.0,0001739940-23-000008,2023-01-31,,,,,,2022,EntityCommonStockSharesOutstanding
1739940,The Cigna Group,292355022.0,0001739940-24-000005,2024-01-31,,,,,,2023,EntityCommonStockSharesOutstanding
1739940,The Cigna Group,273678464.0,0001739940-25-000009,2025-01-31,,,,,,2024,EntityCommonStockSharesOutstanding
1739940,The Cigna Group,263528277.0,0001739940-26-000006,2026-01-30,,,,,,2025,EntityCommonStockSharesOutstanding
1739940,The Cigna Group,264240486.0,0001739940-26-000065,2026-07-24,,,,,,2026,EntityCommonStockSharesOutstanding
1744489,Walt Disney Co,1805438643.0,0001744489-20-000046,2020-01-29,,,,,,2019,EntityCommonStockSharesOutstanding
1744489,Walt Disney Co,1815263899.0,0001744489-21-000047,2021-02-03,,,,,,2020,EntityCommonStockSharesOutstanding
1744489,WALT DISNEY CO/,1820633408.0,0001744489-22-000059,2022-02-02,,,,,,2021,EntityCommonStockSharesOutstanding
1744489,WALT DISNEY CO/,1826784847.0,0001193125-23-014219,2023-01-18,,,,,,2022,EntityCommonStockSharesOutstanding
1744489,WALT DISNEY CO/,1834285760.0,0001744489-24-000064,2024-01-17,,,,,,2023,EntityCommonStockSharesOutstanding
1744489,WALT DISNEY CO/,1807788865.0,0001744489-25-000067,2025-01-29,,,,,,2024,EntityCommonStockSharesOutstanding
1744489,WALT DISNEY CO/,1771519851.0,0001744489-26-000019,2026-01-28,,,,,,2025,EntityCommonStockSharesOutstanding
1744489,WALT DISNEY CO/,1726686902.0,0001744489-26-000057,2026-07-29,,,,,,2026,EntityCommonStockSharesOutstanding
1748790,AMCOR PLC,1604047277.0,0001748790-20-000010,2020-02-07,,,,,,2019,EntityCommonStockSharesOutstanding
1748790,AMCOR PLC,1561977648.0,0001748790-21-000012,2021-02-02,,,,,,2020,EntityCommonStockSharesOutstanding
1748790,AMCOR PLC,1513727218.0,0001748790-22-000010,2022-02-01,,,,,,2021,EntityCommonStockSharesOutstanding
1748790,AMCOR PLC,1485779968.0,0001748790-23-000007,2023-02-06,,,,,,2022,EntityCommonStockSharesOutstanding
1748790,AMCOR PLC,1445343212.0,0001748790-24-000006,2024-02-05,,,,,,2023,EntityCommonStockSharesOutstanding
1748790,AMCOR PLC,1445343212.0,0001748790-25-000010,2025-02-03,,,,,,2024,EntityCommonStockSharesOutstanding
1748790,AMCOR PLC,462045690.0,0001748790-26-000006,2026-02-02,,,,,,2025,EntityCommonStockSharesOutstanding
1748790,AMCOR PLC,462345690.0,0001748790-26-000022,2026-08-12,,,,,,2026,EntityCommonStockSharesOutstanding
1751788,Dow Inc.,741678966.0,0001751788-20-000007,2020-01-31,,,,,,2019,EntityCommonStockSharesOutstanding
1751788,Dow Inc.,743914560.0,0001751788-21-000010,2021-01-31,,,,,,2020,EntityCommonStockSharesOutstanding
1751788,Dow Inc.,735747193.0,0001751788-22-000011,2022-01-31,,,,,,2021,EntityCommonStockSharesOutstanding
1751788,Dow Inc.,704879920.0,0001751788-23-000014,2022-12-31,,,,,,2022,EntityCommonStockSharesOutstanding
1751788,Dow Inc.,702293433.0,0001751788-24-000010,2023-12-31,,,,,,2023,EntityCommonStockSharesOutstanding
1751788,Dow Inc.,703831931.0,0001751788-25-000012,2025-01-15,,,,,,2024,EntityCommonStockSharesOutstanding
1751788,Dow Inc.,717534072.0,0001751788-26-000018,2026-01-15,,,,,,2025,EntityCommonStockSharesOutstanding
1755672,"Corteva, Inc.",749403000.0,0001755672-20-000006,2020-02-07,,,,,,2019,EntityCommonStockSharesOutstanding
1755672,"Corteva, Inc.",744062000.0,0001755672-21-000008,2021-02-04,,,,,,2020,EntityCommonStockSharesOutstanding
1755672,"Corteva, Inc.",727021000.0,0001755672-22-000005,2022-02-03,,,,,,2021,EntityCommonStockSharesOutstanding
1755672,"Corteva, Inc.",712823000.0,0001755672-23-000005,2023-02-02,,,,,,2022,EntityCommonStockSharesOutstanding
1755672,"Corteva, Inc.",701783000.0,0001755672-24-000004,2024-02-01,,,,,,2023,EntityCommonStockSharesOutstanding
1755672,"Corteva, Inc.",685556000.0,0001755672-25-000005,2025-02-07,,,,,,2024,EntityCommonStockSharesOutstanding
1755672,"Corteva, Inc.",672524000.0,0001755672-26-000004,2026-02-05,,,,,,2025,EntityCommonStockSharesOutstanding
1755672,"Corteva, Inc.",667196000.0,0001755672-26-000025,2026-07-24,,,,,,2026,EntityCommonStockSharesOutstanding
1757898,STERIS plc,84813121.0,0001757898-20-000003,2020-02-05,,,,,,2019,EntityCommonStockSharesOutstanding
1757898,STERIS plc,85352713.0,0001757898-21-000007,2021-02-05,,,,,,2020,EntityCommonStockSharesOutstanding
1757898,STERIS plc,100127204.0,0001757898-22-000005,2022-02-04,,,,,,2021,EntityCommonStockSharesOutstanding
1757898,STERIS plc,99284443.0,0001757898-23-000002,2023-02-03,,,,,,2022,EntityCommonStockSharesOutstanding
1757898,STERIS plc,98814035.0,0001757898-24-000002,2024-02-05,,,,,,2023,EntityCommonStockSharesOutstanding
1757898,STERIS plc,98250789.0,0001757898-25-000002,2025-02-04,,,,,,2024,EntityCommonStockSharesOutstanding
1757898,STERIS plc,98075025.0,0001628280-26-006055,2026-02-02,,,,,,2025,EntityCommonStockSharesOutstanding
1757898,STERIS plc,97602485.0,0001628280-26-039136,2026-05-27,,,,,,2026,EntityCommonStockSharesOutstanding
1781335,OTIS WORLDWIDE CORPORATION,433671005.0,0001781335-21-000023,2021-01-31,,,,,,2020,EntityCommonStockSharesOutstanding
1781335,OTIS WORLDWIDE CORPORATION,424962356.0,0001781335-22-000007,2022-01-21,,,,,,2021,EntityCommonStockSharesOutstanding
1781335,OTIS WORLDWIDE CORPORATION,414869461.0,0001781335-23-000009,2023-01-20,,,,,,2022,EntityCommonStockSharesOutstanding
1781335,OTIS WORLDWIDE CORPORATION,405454626.0,0001781335-24-000013,2024-01-19,,,,,,2023,EntityCommonStockSharesOutstanding
1781335,OTIS WORLDWIDE CORPORATION,396518563.0,0001781335-25-000010,2025-01-21,,,,,,2024,EntityCommonStockSharesOutstanding
1781335,OTIS WORLDWIDE CORPORATION,388720773.0,0001781335-26-000011,2026-01-22,,,,,,2025,EntityCommonStockSharesOutstanding
1781335,OTIS WORLDWIDE CORPORATION,380669339.0,0001781335-26-000113,2026-07-15,,,,,,2026,EntityCommonStockSharesOutstanding
1783180,CARRIER GLOBAL CORPORATION,869213146.0,0001783180-21-000011,2021-01-31,,,,,,2020,EntityCommonStockSharesOutstanding
1783180,CARRIER GLOBAL CORPORATION,855514035.0,0001783180-22-000010,2022-01-31,,,,,,2021,EntityCommonStockSharesOutstanding
1783180,CARRIER GLOBAL CORPORATION,834187942.0,0001783180-23-000012,2023-01-31,,,,,,2022,EntityCommonStockSharesOutstanding
1783180,CARRIER GLOBAL CORPORATION,898364047.0,0001783180-24-000009,2024-01-31,,,,,,2023,EntityCommonStockSharesOutstanding
1783180,CARRIER GLOBAL CORPORATION,868339902.0,0001783180-25-000008,2025-01-31,,,,,,2024,EntityCommonStockSharesOutstanding
1783180,CARRIER GLOBAL CORPORATION,835843882.0,0001783180-26-000008,2026-01-30,,,,,,2025,EntityCommonStockSharesOutstanding
1783180,CARRIER GLOBAL CORPORATION,824325057.0,0001783180-26-000032,2026-07-15,,,,,,2026,EntityCommonStockSharesOutstanding
1792044,VIATRIS INC.,1148590864.0,0001792044-26-000041,2026-08-03,,,,,,2026,EntityCommonStockSharesOutstanding
1811074,Texas Pacific Land Corporation,7756156.0,0001811074-21-000013,2021-01-31,,,,,,2020,EntityCommonStockSharesOutstanding
1811074,Texas Pacific Land Corporation,7745375.0,0001811074-22-000014,2022-01-31,,,,,,2021,EntityCommonStockSharesOutstanding
1811074,Texas Pacific Land Corporation,7695496.0,0001811074-23-000014,2023-02-14,,,,,,2022,EntityCommonStockSharesOutstanding
1811074,Texas Pacific Land Corporation,7668422.0,0001811074-24-000015,2024-02-14,,,,,,2023,EntityCommonStockSharesOutstanding
1811074,Texas Pacific Land Corporation,22984798.0,0001811074-25-000044,2025-02-12,,,,,,2024,EntityCommonStockSharesOutstanding
1811074,Texas Pacific Land Corporation,68941554.0,0001811074-26-000018,2026-02-09,,,,,,2025,EntityCommonStockSharesOutstanding
1811074,Texas Pacific Land Corporation,68974683.0,0001811074-26-000058,2026-07-31,,,,,,2026,EntityCommonStockSharesOutstanding
1835632,"MARVELL TECHNOLOGY, INC.",843800000.0,0001835632-21-000032,2021-11-26,,,,,,2021,EntityCommonStockSharesOutstanding
1835632,"MARVELL TECHNOLOGY, INC",853200000.0,0001835632-22-000053,2022-11-25,,,,,,2022,EntityCommonStockSharesOutstanding
1835632,"MARVELL TECHNOLOGY, INC",864500000.0,0001835632-23-000046,2023-11-24,,,,,,2023,EntityCommonStockSharesOutstanding
1835632,"MARVELL TECHNOLOGY, INC",865300000.0,0001835632-24-000200,2024-11-27,,,,,,2024,EntityCommonStockSharesOutstanding
1835632,"MARVELL TECHNOLOGY, INC",848100000.0,0001835632-25-000197,2025-11-26,,,,,,2025,EntityCommonStockSharesOutstanding
1835632,"MARVELL TECHNOLOGY, INC",874800000.0,0001835632-26-000019,2026-05-21,,,,,,2026,EntityCommonStockSharesOutstanding
1841666,APA CORPORATION,346776379.0,0001784031-22-000009,2022-01-31,,,,,,2021,EntityCommonStockSharesOutstanding
1841666,APA CORPORATION,310953174.0,0001784031-23-000007,2023-01-31,,,,,,2022,EntityCommonStockSharesOutstanding
1841666,APA CORPORATION,301818820.0,0001784031-24-000003,2024-01-31,,,,,,2023,EntityCommonStockSharesOutstanding
1841666,APA CORPORATION,364064316.0,0002040266-25-000007,2025-01-31,,,,,,2024,EntityCommonStockSharesOutstanding
1841666,APA CORPORATION,353251476.0,0001841666-26-000015,2026-01-31,,,,,,2025,EntityCommonStockSharesOutstanding
1841666,APA CORPORATION,350351510.0,0001841666-26-000053,2026-07-31,,,,,,2026,EntityCommonStockSharesOutstanding
1858681,"APOLLO GLOBAL MANAGEMENT, INC.",590543159.0,0001858681-26-000040,2026-08-05,,,,,,2026,EntityCommonStockSharesOutstanding
1868275,CONSTELLATION ENERGY CORPORATION,326663937.0,0001868275-22-000020,2022-02-01,,,,,,2021,EntityCommonStockSharesOutstanding
1868275,CONSTELLATION ENERGY CORPORATION,327131082.0,0001868275-23-000014,2023-01-31,,,,,,2022,EntityCommonStockSharesOutstanding
1868275,CONSTELLATION ENERGY CORPORATION,316666538.0,0001868275-24-000014,2024-01-31,,,,,,2023,EntityCommonStockSharesOutstanding
1868275,CONSTELLATION ENERGY CORPORATION,312847257.0,0001868275-25-000023,2025-01-31,,,,,,2024,EntityCommonStockSharesOutstanding
1868275,CONSTELLATION ENERGY CORPORATION,361990335.0,0001868275-26-000032,2026-02-01,,,,,,2025,EntityCommonStockSharesOutstanding
1868275,CONSTELLATION ENERGY CORPORATION,354307379.0,0001868275-26-000104,2026-07-31,,,,,,2026,EntityCommonStockSharesOutstanding
1932393,GE HEALTHCARE TECHNOLOGIES INC.,453926139.0,0001932393-23-000025,2023-01-31,,,,,,2022,EntityCommonStockSharesOutstanding
1932393,GE HEALTHCARE TECHNOLOGIES INC.,455357229.0,0001932393-24-000013,2024-01-30,,,,,,2023,EntityCommonStockSharesOutstanding
1932393,GE HEALTHCARE TECHNOLOGIES INC.,457298310.0,0001932393-25-000005,2025-02-06,,,,,,2024,EntityCommonStockSharesOutstanding
1932393,GE HEALTHCARE TECHNOLOGIES INC.,455749767.0,0001932393-26-000007,2026-01-28,,,,,,2025,EntityCommonStockSharesOutstanding
1932393,GE HEALTHCARE TECHNOLOGIES INC.,451686252.0,0001932393-26-000046,2026-07-22,,,,,,2026,EntityCommonStockSharesOutstanding
1944048,Kenvue Inc.,1911240720.0,0001944048-25-000033,2025-02-14,,,,,,2024,EntityCommonStockSharesOutstanding
1944048,Kenvue Inc.,1916732090.0,0001944048-26-000030,2026-02-13,,,,,,2025,EntityCommonStockSharesOutstanding
1944048,Kenvue Inc.,1920773467.0,0001944048-26-000142,2026-07-31,,,,,,2026,EntityCommonStockSharesOutstanding
1964738,SOLVENTUM CORPORATION,170223729.0,0001964738-26-000047,2026-07-31,,,,,,2026,EntityCommonStockSharesOutstanding
1967680,VERALTO CORPORATION,247550644.0,0001967680-25-000008,2025-02-14,,,,,,2024,EntityCommonStockSharesOutstanding
1967680,VERALTO CORPORATION,247843360.0,0001967680-26-000011,2026-02-13,,,,,,2025,EntityCommonStockSharesOutstanding
1967680,VERALTO CORPORATION,243793344.0,0001967680-26-000044,2026-07-21,,,,,,2026,EntityCommonStockSharesOutstanding
1996810,GE Vernova Inc.,275900754.0,0001996810-25-000011,2025-01-15,,,,,,2024,EntityCommonStockSharesOutstanding
1996810,GE Vernova Inc.,269529464.0,0001996810-26-000015,2025-12-31,,,,,,2025,EntityCommonStockSharesOutstanding
1996810,GE Vernova Inc.,266333581.0,0001996810-26-000148,2026-06-30,,,,,,2026,EntityCommonStockSharesOutstanding
1996862,BUNGE GLOBAL SA,192119123.0,0001628280-26-050540,2026-07-27,,,,,,2026,EntityCommonStockSharesOutstanding
2005951,Smurfit Westrock plc,524522908.0,0001628280-26-051195,2026-07-24,,,,,,2026,EntityCommonStockSharesOutstanding
2011641,Ferguson Enterprises Inc.,199945642.0,0002011641-24-000011,2024-12-03,,,,,,2024,EntityCommonStockSharesOutstanding
2011641,Ferguson Enterprises Inc.,195545957.0,0002011641-25-000059,2025-12-02,,,,,,2025,EntityCommonStockSharesOutstanding
2011641,Ferguson Enterprises Inc.,193452717.0,0002011641-26-000040,2026-08-03,,,,,,2026,EntityCommonStockSharesOutstanding
2012383,"BlackRock, Inc.",155253443.0,0000950170-25-026584,2025-01-31,,,,,,2024,EntityCommonStockSharesOutstanding
2023554,Sandisk Corporation,147567249.0,0001628280-26-004407,2026-01-23,,,,,,2025,EntityCommonStockSharesOutstanding
2023554,Sandisk Corporation,146419001.0,0001628280-26-057406,2026-08-07,,,,,,2026,EntityCommonStockSharesOutstanding
2058873,"QNITY ELECTRONICS, INC.",209208543.0,0002058873-26-000030,2026-07-31,,,,,,2026,EntityCommonStockSharesOutstanding
2082247,"FedEx Freight Holding Company, Inc.",149518133.0,0001628280-26-053359,2026-08-03,,,,,,2026,EntityCommonStockSharesOutstanding
2089271,Honeywell Aerospace Inc,316952725.0,0002089271-26-000021,2026-07-25,,,,,,2026,EntityCommonStockSharesOutstanding
2115436,Exxon Mobil Corporation,4111911960.0,0000034088-26-000093,2026-06-30,,,,,,2026,EntityCommonStockSharesOutstanding
