cik,ticker,year,val,tag
1800,ABT,2015,1605000000.0,PaymentsForRepurchaseOfCommonStock
1800,ABT,2016,522000000.0,PaymentsForRepurchaseOfCommonStock
1800,ABT,2017,522000000.0,PaymentsForRepurchaseOfCommonStock
1800,ABT,2018,522000000.0,PaymentsForRepurchaseOfCommonStock
1800,ABT,2019,117000000.0,PaymentsForRepurchaseOfCommonStock
1800,ABT,2020,403000000.0,PaymentsForRepurchaseOfCommonStock
1800,ABT,2021,403000000.0,PaymentsForRepurchaseOfCommonStock
1800,ABT,2022,403000000.0,PaymentsForRepurchaseOfCommonStock
1800,ABT,2023,2299000000.0,PaymentsForRepurchaseOfCommonStock
1800,ABT,2024,1295000000.0,PaymentsForRepurchaseOfCommonStock
1800,ABT,2025,1295000000.0,PaymentsForRepurchaseOfCommonStock
2488,AMD,2021,1762000000.0,PaymentsForRepurchaseOfCommonStock
2488,AMD,2022,3702000000.0,PaymentsForRepurchaseOfCommonStock
2488,AMD,2023,3702000000.0,PaymentsForRepurchaseOfCommonStock
2488,AMD,2024,3702000000.0,PaymentsForRepurchaseOfCommonStock
2488,AMD,2025,985000000.0,PaymentsForRepurchaseOfCommonStock
2969,APD,2015,461600000.0,PaymentsForRepurchaseOfCommonStock
4127,SWKS,2015,165700000.0,PaymentsForRepurchaseOfCommonStock
4127,SWKS,2016,165700000.0,PaymentsForRepurchaseOfCommonStock
4127,SWKS,2017,237300000.0,PaymentsForRepurchaseOfCommonStock
4127,SWKS,2018,525600000.0,PaymentsForRepurchaseOfCommonStock
4127,SWKS,2019,432300000.0,PaymentsForRepurchaseOfCommonStock
4127,SWKS,2020,647500000.0,PaymentsForRepurchaseOfCommonStock
4127,SWKS,2021,647500000.0,PaymentsForRepurchaseOfCommonStock
4127,SWKS,2022,647500000.0,PaymentsForRepurchaseOfCommonStock
4127,SWKS,2023,195600000.0,PaymentsForRepurchaseOfCommonStock
4127,SWKS,2024,886800000.0,PaymentsForRepurchaseOfCommonStock
4127,SWKS,2025,830200000.0,PaymentsForRepurchaseOfCommonStock
4281,HWM,2019,1150000000.0,PaymentsForRepurchaseOfCommonStock
4281,HWM,2020,73000000.0,PaymentsForRepurchaseOfCommonStock
4281,HWM,2021,73000000.0,PaymentsForRepurchaseOfCommonStock
4281,HWM,2022,73000000.0,PaymentsForRepurchaseOfCommonStock
4281,HWM,2023,430000000.0,PaymentsForRepurchaseOfCommonStock
4281,HWM,2024,500000000.0,PaymentsForRepurchaseOfCommonStock
4281,HWM,2025,500000000.0,PaymentsForRepurchaseOfCommonStock
4962,AXP,2015,3943000000.0,PaymentsForRepurchaseOfCommonStock
4962,AXP,2016,4431000000.0,PaymentsForRepurchaseOfCommonStock
4962,AXP,2017,4400000000.0,PaymentsForRepurchaseOfCommonStock
4962,AXP,2018,4400000000.0,PaymentsForRepurchaseOfCommonStock
4962,AXP,2022,1029000000.0,PaymentsForRepurchaseOfCommonStock
4962,AXP,2023,7652000000.0,PaymentsForRepurchaseOfCommonStock
4962,AXP,2024,6020000000.0,PaymentsForRepurchaseOfCommonStock
4962,AXP,2025,6020000000.0,PaymentsForRepurchaseOfCommonStock
4977,AFL,2015,813000000.0,PaymentsForRepurchaseOfCommonStock
4977,AFL,2016,1422000000.0,PaymentsForRepurchaseOfCommonStock
4977,AFL,2017,1422000000.0,PaymentsForRepurchaseOfCommonStock
4977,AFL,2018,1422000000.0,PaymentsForRepurchaseOfCommonStock
4977,AFL,2019,1351000000.0,PaymentsForRepurchaseOfCommonStock
4977,AFL,2020,1537000000.0,PaymentsForRepurchaseOfCommonStock
4977,AFL,2021,1537000000.0,PaymentsForRepurchaseOfCommonStock
4977,AFL,2022,1537000000.0,PaymentsForRepurchaseOfCommonStock
4977,AFL,2023,2301000000.0,PaymentsForRepurchaseOfCommonStock
4977,AFL,2024,2800000000.0,PaymentsForRepurchaseOfCommonStock
4977,AFL,2025,2800000000.0,PaymentsForRepurchaseOfCommonStock
5272,AIG,2015,597000000.0,PaymentsForRepurchaseOfCommonStock
5272,AIG,2016,11460000000.0,PaymentsForRepurchaseOfCommonStock
5272,AIG,2017,11460000000.0,PaymentsForRepurchaseOfCommonStock
5272,AIG,2018,11460000000.0,PaymentsForRepurchaseOfCommonStock
5272,AIG,2019,6275000000.0,PaymentsForRepurchaseOfCommonStock
5272,AIG,2020,500000000.0,PaymentsForRepurchaseOfCommonStock
5272,AIG,2021,500000000.0,PaymentsForRepurchaseOfCommonStock
5272,AIG,2022,500000000.0,PaymentsForRepurchaseOfCommonStock
5272,AIG,2023,2592000000.0,PaymentsForRepurchaseOfCommonStock
5272,AIG,2024,6652000000.0,PaymentsForRepurchaseOfCommonStock
5272,AIG,2025,6652000000.0,PaymentsForRepurchaseOfCommonStock
6281,ADI,2015,60529000.0,PaymentsForRepurchaseOfCommonStock
6281,ADI,2016,356346000.0,PaymentsForRepurchaseOfCommonStock
6281,ADI,2017,226953000.0,PaymentsForRepurchaseOfCommonStock
6281,ADI,2018,225977000.0,PaymentsForRepurchaseOfCommonStock
6281,ADI,2019,225977000.0,PaymentsForRepurchaseOfCommonStock
6281,ADI,2020,225977000.0,PaymentsForRepurchaseOfCommonStock
6281,ADI,2021,613005000.0,PaymentsForRepurchaseOfCommonStock
6281,ADI,2022,244487000.0,PaymentsForRepurchaseOfCommonStock
6281,ADI,2023,2605144000.0,PaymentsForRepurchaseOfCommonStock
6281,ADI,2024,615590000.0,PaymentsForRepurchaseOfCommonStock
6281,ADI,2025,615590000.0,PaymentsForRepurchaseOfCommonStock
6951,AMAT,2015,245000000.0,PaymentsForRepurchaseOfCommonStock
6951,AMAT,2016,1892000000.0,PaymentsForRepurchaseOfCommonStock
6951,AMAT,2017,1892000000.0,PaymentsForRepurchaseOfCommonStock
6951,AMAT,2018,1892000000.0,PaymentsForRepurchaseOfCommonStock
6951,AMAT,2019,1172000000.0,PaymentsForRepurchaseOfCommonStock
6951,AMAT,2020,5283000000.0,PaymentsForRepurchaseOfCommonStock
6951,AMAT,2021,3750000000.0,PaymentsForRepurchaseOfCommonStock
6951,AMAT,2022,3750000000.0,PaymentsForRepurchaseOfCommonStock
6951,AMAT,2023,3750000000.0,PaymentsForRepurchaseOfCommonStock
6951,AMAT,2024,6103000000.0,PaymentsForRepurchaseOfCommonStock
6951,AMAT,2025,2189000000.0,PaymentsForRepurchaseOfCommonStock
7084,ADM,2015,101000000.0,PaymentsForRepurchaseOfCommonStock
7084,ADM,2016,1000000000.0,PaymentsForRepurchaseOfCommonStock
7084,ADM,2017,1000000000.0,PaymentsForRepurchaseOfCommonStock
7084,ADM,2018,1000000000.0,PaymentsForRepurchaseOfCommonStock
7084,ADM,2019,750000000.0,PaymentsForRepurchaseOfCommonStock
7084,ADM,2020,133000000.0,PaymentsForRepurchaseOfCommonStock
7084,ADM,2021,133000000.0,PaymentsForRepurchaseOfCommonStock
7084,ADM,2022,133000000.0,PaymentsForRepurchaseOfCommonStock
7084,ADM,2023,1450000000.0,PaymentsForRepurchaseOfCommonStock
7084,ADM,2024,2327000000.0,PaymentsForRepurchaseOfCommonStock
7084,ADM,2025,2327000000.0,PaymentsForRepurchaseOfCommonStock
8670,ADP,2015,647300000.0,PaymentsForRepurchaseOfCommonStock
8670,ADP,2016,1155700000.0,PaymentsForRepurchaseOfCommonStock
8670,ADP,2017,1155700000.0,PaymentsForRepurchaseOfCommonStock
8670,ADP,2018,1155700000.0,PaymentsForRepurchaseOfCommonStock
8670,ADP,2019,1259600000.0,PaymentsForRepurchaseOfCommonStock
8670,ADP,2020,1006300000.0,PaymentsForRepurchaseOfCommonStock
8670,ADP,2021,1006300000.0,PaymentsForRepurchaseOfCommonStock
8670,ADP,2022,1006300000.0,PaymentsForRepurchaseOfCommonStock
8670,ADP,2023,1372300000.0,PaymentsForRepurchaseOfCommonStock
8670,ADP,2024,1231700000.0,PaymentsForRepurchaseOfCommonStock
8670,ADP,2025,1231700000.0,PaymentsForRepurchaseOfCommonStock
8670,ADP,2026,1231700000.0,PaymentsForRepurchaseOfCommonStock
8818,AVY,2015,355500000.0,PaymentsForRepurchaseOfCommonStock
8818,AVY,2016,355500000.0,PaymentsForRepurchaseOfCommonStock
8818,AVY,2017,232300000.0,PaymentsForRepurchaseOfCommonStock
8818,AVY,2018,262400000.0,PaymentsForRepurchaseOfCommonStock
8818,AVY,2019,129700000.0,PaymentsForRepurchaseOfCommonStock
8818,AVY,2020,104300000.0,PaymentsForRepurchaseOfCommonStock
8818,AVY,2021,104300000.0,PaymentsForRepurchaseOfCommonStock
8818,AVY,2022,104300000.0,PaymentsForRepurchaseOfCommonStock
8818,AVY,2023,180900000.0,PaymentsForRepurchaseOfCommonStock
8818,AVY,2024,379500000.0,PaymentsForRepurchaseOfCommonStock
8818,AVY,2025,572300000.0,PaymentsForRepurchaseOfCommonStock
9389,BALL,2015,431700000.0,PaymentsForRepurchaseOfCommonStock
9389,BALL,2016,107000000.0,PaymentsForRepurchaseOfCommonStock
9389,BALL,2017,107000000.0,PaymentsForRepurchaseOfCommonStock
9389,BALL,2018,107000000.0,PaymentsForRepurchaseOfCommonStock
9389,BALL,2019,103000000.0,PaymentsForRepurchaseOfCommonStock
9389,BALL,2020,57000000.0,PaymentsForRepurchaseOfCommonStock
9389,BALL,2021,57000000.0,PaymentsForRepurchaseOfCommonStock
9389,BALL,2022,57000000.0,PaymentsForRepurchaseOfCommonStock
9389,BALL,2023,766000000.0,PaymentsForRepurchaseOfCommonStock
9389,BALL,2024,1712000000.0,PaymentsForRepurchaseOfCommonStock
9389,BALL,2025,1712000000.0,PaymentsForRepurchaseOfCommonStock
10456,BAX,2015,913000000.0,PaymentsForRepurchaseOfCommonStock
10456,BAX,2016,292000000.0,PaymentsForRepurchaseOfCommonStock
10456,BAX,2017,292000000.0,PaymentsForRepurchaseOfCommonStock
10456,BAX,2018,292000000.0,PaymentsForRepurchaseOfCommonStock
10456,BAX,2019,564000000.0,PaymentsForRepurchaseOfCommonStock
10456,BAX,2020,500000000.0,PaymentsForRepurchaseOfCommonStock
10456,BAX,2021,500000000.0,PaymentsForRepurchaseOfCommonStock
10456,BAX,2022,500000000.0,PaymentsForRepurchaseOfCommonStock
10456,BAX,2023,600000000.0,PaymentsForRepurchaseOfCommonStock
10456,BAX,2024,32000000.0,PaymentsForRepurchaseOfCommonStock
10795,BDX,2015,450000000.0,PaymentsForRepurchaseOfCommonStock
10795,BDX,2016,400000000.0,PaymentsForRepurchaseOfCommonStock
10795,BDX,2017,220000000.0,PaymentsForRepurchaseOfCommonStock
10795,BDX,2018,220000000.0,PaymentsForRepurchaseOfCommonStock
10795,BDX,2019,220000000.0,PaymentsForRepurchaseOfCommonStock
10795,BDX,2021,1750000000.0,PaymentsForRepurchaseOfCommonStock
10795,BDX,2022,1750000000.0,PaymentsForRepurchaseOfCommonStock
10795,BDX,2023,1750000000.0,PaymentsForRepurchaseOfCommonStock
10795,BDX,2024,500000000.0,PaymentsForRepurchaseOfCommonStock
10795,BDX,2025,500000000.0,PaymentsForRepurchaseOfCommonStock
11544,WRB,2015,166473000.0,PaymentsForRepurchaseOfCommonStock
11544,WRB,2016,132392000.0,PaymentsForRepurchaseOfCommonStock
11544,WRB,2017,132392000.0,PaymentsForRepurchaseOfCommonStock
11544,WRB,2018,132392000.0,PaymentsForRepurchaseOfCommonStock
11544,WRB,2019,47807000.0,PaymentsForRepurchaseOfCommonStock
11544,WRB,2020,346357000.0,PaymentsForRepurchaseOfCommonStock
11544,WRB,2023,122426000.0,PaymentsForRepurchaseOfCommonStock
11544,WRB,2024,303655000.0,PaymentsForRepurchaseOfCommonStock
11544,WRB,2025,303655000.0,PaymentsForRepurchaseOfCommonStock
12927,BA,2015,2801000000.0,PaymentsForRepurchaseOfCommonStock
12927,BA,2016,7001000000.0,PaymentsForRepurchaseOfCommonStock
12927,BA,2017,7001000000.0,PaymentsForRepurchaseOfCommonStock
12927,BA,2018,7001000000.0,PaymentsForRepurchaseOfCommonStock
12927,BA,2019,9236000000.0,PaymentsForRepurchaseOfCommonStock
12927,BA,2020,9000000000.0,PaymentsForRepurchaseOfCommonStock
12927,BA,2021,2651000000.0,PaymentsForRepurchaseOfCommonStock
14272,BMY,2015,433000000.0,PaymentsForRepurchaseOfCommonStock
14272,BMY,2016,231000000.0,PaymentsForRepurchaseOfCommonStock
14272,BMY,2017,231000000.0,PaymentsForRepurchaseOfCommonStock
14272,BMY,2018,231000000.0,PaymentsForRepurchaseOfCommonStock
14272,BMY,2019,2469000000.0,PaymentsForRepurchaseOfCommonStock
14272,BMY,2020,1546000000.0,PaymentsForRepurchaseOfCommonStock
14272,BMY,2021,1546000000.0,PaymentsForRepurchaseOfCommonStock
14272,BMY,2022,1546000000.0,PaymentsForRepurchaseOfCommonStock
14272,BMY,2023,6287000000.0,PaymentsForRepurchaseOfCommonStock
14272,BMY,2024,8001000000.0,PaymentsForRepurchaseOfCommonStock
14272,BMY,2025,5155000000.0,PaymentsForRepurchaseOfCommonStock
14693,BF-B,2015,49000000.0,PaymentsForRepurchaseOfCommonStock
14693,BF-B,2016,1107000000.0,PaymentsForRepurchaseOfCommonStock
14693,BF-B,2017,1107000000.0,PaymentsForRepurchaseOfCommonStock
14693,BF-B,2018,1107000000.0,PaymentsForRepurchaseOfCommonStock
14693,BF-B,2019,561000000.0,PaymentsForRepurchaseOfCommonStock
14693,BF-B,2020,1000000.0,PaymentsForRepurchaseOfCommonStock
14693,BF-B,2021,1000000.0,PaymentsForRepurchaseOfCommonStock
14693,BF-B,2022,1000000.0,PaymentsForRepurchaseOfCommonStock
14693,BF-B,2024,400000000.0,PaymentsForRepurchaseOfCommonStock
14693,BF-B,2025,400000000.0,PaymentsForRepurchaseOfCommonStock
14693,BF-B,2026,400000000.0,PaymentsForRepurchaseOfCommonStock
16918,STZ,2015,33800000.0,PaymentsForRepurchaseOfCommonStock
16918,STZ,2016,33800000.0,PaymentsForRepurchaseOfCommonStock
16918,STZ,2018,1122700000.0,PaymentsForRepurchaseOfCommonStock
16918,STZ,2020,50000000.0,PaymentsForRepurchaseOfCommonStock
16918,STZ,2021,50000000.0,PaymentsForRepurchaseOfCommonStock
16918,STZ,2022,50000000.0,PaymentsForRepurchaseOfCommonStock
16918,STZ,2023,1390500000.0,PaymentsForRepurchaseOfCommonStock
16918,STZ,2024,249700000.0,PaymentsForRepurchaseOfCommonStock
16918,STZ,2025,249700000.0,PaymentsForRepurchaseOfCommonStock
16918,STZ,2026,249700000.0,PaymentsForRepurchaseOfCommonStock
18230,CAT,2015,2000000000.0,PaymentsForRepurchaseOfCommonStock
18230,CAT,2016,4238000000.0,PaymentsForRepurchaseOfCommonStock
18230,CAT,2017,2025000000.0,PaymentsForRepurchaseOfCommonStock
18230,CAT,2018,3798000000.0,PaymentsForRepurchaseOfCommonStock
18230,CAT,2019,3798000000.0,PaymentsForRepurchaseOfCommonStock
18230,CAT,2020,1130000000.0,PaymentsForRepurchaseOfCommonStock
18230,CAT,2021,1130000000.0,PaymentsForRepurchaseOfCommonStock
18230,CAT,2022,1130000000.0,PaymentsForRepurchaseOfCommonStock
18230,CAT,2023,2668000000.0,PaymentsForRepurchaseOfCommonStock
18230,CAT,2024,7697000000.0,PaymentsForRepurchaseOfCommonStock
18230,CAT,2025,7697000000.0,PaymentsForRepurchaseOfCommonStock
19617,JPM,2017,9082000000.0,PaymentsForRepurchaseOfCommonStock
19617,JPM,2018,9082000000.0,PaymentsForRepurchaseOfCommonStock
19617,JPM,2019,15410000000.0,PaymentsForRepurchaseOfCommonStock
19617,JPM,2020,6517000000.0,PaymentsForRepurchaseOfCommonStock
19617,JPM,2021,6517000000.0,PaymentsForRepurchaseOfCommonStock
19617,JPM,2022,6517000000.0,PaymentsForRepurchaseOfCommonStock
19617,JPM,2023,18408000000.0,PaymentsForRepurchaseOfCommonStock
19617,JPM,2024,18830000000.0,PaymentsForRepurchaseOfCommonStock
19617,JPM,2025,18830000000.0,PaymentsForRepurchaseOfCommonStock
20286,CINF,2015,52000000.0,PaymentsForRepurchaseOfCommonStock
20286,CINF,2016,39000000.0,PaymentsForRepurchaseOfCommonStock
20286,CINF,2017,39000000.0,PaymentsForRepurchaseOfCommonStock
20286,CINF,2018,39000000.0,PaymentsForRepurchaseOfCommonStock
20286,CINF,2019,92000000.0,PaymentsForRepurchaseOfCommonStock
20286,CINF,2020,261000000.0,PaymentsForRepurchaseOfCommonStock
20286,CINF,2021,261000000.0,PaymentsForRepurchaseOfCommonStock
20286,CINF,2022,261000000.0,PaymentsForRepurchaseOfCommonStock
20286,CINF,2023,144000000.0,PaymentsForRepurchaseOfCommonStock
20286,CINF,2024,126000000.0,PaymentsForRepurchaseOfCommonStock
20286,CINF,2025,126000000.0,PaymentsForRepurchaseOfCommonStock
21076,CLX,2015,128000000.0,PaymentsForRepurchaseOfCommonStock
21076,CLX,2016,254000000.0,PaymentsForRepurchaseOfCommonStock
21076,CLX,2017,254000000.0,PaymentsForRepurchaseOfCommonStock
21076,CLX,2018,254000000.0,PaymentsForRepurchaseOfCommonStock
21076,CLX,2019,183000000.0,PaymentsForRepurchaseOfCommonStock
21076,CLX,2020,248000000.0,PaymentsForRepurchaseOfCommonStock
21076,CLX,2021,248000000.0,PaymentsForRepurchaseOfCommonStock
21076,CLX,2022,248000000.0,PaymentsForRepurchaseOfCommonStock
21076,CLX,2023,905000000.0,PaymentsForRepurchaseOfCommonStock
21076,CLX,2024,25000000.0,PaymentsForRepurchaseOfCommonStock
21076,CLX,2025,332000000.0,PaymentsForRepurchaseOfCommonStock
21344,KO,2015,4832000000.0,PaymentsForRepurchaseOfCommonStock
21344,KO,2016,3681000000.0,PaymentsForRepurchaseOfCommonStock
21344,KO,2017,3681000000.0,PaymentsForRepurchaseOfCommonStock
21344,KO,2018,3681000000.0,PaymentsForRepurchaseOfCommonStock
21344,KO,2019,3682000000.0,PaymentsForRepurchaseOfCommonStock
21344,KO,2020,118000000.0,PaymentsForRepurchaseOfCommonStock
21344,KO,2021,118000000.0,PaymentsForRepurchaseOfCommonStock
21344,KO,2022,118000000.0,PaymentsForRepurchaseOfCommonStock
21344,KO,2023,111000000.0,PaymentsForRepurchaseOfCommonStock
21344,KO,2024,1795000000.0,PaymentsForRepurchaseOfCommonStock
21344,KO,2025,1795000000.0,PaymentsForRepurchaseOfCommonStock
21665,CL,2015,1521000000.0,PaymentsForRepurchaseOfCommonStock
21665,CL,2016,1335000000.0,PaymentsForRepurchaseOfCommonStock
21665,CL,2017,1335000000.0,PaymentsForRepurchaseOfCommonStock
21665,CL,2018,1335000000.0,PaymentsForRepurchaseOfCommonStock
21665,CL,2019,1399000000.0,PaymentsForRepurchaseOfCommonStock
21665,CL,2020,1476000000.0,PaymentsForRepurchaseOfCommonStock
21665,CL,2021,1476000000.0,PaymentsForRepurchaseOfCommonStock
21665,CL,2022,1476000000.0,PaymentsForRepurchaseOfCommonStock
21665,CL,2023,1320000000.0,PaymentsForRepurchaseOfCommonStock
21665,CL,2024,1739000000.0,PaymentsForRepurchaseOfCommonStock
21665,CL,2025,1739000000.0,PaymentsForRepurchaseOfCommonStock
24545,TAP,2022,51500000.0,PaymentsForRepurchaseOfCommonStock
24545,TAP,2023,51500000.0,PaymentsForRepurchaseOfCommonStock
24545,TAP,2024,643400000.0,PaymentsForRepurchaseOfCommonStock
24545,TAP,2025,643400000.0,PaymentsForRepurchaseOfCommonStock
24741,GLW,2015,1516000000.0,PaymentsForRepurchaseOfCommonStock
24741,GLW,2016,4227000000.0,PaymentsForRepurchaseOfCommonStock
24741,GLW,2017,4227000000.0,PaymentsForRepurchaseOfCommonStock
24741,GLW,2018,4227000000.0,PaymentsForRepurchaseOfCommonStock
24741,GLW,2019,2452000000.0,PaymentsForRepurchaseOfCommonStock
24741,GLW,2020,105000000.0,PaymentsForRepurchaseOfCommonStock
24741,GLW,2021,105000000.0,PaymentsForRepurchaseOfCommonStock
24741,GLW,2022,105000000.0,PaymentsForRepurchaseOfCommonStock
24741,GLW,2023,274000000.0,PaymentsForRepurchaseOfCommonStock
24741,GLW,2024,165000000.0,PaymentsForRepurchaseOfCommonStock
24741,GLW,2025,165000000.0,PaymentsForRepurchaseOfCommonStock
26172,CMI,2015,381000000.0,PaymentsForRepurchaseOfCommonStock
26172,CMI,2016,778000000.0,PaymentsForRepurchaseOfCommonStock
26172,CMI,2017,778000000.0,PaymentsForRepurchaseOfCommonStock
26172,CMI,2018,778000000.0,PaymentsForRepurchaseOfCommonStock
26172,CMI,2019,451000000.0,PaymentsForRepurchaseOfCommonStock
26172,CMI,2020,641000000.0,PaymentsForRepurchaseOfCommonStock
26172,CMI,2021,641000000.0,PaymentsForRepurchaseOfCommonStock
26172,CMI,2022,641000000.0,PaymentsForRepurchaseOfCommonStock
26172,CMI,2023,1402000000.0,PaymentsForRepurchaseOfCommonStock
26172,CMI,2024,374000000.0,PaymentsForRepurchaseOfCommonStock
27419,TGT,2015,1461000000.0,PaymentsForRepurchaseOfCommonStock
27419,TGT,2016,26000000.0,PaymentsForRepurchaseOfCommonStock
27419,TGT,2017,1046000000.0,PaymentsForRepurchaseOfCommonStock
27419,TGT,2018,1046000000.0,PaymentsForRepurchaseOfCommonStock
27419,TGT,2019,1046000000.0,PaymentsForRepurchaseOfCommonStock
27419,TGT,2020,2124000000.0,PaymentsForRepurchaseOfCommonStock
27419,TGT,2021,1565000000.0,PaymentsForRepurchaseOfCommonStock
27419,TGT,2022,745000000.0,PaymentsForRepurchaseOfCommonStock
27419,TGT,2023,7188000000.0,PaymentsForRepurchaseOfCommonStock
27419,TGT,2024,2646000000.0,PaymentsForRepurchaseOfCommonStock
27419,TGT,2025,1007000000.0,PaymentsForRepurchaseOfCommonStock
27904,DAL,2015,250000000.0,PaymentsForRepurchaseOfCommonStock
27904,DAL,2016,2601000000.0,PaymentsForRepurchaseOfCommonStock
27904,DAL,2017,2601000000.0,PaymentsForRepurchaseOfCommonStock
27904,DAL,2018,2601000000.0,PaymentsForRepurchaseOfCommonStock
27904,DAL,2019,1677000000.0,PaymentsForRepurchaseOfCommonStock
27904,DAL,2020,344000000.0,PaymentsForRepurchaseOfCommonStock
27904,DAL,2021,344000000.0,PaymentsForRepurchaseOfCommonStock
27904,DAL,2022,344000000.0,PaymentsForRepurchaseOfCommonStock
29534,DG,2015,620052000.0,PaymentsForRepurchaseOfCommonStock
29534,DG,2016,990474000.0,PaymentsForRepurchaseOfCommonStock
29534,DG,2017,990474000.0,PaymentsForRepurchaseOfCommonStock
29534,DG,2018,990474000.0,PaymentsForRepurchaseOfCommonStock
29534,DG,2019,579712000.0,PaymentsForRepurchaseOfCommonStock
29534,DG,2020,1007494000.0,PaymentsForRepurchaseOfCommonStock
29534,DG,2021,1200376000.0,PaymentsForRepurchaseOfCommonStock
29534,DG,2022,2748014000.0,PaymentsForRepurchaseOfCommonStock
29534,DG,2023,2748014000.0,PaymentsForRepurchaseOfCommonStock
29534,DG,2024,2748014000.0,PaymentsForRepurchaseOfCommonStock
29905,DOV,2015,457871000.0,PaymentsForRepurchaseOfCommonStock
29905,DOV,2016,601077000.0,PaymentsForRepurchaseOfCommonStock
29905,DOV,2017,600164000.0,PaymentsForRepurchaseOfCommonStock
29905,DOV,2018,105023000.0,PaymentsForRepurchaseOfCommonStock
29905,DOV,2019,105023000.0,PaymentsForRepurchaseOfCommonStock
29905,DOV,2020,106279000.0,PaymentsForRepurchaseOfCommonStock
29905,DOV,2021,106279000.0,PaymentsForRepurchaseOfCommonStock
29905,DOV,2022,106279000.0,PaymentsForRepurchaseOfCommonStock
29905,DOV,2023,21637000.0,PaymentsForRepurchaseOfCommonStock
29905,DOV,2024,500000000.0,PaymentsForRepurchaseOfCommonStock
29905,DOV,2025,500000000.0,PaymentsForRepurchaseOfCommonStock
29989,OMC,2015,575300000.0,PaymentsForRepurchaseOfCommonStock
29989,OMC,2016,602200000.0,PaymentsForRepurchaseOfCommonStock
29989,OMC,2017,602200000.0,PaymentsForRepurchaseOfCommonStock
29989,OMC,2018,602200000.0,PaymentsForRepurchaseOfCommonStock
29989,OMC,2019,568400000.0,PaymentsForRepurchaseOfCommonStock
29989,OMC,2020,222000000.0,PaymentsForRepurchaseOfCommonStock
29989,OMC,2021,222000000.0,PaymentsForRepurchaseOfCommonStock
29989,OMC,2022,222000000.0,PaymentsForRepurchaseOfCommonStock
29989,OMC,2023,527300000.0,PaymentsForRepurchaseOfCommonStock
29989,OMC,2024,370700000.0,PaymentsForRepurchaseOfCommonStock
29989,OMC,2025,370700000.0,PaymentsForRepurchaseOfCommonStock
31462,ECL,2015,307600000.0,PaymentsForRepurchaseOfCommonStock
31462,ECL,2016,739600000.0,PaymentsForRepurchaseOfCommonStock
31462,ECL,2017,739600000.0,PaymentsForRepurchaseOfCommonStock
31462,ECL,2018,739600000.0,PaymentsForRepurchaseOfCommonStock
31462,ECL,2019,600300000.0,PaymentsForRepurchaseOfCommonStock
31462,ECL,2020,146200000.0,PaymentsForRepurchaseOfCommonStock
31462,ECL,2021,146200000.0,PaymentsForRepurchaseOfCommonStock
31462,ECL,2022,146200000.0,PaymentsForRepurchaseOfCommonStock
31462,ECL,2023,106600000.0,PaymentsForRepurchaseOfCommonStock
31462,ECL,2024,986500000.0,PaymentsForRepurchaseOfCommonStock
31462,ECL,2025,986500000.0,PaymentsForRepurchaseOfCommonStock
31791,RVTY,2015,76439000.0,PaymentsForRepurchaseOfCommonStock
31791,RVTY,2016,76439000.0,PaymentsForRepurchaseOfCommonStock
31791,RVTY,2017,76439000.0,PaymentsForRepurchaseOfCommonStock
31791,RVTY,2018,151801000.0,PaymentsForRepurchaseOfCommonStock
31791,RVTY,2019,3834000.0,PaymentsForRepurchaseOfCommonStock
31791,RVTY,2020,6944000.0,PaymentsForRepurchaseOfCommonStock
31791,RVTY,2021,6944000.0,PaymentsForRepurchaseOfCommonStock
31791,RVTY,2022,6944000.0,PaymentsForRepurchaseOfCommonStock
31791,RVTY,2023,73072000.0,PaymentsForRepurchaseOfCommonStock
31791,RVTY,2024,80638000.0,PaymentsForRepurchaseOfCommonStock
31791,RVTY,2025,388882000.0,PaymentsForRepurchaseOfCommonStock
32604,EMR,2015,1110000000.0,PaymentsForRepurchaseOfCommonStock
32604,EMR,2016,601000000.0,PaymentsForRepurchaseOfCommonStock
32604,EMR,2017,601000000.0,PaymentsForRepurchaseOfCommonStock
32604,EMR,2018,601000000.0,PaymentsForRepurchaseOfCommonStock
32604,EMR,2019,400000000.0,PaymentsForRepurchaseOfCommonStock
32604,EMR,2020,942000000.0,PaymentsForRepurchaseOfCommonStock
32604,EMR,2021,942000000.0,PaymentsForRepurchaseOfCommonStock
32604,EMR,2022,942000000.0,PaymentsForRepurchaseOfCommonStock
32604,EMR,2023,500000000.0,PaymentsForRepurchaseOfCommonStock
32604,EMR,2024,435000000.0,PaymentsForRepurchaseOfCommonStock
32604,EMR,2025,435000000.0,PaymentsForRepurchaseOfCommonStock
33185,EFX,2015,11900000.0,PaymentsForRepurchaseOfCommonStock
33185,EFX,2016,301600000.0,PaymentsForRepurchaseOfCommonStock
33185,EFX,2017,196300000.0,PaymentsForRepurchaseOfCommonStock
33185,EFX,2018,77100000.0,PaymentsForRepurchaseOfCommonStock
33185,EFX,2019,77100000.0,PaymentsForRepurchaseOfCommonStock
33185,EFX,2021,69900000.0,PaymentsForRepurchaseOfCommonStock
33185,EFX,2022,69900000.0,PaymentsForRepurchaseOfCommonStock
33185,EFX,2023,69900000.0,PaymentsForRepurchaseOfCommonStock
33185,EFX,2025,927500000.0,PaymentsForRepurchaseOfCommonStock
33213,EQT,2015,32368000.0,PaymentsForRepurchaseOfCommonStock
33213,EQT,2016,30000.0,PaymentsForRepurchaseOfCommonStock
33213,EQT,2017,30000.0,PaymentsForRepurchaseOfCommonStock
33213,EQT,2018,30000.0,PaymentsForRepurchaseOfCommonStock
33213,EQT,2019,30000.0,PaymentsForRepurchaseOfCommonStock
33213,EQT,2020,27000.0,PaymentsForRepurchaseOfCommonStock
33213,EQT,2021,12922000.0,PaymentsForRepurchaseOfCommonStock
33213,EQT,2022,12922000.0,PaymentsForRepurchaseOfCommonStock
33213,EQT,2023,12922000.0,PaymentsForRepurchaseOfCommonStock
33213,EQT,2024,409485000.0,PaymentsForRepurchaseOfCommonStock
33213,EQT,2025,201029000.0,PaymentsForRepurchaseOfCommonStock
35527,FITB,2015,1320000000.0,PaymentsForRepurchaseOfCommonStock
35527,FITB,2016,661000000.0,PaymentsForRepurchaseOfCommonStock
35527,FITB,2017,661000000.0,PaymentsForRepurchaseOfCommonStock
35527,FITB,2018,661000000.0,PaymentsForRepurchaseOfCommonStock
35527,FITB,2019,1605000000.0,PaymentsForRepurchaseOfCommonStock
35527,FITB,2020,1453000000.0,PaymentsForRepurchaseOfCommonStock
35527,FITB,2021,1763000000.0,PaymentsForRepurchaseOfCommonStock
35527,FITB,2022,1393000000.0,PaymentsForRepurchaseOfCommonStock
35527,FITB,2023,1393000000.0,PaymentsForRepurchaseOfCommonStock
35527,FITB,2024,625000000.0,PaymentsForRepurchaseOfCommonStock
35527,FITB,2025,625000000.0,PaymentsForRepurchaseOfCommonStock
36104,USB,2015,2282000000.0,PaymentsForRepurchaseOfCommonStock
36104,USB,2016,2556000000.0,PaymentsForRepurchaseOfCommonStock
36104,USB,2017,2556000000.0,PaymentsForRepurchaseOfCommonStock
36104,USB,2018,2556000000.0,PaymentsForRepurchaseOfCommonStock
36104,USB,2019,2631000000.0,PaymentsForRepurchaseOfCommonStock
36104,USB,2020,1672000000.0,PaymentsForRepurchaseOfCommonStock
36104,USB,2021,1672000000.0,PaymentsForRepurchaseOfCommonStock
36104,USB,2022,1672000000.0,PaymentsForRepurchaseOfCommonStock
36104,USB,2023,1555000000.0,PaymentsForRepurchaseOfCommonStock
36104,USB,2024,173000000.0,PaymentsForRepurchaseOfCommonStock
36104,USB,2025,173000000.0,PaymentsForRepurchaseOfCommonStock
36270,MTB,2016,641334000.0,PaymentsForRepurchaseOfCommonStock
36270,MTB,2017,641334000.0,PaymentsForRepurchaseOfCommonStock
36270,MTB,2018,641334000.0,PaymentsForRepurchaseOfCommonStock
36270,MTB,2019,1205905000.0,PaymentsForRepurchaseOfCommonStock
36270,MTB,2020,373750000.0,PaymentsForRepurchaseOfCommonStock
36270,MTB,2021,373750000.0,PaymentsForRepurchaseOfCommonStock
36270,MTB,2022,373750000.0,PaymentsForRepurchaseOfCommonStock
36270,MTB,2023,1800000000.0,PaymentsForRepurchaseOfCommonStock
36270,MTB,2024,396000000.0,PaymentsForRepurchaseOfCommonStock
36270,MTB,2025,396000000.0,PaymentsForRepurchaseOfCommonStock
37996,F,2015,213000000.0,PaymentsForRepurchaseOfCommonStock
37996,F,2016,145000000.0,PaymentsForRepurchaseOfCommonStock
37996,F,2017,145000000.0,PaymentsForRepurchaseOfCommonStock
37996,F,2018,145000000.0,PaymentsForRepurchaseOfCommonStock
37996,F,2019,131000000.0,PaymentsForRepurchaseOfCommonStock
37996,F,2020,164000000.0,PaymentsForRepurchaseOfCommonStock
37996,F,2021,237000000.0,PaymentsForRepurchaseOfCommonStock
37996,F,2022,484000000.0,PaymentsForRepurchaseOfCommonStock
37996,F,2023,484000000.0,PaymentsForRepurchaseOfCommonStock
37996,F,2024,426000000.0,PaymentsForRepurchaseOfCommonStock
37996,F,2025,426000000.0,PaymentsForRepurchaseOfCommonStock
38777,BEN,2015,491000000.0,PaymentsForRepurchaseOfCommonStock
38777,BEN,2016,1308000000.0,PaymentsForRepurchaseOfCommonStock
38777,BEN,2017,1308000000.0,PaymentsForRepurchaseOfCommonStock
38777,BEN,2018,1308000000.0,PaymentsForRepurchaseOfCommonStock
38777,BEN,2019,765300000.0,PaymentsForRepurchaseOfCommonStock
38777,BEN,2020,218200000.0,PaymentsForRepurchaseOfCommonStock
38777,BEN,2021,218200000.0,PaymentsForRepurchaseOfCommonStock
38777,BEN,2022,218200000.0,PaymentsForRepurchaseOfCommonStock
38777,BEN,2023,208200000.0,PaymentsForRepurchaseOfCommonStock
38777,BEN,2024,274400000.0,PaymentsForRepurchaseOfCommonStock
38777,BEN,2025,274400000.0,PaymentsForRepurchaseOfCommonStock
40533,GD,2015,740000000.0,PaymentsForRepurchaseOfCommonStock
40533,GD,2016,1996000000.0,PaymentsForRepurchaseOfCommonStock
40533,GD,2017,1996000000.0,PaymentsForRepurchaseOfCommonStock
40533,GD,2018,1996000000.0,PaymentsForRepurchaseOfCommonStock
40533,GD,2019,1558000000.0,PaymentsForRepurchaseOfCommonStock
40533,GD,2020,587000000.0,PaymentsForRepurchaseOfCommonStock
40533,GD,2021,587000000.0,PaymentsForRepurchaseOfCommonStock
40533,GD,2022,587000000.0,PaymentsForRepurchaseOfCommonStock
40533,GD,2023,1828000000.0,PaymentsForRepurchaseOfCommonStock
40533,GD,2024,1501000000.0,PaymentsForRepurchaseOfCommonStock
40533,GD,2025,1501000000.0,PaymentsForRepurchaseOfCommonStock
40545,GE,2023,107000000.0,PaymentsForRepurchaseOfCommonStock
40545,GE,2024,5827000000.0,PaymentsForRepurchaseOfCommonStock
40545,GE,2025,5827000000.0,PaymentsForRepurchaseOfCommonStock
40545,GE,2022,28000000.0,PaymentsForRepurchaseOfEquity
40704,GIS,2015,1161900000.0,PaymentsForRepurchaseOfCommonStock
40704,GIS,2016,1161900000.0,PaymentsForRepurchaseOfCommonStock
40704,GIS,2017,1161900000.0,PaymentsForRepurchaseOfCommonStock
40704,GIS,2018,606700000.0,PaymentsForRepurchaseOfCommonStock
40704,GIS,2019,1651500000.0,PaymentsForRepurchaseOfCommonStock
40704,GIS,2020,3400000.0,PaymentsForRepurchaseOfCommonStock
40704,GIS,2021,3400000.0,PaymentsForRepurchaseOfCommonStock
40704,GIS,2022,3400000.0,PaymentsForRepurchaseOfCommonStock
40704,GIS,2023,301400000.0,PaymentsForRepurchaseOfCommonStock
40704,GIS,2024,876800000.0,PaymentsForRepurchaseOfCommonStock
40704,GIS,2025,1403600000.0,PaymentsForRepurchaseOfCommonStock
40704,GIS,2026,500300000.0,PaymentsForRepurchaseOfCommonStock
40987,GPC,2015,120673000.0,PaymentsForRepurchaseOfCommonStock
40987,GPC,2016,181417000.0,PaymentsForRepurchaseOfCommonStock
40987,GPC,2017,181417000.0,PaymentsForRepurchaseOfCommonStock
40987,GPC,2018,181417000.0,PaymentsForRepurchaseOfCommonStock
40987,GPC,2019,173524000.0,PaymentsForRepurchaseOfCommonStock
40987,GPC,2020,96215000.0,PaymentsForRepurchaseOfCommonStock
40987,GPC,2021,96215000.0,PaymentsForRepurchaseOfCommonStock
40987,GPC,2022,96215000.0,PaymentsForRepurchaseOfCommonStock
40987,GPC,2023,333599000.0,PaymentsForRepurchaseOfCommonStock
40987,GPC,2024,149999000.0,PaymentsForRepurchaseOfCommonStock
40987,GPC,2025,149999000.0,PaymentsForRepurchaseOfCommonStock
45012,HAL,2015,4356000000.0,PaymentsForRepurchaseOfCommonStock
45012,HAL,2016,800000000.0,PaymentsForRepurchaseOfCommonStock
45012,HAL,2018,400000000.0,PaymentsForRepurchaseOfCommonStock
45012,HAL,2019,400000000.0,PaymentsForRepurchaseOfCommonStock
45012,HAL,2020,100000000.0,PaymentsForRepurchaseOfCommonStock
45012,HAL,2021,100000000.0,PaymentsForRepurchaseOfCommonStock
45012,HAL,2022,100000000.0,PaymentsForRepurchaseOfCommonStock
45012,HAL,2023,250000000.0,PaymentsForRepurchaseOfCommonStock
45012,HAL,2024,1005000000.0,PaymentsForRepurchaseOfCommonStock
45012,HAL,2025,1005000000.0,PaymentsForRepurchaseOfCommonStock
46080,HAS,2015,103488000.0,PaymentsForRepurchaseOfCommonStock
46080,HAS,2016,459564000.0,PaymentsForRepurchaseOfCommonStock
46080,HAS,2017,151311000.0,PaymentsForRepurchaseOfCommonStock
46080,HAS,2018,151311000.0,PaymentsForRepurchaseOfCommonStock
46080,HAS,2019,151311000.0,PaymentsForRepurchaseOfCommonStock
46080,HAS,2020,250054000.0,PaymentsForRepurchaseOfCommonStock
46080,HAS,2021,61400000.0,PaymentsForRepurchaseOfCommonStock
46080,HAS,2022,125000000.0,PaymentsForRepurchaseOfCommonStock
46080,HAS,2023,125000000.0,PaymentsForRepurchaseOfCommonStock
46080,HAS,2024,125000000.0,PaymentsForRepurchaseOfCommonStock
47111,HSY,2015,305564000.0,PaymentsForRepurchaseOfCommonStock
47111,HSY,2016,592550000.0,PaymentsForRepurchaseOfCommonStock
47111,HSY,2017,592550000.0,PaymentsForRepurchaseOfCommonStock
47111,HSY,2018,592550000.0,PaymentsForRepurchaseOfCommonStock
47111,HSY,2019,300312000.0,PaymentsForRepurchaseOfCommonStock
47111,HSY,2020,211196000.0,PaymentsForRepurchaseOfCommonStock
47111,HSY,2021,211196000.0,PaymentsForRepurchaseOfCommonStock
47111,HSY,2022,211196000.0,PaymentsForRepurchaseOfCommonStock
47111,HSY,2023,457946000.0,PaymentsForRepurchaseOfCommonStock
47111,HSY,2024,494191000.0,PaymentsForRepurchaseOfCommonStock
47111,HSY,2025,494191000.0,PaymentsForRepurchaseOfCommonStock
47217,HPQ,2015,1532000000.0,PaymentsForRepurchaseOfCommonStock
47217,HPQ,2016,1161000000.0,PaymentsForRepurchaseOfCommonStock
47217,HPQ,2017,1161000000.0,PaymentsForRepurchaseOfCommonStock
47217,HPQ,2018,1161000000.0,PaymentsForRepurchaseOfCommonStock
47217,HPQ,2019,1412000000.0,PaymentsForRepurchaseOfCommonStock
47217,HPQ,2020,3107000000.0,PaymentsForRepurchaseOfCommonStock
47217,HPQ,2021,3107000000.0,PaymentsForRepurchaseOfCommonStock
47217,HPQ,2022,3107000000.0,PaymentsForRepurchaseOfCommonStock
47217,HPQ,2023,6249000000.0,PaymentsForRepurchaseOfCommonStock
47217,HPQ,2024,2100000000.0,PaymentsForRepurchaseOfCommonStock
47217,HPQ,2025,2100000000.0,PaymentsForRepurchaseOfCommonStock
48465,HRL,2015,70819000.0,PaymentsForRepurchaseOfCommonStock
48465,HRL,2016,87885000.0,PaymentsForRepurchaseOfCommonStock
48465,HRL,2017,87885000.0,PaymentsForRepurchaseOfCommonStock
48465,HRL,2018,87885000.0,PaymentsForRepurchaseOfCommonStock
48465,HRL,2019,94487000.0,PaymentsForRepurchaseOfCommonStock
48465,HRL,2020,46898000.0,PaymentsForRepurchaseOfCommonStock
48465,HRL,2021,19958000.0,PaymentsForRepurchaseOfCommonStock
48465,HRL,2022,19958000.0,PaymentsForRepurchaseOfCommonStock
48465,HRL,2023,19958000.0,PaymentsForRepurchaseOfCommonStock
48465,HRL,2024,12303000.0,PaymentsForRepurchaseOfCommonStock
48465,HRL,2025,12303000.0,PaymentsForRepurchaseOfCommonStock
48898,HUBB,2015,31000000.0,PaymentsForRepurchaseOfCommonStock
48898,HUBB,2016,246800000.0,PaymentsForRepurchaseOfCommonStock
48898,HUBB,2017,246800000.0,PaymentsForRepurchaseOfCommonStock
48898,HUBB,2018,246800000.0,PaymentsForRepurchaseOfCommonStock
48898,HUBB,2019,92500000.0,PaymentsForRepurchaseOfCommonStock
48898,HUBB,2020,41300000.0,PaymentsForRepurchaseOfCommonStock
48898,HUBB,2021,41300000.0,PaymentsForRepurchaseOfCommonStock
48898,HUBB,2022,41300000.0,PaymentsForRepurchaseOfCommonStock
48898,HUBB,2023,11200000.0,PaymentsForRepurchaseOfCommonStock
48898,HUBB,2024,40000000.0,PaymentsForRepurchaseOfCommonStock
48898,HUBB,2025,40000000.0,PaymentsForRepurchaseOfCommonStock
49071,HUM,2015,531000000.0,PaymentsForRepurchaseOfCommonStock
49071,HUM,2016,104000000.0,PaymentsForRepurchaseOfCommonStock
49071,HUM,2017,104000000.0,PaymentsForRepurchaseOfCommonStock
49071,HUM,2018,104000000.0,PaymentsForRepurchaseOfCommonStock
49071,HUM,2019,3365000000.0,PaymentsForRepurchaseOfCommonStock
49071,HUM,2020,1820000000.0,PaymentsForRepurchaseOfCommonStock
49071,HUM,2021,1820000000.0,PaymentsForRepurchaseOfCommonStock
49071,HUM,2022,1820000000.0,PaymentsForRepurchaseOfCommonStock
49071,HUM,2023,79000000.0,PaymentsForRepurchaseOfCommonStock
49071,HUM,2024,817000000.0,PaymentsForRepurchaseOfCommonStock
49071,HUM,2025,817000000.0,PaymentsForRepurchaseOfCommonStock
49196,HBAN,2015,124995000.0,PaymentsForRepurchaseOfCommonStock
49196,HBAN,2016,334429000.0,PaymentsForRepurchaseOfCommonStock
49196,HBAN,2017,252000000.0,PaymentsForRepurchaseOfCommonStock
49196,HBAN,2018,260000000.0,PaymentsForRepurchaseOfCommonStock
49196,HBAN,2019,260000000.0,PaymentsForRepurchaseOfCommonStock
49196,HBAN,2020,92000000.0,PaymentsForRepurchaseOfCommonStock
49196,HBAN,2021,92000000.0,PaymentsForRepurchaseOfCommonStock
49196,HBAN,2022,92000000.0,PaymentsForRepurchaseOfCommonStock
49196,HBAN,2023,650000000.0,PaymentsForRepurchaseOfCommonStock
49826,ITW,2015,2106000000.0,PaymentsForRepurchaseOfCommonStock
49826,ITW,2016,2000000000.0,PaymentsForRepurchaseOfCommonStock
49826,ITW,2017,2000000000.0,PaymentsForRepurchaseOfCommonStock
49826,ITW,2018,2000000000.0,PaymentsForRepurchaseOfCommonStock
49826,ITW,2019,1000000000.0,PaymentsForRepurchaseOfCommonStock
49826,ITW,2020,706000000.0,PaymentsForRepurchaseOfCommonStock
49826,ITW,2021,706000000.0,PaymentsForRepurchaseOfCommonStock
49826,ITW,2022,706000000.0,PaymentsForRepurchaseOfCommonStock
49826,ITW,2023,1000000000.0,PaymentsForRepurchaseOfCommonStock
49826,ITW,2024,1500000000.0,PaymentsForRepurchaseOfCommonStock
49826,ITW,2025,1500000000.0,PaymentsForRepurchaseOfCommonStock
50863,INTC,2015,2147000000.0,PaymentsForRepurchaseOfCommonStock
50863,INTC,2016,2587000000.0,PaymentsForRepurchaseOfCommonStock
50863,INTC,2017,2587000000.0,PaymentsForRepurchaseOfCommonStock
50863,INTC,2018,2587000000.0,PaymentsForRepurchaseOfCommonStock
50863,INTC,2019,3615000000.0,PaymentsForRepurchaseOfCommonStock
50863,INTC,2020,10730000000.0,PaymentsForRepurchaseOfCommonStock
50863,INTC,2021,13576000000.0,PaymentsForRepurchaseOfCommonStock
50863,INTC,2022,14229000000.0,PaymentsForRepurchaseOfCommonStock
50863,INTC,2023,2415000000.0,PaymentsForRepurchaseOfCommonStock
51143,IBM,2015,13859000000.0,PaymentsForRepurchaseOfCommonStock
51143,IBM,2016,3502000000.0,PaymentsForRepurchaseOfCommonStock
51143,IBM,2017,3502000000.0,PaymentsForRepurchaseOfCommonStock
51143,IBM,2018,3502000000.0,PaymentsForRepurchaseOfCommonStock
51143,IBM,2019,4340000000.0,PaymentsForRepurchaseOfCommonStock
51143,IBM,2020,4443000000.0,PaymentsForRepurchaseOfCommonStock
51143,IBM,2021,1361000000.0,PaymentsForRepurchaseOfCommonStock
51253,IFF,2015,51363000.0,PaymentsForRepurchaseOfCommonStock
51253,IFF,2016,127443000.0,PaymentsForRepurchaseOfCommonStock
51253,IFF,2017,127443000.0,PaymentsForRepurchaseOfCommonStock
51253,IFF,2018,127443000.0,PaymentsForRepurchaseOfCommonStock
51253,IFF,2019,58069000.0,PaymentsForRepurchaseOfCommonStock
51253,IFF,2020,15475000.0,PaymentsForRepurchaseOfCommonStock
51253,IFF,2025,38000000.0,PaymentsForRepurchaseOfCommonStock
51434,IP,2015,512000000.0,PaymentsForRepurchaseOfCommonStock
51434,IP,2016,132000000.0,PaymentsForRepurchaseOfCommonStock
51434,IP,2017,132000000.0,PaymentsForRepurchaseOfCommonStock
51434,IP,2018,132000000.0,PaymentsForRepurchaseOfCommonStock
51434,IP,2019,47000000.0,PaymentsForRepurchaseOfCommonStock
51434,IP,2020,42000000.0,PaymentsForRepurchaseOfCommonStock
51434,IP,2021,42000000.0,PaymentsForRepurchaseOfCommonStock
51434,IP,2022,42000000.0,PaymentsForRepurchaseOfCommonStock
51434,IP,2023,839000000.0,PaymentsForRepurchaseOfCommonStock
51434,IP,2024,23000000.0,PaymentsForRepurchaseOfCommonStock
51434,IP,2025,23000000.0,PaymentsForRepurchaseOfCommonStock
52988,J,2015,422316000.0,PaymentsForRepurchaseOfCommonStock
52988,J,2016,422316000.0,PaymentsForRepurchaseOfCommonStock
52988,J,2017,422316000.0,PaymentsForRepurchaseOfCommonStock
52988,J,2018,152550000.0,PaymentsForRepurchaseOfCommonStock
52988,J,2019,97180000.0,PaymentsForRepurchaseOfCommonStock
52988,J,2020,337251000.0,PaymentsForRepurchaseOfCommonStock
52988,J,2021,337251000.0,PaymentsForRepurchaseOfCommonStock
52988,J,2022,337251000.0,PaymentsForRepurchaseOfCommonStock
52988,J,2023,274948000.0,PaymentsForRepurchaseOfCommonStock
52988,J,2024,281926000.0,PaymentsForRepurchaseOfCommonStock
52988,J,2025,265714000.0,PaymentsForRepurchaseOfCommonStock
55785,KMB,2015,1216000000.0,PaymentsForRepurchaseOfCommonStock
55785,KMB,2016,739000000.0,PaymentsForRepurchaseOfCommonStock
55785,KMB,2017,739000000.0,PaymentsForRepurchaseOfCommonStock
55785,KMB,2018,739000000.0,PaymentsForRepurchaseOfCommonStock
55785,KMB,2019,911000000.0,PaymentsForRepurchaseOfCommonStock
55785,KMB,2020,700000000.0,PaymentsForRepurchaseOfCommonStock
55785,KMB,2021,700000000.0,PaymentsForRepurchaseOfCommonStock
55785,KMB,2022,700000000.0,PaymentsForRepurchaseOfCommonStock
55785,KMB,2023,400000000.0,PaymentsForRepurchaseOfCommonStock
55785,KMB,2024,1000000000.0,PaymentsForRepurchaseOfCommonStock
55785,KMB,2025,1000000000.0,PaymentsForRepurchaseOfCommonStock
56873,KR,2015,609000000.0,PaymentsForRepurchaseOfCommonStock
56873,KR,2016,1283000000.0,PaymentsForRepurchaseOfCommonStock
56873,KR,2017,1633000000.0,PaymentsForRepurchaseOfCommonStock
56873,KR,2018,1633000000.0,PaymentsForRepurchaseOfCommonStock
56873,KR,2019,1633000000.0,PaymentsForRepurchaseOfCommonStock
56873,KR,2020,2010000000.0,PaymentsForRepurchaseOfCommonStock
56873,KR,2021,465000000.0,PaymentsForRepurchaseOfCommonStock
56873,KR,2022,1324000000.0,PaymentsForRepurchaseOfCommonStock
56873,KR,2024,62000000.0,PaymentsForRepurchaseOfCommonStock
56873,KR,2025,62000000.0,PaymentsForRepurchaseOfCommonStock
59478,LLY,2015,1698100000.0,PaymentsForRepurchaseOfCommonStock
59478,LLY,2016,600100000.0,PaymentsForRepurchaseOfCommonStock
59478,LLY,2017,600100000.0,PaymentsForRepurchaseOfCommonStock
59478,LLY,2018,600100000.0,PaymentsForRepurchaseOfCommonStock
59478,LLY,2019,299800000.0,PaymentsForRepurchaseOfCommonStock
59478,LLY,2020,500000000.0,PaymentsForRepurchaseOfCommonStock
59478,LLY,2021,500000000.0,PaymentsForRepurchaseOfCommonStock
59478,LLY,2022,500000000.0,PaymentsForRepurchaseOfCommonStock
59478,LLY,2023,1250000000.0,PaymentsForRepurchaseOfCommonStock
59478,LLY,2024,2500000000.0,PaymentsForRepurchaseOfCommonStock
59478,LLY,2025,2500000000.0,PaymentsForRepurchaseOfCommonStock
60086,L,2015,228000000.0,PaymentsForRepurchaseOfCommonStock
60086,L,2016,134000000.0,PaymentsForRepurchaseOfCommonStock
60086,L,2017,134000000.0,PaymentsForRepurchaseOfCommonStock
60086,L,2018,134000000.0,PaymentsForRepurchaseOfCommonStock
60086,L,2019,216000000.0,PaymentsForRepurchaseOfCommonStock
60086,L,2020,923000000.0,PaymentsForRepurchaseOfCommonStock
60086,L,2021,923000000.0,PaymentsForRepurchaseOfCommonStock
60086,L,2022,923000000.0,PaymentsForRepurchaseOfCommonStock
60086,L,2023,1136000000.0,PaymentsForRepurchaseOfCommonStock
60086,L,2024,608000000.0,PaymentsForRepurchaseOfCommonStock
60086,L,2025,608000000.0,PaymentsForRepurchaseOfCommonStock
60667,LOW,2015,3710000000.0,PaymentsForRepurchaseOfCommonStock
60667,LOW,2016,3595000000.0,PaymentsForRepurchaseOfCommonStock
60667,LOW,2017,3595000000.0,PaymentsForRepurchaseOfCommonStock
60667,LOW,2018,3595000000.0,PaymentsForRepurchaseOfCommonStock
60667,LOW,2019,3192000000.0,PaymentsForRepurchaseOfCommonStock
60667,LOW,2020,3037000000.0,PaymentsForRepurchaseOfCommonStock
60667,LOW,2021,4313000000.0,PaymentsForRepurchaseOfCommonStock
60667,LOW,2022,14124000000.0,PaymentsForRepurchaseOfCommonStock
60667,LOW,2023,14124000000.0,PaymentsForRepurchaseOfCommonStock
60667,LOW,2024,14124000000.0,PaymentsForRepurchaseOfCommonStock
60667,LOW,2025,6138000000.0,PaymentsForRepurchaseOfCommonStock
62709,MRSH,2015,550000000.0,PaymentsForRepurchaseOfCommonStock
62709,MRSH,2016,800000000.0,PaymentsForRepurchaseOfCommonStock
62709,MRSH,2017,800000000.0,PaymentsForRepurchaseOfCommonStock
62709,MRSH,2018,800000000.0,PaymentsForRepurchaseOfCommonStock
62709,MRSH,2019,900000000.0,PaymentsForRepurchaseOfCommonStock
62709,MRSH,2020,675000000.0,PaymentsForRepurchaseOfCommonStock
62709,MRSH,2021,485000000.0,PaymentsForRepurchaseOfCommonStock
62709,MRSH,2022,1159000000.0,PaymentsForRepurchaseOfCommonStock
62709,MRSH,2023,1159000000.0,PaymentsForRepurchaseOfCommonStock
62709,MRSH,2024,900000000.0,PaymentsForRepurchaseOfCommonStock
62709,MRSH,2025,900000000.0,PaymentsForRepurchaseOfCommonStock
62996,MAS,2015,35000000.0,PaymentsForRepurchaseOfCommonStock
62996,MAS,2016,459000000.0,PaymentsForRepurchaseOfCommonStock
62996,MAS,2017,459000000.0,PaymentsForRepurchaseOfCommonStock
62996,MAS,2018,459000000.0,PaymentsForRepurchaseOfCommonStock
62996,MAS,2019,331000000.0,PaymentsForRepurchaseOfCommonStock
62996,MAS,2020,727000000.0,PaymentsForRepurchaseOfCommonStock
62996,MAS,2021,727000000.0,PaymentsForRepurchaseOfCommonStock
62996,MAS,2022,727000000.0,PaymentsForRepurchaseOfCommonStock
62996,MAS,2023,1026000000.0,PaymentsForRepurchaseOfCommonStock
62996,MAS,2024,751000000.0,PaymentsForRepurchaseOfCommonStock
62996,MAS,2025,751000000.0,PaymentsForRepurchaseOfCommonStock
63754,MKC,2015,177400000.0,PaymentsForRepurchaseOfCommonStock
63754,MKC,2016,242700000.0,PaymentsForRepurchaseOfCommonStock
63754,MKC,2017,242700000.0,PaymentsForRepurchaseOfCommonStock
63754,MKC,2018,242700000.0,PaymentsForRepurchaseOfCommonStock
63754,MKC,2019,137800000.0,PaymentsForRepurchaseOfCommonStock
63754,MKC,2020,47300000.0,PaymentsForRepurchaseOfCommonStock
63754,MKC,2021,47300000.0,PaymentsForRepurchaseOfCommonStock
63754,MKC,2022,47300000.0,PaymentsForRepurchaseOfCommonStock
63754,MKC,2023,8600000.0,PaymentsForRepurchaseOfCommonStock
63754,MKC,2024,53100000.0,PaymentsForRepurchaseOfCommonStock
63754,MKC,2025,53100000.0,PaymentsForRepurchaseOfCommonStock
63908,MCD,2015,1777800000.0,PaymentsForRepurchaseOfCommonStock
63908,MCD,2016,11171000000.0,PaymentsForRepurchaseOfCommonStock
63908,MCD,2017,11171000000.0,PaymentsForRepurchaseOfCommonStock
63908,MCD,2018,11171000000.0,PaymentsForRepurchaseOfCommonStock
63908,MCD,2019,4685700000.0,PaymentsForRepurchaseOfCommonStock
63908,MCD,2020,907800000.0,PaymentsForRepurchaseOfCommonStock
63908,MCD,2021,907800000.0,PaymentsForRepurchaseOfCommonStock
63908,MCD,2022,907800000.0,PaymentsForRepurchaseOfCommonStock
63908,MCD,2023,845500000.0,PaymentsForRepurchaseOfCommonStock
63908,MCD,2024,2824000000.0,PaymentsForRepurchaseOfCommonStock
63908,MCD,2025,2824000000.0,PaymentsForRepurchaseOfCommonStock
64040,SPGI,2015,978000000.0,PaymentsForRepurchaseOfCommonStock
64040,SPGI,2016,1123000000.0,PaymentsForRepurchaseOfCommonStock
64040,SPGI,2017,1123000000.0,PaymentsForRepurchaseOfCommonStock
64040,SPGI,2018,1123000000.0,PaymentsForRepurchaseOfCommonStock
64040,SPGI,2019,1001000000.0,PaymentsForRepurchaseOfCommonStock
64040,SPGI,2020,1164000000.0,PaymentsForRepurchaseOfCommonStock
64040,SPGI,2021,1164000000.0,PaymentsForRepurchaseOfCommonStock
64040,SPGI,2022,1164000000.0,PaymentsForRepurchaseOfCommonStock
64040,SPGI,2023,12004000000.0,PaymentsForRepurchaseOfCommonStock
64040,SPGI,2025,3301000000.0,PaymentsForRepurchaseOfCommonStock
64803,CVS,2015,3976000000.0,PaymentsForRepurchaseOfCommonStock
64803,CVS,2016,4461000000.0,PaymentsForRepurchaseOfCommonStock
64803,CVS,2017,4461000000.0,PaymentsForRepurchaseOfCommonStock
64803,CVS,2018,4461000000.0,PaymentsForRepurchaseOfCommonStock
64803,CVS,2019,4361000000.0,PaymentsForRepurchaseOfCommonStock
64803,CVS,2022,3500000000.0,PaymentsForRepurchaseOfCommonStock
64803,CVS,2023,3500000000.0,PaymentsForRepurchaseOfCommonStock
64803,CVS,2024,3023000000.0,PaymentsForRepurchaseOfCommonStock
64803,CVS,2025,3023000000.0,PaymentsForRepurchaseOfCommonStock
65984,ETR,2015,183271000.0,PaymentsForRepurchaseOfCommonStock
65984,ETR,2016,183271000.0,PaymentsForRepurchaseOfCommonStock
65984,ETR,2017,99807000.0,PaymentsForRepurchaseOfCommonStock
66740,MMM,2015,5212000000.0,PaymentsForRepurchaseOfCommonStock
66740,MMM,2016,3753000000.0,PaymentsForRepurchaseOfCommonStock
66740,MMM,2017,3753000000.0,PaymentsForRepurchaseOfCommonStock
66740,MMM,2018,3753000000.0,PaymentsForRepurchaseOfCommonStock
66740,MMM,2019,2068000000.0,PaymentsForRepurchaseOfCommonStock
66740,MMM,2020,368000000.0,PaymentsForRepurchaseOfCommonStock
66740,MMM,2021,368000000.0,PaymentsForRepurchaseOfCommonStock
66740,MMM,2022,368000000.0,PaymentsForRepurchaseOfCommonStock
66740,MMM,2023,2199000000.0,PaymentsForRepurchaseOfCommonStock
66740,MMM,2024,1801000000.0,PaymentsForRepurchaseOfCommonStock
66740,MMM,2025,1801000000.0,PaymentsForRepurchaseOfCommonStock
68505,MSI,2015,1694000000.0,PaymentsForRepurchaseOfCommonStock
68505,MSI,2016,842000000.0,PaymentsForRepurchaseOfCommonStock
68505,MSI,2017,842000000.0,PaymentsForRepurchaseOfCommonStock
68505,MSI,2018,842000000.0,PaymentsForRepurchaseOfCommonStock
68505,MSI,2019,483000000.0,PaymentsForRepurchaseOfCommonStock
68505,MSI,2020,612000000.0,PaymentsForRepurchaseOfCommonStock
68505,MSI,2021,612000000.0,PaymentsForRepurchaseOfCommonStock
68505,MSI,2022,612000000.0,PaymentsForRepurchaseOfCommonStock
68505,MSI,2023,528000000.0,PaymentsForRepurchaseOfCommonStock
68505,MSI,2024,244000000.0,PaymentsForRepurchaseOfCommonStock
68505,MSI,2025,244000000.0,PaymentsForRepurchaseOfCommonStock
70858,BAC,2015,3220000000.0,PaymentsForRepurchaseOfCommonStock
70858,BAC,2016,5112000000.0,PaymentsForRepurchaseOfCommonStock
70858,BAC,2017,5112000000.0,PaymentsForRepurchaseOfCommonStock
70858,BAC,2018,5112000000.0,PaymentsForRepurchaseOfCommonStock
70858,BAC,2019,12814000000.0,PaymentsForRepurchaseOfCommonStock
70858,BAC,2020,7025000000.0,PaymentsForRepurchaseOfCommonStock
70858,BAC,2021,7025000000.0,PaymentsForRepurchaseOfCommonStock
70858,BAC,2022,7025000000.0,PaymentsForRepurchaseOfCommonStock
70858,BAC,2023,25126000000.0,PaymentsForRepurchaseOfCommonStock
70858,BAC,2024,13104000000.0,PaymentsForRepurchaseOfCommonStock
70858,BAC,2025,13104000000.0,PaymentsForRepurchaseOfCommonStock
72331,NDSN,2015,33402000.0,PaymentsForRepurchaseOfCommonStock
72331,NDSN,2016,33421000.0,PaymentsForRepurchaseOfCommonStock
72331,NDSN,2017,33421000.0,PaymentsForRepurchaseOfCommonStock
72331,NDSN,2018,33421000.0,PaymentsForRepurchaseOfCommonStock
72331,NDSN,2019,3216000.0,PaymentsForRepurchaseOfCommonStock
72331,NDSN,2020,52614000.0,PaymentsForRepurchaseOfCommonStock
72331,NDSN,2021,52614000.0,PaymentsForRepurchaseOfCommonStock
72331,NDSN,2022,52614000.0,PaymentsForRepurchaseOfCommonStock
72331,NDSN,2023,60970000.0,PaymentsForRepurchaseOfCommonStock
72331,NDSN,2024,33339000.0,PaymentsForRepurchaseOfCommonStock
72331,NDSN,2025,33339000.0,PaymentsForRepurchaseOfCommonStock
72903,XEL,2016,32209000.0,PaymentsForRepurchaseOfCommonStock
72903,XEL,2017,32000000.0,PaymentsForRepurchaseOfCommonStock
72903,XEL,2018,32000000.0,PaymentsForRepurchaseOfCommonStock
72971,WFC,2015,5356000000.0,PaymentsForRepurchaseOfCommonStock
72971,WFC,2016,8116000000.0,PaymentsForRepurchaseOfCommonStock
72971,WFC,2017,8116000000.0,PaymentsForRepurchaseOfCommonStock
72971,WFC,2018,8116000000.0,PaymentsForRepurchaseOfCommonStock
72971,WFC,2019,9908000000.0,PaymentsForRepurchaseOfCommonStock
72971,WFC,2020,3415000000.0,PaymentsForRepurchaseOfCommonStock
72971,WFC,2021,3415000000.0,PaymentsForRepurchaseOfCommonStock
72971,WFC,2022,3415000000.0,PaymentsForRepurchaseOfCommonStock
72971,WFC,2023,14464000000.0,PaymentsForRepurchaseOfCommonStock
72971,WFC,2024,19448000000.0,PaymentsForRepurchaseOfCommonStock
72971,WFC,2025,19448000000.0,PaymentsForRepurchaseOfCommonStock
73124,NTRS,2015,309700000.0,PaymentsForRepurchaseOfCommonStock
73124,NTRS,2016,411100000.0,PaymentsForRepurchaseOfCommonStock
73124,NTRS,2017,411100000.0,PaymentsForRepurchaseOfCommonStock
73124,NTRS,2018,411100000.0,PaymentsForRepurchaseOfCommonStock
73124,NTRS,2019,523100000.0,PaymentsForRepurchaseOfCommonStock
73124,NTRS,2020,299800000.0,PaymentsForRepurchaseOfCommonStock
73124,NTRS,2021,299800000.0,PaymentsForRepurchaseOfCommonStock
73124,NTRS,2022,299800000.0,PaymentsForRepurchaseOfCommonStock
73124,NTRS,2023,267600000.0,PaymentsForRepurchaseOfCommonStock
73124,NTRS,2024,937800000.0,PaymentsForRepurchaseOfCommonStock
73124,NTRS,2025,937800000.0,PaymentsForRepurchaseOfCommonStock
73309,NUE,2015,66505000.0,PaymentsForRepurchaseOfCommonStock
73309,NUE,2016,5173000.0,PaymentsForRepurchaseOfCommonStock
73309,NUE,2017,5173000.0,PaymentsForRepurchaseOfCommonStock
73309,NUE,2018,5173000.0,PaymentsForRepurchaseOfCommonStock
73309,NUE,2019,90304000.0,PaymentsForRepurchaseOfCommonStock
73309,NUE,2020,39499000.0,PaymentsForRepurchaseOfCommonStock
73309,NUE,2021,39499000.0,PaymentsForRepurchaseOfCommonStock
73309,NUE,2022,39499000.0,PaymentsForRepurchaseOfCommonStock
73309,NUE,2023,3276088000.0,PaymentsForRepurchaseOfCommonStock
73309,NUE,2024,2217000000.0,PaymentsForRepurchaseOfCommonStock
73309,NUE,2025,2217000000.0,PaymentsForRepurchaseOfCommonStock
74208,UDR,2018,19988000.0,PaymentsForRepurchaseOfCommonStock
74208,UDR,2019,19988000.0,PaymentsForRepurchaseOfCommonStock
74208,UDR,2020,19795000.0,PaymentsForRepurchaseOfCommonStock
74208,UDR,2021,19795000.0,PaymentsForRepurchaseOfCommonStock
74208,UDR,2022,19795000.0,PaymentsForRepurchaseOfCommonStock
74208,UDR,2023,49028000.0,PaymentsForRepurchaseOfCommonStock
74208,UDR,2024,49028000.0,PaymentsForRepurchaseOfCommonStock
74208,UDR,2025,25009000.0,PaymentsForRepurchaseOfCommonStock
75362,PCAR,2015,42700000.0,PaymentsForRepurchaseOfCommonStock
75362,PCAR,2016,70500000.0,PaymentsForRepurchaseOfCommonStock
75362,PCAR,2017,70500000.0,PaymentsForRepurchaseOfCommonStock
75362,PCAR,2018,70500000.0,PaymentsForRepurchaseOfCommonStock
75362,PCAR,2019,354400000.0,PaymentsForRepurchaseOfCommonStock
75362,PCAR,2020,42100000.0,PaymentsForRepurchaseOfCommonStock
75362,PCAR,2021,42100000.0,PaymentsForRepurchaseOfCommonStock
75362,PCAR,2022,42100000.0,PaymentsForRepurchaseOfCommonStock
75362,PCAR,2023,1500000.0,PaymentsForRepurchaseOfCommonStock
75362,PCAR,2024,4500000.0,PaymentsForRepurchaseOfCommonStock
75362,PCAR,2025,4500000.0,PaymentsForRepurchaseOfCommonStock
75677,PKG,2015,7800000.0,PaymentsForRepurchaseOfCommonStock
75677,PKG,2016,100300000.0,PaymentsForRepurchaseOfCommonStock
75677,PKG,2017,100300000.0,PaymentsForRepurchaseOfCommonStock
75677,PKG,2018,100300000.0,PaymentsForRepurchaseOfCommonStock
75677,PKG,2021,193000000.0,PaymentsForRepurchaseOfCommonStock
75677,PKG,2022,193000000.0,PaymentsForRepurchaseOfCommonStock
75677,PKG,2023,193000000.0,PaymentsForRepurchaseOfCommonStock
75677,PKG,2024,522600000.0,PaymentsForRepurchaseOfCommonStock
75677,PKG,2025,41500000.0,PaymentsForRepurchaseOfCommonStock
76334,PH,2015,258007000.0,PaymentsForRepurchaseOfCommonStock
76334,PH,2016,557575000.0,PaymentsForRepurchaseOfCommonStock
76334,PH,2017,587365000.0,PaymentsForRepurchaseOfCommonStock
76334,PH,2018,587365000.0,PaymentsForRepurchaseOfCommonStock
76334,PH,2019,338078000.0,PaymentsForRepurchaseOfCommonStock
76334,PH,2020,216049000.0,PaymentsForRepurchaseOfCommonStock
76334,PH,2021,216049000.0,PaymentsForRepurchaseOfCommonStock
76334,PH,2022,216049000.0,PaymentsForRepurchaseOfCommonStock
76334,PH,2023,218818000.0,PaymentsForRepurchaseOfCommonStock
76334,PH,2024,332055000.0,PaymentsForRepurchaseOfCommonStock
76334,PH,2025,332000000.0,PaymentsForRepurchaseOfCommonStock
76334,PH,2026,332000000.0,PaymentsForRepurchaseOfCommonStock
77360,PNR,2015,715800000.0,PaymentsForRepurchaseOfCommonStock
77360,PNR,2016,1150000000.0,PaymentsForRepurchaseOfCommonStock
77360,PNR,2017,200000000.0,PaymentsForRepurchaseOfCommonStock
77360,PNR,2018,200000000.0,PaymentsForRepurchaseOfCommonStock
77360,PNR,2019,200000000.0,PaymentsForRepurchaseOfCommonStock
77360,PNR,2020,150200000.0,PaymentsForRepurchaseOfCommonStock
77360,PNR,2021,150200000.0,PaymentsForRepurchaseOfCommonStock
77360,PNR,2022,150200000.0,PaymentsForRepurchaseOfCommonStock
77360,PNR,2023,150000000.0,PaymentsForRepurchaseOfCommonStock
77360,PNR,2024,150000000.0,PaymentsForRepurchaseOfCommonStock
77360,PNR,2025,150000000.0,PaymentsForRepurchaseOfCommonStock
77476,PEP,2015,3001000000.0,PaymentsForRepurchaseOfCommonStock
77476,PEP,2016,3000000000.0,PaymentsForRepurchaseOfCommonStock
77476,PEP,2017,3000000000.0,PaymentsForRepurchaseOfCommonStock
77476,PEP,2018,3000000000.0,PaymentsForRepurchaseOfCommonStock
77476,PEP,2019,2000000000.0,PaymentsForRepurchaseOfCommonStock
77476,PEP,2020,2000000000.0,PaymentsForRepurchaseOfCommonStock
77476,PEP,2021,3000000000.0,PaymentsForRepurchaseOfCommonStock
77476,PEP,2022,1500000000.0,PaymentsForRepurchaseOfCommonStock
77476,PEP,2023,1500000000.0,PaymentsForRepurchaseOfCommonStock
77476,PEP,2024,1500000000.0,PaymentsForRepurchaseOfCommonStock
77476,PEP,2025,1000000000.0,PaymentsForRepurchaseOfCommonStock
78003,PFE,2015,16290000000.0,PaymentsForRepurchaseOfCommonStock
78003,PFE,2016,5000000000.0,PaymentsForRepurchaseOfCommonStock
78003,PFE,2017,5000000000.0,PaymentsForRepurchaseOfCommonStock
78003,PFE,2018,5000000000.0,PaymentsForRepurchaseOfCommonStock
78003,PFE,2019,5000000000.0,PaymentsForRepurchaseOfCommonStock
78003,PFE,2020,12198000000.0,PaymentsForRepurchaseOfCommonStock
78003,PFE,2021,8865000000.0,PaymentsForRepurchaseOfCommonStock
78003,PFE,2022,2000000000.0,PaymentsForRepurchaseOfCommonStock
78003,PFE,2023,2000000000.0,PaymentsForRepurchaseOfCommonStock
78003,PFE,2024,2000000000.0,PaymentsForRepurchaseOfCommonStock
79282,BRO,2015,75025000.0,PaymentsForRepurchaseOfCommonStock
79282,BRO,2016,18908000.0,PaymentsForRepurchaseOfCommonStock
79282,BRO,2017,18908000.0,PaymentsForRepurchaseOfCommonStock
79282,BRO,2018,18908000.0,PaymentsForRepurchaseOfCommonStock
79282,BRO,2019,128639000.0,PaymentsForRepurchaseOfCommonStock
79282,BRO,2020,55095000.0,PaymentsForRepurchaseOfCommonStock
79282,BRO,2021,55095000.0,PaymentsForRepurchaseOfCommonStock
79282,BRO,2022,55100000.0,PaymentsForRepurchaseOfCommonStock
79282,BRO,2023,82600000.0,PaymentsForRepurchaseOfCommonStock
79282,BRO,2024,74000000.0,PaymentsForRepurchaseOfCommonStock
79282,BRO,2025,100000000.0,PaymentsForRepurchaseOfCommonStock
79879,PPG,2015,1000000000.0,PaymentsForRepurchaseOfCommonStock
79879,PPG,2016,1050000000.0,PaymentsForRepurchaseOfCommonStock
79879,PPG,2017,1050000000.0,PaymentsForRepurchaseOfCommonStock
79879,PPG,2018,1050000000.0,PaymentsForRepurchaseOfCommonStock
79879,PPG,2019,813000000.0,PaymentsForRepurchaseOfCommonStock
79879,PPG,2020,1721000000.0,PaymentsForRepurchaseOfCommonStock
79879,PPG,2021,325000000.0,PaymentsForRepurchaseOfCommonStock
79879,PPG,2022,210000000.0,PaymentsForRepurchaseOfCommonStock
79879,PPG,2023,210000000.0,PaymentsForRepurchaseOfCommonStock
79879,PPG,2024,752000000.0,PaymentsForRepurchaseOfCommonStock
79879,PPG,2025,752000000.0,PaymentsForRepurchaseOfCommonStock
80424,PG,2015,5986000000.0,PaymentsForRepurchaseOfCommonStock
80424,PG,2016,4004000000.0,PaymentsForRepurchaseOfCommonStock
80424,PG,2017,4004000000.0,PaymentsForRepurchaseOfCommonStock
80424,PG,2018,4004000000.0,PaymentsForRepurchaseOfCommonStock
80424,PG,2019,5204000000.0,PaymentsForRepurchaseOfCommonStock
80424,PG,2020,7405000000.0,PaymentsForRepurchaseOfCommonStock
80424,PG,2021,7405000000.0,PaymentsForRepurchaseOfCommonStock
80424,PG,2022,7405000000.0,PaymentsForRepurchaseOfCommonStock
80424,PG,2023,11009000000.0,PaymentsForRepurchaseOfCommonStock
80424,PG,2024,5006000000.0,PaymentsForRepurchaseOfCommonStock
80424,PG,2025,5006000000.0,PaymentsForRepurchaseOfCommonStock
80424,PG,2026,5006000000.0,PaymentsForRepurchaseOfCommonStock
80661,PGR,2015,273400000.0,PaymentsForRepurchaseOfCommonStock
80661,PGR,2016,192500000.0,PaymentsForRepurchaseOfCommonStock
84839,ROL,2015,13723000.0,PaymentsForRepurchaseOfCommonStock
84839,ROL,2016,31068000.0,PaymentsForRepurchaseOfCommonStock
84839,ROL,2017,31068000.0,PaymentsForRepurchaseOfCommonStock
84839,ROL,2018,31068000.0,PaymentsForRepurchaseOfCommonStock
84839,ROL,2019,8246000.0,PaymentsForRepurchaseOfCommonStock
84839,ROL,2020,8275000.0,PaymentsForRepurchaseOfCommonStock
84839,ROL,2021,8275000.0,PaymentsForRepurchaseOfCommonStock
84839,ROL,2022,8275000.0,PaymentsForRepurchaseOfCommonStock
84839,ROL,2023,10694000.0,PaymentsForRepurchaseOfCommonStock
84839,ROL,2024,11606000.0,PaymentsForRepurchaseOfCommonStock
84839,ROL,2025,11606000.0,PaymentsForRepurchaseOfCommonStock
86312,TRV,2015,2400000000.0,PaymentsForRepurchaseOfCommonStock
86312,TRV,2016,2400000000.0,PaymentsForRepurchaseOfCommonStock
86312,TRV,2017,2400000000.0,PaymentsForRepurchaseOfCommonStock
86312,TRV,2018,2400000000.0,PaymentsForRepurchaseOfCommonStock
86312,TRV,2019,1378000000.0,PaymentsForRepurchaseOfCommonStock
86312,TRV,2020,625000000.0,PaymentsForRepurchaseOfCommonStock
86312,TRV,2021,625000000.0,PaymentsForRepurchaseOfCommonStock
86312,TRV,2022,625000000.0,PaymentsForRepurchaseOfCommonStock
86312,TRV,2023,2156000000.0,PaymentsForRepurchaseOfCommonStock
86312,TRV,2024,1003000000.0,PaymentsForRepurchaseOfCommonStock
86312,TRV,2025,1003000000.0,PaymentsForRepurchaseOfCommonStock
87347,SLB,2015,2596000000.0,PaymentsForRepurchaseOfEquity
87347,SLB,2016,778000000.0,PaymentsForRepurchaseOfEquity
87347,SLB,2017,778000000.0,PaymentsForRepurchaseOfEquity
87347,SLB,2018,778000000.0,PaymentsForRepurchaseOfEquity
87347,SLB,2019,969000000.0,PaymentsForRepurchaseOfEquity
87347,SLB,2020,26000000.0,PaymentsForRepurchaseOfEquity
87347,SLB,2021,26000000.0,PaymentsForRepurchaseOfEquity
87347,SLB,2022,26000000.0,PaymentsForRepurchaseOfEquity
87347,SLB,2023,694000000.0,PaymentsForRepurchaseOfEquity
87347,SLB,2024,1737000000.0,PaymentsForRepurchaseOfEquity
87347,SLB,2025,1737000000.0,PaymentsForRepurchaseOfEquity
89800,SHW,2015,769271000.0,PaymentsForRepurchaseOfEquity
89800,SHW,2016,1488663000.0,PaymentsForRepurchaseOfEquity
89800,SHW,2017,1035291000.0,PaymentsForRepurchaseOfEquity
89800,SHW,2018,613312000.0,PaymentsForRepurchaseOfEquity
89800,SHW,2019,613300000.0,PaymentsForRepurchaseOfEquity
89800,SHW,2020,2446300000.0,PaymentsForRepurchaseOfEquity
89800,SHW,2021,2446300000.0,PaymentsForRepurchaseOfEquity
89800,SHW,2022,2446300000.0,PaymentsForRepurchaseOfEquity
89800,SHW,2023,2752300000.0,PaymentsForRepurchaseOfEquity
89800,SHW,2024,1738800000.0,PaymentsForRepurchaseOfEquity
89800,SHW,2025,1738800000.0,PaymentsForRepurchaseOfEquity
91142,AOS,2015,73700000.0,PaymentsForRepurchaseOfCommonStock
91142,AOS,2016,135200000.0,PaymentsForRepurchaseOfCommonStock
91142,AOS,2017,135200000.0,PaymentsForRepurchaseOfCommonStock
91142,AOS,2018,135200000.0,PaymentsForRepurchaseOfCommonStock
91142,AOS,2019,139100000.0,PaymentsForRepurchaseOfCommonStock
91142,AOS,2020,56700000.0,PaymentsForRepurchaseOfCommonStock
91142,AOS,2021,56700000.0,PaymentsForRepurchaseOfCommonStock
91142,AOS,2022,56700000.0,PaymentsForRepurchaseOfCommonStock
91142,AOS,2023,366500000.0,PaymentsForRepurchaseOfCommonStock
91142,AOS,2025,305800000.0,PaymentsForRepurchaseOfCommonStock
91419,SJM,2015,364200000.0,PaymentsForRepurchaseOfCommonStock
91419,SJM,2016,441100000.0,PaymentsForRepurchaseOfCommonStock
91419,SJM,2017,441100000.0,PaymentsForRepurchaseOfCommonStock
91419,SJM,2018,441100000.0,PaymentsForRepurchaseOfCommonStock
91419,SJM,2019,437600000.0,PaymentsForRepurchaseOfCommonStock
91419,SJM,2020,4200000.0,PaymentsForRepurchaseOfCommonStock
91419,SJM,2021,4200000.0,PaymentsForRepurchaseOfCommonStock
91419,SJM,2022,4200000.0,PaymentsForRepurchaseOfCommonStock
91419,SJM,2023,678400000.0,PaymentsForRepurchaseOfCommonStock
91419,SJM,2024,372800000.0,PaymentsForRepurchaseOfCommonStock
91419,SJM,2025,372800000.0,PaymentsForRepurchaseOfCommonStock
91419,SJM,2026,372800000.0,PaymentsForRepurchaseOfCommonStock
91440,SNA,2015,79300000.0,PaymentsForRepurchaseOfCommonStock
91440,SNA,2016,79300000.0,PaymentsForRepurchaseOfCommonStock
91440,SNA,2017,110400000.0,PaymentsForRepurchaseOfCommonStock
91440,SNA,2018,120400000.0,PaymentsForRepurchaseOfCommonStock
91440,SNA,2019,287900000.0,PaymentsForRepurchaseOfCommonStock
91440,SNA,2020,174300000.0,PaymentsForRepurchaseOfCommonStock
91440,SNA,2021,174300000.0,PaymentsForRepurchaseOfCommonStock
91440,SNA,2022,174300000.0,PaymentsForRepurchaseOfCommonStock
91440,SNA,2023,431300000.0,PaymentsForRepurchaseOfCommonStock
91440,SNA,2024,198100000.0,PaymentsForRepurchaseOfCommonStock
91440,SNA,2025,328600000.0,PaymentsForRepurchaseOfCommonStock
91576,KEY,2015,474000000.0,PaymentsForRepurchaseOfCommonStock
91576,KEY,2016,140000000.0,PaymentsForRepurchaseOfCommonStock
91576,KEY,2017,140000000.0,PaymentsForRepurchaseOfCommonStock
91576,KEY,2018,140000000.0,PaymentsForRepurchaseOfCommonStock
91576,KEY,2019,664000000.0,PaymentsForRepurchaseOfCommonStock
91576,KEY,2020,134000000.0,PaymentsForRepurchaseOfCommonStock
91576,KEY,2021,134000000.0,PaymentsForRepurchaseOfCommonStock
91576,KEY,2022,134000000.0,PaymentsForRepurchaseOfCommonStock
91576,KEY,2023,585000000.0,PaymentsForRepurchaseOfCommonStock
92122,SO,2015,20000000.0,PaymentsForRepurchaseOfCommonStock
92122,SO,2016,5000000.0,PaymentsForRepurchaseOfCommonStock
92122,SO,2017,115000000.0,PaymentsForRepurchaseOfCommonStock
92230,TFC,2017,520000000.0,PaymentsForRepurchaseOfCommonStock
92230,TFC,2018,520000000.0,PaymentsForRepurchaseOfCommonStock
92230,TFC,2019,1613000000.0,PaymentsForRepurchaseOfCommonStock
92230,TFC,2020,1205000000.0,PaymentsForRepurchaseOfCommonStock
92230,TFC,2021,1616000000.0,PaymentsForRepurchaseOfCommonStock
92230,TFC,2022,1616000000.0,PaymentsForRepurchaseOfCommonStock
92230,TFC,2023,1616000000.0,PaymentsForRepurchaseOfCommonStock
92230,TFC,2024,1000000000.0,PaymentsForRepurchaseOfCommonStock
92230,TFC,2025,1000000000.0,PaymentsForRepurchaseOfCommonStock
92380,LUV,2015,540000000.0,PaymentsForRepurchaseOfCommonStock
92380,LUV,2016,1750000000.0,PaymentsForRepurchaseOfCommonStock
92380,LUV,2017,1750000000.0,PaymentsForRepurchaseOfCommonStock
92380,LUV,2018,1750000000.0,PaymentsForRepurchaseOfCommonStock
92380,LUV,2019,1600000000.0,PaymentsForRepurchaseOfCommonStock
92380,LUV,2020,451000000.0,PaymentsForRepurchaseOfCommonStock
92380,LUV,2021,451000000.0,PaymentsForRepurchaseOfCommonStock
92380,LUV,2022,451000000.0,PaymentsForRepurchaseOfCommonStock
92380,LUV,2024,250000000.0,PaymentsForRepurchaseOfCommonStock
92380,LUV,2025,250000000.0,PaymentsForRepurchaseOfCommonStock
93410,CVX,2015,5004000000.0,PaymentsForRepurchaseOfCommonStock
93410,CVX,2016,2000000.0,PaymentsForRepurchaseOfCommonStock
93410,CVX,2017,2000000.0,PaymentsForRepurchaseOfCommonStock
93410,CVX,2018,2000000.0,PaymentsForRepurchaseOfCommonStock
93410,CVX,2019,1000000.0,PaymentsForRepurchaseOfCommonStock
93410,CVX,2020,1757000000.0,PaymentsForRepurchaseOfCommonStock
93410,CVX,2021,1757000000.0,PaymentsForRepurchaseOfCommonStock
93410,CVX,2022,1757000000.0,PaymentsForRepurchaseOfCommonStock
93410,CVX,2023,1383000000.0,PaymentsForRepurchaseOfCommonStock
93410,CVX,2024,15229000000.0,PaymentsForRepurchaseOfCommonStock
93410,CVX,2025,15229000000.0,PaymentsForRepurchaseOfCommonStock
93556,SWK,2015,28200000.0,PaymentsForRepurchaseOfCommonStock
93556,SWK,2016,28200000.0,PaymentsForRepurchaseOfCommonStock
93556,SWK,2017,374100000.0,PaymentsForRepurchaseOfCommonStock
93556,SWK,2019,28700000.0,PaymentsForRepurchaseOfCommonStock
93556,SWK,2020,26200000.0,PaymentsForRepurchaseOfCommonStock
93556,SWK,2021,26200000.0,PaymentsForRepurchaseOfCommonStock
93556,SWK,2022,26200000.0,PaymentsForRepurchaseOfCommonStock
93556,SWK,2023,34300000.0,PaymentsForRepurchaseOfCommonStock
93556,SWK,2024,2323000000.0,PaymentsForRepurchaseOfCommonStock
93556,SWK,2025,20100000.0,PaymentsForRepurchaseOfCommonStock
93751,STT,2015,2040000000.0,PaymentsForRepurchaseOfCommonStock
93751,STT,2016,1365000000.0,PaymentsForRepurchaseOfCommonStock
93751,STT,2017,1365000000.0,PaymentsForRepurchaseOfCommonStock
93751,STT,2018,1365000000.0,PaymentsForRepurchaseOfCommonStock
93751,STT,2019,1292000000.0,PaymentsForRepurchaseOfCommonStock
93751,STT,2020,515000000.0,PaymentsForRepurchaseOfCommonStock
93751,STT,2021,515000000.0,PaymentsForRepurchaseOfCommonStock
93751,STT,2022,515000000.0,PaymentsForRepurchaseOfCommonStock
93751,STT,2023,900000000.0,PaymentsForRepurchaseOfCommonStock
93751,STT,2024,1319000000.0,PaymentsForRepurchaseOfCommonStock
93751,STT,2025,1319000000.0,PaymentsForRepurchaseOfCommonStock
96021,SYY,2015,721616000.0,PaymentsForRepurchaseOfCommonStock
96021,SYY,2016,1949445000.0,PaymentsForRepurchaseOfCommonStock
96021,SYY,2017,1949445000.0,PaymentsForRepurchaseOfCommonStock
96021,SYY,2018,1949445000.0,PaymentsForRepurchaseOfCommonStock
96021,SYY,2019,1886121000.0,PaymentsForRepurchaseOfCommonStock
96021,SYY,2020,978901000.0,PaymentsForRepurchaseOfCommonStock
96021,SYY,2021,1022033000.0,PaymentsForRepurchaseOfCommonStock
96021,SYY,2022,844699000.0,PaymentsForRepurchaseOfCommonStock
96021,SYY,2023,499825000.0,PaymentsForRepurchaseOfCommonStock
96021,SYY,2024,500000000.0,PaymentsForRepurchaseOfCommonStock
96021,SYY,2025,500000000.0,PaymentsForRepurchaseOfCommonStock
96021,SYY,2026,1232000000.0,PaymentsForRepurchaseOfCommonStock
97210,TER,2015,299949000.0,PaymentsForRepurchaseOfCommonStock
97210,TER,2016,146331000.0,PaymentsForRepurchaseOfCommonStock
97210,TER,2017,146331000.0,PaymentsForRepurchaseOfCommonStock
97210,TER,2018,146331000.0,PaymentsForRepurchaseOfCommonStock
97210,TER,2019,200304000.0,PaymentsForRepurchaseOfCommonStock
97210,TER,2020,88465000.0,PaymentsForRepurchaseOfCommonStock
97210,TER,2021,88465000.0,PaymentsForRepurchaseOfCommonStock
97210,TER,2022,88465000.0,PaymentsForRepurchaseOfCommonStock
97210,TER,2023,600000000.0,PaymentsForRepurchaseOfCommonStock
97210,TER,2024,198574000.0,PaymentsForRepurchaseOfCommonStock
97210,TER,2025,198574000.0,PaymentsForRepurchaseOfCommonStock
97476,TXN,2015,2868000000.0,PaymentsForRepurchaseOfCommonStock
97476,TXN,2016,2132000000.0,PaymentsForRepurchaseOfCommonStock
97476,TXN,2017,2132000000.0,PaymentsForRepurchaseOfCommonStock
97476,TXN,2018,2132000000.0,PaymentsForRepurchaseOfCommonStock
97476,TXN,2019,2556000000.0,PaymentsForRepurchaseOfCommonStock
97476,TXN,2020,2553000000.0,PaymentsForRepurchaseOfCommonStock
97476,TXN,2021,2553000000.0,PaymentsForRepurchaseOfCommonStock
97476,TXN,2022,2553000000.0,PaymentsForRepurchaseOfCommonStock
97476,TXN,2023,527000000.0,PaymentsForRepurchaseOfCommonStock
97476,TXN,2024,929000000.0,PaymentsForRepurchaseOfCommonStock
97476,TXN,2025,929000000.0,PaymentsForRepurchaseOfCommonStock
97745,TMO,2015,89800000.0,PaymentsForRepurchaseOfCommonStock
97745,TMO,2016,1250000000.0,PaymentsForRepurchaseOfCommonStock
97745,TMO,2017,1250000000.0,PaymentsForRepurchaseOfCommonStock
97745,TMO,2018,1250000000.0,PaymentsForRepurchaseOfCommonStock
97745,TMO,2019,750000000.0,PaymentsForRepurchaseOfCommonStock
97745,TMO,2020,1500000000.0,PaymentsForRepurchaseOfCommonStock
97745,TMO,2021,1500000000.0,PaymentsForRepurchaseOfCommonStock
97745,TMO,2022,1500000000.0,PaymentsForRepurchaseOfCommonStock
97745,TMO,2023,2000000000.0,PaymentsForRepurchaseOfCommonStock
97745,TMO,2024,4000000000.0,PaymentsForRepurchaseOfCommonStock
97745,TMO,2025,4000000000.0,PaymentsForRepurchaseOfCommonStock
100493,TSN,2015,495000000.0,PaymentsForRepurchaseOfCommonStock
100493,TSN,2016,495000000.0,PaymentsForRepurchaseOfCommonStock
100493,TSN,2017,495000000.0,PaymentsForRepurchaseOfCommonStock
100493,TSN,2018,1944000000.0,PaymentsForRepurchaseOfCommonStock
100493,TSN,2019,860000000.0,PaymentsForRepurchaseOfCommonStock
100493,TSN,2020,207000000.0,PaymentsForRepurchaseOfCommonStock
100517,UAL,2015,312000000.0,PaymentsForRepurchaseOfCommonStock
100517,UAL,2016,2614000000.0,PaymentsForRepurchaseOfCommonStock
100517,UAL,2017,2614000000.0,PaymentsForRepurchaseOfCommonStock
100517,UAL,2018,2614000000.0,PaymentsForRepurchaseOfCommonStock
100517,UAL,2019,1844000000.0,PaymentsForRepurchaseOfCommonStock
100517,UAL,2020,353000000.0,PaymentsForRepurchaseOfCommonStock
100517,UAL,2021,353000000.0,PaymentsForRepurchaseOfCommonStock
100517,UAL,2022,353000000.0,PaymentsForRepurchaseOfCommonStock
100517,UAL,2024,162000000.0,PaymentsForRepurchaseOfCommonStock
100517,UAL,2025,162000000.0,PaymentsForRepurchaseOfCommonStock
100885,UNP,2015,2218000000.0,PaymentsForRepurchaseOfCommonStock
100885,UNP,2016,3105000000.0,PaymentsForRepurchaseOfCommonStock
100885,UNP,2017,3105000000.0,PaymentsForRepurchaseOfCommonStock
100885,UNP,2018,3105000000.0,PaymentsForRepurchaseOfCommonStock
100885,UNP,2019,4013000000.0,PaymentsForRepurchaseOfCommonStock
100885,UNP,2020,3705000000.0,PaymentsForRepurchaseOfCommonStock
100885,UNP,2021,3705000000.0,PaymentsForRepurchaseOfCommonStock
100885,UNP,2022,3705000000.0,PaymentsForRepurchaseOfCommonStock
100885,UNP,2023,7291000000.0,PaymentsForRepurchaseOfCommonStock
100885,UNP,2024,1505000000.0,PaymentsForRepurchaseOfCommonStock
100885,UNP,2025,1505000000.0,PaymentsForRepurchaseOfCommonStock
101829,RTX,2015,1200000000.0,PaymentsForRepurchaseOfCommonStock
101829,RTX,2016,2254000000.0,PaymentsForRepurchaseOfCommonStock
101829,RTX,2017,2254000000.0,PaymentsForRepurchaseOfCommonStock
101829,RTX,2018,2254000000.0,PaymentsForRepurchaseOfCommonStock
101829,RTX,2019,1453000000.0,PaymentsForRepurchaseOfCommonStock
101829,RTX,2020,47000000.0,PaymentsForRepurchaseOfCommonStock
101829,RTX,2021,47000000.0,PaymentsForRepurchaseOfCommonStock
101829,RTX,2022,47000000.0,PaymentsForRepurchaseOfCommonStock
101829,RTX,2023,2327000000.0,PaymentsForRepurchaseOfCommonStock
101829,RTX,2024,444000000.0,PaymentsForRepurchaseOfCommonStock
101829,RTX,2025,444000000.0,PaymentsForRepurchaseOfCommonStock
104169,WMT,2015,7600000000.0,PaymentsForRepurchaseOfCommonStock
104169,WMT,2016,6683000000.0,PaymentsForRepurchaseOfCommonStock
104169,WMT,2017,8298000000.0,PaymentsForRepurchaseOfCommonStock
104169,WMT,2018,8298000000.0,PaymentsForRepurchaseOfCommonStock
104169,WMT,2019,8298000000.0,PaymentsForRepurchaseOfCommonStock
104169,WMT,2020,8296000000.0,PaymentsForRepurchaseOfCommonStock
104169,WMT,2021,2625000000.0,PaymentsForRepurchaseOfCommonStock
104169,WMT,2022,2625000000.0,PaymentsForRepurchaseOfCommonStock
104169,WMT,2023,2625000000.0,PaymentsForRepurchaseOfCommonStock
104169,WMT,2024,9787000000.0,PaymentsForRepurchaseOfCommonStock
104169,WMT,2025,4494000000.0,PaymentsForRepurchaseOfCommonStock
104169,WMT,2026,4494000000.0,PaymentsForRepurchaseOfCommonStock
105634,EME,2015,26070000.0,PaymentsForRepurchaseOfCommonStock
105634,EME,2016,94221000.0,PaymentsForRepurchaseOfCommonStock
105634,EME,2017,94221000.0,PaymentsForRepurchaseOfCommonStock
105634,EME,2018,94221000.0,PaymentsForRepurchaseOfCommonStock
105634,EME,2019,93166000.0,PaymentsForRepurchaseOfCommonStock
105634,EME,2020,112553000.0,PaymentsForRepurchaseOfCommonStock
105634,EME,2021,112553000.0,PaymentsForRepurchaseOfCommonStock
105634,EME,2022,112553000.0,PaymentsForRepurchaseOfCommonStock
105634,EME,2023,195546000.0,PaymentsForRepurchaseOfCommonStock
105634,EME,2024,489820000.0,PaymentsForRepurchaseOfCommonStock
105634,EME,2025,489820000.0,PaymentsForRepurchaseOfCommonStock
105770,WST,2016,52200000.0,PaymentsForRepurchaseOfCommonStock
105770,WST,2017,52200000.0,PaymentsForRepurchaseOfCommonStock
105770,WST,2018,52200000.0,PaymentsForRepurchaseOfCommonStock
105770,WST,2019,74400000.0,PaymentsForRepurchaseOfCommonStock
105770,WST,2020,115500000.0,PaymentsForRepurchaseOfCommonStock
105770,WST,2021,115500000.0,PaymentsForRepurchaseOfCommonStock
105770,WST,2022,115500000.0,PaymentsForRepurchaseOfCommonStock
105770,WST,2023,137100000.0,PaymentsForRepurchaseOfCommonStock
105770,WST,2024,560900000.0,PaymentsForRepurchaseOfCommonStock
105770,WST,2025,560900000.0,PaymentsForRepurchaseOfCommonStock
106040,WDC,2015,970000000.0,PaymentsForRepurchaseOfCommonStock
106040,WDC,2016,970000000.0,PaymentsForRepurchaseOfCommonStock
106040,WDC,2017,970000000.0,PaymentsForRepurchaseOfCommonStock
106040,WDC,2018,60000000.0,PaymentsForRepurchaseOfCommonStock
106040,WDC,2019,591000000.0,PaymentsForRepurchaseOfCommonStock
106040,WDC,2020,591000000.0,PaymentsForRepurchaseOfCommonStock
106040,WDC,2021,563000000.0,PaymentsForRepurchaseOfCommonStock
106040,WDC,2025,149000000.0,PaymentsForRepurchaseOfCommonStock
106040,WDC,2026,2592000000.0,PaymentsForRepurchaseOfCommonStock
106535,WY,2015,203000000.0,PaymentsForRepurchaseOfCommonStock
106535,WY,2016,2003000000.0,PaymentsForRepurchaseOfCommonStock
106535,WY,2017,2003000000.0,PaymentsForRepurchaseOfCommonStock
106535,WY,2018,2003000000.0,PaymentsForRepurchaseOfCommonStock
106535,WY,2019,366000000.0,PaymentsForRepurchaseOfCommonStock
106535,WY,2020,366000000.0,PaymentsForRepurchaseOfCommonStock
106535,WY,2021,60000000.0,PaymentsForRepurchaseOfCommonStock
106535,WY,2022,100000000.0,PaymentsForRepurchaseOfCommonStock
106535,WY,2023,100000000.0,PaymentsForRepurchaseOfCommonStock
106535,WY,2024,154000000.0,PaymentsForRepurchaseOfCommonStock
106535,WY,2025,154000000.0,PaymentsForRepurchaseOfCommonStock
107263,WMB,2023,9000000.0,PaymentsForRepurchaseOfCommonStock
107263,WMB,2024,9000000.0,PaymentsForRepurchaseOfCommonStock
107263,WMB,2025,130000000.0,PaymentsForRepurchaseOfCommonStock
109198,TJX,2015,1471096000.0,PaymentsForRepurchaseOfCommonStock
109198,TJX,2016,1650704000.0,PaymentsForRepurchaseOfCommonStock
109198,TJX,2017,1644581000.0,PaymentsForRepurchaseOfCommonStock
109198,TJX,2018,1644581000.0,PaymentsForRepurchaseOfCommonStock
109198,TJX,2019,1644581000.0,PaymentsForRepurchaseOfCommonStock
109198,TJX,2020,2406997000.0,PaymentsForRepurchaseOfCommonStock
109198,TJX,2022,1551992000.0,PaymentsForRepurchaseOfCommonStock
109198,TJX,2023,202000000.0,PaymentsForRepurchaseOfCommonStock
109198,TJX,2024,2484000000.0,PaymentsForRepurchaseOfCommonStock
109198,TJX,2025,2484000000.0,PaymentsForRepurchaseOfCommonStock
109198,TJX,2026,2484000000.0,PaymentsForRepurchaseOfCommonStock
200406,JNJ,2015,5290000000.0,PaymentsForRepurchaseOfCommonStock
200406,JNJ,2016,5290000000.0,PaymentsForRepurchaseOfCommonStock
200406,JNJ,2017,5290000000.0,PaymentsForRepurchaseOfCommonStock
200406,JNJ,2018,8979000000.0,PaymentsForRepurchaseOfCommonStock
200406,JNJ,2019,6358000000.0,PaymentsForRepurchaseOfCommonStock
200406,JNJ,2020,3221000000.0,PaymentsForRepurchaseOfCommonStock
200406,JNJ,2021,3221000000.0,PaymentsForRepurchaseOfCommonStock
200406,JNJ,2022,3221000000.0,PaymentsForRepurchaseOfCommonStock
200406,JNJ,2023,3456000000.0,PaymentsForRepurchaseOfCommonStock
200406,JNJ,2024,6035000000.0,PaymentsForRepurchaseOfCommonStock
200406,JNJ,2025,5054000000.0,PaymentsForRepurchaseOfCommonStock
202058,LHX,2015,166000000.0,PaymentsForRepurchaseOfCommonStock
202058,LHX,2016,150000000.0,PaymentsForRepurchaseOfCommonStock
202058,LHX,2017,150000000.0,PaymentsForRepurchaseOfCommonStock
202058,LHX,2018,710000000.0,PaymentsForRepurchaseOfCommonStock
202058,LHX,2019,710000000.0,PaymentsForRepurchaseOfCommonStock
202058,LHX,2020,272000000.0,PaymentsForRepurchaseOfCommonStock
202058,LHX,2021,200000000.0,PaymentsForRepurchaseOfCommonStock
202058,LHX,2022,2290000000.0,PaymentsForRepurchaseOfCommonStock
202058,LHX,2023,3675000000.0,PaymentsForRepurchaseOfCommonStock
202058,LHX,2024,554000000.0,PaymentsForRepurchaseOfCommonStock
202058,LHX,2025,554000000.0,PaymentsForRepurchaseOfCommonStock
217346,TXT,2015,340000000.0,PaymentsForRepurchaseOfCommonStock
217346,TXT,2016,340000000.0,PaymentsForRepurchaseOfCommonStock
217346,TXT,2017,219000000.0,PaymentsForRepurchaseOfCommonStock
217346,TXT,2018,241000000.0,PaymentsForRepurchaseOfCommonStock
217346,TXT,2019,503000000.0,PaymentsForRepurchaseOfCommonStock
217346,TXT,2020,503000000.0,PaymentsForRepurchaseOfCommonStock
217346,TXT,2021,503000000.0,PaymentsForRepurchaseOfCommonStock
217346,TXT,2022,183000000.0,PaymentsForRepurchaseOfCommonStock
217346,TXT,2023,921000000.0,PaymentsForRepurchaseOfCommonStock
217346,TXT,2024,867000000.0,PaymentsForRepurchaseOfCommonStock
217346,TXT,2025,822000000.0,PaymentsForRepurchaseOfCommonStock
277135,GWW,2015,438473000.0,PaymentsForRepurchaseOfCommonStock
277135,GWW,2016,789773000.0,PaymentsForRepurchaseOfCommonStock
277135,GWW,2017,789773000.0,PaymentsForRepurchaseOfCommonStock
277135,GWW,2018,790000000.0,PaymentsForRepurchaseOfCommonStock
277135,GWW,2019,605000000.0,PaymentsForRepurchaseOfCommonStock
277135,GWW,2020,601000000.0,PaymentsForRepurchaseOfCommonStock
277135,GWW,2021,601000000.0,PaymentsForRepurchaseOfCommonStock
277135,GWW,2022,601000000.0,PaymentsForRepurchaseOfCommonStock
277135,GWW,2023,695000000.0,PaymentsForRepurchaseOfCommonStock
277135,GWW,2024,1201000000.0,PaymentsForRepurchaseOfCommonStock
277135,GWW,2025,1201000000.0,PaymentsForRepurchaseOfCommonStock
277948,CSX,2015,353000000.0,PaymentsForRepurchaseOfCommonStock
277948,CSX,2016,1056000000.0,PaymentsForRepurchaseOfCommonStock
277948,CSX,2017,1056000000.0,PaymentsForRepurchaseOfCommonStock
277948,CSX,2018,1056000000.0,PaymentsForRepurchaseOfCommonStock
277948,CSX,2019,1970000000.0,PaymentsForRepurchaseOfCommonStock
277948,CSX,2020,867000000.0,PaymentsForRepurchaseOfCommonStock
277948,CSX,2021,867000000.0,PaymentsForRepurchaseOfCommonStock
277948,CSX,2022,867000000.0,PaymentsForRepurchaseOfCommonStock
277948,CSX,2023,2886000000.0,PaymentsForRepurchaseOfCommonStock
277948,CSX,2024,2237000000.0,PaymentsForRepurchaseOfCommonStock
277948,CSX,2025,2237000000.0,PaymentsForRepurchaseOfCommonStock
310158,MRK,2015,6516000000.0,PaymentsForRepurchaseOfCommonStock
310158,MRK,2016,3434000000.0,PaymentsForRepurchaseOfCommonStock
310158,MRK,2017,3434000000.0,PaymentsForRepurchaseOfCommonStock
310158,MRK,2018,3434000000.0,PaymentsForRepurchaseOfCommonStock
310158,MRK,2019,4014000000.0,PaymentsForRepurchaseOfCommonStock
310158,MRK,2020,1281000000.0,PaymentsForRepurchaseOfCommonStock
310158,MRK,2021,1281000000.0,PaymentsForRepurchaseOfCommonStock
310158,MRK,2022,1281000000.0,PaymentsForRepurchaseOfCommonStock
310158,MRK,2023,840000000.0,PaymentsForRepurchaseOfCommonStock
310158,MRK,2024,1306000000.0,PaymentsForRepurchaseOfCommonStock
310158,MRK,2025,1306000000.0,PaymentsForRepurchaseOfCommonStock
310764,SYK,2015,317000000.0,PaymentsForRepurchaseOfCommonStock
310764,SYK,2016,13000000.0,PaymentsForRepurchaseOfCommonStock
310764,SYK,2017,13000000.0,PaymentsForRepurchaseOfCommonStock
310764,SYK,2018,13000000.0,PaymentsForRepurchaseOfCommonStock
310764,SYK,2019,230000000.0,PaymentsForRepurchaseOfCommonStock
310764,SYK,2020,300000000.0,PaymentsForRepurchaseOfCommonStock
310764,SYK,2021,307000000.0,PaymentsForRepurchaseOfCommonStock
313616,DHR,2024,5979000000.0,PaymentsForRepurchaseOfCommonStock
313616,DHR,2025,5979000000.0,PaymentsForRepurchaseOfCommonStock
313927,CHD,2015,50100000.0,PaymentsForRepurchaseOfCommonStock
313927,CHD,2016,400000000.0,PaymentsForRepurchaseOfCommonStock
313927,CHD,2017,400000000.0,PaymentsForRepurchaseOfCommonStock
313927,CHD,2018,400000000.0,PaymentsForRepurchaseOfCommonStock
313927,CHD,2019,400000000.0,PaymentsForRepurchaseOfCommonStock
313927,CHD,2020,300000000.0,PaymentsForRepurchaseOfCommonStock
313927,CHD,2021,300000000.0,PaymentsForRepurchaseOfCommonStock
313927,CHD,2022,300000000.0,PaymentsForRepurchaseOfCommonStock
313927,CHD,2023,500000000.0,PaymentsForRepurchaseOfCommonStock
313927,CHD,2024,300100000.0,PaymentsForRepurchaseOfCommonStock
313927,CHD,2025,300100000.0,PaymentsForRepurchaseOfCommonStock
315189,DE,2015,1531400000.0,PaymentsForRepurchaseOfCommonStock
315189,DE,2016,205400000.0,PaymentsForRepurchaseOfCommonStock
315189,DE,2017,2770700000.0,PaymentsForRepurchaseOfCommonStock
315189,DE,2018,205400000.0,PaymentsForRepurchaseOfCommonStock
315189,DE,2019,1253000000.0,PaymentsForRepurchaseOfCommonStock
315189,DE,2020,1253000000.0,PaymentsForRepurchaseOfCommonStock
315189,DE,2021,1253000000.0,PaymentsForRepurchaseOfCommonStock
315189,DE,2022,750000000.0,PaymentsForRepurchaseOfCommonStock
315189,DE,2023,2538000000.0,PaymentsForRepurchaseOfCommonStock
315189,DE,2024,3597000000.0,PaymentsForRepurchaseOfCommonStock
315189,DE,2025,1138000000.0,PaymentsForRepurchaseOfCommonStock
315293,AON,2015,1102000000.0,PaymentsForRepurchaseOfCommonStock
315293,AON,2016,1257000000.0,PaymentsForRepurchaseOfCommonStock
315293,AON,2017,1257000000.0,PaymentsForRepurchaseOfCommonStock
315293,AON,2018,1257000000.0,PaymentsForRepurchaseOfEquity
315293,AON,2019,2399000000.0,PaymentsForRepurchaseOfEquity
315293,AON,2020,1763000000.0,PaymentsForRepurchaseOfEquity
315293,AON,2021,1763000000.0,PaymentsForRepurchaseOfEquity
315293,AON,2022,1763000000.0,PaymentsForRepurchaseOfEquity
315293,AON,2023,3543000000.0,PaymentsForRepurchaseOfEquity
315293,AON,2024,1000000000.0,PaymentsForRepurchaseOfEquity
315293,AON,2025,1000000000.0,PaymentsForRepurchaseOfEquity
316709,SCHW,2018,1000000000.0,PaymentsForRepurchaseOfCommonStock
316709,SCHW,2019,1000000000.0,PaymentsForRepurchaseOfCommonStock
316709,SCHW,2020,1000000000.0,PaymentsForRepurchaseOfCommonStock
316709,SCHW,2021,2220000000.0,PaymentsForRepurchaseOfCommonStock
316709,SCHW,2022,3395000000.0,PaymentsForRepurchaseOfCommonStock
316709,SCHW,2023,3395000000.0,PaymentsForRepurchaseOfCommonStock
316709,SCHW,2024,3395000000.0,PaymentsForRepurchaseOfCommonStock
316709,SCHW,2025,2842000000.0,PaymentsForRepurchaseOfCommonStock
318154,AMGN,2015,832000000.0,PaymentsForRepurchaseOfCommonStock
318154,AMGN,2016,2965000000.0,PaymentsForRepurchaseOfCommonStock
318154,AMGN,2017,2965000000.0,PaymentsForRepurchaseOfCommonStock
318154,AMGN,2018,2965000000.0,PaymentsForRepurchaseOfCommonStock
318154,AMGN,2019,3160000000.0,PaymentsForRepurchaseOfCommonStock
318154,AMGN,2020,3486000000.0,PaymentsForRepurchaseOfCommonStock
318154,AMGN,2021,3486000000.0,PaymentsForRepurchaseOfCommonStock
318154,AMGN,2022,3486000000.0,PaymentsForRepurchaseOfCommonStock
318154,AMGN,2023,4975000000.0,PaymentsForRepurchaseOfCommonStock
318154,AMGN,2024,200000000.0,PaymentsForRepurchaseOfCommonStock
318154,AMGN,2025,200000000.0,PaymentsForRepurchaseOfCommonStock
319201,KLAC,2015,273254000.0,PaymentsForRepurchaseOfCommonStock
319201,KLAC,2016,181711000.0,PaymentsForRepurchaseOfCommonStock
319201,KLAC,2017,181711000.0,PaymentsForRepurchaseOfCommonStock
319201,KLAC,2018,181711000.0,PaymentsForRepurchaseOfCommonStock
319201,KLAC,2019,25002000.0,PaymentsForRepurchaseOfCommonStock
319201,KLAC,2020,829084000.0,PaymentsForRepurchaseOfCommonStock
319201,KLAC,2021,829084000.0,PaymentsForRepurchaseOfCommonStock
319201,KLAC,2022,829084000.0,PaymentsForRepurchaseOfCommonStock
319201,KLAC,2023,938607000.0,PaymentsForRepurchaseOfCommonStock
319201,KLAC,2024,1735746000.0,PaymentsForRepurchaseOfCommonStock
319201,KLAC,2025,1735746000.0,PaymentsForRepurchaseOfCommonStock
319201,KLAC,2026,1735746000.0,PaymentsForRepurchaseOfCommonStock
320187,NKE,2015,1674000000.0,PaymentsForRepurchaseOfCommonStock
320187,NKE,2016,3238000000.0,PaymentsForRepurchaseOfCommonStock
320187,NKE,2017,3238000000.0,PaymentsForRepurchaseOfCommonStock
320187,NKE,2018,3238000000.0,PaymentsForRepurchaseOfCommonStock
320187,NKE,2019,3223000000.0,PaymentsForRepurchaseOfCommonStock
320187,NKE,2020,3067000000.0,PaymentsForRepurchaseOfCommonStock
320187,NKE,2021,3067000000.0,PaymentsForRepurchaseOfCommonStock
320187,NKE,2022,3067000000.0,PaymentsForRepurchaseOfCommonStock
320187,NKE,2023,608000000.0,PaymentsForRepurchaseOfCommonStock
320187,NKE,2024,4250000000.0,PaymentsForRepurchaseOfCommonStock
320187,NKE,2025,4250000000.0,PaymentsForRepurchaseOfCommonStock
320187,NKE,2026,4250000000.0,PaymentsForRepurchaseOfCommonStock
320193,AAPL,2015,22860000000.0,PaymentsForRepurchaseOfCommonStock
320193,AAPL,2016,45000000000.0,PaymentsForRepurchaseOfCommonStock
320193,AAPL,2017,32900000000.0,PaymentsForRepurchaseOfCommonStock
320193,AAPL,2018,32900000000.0,PaymentsForRepurchaseOfCommonStock
320193,AAPL,2019,32900000000.0,PaymentsForRepurchaseOfCommonStock
320193,AAPL,2020,72738000000.0,PaymentsForRepurchaseOfCommonStock
320193,AAPL,2021,66897000000.0,PaymentsForRepurchaseOfCommonStock
320193,AAPL,2022,72358000000.0,PaymentsForRepurchaseOfCommonStock
320193,AAPL,2023,77550000000.0,PaymentsForRepurchaseOfCommonStock
320193,AAPL,2024,77550000000.0,PaymentsForRepurchaseOfCommonStock
320193,AAPL,2025,77550000000.0,PaymentsForRepurchaseOfCommonStock
320335,GL,2015,482264000.0,PaymentsForRepurchaseOfCommonStock
320335,GL,2016,404784000.0,PaymentsForRepurchaseOfCommonStock
320335,GL,2017,404784000.0,PaymentsForRepurchaseOfCommonStock
320335,GL,2018,404784000.0,PaymentsForRepurchaseOfCommonStock
320335,GL,2019,412989000.0,PaymentsForRepurchaseOfCommonStock
320335,GL,2020,443866000.0,PaymentsForRepurchaseOfCommonStock
320335,GL,2021,443866000.0,PaymentsForRepurchaseOfCommonStock
320335,GL,2022,443866000.0,PaymentsForRepurchaseOfCommonStock
320335,GL,2023,541435000.0,PaymentsForRepurchaseOfCommonStock
320335,GL,2024,1002109000.0,PaymentsForRepurchaseOfCommonStock
320335,GL,2025,1002109000.0,PaymentsForRepurchaseOfCommonStock
352915,UHS,2015,27201000.0,PaymentsForRepurchaseOfCommonStock
352915,UHS,2016,353380000.0,PaymentsForRepurchaseOfCommonStock
352915,UHS,2017,353380000.0,PaymentsForRepurchaseOfCommonStock
352915,UHS,2018,353380000.0,PaymentsForRepurchaseOfCommonStock
352915,UHS,2019,364401000.0,PaymentsForRepurchaseOfCommonStock
352915,UHS,2020,206719000.0,PaymentsForRepurchaseOfCommonStock
352915,UHS,2021,206719000.0,PaymentsForRepurchaseOfCommonStock
352915,UHS,2022,206719000.0,PaymentsForRepurchaseOfCommonStock
352915,UHS,2023,1220875000.0,PaymentsForRepurchaseOfCommonStock
352915,UHS,2024,670754000.0,PaymentsForRepurchaseOfCommonStock
352915,UHS,2025,670754000.0,PaymentsForRepurchaseOfCommonStock
354190,AJG,2016,101000000.0,PaymentsForRepurchaseOfCommonStock
354190,AJG,2017,101000000.0,PaymentsForRepurchaseOfCommonStock
354190,AJG,2018,101000000.0,PaymentsForRepurchaseOfCommonStock
354190,AJG,2019,17700000.0,PaymentsForRepurchaseOfCommonStock
354190,AJG,2020,11300000.0,PaymentsForRepurchaseOfCommonStock
354950,HD,2015,8546000000.0,PaymentsForRepurchaseOfCommonStock
354950,HD,2016,7000000000.0,PaymentsForRepurchaseOfCommonStock
354950,HD,2017,7000000000.0,PaymentsForRepurchaseOfCommonStock
354950,HD,2018,9963000000.0,PaymentsForRepurchaseOfCommonStock
354950,HD,2019,9963000000.0,PaymentsForRepurchaseOfCommonStock
354950,HD,2020,9963000000.0,PaymentsForRepurchaseOfCommonStock
354950,HD,2021,6965000000.0,PaymentsForRepurchaseOfCommonStock
354950,HD,2022,791000000.0,PaymentsForRepurchaseOfCommonStock
354950,HD,2023,14809000000.0,PaymentsForRepurchaseOfCommonStock
354950,HD,2024,649000000.0,PaymentsForRepurchaseOfCommonStock
354950,HD,2025,649000000.0,PaymentsForRepurchaseOfCommonStock
702165,NSC,2015,627000000.0,PaymentsForRepurchaseOfCommonStock
702165,NSC,2016,803000000.0,PaymentsForRepurchaseOfCommonStock
702165,NSC,2017,803000000.0,PaymentsForRepurchaseOfCommonStock
702165,NSC,2018,803000000.0,PaymentsForRepurchaseOfCommonStock
702165,NSC,2019,1012000000.0,PaymentsForRepurchaseOfCommonStock
702165,NSC,2020,1439000000.0,PaymentsForRepurchaseOfCommonStock
702165,NSC,2021,1439000000.0,PaymentsForRepurchaseOfCommonStock
702165,NSC,2022,1439000000.0,PaymentsForRepurchaseOfCommonStock
702165,NSC,2023,3390000000.0,PaymentsForRepurchaseOfCommonStock
702165,NSC,2024,3110000000.0,PaymentsForRepurchaseOfCommonStock
702165,NSC,2025,622000000.0,PaymentsForRepurchaseOfCommonStock
707549,LRCX,2015,955661000.0,PaymentsForRepurchaseOfCommonStock
707549,LRCX,2016,244859000.0,PaymentsForRepurchaseOfCommonStock
707549,LRCX,2017,573240000.0,PaymentsForRepurchaseOfCommonStock
707549,LRCX,2018,158389000.0,PaymentsForRepurchaseOfCommonStock
707549,LRCX,2019,3780611000.0,PaymentsForRepurchaseOfCommonStock
707549,LRCX,2020,3780611000.0,PaymentsForRepurchaseOfCommonStock
707549,LRCX,2021,3780611000.0,PaymentsForRepurchaseOfCommonStock
707549,LRCX,2022,1369649000.0,PaymentsForRepurchaseOfCommonStock
707549,LRCX,2023,2697704000.0,PaymentsForRepurchaseOfCommonStock
707549,LRCX,2024,2842807000.0,PaymentsForRepurchaseOfCommonStock
707549,LRCX,2025,2842807000.0,PaymentsForRepurchaseOfCommonStock
707549,LRCX,2026,2842807000.0,PaymentsForRepurchaseOfCommonStock
711404,COO,2015,167334000.0,PaymentsForRepurchaseOfCommonStock
711404,COO,2016,75778000.0,PaymentsForRepurchaseOfCommonStock
711404,COO,2017,67300000.0,PaymentsForRepurchaseOfCommonStock
711404,COO,2018,55000000.0,PaymentsForRepurchaseOfCommonStock
711404,COO,2019,55000000.0,PaymentsForRepurchaseOfCommonStock
711404,COO,2020,47800000.0,PaymentsForRepurchaseOfCommonStock
711404,COO,2021,47800000.0,PaymentsForRepurchaseOfCommonStock
711404,COO,2022,47800000.0,PaymentsForRepurchaseOfCommonStock
711404,COO,2023,24800000.0,PaymentsForRepurchaseOfCommonStock
711404,COO,2024,78500000.0,PaymentsForRepurchaseOfCommonStock
711404,COO,2025,290100000.0,PaymentsForRepurchaseOfCommonStock
713676,PNC,2015,24000000.0,PaymentsForRepurchaseOfCommonStock
713676,PNC,2016,2062000000.0,PaymentsForRepurchaseOfCommonStock
713676,PNC,2017,2062000000.0,PaymentsForRepurchaseOfCommonStock
713676,PNC,2018,2062000000.0,PaymentsForRepurchaseOfCommonStock
713676,PNC,2019,2447000000.0,PaymentsForRepurchaseOfCommonStock
713676,PNC,2020,1624000000.0,PaymentsForRepurchaseOfCommonStock
713676,PNC,2021,1624000000.0,PaymentsForRepurchaseOfCommonStock
713676,PNC,2022,1624000000.0,PaymentsForRepurchaseOfCommonStock
713676,PNC,2023,1079000000.0,PaymentsForRepurchaseOfCommonStock
713676,PNC,2024,687000000.0,PaymentsForRepurchaseOfCommonStock
713676,PNC,2025,687000000.0,PaymentsForRepurchaseOfCommonStock
715957,D,2020,3080000000.0,PaymentsForRepurchaseOfCommonStock
715957,D,2021,3080000000.0,PaymentsForRepurchaseOfCommonStock
715957,D,2022,3080000000.0,PaymentsForRepurchaseOfCommonStock
719955,WSM,2015,239274000.0,PaymentsForRepurchaseOfCommonStock
719955,WSM,2016,224377000.0,PaymentsForRepurchaseOfCommonStock
719955,WSM,2017,224995000.0,PaymentsForRepurchaseOfCommonStock
719955,WSM,2019,295304000.0,PaymentsForRepurchaseOfCommonStock
719955,WSM,2020,295304000.0,PaymentsForRepurchaseOfCommonStock
719955,WSM,2021,148834000.0,PaymentsForRepurchaseOfCommonStock
719955,WSM,2022,150000000.0,PaymentsForRepurchaseOfCommonStock
719955,WSM,2023,899433000.0,PaymentsForRepurchaseOfCommonStock
719955,WSM,2024,807477000.0,PaymentsForRepurchaseOfCommonStock
719955,WSM,2025,807477000.0,PaymentsForRepurchaseOfCommonStock
720005,RJF,2015,11718000.0,PaymentsForRepurchaseOfCommonStock
720005,RJF,2016,162502000.0,PaymentsForRepurchaseOfCommonStock
720005,RJF,2017,162502000.0,PaymentsForRepurchaseOfCommonStock
720005,RJF,2018,162502000.0,PaymentsForRepurchaseOfCommonStock
720005,RJF,2019,34000000.0,PaymentsForRepurchaseOfCommonStock
720005,RJF,2020,272000000.0,PaymentsForRepurchaseOfCommonStock
720005,RJF,2021,272000000.0,PaymentsForRepurchaseOfCommonStock
721371,CAH,2015,450000000.0,PaymentsForRepurchaseOfCommonStock
721371,CAH,2016,651000000.0,PaymentsForRepurchaseOfCommonStock
721371,CAH,2017,651000000.0,PaymentsForRepurchaseOfCommonStock
721371,CAH,2018,651000000.0,PaymentsForRepurchaseOfCommonStock
721371,CAH,2019,600000000.0,PaymentsForRepurchaseOfCommonStock
721371,CAH,2020,350000000.0,PaymentsForRepurchaseOfCommonStock
721371,CAH,2021,350000000.0,PaymentsForRepurchaseOfCommonStock
721371,CAH,2022,350000000.0,PaymentsForRepurchaseOfCommonStock
721371,CAH,2023,200000000.0,PaymentsForRepurchaseOfCommonStock
721371,CAH,2024,750000000.0,PaymentsForRepurchaseOfCommonStock
721371,CAH,2025,750000000.0,PaymentsForRepurchaseOfCommonStock
721371,CAH,2026,750000000.0,PaymentsForRepurchaseOfCommonStock
723125,MU,2015,884000000.0,PaymentsForRepurchaseOfCommonStock
723125,MU,2016,884000000.0,PaymentsForRepurchaseOfCommonStock
723125,MU,2017,884000000.0,PaymentsForRepurchaseOfCommonStock
723125,MU,2019,36000000.0,PaymentsForRepurchaseOfCommonStock
723125,MU,2020,251000000.0,PaymentsForRepurchaseOfCommonStock
723125,MU,2021,251000000.0,PaymentsForRepurchaseOfCommonStock
723125,MU,2022,176000000.0,PaymentsForRepurchaseOfCommonStock
723125,MU,2023,1200000000.0,PaymentsForRepurchaseOfCommonStock
723125,MU,2024,2432000000.0,PaymentsForRepurchaseOfCommonStock
723125,MU,2025,425000000.0,PaymentsForRepurchaseOfCommonStock
723254,CTAS,2015,215681000.0,PaymentsForRepurchaseOfCommonStock
723254,CTAS,2016,780151000.0,PaymentsForRepurchaseOfCommonStock
723254,CTAS,2017,780151000.0,PaymentsForRepurchaseOfCommonStock
723254,CTAS,2018,780151000.0,PaymentsForRepurchaseOfCommonStock
723254,CTAS,2019,20724000.0,PaymentsForRepurchaseOfCommonStock
723254,CTAS,2020,464518000.0,PaymentsForRepurchaseOfCommonStock
723254,CTAS,2021,464518000.0,PaymentsForRepurchaseOfCommonStock
723254,CTAS,2022,464518000.0,PaymentsForRepurchaseOfCommonStock
723254,CTAS,2023,554121000.0,PaymentsForRepurchaseOfCommonStock
723254,CTAS,2024,700033000.0,PaymentsForRepurchaseOfCommonStock
723254,CTAS,2025,700033000.0,PaymentsForRepurchaseOfCommonStock
723254,CTAS,2026,700033000.0,PaymentsForRepurchaseOfCommonStock
723531,PAYX,2015,249700000.0,PaymentsForRepurchaseOfCommonStock
723531,PAYX,2016,107900000.0,PaymentsForRepurchaseOfCommonStock
723531,PAYX,2017,107900000.0,PaymentsForRepurchaseOfCommonStock
723531,PAYX,2018,107900000.0,PaymentsForRepurchaseOfCommonStock
723531,PAYX,2019,166200000.0,PaymentsForRepurchaseOfCommonStock
723531,PAYX,2020,171900000.0,PaymentsForRepurchaseOfCommonStock
723531,PAYX,2021,171900000.0,PaymentsForRepurchaseOfCommonStock
723531,PAYX,2022,171900000.0,PaymentsForRepurchaseOfCommonStock
723531,PAYX,2023,155700000.0,PaymentsForRepurchaseOfCommonStock
723531,PAYX,2024,169200000.0,PaymentsForRepurchaseOfCommonStock
723531,PAYX,2025,169200000.0,PaymentsForRepurchaseOfCommonStock
723531,PAYX,2026,169200000.0,PaymentsForRepurchaseOfCommonStock
726958,CASY,2017,47893000.0,PaymentsForRepurchaseOfCommonStock
726958,CASY,2018,47893000.0,PaymentsForRepurchaseOfCommonStock
726958,CASY,2019,47893000.0,PaymentsForRepurchaseOfCommonStock
726958,CASY,2020,214683000.0,PaymentsForRepurchaseOfCommonStock
726958,CASY,2021,37479000.0,PaymentsForRepurchaseOfCommonStock
726958,CASY,2024,104898000.0,PaymentsForRepurchaseOfCommonStock
726958,CASY,2025,104898000.0,PaymentsForRepurchaseOfCommonStock
726958,CASY,2026,104898000.0,PaymentsForRepurchaseOfCommonStock
728535,JBHT,2015,114723000.0,PaymentsForRepurchaseOfCommonStock
728535,JBHT,2016,249760000.0,PaymentsForRepurchaseOfCommonStock
728535,JBHT,2017,249760000.0,PaymentsForRepurchaseOfCommonStock
728535,JBHT,2018,249760000.0,PaymentsForRepurchaseOfCommonStock
728535,JBHT,2019,179813000.0,PaymentsForRepurchaseOfCommonStock
728535,JBHT,2020,92548000.0,PaymentsForRepurchaseOfCommonStock
728535,JBHT,2021,92548000.0,PaymentsForRepurchaseOfCommonStock
728535,JBHT,2022,92548000.0,PaymentsForRepurchaseOfCommonStock
728535,JBHT,2023,151720000.0,PaymentsForRepurchaseOfCommonStock
728535,JBHT,2024,513924000.0,PaymentsForRepurchaseOfCommonStock
728535,JBHT,2025,513924000.0,PaymentsForRepurchaseOfCommonStock
731766,UNH,2015,3170000000.0,PaymentsForRepurchaseOfCommonStock
731766,UNH,2016,1280000000.0,PaymentsForRepurchaseOfCommonStock
731766,UNH,2017,1280000000.0,PaymentsForRepurchaseOfCommonStock
731766,UNH,2018,1280000000.0,PaymentsForRepurchaseOfCommonStock
731766,UNH,2019,1500000000.0,PaymentsForRepurchaseOfCommonStock
731766,UNH,2020,4250000000.0,PaymentsForRepurchaseOfCommonStock
731766,UNH,2021,4250000000.0,PaymentsForRepurchaseOfCommonStock
731766,UNH,2022,4250000000.0,PaymentsForRepurchaseOfCommonStock
731766,UNH,2023,5000000000.0,PaymentsForRepurchaseOfCommonStock
731766,UNH,2024,9000000000.0,PaymentsForRepurchaseOfCommonStock
731766,UNH,2025,9000000000.0,PaymentsForRepurchaseOfCommonStock
732712,VZ,2015,153000000.0,PaymentsForRepurchaseOfCommonStock
732712,VZ,2016,5134000000.0,PaymentsForRepurchaseOfCommonStock
732712,VZ,2017,5134000000.0,PaymentsForRepurchaseOfCommonStock
732717,T,2015,13028000000.0,PaymentsForRepurchaseOfCommonStock
732717,T,2016,512000000.0,PaymentsForRepurchaseOfCommonStock
732717,T,2017,512000000.0,PaymentsForRepurchaseOfCommonStock
732717,T,2018,512000000.0,PaymentsForRepurchaseOfCommonStock
732717,T,2019,463000000.0,PaymentsForRepurchaseOfCommonStock
732717,T,2020,5498000000.0,PaymentsForRepurchaseOfCommonStock
732717,T,2021,5498000000.0,PaymentsForRepurchaseOfCommonStock
732717,T,2022,5498000000.0,PaymentsForRepurchaseOfCommonStock
732717,T,2023,202000000.0,PaymentsForRepurchaseOfCommonStock
732717,T,2024,215000000.0,PaymentsForRepurchaseOfCommonStock
732717,T,2025,215000000.0,PaymentsForRepurchaseOfCommonStock
745732,ROST,2015,550000000.0,PaymentsForRepurchaseOfCommonStock
745732,ROST,2016,550000000.0,PaymentsForRepurchaseOfCommonStock
745732,ROST,2017,875000000.0,PaymentsForRepurchaseOfCommonStock
745732,ROST,2018,875000000.0,PaymentsForRepurchaseOfCommonStock
745732,ROST,2019,875000000.0,PaymentsForRepurchaseOfCommonStock
745732,ROST,2020,1075000000.0,PaymentsForRepurchaseOfCommonStock
745732,ROST,2021,1275000000.0,PaymentsForRepurchaseOfCommonStock
745732,ROST,2022,132467000.0,PaymentsForRepurchaseOfCommonStock
745732,ROST,2023,949996000.0,PaymentsForRepurchaseOfCommonStock
745732,ROST,2024,949996000.0,PaymentsForRepurchaseOfCommonStock
745732,ROST,2025,949996000.0,PaymentsForRepurchaseOfCommonStock
746515,EXPD,2015,261936000.0,PaymentsForRepurchaseOfCommonStock
746515,EXPD,2016,337658000.0,PaymentsForRepurchaseOfCommonStock
746515,EXPD,2017,337658000.0,PaymentsForRepurchaseOfCommonStock
746515,EXPD,2018,337658000.0,PaymentsForRepurchaseOfCommonStock
746515,EXPD,2019,478258000.0,PaymentsForRepurchaseOfCommonStock
746515,EXPD,2020,332387000.0,PaymentsForRepurchaseOfCommonStock
746515,EXPD,2021,332387000.0,PaymentsForRepurchaseOfCommonStock
746515,EXPD,2022,332387000.0,PaymentsForRepurchaseOfCommonStock
746515,EXPD,2023,514594000.0,PaymentsForRepurchaseOfCommonStock
746515,EXPD,2024,855061000.0,PaymentsForRepurchaseOfCommonStock
746515,EXPD,2025,855061000.0,PaymentsForRepurchaseOfCommonStock
749251,IT,2015,181736000.0,PaymentsForRepurchaseOfCommonStock
749251,IT,2016,58961000.0,PaymentsForRepurchaseOfCommonStock
749251,IT,2017,58961000.0,PaymentsForRepurchaseOfCommonStock
749251,IT,2018,58961000.0,PaymentsForRepurchaseOfCommonStock
749251,IT,2019,41272000.0,PaymentsForRepurchaseOfCommonStock
749251,IT,2020,176302000.0,PaymentsForRepurchaseOfCommonStock
749251,IT,2021,176302000.0,PaymentsForRepurchaseOfCommonStock
749251,IT,2022,176302000.0,PaymentsForRepurchaseOfCommonStock
749251,IT,2023,1655547000.0,PaymentsForRepurchaseOfCommonStock
749251,IT,2024,735358000.0,PaymentsForRepurchaseOfCommonStock
749251,IT,2025,735358000.0,PaymentsForRepurchaseOfCommonStock
759944,CFG,2015,334000000.0,PaymentsForRepurchaseOfCommonStock
759944,CFG,2016,430000000.0,PaymentsForRepurchaseOfCommonStock
759944,CFG,2018,430000000.0,PaymentsForRepurchaseOfCommonStock
759944,CFG,2019,820000000.0,PaymentsForRepurchaseOfCommonStock
759944,CFG,2020,270000000.0,PaymentsForRepurchaseOfCommonStock
759944,CFG,2021,270000000.0,PaymentsForRepurchaseOfCommonStock
759944,CFG,2022,270000000.0,PaymentsForRepurchaseOfCommonStock
759944,CFG,2023,295000000.0,PaymentsForRepurchaseOfCommonStock
759944,CFG,2024,1050000000.0,PaymentsForRepurchaseOfCommonStock
759944,CFG,2025,1050000000.0,PaymentsForRepurchaseOfCommonStock
764180,MO,2015,634000000.0,PaymentsForRepurchaseOfCommonStock
764180,MO,2016,1030000000.0,PaymentsForRepurchaseOfCommonStock
764180,MO,2017,1030000000.0,PaymentsForRepurchaseOfCommonStock
764180,MO,2018,1030000000.0,PaymentsForRepurchaseOfCommonStock
764180,MO,2019,2917000000.0,PaymentsForRepurchaseOfCommonStock
764180,MO,2020,1673000000.0,PaymentsForRepurchaseOfCommonStock
764180,MO,2021,845000000.0,PaymentsForRepurchaseOfCommonStock
764180,MO,2022,1675000000.0,PaymentsForRepurchaseOfCommonStock
764180,MO,2023,1675000000.0,PaymentsForRepurchaseOfCommonStock
764180,MO,2024,3400000000.0,PaymentsForRepurchaseOfCommonStock
764180,MO,2025,3400000000.0,PaymentsForRepurchaseOfCommonStock
764478,BBY,2015,122000000.0,PaymentsForRepurchaseOfCommonStock
764478,BBY,2016,1000000000.0,PaymentsForRepurchaseOfCommonStock
764478,BBY,2017,1000000000.0,PaymentsForRepurchaseOfCommonStock
764478,BBY,2018,2004000000.0,PaymentsForRepurchaseOfCommonStock
764478,BBY,2019,2004000000.0,PaymentsForRepurchaseOfCommonStock
764478,BBY,2020,1505000000.0,PaymentsForRepurchaseOfCommonStock
764478,BBY,2022,1003000000.0,PaymentsForRepurchaseOfCommonStock
764478,BBY,2023,312000000.0,PaymentsForRepurchaseOfCommonStock
764478,BBY,2024,340000000.0,PaymentsForRepurchaseOfCommonStock
764478,BBY,2025,340000000.0,PaymentsForRepurchaseOfCommonStock
764478,BBY,2026,340000000.0,PaymentsForRepurchaseOfCommonStock
764622,PNW,2024,2653000.0,PaymentsForRepurchaseOfCommonStock
765880,DOC,2015,12703000.0,PaymentsForRepurchaseOfCommonStock
765880,DOC,2016,8685000.0,PaymentsForRepurchaseOfCommonStock
765880,DOC,2017,8685000.0,PaymentsForRepurchaseOfCommonStock
765880,DOC,2018,8685000.0,PaymentsForRepurchaseOfCommonStock
765880,DOC,2019,4785000.0,PaymentsForRepurchaseOfCommonStock
765880,DOC,2020,10529000.0,PaymentsForRepurchaseOfCommonStock
765880,DOC,2021,10529000.0,PaymentsForRepurchaseOfCommonStock
765880,DOC,2022,10529000.0,PaymentsForRepurchaseOfCommonStock
765880,DOC,2023,12841000.0,PaymentsForRepurchaseOfCommonStock
765880,DOC,2024,190690000.0,PaymentsForRepurchaseOfCommonStock
765880,DOC,2025,190690000.0,PaymentsForRepurchaseOfCommonStock
766704,WELL,2020,7656000.0,PaymentsForRepurchaseOfCommonStock
766704,WELL,2021,7656000.0,PaymentsForRepurchaseOfCommonStock
766704,WELL,2022,7656000.0,PaymentsForRepurchaseOfCommonStock
769397,ADSK,2015,431200000.0,PaymentsForRepurchaseOfCommonStock
769397,ADSK,2016,423800000.0,PaymentsForRepurchaseOfCommonStock
769397,ADSK,2017,621700000.0,PaymentsForRepurchaseOfCommonStock
769397,ADSK,2018,621700000.0,PaymentsForRepurchaseOfCommonStock
769397,ADSK,2019,621700000.0,PaymentsForRepurchaseOfCommonStock
769397,ADSK,2020,699000000.0,PaymentsForRepurchaseOfCommonStock
769397,ADSK,2021,551700000.0,PaymentsForRepurchaseOfCommonStock
769397,ADSK,2022,551700000.0,PaymentsForRepurchaseOfCommonStock
769397,ADSK,2023,552000000.0,PaymentsForRepurchaseOfCommonStock
769397,ADSK,2024,1079000000.0,PaymentsForRepurchaseOfCommonStock
769397,ADSK,2025,852000000.0,PaymentsForRepurchaseOfCommonStock
769397,ADSK,2026,852000000.0,PaymentsForRepurchaseOfCommonStock
773840,HON,2015,1073000000.0,PaymentsForRepurchaseOfCommonStock
773840,HON,2016,2079000000.0,PaymentsForRepurchaseOfCommonStock
773840,HON,2017,2079000000.0,PaymentsForRepurchaseOfCommonStock
773840,HON,2018,2079000000.0,PaymentsForRepurchaseOfCommonStock
773840,HON,2019,2889000000.0,PaymentsForRepurchaseOfCommonStock
773840,HON,2020,3714000000.0,PaymentsForRepurchaseOfCommonStock
773840,HON,2022,3714000000.0,PaymentsForRepurchaseOfCommonStock
773840,HON,2023,3380000000.0,PaymentsForRepurchaseOfCommonStock
773840,HON,2024,1655000000.0,PaymentsForRepurchaseOfCommonStock
773840,HON,2025,1655000000.0,PaymentsForRepurchaseOfCommonStock
779152,JKHY,2015,58126000.0,PaymentsForRepurchaseOfCommonStock
779152,JKHY,2016,175662000.0,PaymentsForRepurchaseOfCommonStock
779152,JKHY,2017,175662000.0,PaymentsForRepurchaseOfCommonStock
779152,JKHY,2018,175662000.0,PaymentsForRepurchaseOfCommonStock
779152,JKHY,2019,130140000.0,PaymentsForRepurchaseOfCommonStock
779152,JKHY,2020,71549000.0,PaymentsForRepurchaseOfCommonStock
779152,JKHY,2021,71549000.0,PaymentsForRepurchaseOfCommonStock
779152,JKHY,2022,71549000.0,PaymentsForRepurchaseOfCommonStock
779152,JKHY,2023,431529000.0,PaymentsForRepurchaseOfCommonStock
779152,JKHY,2024,28055000.0,PaymentsForRepurchaseOfCommonStock
779152,JKHY,2025,28055000.0,PaymentsForRepurchaseOfCommonStock
779152,JKHY,2026,28055000.0,PaymentsForRepurchaseOfCommonStock
783325,WEC,2015,223400000.0,PaymentsForRepurchaseOfCommonStock
783325,WEC,2016,108000000.0,PaymentsForRepurchaseOfCommonStock
783325,WEC,2017,108000000.0,PaymentsForRepurchaseOfCommonStock
783325,WEC,2018,108000000.0,PaymentsForRepurchaseOfCommonStock
783325,WEC,2019,71300000.0,PaymentsForRepurchaseOfCommonStock
783325,WEC,2020,99200000.0,PaymentsForRepurchaseOfCommonStock
783325,WEC,2021,99200000.0,PaymentsForRepurchaseOfCommonStock
783325,WEC,2022,99200000.0,PaymentsForRepurchaseOfCommonStock
783325,WEC,2023,33100000.0,PaymentsForRepurchaseOfCommonStock
783325,WEC,2024,3200000.0,PaymentsForRepurchaseOfCommonStock
783325,WEC,2025,3200000.0,PaymentsForRepurchaseOfCommonStock
788784,PEG,2022,500000000.0,PaymentsForRepurchaseOfCommonStock
788784,PEG,2023,500000000.0,PaymentsForRepurchaseOfCommonStock
788784,PEG,2024,500000000.0,PaymentsForRepurchaseOfCommonStock
789019,MSFT,2015,5360000000.0,PaymentsForRepurchaseOfCommonStock
789019,MSFT,2016,15969000000.0,PaymentsForRepurchaseOfCommonStock
789019,MSFT,2017,15969000000.0,PaymentsForRepurchaseOfCommonStock
789019,MSFT,2018,15969000000.0,PaymentsForRepurchaseOfCommonStock
789019,MSFT,2019,11788000000.0,PaymentsForRepurchaseOfCommonStock
789019,MSFT,2020,22968000000.0,PaymentsForRepurchaseOfCommonStock
789019,MSFT,2021,22968000000.0,PaymentsForRepurchaseOfCommonStock
789019,MSFT,2022,22968000000.0,PaymentsForRepurchaseOfCommonStock
789019,MSFT,2023,27385000000.0,PaymentsForRepurchaseOfCommonStock
789019,MSFT,2024,17254000000.0,PaymentsForRepurchaseOfCommonStock
789019,MSFT,2025,17254000000.0,PaymentsForRepurchaseOfCommonStock
789019,MSFT,2026,17254000000.0,PaymentsForRepurchaseOfCommonStock
789570,MGM,2017,327500000.0,PaymentsForRepurchaseOfCommonStock
789570,MGM,2018,327500000.0,PaymentsForRepurchaseOfCommonStock
789570,MGM,2019,327500000.0,PaymentsForRepurchaseOfCommonStock
789570,MGM,2020,353720000.0,PaymentsForRepurchaseOfCommonStock
789570,MGM,2021,353720000.0,PaymentsForRepurchaseOfCommonStock
789570,MGM,2022,353720000.0,PaymentsForRepurchaseOfCommonStock
789570,MGM,2023,1753509000.0,PaymentsForRepurchaseOfCommonStock
789570,MGM,2024,1357890000.0,PaymentsForRepurchaseOfCommonStock
789570,MGM,2025,1357890000.0,PaymentsForRepurchaseOfCommonStock
796343,ADBE,2015,1100000000.0,PaymentsForRepurchaseOfCommonStock
796343,ADBE,2016,1075000000.0,PaymentsForRepurchaseOfCommonStock
796343,ADBE,2017,1075000000.0,PaymentsForRepurchaseOfCommonStock
796343,ADBE,2018,1075000000.0,PaymentsForRepurchaseOfCommonStock
796343,ADBE,2019,1100000000.0,PaymentsForRepurchaseOfCommonStock
796343,ADBE,2020,2050000000.0,PaymentsForRepurchaseOfCommonStock
796343,ADBE,2021,3950000000.0,PaymentsForRepurchaseOfCommonStock
796343,ADBE,2022,3950000000.0,PaymentsForRepurchaseOfCommonStock
796343,ADBE,2023,3950000000.0,PaymentsForRepurchaseOfCommonStock
796343,ADBE,2024,6550000000.0,PaymentsForRepurchaseOfCommonStock
796343,ADBE,2025,4400000000.0,PaymentsForRepurchaseOfCommonStock
797468,OXY,2015,943000000.0,PaymentsForRepurchaseOfCommonStock
797468,OXY,2016,22000000.0,PaymentsForRepurchaseOfCommonStock
797468,OXY,2017,22000000.0,PaymentsForRepurchaseOfCommonStock
797468,OXY,2018,22000000.0,PaymentsForRepurchaseOfCommonStock
797468,OXY,2019,25000000.0,PaymentsForRepurchaseOfCommonStock
797468,OXY,2020,12000000.0,PaymentsForRepurchaseOfCommonStock
797468,OXY,2021,12000000.0,PaymentsForRepurchaseOfCommonStock
797468,OXY,2022,12000000.0,PaymentsForRepurchaseOfCommonStock
797468,OXY,2023,8000000.0,PaymentsForRepurchaseOfCommonStock
797468,OXY,2024,27000000.0,PaymentsForRepurchaseOfCommonStock
797468,OXY,2025,27000000.0,PaymentsForRepurchaseOfCommonStock
798354,FISV,2015,578000000.0,PaymentsForRepurchaseOfCommonStock
798354,FISV,2016,1245000000.0,PaymentsForRepurchaseOfCommonStock
798354,FISV,2017,1245000000.0,PaymentsForRepurchaseOfCommonStock
798354,FISV,2018,1245000000.0,PaymentsForRepurchaseOfCommonStock
804328,QCOM,2015,4610000000.0,PaymentsForRepurchaseOfCommonStock
804328,QCOM,2016,4549000000.0,PaymentsForRepurchaseOfCommonStock
804328,QCOM,2017,11246000000.0,PaymentsForRepurchaseOfCommonStock
804328,QCOM,2018,22580000000.0,PaymentsForRepurchaseOfCommonStock
804328,QCOM,2019,22580000000.0,PaymentsForRepurchaseOfCommonStock
804328,QCOM,2020,22580000000.0,PaymentsForRepurchaseOfCommonStock
804328,QCOM,2021,1793000000.0,PaymentsForRepurchaseOfCommonStock
804328,QCOM,2022,2450000000.0,PaymentsForRepurchaseOfCommonStock
804328,QCOM,2023,3366000000.0,PaymentsForRepurchaseOfCommonStock
804328,QCOM,2024,4121000000.0,PaymentsForRepurchaseOfCommonStock
804328,QCOM,2025,4121000000.0,PaymentsForRepurchaseOfCommonStock
813672,CDNS,2015,100117000.0,PaymentsForRepurchaseOfCommonStock
813672,CDNS,2016,100117000.0,PaymentsForRepurchaseOfCommonStock
813672,CDNS,2017,333189000.0,PaymentsForRepurchaseOfCommonStock
813672,CDNS,2018,960289000.0,PaymentsForRepurchaseOfCommonStock
813672,CDNS,2019,100025000.0,PaymentsForRepurchaseOfCommonStock
813672,CDNS,2020,380064000.0,PaymentsForRepurchaseOfCommonStock
813672,CDNS,2021,380064000.0,PaymentsForRepurchaseOfCommonStock
813672,CDNS,2022,380064000.0,PaymentsForRepurchaseOfCommonStock
813672,CDNS,2023,700134000.0,PaymentsForRepurchaseOfCommonStock
813672,CDNS,2024,550026000.0,PaymentsForRepurchaseOfCommonStock
813672,CDNS,2025,550026000.0,PaymentsForRepurchaseOfCommonStock
814547,FICO,2015,82752000.0,PaymentsForRepurchaseOfCommonStock
814547,FICO,2016,138399000.0,PaymentsForRepurchaseOfCommonStock
814547,FICO,2017,138399000.0,PaymentsForRepurchaseOfCommonStock
814547,FICO,2018,138399000.0,PaymentsForRepurchaseOfCommonStock
814547,FICO,2019,235223000.0,PaymentsForRepurchaseOfCommonStock
814547,FICO,2021,235223000.0,PaymentsForRepurchaseOfCommonStock
814547,FICO,2022,235223000.0,PaymentsForRepurchaseOfCommonStock
814547,FICO,2023,874179000.0,PaymentsForRepurchaseOfCommonStock
814547,FICO,2024,821702000.0,PaymentsForRepurchaseOfCommonStock
814547,FICO,2025,821702000.0,PaymentsForRepurchaseOfCommonStock
815097,CCL,2015,138000000.0,PaymentsForRepurchaseOfCommonStock
815097,CCL,2016,2340000000.0,PaymentsForRepurchaseOfCommonStock
815097,CCL,2017,2340000000.0,PaymentsForRepurchaseOfCommonStock
815097,CCL,2018,2340000000.0,PaymentsForRepurchaseOfCommonStock
815097,CCL,2019,552000000.0,PaymentsForRepurchaseOfCommonStock
815097,CCL,2020,12000000.0,PaymentsForRepurchaseOfCommonStock
815097,CCL,2021,12000000.0,PaymentsForRepurchaseOfCommonStock
815097,CCL,2022,12000000.0,PaymentsForRepurchaseOfCommonStock
815556,FAST,2015,9080000.0,PaymentsForRepurchaseOfCommonStock
815556,FAST,2016,59440000.0,PaymentsForRepurchaseOfCommonStock
815556,FAST,2017,59500000.0,PaymentsForRepurchaseOfCommonStock
815556,FAST,2018,59500000.0,PaymentsForRepurchaseOfCommonStock
815556,FAST,2019,82600000.0,PaymentsForRepurchaseOfCommonStock
815556,FAST,2020,52000000.0,PaymentsForRepurchaseOfCommonStock
815556,FAST,2021,52000000.0,PaymentsForRepurchaseOfCommonStock
815556,FAST,2022,52000000.0,PaymentsForRepurchaseOfCommonStock
815556,FAST,2023,237800000.0,PaymentsForRepurchaseOfCommonStock
815556,FAST,2024,237800000.0,PaymentsForRepurchaseOfCommonStock
820027,AMP,2015,1583000000.0,PaymentsForRepurchaseOfCommonStock
820027,AMP,2016,1707000000.0,PaymentsForRepurchaseOfCommonStock
820027,AMP,2017,1707000000.0,PaymentsForRepurchaseOfCommonStock
820027,AMP,2018,1707000000.0,PaymentsForRepurchaseOfCommonStock
820027,AMP,2019,1485000000.0,PaymentsForRepurchaseOfCommonStock
820027,AMP,2020,1441000000.0,PaymentsForRepurchaseOfCommonStock
820027,AMP,2021,1441000000.0,PaymentsForRepurchaseOfCommonStock
820027,AMP,2022,1441000000.0,PaymentsForRepurchaseOfCommonStock
820027,AMP,2023,2030000000.0,PaymentsForRepurchaseOfCommonStock
820027,AMP,2024,2448000000.0,PaymentsForRepurchaseOfCommonStock
820027,AMP,2025,2448000000.0,PaymentsForRepurchaseOfCommonStock
820313,APH,2015,324700000.0,PaymentsForRepurchaseOfCommonStock
820313,APH,2016,325800000.0,PaymentsForRepurchaseOfCommonStock
820313,APH,2017,325800000.0,PaymentsForRepurchaseOfCommonStock
820313,APH,2018,325800000.0,PaymentsForRepurchaseOfCommonStock
820313,APH,2019,618000000.0,PaymentsForRepurchaseOfCommonStock
820313,APH,2020,641300000.0,PaymentsForRepurchaseOfCommonStock
820313,APH,2021,641300000.0,PaymentsForRepurchaseOfCommonStock
820313,APH,2022,641300000.0,PaymentsForRepurchaseOfCommonStock
820313,APH,2023,661700000.0,PaymentsForRepurchaseOfCommonStock
820313,APH,2024,689300000.0,PaymentsForRepurchaseOfCommonStock
820313,APH,2025,689300000.0,PaymentsForRepurchaseOfCommonStock
820318,COHR,2015,19978000.0,PaymentsForRepurchaseOfCommonStock
820318,COHR,2016,6284000.0,PaymentsForRepurchaseOfCommonStock
820318,COHR,2017,6284000.0,PaymentsForRepurchaseOfCommonStock
820318,COHR,2018,6284000.0,PaymentsForRepurchaseOfCommonStock
820318,COHR,2019,49875000.0,PaymentsForRepurchaseOfCommonStock
820318,COHR,2020,1625000.0,PaymentsForRepurchaseOfCommonStock
820318,COHR,2022,1625000.0,PaymentsForRepurchaseOfCommonStock
821189,EOG,2015,63784000.0,PaymentsForRepurchaseOfCommonStock
821189,EOG,2016,82125000.0,PaymentsForRepurchaseOfCommonStock
821189,EOG,2017,82125000.0,PaymentsForRepurchaseOfCommonStock
821189,EOG,2018,82125000.0,PaymentsForRepurchaseOfCommonStock
821189,EOG,2019,63408000.0,PaymentsForRepurchaseOfCommonStock
821189,EOG,2020,16130000.0,PaymentsForRepurchaseOfCommonStock
821189,EOG,2021,16000000.0,PaymentsForRepurchaseOfCommonStock
821189,EOG,2022,16000000.0,PaymentsForRepurchaseOfCommonStock
821189,EOG,2023,41000000.0,PaymentsForRepurchaseOfCommonStock
821189,EOG,2024,3246000000.0,PaymentsForRepurchaseOfCommonStock
821189,EOG,2025,3246000000.0,PaymentsForRepurchaseOfCommonStock
822416,PHM,2015,127661000.0,PaymentsForRepurchaseOfCommonStock
822416,PHM,2016,603206000.0,PaymentsForRepurchaseOfCommonStock
822416,PHM,2017,603206000.0,PaymentsForRepurchaseOfCommonStock
822416,PHM,2018,603206000.0,PaymentsForRepurchaseOfCommonStock
822416,PHM,2019,910331000.0,PaymentsForRepurchaseOfCommonStock
822416,PHM,2020,170676000.0,PaymentsForRepurchaseOfCommonStock
822416,PHM,2021,170676000.0,PaymentsForRepurchaseOfCommonStock
822416,PHM,2022,170676000.0,PaymentsForRepurchaseOfCommonStock
822416,PHM,2023,897303000.0,PaymentsForRepurchaseOfCommonStock
822416,PHM,2024,1199999000.0,PaymentsForRepurchaseOfCommonStock
822416,PHM,2025,1199999000.0,PaymentsForRepurchaseOfCommonStock
823768,WM,2015,239000000.0,PaymentsForRepurchaseOfCommonStock
823768,WM,2016,725000000.0,PaymentsForRepurchaseOfCommonStock
823768,WM,2017,725000000.0,PaymentsForRepurchaseOfCommonStock
823768,WM,2018,725000000.0,PaymentsForRepurchaseOfCommonStock
823768,WM,2019,750000000.0,PaymentsForRepurchaseOfCommonStock
823768,WM,2020,402000000.0,PaymentsForRepurchaseOfCommonStock
823768,WM,2021,402000000.0,PaymentsForRepurchaseOfCommonStock
823768,WM,2022,402000000.0,PaymentsForRepurchaseOfCommonStock
823768,WM,2023,1350000000.0,PaymentsForRepurchaseOfCommonStock
823768,WM,2024,262000000.0,PaymentsForRepurchaseOfCommonStock
823768,WM,2025,262000000.0,PaymentsForRepurchaseOfCommonStock
827052,EIX,2024,200000000.0,PaymentsForRepurchaseOfCommonStock
827052,EIX,2025,200000000.0,PaymentsForRepurchaseOfCommonStock
827054,MCHP,2016,363829000.0,PaymentsForRepurchaseOfCommonStock
827054,MCHP,2017,363829000.0,PaymentsForRepurchaseOfCommonStock
827054,MCHP,2018,363800000.0,PaymentsForRepurchaseOfCommonStock
827054,MCHP,2022,425600000.0,PaymentsForRepurchaseOfCommonStock
827054,MCHP,2023,425600000.0,PaymentsForRepurchaseOfCommonStock
827054,MCHP,2024,982100000.0,PaymentsForRepurchaseOfCommonStock
827054,MCHP,2025,982100000.0,PaymentsForRepurchaseOfCommonStock
827054,MCHP,2026,982100000.0,PaymentsForRepurchaseOfCommonStock
829224,SBUX,2015,588100000.0,PaymentsForRepurchaseOfCommonStock
829224,SBUX,2016,1995600000.0,PaymentsForRepurchaseOfCommonStock
829224,SBUX,2017,1995600000.0,PaymentsForRepurchaseOfCommonStock
829224,SBUX,2018,1995600000.0,PaymentsForRepurchaseOfCommonStock
829224,SBUX,2019,2042500000.0,PaymentsForRepurchaseOfCommonStock
829224,SBUX,2020,7133500000.0,PaymentsForRepurchaseOfCommonStock
829224,SBUX,2021,10222300000.0,PaymentsForRepurchaseOfCommonStock
829224,SBUX,2022,1698900000.0,PaymentsForRepurchaseOfCommonStock
829224,SBUX,2023,4013000000.0,PaymentsForRepurchaseOfCommonStock
829224,SBUX,2024,4013000000.0,PaymentsForRepurchaseOfCommonStock
829224,SBUX,2025,984400000.0,PaymentsForRepurchaseOfCommonStock
831001,C,2015,837000000.0,PaymentsForRepurchaseOfCommonStock
831001,C,2016,9290000000.0,PaymentsForRepurchaseOfCommonStock
831001,C,2017,9290000000.0,PaymentsForRepurchaseOfCommonStock
831001,C,2018,9290000000.0,PaymentsForRepurchaseOfCommonStock
831001,C,2019,14541000000.0,PaymentsForRepurchaseOfCommonStock
831001,C,2020,2925000000.0,PaymentsForRepurchaseOfCommonStock
831001,C,2021,2925000000.0,PaymentsForRepurchaseOfCommonStock
831001,C,2022,2925000000.0,PaymentsForRepurchaseOfCommonStock
831001,C,2023,7601000000.0,PaymentsForRepurchaseOfCommonStock
831001,C,2024,2474000000.0,PaymentsForRepurchaseOfCommonStock
831001,C,2025,2474000000.0,PaymentsForRepurchaseOfCommonStock
831259,FCX,2021,488000000.0,PaymentsForRepurchaseOfCommonStock
831259,FCX,2022,488000000.0,PaymentsForRepurchaseOfCommonStock
831259,FCX,2023,59000000.0,PaymentsForRepurchaseOfCommonStock
831259,FCX,2025,59000000.0,PaymentsForRepurchaseOfCommonStock
832101,IEX,2015,167503000.0,PaymentsForRepurchaseOfCommonStock
832101,IEX,2016,57272000.0,PaymentsForRepurchaseOfCommonStock
832101,IEX,2017,57272000.0,PaymentsForRepurchaseOfCommonStock
832101,IEX,2018,57272000.0,PaymentsForRepurchaseOfCommonStock
832101,IEX,2019,29074000.0,PaymentsForRepurchaseOfCommonStock
832101,IEX,2020,110342000.0,PaymentsForRepurchaseOfCommonStock
832101,IEX,2021,110300000.0,PaymentsForRepurchaseOfCommonStock
832101,IEX,2022,110300000.0,PaymentsForRepurchaseOfCommonStock
832101,IEX,2023,148100000.0,PaymentsForRepurchaseOfCommonStock
832101,IEX,2024,148100000.0,PaymentsForRepurchaseOfCommonStock
832101,IEX,2025,24200000.0,PaymentsForRepurchaseOfCommonStock
833444,JCI,2015,300000000.0,PaymentsForRepurchaseOfCommonStock
833444,JCI,2016,501000000.0,PaymentsForRepurchaseOfCommonStock
833444,JCI,2017,501000000.0,PaymentsForRepurchaseOfCommonStock
833444,JCI,2018,501000000.0,PaymentsForRepurchaseOfCommonStock
833444,JCI,2019,651000000.0,PaymentsForRepurchaseOfCommonStock
833444,JCI,2020,2204000000.0,PaymentsForRepurchaseOfCommonStock
833444,JCI,2021,2204000000.0,PaymentsForRepurchaseOfCommonStock
833444,JCI,2022,2204000000.0,PaymentsForRepurchaseOfCommonStock
833444,JCI,2023,1307000000.0,PaymentsForRepurchaseOfCommonStock
833444,JCI,2024,1246000000.0,PaymentsForRepurchaseOfCommonStock
833444,JCI,2025,1246000000.0,PaymentsForRepurchaseOfCommonStock
842023,TECH,2015,1821000.0,PaymentsForRepurchaseOfCommonStock
842023,TECH,2019,15405000.0,PaymentsForRepurchaseOfCommonStock
842023,TECH,2020,50112000.0,PaymentsForRepurchaseOfCommonStock
842023,TECH,2021,50112000.0,PaymentsForRepurchaseOfCommonStock
842023,TECH,2022,50112000.0,PaymentsForRepurchaseOfCommonStock
842023,TECH,2023,43178000.0,PaymentsForRepurchaseOfCommonStock
842023,TECH,2024,80042000.0,PaymentsForRepurchaseOfCommonStock
842023,TECH,2025,80042000.0,PaymentsForRepurchaseOfCommonStock
842023,TECH,2026,80042000.0,PaymentsForRepurchaseOfCommonStock
849395,CRH,2023,896000000.0,PaymentsForRepurchaseOfCommonStock
849395,CRH,2024,1482000000.0,PaymentsForRepurchaseOfCommonStock
849395,CRH,2025,1482000000.0,PaymentsForRepurchaseOfCommonStock
849399,GEN,2015,500000000.0,PaymentsForRepurchaseOfCommonStock
849399,GEN,2016,500000000.0,PaymentsForRepurchaseOfCommonStock
849399,GEN,2017,500000000.0,PaymentsForRepurchaseOfCommonStock
849399,GEN,2018,1868000000.0,PaymentsForRepurchaseOfCommonStock
849399,GEN,2019,500000000.0,PaymentsForRepurchaseOfCommonStock
849399,GEN,2020,1581000000.0,PaymentsForRepurchaseOfCommonStock
849399,GEN,2021,1581000000.0,PaymentsForRepurchaseOfCommonStock
849399,GEN,2022,1581000000.0,PaymentsForRepurchaseOfCommonStock
849399,GEN,2023,304000000.0,PaymentsForRepurchaseOfCommonStock
849399,GEN,2024,904000000.0,PaymentsForRepurchaseOfCommonStock
849399,GEN,2025,904000000.0,PaymentsForRepurchaseOfCommonStock
849399,GEN,2026,634000000.0,PaymentsForRepurchaseOfCommonStock
857005,PTC,2015,74871000.0,PaymentsForRepurchaseOfCommonStock
857005,PTC,2016,224915000.0,PaymentsForRepurchaseOfCommonStock
857005,PTC,2017,64940000.0,PaymentsForRepurchaseOfCommonStock
857005,PTC,2018,50991000.0,PaymentsForRepurchaseOfCommonStock
857005,PTC,2019,50991000.0,PaymentsForRepurchaseOfCommonStock
857005,PTC,2020,1100000000.0,PaymentsForRepurchaseOfCommonStock
857005,PTC,2021,114994000.0,PaymentsForRepurchaseOfCommonStock
857005,PTC,2022,30000000.0,PaymentsForRepurchaseOfCommonStock
857005,PTC,2023,30000000.0,PaymentsForRepurchaseOfCommonStock
857005,PTC,2024,125000000.0,PaymentsForRepurchaseOfCommonStock
857005,PTC,2025,299998000.0,PaymentsForRepurchaseOfCommonStock
858877,CSCO,2015,2773000000.0,PaymentsForRepurchaseOfCommonStock
858877,CSCO,2016,3909000000.0,PaymentsForRepurchaseOfCommonStock
858877,CSCO,2017,3909000000.0,PaymentsForRepurchaseOfCommonStock
858877,CSCO,2018,3909000000.0,PaymentsForRepurchaseOfCommonStock
858877,CSCO,2019,3685000000.0,PaymentsForRepurchaseOfCommonStock
858877,CSCO,2020,17547000000.0,PaymentsForRepurchaseOfCommonStock
858877,CSCO,2021,2877000000.0,PaymentsForRepurchaseOfCommonStock
858877,CSCO,2022,2877000000.0,PaymentsForRepurchaseOfCommonStock
858877,CSCO,2023,2877000000.0,PaymentsForRepurchaseOfCommonStock
858877,CSCO,2024,7689000000.0,PaymentsForRepurchaseOfCommonStock
858877,CSCO,2025,4293000000.0,PaymentsForRepurchaseOfCommonStock
858877,CSCO,2026,5787000000.0,PaymentsForRepurchaseOfCommonStock
860730,HCA,2015,500000000.0,PaymentsForRepurchaseOfCommonStock
860730,HCA,2016,2751000000.0,PaymentsForRepurchaseOfCommonStock
860730,HCA,2017,2751000000.0,PaymentsForRepurchaseOfCommonStock
860730,HCA,2018,2751000000.0,PaymentsForRepurchaseOfCommonStock
860730,HCA,2019,2051000000.0,PaymentsForRepurchaseOfCommonStock
860730,HCA,2020,441000000.0,PaymentsForRepurchaseOfCommonStock
860730,HCA,2021,441000000.0,PaymentsForRepurchaseOfCommonStock
860730,HCA,2022,441000000.0,PaymentsForRepurchaseOfCommonStock
860730,HCA,2023,8215000000.0,PaymentsForRepurchaseOfCommonStock
860730,HCA,2024,6042000000.0,PaymentsForRepurchaseOfCommonStock
860730,HCA,2025,6042000000.0,PaymentsForRepurchaseOfCommonStock
860731,TYL,2015,22817000.0,PaymentsForRepurchaseOfCommonStock
860731,TYL,2016,111838000.0,PaymentsForRepurchaseOfCommonStock
860731,TYL,2017,111838000.0,PaymentsForRepurchaseOfCommonStock
860731,TYL,2018,111838000.0,PaymentsForRepurchaseOfCommonStock
860731,TYL,2019,7474000.0,PaymentsForRepurchaseOfCommonStock
860731,TYL,2020,15484000.0,PaymentsForRepurchaseOfCommonStock
860731,TYL,2021,15484000.0,PaymentsForRepurchaseOfCommonStock
860731,TYL,2022,15484000.0,PaymentsForRepurchaseOfCommonStock
860731,TYL,2023,12977000.0,PaymentsForRepurchaseOfCommonStock
860731,TYL,2025,174650000.0,PaymentsForRepurchaseOfCommonStock
864749,TRMB,2015,97800000.0,PaymentsForRepurchaseOfCommonStock
864749,TRMB,2016,97800000.0,PaymentsForRepurchaseOfCommonStock
864749,TRMB,2017,234400000.0,PaymentsForRepurchaseOfCommonStock
864749,TRMB,2018,119500000.0,PaymentsForRepurchaseOfCommonStock
864749,TRMB,2019,179800000.0,PaymentsForRepurchaseOfCommonStock
864749,TRMB,2020,179800000.0,PaymentsForRepurchaseOfCommonStock
864749,TRMB,2021,179800000.0,PaymentsForRepurchaseOfCommonStock
864749,TRMB,2022,81600000.0,PaymentsForRepurchaseOfCommonStock
864749,TRMB,2023,180000000.0,PaymentsForRepurchaseOfCommonStock
864749,TRMB,2024,175000000.0,PaymentsForRepurchaseOfCommonStock
864749,TRMB,2025,175000000.0,PaymentsForRepurchaseOfCommonStock
865752,MNST,2015,67599000.0,PaymentsForRepurchaseOfCommonStock
865752,MNST,2016,2252437000.0,PaymentsForRepurchaseOfCommonStock
865752,MNST,2017,2252437000.0,PaymentsForRepurchaseOfCommonStock
865752,MNST,2018,2252437000.0,PaymentsForRepurchaseOfCommonStock
865752,MNST,2019,361178000.0,PaymentsForRepurchaseOfCommonStock
865752,MNST,2020,595918000.0,PaymentsForRepurchaseOfCommonStock
865752,MNST,2021,595918000.0,PaymentsForRepurchaseOfCommonStock
865752,MNST,2022,595918000.0,PaymentsForRepurchaseOfCommonStock
865752,MNST,2023,13830000.0,PaymentsForRepurchaseOfCommonStock
865752,MNST,2024,3771875000.0,PaymentsForRepurchaseOfCommonStock
865752,MNST,2025,3771875000.0,PaymentsForRepurchaseOfCommonStock
866374,FLEX,2015,322040000.0,PaymentsForRepurchaseOfCommonStock
866374,FLEX,2016,420317000.0,PaymentsForRepurchaseOfCommonStock
866374,FLEX,2017,420317000.0,PaymentsForRepurchaseOfCommonStock
866374,FLEX,2018,420317000.0,PaymentsForRepurchaseOfCommonStock
866374,FLEX,2019,349532000.0,PaymentsForRepurchaseOfCommonStock
866374,FLEX,2020,259912000.0,PaymentsForRepurchaseOfCommonStock
866374,FLEX,2021,260000000.0,PaymentsForRepurchaseOfCommonStock
866374,FLEX,2022,260000000.0,PaymentsForRepurchaseOfCommonStock
866374,FLEX,2023,183000000.0,PaymentsForRepurchaseOfCommonStock
866374,FLEX,2024,1298000000.0,PaymentsForRepurchaseOfCommonStock
866374,FLEX,2025,1298000000.0,PaymentsForRepurchaseOfCommonStock
866374,FLEX,2026,1298000000.0,PaymentsForRepurchaseOfCommonStock
866787,AZO,2015,1387315000.0,PaymentsForRepurchaseOfCommonStock
866787,AZO,2016,1099212000.0,PaymentsForRepurchaseOfCommonStock
866787,AZO,2017,1271416000.0,PaymentsForRepurchaseOfCommonStock
866787,AZO,2018,1452462000.0,PaymentsForRepurchaseOfCommonStock
866787,AZO,2019,2004896000.0,PaymentsForRepurchaseOfCommonStock
866787,AZO,2020,2004896000.0,PaymentsForRepurchaseOfCommonStock
866787,AZO,2021,2004896000.0,PaymentsForRepurchaseOfCommonStock
866787,AZO,2022,930903000.0,PaymentsForRepurchaseOfCommonStock
866787,AZO,2023,3378321000.0,PaymentsForRepurchaseOfCommonStock
866787,AZO,2024,3140917000.0,PaymentsForRepurchaseOfCommonStock
866787,AZO,2025,3140917000.0,PaymentsForRepurchaseOfCommonStock
872589,REGN,2018,4400000.0,PaymentsForRepurchaseOfCommonStock
872589,REGN,2019,4400000.0,PaymentsForRepurchaseOfCommonStock
872589,REGN,2020,5846800000.0,PaymentsForRepurchaseOfCommonStock
872589,REGN,2021,5846800000.0,PaymentsForRepurchaseOfCommonStock
872589,REGN,2022,5846800000.0,PaymentsForRepurchaseOfCommonStock
872589,REGN,2023,1645400000.0,PaymentsForRepurchaseOfCommonStock
872589,REGN,2024,2603300000.0,PaymentsForRepurchaseOfCommonStock
872589,REGN,2025,2603300000.0,PaymentsForRepurchaseOfCommonStock
874716,IDXX,2015,367761000.0,PaymentsForRepurchaseOfCommonStock
874716,IDXX,2016,304086000.0,PaymentsForRepurchaseOfCommonStock
874716,IDXX,2017,304086000.0,PaymentsForRepurchaseOfCommonStock
874716,IDXX,2018,304086000.0,PaymentsForRepurchaseOfCommonStock
874716,IDXX,2019,282565000.0,PaymentsForRepurchaseOfCommonStock
874716,IDXX,2020,182815000.0,PaymentsForRepurchaseOfCommonStock
874716,IDXX,2021,182815000.0,PaymentsForRepurchaseOfCommonStock
874716,IDXX,2022,182815000.0,PaymentsForRepurchaseOfCommonStock
874716,IDXX,2023,746777000.0,PaymentsForRepurchaseOfCommonStock
874716,IDXX,2024,837034000.0,PaymentsForRepurchaseOfCommonStock
874716,IDXX,2025,837034000.0,PaymentsForRepurchaseOfCommonStock
874761,AES,2015,322000000.0,PaymentsForRepurchaseOfCommonStock
874761,AES,2016,79000000.0,PaymentsForRepurchaseOfCommonStock
874761,AES,2017,79000000.0,PaymentsForRepurchaseOfCommonStock
874761,AES,2018,79000000.0,PaymentsForRepurchaseOfCommonStock
874766,HIG,2015,600000000.0,PaymentsForRepurchaseOfCommonStock
874766,HIG,2019,1028000000.0,PaymentsForRepurchaseOfCommonStock
874766,HIG,2020,150000000.0,PaymentsForRepurchaseOfCommonStock
874766,HIG,2021,150000000.0,PaymentsForRepurchaseOfCommonStock
874766,HIG,2022,150000000.0,PaymentsForRepurchaseOfCommonStock
874766,HIG,2023,1702000000.0,PaymentsForRepurchaseOfCommonStock
874766,HIG,2024,1514000000.0,PaymentsForRepurchaseOfCommonStock
874766,HIG,2025,1514000000.0,PaymentsForRepurchaseOfCommonStock
875045,BIIB,2015,400300000.0,PaymentsForRepurchaseOfCommonStock
875045,BIIB,2016,1000000000.0,PaymentsForRepurchaseOfCommonStock
875045,BIIB,2017,1000000000.0,PaymentsForRepurchaseOfCommonStock
875045,BIIB,2018,1000000000.0,PaymentsForRepurchaseOfCommonStock
875045,BIIB,2019,1365400000.0,PaymentsForRepurchaseOfCommonStock
875045,BIIB,2020,6679100000.0,PaymentsForRepurchaseOfCommonStock
875045,BIIB,2021,6679100000.0,PaymentsForRepurchaseOfCommonStock
875045,BIIB,2022,6679100000.0,PaymentsForRepurchaseOfCommonStock
875045,BIIB,2023,1800000000.0,PaymentsForRepurchaseOfCommonStock
875045,BIIB,2024,750000000.0,PaymentsForRepurchaseOfCommonStock
875320,VRTX,2018,350043000.0,PaymentsForRepurchaseOfCommonStock
875320,VRTX,2019,350043000.0,PaymentsForRepurchaseOfCommonStock
875320,VRTX,2020,539136000.0,PaymentsForRepurchaseOfCommonStock
875320,VRTX,2021,539100000.0,PaymentsForRepurchaseOfCommonStock
875320,VRTX,2022,539100000.0,PaymentsForRepurchaseOfCommonStock
875320,VRTX,2023,1425400000.0,PaymentsForRepurchaseOfCommonStock
875320,VRTX,2024,1177100000.0,PaymentsForRepurchaseOfCommonStock
875320,VRTX,2025,1177100000.0,PaymentsForRepurchaseOfCommonStock
877212,ZBRA,2015,63000000.0,PaymentsForRepurchaseOfCommonStock
877212,ZBRA,2019,47000000.0,PaymentsForRepurchaseOfCommonStock
877212,ZBRA,2020,200000000.0,PaymentsForRepurchaseOfCommonStock
877212,ZBRA,2021,200000000.0,PaymentsForRepurchaseOfCommonStock
877212,ZBRA,2022,200000000.0,PaymentsForRepurchaseOfCommonStock
877212,ZBRA,2023,57000000.0,PaymentsForRepurchaseOfCommonStock
877212,ZBRA,2024,47000000.0,PaymentsForRepurchaseOfCommonStock
877212,ZBRA,2025,47000000.0,PaymentsForRepurchaseOfCommonStock
878927,ODFL,2015,5532000.0,PaymentsForRepurchaseOfCommonStock
878927,ODFL,2016,130316000.0,PaymentsForRepurchaseOfCommonStock
878927,ODFL,2017,130316000.0,PaymentsForRepurchaseOfCommonStock
878927,ODFL,2018,130316000.0,PaymentsForRepurchaseOfCommonStock
878927,ODFL,2019,8013000.0,PaymentsForRepurchaseOfCommonStock
878927,ODFL,2020,364057000.0,PaymentsForRepurchaseOfCommonStock
878927,ODFL,2021,364057000.0,PaymentsForRepurchaseOfCommonStock
878927,ODFL,2022,364057000.0,PaymentsForRepurchaseOfCommonStock
878927,ODFL,2023,536465000.0,PaymentsForRepurchaseOfCommonStock
878927,ODFL,2024,967294000.0,PaymentsForRepurchaseOfCommonStock
878927,ODFL,2025,967294000.0,PaymentsForRepurchaseOfCommonStock
879101,KIM,2018,75126000.0,PaymentsForRepurchaseOfCommonStock
879101,KIM,2019,75126000.0,PaymentsForRepurchaseOfCommonStock
879101,KIM,2020,75126000.0,PaymentsForRepurchaseOfCommonStock
879101,KIM,2025,120329000.0,PaymentsForRepurchaseOfCommonStock
879169,INCY,2024,2004790000.0,PaymentsForRepurchaseOfCommonStock
879169,INCY,2025,2004790000.0,PaymentsForRepurchaseOfCommonStock
882095,GILD,2015,582000000.0,PaymentsForRepurchaseOfCommonStock
882095,GILD,2016,11001000000.0,PaymentsForRepurchaseOfCommonStock
882095,GILD,2017,11001000000.0,PaymentsForRepurchaseOfCommonStock
882095,GILD,2018,11001000000.0,PaymentsForRepurchaseOfCommonStock
882095,GILD,2019,954000000.0,PaymentsForRepurchaseOfCommonStock
882095,GILD,2020,1583000000.0,PaymentsForRepurchaseOfCommonStock
882095,GILD,2021,1583000000.0,PaymentsForRepurchaseOfCommonStock
882095,GILD,2022,1583000000.0,PaymentsForRepurchaseOfCommonStock
882095,GILD,2023,546000000.0,PaymentsForRepurchaseOfCommonStock
882095,GILD,2024,1150000000.0,PaymentsForRepurchaseOfCommonStock
882095,GILD,2025,1150000000.0,PaymentsForRepurchaseOfCommonStock
882184,DHI,2017,60600000.0,PaymentsForRepurchaseOfCommonStock
882184,DHI,2018,60600000.0,PaymentsForRepurchaseOfCommonStock
882184,DHI,2019,60600000.0,PaymentsForRepurchaseOfCommonStock
882184,DHI,2020,360400000.0,PaymentsForRepurchaseOfCommonStock
882184,DHI,2021,874000000.0,PaymentsForRepurchaseOfCommonStock
882184,DHI,2022,1100000000.0,PaymentsForRepurchaseOfCommonStock
882184,DHI,2023,1200000000.0,PaymentsForRepurchaseOfCommonStock
882184,DHI,2024,1800000000.0,PaymentsForRepurchaseOfCommonStock
882184,DHI,2025,4300000000.0,PaymentsForRepurchaseOfCommonStock
882835,ROP,2025,500000000.0,PaymentsForRepurchaseOfCommonStock
883241,SNPS,2015,145016000.0,PaymentsForRepurchaseOfCommonStock
883241,SNPS,2016,400000000.0,PaymentsForRepurchaseOfCommonStock
883241,SNPS,2017,400000000.0,PaymentsForRepurchaseOfCommonStock
883241,SNPS,2018,400000000.0,PaymentsForRepurchaseOfCommonStock
883241,SNPS,2019,380000000.0,PaymentsForRepurchaseOfCommonStock
883241,SNPS,2020,242078000.0,PaymentsForRepurchaseOfCommonStock
883241,SNPS,2021,242078000.0,PaymentsForRepurchaseOfCommonStock
883241,SNPS,2022,242078000.0,PaymentsForRepurchaseOfCommonStock
883241,SNPS,2023,753081000.0,PaymentsForRepurchaseOfCommonStock
883241,SNPS,2024,1100000000.0,PaymentsForRepurchaseOfCommonStock
883241,SNPS,2025,1160724000.0,PaymentsForRepurchaseOfCommonStock
884887,RCL,2016,299960000.0,PaymentsForRepurchaseOfCommonStock
884887,RCL,2017,299960000.0,PaymentsForRepurchaseOfCommonStock
884887,RCL,2018,299960000.0,PaymentsForRepurchaseOfCommonStock
884887,RCL,2019,224998000.0,PaymentsForRepurchaseOfCommonStock
884887,RCL,2020,575039000.0,PaymentsForRepurchaseOfCommonStock
884887,RCL,2021,99582000.0,PaymentsForRepurchaseOfCommonStock
884887,RCL,2025,1159000000.0,PaymentsForRepurchaseOfCommonStock
885725,BSX,2015,500000000.0,PaymentsForRepurchaseOfCommonStock
885725,BSX,2016,125000000.0,PaymentsForRepurchaseOfCommonStock
885725,BSX,2020,535000000.0,PaymentsForRepurchaseOfCommonStock
885725,BSX,2021,535000000.0,PaymentsForRepurchaseOfCommonStock
885725,BSX,2022,535000000.0,PaymentsForRepurchaseOfCommonStock
886982,GS,2015,6175000000.0,PaymentsForRepurchaseOfCommonStock
886982,GS,2016,6078000000.0,PaymentsForRepurchaseOfCommonStock
886982,GS,2017,6078000000.0,PaymentsForRepurchaseOfCommonStock
886982,GS,2018,6078000000.0,PaymentsForRepurchaseOfCommonStock
886982,GS,2019,6772000000.0,PaymentsForRepurchaseOfCommonStock
886982,GS,2020,1928000000.0,PaymentsForRepurchaseOfCommonStock
886982,GS,2021,1928000000.0,PaymentsForRepurchaseOfCommonStock
886982,GS,2022,1928000000.0,PaymentsForRepurchaseOfCommonStock
886982,GS,2023,5200000000.0,PaymentsForRepurchaseOfCommonStock
886982,GS,2024,8000000000.0,PaymentsForRepurchaseOfCommonStock
886982,GS,2025,8000000000.0,PaymentsForRepurchaseOfCommonStock
895126,EXE,2022,1073000000.0,PaymentsForRepurchaseOfCommonStock
895126,EXE,2023,1073000000.0,PaymentsForRepurchaseOfCommonStock
895126,EXE,2024,1073000000.0,PaymentsForRepurchaseOfCommonStock
895126,EXE,2025,355000000.0,PaymentsForRepurchaseOfCommonStock
896159,CB,2015,287000000.0,PaymentsForRepurchaseOfCommonStock
896159,CB,2016,1429000000.0,PaymentsForRepurchaseOfCommonStock
896159,CB,2017,758000000.0,PaymentsForRepurchaseOfCommonStock
896159,CB,2018,801000000.0,PaymentsForRepurchaseOfCommonStock
896159,CB,2019,801000000.0,PaymentsForRepurchaseOfCommonStock
896159,CB,2020,523000000.0,PaymentsForRepurchaseOfCommonStock
896159,CB,2021,523000000.0,PaymentsForRepurchaseOfCommonStock
896159,CB,2022,523000000.0,PaymentsForRepurchaseOfCommonStock
896159,CB,2023,4861000000.0,PaymentsForRepurchaseOfCommonStock
896159,CB,2024,1801000000.0,PaymentsForRepurchaseOfCommonStock
896159,CB,2025,1801000000.0,PaymentsForRepurchaseOfCommonStock
896878,INTU,2015,292000000.0,PaymentsForRepurchaseOfCommonStock
896878,INTU,2016,2264000000.0,PaymentsForRepurchaseOfCommonStock
896878,INTU,2017,2264000000.0,PaymentsForRepurchaseOfCommonStock
896878,INTU,2018,2264000000.0,PaymentsForRepurchaseOfCommonStock
896878,INTU,2019,839000000.0,PaymentsForRepurchaseOfCommonStock
896878,INTU,2020,323000000.0,PaymentsForRepurchaseOfCommonStock
896878,INTU,2021,323000000.0,PaymentsForRepurchaseOfCommonStock
896878,INTU,2022,323000000.0,PaymentsForRepurchaseOfCommonStock
896878,INTU,2023,1005000000.0,PaymentsForRepurchaseOfCommonStock
896878,INTU,2024,1988000000.0,PaymentsForRepurchaseOfCommonStock
896878,INTU,2025,1988000000.0,PaymentsForRepurchaseOfCommonStock
896878,INTU,2026,1988000000.0,PaymentsForRepurchaseOfCommonStock
898173,ORLY,2015,933028000.0,PaymentsForRepurchaseOfCommonStock
898173,ORLY,2016,1505437000.0,PaymentsForRepurchaseOfCommonStock
898173,ORLY,2017,1505437000.0,PaymentsForRepurchaseOfCommonStock
898173,ORLY,2018,1505437000.0,PaymentsForRepurchaseOfCommonStock
898173,ORLY,2019,2172530000.0,PaymentsForRepurchaseOfCommonStock
898173,ORLY,2020,2087194000.0,PaymentsForRepurchaseOfCommonStock
898173,ORLY,2021,2087194000.0,PaymentsForRepurchaseOfCommonStock
898173,ORLY,2022,2087194000.0,PaymentsForRepurchaseOfCommonStock
898173,ORLY,2023,2476048000.0,PaymentsForRepurchaseOfCommonStock
898173,ORLY,2024,2076529000.0,PaymentsForRepurchaseOfCommonStock
898173,ORLY,2025,2076529000.0,PaymentsForRepurchaseOfCommonStock
898293,JBL,2015,129262000.0,PaymentsForRepurchaseOfCommonStock
898293,JBL,2016,148340000.0,PaymentsForRepurchaseOfCommonStock
898293,JBL,2017,148340000.0,PaymentsForRepurchaseOfCommonStock
898293,JBL,2018,148340000.0,PaymentsForRepurchaseOfCommonStock
898293,JBL,2019,306640000.0,PaymentsForRepurchaseOfCommonStock
898293,JBL,2020,214510000.0,PaymentsForRepurchaseOfCommonStock
898293,JBL,2021,215000000.0,PaymentsForRepurchaseOfCommonStock
898293,JBL,2022,215000000.0,PaymentsForRepurchaseOfCommonStock
898293,JBL,2023,428000000.0,PaymentsForRepurchaseOfCommonStock
898293,JBL,2024,2500000000.0,PaymentsForRepurchaseOfCommonStock
898293,JBL,2025,2500000000.0,PaymentsForRepurchaseOfCommonStock
899051,ALL,2015,1834000000.0,PaymentsForRepurchaseOfCommonStock
899051,ALL,2016,1337000000.0,PaymentsForRepurchaseOfCommonStock
899051,ALL,2017,1337000000.0,PaymentsForRepurchaseOfCommonStock
899051,ALL,2018,1337000000.0,PaymentsForRepurchaseOfCommonStock
899051,ALL,2019,1495000000.0,PaymentsForRepurchaseOfCommonStock
899051,ALL,2020,1737000000.0,PaymentsForRepurchaseOfCommonStock
899051,ALL,2021,1737000000.0,PaymentsForRepurchaseOfCommonStock
899051,ALL,2022,1737000000.0,PaymentsForRepurchaseOfCommonStock
899051,ALL,2023,3120000000.0,PaymentsForRepurchaseOfCommonStock
899051,ALL,2024,2000000.0,PaymentsForRepurchaseOfCommonStock
899051,ALL,2025,2000000.0,PaymentsForRepurchaseOfCommonStock
900075,CPRT,2015,15009000.0,PaymentsForRepurchaseOfCommonStock
900075,CPRT,2016,457894000.0,PaymentsForRepurchaseOfCommonStock
900075,CPRT,2017,442855000.0,PaymentsForRepurchaseOfCommonStock
900075,CPRT,2018,442855000.0,PaymentsForRepurchaseOfCommonStock
900075,CPRT,2019,364997000.0,PaymentsForRepurchaseOfCommonStock
900075,CPRT,2020,364997000.0,PaymentsForRepurchaseOfCommonStock
900075,CPRT,2021,364997000.0,PaymentsForRepurchaseOfCommonStock
906107,VMRK,2015,1777000.0,PaymentsForRepurchaseOfCommonStock
906107,VMRK,2016,1777000.0,PaymentsForRepurchaseOfCommonStock
906107,VMRK,2023,49105000.0,PaymentsForRepurchaseOfCommonStock
906107,VMRK,2024,38474000.0,PaymentsForRepurchaseOfCommonStock
906107,VMRK,2025,38474000.0,PaymentsForRepurchaseOfCommonStock
906163,NVR,2015,554491000.0,PaymentsForRepurchaseOfCommonStock
906163,NVR,2016,455351000.0,PaymentsForRepurchaseOfCommonStock
906163,NVR,2017,455351000.0,PaymentsForRepurchaseOfCommonStock
906163,NVR,2018,455351000.0,PaymentsForRepurchaseOfCommonStock
906163,NVR,2019,422166000.0,PaymentsForRepurchaseOfCommonStock
906163,NVR,2020,371078000.0,PaymentsForRepurchaseOfCommonStock
906163,NVR,2021,371078000.0,PaymentsForRepurchaseOfCommonStock
906163,NVR,2022,371078000.0,PaymentsForRepurchaseOfCommonStock
906163,NVR,2023,1538019000.0,PaymentsForRepurchaseOfCommonStock
906163,NVR,2024,2057677000.0,PaymentsForRepurchaseOfCommonStock
906163,NVR,2025,2057677000.0,PaymentsForRepurchaseOfCommonStock
906345,CPT,2024,49997000.0,PaymentsForRepurchaseOfCommonStock
906345,CPT,2025,49997000.0,PaymentsForRepurchaseOfCommonStock
909832,COST,2015,36000000.0,PaymentsForRepurchaseOfCommonStock
909832,COST,2016,334000000.0,PaymentsForRepurchaseOfCommonStock
909832,COST,2017,469000000.0,PaymentsForRepurchaseOfCommonStock
909832,COST,2018,469000000.0,PaymentsForRepurchaseOfCommonStock
909832,COST,2020,328000000.0,PaymentsForRepurchaseOfCommonStock
909832,COST,2021,247000000.0,PaymentsForRepurchaseOfCommonStock
909832,COST,2022,196000000.0,PaymentsForRepurchaseOfCommonStock
909832,COST,2023,676000000.0,PaymentsForRepurchaseOfCommonStock
909832,COST,2024,676000000.0,PaymentsForRepurchaseOfCommonStock
909832,COST,2025,676000000.0,PaymentsForRepurchaseOfCommonStock
910521,DECK,2015,220695000.0,PaymentsForRepurchaseOfCommonStock
910521,DECK,2016,94200000.0,PaymentsForRepurchaseOfCommonStock
910521,DECK,2017,94200000.0,PaymentsForRepurchaseOfCommonStock
910521,DECK,2018,94200000.0,PaymentsForRepurchaseOfCommonStock
910521,DECK,2019,12572000.0,PaymentsForRepurchaseOfCommonStock
910521,DECK,2020,190405000.0,PaymentsForRepurchaseOfCommonStock
910521,DECK,2021,190405000.0,PaymentsForRepurchaseOfCommonStock
910521,DECK,2022,190405000.0,PaymentsForRepurchaseOfCommonStock
910521,DECK,2023,99147000.0,PaymentsForRepurchaseOfCommonStock
910521,DECK,2024,414931000.0,PaymentsForRepurchaseOfCommonStock
910521,DECK,2025,414931000.0,PaymentsForRepurchaseOfCommonStock
910521,DECK,2026,414931000.0,PaymentsForRepurchaseOfCommonStock
910606,REG,2019,213851000.0,PaymentsForRepurchaseOfCommonStock
910606,REG,2020,213851000.0,PaymentsForRepurchaseOfCommonStock
910606,REG,2021,32778000.0,PaymentsForRepurchaseOfCommonStock
910606,REG,2022,75419000.0,PaymentsForRepurchaseOfCommonStock
910606,REG,2023,75419000.0,PaymentsForRepurchaseOfCommonStock
910606,REG,2024,200066000.0,PaymentsForRepurchaseOfCommonStock
910606,REG,2025,200066000.0,PaymentsForRepurchaseOfCommonStock
912595,MAA,2025,27235000.0,PaymentsForRepurchaseOfCommonStock
914208,IVZ,2015,470500000.0,PaymentsForRepurchaseOfCommonStock
914208,IVZ,2016,535000000.0,PaymentsForRepurchaseOfCommonStock
914208,IVZ,2017,577000000.0,PaymentsForRepurchaseOfCommonStock
914208,IVZ,2018,535000000.0,PaymentsForRepurchaseOfCommonStock
914208,IVZ,2019,110800000.0,PaymentsForRepurchaseOfCommonStock
914208,IVZ,2020,110800000.0,PaymentsForRepurchaseOfCommonStock
914208,IVZ,2023,60900000.0,PaymentsForRepurchaseOfCommonStock
914208,IVZ,2024,79300000.0,PaymentsForRepurchaseOfCommonStock
914208,IVZ,2025,79300000.0,PaymentsForRepurchaseOfCommonStock
914208,IVZ,2021,47100000.0,PaymentsForRepurchaseOfEquity
914208,IVZ,2022,47100000.0,PaymentsForRepurchaseOfEquity
915913,ALB,2015,582298000.0,PaymentsForRepurchaseOfCommonStock
915913,ALB,2016,150000000.0,PaymentsForRepurchaseOfCommonStock
915913,ALB,2017,250000000.0,PaymentsForRepurchaseOfCommonStock
915913,ALB,2018,250000000.0,PaymentsForRepurchaseOfCommonStock
915913,ALB,2019,250000000.0,PaymentsForRepurchaseOfCommonStock
915913,ALB,2020,500000000.0,PaymentsForRepurchaseOfCommonStock
916076,MLM,2015,519962000.0,PaymentsForRepurchaseOfCommonStock
916076,MLM,2016,259228000.0,PaymentsForRepurchaseOfCommonStock
916076,MLM,2017,259228000.0,PaymentsForRepurchaseOfCommonStock
916076,MLM,2018,259228000.0,PaymentsForRepurchaseOfCommonStock
916076,MLM,2019,100000000.0,PaymentsForRepurchaseOfCommonStock
916076,MLM,2020,50000000.0,PaymentsForRepurchaseOfCommonStock
916076,MLM,2021,50000000.0,PaymentsForRepurchaseOfCommonStock
916076,MLM,2022,50000000.0,PaymentsForRepurchaseOfCommonStock
916076,MLM,2023,150000000.0,PaymentsForRepurchaseOfCommonStock
916076,MLM,2024,450000000.0,PaymentsForRepurchaseOfCommonStock
916076,MLM,2025,450000000.0,PaymentsForRepurchaseOfCommonStock
916365,TSCO,2015,129416000.0,PaymentsForRepurchaseOfCommonStock
916365,TSCO,2016,331708000.0,PaymentsForRepurchaseOfCommonStock
916365,TSCO,2017,331708000.0,PaymentsForRepurchaseOfCommonStock
916365,TSCO,2018,331708000.0,PaymentsForRepurchaseOfCommonStock
916365,TSCO,2019,369403000.0,PaymentsForRepurchaseOfCommonStock
916365,TSCO,2020,349776000.0,PaymentsForRepurchaseOfCommonStock
916365,TSCO,2021,533319000.0,PaymentsForRepurchaseOfCommonStock
916365,TSCO,2022,700063000.0,PaymentsForRepurchaseOfCommonStock
916365,TSCO,2023,700063000.0,PaymentsForRepurchaseOfCommonStock
916365,TSCO,2024,700063000.0,PaymentsForRepurchaseOfCommonStock
916365,TSCO,2025,594390000.0,PaymentsForRepurchaseOfCommonStock
920148,LH,2015,1015600000.0,PaymentsForRepurchaseOfCommonStock
920148,LH,2016,43900000.0,PaymentsForRepurchaseOfCommonStock
920148,LH,2017,43900000.0,PaymentsForRepurchaseOfCommonStock
920148,LH,2018,43900000.0,PaymentsForRepurchaseOfCommonStock
920148,LH,2019,338100000.0,PaymentsForRepurchaseOfCommonStock
920148,LH,2020,100000000.0,PaymentsForRepurchaseOfCommonStock
920148,LH,2021,100000000.0,PaymentsForRepurchaseOfCommonStock
920148,LH,2023,1668500000.0,PaymentsForRepurchaseOfCommonStock
920148,LH,2024,250100000.0,PaymentsForRepurchaseOfCommonStock
920148,LH,2025,250100000.0,PaymentsForRepurchaseOfCommonStock
920522,ESS,2016,1045000.0,PaymentsForRepurchaseOfCommonStock
920522,ESS,2017,1045000.0,PaymentsForRepurchaseOfCommonStock
920522,ESS,2018,1045000.0,PaymentsForRepurchaseOfCommonStock
920522,ESS,2019,51233000.0,PaymentsForRepurchaseOfCommonStock
920522,ESS,2020,269315000.0,PaymentsForRepurchaseOfCommonStock
920522,ESS,2021,269315000.0,PaymentsForRepurchaseOfCommonStock
920522,ESS,2022,269315000.0,PaymentsForRepurchaseOfCommonStock
920522,ESS,2023,9172000.0,PaymentsForRepurchaseOfCommonStock
920522,ESS,2024,189726000.0,PaymentsForRepurchaseOfCommonStock
920522,ESS,2025,95657000.0,PaymentsForRepurchaseOfCommonStock
920760,LEN,2015,12320000.0,PaymentsForRepurchaseOfCommonStock
920760,LEN,2016,19902000.0,PaymentsForRepurchaseOfCommonStock
920760,LEN,2017,19902000.0,PaymentsForRepurchaseOfCommonStock
920760,LEN,2018,19902000.0,PaymentsForRepurchaseOfCommonStock
920760,LEN,2019,27054000.0,PaymentsForRepurchaseOfCommonStock
920760,LEN,2020,321524000.0,PaymentsForRepurchaseOfCommonStock
920760,LEN,2021,321524000.0,PaymentsForRepurchaseOfCommonStock
920760,LEN,2022,321524000.0,PaymentsForRepurchaseOfCommonStock
920760,LEN,2023,1430212000.0,PaymentsForRepurchaseOfCommonStock
920760,LEN,2024,2256464000.0,PaymentsForRepurchaseOfCommonStock
920760,LEN,2025,2256464000.0,PaymentsForRepurchaseOfCommonStock
922224,PPL,2015,74000000.0,PaymentsForRepurchaseOfCommonStock
922224,PPL,2021,1003000000.0,PaymentsForRepurchaseOfCommonStock
922621,ERIE,2015,31721000.0,PaymentsForRepurchaseOfCommonStock
922621,ERIE,2016,19692000.0,PaymentsForRepurchaseOfCommonStock
927066,DVA,2015,549935000.0,PaymentsForRepurchaseOfCommonStock
927066,DVA,2016,1097822000.0,PaymentsForRepurchaseOfCommonStock
927066,DVA,2017,1097822000.0,PaymentsForRepurchaseOfCommonStock
927066,DVA,2018,1097822000.0,PaymentsForRepurchaseOfCommonStock
927066,DVA,2019,802949000.0,PaymentsForRepurchaseOfCommonStock
927066,DVA,2020,1458442000.0,PaymentsForRepurchaseOfCommonStock
927066,DVA,2021,1458442000.0,PaymentsForRepurchaseOfCommonStock
927066,DVA,2022,1458442000.0,PaymentsForRepurchaseOfCommonStock
927066,DVA,2023,1538626000.0,PaymentsForRepurchaseOfCommonStock
927066,DVA,2024,1385932000.0,PaymentsForRepurchaseOfCommonStock
927066,DVA,2025,1385932000.0,PaymentsForRepurchaseOfCommonStock
927628,COF,2015,1033000000.0,PaymentsForRepurchaseOfCommonStock
927628,COF,2017,3661000000.0,PaymentsForRepurchaseOfCommonStock
927628,COF,2018,3661000000.0,PaymentsForRepurchaseOfCommonStock
927628,COF,2019,240000000.0,PaymentsForRepurchaseOfCommonStock
927628,COF,2020,393000000.0,PaymentsForRepurchaseOfCommonStock
927628,COF,2021,393000000.0,PaymentsForRepurchaseOfCommonStock
927628,COF,2022,393000000.0,PaymentsForRepurchaseOfCommonStock
927628,COF,2023,7605000000.0,PaymentsForRepurchaseOfCommonStock
927628,COF,2024,734000000.0,PaymentsForRepurchaseOfCommonStock
927628,COF,2025,734000000.0,PaymentsForRepurchaseOfCommonStock
927653,MCK,2015,1214000000.0,PaymentsForRepurchaseOfCommonStock
927653,MCK,2016,1612000000.0,PaymentsForRepurchaseOfCommonStock
927653,MCK,2017,1612000000.0,PaymentsForRepurchaseOfCommonStock
927653,MCK,2018,1612000000.0,PaymentsForRepurchaseOfCommonStock
927653,MCK,2019,2311000000.0,PaymentsForRepurchaseOfCommonStock
927653,MCK,2020,1954000000.0,PaymentsForRepurchaseOfCommonStock
927653,MCK,2021,1954000000.0,PaymentsForRepurchaseOfCommonStock
927653,MCK,2022,1934000000.0,PaymentsForRepurchaseOfCommonStock
927653,MCK,2023,742000000.0,PaymentsForRepurchaseOfCommonStock
927653,MCK,2024,3025000000.0,PaymentsForRepurchaseOfCommonStock
927653,MCK,2025,3025000000.0,PaymentsForRepurchaseOfCommonStock
927653,MCK,2026,3025000000.0,PaymentsForRepurchaseOfCommonStock
935703,DLTR,2015,1112100000.0,PaymentsForRepurchaseOfCommonStock
935703,DLTR,2019,200000000.0,PaymentsForRepurchaseOfCommonStock
935703,DLTR,2020,200000000.0,PaymentsForRepurchaseOfCommonStock
935703,DLTR,2021,200000000.0,PaymentsForRepurchaseOfCommonStock
935703,DLTR,2022,400000000.0,PaymentsForRepurchaseOfCommonStock
935703,DLTR,2023,500000000.0,PaymentsForRepurchaseOfCommonStock
935703,DLTR,2024,500000000.0,PaymentsForRepurchaseOfCommonStock
935703,DLTR,2025,500000000.0,PaymentsForRepurchaseOfCommonStock
936340,DTE,2015,52000000.0,PaymentsForRepurchaseOfCommonStock
936340,DTE,2016,33000000.0,PaymentsForRepurchaseOfCommonStock
936340,DTE,2017,33000000.0,PaymentsForRepurchaseOfCommonStock
936340,DTE,2018,33000000.0,PaymentsForRepurchaseOfCommonStock
936340,DTE,2019,51000000.0,PaymentsForRepurchaseOfCommonStock
936340,DTE,2021,66000000.0,PaymentsForRepurchaseOfCommonStock
936340,DTE,2022,66000000.0,PaymentsForRepurchaseOfCommonStock
936340,DTE,2023,66000000.0,PaymentsForRepurchaseOfCommonStock
936340,DTE,2024,55000000.0,PaymentsForRepurchaseOfCommonStock
936395,CIEN,2018,110981000.0,PaymentsForRepurchaseOfCommonStock
936395,CIEN,2019,110981000.0,PaymentsForRepurchaseOfCommonStock
936395,CIEN,2020,110981000.0,PaymentsForRepurchaseOfCommonStock
936395,CIEN,2021,150076000.0,PaymentsForRepurchaseOfCommonStock
936395,CIEN,2022,74535000.0,PaymentsForRepurchaseOfCommonStock
936395,CIEN,2023,91288000.0,PaymentsForRepurchaseOfCommonStock
936395,CIEN,2024,254502000.0,PaymentsForRepurchaseOfCommonStock
936395,CIEN,2025,254502000.0,PaymentsForRepurchaseOfCommonStock
936468,LMT,2015,1762000000.0,PaymentsForRepurchaseOfCommonStock
936468,LMT,2016,2096000000.0,PaymentsForRepurchaseOfCommonStock
936468,LMT,2017,2096000000.0,PaymentsForRepurchaseOfCommonStock
936468,LMT,2018,2096000000.0,PaymentsForRepurchaseOfCommonStock
936468,LMT,2019,2001000000.0,PaymentsForRepurchaseOfCommonStock
936468,LMT,2020,1100000000.0,PaymentsForRepurchaseOfCommonStock
936468,LMT,2021,1100000000.0,PaymentsForRepurchaseOfCommonStock
936468,LMT,2022,1100000000.0,PaymentsForRepurchaseOfCommonStock
936468,LMT,2023,4087000000.0,PaymentsForRepurchaseOfCommonStock
936468,LMT,2024,3700000000.0,PaymentsForRepurchaseOfCommonStock
936468,LMT,2025,3700000000.0,PaymentsForRepurchaseOfCommonStock
940944,DRI,2015,502300000.0,PaymentsForRepurchaseOfCommonStock
940944,DRI,2016,502300000.0,PaymentsForRepurchaseOfCommonStock
940944,DRI,2017,502300000.0,PaymentsForRepurchaseOfCommonStock
940944,DRI,2018,184800000.0,PaymentsForRepurchaseOfCommonStock
940944,DRI,2019,230200000.0,PaymentsForRepurchaseOfCommonStock
940944,DRI,2020,330300000.0,PaymentsForRepurchaseOfCommonStock
940944,DRI,2021,330300000.0,PaymentsForRepurchaseOfCommonStock
940944,DRI,2022,330300000.0,PaymentsForRepurchaseOfCommonStock
940944,DRI,2023,45400000.0,PaymentsForRepurchaseOfCommonStock
940944,DRI,2024,1071300000.0,PaymentsForRepurchaseOfCommonStock
940944,DRI,2025,458700000.0,PaymentsForRepurchaseOfCommonStock
940944,DRI,2026,671700000.0,PaymentsForRepurchaseOfCommonStock
943452,WAB,2015,32998000.0,PaymentsForRepurchaseOfCommonStock
943452,WAB,2016,212176000.0,PaymentsForRepurchaseOfCommonStock
943452,WAB,2017,212176000.0,PaymentsForRepurchaseOfCommonStock
943452,WAB,2018,212176000.0,PaymentsForRepurchaseOfCommonStock
943452,WAB,2020,207200000.0,PaymentsForRepurchaseOfCommonStock
943452,WAB,2021,207000000.0,PaymentsForRepurchaseOfCommonStock
943452,WAB,2022,207000000.0,PaymentsForRepurchaseOfCommonStock
943452,WAB,2023,300000000.0,PaymentsForRepurchaseOfCommonStock
943452,WAB,2024,1097000000.0,PaymentsForRepurchaseOfCommonStock
943452,WAB,2025,1097000000.0,PaymentsForRepurchaseOfCommonStock
943819,RMD,2015,186258000.0,PaymentsForRepurchaseOfCommonStock
943819,RMD,2016,102058000.0,PaymentsForRepurchaseOfCommonStock
943819,RMD,2017,102058000.0,PaymentsForRepurchaseOfCommonStock
943819,RMD,2018,102058000.0,PaymentsForRepurchaseOfCommonStock
943819,RMD,2019,53801000.0,PaymentsForRepurchaseOfCommonStock
943819,RMD,2020,53801000.0,PaymentsForRepurchaseOfCommonStock
943819,RMD,2021,22844000.0,PaymentsForRepurchaseOfCommonStock
943819,RMD,2024,150011000.0,PaymentsForRepurchaseOfCommonStock
943819,RMD,2025,150011000.0,PaymentsForRepurchaseOfCommonStock
943819,RMD,2026,150011000.0,PaymentsForRepurchaseOfCommonStock
946581,TTWO,2015,276836000.0,PaymentsForRepurchaseOfCommonStock
946581,TTWO,2016,26552000.0,PaymentsForRepurchaseOfCommonStock
946581,TTWO,2017,26552000.0,PaymentsForRepurchaseOfCommonStock
946581,TTWO,2018,26552000.0,PaymentsForRepurchaseOfCommonStock
946581,TTWO,2019,154792000.0,PaymentsForRepurchaseOfCommonStock
946581,TTWO,2020,154792000.0,PaymentsForRepurchaseOfCommonStock
946581,TTWO,2021,362392000.0,PaymentsForRepurchaseOfCommonStock
946581,TTWO,2022,200012000.0,PaymentsForRepurchaseOfCommonStock
946581,TTWO,2023,200000000.0,PaymentsForRepurchaseOfCommonStock
946581,TTWO,2024,200000000.0,PaymentsForRepurchaseOfCommonStock
947484,ACGL,2015,57796000.0,PaymentsForRepurchaseOfCommonStock
947484,ACGL,2016,75256000.0,PaymentsForRepurchaseOfCommonStock
947484,ACGL,2017,75256000.0,PaymentsForRepurchaseOfCommonStock
947484,ACGL,2018,75256000.0,PaymentsForRepurchaseOfCommonStock
947484,ACGL,2019,282762000.0,PaymentsForRepurchaseOfCommonStock
947484,ACGL,2020,83472000.0,PaymentsForRepurchaseOfCommonStock
947484,ACGL,2022,83472000.0,PaymentsForRepurchaseOfCommonStock
947484,ACGL,2023,1234000000.0,PaymentsForRepurchaseOfCommonStock
947484,ACGL,2024,24000000.0,PaymentsForRepurchaseOfCommonStock
947484,ACGL,2025,24000000.0,PaymentsForRepurchaseOfCommonStock
1000228,HSIC,2015,300251000.0,PaymentsForRepurchaseOfCommonStock
1000228,HSIC,2016,550024000.0,PaymentsForRepurchaseOfCommonStock
1000228,HSIC,2017,550024000.0,PaymentsForRepurchaseOfCommonStock
1000228,HSIC,2018,550024000.0,PaymentsForRepurchaseOfCommonStock
1000228,HSIC,2019,450000000.0,PaymentsForRepurchaseOfCommonStock
1000228,HSIC,2020,200000000.0,PaymentsForRepurchaseOfCommonStock
1000228,HSIC,2021,525000000.0,PaymentsForRepurchaseOfCommonStock
1000228,HSIC,2022,485000000.0,PaymentsForRepurchaseOfCommonStock
1000228,HSIC,2023,485000000.0,PaymentsForRepurchaseOfCommonStock
1000228,HSIC,2024,485000000.0,PaymentsForRepurchaseOfCommonStock
1000228,HSIC,2025,250000000.0,PaymentsForRepurchaseOfCommonStock
1000697,WAT,2015,301580000.0,PaymentsForRepurchaseOfCommonStock
1000697,WAT,2016,325759000.0,PaymentsForRepurchaseOfCommonStock
1000697,WAT,2017,325759000.0,PaymentsForRepurchaseOfCommonStock
1000697,WAT,2018,325759000.0,PaymentsForRepurchaseOfCommonStock
1000697,WAT,2019,332544000.0,PaymentsForRepurchaseOfCommonStock
1000697,WAT,2020,196409000.0,PaymentsForRepurchaseOfCommonStock
1000697,WAT,2021,196409000.0,PaymentsForRepurchaseOfCommonStock
1000697,WAT,2022,196409000.0,PaymentsForRepurchaseOfCommonStock
1000697,WAT,2023,648930000.0,PaymentsForRepurchaseOfCommonStock
1000697,WAT,2024,13541000.0,PaymentsForRepurchaseOfCommonStock
1000697,WAT,2025,13541000.0,PaymentsForRepurchaseOfCommonStock
1001250,EL,2015,387700000.0,PaymentsForRepurchaseOfCommonStock
1001250,EL,2016,889900000.0,PaymentsForRepurchaseOfCommonStock
1001250,EL,2017,890000000.0,PaymentsForRepurchaseOfCommonStock
1001250,EL,2018,890000000.0,PaymentsForRepurchaseOfCommonStock
1001250,EL,2019,413000000.0,PaymentsForRepurchaseOfCommonStock
1001250,EL,2020,893000000.0,PaymentsForRepurchaseOfCommonStock
1001250,EL,2021,893000000.0,PaymentsForRepurchaseOfCommonStock
1001250,EL,2022,893000000.0,PaymentsForRepurchaseOfCommonStock
1001250,EL,2023,733000000.0,PaymentsForRepurchaseOfCommonStock
1001250,EL,2024,35000000.0,PaymentsForRepurchaseOfCommonStock
1001250,EL,2025,35000000.0,PaymentsForRepurchaseOfCommonStock
1001250,EL,2026,35000000.0,PaymentsForRepurchaseOfCommonStock
1002047,NTAP,2015,590000000.0,PaymentsForRepurchaseOfCommonStock
1002047,NTAP,2016,960000000.0,PaymentsForRepurchaseOfCommonStock
1002047,NTAP,2017,960000000.0,PaymentsForRepurchaseOfCommonStock
1002047,NTAP,2018,960000000.0,PaymentsForRepurchaseOfCommonStock
1002047,NTAP,2019,705000000.0,PaymentsForRepurchaseOfCommonStock
1002047,NTAP,2020,794000000.0,PaymentsForRepurchaseOfCommonStock
1002047,NTAP,2021,125000000.0,PaymentsForRepurchaseOfCommonStock
1002047,NTAP,2022,125000000.0,PaymentsForRepurchaseOfCommonStock
1002047,NTAP,2023,125000000.0,PaymentsForRepurchaseOfCommonStock
1002047,NTAP,2024,600000000.0,PaymentsForRepurchaseOfCommonStock
1002047,NTAP,2025,850000000.0,PaymentsForRepurchaseOfCommonStock
1002047,NTAP,2026,900000000.0,PaymentsForRepurchaseOfCommonStock
1002910,AEE,2018,51000000.0,PaymentsForRepurchaseOfCommonStock
1002910,AEE,2019,24000000.0,PaymentsForRepurchaseOfCommonStock
1013237,FDS,2015,332168000.0,PaymentsForRepurchaseOfCommonStock
1013237,FDS,2016,356828000.0,PaymentsForRepurchaseOfCommonStock
1013237,FDS,2017,356828000.0,PaymentsForRepurchaseOfCommonStock
1013237,FDS,2018,356828000.0,PaymentsForRepurchaseOfCommonStock
1013237,FDS,2019,260978000.0,PaymentsForRepurchaseOfCommonStock
1013237,FDS,2020,199625000.0,PaymentsForRepurchaseOfCommonStock
1013237,FDS,2021,199625000.0,PaymentsForRepurchaseOfCommonStock
1013237,FDS,2022,199625000.0,PaymentsForRepurchaseOfCommonStock
1013237,FDS,2023,264702000.0,PaymentsForRepurchaseOfCommonStock
1013237,FDS,2024,235235000.0,PaymentsForRepurchaseOfCommonStock
1013237,FDS,2025,235235000.0,PaymentsForRepurchaseOfCommonStock
1013871,NRG,2015,25000000.0,PaymentsForRepurchaseOfCommonStock
1013871,NRG,2016,39000000.0,PaymentsForRepurchaseOfCommonStock
1013871,NRG,2017,437000000.0,PaymentsForRepurchaseOfCommonStock
1013871,NRG,2018,1250000000.0,PaymentsForRepurchaseOfCommonStock
1013871,NRG,2019,1250000000.0,PaymentsForRepurchaseOfCommonStock
1013871,NRG,2020,229000000.0,PaymentsForRepurchaseOfCommonStock
1013871,NRG,2021,229000000.0,PaymentsForRepurchaseOfCommonStock
1013871,NRG,2022,229000000.0,PaymentsForRepurchaseOfCommonStock
1013871,NRG,2023,48000000.0,PaymentsForRepurchaseOfCommonStock
1013871,NRG,2024,935000000.0,PaymentsForRepurchaseOfCommonStock
1013871,NRG,2025,935000000.0,PaymentsForRepurchaseOfCommonStock
1014473,VRSN,2015,1035617000.0,PaymentsForRepurchaseOfCommonStock
1014473,VRSN,2016,662491000.0,PaymentsForRepurchaseOfCommonStock
1014473,VRSN,2017,662491000.0,PaymentsForRepurchaseOfCommonStock
1014473,VRSN,2018,662491000.0,PaymentsForRepurchaseOfCommonStock
1014473,VRSN,2019,621173000.0,PaymentsForRepurchaseOfCommonStock
1014473,VRSN,2020,777454000.0,PaymentsForRepurchaseOfCommonStock
1014473,VRSN,2021,777454000.0,PaymentsForRepurchaseOfCommonStock
1014473,VRSN,2022,777500000.0,PaymentsForRepurchaseOfCommonStock
1014473,VRSN,2023,722600000.0,PaymentsForRepurchaseOfCommonStock
1014473,VRSN,2024,1225600000.0,PaymentsForRepurchaseOfCommonStock
1014473,VRSN,2025,1225600000.0,PaymentsForRepurchaseOfCommonStock
1018724,AMZN,2022,6000000000.0,PaymentsForRepurchaseOfCommonStock
1018724,AMZN,2023,6000000000.0,PaymentsForRepurchaseOfCommonStock
1018724,AMZN,2024,6000000000.0,PaymentsForRepurchaseOfCommonStock
1022079,DGX,2015,1037000000.0,PaymentsForRepurchaseOfCommonStock
1022079,DGX,2016,590000000.0,PaymentsForRepurchaseOfCommonStock
1022079,DGX,2017,590000000.0,PaymentsForRepurchaseOfCommonStock
1022079,DGX,2018,590000000.0,PaymentsForRepurchaseOfCommonStock
1022079,DGX,2019,465000000.0,PaymentsForRepurchaseOfCommonStock
1022079,DGX,2020,325000000.0,PaymentsForRepurchaseOfCommonStock
1022079,DGX,2021,325000000.0,PaymentsForRepurchaseOfCommonStock
1022079,DGX,2022,325000000.0,PaymentsForRepurchaseOfCommonStock
1022079,DGX,2023,2199000000.0,PaymentsForRepurchaseOfCommonStock
1022079,DGX,2024,151000000.0,PaymentsForRepurchaseOfCommonStock
1022079,DGX,2025,151000000.0,PaymentsForRepurchaseOfCommonStock
1022671,STLD,2016,25034000.0,PaymentsForRepurchaseOfCommonStock
1022671,STLD,2017,25034000.0,PaymentsForRepurchaseOfCommonStock
1022671,STLD,2018,25034000.0,PaymentsForRepurchaseOfCommonStock
1022671,STLD,2019,252242000.0,PaymentsForRepurchaseOfCommonStock
1022671,STLD,2020,106529000.0,PaymentsForRepurchaseOfCommonStock
1022671,STLD,2021,106529000.0,PaymentsForRepurchaseOfCommonStock
1022671,STLD,2022,106529000.0,PaymentsForRepurchaseOfCommonStock
1022671,STLD,2023,1060632000.0,PaymentsForRepurchaseOfCommonStock
1022671,STLD,2024,1212164000.0,PaymentsForRepurchaseOfCommonStock
1022671,STLD,2025,1212164000.0,PaymentsForRepurchaseOfCommonStock
1024478,ROK,2015,402700000.0,PaymentsForRepurchaseOfCommonStock
1024478,ROK,2016,507600000.0,PaymentsForRepurchaseOfCommonStock
1024478,ROK,2017,507600000.0,PaymentsForRepurchaseOfCommonStock
1024478,ROK,2018,507600000.0,PaymentsForRepurchaseOfCommonStock
1024478,ROK,2019,342600000.0,PaymentsForRepurchaseOfCommonStock
1024478,ROK,2020,264200000.0,PaymentsForRepurchaseOfCommonStock
1024478,ROK,2021,264200000.0,PaymentsForRepurchaseOfCommonStock
1024478,ROK,2022,264200000.0,PaymentsForRepurchaseOfCommonStock
1024478,ROK,2023,299700000.0,PaymentsForRepurchaseOfCommonStock
1024478,ROK,2024,594900000.0,PaymentsForRepurchaseOfCommonStock
1024478,ROK,2025,595000000.0,PaymentsForRepurchaseOfCommonStock
1032208,SRE,2015,45000000.0,PaymentsForRepurchaseOfCommonStock
1032208,SRE,2016,56000000.0,PaymentsForRepurchaseOfCommonStock
1032208,SRE,2017,56000000.0,PaymentsForRepurchaseOfCommonStock
1032208,SRE,2018,56000000.0,PaymentsForRepurchaseOfCommonStock
1032208,SRE,2019,15000000.0,PaymentsForRepurchaseOfCommonStock
1032208,SRE,2020,566000000.0,PaymentsForRepurchaseOfCommonStock
1032208,SRE,2021,566000000.0,PaymentsForRepurchaseOfCommonStock
1032208,SRE,2022,566000000.0,PaymentsForRepurchaseOfCommonStock
1032208,SRE,2023,339000000.0,PaymentsForRepurchaseOfCommonStock
1032208,SRE,2024,43000000.0,PaymentsForRepurchaseOfCommonStock
1032208,SRE,2025,43000000.0,PaymentsForRepurchaseOfCommonStock
1034054,SBAC,2015,450073000.0,PaymentsForRepurchaseOfCommonStock
1034054,SBAC,2016,545689000.0,PaymentsForRepurchaseOfCommonStock
1034054,SBAC,2017,545689000.0,PaymentsForRepurchaseOfCommonStock
1034054,SBAC,2018,545689000.0,PaymentsForRepurchaseOfCommonStock
1034054,SBAC,2019,854534000.0,PaymentsForRepurchaseOfCommonStock
1034054,SBAC,2020,859335000.0,PaymentsForRepurchaseOfCommonStock
1034054,SBAC,2021,859335000.0,PaymentsForRepurchaseOfCommonStock
1034054,SBAC,2022,859335000.0,PaymentsForRepurchaseOfCommonStock
1034054,SBAC,2023,582578000.0,PaymentsForRepurchaseOfCommonStock
1034054,SBAC,2024,200019000.0,PaymentsForRepurchaseOfCommonStock
1034054,SBAC,2025,200019000.0,PaymentsForRepurchaseOfCommonStock
1035002,VLO,2015,928000000.0,PaymentsForRepurchaseOfCommonStock
1035002,VLO,2016,1336000000.0,PaymentsForRepurchaseOfCommonStock
1035002,VLO,2017,1336000000.0,PaymentsForRepurchaseOfCommonStock
1035002,VLO,2018,1336000000.0,PaymentsForRepurchaseOfCommonStock
1035002,VLO,2019,1372000000.0,PaymentsForRepurchaseOfCommonStock
1035002,VLO,2020,156000000.0,PaymentsForRepurchaseOfCommonStock
1035002,VLO,2021,156000000.0,PaymentsForRepurchaseOfCommonStock
1035002,VLO,2022,156000000.0,PaymentsForRepurchaseOfCommonStock
1035002,VLO,2023,27000000.0,PaymentsForRepurchaseOfCommonStock
1035002,VLO,2024,2875000000.0,PaymentsForRepurchaseOfCommonStock
1035002,VLO,2025,2875000000.0,PaymentsForRepurchaseOfCommonStock
1035267,ISRG,2015,1109200000.0,PaymentsForRepurchaseOfCommonStock
1035267,ISRG,2016,42500000.0,PaymentsForRepurchaseOfCommonStock
1035267,ISRG,2017,42500000.0,PaymentsForRepurchaseOfCommonStock
1035267,ISRG,2018,42500000.0,PaymentsForRepurchaseOfCommonStock
1035267,ISRG,2019,2274000000.0,PaymentsForRepurchaseOfCommonStock
1035267,ISRG,2020,134300000.0,PaymentsForRepurchaseOfCommonStock
1035267,ISRG,2021,134300000.0,PaymentsForRepurchaseOfCommonStock
1035267,ISRG,2022,134300000.0,PaymentsForRepurchaseOfCommonStock
1035267,ISRG,2023,2607400000.0,PaymentsForRepurchaseOfCommonStock
1035267,ISRG,2024,2607400000.0,PaymentsForRepurchaseOfCommonStock
1035267,ISRG,2025,416300000.0,PaymentsForRepurchaseOfCommonStock
1035443,ARE,2024,50107000.0,PaymentsForRepurchaseOfCommonStock
1035443,ARE,2025,50107000.0,PaymentsForRepurchaseOfCommonStock
1035983,FIX,2015,1832000.0,PaymentsForRepurchaseOfCommonStock
1035983,FIX,2016,13088000.0,PaymentsForRepurchaseOfCommonStock
1035983,FIX,2017,13088000.0,PaymentsForRepurchaseOfCommonStock
1035983,FIX,2018,13088000.0,PaymentsForRepurchaseOfCommonStock
1035983,FIX,2019,9007000.0,PaymentsForRepurchaseOfCommonStock
1035983,FIX,2020,30120000.0,PaymentsForRepurchaseOfCommonStock
1035983,FIX,2021,30120000.0,PaymentsForRepurchaseOfCommonStock
1035983,FIX,2022,30120000.0,PaymentsForRepurchaseOfCommonStock
1035983,FIX,2023,27054000.0,PaymentsForRepurchaseOfCommonStock
1035983,FIX,2024,57912000.0,PaymentsForRepurchaseOfCommonStock
1035983,FIX,2025,57912000.0,PaymentsForRepurchaseOfCommonStock
1037038,RL,2015,497000000.0,PaymentsForRepurchaseOfCommonStock
1037038,RL,2016,500000000.0,PaymentsForRepurchaseOfCommonStock
1037038,RL,2017,500400000.0,PaymentsForRepurchaseOfCommonStock
1037038,RL,2018,500400000.0,PaymentsForRepurchaseOfCommonStock
1037038,RL,2019,215200000.0,PaymentsForRepurchaseOfCommonStock
1037038,RL,2020,17100000.0,PaymentsForRepurchaseOfCommonStock
1037038,RL,2021,502600000.0,PaymentsForRepurchaseOfCommonStock
1037038,RL,2022,492600000.0,PaymentsForRepurchaseOfCommonStock
1037038,RL,2023,492600000.0,PaymentsForRepurchaseOfCommonStock
1037038,RL,2024,492600000.0,PaymentsForRepurchaseOfCommonStock
1037038,RL,2025,488600000.0,PaymentsForRepurchaseOfCommonStock
1037038,RL,2026,449700000.0,PaymentsForRepurchaseOfCommonStock
1037646,MTD,2019,399997000.0,PaymentsForRepurchaseOfCommonStock
1037646,MTD,2020,774998000.0,PaymentsForRepurchaseOfCommonStock
1037646,MTD,2021,774998000.0,PaymentsForRepurchaseOfCommonStock
1037646,MTD,2022,774998000.0,PaymentsForRepurchaseOfCommonStock
1037646,MTD,2023,999998000.0,PaymentsForRepurchaseOfCommonStock
1037646,MTD,2024,849997000.0,PaymentsForRepurchaseOfCommonStock
1037646,MTD,2025,849997000.0,PaymentsForRepurchaseOfCommonStock
1037868,AME,2015,8467000.0,PaymentsForRepurchaseOfCommonStock
1037868,AME,2016,336140000.0,PaymentsForRepurchaseOfCommonStock
1037868,AME,2017,336140000.0,PaymentsForRepurchaseOfCommonStock
1037868,AME,2018,336140000.0,PaymentsForRepurchaseOfCommonStock
1037868,AME,2019,6867000.0,PaymentsForRepurchaseOfCommonStock
1037868,AME,2020,4685000.0,PaymentsForRepurchaseOfCommonStock
1037868,AME,2021,4685000.0,PaymentsForRepurchaseOfCommonStock
1037868,AME,2022,4685000.0,PaymentsForRepurchaseOfCommonStock
1037868,AME,2023,14711000.0,PaymentsForRepurchaseOfCommonStock
1037868,AME,2024,212027000.0,PaymentsForRepurchaseOfCommonStock
1037868,AME,2025,212027000.0,PaymentsForRepurchaseOfCommonStock
1039684,OKE,2024,159000000.0,PaymentsForRepurchaseOfCommonStock
1039684,OKE,2025,159000000.0,PaymentsForRepurchaseOfCommonStock
1041061,YUM,2015,770000000.0,PaymentsForRepurchaseOfCommonStock
1041061,YUM,2019,1960000000.0,PaymentsForRepurchaseOfCommonStock
1041061,YUM,2020,239000000.0,PaymentsForRepurchaseOfCommonStock
1041061,YUM,2021,239000000.0,PaymentsForRepurchaseOfCommonStock
1041061,YUM,2022,239000000.0,PaymentsForRepurchaseOfCommonStock
1041061,YUM,2023,1591000000.0,PaymentsForRepurchaseOfCommonStock
1041061,YUM,2024,441000000.0,PaymentsForRepurchaseOfCommonStock
1041061,YUM,2025,441000000.0,PaymentsForRepurchaseOfCommonStock
1043277,CHRW,2015,757305000.0,PaymentsForRepurchaseOfCommonStock
1043277,CHRW,2016,172925000.0,PaymentsForRepurchaseOfCommonStock
1043277,CHRW,2017,172925000.0,PaymentsForRepurchaseOfCommonStock
1043277,CHRW,2018,172925000.0,PaymentsForRepurchaseOfCommonStock
1043277,CHRW,2019,185485000.0,PaymentsForRepurchaseOfCommonStock
1043277,CHRW,2020,177514000.0,PaymentsForRepurchaseOfCommonStock
1043277,CHRW,2021,177514000.0,PaymentsForRepurchaseOfCommonStock
1043277,CHRW,2022,177514000.0,PaymentsForRepurchaseOfCommonStock
1043277,CHRW,2023,581756000.0,PaymentsForRepurchaseOfCommonStock
1043277,CHRW,2024,1459900000.0,PaymentsForRepurchaseOfCommonStock
1043277,CHRW,2025,63884000.0,PaymentsForRepurchaseOfCommonStock
1045609,PLD,2020,34829000.0,PaymentsForRepurchaseOfEquity
1045609,PLD,2021,34829000.0,PaymentsForRepurchaseOfEquity
1045609,PLD,2022,34829000.0,PaymentsForRepurchaseOfEquity
1045810,NVDA,2015,100000000.0,PaymentsForRepurchaseOfCommonStock
1045810,NVDA,2016,587000000.0,PaymentsForRepurchaseOfCommonStock
1045810,NVDA,2017,587000000.0,PaymentsForRepurchaseOfCommonStock
1045810,NVDA,2018,587000000.0,PaymentsForRepurchaseOfCommonStock
1045810,NVDA,2019,739000000.0,PaymentsForRepurchaseOfCommonStock
1045810,NVDA,2020,909000000.0,PaymentsForRepurchaseOfCommonStock
1045810,NVDA,2021,1579000000.0,PaymentsForRepurchaseOfCommonStock
1045810,NVDA,2023,10039000000.0,PaymentsForRepurchaseOfCommonStock
1045810,NVDA,2024,10039000000.0,PaymentsForRepurchaseOfCommonStock
1045810,NVDA,2025,10039000000.0,PaymentsForRepurchaseOfCommonStock
1045810,NVDA,2026,9533000000.0,PaymentsForRepurchaseOfCommonStock
1047862,ED,2015,8000000.0,PaymentsForRepurchaseOfCommonStock
1047862,ED,2023,1000000000.0,PaymentsForRepurchaseOfCommonStock
1047862,ED,2024,1000000000.0,PaymentsForRepurchaseOfCommonStock
1047862,ED,2025,1000000000.0,PaymentsForRepurchaseOfCommonStock
1048286,MAR,2015,834000000.0,PaymentsForRepurchaseOfCommonStock
1048286,MAR,2016,568000000.0,PaymentsForRepurchaseOfCommonStock
1048286,MAR,2017,568000000.0,PaymentsForRepurchaseOfCommonStock
1048286,MAR,2018,568000000.0,PaymentsForRepurchaseOfCommonStock
1048286,MAR,2019,3013000000.0,PaymentsForRepurchaseOfCommonStock
1048286,MAR,2020,150000000.0,PaymentsForRepurchaseOfCommonStock
1048286,MAR,2021,150000000.0,PaymentsForRepurchaseOfCommonStock
1048286,MAR,2022,150000000.0,PaymentsForRepurchaseOfCommonStock
1048286,MAR,2023,2566000000.0,PaymentsForRepurchaseOfCommonStock
1048286,MAR,2024,3762000000.0,PaymentsForRepurchaseOfCommonStock
1048286,MAR,2025,3762000000.0,PaymentsForRepurchaseOfCommonStock
1048695,FFIV,2015,200000000.0,PaymentsForRepurchaseOfCommonStock
1048695,FFIV,2016,700124000.0,PaymentsForRepurchaseOfCommonStock
1048695,FFIV,2017,700124000.0,PaymentsForRepurchaseOfCommonStock
1048695,FFIV,2018,700124000.0,PaymentsForRepurchaseOfCommonStock
1048695,FFIV,2019,600090000.0,PaymentsForRepurchaseOfCommonStock
1048695,FFIV,2020,100016000.0,PaymentsForRepurchaseOfCommonStock
1048695,FFIV,2021,100016000.0,PaymentsForRepurchaseOfCommonStock
1048695,FFIV,2022,100016000.0,PaymentsForRepurchaseOfCommonStock
1048695,FFIV,2023,500000000.0,PaymentsForRepurchaseOfCommonStock
1048695,FFIV,2024,500558000.0,PaymentsForRepurchaseOfCommonStock
1048695,FFIV,2025,500558000.0,PaymentsForRepurchaseOfCommonStock
1048911,FDX,2015,246000000.0,PaymentsForRepurchaseOfCommonStock
1048911,FDX,2016,2722000000.0,PaymentsForRepurchaseOfCommonStock
1048911,FDX,2017,2722000000.0,PaymentsForRepurchaseOfCommonStock
1048911,FDX,2018,2722000000.0,PaymentsForRepurchaseOfCommonStock
1048911,FDX,2019,509000000.0,PaymentsForRepurchaseOfCommonStock
1048911,FDX,2020,3000000.0,PaymentsForRepurchaseOfCommonStock
1048911,FDX,2021,3000000.0,PaymentsForRepurchaseOfCommonStock
1048911,FDX,2022,3000000.0,PaymentsForRepurchaseOfCommonStock
1048911,FDX,2023,2248000000.0,PaymentsForRepurchaseOfCommonStock
1048911,FDX,2024,2500000000.0,PaymentsForRepurchaseOfCommonStock
1048911,FDX,2025,2500000000.0,PaymentsForRepurchaseOfCommonStock
1048911,FDX,2026,2500000000.0,PaymentsForRepurchaseOfCommonStock
1050915,PWR,2015,93482000.0,PaymentsForRepurchaseOfCommonStock
1050915,PWR,2016,93482000.0,PaymentsForRepurchaseOfCommonStock
1050915,PWR,2017,1606361000.0,PaymentsForRepurchaseOfCommonStock
1050915,PWR,2018,50000000.0,PaymentsForRepurchaseOfCommonStock
1050915,PWR,2019,50000000.0,PaymentsForRepurchaseOfCommonStock
1050915,PWR,2020,247249000.0,PaymentsForRepurchaseOfCommonStock
1050915,PWR,2021,247249000.0,PaymentsForRepurchaseOfCommonStock
1050915,PWR,2022,247249000.0,PaymentsForRepurchaseOfCommonStock
1050915,PWR,2023,66687000.0,PaymentsForRepurchaseOfCommonStock
1050915,PWR,2024,127762000.0,PaymentsForRepurchaseOfCommonStock
1050915,PWR,2025,350000.0,PaymentsForRepurchaseOfCommonStock
1051470,CCI,2015,99458000.0,PaymentsForRepurchaseOfCommonStock
1051470,CCI,2016,24936000.0,PaymentsForRepurchaseOfCommonStock
1051470,CCI,2017,24936000.0,PaymentsForRepurchaseOfCommonStock
1051470,CCI,2018,25000000.0,PaymentsForRepurchaseOfCommonStock
1051470,CCI,2020,76000000.0,PaymentsForRepurchaseOfCommonStock
1051470,CCI,2021,76000000.0,PaymentsForRepurchaseOfCommonStock
1051470,CCI,2022,76000000.0,PaymentsForRepurchaseOfCommonStock
1051470,CCI,2023,70000000.0,PaymentsForRepurchaseOfCommonStock
1053507,AMT,2015,145012000.0,PaymentsForRepurchaseOfCommonStock
1053507,AMT,2019,766300000.0,PaymentsForRepurchaseOfCommonStock
1053507,AMT,2020,56000000.0,PaymentsForRepurchaseOfCommonStock
1053507,AMT,2021,56000000.0,PaymentsForRepurchaseOfCommonStock
1053507,AMT,2022,56000000.0,PaymentsForRepurchaseOfCommonStock
1053507,AMT,2023,18800000.0,PaymentsForRepurchaseOfCommonStock
1053507,AMT,2024,18800000.0,PaymentsForRepurchaseOfCommonStock
1053507,AMT,2025,364600000.0,PaymentsForRepurchaseOfCommonStock
1057352,CSGP,2025,500000000.0,PaymentsForRepurchaseOfCommonStock
1058090,CMG,2015,138903000.0,PaymentsForRepurchaseOfCommonStock
1058090,CMG,2016,837655000.0,PaymentsForRepurchaseOfCommonStock
1058090,CMG,2017,837655000.0,PaymentsForRepurchaseOfCommonStock
1058090,CMG,2018,836760000.0,PaymentsForRepurchaseOfCommonStock
1058090,CMG,2019,285218000.0,PaymentsForRepurchaseOfCommonStock
1058090,CMG,2020,54401000.0,PaymentsForRepurchaseOfCommonStock
1058090,CMG,2021,54401000.0,PaymentsForRepurchaseOfCommonStock
1058090,CMG,2022,54401000.0,PaymentsForRepurchaseOfCommonStock
1058090,CMG,2023,466462000.0,PaymentsForRepurchaseOfCommonStock
1058090,CMG,2024,1001559000.0,PaymentsForRepurchaseOfCommonStock
1058090,CMG,2025,1001559000.0,PaymentsForRepurchaseOfCommonStock
1058290,CTSH,2015,179000000.0,PaymentsForRepurchaseOfCommonStock
1058290,CTSH,2016,512000000.0,PaymentsForRepurchaseOfCommonStock
1058290,CTSH,2017,512000000.0,PaymentsForRepurchaseOfCommonStock
1058290,CTSH,2018,512000000.0,PaymentsForRepurchaseOfCommonStock
1058290,CTSH,2019,1889000000.0,PaymentsForRepurchaseOfCommonStock
1058290,CTSH,2020,1621000000.0,PaymentsForRepurchaseOfCommonStock
1058290,CTSH,2021,1621000000.0,PaymentsForRepurchaseOfCommonStock
1058290,CTSH,2022,1621000000.0,PaymentsForRepurchaseOfCommonStock
1058290,CTSH,2023,771000000.0,PaymentsForRepurchaseOfCommonStock
1058290,CTSH,2024,605000000.0,PaymentsForRepurchaseOfCommonStock
1058290,CTSH,2025,605000000.0,PaymentsForRepurchaseOfCommonStock
1059556,MCO,2015,893100000.0,PaymentsForRepurchaseOfCommonStock
1059556,MCO,2016,738800000.0,PaymentsForRepurchaseOfCommonStock
1059556,MCO,2017,738800000.0,PaymentsForRepurchaseOfCommonStock
1059556,MCO,2018,738800000.0,PaymentsForRepurchaseOfCommonStock
1059556,MCO,2019,200000000.0,PaymentsForRepurchaseOfCommonStock
1059556,MCO,2020,503000000.0,PaymentsForRepurchaseOfCommonStock
1059556,MCO,2021,503000000.0,PaymentsForRepurchaseOfCommonStock
1059556,MCO,2022,503000000.0,PaymentsForRepurchaseOfCommonStock
1059556,MCO,2023,750000000.0,PaymentsForRepurchaseOfCommonStock
1059556,MCO,2024,1292000000.0,PaymentsForRepurchaseOfCommonStock
1059556,MCO,2025,1292000000.0,PaymentsForRepurchaseOfCommonStock
1060391,RSG,2015,403800000.0,PaymentsForRepurchaseOfCommonStock
1060391,RSG,2017,403800000.0,PaymentsForRepurchaseOfCommonStock
1060391,RSG,2018,403800000.0,PaymentsForRepurchaseOfCommonStock
1060391,RSG,2019,610700000.0,PaymentsForRepurchaseOfCommonStock
1060391,RSG,2020,98800000.0,PaymentsForRepurchaseOfCommonStock
1060391,RSG,2021,98800000.0,PaymentsForRepurchaseOfCommonStock
1060391,RSG,2022,98800000.0,PaymentsForRepurchaseOfCommonStock
1060391,RSG,2023,252200000.0,PaymentsForRepurchaseOfCommonStock
1060391,RSG,2024,482000000.0,PaymentsForRepurchaseOfCommonStock
1060391,RSG,2025,482000000.0,PaymentsForRepurchaseOfCommonStock
1063761,SPG,2018,255267000.0,PaymentsForRepurchaseOfCommonStock
1063761,SPG,2019,407002000.0,PaymentsForRepurchaseOfCommonStock
1063761,SPG,2020,152589000.0,PaymentsForRepurchaseOfCommonStock
1063761,SPG,2021,152589000.0,PaymentsForRepurchaseOfCommonStock
1063761,SPG,2022,152589000.0,PaymentsForRepurchaseOfCommonStock
1063761,SPG,2023,180387000.0,PaymentsForRepurchaseOfCommonStock
1063761,SPG,2024,180387000.0,PaymentsForRepurchaseOfCommonStock
1063761,SPG,2025,140593000.0,PaymentsForRepurchaseOfCommonStock
1065088,EBAY,2015,1343000000.0,PaymentsForRepurchaseOfCommonStock
1065088,EBAY,2016,2943000000.0,PaymentsForRepurchaseOfCommonStock
1065088,EBAY,2017,2943000000.0,PaymentsForRepurchaseOfCommonStock
1065088,EBAY,2018,2943000000.0,PaymentsForRepurchaseOfCommonStock
1065088,EBAY,2019,2746000000.0,PaymentsForRepurchaseOfCommonStock
1065088,EBAY,2020,5137000000.0,PaymentsForRepurchaseOfCommonStock
1065088,EBAY,2021,5137000000.0,PaymentsForRepurchaseOfCommonStock
1065088,EBAY,2022,5137000000.0,PaymentsForRepurchaseOfCommonStock
1065088,EBAY,2023,7055000000.0,PaymentsForRepurchaseOfCommonStock
1065088,EBAY,2024,3149000000.0,PaymentsForRepurchaseOfCommonStock
1065088,EBAY,2025,3149000000.0,PaymentsForRepurchaseOfCommonStock
1065280,NFLX,2021,600022000.0,PaymentsForRepurchaseOfCommonStock
1065280,NFLX,2022,600022000.0,PaymentsForRepurchaseOfCommonStock
1065280,NFLX,2023,600022000.0,PaymentsForRepurchaseOfCommonStock
1065280,NFLX,2024,6263746000.0,PaymentsForRepurchaseOfCommonStock
1065280,NFLX,2025,6263746000.0,PaymentsForRepurchaseOfCommonStock
1067701,URI,2015,115000000.0,PaymentsForRepurchaseOfCommonStock
1067701,URI,2016,528000000.0,PaymentsForRepurchaseOfCommonStock
1067701,URI,2017,528000000.0,PaymentsForRepurchaseOfCommonStock
1067701,URI,2018,528000000.0,PaymentsForRepurchaseOfCommonStock
1067701,URI,2019,56000000.0,PaymentsForRepurchaseOfCommonStock
1067701,URI,2020,286000000.0,PaymentsForRepurchaseOfCommonStock
1067701,URI,2021,286000000.0,PaymentsForRepurchaseOfCommonStock
1067701,URI,2022,286000000.0,PaymentsForRepurchaseOfCommonStock
1067701,URI,2023,34000000.0,PaymentsForRepurchaseOfCommonStock
1067701,URI,2024,1571000000.0,PaymentsForRepurchaseOfCommonStock
1067701,URI,2025,1571000000.0,PaymentsForRepurchaseOfCommonStock
1067983,BRK-B,2018,1346000000.0,PaymentsForRepurchaseOfCommonStock
1067983,BRK-B,2019,1346000000.0,PaymentsForRepurchaseOfCommonStock
1067983,BRK-B,2020,24706000000.0,PaymentsForRepurchaseOfCommonStock
1067983,BRK-B,2021,24706000000.0,PaymentsForRepurchaseOfCommonStock
1067983,BRK-B,2022,24706000000.0,PaymentsForRepurchaseOfCommonStock
1067983,BRK-B,2023,27061000000.0,PaymentsForRepurchaseOfCommonStock
1067983,BRK-B,2024,2918000000.0,PaymentsForRepurchaseOfCommonStock
1067983,BRK-B,2025,2918000000.0,PaymentsForRepurchaseOfCommonStock
1069183,AXON,2015,25000000.0,PaymentsForRepurchaseOfCommonStock
1069183,AXON,2016,33746000.0,PaymentsForRepurchaseOfCommonStock
1069183,AXON,2017,33746000.0,PaymentsForRepurchaseOfCommonStock
1069183,AXON,2018,33746000.0,PaymentsForRepurchaseOfCommonStock
1069202,LII,2015,125000000.0,PaymentsForRepurchaseOfCommonStock
1069202,LII,2016,300000000.0,PaymentsForRepurchaseOfCommonStock
1069202,LII,2017,300000000.0,PaymentsForRepurchaseOfCommonStock
1069202,LII,2018,300000000.0,PaymentsForRepurchaseOfCommonStock
1069202,LII,2019,250000000.0,PaymentsForRepurchaseOfCommonStock
1069202,LII,2020,100000000.0,PaymentsForRepurchaseOfCommonStock
1069202,LII,2021,100000000.0,PaymentsForRepurchaseOfCommonStock
1069202,LII,2022,100000000.0,PaymentsForRepurchaseOfCommonStock
1069202,LII,2023,600000000.0,PaymentsForRepurchaseOfCommonStock
1069202,LII,2024,53600000.0,PaymentsForRepurchaseOfCommonStock
1069202,LII,2025,53600000.0,PaymentsForRepurchaseOfCommonStock
1070750,HST,2015,675000000.0,PaymentsForRepurchaseOfCommonStock
1070750,HST,2016,218000000.0,PaymentsForRepurchaseOfCommonStock
1070750,HST,2017,218000000.0,PaymentsForRepurchaseOfCommonStock
1070750,HST,2018,218000000.0,PaymentsForRepurchaseOfCommonStock
1070750,HST,2019,482000000.0,PaymentsForRepurchaseOfCommonStock
1070750,HST,2020,147000000.0,PaymentsForRepurchaseOfCommonStock
1070750,HST,2021,147000000.0,PaymentsForRepurchaseOfCommonStock
1070750,HST,2022,147000000.0,PaymentsForRepurchaseOfCommonStock
1070750,HST,2023,27000000.0,PaymentsForRepurchaseOfCommonStock
1070750,HST,2024,107000000.0,PaymentsForRepurchaseOfCommonStock
1070750,HST,2025,107000000.0,PaymentsForRepurchaseOfCommonStock
1071739,CNC,2015,19000000.0,PaymentsForRepurchaseOfCommonStock
1071739,CNC,2016,63000000.0,PaymentsForRepurchaseOfCommonStock
1071739,CNC,2017,63000000.0,PaymentsForRepurchaseOfCommonStock
1071739,CNC,2018,63000000.0,PaymentsForRepurchaseOfCommonStock
1071739,CNC,2019,65000000.0,PaymentsForRepurchaseOfCommonStock
1071739,CNC,2020,626000000.0,PaymentsForRepurchaseOfCommonStock
1071739,CNC,2021,626000000.0,PaymentsForRepurchaseOfCommonStock
1071739,CNC,2022,626000000.0,PaymentsForRepurchaseOfCommonStock
1071739,CNC,2023,297000000.0,PaymentsForRepurchaseOfCommonStock
1071739,CNC,2024,3124000000.0,PaymentsForRepurchaseOfCommonStock
1071739,CNC,2025,3124000000.0,PaymentsForRepurchaseOfCommonStock
1075531,BKNG,2015,883515000.0,PaymentsForRepurchaseOfCommonStock
1075531,BKNG,2016,1013526000.0,PaymentsForRepurchaseOfCommonStock
1075531,BKNG,2017,1011574000.0,PaymentsForRepurchaseOfCommonStock
1075531,BKNG,2018,1012000000.0,PaymentsForRepurchaseOfCommonStock
1075531,BKNG,2019,1828000000.0,PaymentsForRepurchaseOfCommonStock
1075531,BKNG,2020,1303000000.0,PaymentsForRepurchaseOfCommonStock
1075531,BKNG,2021,1303000000.0,PaymentsForRepurchaseOfCommonStock
1075531,BKNG,2022,1303000000.0,PaymentsForRepurchaseOfCommonStock
1075531,BKNG,2023,163000000.0,PaymentsForRepurchaseOfCommonStock
1075531,BKNG,2024,6509000000.0,PaymentsForRepurchaseOfCommonStock
1075531,BKNG,2025,6509000000.0,PaymentsForRepurchaseOfCommonStock
1086222,AKAM,2015,160419000.0,PaymentsForRepurchaseOfCommonStock
1086222,AKAM,2016,373794000.0,PaymentsForRepurchaseOfCommonStock
1086222,AKAM,2017,373794000.0,PaymentsForRepurchaseOfCommonStock
1086222,AKAM,2018,373794000.0,PaymentsForRepurchaseOfCommonStock
1086222,AKAM,2019,361194000.0,PaymentsForRepurchaseOfCommonStock
1086222,AKAM,2020,193588000.0,PaymentsForRepurchaseOfCommonStock
1086222,AKAM,2021,193588000.0,PaymentsForRepurchaseOfCommonStock
1086222,AKAM,2022,193588000.0,PaymentsForRepurchaseOfCommonStock
1086222,AKAM,2023,522255000.0,PaymentsForRepurchaseOfCommonStock
1086222,AKAM,2024,557468000.0,PaymentsForRepurchaseOfCommonStock
1086222,AKAM,2025,557468000.0,PaymentsForRepurchaseOfCommonStock
1090012,DVN,2018,2956000000.0,PaymentsForRepurchaseOfCommonStock
1090012,DVN,2019,2956000000.0,PaymentsForRepurchaseOfCommonStock
1090012,DVN,2020,38000000.0,PaymentsForRepurchaseOfCommonStock
1090012,DVN,2021,38000000.0,PaymentsForRepurchaseOfCommonStock
1090012,DVN,2022,38000000.0,PaymentsForRepurchaseOfCommonStock
1090012,DVN,2023,589000000.0,PaymentsForRepurchaseOfCommonStock
1090012,DVN,2024,1057000000.0,PaymentsForRepurchaseOfCommonStock
1090012,DVN,2025,1057000000.0,PaymentsForRepurchaseOfCommonStock
1090727,UPS,2015,3838000000.0,PaymentsForRepurchaseOfCommonStock
1090727,UPS,2016,2678000000.0,PaymentsForRepurchaseOfCommonStock
1090727,UPS,2017,2678000000.0,PaymentsForRepurchaseOfCommonStock
1090727,UPS,2018,2678000000.0,PaymentsForRepurchaseOfCommonStock
1090727,UPS,2019,1813000000.0,PaymentsForRepurchaseOfCommonStock
1090727,UPS,2020,224000000.0,PaymentsForRepurchaseOfCommonStock
1090727,UPS,2021,224000000.0,PaymentsForRepurchaseOfCommonStock
1090727,UPS,2022,224000000.0,PaymentsForRepurchaseOfCommonStock
1090727,UPS,2023,500000000.0,PaymentsForRepurchaseOfCommonStock
1090727,UPS,2024,500000000.0,PaymentsForRepurchaseOfCommonStock
1090727,UPS,2025,500000000.0,PaymentsForRepurchaseOfCommonStock
1090872,A,2015,900000000.0,PaymentsForRepurchaseOfCommonStock
1090872,A,2016,434000000.0,PaymentsForRepurchaseOfCommonStock
1090872,A,2017,434000000.0,PaymentsForRepurchaseOfCommonStock
1090872,A,2018,434000000.0,PaymentsForRepurchaseOfCommonStock
1090872,A,2019,194000000.0,PaymentsForRepurchaseOfCommonStock
1090872,A,2020,469000000.0,PaymentsForRepurchaseOfCommonStock
1090872,A,2021,469000000.0,PaymentsForRepurchaseOfCommonStock
1090872,A,2022,469000000.0,PaymentsForRepurchaseOfCommonStock
1090872,A,2023,788000000.0,PaymentsForRepurchaseOfCommonStock
1090872,A,2024,1150000000.0,PaymentsForRepurchaseOfCommonStock
1090872,A,2025,1150000000.0,PaymentsForRepurchaseOfCommonStock
1091667,CHTR,2015,15000000.0,PaymentsForRepurchaseOfCommonStock
1091667,CHTR,2016,1562000000.0,PaymentsForRepurchaseOfCommonStock
1091667,CHTR,2019,11715000000.0,PaymentsForRepurchaseOfCommonStock
1091667,CHTR,2020,11217000000.0,PaymentsForRepurchaseOfCommonStock
1091667,CHTR,2021,11217000000.0,PaymentsForRepurchaseOfCommonStock
1091667,CHTR,2022,11217000000.0,PaymentsForRepurchaseOfCommonStock
1091667,CHTR,2023,15431000000.0,PaymentsForRepurchaseOfCommonStock
1091667,CHTR,2024,1213000000.0,PaymentsForRepurchaseOfCommonStock
1091667,CHTR,2025,1213000000.0,PaymentsForRepurchaseOfCommonStock
1093557,DXCM,2018,100000000.0,PaymentsForRepurchaseOfCommonStock
1093557,DXCM,2019,100000000.0,PaymentsForRepurchaseOfCommonStock
1093557,DXCM,2020,100000000.0,PaymentsForRepurchaseOfCommonStock
1093557,DXCM,2022,557700000.0,PaymentsForRepurchaseOfCommonStock
1093557,DXCM,2023,557700000.0,PaymentsForRepurchaseOfCommonStock
1093557,DXCM,2024,750000000.0,PaymentsForRepurchaseOfCommonStock
1093557,DXCM,2025,750000000.0,PaymentsForRepurchaseOfCommonStock
1094285,TDY,2015,243800000.0,PaymentsForRepurchaseOfCommonStock
1094285,TDY,2016,243800000.0,PaymentsForRepurchaseOfCommonStock
1094285,TDY,2017,243800000.0,PaymentsForRepurchaseOfCommonStock
1094285,TDY,2018,243800000.0,PaymentsForRepurchaseOfCommonStock
1094285,TDY,2024,354000000.0,PaymentsForRepurchaseOfCommonStock
1094285,TDY,2025,354000000.0,PaymentsForRepurchaseOfCommonStock
1095073,EG,2015,621915000.0,PaymentsForRepurchaseOfCommonStock
1095073,EG,2016,386288000.0,PaymentsForRepurchaseOfCommonStock
1095073,EG,2017,386288000.0,PaymentsForRepurchaseOfCommonStock
1095073,EG,2018,386288000.0,PaymentsForRepurchaseOfCommonStock
1095073,EG,2019,50000000.0,PaymentsForRepurchaseOfCommonStock
1095073,EG,2020,200020000.0,PaymentsForRepurchaseOfCommonStock
1095073,EG,2021,200020000.0,PaymentsForRepurchaseOfCommonStock
1095073,EG,2022,200000000.0,PaymentsForRepurchaseOfCommonStock
1095073,EG,2023,225000000.0,PaymentsForRepurchaseOfCommonStock
1095073,EG,2024,200000000.0,PaymentsForRepurchaseOfCommonStock
1095073,EG,2025,200000000.0,PaymentsForRepurchaseOfCommonStock
1097149,ALGN,2015,95107000.0,PaymentsForRepurchaseOfCommonStock
1097149,ALGN,2016,96218000.0,PaymentsForRepurchaseOfCommonStock
1097149,ALGN,2017,96218000.0,PaymentsForRepurchaseOfCommonStock
1097149,ALGN,2018,96218000.0,PaymentsForRepurchaseOfCommonStock
1097149,ALGN,2019,103793000.0,PaymentsForRepurchaseOfCommonStock
1097149,ALGN,2020,300002000.0,PaymentsForRepurchaseOfCommonStock
1097149,ALGN,2021,399999000.0,PaymentsForRepurchaseOfCommonStock
1097149,ALGN,2022,375038000.0,PaymentsForRepurchaseOfCommonStock
1097149,ALGN,2023,375038000.0,PaymentsForRepurchaseOfCommonStock
1097149,ALGN,2024,352878000.0,PaymentsForRepurchaseOfCommonStock
1097149,ALGN,2025,352878000.0,PaymentsForRepurchaseOfCommonStock
1097864,ON,2015,101000000.0,PaymentsForRepurchaseOfCommonStock
1097864,ON,2016,121800000.0,PaymentsForRepurchaseOfCommonStock
1097864,ON,2017,348200000.0,PaymentsForRepurchaseOfCommonStock
1097864,ON,2018,25000000.0,PaymentsForRepurchaseOfCommonStock
1097864,ON,2019,25000000.0,PaymentsForRepurchaseOfCommonStock
1097864,ON,2020,65400000.0,PaymentsForRepurchaseOfCommonStock
1097864,ON,2021,65400000.0,PaymentsForRepurchaseOfCommonStock
1097864,ON,2022,65400000.0,PaymentsForRepurchaseOfCommonStock
1097864,ON,2023,259800000.0,PaymentsForRepurchaseOfCommonStock
1097864,ON,2024,654100000.0,PaymentsForRepurchaseOfCommonStock
1097864,ON,2025,654100000.0,PaymentsForRepurchaseOfCommonStock
1099219,MET,2015,1000000000.0,PaymentsForRepurchaseOfCommonStock
1099219,MET,2016,372000000.0,PaymentsForRepurchaseOfCommonStock
1099219,MET,2017,372000000.0,PaymentsForRepurchaseOfCommonStock
1099219,MET,2018,372000000.0,PaymentsForRepurchaseOfCommonStock
1099219,MET,2019,2927000000.0,PaymentsForRepurchaseOfCommonStock
1099219,MET,2020,1151000000.0,PaymentsForRepurchaseOfCommonStock
1099219,MET,2021,1151000000.0,PaymentsForRepurchaseOfCommonStock
1099219,MET,2022,1151000000.0,PaymentsForRepurchaseOfCommonStock
1099219,MET,2023,4303000000.0,PaymentsForRepurchaseOfCommonStock
1099219,MET,2024,3207000000.0,PaymentsForRepurchaseOfCommonStock
1099219,MET,2025,3207000000.0,PaymentsForRepurchaseOfCommonStock
1099800,EW,2015,496900000.0,PaymentsForRepurchaseOfCommonStock
1099800,EW,2016,662300000.0,PaymentsForRepurchaseOfCommonStock
1099800,EW,2017,662300000.0,PaymentsForRepurchaseOfCommonStock
1099800,EW,2018,662300000.0,PaymentsForRepurchaseOfCommonStock
1099800,EW,2019,763300000.0,PaymentsForRepurchaseOfCommonStock
1099800,EW,2020,625400000.0,PaymentsForRepurchaseOfCommonStock
1099800,EW,2021,625400000.0,PaymentsForRepurchaseOfCommonStock
1099800,EW,2022,625400000.0,PaymentsForRepurchaseOfCommonStock
1099800,EW,2023,512800000.0,PaymentsForRepurchaseOfCommonStock
1099800,EW,2024,1159400000.0,PaymentsForRepurchaseOfCommonStock
1099800,EW,2025,1159400000.0,PaymentsForRepurchaseOfCommonStock
1100682,CRL,2015,165932000.0,PaymentsForRepurchaseOfCommonStock
1100682,CRL,2016,12267000.0,PaymentsForRepurchaseOfCommonStock
1100682,CRL,2017,12267000.0,PaymentsForRepurchaseOfCommonStock
1100682,CRL,2018,12267000.0,PaymentsForRepurchaseOfCommonStock
1100682,CRL,2019,106909000.0,PaymentsForRepurchaseOfCommonStock
1100682,CRL,2020,13846000.0,PaymentsForRepurchaseOfCommonStock
1100682,CRL,2021,18087000.0,PaymentsForRepurchaseOfCommonStock
1100682,CRL,2022,38651000.0,PaymentsForRepurchaseOfCommonStock
1100682,CRL,2023,38651000.0,PaymentsForRepurchaseOfCommonStock
1100682,CRL,2024,38651000.0,PaymentsForRepurchaseOfCommonStock
1100682,CRL,2025,24155000.0,PaymentsForRepurchaseOfCommonStock
1101239,EQIX,2015,48799000.0,PaymentsForRepurchaseOfCommonStock
1101239,EQIX,2016,297958000.0,PaymentsForRepurchaseOfCommonStock
1103982,MDLZ,2015,2900000000.0,PaymentsForRepurchaseOfCommonStock
1103982,MDLZ,2016,2601000000.0,PaymentsForRepurchaseOfCommonStock
1103982,MDLZ,2017,2601000000.0,PaymentsForRepurchaseOfCommonStock
1103982,MDLZ,2018,2601000000.0,PaymentsForRepurchaseOfCommonStock
1103982,MDLZ,2019,2174000000.0,PaymentsForRepurchaseOfCommonStock
1103982,MDLZ,2020,1390000000.0,PaymentsForRepurchaseOfCommonStock
1103982,MDLZ,2021,1390000000.0,PaymentsForRepurchaseOfCommonStock
1103982,MDLZ,2022,1390000000.0,PaymentsForRepurchaseOfCommonStock
1103982,MDLZ,2023,2110000000.0,PaymentsForRepurchaseOfCommonStock
1103982,MDLZ,2024,2334000000.0,PaymentsForRepurchaseOfCommonStock
1103982,MDLZ,2025,2334000000.0,PaymentsForRepurchaseOfCommonStock
1108524,CRM,2023,4000000000.0,PaymentsForRepurchaseOfCommonStock
1108524,CRM,2024,4000000000.0,PaymentsForRepurchaseOfCommonStock
1108524,CRM,2025,7829000000.0,PaymentsForRepurchaseOfCommonStock
1111711,NI,2015,8100000.0,PaymentsForRepurchaseOfCommonStock
1111711,NI,2016,9400000.0,PaymentsForRepurchaseOfCommonStock
1111711,NI,2017,9400000.0,PaymentsForRepurchaseOfCommonStock
1111711,NI,2018,9400000.0,PaymentsForRepurchaseOfCommonStock
1111711,NI,2019,7200000.0,PaymentsForRepurchaseOfCommonStock
1111711,NI,2020,4000000.0,PaymentsForRepurchaseOfCommonStock
1113169,TROW,2015,14100000.0,PaymentsForRepurchaseOfCommonStock
1113169,TROW,2016,676900000.0,PaymentsForRepurchaseOfCommonStock
1113169,TROW,2017,676900000.0,PaymentsForRepurchaseOfCommonStock
1113169,TROW,2018,676900000.0,PaymentsForRepurchaseOfCommonStock
1113169,TROW,2019,458100000.0,PaymentsForRepurchaseOfCommonStock
1113169,TROW,2020,1201900000.0,PaymentsForRepurchaseOfCommonStock
1113169,TROW,2021,1201900000.0,PaymentsForRepurchaseOfCommonStock
1113169,TROW,2022,1201900000.0,PaymentsForRepurchaseOfCommonStock
1113169,TROW,2023,1138500000.0,PaymentsForRepurchaseOfCommonStock
1113169,TROW,2024,337200000.0,PaymentsForRepurchaseOfCommonStock
1113169,TROW,2025,337200000.0,PaymentsForRepurchaseOfCommonStock
1116132,TPR,2015,400000000.0,PaymentsForRepurchaseOfCommonStock
1116132,TPR,2016,524900000.0,PaymentsForRepurchaseOfCommonStock
1116132,TPR,2019,100000000.0,PaymentsForRepurchaseOfCommonStock
1116132,TPR,2020,100000000.0,PaymentsForRepurchaseOfCommonStock
1116132,TPR,2021,100000000.0,PaymentsForRepurchaseOfCommonStock
1116132,TPR,2022,300000000.0,PaymentsForRepurchaseOfCommonStock
1116132,TPR,2023,1600000000.0,PaymentsForRepurchaseOfCommonStock
1116132,TPR,2024,1600000000.0,PaymentsForRepurchaseOfCommonStock
1116132,TPR,2025,703500000.0,PaymentsForRepurchaseOfCommonStock
1116132,TPR,2026,1718700000.0,PaymentsForRepurchaseOfCommonStock
1120193,NDAQ,2015,10000000.0,PaymentsForRepurchaseOfCommonStock
1120193,NDAQ,2016,100000000.0,PaymentsForRepurchaseOfCommonStock
1120193,NDAQ,2017,100000000.0,PaymentsForRepurchaseOfCommonStock
1120193,NDAQ,2018,100000000.0,PaymentsForRepurchaseOfCommonStock
1120193,NDAQ,2019,203000000.0,PaymentsForRepurchaseOfCommonStock
1120193,NDAQ,2020,222000000.0,PaymentsForRepurchaseOfCommonStock
1120193,NDAQ,2023,468000000.0,PaymentsForRepurchaseOfCommonStock
1120193,NDAQ,2024,145000000.0,PaymentsForRepurchaseOfCommonStock
1120193,NDAQ,2025,145000000.0,PaymentsForRepurchaseOfCommonStock
1121788,GRMN,2015,58422000.0,PaymentsForRepurchaseOfCommonStock
1121788,GRMN,2016,93233000.0,PaymentsForRepurchaseOfCommonStock
1121788,GRMN,2017,93233000.0,PaymentsForRepurchaseOfCommonStock
1121788,GRMN,2018,93233000.0,PaymentsForRepurchaseOfCommonStock
1121788,GRMN,2019,74523000.0,PaymentsForRepurchaseOfCommonStock
1123360,GPN,2019,34811000.0,PaymentsForRepurchaseOfCommonStock
1123360,GPN,2020,631148000.0,PaymentsForRepurchaseOfCommonStock
1123360,GPN,2021,631148000.0,PaymentsForRepurchaseOfCommonStock
1123360,GPN,2022,631148000.0,PaymentsForRepurchaseOfCommonStock
1123360,GPN,2023,2533629000.0,PaymentsForRepurchaseOfCommonStock
1123360,GPN,2024,1551950000.0,PaymentsForRepurchaseOfCommonStock
1123360,GPN,2025,1551950000.0,PaymentsForRepurchaseOfCommonStock
1126328,PFG,2015,153600000.0,PaymentsForRepurchaseOfCommonStock
1126328,PFG,2016,277300000.0,PaymentsForRepurchaseOfCommonStock
1126328,PFG,2017,277300000.0,PaymentsForRepurchaseOfCommonStock
1126328,PFG,2018,277300000.0,PaymentsForRepurchaseOfCommonStock
1126328,PFG,2019,220400000.0,PaymentsForRepurchaseOfCommonStock
1126328,PFG,2020,307000000.0,PaymentsForRepurchaseOfCommonStock
1126328,PFG,2021,307000000.0,PaymentsForRepurchaseOfCommonStock
1126328,PFG,2022,307000000.0,PaymentsForRepurchaseOfCommonStock
1126328,PFG,2023,937200000.0,PaymentsForRepurchaseOfCommonStock
1126328,PFG,2024,1042400000.0,PaymentsForRepurchaseOfCommonStock
1126328,PFG,2025,1042400000.0,PaymentsForRepurchaseOfCommonStock
1133421,NOC,2015,2371000000.0,PaymentsForRepurchaseOfCommonStock
1133421,NOC,2016,1547000000.0,PaymentsForRepurchaseOfCommonStock
1133421,NOC,2017,1547000000.0,PaymentsForRepurchaseOfCommonStock
1133421,NOC,2018,1547000000.0,PaymentsForRepurchaseOfCommonStock
1133421,NOC,2019,393000000.0,PaymentsForRepurchaseOfCommonStock
1133421,NOC,2020,490000000.0,PaymentsForRepurchaseOfCommonStock
1133421,NOC,2021,490000000.0,PaymentsForRepurchaseOfCommonStock
1133421,NOC,2022,490000000.0,PaymentsForRepurchaseOfCommonStock
1133421,NOC,2023,3705000000.0,PaymentsForRepurchaseOfCommonStock
1133421,NOC,2024,2514000000.0,PaymentsForRepurchaseOfCommonStock
1133421,NOC,2025,2514000000.0,PaymentsForRepurchaseOfCommonStock
1136869,ZBH,2015,720800000.0,PaymentsForRepurchaseOfCommonStock
1136869,ZBH,2016,415500000.0,PaymentsForRepurchaseOfCommonStock
1136869,ZBH,2017,415500000.0,PaymentsForRepurchaseOfCommonStock
1136869,ZBH,2018,415500000.0,PaymentsForRepurchaseOfCommonStock
1136869,ZBH,2022,126400000.0,PaymentsForRepurchaseOfCommonStock
1136869,ZBH,2023,126400000.0,PaymentsForRepurchaseOfCommonStock
1136869,ZBH,2024,868000000.0,PaymentsForRepurchaseOfCommonStock
1136869,ZBH,2025,868000000.0,PaymentsForRepurchaseOfCommonStock
1136893,FIS,2015,475900000.0,PaymentsForRepurchaseOfCommonStock
1136893,FIS,2016,40000000.0,PaymentsForRepurchaseOfCommonStock
1136893,FIS,2017,40000000.0,PaymentsForRepurchaseOfCommonStock
1136893,FIS,2018,40000000.0,PaymentsForRepurchaseOfCommonStock
1136893,FIS,2019,153000000.0,PaymentsForRepurchaseOfCommonStock
1136893,FIS,2020,112000000.0,PaymentsForRepurchaseOfCommonStock
1136893,FIS,2021,112000000.0,PaymentsForRepurchaseOfCommonStock
1136893,FIS,2022,112000000.0,PaymentsForRepurchaseOfCommonStock
1136893,FIS,2023,2114000000.0,PaymentsForRepurchaseOfCommonStock
1136893,FIS,2024,4045000000.0,PaymentsForRepurchaseOfCommonStock
1136893,FIS,2025,4045000000.0,PaymentsForRepurchaseOfCommonStock
1137774,PRU,2015,738000000.0,PaymentsForRepurchaseOfCommonStock
1137774,PRU,2016,2000000000.0,PaymentsForRepurchaseOfCommonStock
1137774,PRU,2017,2000000000.0,PaymentsForRepurchaseOfCommonStock
1137774,PRU,2018,2000000000.0,PaymentsForRepurchaseOfCommonStock
1137774,PRU,2019,1250000000.0,PaymentsForRepurchaseOfCommonStock
1137774,PRU,2020,500000000.0,PaymentsForRepurchaseOfCommonStock
1137774,PRU,2021,500000000.0,PaymentsForRepurchaseOfCommonStock
1137774,PRU,2022,500000000.0,PaymentsForRepurchaseOfCommonStock
1137774,PRU,2023,2500000000.0,PaymentsForRepurchaseOfCommonStock
1137774,PRU,2024,1000000000.0,PaymentsForRepurchaseOfCommonStock
1137774,PRU,2025,1000000000.0,PaymentsForRepurchaseOfCommonStock
1137789,STX,2015,1087000000.0,PaymentsForRepurchaseOfCommonStock
1137789,STX,2016,1087000000.0,PaymentsForRepurchaseOfCommonStock
1137789,STX,2017,1087000000.0,PaymentsForRepurchaseOfCommonStock
1137789,STX,2018,1090000000.0,PaymentsForRepurchaseOfCommonStock
1137789,STX,2019,460000000.0,PaymentsForRepurchaseOfCommonStock
1137789,STX,2020,850000000.0,PaymentsForRepurchaseOfCommonStock
1137789,STX,2021,850000000.0,PaymentsForRepurchaseOfCommonStock
1137789,STX,2022,850000000.0,PaymentsForRepurchaseOfCommonStock
1137789,STX,2023,2047000000.0,PaymentsForRepurchaseOfCommonStock
1137789,STX,2024,1799000000.0,PaymentsForRepurchaseOfCommonStock
1137789,STX,2026,176000000.0,PaymentsForRepurchaseOfCommonStock
1138118,CBRE,2018,161034000.0,PaymentsForRepurchaseOfCommonStock
1138118,CBRE,2019,161034000.0,PaymentsForRepurchaseOfCommonStock
1138118,CBRE,2020,50028000.0,PaymentsForRepurchaseOfCommonStock
1138118,CBRE,2021,50028000.0,PaymentsForRepurchaseOfCommonStock
1138118,CBRE,2022,50028000.0,PaymentsForRepurchaseOfCommonStock
1138118,CBRE,2023,369000000.0,PaymentsForRepurchaseOfCommonStock
1138118,CBRE,2024,627000000.0,PaymentsForRepurchaseOfCommonStock
1138118,CBRE,2025,627000000.0,PaymentsForRepurchaseOfCommonStock
1140536,WTW,2015,213000000.0,PaymentsForRepurchaseOfCommonStock
1140536,WTW,2016,396000000.0,PaymentsForRepurchaseOfCommonStock
1140536,WTW,2017,396000000.0,PaymentsForRepurchaseOfCommonStock
1140536,WTW,2018,396000000.0,PaymentsForRepurchaseOfCommonStock
1140536,WTW,2019,532000000.0,PaymentsForRepurchaseOfCommonStock
1140536,WTW,2020,602000000.0,PaymentsForRepurchaseOfCommonStock
1140536,WTW,2021,1627000000.0,PaymentsForRepurchaseOfCommonStock
1140536,WTW,2024,901000000.0,PaymentsForRepurchaseOfCommonStock
1140536,WTW,2025,901000000.0,PaymentsForRepurchaseOfCommonStock
1140859,COR,2015,484176000.0,PaymentsForRepurchaseOfCommonStock
1140859,COR,2016,2266344000.0,PaymentsForRepurchaseOfCommonStock
1140859,COR,2017,2266344000.0,PaymentsForRepurchaseOfCommonStock
1140859,COR,2018,2266344000.0,PaymentsForRepurchaseOfCommonStock
1140859,COR,2019,329929000.0,PaymentsForRepurchaseOfCommonStock
1140859,COR,2020,420449000.0,PaymentsForRepurchaseOfCommonStock
1140859,COR,2021,420449000.0,PaymentsForRepurchaseOfCommonStock
1140859,COR,2022,420449000.0,PaymentsForRepurchaseOfCommonStock
1140859,COR,2023,82150000.0,PaymentsForRepurchaseOfCommonStock
1140859,COR,2024,1491367000.0,PaymentsForRepurchaseOfCommonStock
1140859,COR,2025,1491367000.0,PaymentsForRepurchaseOfCommonStock
1141391,MA,2016,3511000000.0,PaymentsForRepurchaseOfCommonStock
1141391,MA,2019,3762000000.0,PaymentsForRepurchaseOfCommonStock
1141391,MA,2020,4473000000.0,PaymentsForRepurchaseOfCommonStock
1141391,MA,2021,4473000000.0,PaymentsForRepurchaseOfCommonStock
1141391,MA,2022,4473000000.0,PaymentsForRepurchaseOfCommonStock
1141391,MA,2023,5904000000.0,PaymentsForRepurchaseOfCommonStock
1141391,MA,2024,11035000000.0,PaymentsForRepurchaseOfCommonStock
1141391,MA,2025,10954000000.0,PaymentsForRepurchaseOfCommonStock
1145197,PODD,2025,59600000.0,PaymentsForRepurchaseOfCommonStock
1156039,ELV,2015,1620100000.0,PaymentsForRepurchaseOfCommonStock
1156039,ELV,2016,2998800000.0,PaymentsForRepurchaseOfCommonStock
1156039,ELV,2017,1515800000.0,PaymentsForRepurchaseOfCommonStock
1156039,ELV,2018,1998000000.0,PaymentsForRepurchaseOfCommonStock
1156039,ELV,2019,1998000000.0,PaymentsForRepurchaseOfCommonStock
1156039,ELV,2020,2700000000.0,PaymentsForRepurchaseOfCommonStock
1156039,ELV,2021,2700000000.0,PaymentsForRepurchaseOfCommonStock
1156039,ELV,2022,2700000000.0,PaymentsForRepurchaseOfCommonStock
1156039,ELV,2023,1900000000.0,PaymentsForRepurchaseOfCommonStock
1156039,ELV,2024,2900000000.0,PaymentsForRepurchaseOfCommonStock
1156039,ELV,2025,2900000000.0,PaymentsForRepurchaseOfCommonStock
1163165,COP,2016,126000000.0,PaymentsForRepurchaseOfCommonStock
1163165,COP,2017,126000000.0,PaymentsForRepurchaseOfCommonStock
1163165,COP,2018,126000000.0,PaymentsForRepurchaseOfCommonStock
1163165,COP,2019,3000000000.0,PaymentsForRepurchaseOfCommonStock
1163165,COP,2020,892000000.0,PaymentsForRepurchaseOfCommonStock
1163165,COP,2021,892000000.0,PaymentsForRepurchaseOfCommonStock
1163165,COP,2022,892000000.0,PaymentsForRepurchaseOfCommonStock
1163165,COP,2023,3623000000.0,PaymentsForRepurchaseOfCommonStock
1163165,COP,2024,5463000000.0,PaymentsForRepurchaseOfCommonStock
1163165,COP,2025,5463000000.0,PaymentsForRepurchaseOfCommonStock
1164727,NEM,2018,98000000.0,PaymentsForRepurchaseOfCommonStock
1164727,NEM,2019,98000000.0,PaymentsForRepurchaseOfCommonStock
1164727,NEM,2020,521000000.0,PaymentsForRepurchaseOfCommonStock
1164727,NEM,2021,521000000.0,PaymentsForRepurchaseOfCommonStock
1164727,NEM,2022,521000000.0,PaymentsForRepurchaseOfCommonStock
1164727,NEM,2023,525000000.0,PaymentsForRepurchaseOfCommonStock
1164727,NEM,2024,1246000000.0,PaymentsForRepurchaseOfCommonStock
1164727,NEM,2025,1246000000.0,PaymentsForRepurchaseOfCommonStock
1166691,CMCSA,2015,2000000000.0,PaymentsForRepurchaseOfCommonStock
1166691,CMCSA,2016,5000000000.0,PaymentsForRepurchaseOfCommonStock
1166691,CMCSA,2017,5352000000.0,PaymentsForRepurchaseOfCommonStock
1166691,CMCSA,2018,5352000000.0,PaymentsForRepurchaseOfCommonStock
1166691,CMCSA,2019,5435000000.0,PaymentsForRepurchaseOfCommonStock
1166691,CMCSA,2020,534000000.0,PaymentsForRepurchaseOfCommonStock
1166691,CMCSA,2021,534000000.0,PaymentsForRepurchaseOfCommonStock
1166691,CMCSA,2022,534000000.0,PaymentsForRepurchaseOfCommonStock
1166691,CMCSA,2023,4672000000.0,PaymentsForRepurchaseOfCommonStock
1166691,CMCSA,2024,9103000000.0,PaymentsForRepurchaseOfCommonStock
1166691,CMCSA,2025,9103000000.0,PaymentsForRepurchaseOfCommonStock
1174922,WYNN,2015,15472000.0,PaymentsForRepurchaseOfCommonStock
1174922,WYNN,2016,14017000.0,PaymentsForRepurchaseOfCommonStock
1174922,WYNN,2017,14017000.0,PaymentsForRepurchaseOfCommonStock
1174922,WYNN,2018,14017000.0,PaymentsForRepurchaseOfCommonStock
1174922,WYNN,2019,17771000.0,PaymentsForRepurchaseOfCommonStock
1174922,WYNN,2020,11533000.0,PaymentsForRepurchaseOfCommonStock
1174922,WYNN,2021,11533000.0,PaymentsForRepurchaseOfCommonStock
1174922,WYNN,2022,11533000.0,PaymentsForRepurchaseOfCommonStock
1174922,WYNN,2023,13842000.0,PaymentsForRepurchaseOfCommonStock
1174922,WYNN,2024,401802000.0,PaymentsForRepurchaseOfCommonStock
1174922,WYNN,2025,401802000.0,PaymentsForRepurchaseOfCommonStock
1175454,CPAY,2016,187678000.0,PaymentsForRepurchaseOfCommonStock
1175454,CPAY,2017,187678000.0,PaymentsForRepurchaseOfCommonStock
1175454,CPAY,2018,187678000.0,PaymentsForRepurchaseOfCommonStock
1175454,CPAY,2019,402393000.0,PaymentsForRepurchaseOfCommonStock
1175454,CPAY,2020,849910000.0,PaymentsForRepurchaseOfCommonStock
1175454,CPAY,2021,849910000.0,PaymentsForRepurchaseOfCommonStock
1175454,CPAY,2022,849910000.0,PaymentsForRepurchaseOfCommonStock
1175454,CPAY,2023,1355722000.0,PaymentsForRepurchaseOfCommonStock
1175454,CPAY,2024,1287998000.0,PaymentsForRepurchaseOfCommonStock
1175454,CPAY,2025,1287998000.0,PaymentsForRepurchaseOfCommonStock
1260221,TDG,2015,159852000.0,PaymentsForRepurchaseOfCommonStock
1260221,TDG,2016,207755000.0,PaymentsForRepurchaseOfCommonStock
1260221,TDG,2017,207755000.0,PaymentsForRepurchaseOfCommonStock
1260221,TDG,2018,207755000.0,PaymentsForRepurchaseOfCommonStock
1260221,TDG,2019,389821000.0,PaymentsForRepurchaseOfCommonStock
1260221,TDG,2020,19000000.0,PaymentsForRepurchaseOfCommonStock
1260221,TDG,2021,19000000.0,PaymentsForRepurchaseOfCommonStock
1260221,TDG,2022,19000000.0,PaymentsForRepurchaseOfCommonStock
1260221,TDG,2023,912000000.0,PaymentsForRepurchaseOfCommonStock
1260221,TDG,2024,912000000.0,PaymentsForRepurchaseOfCommonStock
1260221,TDG,2025,500000000.0,PaymentsForRepurchaseOfCommonStock
1262039,FTNT,2015,33529000.0,PaymentsForRepurchaseOfCommonStock
1262039,FTNT,2016,110828000.0,PaymentsForRepurchaseOfCommonStock
1262039,FTNT,2017,110828000.0,PaymentsForRepurchaseOfCommonStock
1262039,FTNT,2018,110800000.0,PaymentsForRepurchaseOfCommonStock
1262039,FTNT,2019,446300000.0,PaymentsForRepurchaseOfCommonStock
1262039,FTNT,2020,1080100000.0,PaymentsForRepurchaseOfCommonStock
1262039,FTNT,2021,1080100000.0,PaymentsForRepurchaseOfCommonStock
1262039,FTNT,2022,1080100000.0,PaymentsForRepurchaseOfCommonStock
1262039,FTNT,2023,741800000.0,PaymentsForRepurchaseOfCommonStock
1262039,FTNT,2024,600000.0,PaymentsForRepurchaseOfCommonStock
1262039,FTNT,2025,600000.0,PaymentsForRepurchaseOfCommonStock
1267238,AIZ,2015,393012000.0,PaymentsForRepurchaseOfCommonStock
1267238,AIZ,2016,863051000.0,PaymentsForRepurchaseOfCommonStock
1267238,AIZ,2017,863100000.0,PaymentsForRepurchaseOfCommonStock
1267238,AIZ,2018,863100000.0,PaymentsForRepurchaseOfCommonStock
1267238,AIZ,2019,388900000.0,PaymentsForRepurchaseOfCommonStock
1267238,AIZ,2020,297000000.0,PaymentsForRepurchaseOfCommonStock
1267238,AIZ,2021,297000000.0,PaymentsForRepurchaseOfCommonStock
1267238,AIZ,2022,297000000.0,PaymentsForRepurchaseOfCommonStock
1267238,AIZ,2023,839300000.0,PaymentsForRepurchaseOfCommonStock
1267238,AIZ,2024,307400000.0,PaymentsForRepurchaseOfCommonStock
1267238,AIZ,2025,307400000.0,PaymentsForRepurchaseOfCommonStock
1280452,MPWR,2015,20615000.0,PaymentsForRepurchaseOfCommonStock
1280452,MPWR,2016,41198000.0,PaymentsForRepurchaseOfCommonStock
1280452,MPWR,2017,32286000.0,PaymentsForRepurchaseOfCommonStock
1280452,MPWR,2023,3741000.0,PaymentsForRepurchaseOfCommonStock
1280452,MPWR,2024,636244000.0,PaymentsForRepurchaseOfCommonStock
1280452,MPWR,2025,636200000.0,PaymentsForRepurchaseOfCommonStock
1281761,RF,2015,340000000.0,PaymentsForRepurchaseOfCommonStock
1281761,RF,2016,839000000.0,PaymentsForRepurchaseOfCommonStock
1281761,RF,2017,839000000.0,PaymentsForRepurchaseOfCommonStock
1281761,RF,2018,839000000.0,PaymentsForRepurchaseOfCommonStock
1281761,RF,2019,1275000000.0,PaymentsForRepurchaseOfCommonStock
1281761,RF,2020,2122000000.0,PaymentsForRepurchaseOfCommonStock
1281761,RF,2021,1101000000.0,PaymentsForRepurchaseOfCommonStock
1281761,RF,2022,467000000.0,PaymentsForRepurchaseOfCommonStock
1281761,RF,2023,467000000.0,PaymentsForRepurchaseOfCommonStock
1281761,RF,2024,348000000.0,PaymentsForRepurchaseOfCommonStock
1281761,RF,2025,348000000.0,PaymentsForRepurchaseOfCommonStock
1283699,TMUS,2017,427000000.0,PaymentsForRepurchaseOfCommonStock
1283699,TMUS,2018,427000000.0,PaymentsForRepurchaseOfCommonStock
1283699,TMUS,2019,427000000.0,PaymentsForRepurchaseOfCommonStock
1283699,TMUS,2020,19536000000.0,PaymentsForRepurchaseOfCommonStock
1283699,TMUS,2021,19536000000.0,PaymentsForRepurchaseOfCommonStock
1283699,TMUS,2022,19536000000.0,PaymentsForRepurchaseOfCommonStock
1283699,TMUS,2023,3000000000.0,PaymentsForRepurchaseOfCommonStock
1283699,TMUS,2024,11228000000.0,PaymentsForRepurchaseOfCommonStock
1283699,TMUS,2025,11228000000.0,PaymentsForRepurchaseOfCommonStock
1285785,MOS,2015,2755300000.0,PaymentsForRepurchaseOfCommonStock
1285785,MOS,2016,75000000.0,PaymentsForRepurchaseOfCommonStock
1285785,MOS,2017,75000000.0,PaymentsForRepurchaseOfCommonStock
1285785,MOS,2018,75000000.0,PaymentsForRepurchaseOfCommonStock
1285785,MOS,2019,149900000.0,PaymentsForRepurchaseOfCommonStock
1285785,MOS,2020,149900000.0,PaymentsForRepurchaseOfCommonStock
1285785,MOS,2021,149900000.0,PaymentsForRepurchaseOfCommonStock
1285785,MOS,2022,410900000.0,PaymentsForRepurchaseOfCommonStock
1285785,MOS,2023,410900000.0,PaymentsForRepurchaseOfCommonStock
1285785,MOS,2024,235400000.0,PaymentsForRepurchaseOfCommonStock
1285785,MOS,2025,235400000.0,PaymentsForRepurchaseOfCommonStock
1286681,DPZ,2015,738557000.0,PaymentsForRepurchaseOfCommonStock
1286681,DPZ,2016,738557000.0,PaymentsForRepurchaseOfCommonStock
1286681,DPZ,2017,738557000.0,PaymentsForRepurchaseOfCommonStock
1286681,DPZ,2018,300250000.0,PaymentsForRepurchaseOfCommonStock
1286681,DPZ,2019,1064253000.0,PaymentsForRepurchaseOfCommonStock
1286681,DPZ,2020,304590000.0,PaymentsForRepurchaseOfCommonStock
1286681,DPZ,2022,304590000.0,PaymentsForRepurchaseOfCommonStock
1286681,DPZ,2023,1320902000.0,PaymentsForRepurchaseOfCommonStock
1286681,DPZ,2024,293740000.0,PaymentsForRepurchaseOfCommonStock
1286681,DPZ,2025,269025000.0,PaymentsForRepurchaseOfCommonStock
1289490,EXR,2020,67873000.0,PaymentsForRepurchaseOfCommonStock
1289490,EXR,2021,67873000.0,PaymentsForRepurchaseOfCommonStock
1289490,EXR,2022,67873000.0,PaymentsForRepurchaseOfCommonStock
1289490,EXR,2023,63008000.0,PaymentsForRepurchaseOfCommonStock
1289490,EXR,2024,63008000.0,PaymentsForRepurchaseOfCommonStock
1289490,EXR,2025,149548000.0,PaymentsForRepurchaseOfCommonStock
1300514,LVS,2015,561150000.0,PaymentsForRepurchaseOfCommonStock
1300514,LVS,2016,1677000000.0,PaymentsForRepurchaseOfCommonStock
1300514,LVS,2017,205000000.0,PaymentsForRepurchaseOfCommonStock
1300514,LVS,2018,375000000.0,PaymentsForRepurchaseOfCommonStock
1300514,LVS,2019,375000000.0,PaymentsForRepurchaseOfCommonStock
1300514,LVS,2020,905000000.0,PaymentsForRepurchaseOfCommonStock
1300514,LVS,2021,754000000.0,PaymentsForRepurchaseOfCommonStock
1300514,LVS,2023,505000000.0,PaymentsForRepurchaseOfCommonStock
1300514,LVS,2024,1750000000.0,PaymentsForRepurchaseOfCommonStock
1300514,LVS,2025,1750000000.0,PaymentsForRepurchaseOfCommonStock
1316835,BLDR,2015,1036000.0,PaymentsForRepurchaseOfCommonStock
1316835,BLDR,2016,1092000.0,PaymentsForRepurchaseOfCommonStock
1316835,BLDR,2017,1092000.0,PaymentsForRepurchaseOfCommonStock
1316835,BLDR,2018,1092000.0,PaymentsForRepurchaseOfCommonStock
1316835,BLDR,2019,2644000.0,PaymentsForRepurchaseOfCommonStock
1316835,BLDR,2020,4153000.0,PaymentsForRepurchaseOfCommonStock
1316835,BLDR,2021,4153000.0,PaymentsForRepurchaseOfCommonStock
1316835,BLDR,2022,4153000.0,PaymentsForRepurchaseOfCommonStock
1316835,BLDR,2023,1714761000.0,PaymentsForRepurchaseOfCommonStock
1316835,BLDR,2024,1517131000.0,PaymentsForRepurchaseOfCommonStock
1316835,BLDR,2025,1517131000.0,PaymentsForRepurchaseOfCommonStock
1321655,PLTR,2020,3777000.0,PaymentsForRepurchaseOfCommonStock
1321655,PLTR,2021,3777000.0,PaymentsForRepurchaseOfCommonStock
1321655,PLTR,2024,64196000.0,PaymentsForRepurchaseOfCommonStock
1321655,PLTR,2025,64196000.0,PaymentsForRepurchaseOfCommonStock
1324404,CF,2015,1409100000.0,PaymentsForRepurchaseOfCommonStock
1324404,CF,2019,467000000.0,PaymentsForRepurchaseOfCommonStock
1324404,CF,2020,100000000.0,PaymentsForRepurchaseOfCommonStock
1324404,CF,2021,100000000.0,PaymentsForRepurchaseOfCommonStock
1324404,CF,2022,100000000.0,PaymentsForRepurchaseOfCommonStock
1324404,CF,2023,539000000.0,PaymentsForRepurchaseOfCommonStock
1324404,CF,2024,1509000000.0,PaymentsForRepurchaseOfCommonStock
1324404,CF,2025,1509000000.0,PaymentsForRepurchaseOfCommonStock
1324424,EXPE,2015,522900000.0,PaymentsForRepurchaseOfCommonStock
1324424,EXPE,2016,455746000.0,PaymentsForRepurchaseOfCommonStock
1324424,EXPE,2017,455746000.0,PaymentsForRepurchaseOfCommonStock
1324424,EXPE,2018,456000000.0,PaymentsForRepurchaseOfCommonStock
1324424,EXPE,2019,312000000.0,PaymentsForRepurchaseOfCommonStock
1324424,EXPE,2020,425000000.0,PaymentsForRepurchaseOfCommonStock
1324424,EXPE,2021,425000000.0,PaymentsForRepurchaseOfCommonStock
1324424,EXPE,2022,425000000.0,PaymentsForRepurchaseOfCommonStock
1324424,EXPE,2023,165000000.0,PaymentsForRepurchaseOfCommonStock
1324424,EXPE,2024,1839000000.0,PaymentsForRepurchaseOfCommonStock
1324424,EXPE,2025,1839000000.0,PaymentsForRepurchaseOfCommonStock
1326160,DUK,2015,1500000000.0,PaymentsForRepurchaseOfCommonStock
1326160,DUK,2016,1500000000.0,PaymentsForRepurchaseOfCommonStock
1326160,DUK,2017,1500000000.0,PaymentsForRepurchaseOfCommonStock
1326801,META,2017,1976000000.0,PaymentsForRepurchaseOfCommonStock
1326801,META,2018,1976000000.0,PaymentsForRepurchaseOfCommonStock
1326801,META,2019,1976000000.0,PaymentsForRepurchaseOfCommonStock
1326801,META,2020,6272000000.0,PaymentsForRepurchaseOfCommonStock
1326801,META,2021,6272000000.0,PaymentsForRepurchaseOfCommonStock
1326801,META,2022,6272000000.0,PaymentsForRepurchaseOfCommonStock
1326801,META,2023,44537000000.0,PaymentsForRepurchaseOfCommonStock
1326801,META,2024,30125000000.0,PaymentsForRepurchaseOfCommonStock
1326801,META,2025,30125000000.0,PaymentsForRepurchaseOfCommonStock
1327567,PANW,2015,78000.0,PaymentsForRepurchaseOfCommonStock
1327567,PANW,2017,411000000.0,PaymentsForRepurchaseOfCommonStock
1327567,PANW,2018,411000000.0,PaymentsForRepurchaseOfCommonStock
1327567,PANW,2019,411000000.0,PaymentsForRepurchaseOfCommonStock
1327567,PANW,2020,1198100000.0,PaymentsForRepurchaseOfCommonStock
1327567,PANW,2021,1198100000.0,PaymentsForRepurchaseOfCommonStock
1327567,PANW,2022,1198100000.0,PaymentsForRepurchaseOfCommonStock
1327567,PANW,2023,1178100000.0,PaymentsForRepurchaseOfCommonStock
1327567,PANW,2024,566700000.0,PaymentsForRepurchaseOfCommonStock
1327567,PANW,2025,566700000.0,PaymentsForRepurchaseOfCommonStock
1327567,PANW,2026,567000000.0,PaymentsForRepurchaseOfCommonStock
1327811,WDAY,2023,74666000.0,PaymentsForRepurchaseOfCommonStock
1327811,WDAY,2024,75000000.0,PaymentsForRepurchaseOfCommonStock
1327811,WDAY,2025,700000000.0,PaymentsForRepurchaseOfCommonStock
1327811,WDAY,2026,700000000.0,PaymentsForRepurchaseOfCommonStock
1335258,LYV,2025,23531000.0,PaymentsForRepurchaseOfCommonStock
1336920,LDOS,2018,167000000.0,PaymentsForRepurchaseOfCommonStock
1336920,LDOS,2019,25000000.0,PaymentsForRepurchaseOfCommonStock
1336920,LDOS,2020,25000000.0,PaymentsForRepurchaseOfCommonStock
1336920,LDOS,2021,25000000.0,PaymentsForRepurchaseOfCommonStock
1336920,LDOS,2022,67000000.0,PaymentsForRepurchaseOfCommonStock
1336920,LDOS,2023,237000000.0,PaymentsForRepurchaseOfCommonStock
1336920,LDOS,2024,850000000.0,PaymentsForRepurchaseOfCommonStock
1336920,LDOS,2025,850000000.0,PaymentsForRepurchaseOfCommonStock
1336920,LDOS,2015,22000000.0,PaymentsForRepurchaseOfEquity
1336920,LDOS,2016,215000000.0,PaymentsForRepurchaseOfEquity
1336920,LDOS,2017,24000000.0,PaymentsForRepurchaseOfEquity
1341439,ORCL,2015,11021000000.0,PaymentsForRepurchaseOfCommonStock
1341439,ORCL,2016,10440000000.0,PaymentsForRepurchaseOfCommonStock
1341439,ORCL,2017,10440000000.0,PaymentsForRepurchaseOfCommonStock
1341439,ORCL,2018,10440000000.0,PaymentsForRepurchaseOfCommonStock
1341439,ORCL,2019,3561000000.0,PaymentsForRepurchaseOfCommonStock
1341439,ORCL,2020,19240000000.0,PaymentsForRepurchaseOfCommonStock
1341439,ORCL,2021,19240000000.0,PaymentsForRepurchaseOfCommonStock
1341439,ORCL,2022,19240000000.0,PaymentsForRepurchaseOfCommonStock
1341439,ORCL,2023,20934000000.0,PaymentsForRepurchaseOfCommonStock
1341439,ORCL,2024,1202000000.0,PaymentsForRepurchaseOfCommonStock
1341439,ORCL,2025,1202000000.0,PaymentsForRepurchaseOfCommonStock
1341439,ORCL,2026,1202000000.0,PaymentsForRepurchaseOfCommonStock
1373715,NOW,2017,55000000.0,PaymentsForRepurchaseOfCommonStock
1373715,NOW,2018,55000000.0,PaymentsForRepurchaseOfCommonStock
1373715,NOW,2019,55000000.0,PaymentsForRepurchaseOfCommonStock
1373715,NOW,2023,538000000.0,PaymentsForRepurchaseOfCommonStock
1373715,NOW,2024,696000000.0,PaymentsForRepurchaseOfCommonStock
1373715,NOW,2025,696000000.0,PaymentsForRepurchaseOfCommonStock
1374310,CBOE,2015,45290000.0,PaymentsForRepurchaseOfCommonStock
1374310,CBOE,2016,60498000.0,PaymentsForRepurchaseOfCommonStock
1374310,CBOE,2017,60500000.0,PaymentsForRepurchaseOfCommonStock
1374310,CBOE,2018,60500000.0,PaymentsForRepurchaseOfCommonStock
1374310,CBOE,2019,140900000.0,PaymentsForRepurchaseOfCommonStock
1374310,CBOE,2020,349100000.0,PaymentsForRepurchaseOfCommonStock
1374310,CBOE,2021,349100000.0,PaymentsForRepurchaseOfCommonStock
1374310,CBOE,2022,349100000.0,PaymentsForRepurchaseOfCommonStock
1374310,CBOE,2023,81300000.0,PaymentsForRepurchaseOfCommonStock
1374310,CBOE,2024,204800000.0,PaymentsForRepurchaseOfCommonStock
1374310,CBOE,2025,204800000.0,PaymentsForRepurchaseOfCommonStock
1375365,SMCI,2017,18461000.0,PaymentsForRepurchaseOfCommonStock
1375365,SMCI,2019,18461000.0,PaymentsForRepurchaseOfCommonStock
1375365,SMCI,2021,130000000.0,PaymentsForRepurchaseOfEquity
1375365,SMCI,2022,130000000.0,PaymentsForRepurchaseOfEquity
1375365,SMCI,2023,130000000.0,PaymentsForRepurchaseOfEquity
1375365,SMCI,2024,149998000.0,PaymentsForRepurchaseOfEquity
1375365,SMCI,2025,149998000.0,PaymentsForRepurchaseOfEquity
1375365,SMCI,2026,200000000.0,PaymentsForRepurchaseOfEquity
1383312,BR,2015,238500000.0,PaymentsForRepurchaseOfCommonStock
1383312,BR,2016,119800000.0,PaymentsForRepurchaseOfCommonStock
1383312,BR,2017,119800000.0,PaymentsForRepurchaseOfCommonStock
1383312,BR,2018,119800000.0,PaymentsForRepurchaseOfCommonStock
1383312,BR,2019,342800000.0,PaymentsForRepurchaseOfCommonStock
1383312,BR,2020,69300000.0,PaymentsForRepurchaseOfCommonStock
1383312,BR,2021,69300000.0,PaymentsForRepurchaseOfCommonStock
1383312,BR,2022,69300000.0,PaymentsForRepurchaseOfCommonStock
1383312,BR,2023,21500000.0,PaymentsForRepurchaseOfCommonStock
1383312,BR,2024,485400000.0,PaymentsForRepurchaseOfCommonStock
1383312,BR,2025,485400000.0,PaymentsForRepurchaseOfCommonStock
1383312,BR,2026,485400000.0,PaymentsForRepurchaseOfCommonStock
1385157,TEL,2015,844000000.0,PaymentsForRepurchaseOfCommonStock
1385157,TEL,2016,2787000000.0,PaymentsForRepurchaseOfCommonStock
1385157,TEL,2017,2787000000.0,PaymentsForRepurchaseOfCommonStock
1385157,TEL,2018,2787000000.0,PaymentsForRepurchaseOfCommonStock
1385157,TEL,2019,614000000.0,PaymentsForRepurchaseOfCommonStock
1385157,TEL,2020,879000000.0,PaymentsForRepurchaseOfCommonStock
1385157,TEL,2021,1091000000.0,PaymentsForRepurchaseOfCommonStock
1385157,TEL,2022,1412000000.0,PaymentsForRepurchaseOfCommonStock
1385157,TEL,2023,1412000000.0,PaymentsForRepurchaseOfCommonStock
1385157,TEL,2024,1412000000.0,PaymentsForRepurchaseOfCommonStock
1385157,TEL,2025,945000000.0,PaymentsForRepurchaseOfCommonStock
1389170,TRGP,2015,13300000.0,PaymentsForRepurchaseOfCommonStock
1389170,TRGP,2020,97400000.0,PaymentsForRepurchaseOfEquity
1389170,TRGP,2021,97400000.0,PaymentsForRepurchaseOfEquity
1389170,TRGP,2023,53200000.0,PaymentsForRepurchaseOfEquity
1389170,TRGP,2024,754700000.0,PaymentsForRepurchaseOfEquity
1389170,TRGP,2025,754700000.0,PaymentsForRepurchaseOfEquity
1390777,BNY,2015,1026000000.0,PaymentsForRepurchaseOfCommonStock
1390777,BNY,2016,2398000000.0,PaymentsForRepurchaseOfCommonStock
1390777,BNY,2017,2398000000.0,PaymentsForRepurchaseOfCommonStock
1390777,BNY,2018,2398000000.0,PaymentsForRepurchaseOfCommonStock
1390777,BNY,2019,2686000000.0,PaymentsForRepurchaseOfCommonStock
1390777,BNY,2020,989000000.0,PaymentsForRepurchaseOfCommonStock
1390777,BNY,2021,989000000.0,PaymentsForRepurchaseOfCommonStock
1390777,BNY,2022,989000000.0,PaymentsForRepurchaseOfCommonStock
1390777,BNY,2023,4567000000.0,PaymentsForRepurchaseOfCommonStock
1390777,BNY,2024,3064000000.0,PaymentsForRepurchaseOfCommonStock
1390777,BNY,2025,3064000000.0,PaymentsForRepurchaseOfCommonStock
1393052,VEEV,2026,169949000.0,PaymentsForRepurchaseOfCommonStock
1393311,PSA,2024,200000000.0,PaymentsForRepurchaseOfCommonStock
1393311,PSA,2025,200000000.0,PaymentsForRepurchaseOfCommonStock
1396009,VMC,2015,21475000.0,PaymentsForRepurchaseOfCommonStock
1396009,VMC,2016,161463000.0,PaymentsForRepurchaseOfCommonStock
1396009,VMC,2017,161463000.0,PaymentsForRepurchaseOfCommonStock
1396009,VMC,2018,161463000.0,PaymentsForRepurchaseOfCommonStock
1396009,VMC,2019,60303000.0,PaymentsForRepurchaseOfCommonStock
1396009,VMC,2020,26132000.0,PaymentsForRepurchaseOfCommonStock
1396009,VMC,2021,26100000.0,PaymentsForRepurchaseOfCommonStock
1396009,VMC,2022,26100000.0,PaymentsForRepurchaseOfCommonStock
1396009,VMC,2023,200000000.0,PaymentsForRepurchaseOfCommonStock
1396009,VMC,2024,68800000.0,PaymentsForRepurchaseOfCommonStock
1396009,VMC,2025,68800000.0,PaymentsForRepurchaseOfCommonStock
1397187,LULU,2015,147431000.0,PaymentsForRepurchaseOfCommonStock
1397187,LULU,2016,147431000.0,PaymentsForRepurchaseOfCommonStock
1397187,LULU,2017,274193000.0,PaymentsForRepurchaseOfCommonStock
1397187,LULU,2018,598340000.0,PaymentsForRepurchaseOfCommonStock
1397187,LULU,2019,598340000.0,PaymentsForRepurchaseOfCommonStock
1397187,LULU,2020,598340000.0,PaymentsForRepurchaseOfCommonStock
1397187,LULU,2021,173399000.0,PaymentsForRepurchaseOfCommonStock
1397187,LULU,2022,63663000.0,PaymentsForRepurchaseOfCommonStock
1397187,LULU,2023,812602000.0,PaymentsForRepurchaseOfCommonStock
1397187,LULU,2024,1636879000.0,PaymentsForRepurchaseOfCommonStock
1397187,LULU,2025,1636879000.0,PaymentsForRepurchaseOfCommonStock
1402057,CDW,2015,200000.0,PaymentsForRepurchaseOfCommonStock
1402057,CDW,2016,367400000.0,PaymentsForRepurchaseOfCommonStock
1402057,CDW,2017,367400000.0,PaymentsForRepurchaseOfCommonStock
1402057,CDW,2018,367400000.0,PaymentsForRepurchaseOfCommonStock
1402057,CDW,2019,534000000.0,PaymentsForRepurchaseOfCommonStock
1402057,CDW,2020,340600000.0,PaymentsForRepurchaseOfCommonStock
1402057,CDW,2021,340600000.0,PaymentsForRepurchaseOfCommonStock
1402057,CDW,2022,340600000.0,PaymentsForRepurchaseOfCommonStock
1402057,CDW,2023,1500400000.0,PaymentsForRepurchaseOfCommonStock
1402057,CDW,2024,500000000.0,PaymentsForRepurchaseOfCommonStock
1402057,CDW,2025,500000000.0,PaymentsForRepurchaseOfCommonStock
1403161,V,2015,5365000000.0,PaymentsForRepurchaseOfCommonStock
1403161,V,2019,6891000000.0,PaymentsForRepurchaseOfCommonStock
1403161,V,2020,8114000000.0,PaymentsForRepurchaseOfCommonStock
1403161,V,2021,8114000000.0,PaymentsForRepurchaseOfCommonStock
1403161,V,2022,8114000000.0,PaymentsForRepurchaseOfCommonStock
1403161,V,2023,8676000000.0,PaymentsForRepurchaseOfCommonStock
1403161,V,2024,16713000000.0,PaymentsForRepurchaseOfCommonStock
1403161,V,2025,16713000000.0,PaymentsForRepurchaseOfCommonStock
1403568,ULTA,2015,37337000.0,PaymentsForRepurchaseOfCommonStock
1403568,ULTA,2016,39923000.0,PaymentsForRepurchaseOfCommonStock
1403568,ULTA,2017,367581000.0,PaymentsForRepurchaseOfCommonStock
1403568,ULTA,2018,367581000.0,PaymentsForRepurchaseOfCommonStock
1403568,ULTA,2019,367581000.0,PaymentsForRepurchaseOfCommonStock
1403568,ULTA,2020,616194000.0,PaymentsForRepurchaseOfCommonStock
1403568,ULTA,2021,680979000.0,PaymentsForRepurchaseOfCommonStock
1403568,ULTA,2022,114895000.0,PaymentsForRepurchaseOfCommonStock
1403568,ULTA,2023,995738000.0,PaymentsForRepurchaseOfCommonStock
1403568,ULTA,2024,995738000.0,PaymentsForRepurchaseOfCommonStock
1403568,ULTA,2025,995738000.0,PaymentsForRepurchaseOfCommonStock
1404912,KKR,2015,161929000.0,PaymentsForRepurchaseOfCommonStock
1404912,KKR,2019,173142000.0,PaymentsForRepurchaseOfCommonStock
1404912,KKR,2020,246160000.0,PaymentsForRepurchaseOfCommonStock
1404912,KKR,2021,246160000.0,PaymentsForRepurchaseOfCommonStock
1404912,KKR,2022,246160000.0,PaymentsForRepurchaseOfCommonStock
1404912,KKR,2023,269710000.0,PaymentsForRepurchaseOfCommonStock
1404912,KKR,2024,346651000.0,PaymentsForRepurchaseOfCommonStock
1404912,KKR,2025,289844000.0,PaymentsForRepurchaseOfCommonStock
1404912,KKR,2016,296844000.0,PaymentsForRepurchaseOfEquity
1404912,KKR,2017,296844000.0,PaymentsForRepurchaseOfEquity
1408198,MSCI,2015,112183000.0,PaymentsForRepurchaseOfCommonStock
1408198,MSCI,2016,774565000.0,PaymentsForRepurchaseOfCommonStock
1408198,MSCI,2017,774565000.0,PaymentsForRepurchaseOfCommonStock
1408198,MSCI,2018,774565000.0,PaymentsForRepurchaseOfCommonStock
1408198,MSCI,2019,150461000.0,PaymentsForRepurchaseOfCommonStock
1408198,MSCI,2020,778519000.0,PaymentsForRepurchaseOfCommonStock
1408198,MSCI,2021,778519000.0,PaymentsForRepurchaseOfCommonStock
1408198,MSCI,2022,778519000.0,PaymentsForRepurchaseOfCommonStock
1408198,MSCI,2023,198374000.0,PaymentsForRepurchaseOfCommonStock
1408198,MSCI,2024,885266000.0,PaymentsForRepurchaseOfCommonStock
1408198,MSCI,2025,885266000.0,PaymentsForRepurchaseOfCommonStock
1410636,AWK,2015,126000000.0,PaymentsForRepurchaseOfCommonStock
1410636,AWK,2016,65000000.0,PaymentsForRepurchaseOfCommonStock
1410636,AWK,2017,65000000.0,PaymentsForRepurchaseOfCommonStock
1410636,AWK,2018,65000000.0,PaymentsForRepurchaseOfCommonStock
1410636,AWK,2019,54000000.0,PaymentsForRepurchaseOfCommonStock
1410636,AWK,2020,45000000.0,PaymentsForRepurchaseOfCommonStock
1410636,AWK,2021,36000000.0,PaymentsForRepurchaseOfCommonStock
1413329,PM,2015,5963000000.0,PaymentsForRepurchaseOfCommonStock
1413329,PM,2016,3833000000.0,PaymentsForRepurchaseOfCommonStock
1413329,PM,2017,48000000.0,PaymentsForRepurchaseOfCommonStock
1413329,PM,2021,775000000.0,PaymentsForRepurchaseOfCommonStock
1413329,PM,2022,775000000.0,PaymentsForRepurchaseOfCommonStock
1413329,PM,2023,775000000.0,PaymentsForRepurchaseOfCommonStock
1413329,PM,2024,209000000.0,PaymentsForRepurchaseOfCommonStock
1413447,NXPI,2019,286000000.0,PaymentsForRepurchaseOfCommonStock
1413447,NXPI,2020,627000000.0,PaymentsForRepurchaseOfCommonStock
1413447,NXPI,2021,627000000.0,PaymentsForRepurchaseOfCommonStock
1413447,NXPI,2022,627000000.0,PaymentsForRepurchaseOfCommonStock
1413447,NXPI,2023,4015000000.0,PaymentsForRepurchaseOfCommonStock
1413447,NXPI,2024,1373000000.0,PaymentsForRepurchaseOfCommonStock
1413447,NXPI,2025,1373000000.0,PaymentsForRepurchaseOfCommonStock
1415404,ECHO,2018,33292000.0,PaymentsForRepurchaseOfCommonStock
1415404,ECHO,2019,33292000.0,PaymentsForRepurchaseOfCommonStock
1415404,ECHO,2020,43458000.0,PaymentsForRepurchaseOfCommonStock
1415404,ECHO,2021,43458000.0,PaymentsForRepurchaseOfCommonStock
1415404,ECHO,2022,43458000.0,PaymentsForRepurchaseOfCommonStock
1415404,ECHO,2023,261436000.0,PaymentsForRepurchaseOfCommonStock
1415404,ECHO,2024,89303000.0,PaymentsForRepurchaseOfCommonStock
1415404,ECHO,2025,48512000.0,PaymentsForRepurchaseOfCommonStock
1418135,KDP,2015,400000000.0,PaymentsForRepurchaseOfCommonStock
1418135,KDP,2016,519000000.0,PaymentsForRepurchaseOfCommonStock
1418135,KDP,2017,519000000.0,PaymentsForRepurchaseOfCommonStock
1418135,KDP,2022,379000000.0,PaymentsForRepurchaseOfCommonStock
1418135,KDP,2023,379000000.0,PaymentsForRepurchaseOfCommonStock
1418135,KDP,2024,1110000000.0,PaymentsForRepurchaseOfCommonStock
1418135,KDP,2025,1110000000.0,PaymentsForRepurchaseOfCommonStock
1437107,WBD,2015,1049000000.0,PaymentsForRepurchaseOfCommonStock
1437107,WBD,2018,1374000000.0,PaymentsForRepurchaseOfCommonStock
1437107,WBD,2016,1374000000.0,PaymentsForRepurchaseOfEquity
1437107,WBD,2017,1374000000.0,PaymentsForRepurchaseOfEquity
1437107,WBD,2019,603000000.0,PaymentsForRepurchaseOfEquity
1437107,WBD,2020,969000000.0,PaymentsForRepurchaseOfEquity
1437107,WBD,2021,969000000.0,PaymentsForRepurchaseOfEquity
1437107,WBD,2022,969000000.0,PaymentsForRepurchaseOfEquity
1442145,VRSK,2015,277411000.0,PaymentsForRepurchaseOfCommonStock
1442145,VRSK,2016,326800000.0,PaymentsForRepurchaseOfCommonStock
1442145,VRSK,2017,326800000.0,PaymentsForRepurchaseOfCommonStock
1442145,VRSK,2018,326800000.0,PaymentsForRepurchaseOfCommonStock
1442145,VRSK,2019,276300000.0,PaymentsForRepurchaseOfCommonStock
1442145,VRSK,2020,348800000.0,PaymentsForRepurchaseOfCommonStock
1442145,VRSK,2021,348800000.0,PaymentsForRepurchaseOfCommonStock
1442145,VRSK,2022,348800000.0,PaymentsForRepurchaseOfCommonStock
1442145,VRSK,2023,475000000.0,PaymentsForRepurchaseOfCommonStock
1442145,VRSK,2024,1005000000.0,PaymentsForRepurchaseOfCommonStock
1442145,VRSK,2025,1005000000.0,PaymentsForRepurchaseOfCommonStock
1466258,TT,2015,1213200000.0,PaymentsForRepurchaseOfCommonStock
1466258,TT,2016,250100000.0,PaymentsForRepurchaseOfCommonStock
1466258,TT,2017,250100000.0,PaymentsForRepurchaseOfCommonStock
1466258,TT,2018,250100000.0,PaymentsForRepurchaseOfCommonStock
1466258,TT,2019,1016900000.0,PaymentsForRepurchaseOfCommonStock
1466258,TT,2020,250000000.0,PaymentsForRepurchaseOfCommonStock
1466258,TT,2021,250000000.0,PaymentsForRepurchaseOfCommonStock
1466258,TT,2022,250000000.0,PaymentsForRepurchaseOfCommonStock
1466258,TT,2023,1100300000.0,PaymentsForRepurchaseOfCommonStock
1466258,TT,2024,1280800000.0,PaymentsForRepurchaseOfCommonStock
1466258,TT,2025,1280800000.0,PaymentsForRepurchaseOfCommonStock
1467373,ACN,2015,2544352000.0,PaymentsForRepurchaseOfCommonStock
1467373,ACN,2016,2604989000.0,PaymentsForRepurchaseOfCommonStock
1467373,ACN,2017,2604989000.0,PaymentsForRepurchaseOfCommonStock
1467373,ACN,2018,2604989000.0,PaymentsForRepurchaseOfCommonStock
1467373,ACN,2019,2649051000.0,PaymentsForRepurchaseOfCommonStock
1467373,ACN,2020,2915847000.0,PaymentsForRepurchaseOfCommonStock
1467373,ACN,2021,2915847000.0,PaymentsForRepurchaseOfCommonStock
1467373,ACN,2022,2915847000.0,PaymentsForRepurchaseOfCommonStock
1467373,ACN,2023,3703124000.0,PaymentsForRepurchaseOfCommonStock
1467373,ACN,2024,4524646000.0,PaymentsForRepurchaseOfCommonStock
1467373,ACN,2025,4524646000.0,PaymentsForRepurchaseOfCommonStock
1467858,GM,2016,2500000000.0,PaymentsForRepurchaseOfCommonStock
1467858,GM,2017,2500000000.0,PaymentsForRepurchaseOfCommonStock
1467858,GM,2018,2500000000.0,PaymentsForRepurchaseOfCommonStock
1467858,GM,2019,4492000000.0,PaymentsForRepurchaseOfCommonStock
1467858,GM,2022,90000000.0,PaymentsForRepurchaseOfCommonStock
1467858,GM,2023,2500000000.0,PaymentsForRepurchaseOfCommonStock
1467858,GM,2024,7064000000.0,PaymentsForRepurchaseOfCommonStock
1467858,GM,2025,7064000000.0,PaymentsForRepurchaseOfCommonStock
1467858,GM,2015,2438000000.0,PaymentsForRepurchaseOfEquity
1474735,GNRC,2015,99942000.0,PaymentsForRepurchaseOfCommonStock
1474735,GNRC,2016,149937000.0,PaymentsForRepurchaseOfCommonStock
1474735,GNRC,2017,149937000.0,PaymentsForRepurchaseOfCommonStock
1474735,GNRC,2018,149937000.0,PaymentsForRepurchaseOfCommonStock
1474735,GNRC,2019,30012000.0,PaymentsForRepurchaseOfCommonStock
1474735,GNRC,2020,25656000.0,PaymentsForRepurchaseOfCommonStock
1474735,GNRC,2021,125992000.0,PaymentsForRepurchaseOfCommonStock
1474735,GNRC,2022,125992000.0,PaymentsForRepurchaseOfCommonStock
1474735,GNRC,2023,125992000.0,PaymentsForRepurchaseOfCommonStock
1474735,GNRC,2024,152743000.0,PaymentsForRepurchaseOfCommonStock
1474735,GNRC,2025,152743000.0,PaymentsForRepurchaseOfCommonStock
1478242,IQV,2015,6434000.0,PaymentsForRepurchaseOfCommonStock
1478242,IQV,2016,1097000000.0,PaymentsForRepurchaseOfCommonStock
1478242,IQV,2017,1097000000.0,PaymentsForRepurchaseOfCommonStock
1478242,IQV,2018,1097000000.0,PaymentsForRepurchaseOfCommonStock
1478242,IQV,2019,2620000000.0,PaymentsForRepurchaseOfCommonStock
1478242,IQV,2020,447000000.0,PaymentsForRepurchaseOfCommonStock
1478242,IQV,2021,447000000.0,PaymentsForRepurchaseOfCommonStock
1478242,IQV,2022,447000000.0,PaymentsForRepurchaseOfCommonStock
1478242,IQV,2023,406000000.0,PaymentsForRepurchaseOfCommonStock
1478242,IQV,2024,1350000000.0,PaymentsForRepurchaseOfCommonStock
1478242,IQV,2025,1350000000.0,PaymentsForRepurchaseOfCommonStock
1489393,LYB,2015,1949000000.0,PaymentsForRepurchaseOfCommonStock
1489393,LYB,2016,2938000000.0,PaymentsForRepurchaseOfCommonStock
1489393,LYB,2017,2938000000.0,PaymentsForRepurchaseOfCommonStock
1489393,LYB,2018,2938000000.0,PaymentsForRepurchaseOfCommonStock
1489393,LYB,2019,866000000.0,PaymentsForRepurchaseOfCommonStock
1489393,LYB,2020,4000000.0,PaymentsForRepurchaseOfCommonStock
1489393,LYB,2021,4000000.0,PaymentsForRepurchaseOfCommonStock
1489393,LYB,2022,4000000.0,PaymentsForRepurchaseOfCommonStock
1489393,LYB,2023,463000000.0,PaymentsForRepurchaseOfCommonStock
1489393,LYB,2024,195000000.0,PaymentsForRepurchaseOfCommonStock
1489393,LYB,2025,195000000.0,PaymentsForRepurchaseOfCommonStock
1501585,HII,2015,119000000.0,PaymentsForRepurchaseOfCommonStock
1501585,HII,2016,194000000.0,PaymentsForRepurchaseOfCommonStock
1501585,HII,2017,194000000.0,PaymentsForRepurchaseOfCommonStock
1501585,HII,2018,194000000.0,PaymentsForRepurchaseOfCommonStock
1501585,HII,2019,286000000.0,PaymentsForRepurchaseOfCommonStock
1501585,HII,2020,84000000.0,PaymentsForRepurchaseOfCommonStock
1501585,HII,2021,84000000.0,PaymentsForRepurchaseOfCommonStock
1501585,HII,2022,84000000.0,PaymentsForRepurchaseOfCommonStock
1501585,HII,2023,101000000.0,PaymentsForRepurchaseOfCommonStock
1501585,HII,2024,162000000.0,PaymentsForRepurchaseOfCommonStock
1501585,HII,2025,162000000.0,PaymentsForRepurchaseOfCommonStock
1506307,KMI,2018,250000000.0,PaymentsForRepurchaseOfCommonStock
1506307,KMI,2019,250000000.0,PaymentsForRepurchaseOfCommonStock
1506307,KMI,2020,50000000.0,PaymentsForRepurchaseOfCommonStock
1506307,KMI,2021,50000000.0,PaymentsForRepurchaseOfCommonStock
1506307,KMI,2022,50000000.0,PaymentsForRepurchaseOfCommonStock
1506307,KMI,2023,368000000.0,PaymentsForRepurchaseOfCommonStock
1506307,KMI,2024,7000000.0,PaymentsForRepurchaseOfCommonStock
1506307,KMI,2025,7000000.0,PaymentsForRepurchaseOfCommonStock
1510295,MPC,2015,2793000000.0,PaymentsForRepurchaseOfCommonStock
1510295,MPC,2016,197000000.0,PaymentsForRepurchaseOfCommonStock
1510295,MPC,2017,197000000.0,PaymentsForRepurchaseOfCommonStock
1510295,MPC,2018,197000000.0,PaymentsForRepurchaseOfCommonStock
1510295,MPC,2019,2372000000.0,PaymentsForRepurchaseOfCommonStock
1510295,MPC,2020,3287000000.0,PaymentsForRepurchaseOfCommonStock
1510295,MPC,2021,1950000000.0,PaymentsForRepurchaseOfCommonStock
1510295,MPC,2022,4654000000.0,PaymentsForRepurchaseOfCommonStock
1510295,MPC,2023,4654000000.0,PaymentsForRepurchaseOfCommonStock
1510295,MPC,2024,9189000000.0,PaymentsForRepurchaseOfCommonStock
1510295,MPC,2025,9189000000.0,PaymentsForRepurchaseOfCommonStock
1512673,XYZ,2023,156812000.0,PaymentsForRepurchaseOfCommonStock
1512673,XYZ,2024,1170339000.0,PaymentsForRepurchaseOfCommonStock
1512673,XYZ,2025,1170339000.0,PaymentsForRepurchaseOfCommonStock
1513761,NCLH,2015,82000000.0,PaymentsForRepurchaseOfCommonStock
1513761,NCLH,2016,49999000.0,PaymentsForRepurchaseOfCommonStock
1513761,NCLH,2017,49999000.0,PaymentsForRepurchaseOfCommonStock
1513761,NCLH,2018,49999000.0,PaymentsForRepurchaseOfCommonStock
1513761,NCLH,2019,664811000.0,PaymentsForRepurchaseOfCommonStock
1513761,NCLH,2020,664811000.0,PaymentsForRepurchaseOfCommonStock
1513761,NCLH,2021,349860000.0,PaymentsForRepurchaseOfCommonStock
1521332,APTV,2015,457000000.0,PaymentsForRepurchaseOfCommonStock
1521332,APTV,2016,634000000.0,PaymentsForRepurchaseOfCommonStock
1521332,APTV,2017,634000000.0,PaymentsForRepurchaseOfCommonStock
1521332,APTV,2018,634000000.0,PaymentsForRepurchaseOfCommonStock
1521332,APTV,2019,383000000.0,PaymentsForRepurchaseOfCommonStock
1521332,APTV,2020,57000000.0,PaymentsForRepurchaseOfCommonStock
1521332,APTV,2021,57000000.0,PaymentsForRepurchaseOfCommonStock
1521332,APTV,2022,57000000.0,PaymentsForRepurchaseOfCommonStock
1521332,APTV,2023,398000000.0,PaymentsForRepurchaseOfCommonStock
1521332,APTV,2024,4104000000.0,PaymentsForRepurchaseOfCommonStock
1521332,APTV,2025,4104000000.0,PaymentsForRepurchaseOfCommonStock
1524472,XYL,2015,73000000.0,PaymentsForRepurchaseOfCommonStock
1524472,XYL,2016,4000000.0,PaymentsForRepurchaseOfCommonStock
1524472,XYL,2017,4000000.0,PaymentsForRepurchaseOfCommonStock
1524472,XYL,2018,4000000.0,PaymentsForRepurchaseOfCommonStock
1524472,XYL,2019,25000000.0,PaymentsForRepurchaseOfCommonStock
1524472,XYL,2020,61000000.0,PaymentsForRepurchaseOfCommonStock
1524472,XYL,2021,61000000.0,PaymentsForRepurchaseOfCommonStock
1524472,XYL,2022,61000000.0,PaymentsForRepurchaseOfCommonStock
1524472,XYL,2023,68000000.0,PaymentsForRepurchaseOfCommonStock
1524472,XYL,2024,20000000.0,PaymentsForRepurchaseOfCommonStock
1524472,XYL,2025,20000000.0,PaymentsForRepurchaseOfCommonStock
1534701,PSX,2015,2246000000.0,PaymentsForRepurchaseOfCommonStock
1534701,PSX,2016,1042000000.0,PaymentsForRepurchaseOfCommonStock
1534701,PSX,2017,1042000000.0,PaymentsForRepurchaseOfCommonStock
1534701,PSX,2018,1042000000.0,PaymentsForRepurchaseOfCommonStock
1534701,PSX,2019,1590000000.0,PaymentsForRepurchaseOfCommonStock
1534701,PSX,2020,443000000.0,PaymentsForRepurchaseOfCommonStock
1534701,PSX,2021,443000000.0,PaymentsForRepurchaseOfCommonStock
1534701,PSX,2022,443000000.0,PaymentsForRepurchaseOfCommonStock
1534701,PSX,2023,1513000000.0,PaymentsForRepurchaseOfCommonStock
1534701,PSX,2024,3451000000.0,PaymentsForRepurchaseOfCommonStock
1534701,PSX,2025,3451000000.0,PaymentsForRepurchaseOfCommonStock
1535527,CRWD,2020,2330000.0,PaymentsForRepurchaseOfCommonStock
1535527,CRWD,2021,2330000.0,PaymentsForRepurchaseOfCommonStock
1539838,FANG,2019,593000000.0,PaymentsForRepurchaseOfCommonStock
1539838,FANG,2020,98000000.0,PaymentsForRepurchaseOfCommonStock
1539838,FANG,2021,98000000.0,PaymentsForRepurchaseOfCommonStock
1539838,FANG,2022,98000000.0,PaymentsForRepurchaseOfCommonStock
1539838,FANG,2023,431000000.0,PaymentsForRepurchaseOfCommonStock
1539838,FANG,2024,959000000.0,PaymentsForRepurchaseOfCommonStock
1543151,UBER,2024,1252000000.0,PaymentsForRepurchaseOfCommonStock
1543151,UBER,2025,1252000000.0,PaymentsForRepurchaseOfCommonStock
1543151,UBER,2019,131000000.0,PaymentsForRepurchaseOfEquity
1551152,ABBV,2015,320000000.0,PaymentsForRepurchaseOfCommonStock
1551152,ABBV,2016,6033000000.0,PaymentsForRepurchaseOfCommonStock
1551152,ABBV,2017,6033000000.0,PaymentsForRepurchaseOfCommonStock
1551152,ABBV,2018,6033000000.0,PaymentsForRepurchaseOfCommonStock
1551152,ABBV,2019,1410000000.0,PaymentsForRepurchaseOfCommonStock
1551152,ABBV,2020,978000000.0,PaymentsForRepurchaseOfCommonStock
1551152,ABBV,2021,978000000.0,PaymentsForRepurchaseOfCommonStock
1551152,ABBV,2022,978000000.0,PaymentsForRepurchaseOfCommonStock
1551152,ABBV,2023,934000000.0,PaymentsForRepurchaseOfCommonStock
1551152,ABBV,2024,1708000000.0,PaymentsForRepurchaseOfCommonStock
1551152,ABBV,2025,1708000000.0,PaymentsForRepurchaseOfCommonStock
1551182,ETN,2015,650000000.0,PaymentsForRepurchaseOfCommonStock
1551182,ETN,2016,730000000.0,PaymentsForRepurchaseOfCommonStock
1551182,ETN,2017,730000000.0,PaymentsForRepurchaseOfCommonStock
1551182,ETN,2018,730000000.0,PaymentsForRepurchaseOfCommonStock
1551182,ETN,2019,850000000.0,PaymentsForRepurchaseOfCommonStock
1551182,ETN,2020,1608000000.0,PaymentsForRepurchaseOfCommonStock
1551182,ETN,2021,1608000000.0,PaymentsForRepurchaseOfCommonStock
1551182,ETN,2022,1608000000.0,PaymentsForRepurchaseOfCommonStock
1551182,ETN,2023,122000000.0,PaymentsForRepurchaseOfCommonStock
1551182,ETN,2024,2492000000.0,PaymentsForRepurchaseOfCommonStock
1551182,ETN,2025,2492000000.0,PaymentsForRepurchaseOfCommonStock
1555280,ZTS,2015,203000000.0,PaymentsForRepurchaseOfCommonStock
1555280,ZTS,2016,300000000.0,PaymentsForRepurchaseOfCommonStock
1555280,ZTS,2017,300000000.0,PaymentsForRepurchaseOfCommonStock
1555280,ZTS,2018,300000000.0,PaymentsForRepurchaseOfCommonStock
1555280,ZTS,2019,500000000.0,PaymentsForRepurchaseOfCommonStock
1555280,ZTS,2020,250000000.0,PaymentsForRepurchaseOfCommonStock
1555280,ZTS,2021,250000000.0,PaymentsForRepurchaseOfCommonStock
1555280,ZTS,2022,250000000.0,PaymentsForRepurchaseOfCommonStock
1555280,ZTS,2023,743000000.0,PaymentsForRepurchaseOfCommonStock
1555280,ZTS,2024,1858000000.0,PaymentsForRepurchaseOfCommonStock
1555280,ZTS,2025,1858000000.0,PaymentsForRepurchaseOfCommonStock
1559720,ABNB,2022,1500000000.0,PaymentsForRepurchaseOfCommonStock
1559720,ABNB,2023,1500000000.0,PaymentsForRepurchaseOfCommonStock
1559720,ABNB,2024,3430000000.0,PaymentsForRepurchaseOfCommonStock
1559720,ABNB,2025,3430000000.0,PaymentsForRepurchaseOfCommonStock
1564708,NWS,2022,179000000.0,PaymentsForRepurchaseOfCommonStock
1564708,NWS,2023,179000000.0,PaymentsForRepurchaseOfCommonStock
1564708,NWS,2024,117000000.0,PaymentsForRepurchaseOfCommonStock
1564708,NWS,2025,117000000.0,PaymentsForRepurchaseOfCommonStock
1564708,NWS,2026,117000000.0,PaymentsForRepurchaseOfCommonStock
1564708,NWS,2015,30000000.0,PaymentsForRepurchaseOfEquity
1564708,NWS,2016,41000000.0,PaymentsForRepurchaseOfEquity
1564708,NWS,2017,41000000.0,PaymentsForRepurchaseOfEquity
1564708,NWS,2018,41000000.0,PaymentsForRepurchaseOfEquity
1571949,ICE,2015,645000000.0,PaymentsForRepurchaseOfCommonStock
1571949,ICE,2016,50000000.0,PaymentsForRepurchaseOfCommonStock
1571949,ICE,2017,50000000.0,PaymentsForRepurchaseOfCommonStock
1571949,ICE,2018,50000000.0,PaymentsForRepurchaseOfCommonStock
1571949,ICE,2019,949000000.0,PaymentsForRepurchaseOfCommonStock
1571949,ICE,2020,1247000000.0,PaymentsForRepurchaseOfCommonStock
1571949,ICE,2021,1247000000.0,PaymentsForRepurchaseOfCommonStock
1571949,ICE,2022,1247000000.0,PaymentsForRepurchaseOfCommonStock
1571949,ICE,2023,250000000.0,PaymentsForRepurchaseOfCommonStock
1571949,ICE,2024,632000000.0,PaymentsForRepurchaseOfCommonStock
1571949,ICE,2025,1294000000.0,PaymentsForRepurchaseOfCommonStock
1571996,DELL,2021,14075000000.0,PaymentsForRepurchaseOfCommonStock
1571996,DELL,2022,8000000.0,PaymentsForRepurchaseOfCommonStock
1571996,DELL,2023,3272000000.0,PaymentsForRepurchaseOfCommonStock
1571996,DELL,2024,2883000000.0,PaymentsForRepurchaseOfCommonStock
1571996,DELL,2025,2883000000.0,PaymentsForRepurchaseOfCommonStock
1571996,DELL,2026,2080000000.0,PaymentsForRepurchaseOfCommonStock
1579241,ALLE,2015,50300000.0,PaymentsForRepurchaseOfCommonStock
1579241,ALLE,2016,85100000.0,PaymentsForRepurchaseOfCommonStock
1579241,ALLE,2017,85100000.0,PaymentsForRepurchaseOfCommonStock
1579241,ALLE,2018,85100000.0,PaymentsForRepurchaseOfCommonStock
1579241,ALLE,2019,60000000.0,PaymentsForRepurchaseOfCommonStock
1579241,ALLE,2020,208800000.0,PaymentsForRepurchaseOfCommonStock
1579241,ALLE,2021,208800000.0,PaymentsForRepurchaseOfCommonStock
1579241,ALLE,2022,208800000.0,PaymentsForRepurchaseOfCommonStock
1579241,ALLE,2023,412800000.0,PaymentsForRepurchaseOfCommonStock
1579241,ALLE,2024,220000000.0,PaymentsForRepurchaseOfCommonStock
1579241,ALLE,2025,220000000.0,PaymentsForRepurchaseOfCommonStock
1585689,HLT,2017,891000000.0,PaymentsForRepurchaseOfCommonStock
1585689,HLT,2018,891000000.0,PaymentsForRepurchaseOfCommonStock
1585689,HLT,2019,891000000.0,PaymentsForRepurchaseOfCommonStock
1585689,HLT,2020,296000000.0,PaymentsForRepurchaseOfCommonStock
1585689,HLT,2021,296000000.0,PaymentsForRepurchaseOfCommonStock
1585689,HLT,2022,296000000.0,PaymentsForRepurchaseOfCommonStock
1585689,HLT,2023,1590000000.0,PaymentsForRepurchaseOfCommonStock
1585689,HLT,2024,2893000000.0,PaymentsForRepurchaseOfCommonStock
1585689,HLT,2025,2893000000.0,PaymentsForRepurchaseOfCommonStock
1596532,ANET,2019,266142000.0,PaymentsForRepurchaseOfCommonStock
1596532,ANET,2020,395173000.0,PaymentsForRepurchaseOfCommonStock
1596532,ANET,2021,395173000.0,PaymentsForRepurchaseOfCommonStock
1596532,ANET,2022,395173000.0,PaymentsForRepurchaseOfCommonStock
1596532,ANET,2023,411645000.0,PaymentsForRepurchaseOfCommonStock
1596532,ANET,2024,423619000.0,PaymentsForRepurchaseOfCommonStock
1596532,ANET,2025,423600000.0,PaymentsForRepurchaseOfCommonStock
1601046,KEYS,2016,62000000.0,PaymentsForRepurchaseOfCommonStock
1601046,KEYS,2017,62000000.0,PaymentsForRepurchaseOfCommonStock
1601046,KEYS,2018,62000000.0,PaymentsForRepurchaseOfCommonStock
1601046,KEYS,2019,120000000.0,PaymentsForRepurchaseOfCommonStock
1601046,KEYS,2020,411000000.0,PaymentsForRepurchaseOfCommonStock
1601046,KEYS,2021,411000000.0,PaymentsForRepurchaseOfCommonStock
1601046,KEYS,2022,411000000.0,PaymentsForRepurchaseOfCommonStock
1601046,KEYS,2023,673000000.0,PaymentsForRepurchaseOfCommonStock
1601046,KEYS,2024,439000000.0,PaymentsForRepurchaseOfCommonStock
1601046,KEYS,2025,439000000.0,PaymentsForRepurchaseOfCommonStock
1601712,SYF,2016,476000000.0,PaymentsForRepurchaseOfCommonStock
1601712,SYF,2017,476000000.0,PaymentsForRepurchaseOfCommonStock
1601712,SYF,2018,476000000.0,PaymentsForRepurchaseOfCommonStock
1601712,SYF,2019,1497000000.0,PaymentsForRepurchaseOfCommonStock
1601712,SYF,2020,985000000.0,PaymentsForRepurchaseOfCommonStock
1601712,SYF,2021,985000000.0,PaymentsForRepurchaseOfCommonStock
1601712,SYF,2022,985000000.0,PaymentsForRepurchaseOfCommonStock
1601712,SYF,2023,2876000000.0,PaymentsForRepurchaseOfCommonStock
1601712,SYF,2024,1008000000.0,PaymentsForRepurchaseOfCommonStock
1601712,SYF,2025,1008000000.0,PaymentsForRepurchaseOfCommonStock
1609711,GDDY,2017,18800000.0,PaymentsForRepurchaseOfCommonStock
1609711,GDDY,2018,18800000.0,PaymentsForRepurchaseOfCommonStock
1609711,GDDY,2019,458600000.0,PaymentsForRepurchaseOfCommonStock
1609711,GDDY,2020,541700000.0,PaymentsForRepurchaseOfCommonStock
1609711,GDDY,2021,541700000.0,PaymentsForRepurchaseOfCommonStock
1609711,GDDY,2022,541700000.0,PaymentsForRepurchaseOfCommonStock
1609711,GDDY,2023,526000000.0,PaymentsForRepurchaseOfCommonStock
1609711,GDDY,2024,676500000.0,PaymentsForRepurchaseOfCommonStock
1609711,GDDY,2025,676500000.0,PaymentsForRepurchaseOfCommonStock
1613103,MDT,2015,1247000000.0,PaymentsForRepurchaseOfCommonStock
1613103,MDT,2016,2830000000.0,PaymentsForRepurchaseOfCommonStock
1613103,MDT,2017,2830000000.0,PaymentsForRepurchaseOfCommonStock
1613103,MDT,2018,2830000000.0,PaymentsForRepurchaseOfCommonStock
1613103,MDT,2019,3544000000.0,PaymentsForRepurchaseOfCommonStock
1613103,MDT,2020,2171000000.0,PaymentsForRepurchaseOfCommonStock
1613103,MDT,2021,652000000.0,PaymentsForRepurchaseOfCommonStock
1613103,MDT,2022,652000000.0,PaymentsForRepurchaseOfCommonStock
1613103,MDT,2023,652000000.0,PaymentsForRepurchaseOfCommonStock
1613103,MDT,2024,2544000000.0,PaymentsForRepurchaseOfCommonStock
1613103,MDT,2025,645000000.0,PaymentsForRepurchaseOfCommonStock
1613103,MDT,2026,2138000000.0,PaymentsForRepurchaseOfCommonStock
1633917,PYPL,2016,995000000.0,PaymentsForRepurchaseOfCommonStock
1633917,PYPL,2017,995000000.0,PaymentsForRepurchaseOfCommonStock
1633917,PYPL,2018,995000000.0,PaymentsForRepurchaseOfCommonStock
1633917,PYPL,2019,1006000000.0,PaymentsForRepurchaseOfCommonStock
1633917,PYPL,2020,1635000000.0,PaymentsForRepurchaseOfCommonStock
1633917,PYPL,2021,1635000000.0,PaymentsForRepurchaseOfCommonStock
1633917,PYPL,2022,1635000000.0,PaymentsForRepurchaseOfCommonStock
1633917,PYPL,2023,3373000000.0,PaymentsForRepurchaseOfCommonStock
1633917,PYPL,2024,6047000000.0,PaymentsForRepurchaseOfCommonStock
1633917,PYPL,2025,6047000000.0,PaymentsForRepurchaseOfCommonStock
1633978,LITE,2020,200000000.0,PaymentsForRepurchaseOfCommonStock
1633978,LITE,2021,236000000.0,PaymentsForRepurchaseOfCommonStock
1633978,LITE,2022,236000000.0,PaymentsForRepurchaseOfCommonStock
1633978,LITE,2023,236000000.0,PaymentsForRepurchaseOfCommonStock
1633978,LITE,2024,543900000.0,PaymentsForRepurchaseOfCommonStock
1633978,LITE,2025,175600000.0,PaymentsForRepurchaseOfCommonStock
1637459,KHC,2023,280000000.0,PaymentsForRepurchaseOfCommonStock
1637459,KHC,2024,280000000.0,PaymentsForRepurchaseOfCommonStock
1637459,KHC,2025,455000000.0,PaymentsForRepurchaseOfCommonStock
1645590,HPE,2016,2662000000.0,PaymentsForRepurchaseOfCommonStock
1645590,HPE,2017,2662000000.0,PaymentsForRepurchaseOfCommonStock
1645590,HPE,2018,2662000000.0,PaymentsForRepurchaseOfCommonStock
1645590,HPE,2019,2556000000.0,PaymentsForRepurchaseOfCommonStock
1645590,HPE,2020,355000000.0,PaymentsForRepurchaseOfCommonStock
1645590,HPE,2021,355000000.0,PaymentsForRepurchaseOfCommonStock
1645590,HPE,2022,355000000.0,PaymentsForRepurchaseOfCommonStock
1645590,HPE,2023,213000000.0,PaymentsForRepurchaseOfCommonStock
1645590,HPE,2024,150000000.0,PaymentsForRepurchaseOfCommonStock
1645590,HPE,2025,150000000.0,PaymentsForRepurchaseOfCommonStock
1652044,GOOG,2015,1780000000.0,PaymentsForRepurchaseOfCommonStock
1652044,GOOG,2016,3693000000.0,PaymentsForRepurchaseOfCommonStock
1652044,GOOG,2017,3693000000.0,PaymentsForRepurchaseOfCommonStock
1652044,GOOG,2018,3693000000.0,PaymentsForRepurchaseOfCommonStock
1652044,GOOG,2019,4846000000.0,PaymentsForRepurchaseOfCommonStock
1652044,GOOG,2020,31149000000.0,PaymentsForRepurchaseOfCommonStock
1652044,GOOG,2021,31149000000.0,PaymentsForRepurchaseOfCommonStock
1652044,GOOG,2022,31149000000.0,PaymentsForRepurchaseOfCommonStock
1652044,GOOG,2023,50274000000.0,PaymentsForRepurchaseOfCommonStock
1652044,GOOG,2024,62222000000.0,PaymentsForRepurchaseOfCommonStock
1652044,GOOG,2025,62222000000.0,PaymentsForRepurchaseOfCommonStock
1659166,FTV,2022,442900000.0,PaymentsForRepurchaseOfCommonStock
1659166,FTV,2023,442900000.0,PaymentsForRepurchaseOfCommonStock
1659166,FTV,2024,889600000.0,PaymentsForRepurchaseOfCommonStock
1659166,FTV,2025,889600000.0,PaymentsForRepurchaseOfCommonStock
1666700,DD,2017,916000000.0,PaymentsForRepurchaseOfCommonStock
1666700,DD,2018,916000000.0,PaymentsForRepurchaseOfCommonStock
1666700,DD,2019,750000000.0,PaymentsForRepurchaseOfCommonStock
1666700,DD,2021,232000000.0,PaymentsForRepurchaseOfCommonStock
1666700,DD,2020,232000000.0,PaymentsForRepurchaseOfCommonStock
1666700,DD,2023,3250000000.0,PaymentsForRepurchaseOfCommonStock
1666700,DD,2024,3250000000.0,PaymentsForRepurchaseOfCommonStock
1666700,DD,2025,3250000000.0,PaymentsForRepurchaseOfCommonStock
1671933,TTD,2023,646597000.0,PaymentsForRepurchaseOfCommonStock
1671933,TTD,2024,234784000.0,PaymentsForRepurchaseOfCommonStock
1671933,TTD,2025,234784000.0,PaymentsForRepurchaseOfCommonStock
1671933,TTD,2016,54000000.0,PaymentsForRepurchaseOfEquity
1671933,TTD,2017,54000000.0,PaymentsForRepurchaseOfEquity
1671933,TTD,2018,54000000.0,PaymentsForRepurchaseOfEquity
1674101,VRT,2024,599900000.0,PaymentsForRepurchaseOfCommonStock
1674101,VRT,2025,599900000.0,PaymentsForRepurchaseOfCommonStock
1679788,COIN,2025,790195000.0,PaymentsForRepurchaseOfCommonStock
1679788,COIN,2021,1930000.0,PaymentsForRepurchaseOfEquity
1679788,COIN,2022,1930000.0,PaymentsForRepurchaseOfEquity
1682852,MRNA,2021,857000000.0,PaymentsForRepurchaseOfCommonStock
1682852,MRNA,2022,857000000.0,PaymentsForRepurchaseOfCommonStock
1682852,MRNA,2023,857000000.0,PaymentsForRepurchaseOfCommonStock
1682852,MRNA,2024,3329000000.0,PaymentsForRepurchaseOfCommonStock
1682852,MRNA,2025,1153000000.0,PaymentsForRepurchaseOfCommonStock
1687229,INVH,2025,53207000.0,PaymentsForRepurchaseOfCommonStock
1692819,VST,2019,763000000.0,PaymentsForRepurchaseOfCommonStock
1692819,VST,2020,763000000.0,PaymentsForRepurchaseOfCommonStock
1692819,VST,2021,656000000.0,PaymentsForRepurchaseOfCommonStock
1692819,VST,2022,471000000.0,PaymentsForRepurchaseOfCommonStock
1692819,VST,2023,471000000.0,PaymentsForRepurchaseOfCommonStock
1692819,VST,2024,1266000000.0,PaymentsForRepurchaseOfCommonStock
1692819,VST,2025,1266000000.0,PaymentsForRepurchaseOfCommonStock
1699150,IR,2017,14100000.0,PaymentsForRepurchaseOfCommonStock
1699150,IR,2018,14100000.0,PaymentsForRepurchaseOfCommonStock
1699150,IR,2019,3600000.0,PaymentsForRepurchaseOfCommonStock
1699150,IR,2020,2100000.0,PaymentsForRepurchaseOfCommonStock
1699150,IR,2021,2100000.0,PaymentsForRepurchaseOfCommonStock
1699150,IR,2022,2100000.0,PaymentsForRepurchaseOfCommonStock
1699150,IR,2023,736800000.0,PaymentsForRepurchaseOfCommonStock
1699150,IR,2024,260700000.0,PaymentsForRepurchaseOfCommonStock
1699150,IR,2025,260700000.0,PaymentsForRepurchaseOfCommonStock
1701605,BKR,2017,174000000.0,PaymentsForRepurchaseOfCommonStock
1701605,BKR,2018,174000000.0,PaymentsForRepurchaseOfCommonStock
1701605,BKR,2019,174000000.0,PaymentsForRepurchaseOfCommonStock
1701605,BKR,2020,387000000.0,PaymentsForRepurchaseOfCommonStock
1701605,BKR,2021,434000000.0,PaymentsForRepurchaseOfCommonStock
1701605,BKR,2022,434000000.0,PaymentsForRepurchaseOfCommonStock
1701605,BKR,2023,434000000.0,PaymentsForRepurchaseOfCommonStock
1701605,BKR,2024,484000000.0,PaymentsForRepurchaseOfCommonStock
1701605,BKR,2025,484000000.0,PaymentsForRepurchaseOfCommonStock
1707925,LIN,2018,228000000.0,PaymentsForRepurchaseOfCommonStock
1707925,LIN,2019,12000000.0,PaymentsForRepurchaseOfCommonStock
1707925,LIN,2020,2457000000.0,PaymentsForRepurchaseOfCommonStock
1707925,LIN,2021,2457000000.0,PaymentsForRepurchaseOfCommonStock
1707925,LIN,2022,2457000000.0,PaymentsForRepurchaseOfCommonStock
1707925,LIN,2023,4612000000.0,PaymentsForRepurchaseOfCommonStock
1707925,LIN,2024,4482000000.0,PaymentsForRepurchaseOfCommonStock
1707925,LIN,2025,4482000000.0,PaymentsForRepurchaseOfCommonStock
1711269,EVRG,2018,1042300000.0,PaymentsForRepurchaseOfCommonStock
1711269,EVRG,2019,1042300000.0,PaymentsForRepurchaseOfCommonStock
1711269,EVRG,2020,1042300000.0,PaymentsForRepurchaseOfCommonStock
1711269,EVRG,2021,1628700000.0,PaymentsForRepurchaseOfCommonStock
1730168,AVGO,2018,7258000000.0,PaymentsForRepurchaseOfCommonStock
1730168,AVGO,2019,7258000000.0,PaymentsForRepurchaseOfCommonStock
1730168,AVGO,2020,7258000000.0,PaymentsForRepurchaseOfCommonStock
1730168,AVGO,2021,5435000000.0,PaymentsForRepurchaseOfCommonStock
1730168,AVGO,2022,7000000000.0,PaymentsForRepurchaseOfCommonStock
1730168,AVGO,2023,7000000000.0,PaymentsForRepurchaseOfCommonStock
1730168,AVGO,2024,7176000000.0,PaymentsForRepurchaseOfCommonStock
1730168,AVGO,2025,7176000000.0,PaymentsForRepurchaseOfCommonStock
1739940,CI,2018,139000000.0,PaymentsForRepurchaseOfCommonStock
1739940,CI,2019,2725000000.0,PaymentsForRepurchaseOfCommonStock
1739940,CI,2020,4042000000.0,PaymentsForRepurchaseOfCommonStock
1739940,CI,2021,4042000000.0,PaymentsForRepurchaseOfCommonStock
1739940,CI,2022,4042000000.0,PaymentsForRepurchaseOfCommonStock
1739940,CI,2023,7742000000.0,PaymentsForRepurchaseOfCommonStock
1739940,CI,2024,7034000000.0,PaymentsForRepurchaseOfCommonStock
1739940,CI,2025,7034000000.0,PaymentsForRepurchaseOfCommonStock
1744489,DIS,2019,9368000000.0,PaymentsForRepurchaseOfCommonStock
1744489,DIS,2020,3577000000.0,PaymentsForRepurchaseOfCommonStock
1744489,DIS,2024,2992000000.0,PaymentsForRepurchaseOfCommonStock
1744489,DIS,2025,2992000000.0,PaymentsForRepurchaseOfCommonStock
1748790,AMCR,2020,536600000.0,PaymentsForRepurchaseOfCommonStock
1748790,AMCR,2021,537000000.0,PaymentsForRepurchaseOfCommonStock
1748790,AMCR,2022,537000000.0,PaymentsForRepurchaseOfCommonStock
1748790,AMCR,2023,351000000.0,PaymentsForRepurchaseOfCommonStock
1748790,AMCR,2024,30000000.0,PaymentsForRepurchaseOfCommonStock
1748790,AMCR,2025,30000000.0,PaymentsForRepurchaseOfCommonStock
1748790,AMCR,2026,30000000.0,PaymentsForRepurchaseOfCommonStock
1751008,APP,2021,1766000.0,PaymentsForRepurchaseOfCommonStock
1751008,APP,2022,1766000.0,PaymentsForRepurchaseOfCommonStock
1751008,APP,2023,338880000.0,PaymentsForRepurchaseOfCommonStock
1751008,APP,2024,981297000.0,PaymentsForRepurchaseOfCommonStock
1751008,APP,2025,981297000.0,PaymentsForRepurchaseOfCommonStock
1751788,DOW,2019,500000000.0,PaymentsForRepurchaseOfCommonStock
1751788,DOW,2020,125000000.0,PaymentsForRepurchaseOfCommonStock
1751788,DOW,2021,125000000.0,PaymentsForRepurchaseOfCommonStock
1751788,DOW,2022,125000000.0,PaymentsForRepurchaseOfCommonStock
1751788,DOW,2023,1000000000.0,PaymentsForRepurchaseOfCommonStock
1751788,DOW,2024,494000000.0,PaymentsForRepurchaseOfCommonStock
1751788,DOW,2025,494000000.0,PaymentsForRepurchaseOfCommonStock
1754301,FOX,2020,600000000.0,PaymentsForRepurchaseOfCommonStock
1754301,FOX,2021,600000000.0,PaymentsForRepurchaseOfCommonStock
1754301,FOX,2022,600000000.0,PaymentsForRepurchaseOfCommonStock
1754301,FOX,2023,1001000000.0,PaymentsForRepurchaseOfCommonStock
1754301,FOX,2024,1000000000.0,PaymentsForRepurchaseOfCommonStock
1754301,FOX,2025,1000000000.0,PaymentsForRepurchaseOfCommonStock
1754301,FOX,2026,1000000000.0,PaymentsForRepurchaseOfCommonStock
1755672,CTVA,2019,25000000.0,PaymentsForRepurchaseOfCommonStock
1755672,CTVA,2020,275000000.0,PaymentsForRepurchaseOfCommonStock
1755672,CTVA,2021,275000000.0,PaymentsForRepurchaseOfCommonStock
1755672,CTVA,2022,275000000.0,PaymentsForRepurchaseOfCommonStock
1755672,CTVA,2023,950000000.0,PaymentsForRepurchaseOfCommonStock
1755672,CTVA,2024,1009000000.0,PaymentsForRepurchaseOfCommonStock
1755672,CTVA,2025,1009000000.0,PaymentsForRepurchaseOfCommonStock
1757898,STE,2019,97509000.0,PaymentsForRepurchaseOfCommonStock
1757898,STE,2020,51241000.0,PaymentsForRepurchaseOfCommonStock
1757898,STE,2021,51241000.0,PaymentsForRepurchaseOfCommonStock
1757898,STE,2022,51241000.0,PaymentsForRepurchaseOfCommonStock
1757898,STE,2023,14646000.0,PaymentsForRepurchaseOfCommonStock
1757898,STE,2024,11765000.0,PaymentsForRepurchaseOfCommonStock
1757898,STE,2025,11765000.0,PaymentsForRepurchaseOfCommonStock
1757898,STE,2026,11800000.0,PaymentsForRepurchaseOfCommonStock
1781335,OTIS,2021,725000000.0,PaymentsForRepurchaseOfCommonStock
1781335,OTIS,2022,725000000.0,PaymentsForRepurchaseOfCommonStock
1781335,OTIS,2023,725000000.0,PaymentsForRepurchaseOfCommonStock
1781335,OTIS,2024,1007000000.0,PaymentsForRepurchaseOfCommonStock
1781335,OTIS,2025,1007000000.0,PaymentsForRepurchaseOfCommonStock
1783180,CARR,2021,527000000.0,PaymentsForRepurchaseOfCommonStock
1783180,CARR,2022,527000000.0,PaymentsForRepurchaseOfCommonStock
1783180,CARR,2023,527000000.0,PaymentsForRepurchaseOfCommonStock
1783180,CARR,2024,1944000000.0,PaymentsForRepurchaseOfCommonStock
1783180,CARR,2025,1944000000.0,PaymentsForRepurchaseOfCommonStock
1783879,HOOD,2023,608000000.0,PaymentsForRepurchaseOfCommonStock
1783879,HOOD,2024,257000000.0,PaymentsForRepurchaseOfCommonStock
1783879,HOOD,2025,257000000.0,PaymentsForRepurchaseOfCommonStock
1792044,VTRS,2020,432000000.0,PaymentsForRepurchaseOfCommonStock
1792044,VTRS,2023,250000000.0,PaymentsForRepurchaseOfCommonStock
1792044,VTRS,2024,250000000.0,PaymentsForRepurchaseOfCommonStock
1792044,VTRS,2025,250000000.0,PaymentsForRepurchaseOfCommonStock
1792789,DASH,2020,60000000.0,PaymentsForRepurchaseOfCommonStock
1792789,DASH,2022,400000000.0,PaymentsForRepurchaseOfCommonStock
1792789,DASH,2023,400000000.0,PaymentsForRepurchaseOfCommonStock
1792789,DASH,2024,224000000.0,PaymentsForRepurchaseOfCommonStock
1792789,DASH,2025,224000000.0,PaymentsForRepurchaseOfCommonStock
1811074,TPL,2020,38397000.0,PaymentsForRepurchaseOfCommonStock
1811074,TPL,2022,19684000.0,PaymentsForRepurchaseOfCommonStock
1811074,TPL,2023,19684000.0,PaymentsForRepurchaseOfCommonStock
1811074,TPL,2024,29159000.0,PaymentsForRepurchaseOfCommonStock
1811074,TPL,2025,29159000.0,PaymentsForRepurchaseOfCommonStock
1835632,MRVL,2022,364272000.0,PaymentsForRepurchaseOfCommonStock
1835632,MRVL,2023,25200000.0,PaymentsForRepurchaseOfCommonStock
1835632,MRVL,2024,150000000.0,PaymentsForRepurchaseOfCommonStock
1835632,MRVL,2025,150000000.0,PaymentsForRepurchaseOfCommonStock
1835632,MRVL,2026,150000000.0,PaymentsForRepurchaseOfCommonStock
1858681,APO,2022,92000000.0,PaymentsForRepurchaseOfCommonStock
1858681,APO,2023,299000000.0,PaymentsForRepurchaseOfCommonStock
1858681,APO,2024,890000000.0,PaymentsForRepurchaseOfCommonStock
1858681,APO,2025,890000000.0,PaymentsForRepurchaseOfCommonStock
1868275,CEG,2023,992000000.0,PaymentsForRepurchaseOfCommonStock
1868275,CEG,2024,999000000.0,PaymentsForRepurchaseOfCommonStock
1868275,CEG,2025,999000000.0,PaymentsForRepurchaseOfCommonStock
1932393,GEHC,2025,200000000.0,PaymentsForRepurchaseOfCommonStock
1944048,KVUE,2024,7000000.0,PaymentsForRepurchaseOfCommonStock
1944048,KVUE,2025,7000000.0,PaymentsForRepurchaseOfCommonStock
1973266,TKO,2023,100000000.0,PaymentsForRepurchaseOfCommonStock
1973266,TKO,2024,165000000.0,PaymentsForRepurchaseOfCommonStock
1973266,TKO,2025,165000000.0,PaymentsForRepurchaseOfCommonStock
1996810,GEV,2025,43000000.0,PaymentsForRepurchaseOfCommonStock
1996862,BG,2023,100000000.0,PaymentsForRepurchaseOfCommonStock
1996862,BG,2024,1100000000.0,PaymentsForRepurchaseOfCommonStock
1996862,BG,2025,1100000000.0,PaymentsForRepurchaseOfCommonStock
2005951,SW,2024,27000000.0,PaymentsForRepurchaseOfCommonStock
2005951,SW,2025,27000000.0,PaymentsForRepurchaseOfCommonStock
2011641,FERG,2024,634000000.0,PaymentsForRepurchaseOfCommonStock
2011641,FERG,2025,634000000.0,PaymentsForRepurchaseOfCommonStock
2012383,BLK,2024,1930000000.0,PaymentsForRepurchaseOfCommonStock
2023554,SNDK,2026,4524000000.0,PaymentsForRepurchaseOfCommonStock
