cik,entityName,val,accn,end,fy,fp,form,filed,frame,year,tag,is_10k
1800,ABBOTT LABORATORIES,2237000000.0,0001047469-18-000856,2015-12-31,,,,,,2015,PaymentsForRepurchaseOfCommonStock,False
1800,ABBOTT LABORATORIES,522000000.0,0001047469-19-000624,2016-12-31,,,,,,2016,PaymentsForRepurchaseOfCommonStock,False
1800,ABBOTT LABORATORIES,117000000.0,0001104659-20-023904,2017-12-31,,,,,,2017,PaymentsForRepurchaseOfCommonStock,False
1800,Abbott Laboratories,238000000.0,0001104659-21-025751,2018-12-31,,,,,,2018,PaymentsForRepurchaseOfCommonStock,False
1800,Abbott Laboratories,718000000.0,0001104659-22-025141,2019-12-31,,,,,,2019,PaymentsForRepurchaseOfCommonStock,False
1800,Abbott Laboratories,403000000.0,0001628280-23-004026,2020-12-31,,,,,,2020,PaymentsForRepurchaseOfCommonStock,False
1800,Abbott Laboratories,2299000000.0,0001628280-24-005348,2021-12-31,,,,,,2021,PaymentsForRepurchaseOfCommonStock,False
1800,Abbott Laboratories,3795000000.0,0001628280-25-007110,2022-12-31,,,,,,2022,PaymentsForRepurchaseOfCommonStock,False
1800,Abbott Laboratories,1227000000.0,0001628280-26-010185,2023-12-31,,,,,,2023,PaymentsForRepurchaseOfCommonStock,False
1800,Abbott Laboratories,1295000000.0,0001628280-26-010185,2024-12-31,,,,,,2024,PaymentsForRepurchaseOfCommonStock,False
1800,Abbott Laboratories,893000000.0,0001628280-26-010185,2025-12-31,,,,,,2025,PaymentsForRepurchaseOfCommonStock,False
2488,"ADVANCED MICRO DEVICES, INC.",0.0,0000002488-22-000016,2019-12-28,,,,,,2019,PaymentsForRepurchaseOfCommonStock,False
2488,"ADVANCED MICRO DEVICES, INC.",0.0,0000002488-23-000047,2020-12-26,,,,,,2020,PaymentsForRepurchaseOfCommonStock,False
2488,"ADVANCED MICRO DEVICES, INC.",1762000000.0,0000002488-24-000012,2021-12-25,,,,,,2021,PaymentsForRepurchaseOfCommonStock,False
2488,"ADVANCED MICRO DEVICES, INC.",3702000000.0,0000002488-25-000012,2022-12-31,,,,,,2022,PaymentsForRepurchaseOfCommonStock,False
2488,"ADVANCED MICRO DEVICES, INC.",985000000.0,0000002488-26-000018,2023-12-30,,,,,,2023,PaymentsForRepurchaseOfCommonStock,False
2488,"ADVANCED MICRO DEVICES, INC.",862000000.0,0000002488-26-000018,2024-12-28,,,,,,2024,PaymentsForRepurchaseOfCommonStock,False
2488,"ADVANCED MICRO DEVICES, INC.",1316000000.0,0000002488-26-000018,2025-12-27,,,,,,2025,PaymentsForRepurchaseOfCommonStock,False
2969,"Air Products & Chemicals, Inc.",0.0,0001193125-15-386399,2015-09-30,,,,,,2015,PaymentsForRepurchaseOfCommonStock,False
4127,"Skyworks Solutions, Inc.",237300000.0,0000004127-17-000033,2015-10-02,,,,,,2015,PaymentsForRepurchaseOfCommonStock,False
4127,"Skyworks Solutions, Inc.",525600000.0,0000004127-18-000046,2016-09-30,,,,,,2016,PaymentsForRepurchaseOfCommonStock,False
4127,"Skyworks Solutions, Inc.",432300000.0,0000004127-19-000049,2017-09-29,,,,,,2017,PaymentsForRepurchaseOfCommonStock,False
4127,"Skyworks Solutions, Inc.",759500000.0,0000004127-20-000058,2018-09-28,,,,,,2018,PaymentsForRepurchaseOfCommonStock,False
4127,"Skyworks Solutions, Inc.",657600000.0,0000004127-21-000058,2019-09-27,,,,,,2019,PaymentsForRepurchaseOfCommonStock,False
4127,"Skyworks Solutions, Inc.",647500000.0,0000004127-22-000038,2020-10-02,,,,,,2020,PaymentsForRepurchaseOfCommonStock,False
4127,"Skyworks Solutions, Inc.",195600000.0,0000004127-23-000030,2021-10-01,,,,,,2021,PaymentsForRepurchaseOfCommonStock,False
4127,"Skyworks Solutions, Inc.",886800000.0,0000004127-24-000131,2022-09-30,,,,,,2022,PaymentsForRepurchaseOfCommonStock,False
4127,"Skyworks Solutions, Inc.",175300000.0,0000004127-25-000085,2023-09-29,,,,,,2023,PaymentsForRepurchaseOfCommonStock,False
4127,"Skyworks Solutions, Inc.",77300000.0,0000004127-25-000085,2024-09-27,,,,,,2024,PaymentsForRepurchaseOfCommonStock,False
4127,"Skyworks Solutions, Inc.",830200000.0,0000004127-25-000085,2025-10-03,,,,,,2025,PaymentsForRepurchaseOfCommonStock,False
4281,Howmet Aerospace Inc.,0.0,0000004281-20-000038,2017-12-31,,,,,,2017,PaymentsForRepurchaseOfCommonStock,False
4281,Howmet Aerospace Inc.,0.0,0000004281-21-000049,2018-12-31,,,,,,2018,PaymentsForRepurchaseOfCommonStock,False
4281,HOWMET AEROSPACE INC.,1150000000.0,0000004281-22-000004,2019-12-31,,,,,,2019,PaymentsForRepurchaseOfCommonStock,False
4281,Howmet Aerospace Inc.,73000000.0,0000004281-23-000004,2020-12-31,,,,,,2020,PaymentsForRepurchaseOfCommonStock,False
4281,Howmet Aerospace Inc.,430000000.0,0000004281-24-000007,2021-12-31,,,,,,2021,PaymentsForRepurchaseOfCommonStock,False
4281,HOWMET AEROSPACE INC.,400000000.0,0000004281-25-000011,2022-12-31,,,,,,2022,PaymentsForRepurchaseOfCommonStock,False
4281,HOWMET AEROSPACE INC.,250000000.0,0000004281-26-000012,2023-12-31,,,,,,2023,PaymentsForRepurchaseOfCommonStock,False
4281,HOWMET AEROSPACE INC.,500000000.0,0000004281-26-000012,2024-12-31,,,,,,2024,PaymentsForRepurchaseOfCommonStock,False
4281,HOWMET AEROSPACE INC.,700000000.0,0000004281-26-000012,2025-12-31,,,,,,2025,PaymentsForRepurchaseOfCommonStock,False
4962,AMERICAN EXPRESS CO,4500000000.0,0000004962-18-000032,2015-12-31,,,,,,2015,PaymentsForRepurchaseOfCommonStock,False
4962,AMERICAN EXPRESS CO,4400000000.0,0000004962-19-000018,2016-12-31,,,,,,2016,PaymentsForRepurchaseOfCommonStock,False
4962,AMERICAN EXPRESS CO,4300000000.0,0000004962-19-000018,2017-12-31,,,,,,2017,PaymentsForRepurchaseOfCommonStock,False
4962,AMERICAN EXPRESS CO,1600000000.0,0000004962-19-000018,2018-12-31,,,,,,2018,PaymentsForRepurchaseOfCommonStock,False
4962,American Express Co,1029000000.0,0000004962-23-000006,2020-12-31,,,,,,2020,PaymentsForRepurchaseOfCommonStock,False
4962,American Express Co,7652000000.0,0000004962-24-000013,2021-12-31,,,,,,2021,PaymentsForRepurchaseOfCommonStock,False
4962,American Express Co,3502000000.0,0000004962-25-000016,2022-12-31,,,,,,2022,PaymentsForRepurchaseOfCommonStock,False
4962,American Express Co,3650000000.0,0000004962-26-000080,2023-12-31,,,,,,2023,PaymentsForRepurchaseOfCommonStock,False
4962,American Express Co,6020000000.0,0000004962-26-000080,2024-12-31,,,,,,2024,PaymentsForRepurchaseOfCommonStock,False
4962,American Express Co,5814000000.0,0000004962-26-000080,2025-12-31,,,,,,2025,PaymentsForRepurchaseOfCommonStock,False
4977,Aflac Incorporated,1315000000.0,0000004977-18-000054,2015-12-31,,,,,,2015,PaymentsForRepurchaseOfCommonStock,False
4977,Aflac Incorporated,1422000000.0,0000004977-19-000049,2016-12-31,,,,,,2016,PaymentsForRepurchaseOfCommonStock,False
4977,Aflac Incorporated,1351000000.0,0000004977-20-000044,2017-12-31,,,,,,2017,PaymentsForRepurchaseOfCommonStock,False
4977,Aflac Incorporated,1301000000.0,0000004977-21-000047,2018-12-31,,,,,,2018,PaymentsForRepurchaseOfCommonStock,False
4977,Aflac Incorporated,1627000000.0,0000004977-22-000058,2019-12-31,,,,,,2019,PaymentsForRepurchaseOfCommonStock,False
4977,Aflac Incorporated,1537000000.0,0000004977-23-000055,2020-12-31,,,,,,2020,PaymentsForRepurchaseOfCommonStock,False
4977,Aflac Incorporated,2301000000.0,0000004977-24-000053,2021-12-31,,,,,,2021,PaymentsForRepurchaseOfCommonStock,False
4977,Aflac Incorporated,2401000000.0,0000004977-25-000047,2022-12-31,,,,,,2022,PaymentsForRepurchaseOfCommonStock,False
4977,Aflac Incorporated,2801000000.0,0001628280-26-011402,2023-12-31,,,,,,2023,PaymentsForRepurchaseOfCommonStock,False
4977,Aflac Incorporated,2800000000.0,0001628280-26-011402,2024-12-31,,,,,,2024,PaymentsForRepurchaseOfCommonStock,False
4977,Aflac Incorporated,3530000000.0,0001628280-26-011402,2025-12-31,,,,,,2025,PaymentsForRepurchaseOfCommonStock,False
5272,"AMERICAN INTERNATIONAL GROUP, INC.",10691000000.0,0000005272-18-000022,2015-12-31,,,,,,2015,PaymentsForRepurchaseOfCommonStock,False
5272,"AMERICAN INTERNATIONAL GROUP, INC.",11460000000.0,0000005272-19-000023,2016-12-31,,,,,,2016,PaymentsForRepurchaseOfCommonStock,False
5272,"AMERICAN INTERNATIONAL GROUP, INC.",6275000000.0,0001104659-20-023889,2017-12-31,,,,,,2017,PaymentsForRepurchaseOfCommonStock,False
5272,"AMERICAN INTERNATIONAL GROUP, INC.",1739000000.0,0001104659-21-025742,2018-12-31,,,,,,2018,PaymentsForRepurchaseOfCommonStock,False
5272,"American International Group, Inc.",0.0,0001104659-22-024701,2019-12-31,,,,,,2019,PaymentsForRepurchaseOfCommonStock,False
5272,"American International Group, Inc.",500000000.0,0000005272-23-000007,2020-12-31,,,,,,2020,PaymentsForRepurchaseOfCommonStock,False
5272,"American International Group, Inc.",2592000000.0,0000005272-24-000023,2021-12-31,,,,,,2021,PaymentsForRepurchaseOfCommonStock,False
5272,"American International Group, Inc.",5200000000.0,0000005272-25-000012,2022-12-31,,,,,,2022,PaymentsForRepurchaseOfCommonStock,False
5272,"American International Group, Inc.",2961000000.0,0000005272-26-000023,2023-12-31,,,,,,2023,PaymentsForRepurchaseOfCommonStock,False
5272,"American International Group, Inc.",6652000000.0,0000005272-26-000023,2024-12-31,,,,,,2024,PaymentsForRepurchaseOfCommonStock,False
5272,"American International Group, Inc.",5836000000.0,0000005272-26-000023,2025-12-31,,,,,,2025,PaymentsForRepurchaseOfCommonStock,False
6281,"Analog Devices, Inc.",226953000.0,0000006281-17-000144,2015-10-31,,,,,,2015,PaymentsForRepurchaseOfCommonStock,False
6281,"Analog Devices, Inc.",370061000.0,0000006281-18-000126,2016-10-29,,,,,,2016,PaymentsForRepurchaseOfCommonStock,False
6281,"Analog Devices, Inc.",46533000.0,0000006281-19-000144,2017-10-28,,,,,,2017,PaymentsForRepurchaseOfCommonStock,False
6281,"Analog Devices, Inc.",225977000.0,0000006281-20-000156,2018-11-03,,,,,,2018,PaymentsForRepurchaseOfCommonStock,False
6281,"Analog Devices, Inc.",613005000.0,0000006281-21-000294,2019-11-02,,,,,,2019,PaymentsForRepurchaseOfCommonStock,False
6281,"Analog Devices, Inc.",244487000.0,0000006281-22-000250,2020-10-31,,,,,,2020,PaymentsForRepurchaseOfCommonStock,False
6281,"Analog Devices, Inc.",2605144000.0,0000006281-23-000203,2021-10-30,,,,,,2021,PaymentsForRepurchaseOfCommonStock,False
6281,"Analog Devices, Inc.",2577015000.0,0000006281-24-000204,2022-10-29,,,,,,2022,PaymentsForRepurchaseOfCommonStock,False
6281,"Analog Devices, Inc.",2963955000.0,0000006281-25-000153,2023-10-28,,,,,,2023,PaymentsForRepurchaseOfCommonStock,False
6281,"Analog Devices, Inc.",615590000.0,0000006281-25-000153,2024-11-02,,,,,,2024,PaymentsForRepurchaseOfCommonStock,False
6281,"Analog Devices, Inc.",2164638000.0,0000006281-25-000153,2025-11-01,,,,,,2025,PaymentsForRepurchaseOfCommonStock,False
6951,APPLIED MATERIALS INC /DE,1325000000.0,0000006951-17-000038,2015-10-25,,,,,,2015,PaymentsForRepurchaseOfCommonStock,False
6951,APPLIED MATERIALS INC /DE,1892000000.0,0000006951-18-000041,2016-10-30,,,,,,2016,PaymentsForRepurchaseOfCommonStock,False
6951,APPLIED MATERIALS INC /DE,1172000000.0,0000006951-19-000046,2017-10-29,,,,,,2017,PaymentsForRepurchaseOfCommonStock,False
6951,APPLIED MATERIALS INC /DE,5283000000.0,0000006951-20-000048,2018-10-28,,,,,,2018,PaymentsForRepurchaseOfCommonStock,False
6951,APPLIED MATERIALS INC /DE,2403000000.0,0000006951-21-000043,2019-10-27,,,,,,2019,PaymentsForRepurchaseOfCommonStock,False
6951,APPLIED MATERIALS INC /DE,649000000.0,0000006951-22-000043,2020-10-25,,,,,,2020,PaymentsForRepurchaseOfCommonStock,False
6951,APPLIED MATERIALS INC /DE,3750000000.0,0000006951-23-000041,2021-10-31,,,,,,2021,PaymentsForRepurchaseOfCommonStock,False
6951,APPLIED MATERIALS INC /DE,6103000000.0,0000006951-24-000044,2022-10-30,,,,,,2022,PaymentsForRepurchaseOfCommonStock,False
6951,APPLIED MATERIALS INC /DE,2189000000.0,0001628280-25-056742,2023-10-29,,,,,,2023,PaymentsForRepurchaseOfCommonStock,False
6951,APPLIED MATERIALS INC /DE,3823000000.0,0001628280-25-056742,2024-10-27,,,,,,2024,PaymentsForRepurchaseOfCommonStock,False
6951,APPLIED MATERIALS INC /DE,4895000000.0,0001628280-25-056742,2025-10-26,,,,,,2025,PaymentsForRepurchaseOfCommonStock,False
7084,ARCHER-DANIELS-MIDLAND CO,2040000000.0,0000007084-18-000012,2015-12-31,,,,,,2015,PaymentsForRepurchaseOfCommonStock,False
7084,ARCHER-DANIELS-MIDLAND CO,1000000000.0,0000007084-19-000012,2016-12-31,,,,,,2016,PaymentsForRepurchaseOfCommonStock,False
7084,ARCHER-DANIELS-MIDLAND CO,750000000.0,0000007084-20-000009,2017-12-31,,,,,,2017,PaymentsForRepurchaseOfCommonStock,False
7084,ARCHER-DANIELS-MIDLAND CO,77000000.0,0000007084-21-000008,2018-12-31,,,,,,2018,PaymentsForRepurchaseOfCommonStock,False
7084,ARCHER-DANIELS-MIDLAND CO,150000000.0,0000007084-22-000008,2019-12-31,,,,,,2019,PaymentsForRepurchaseOfCommonStock,False
7084,ARCHER-DANIELS-MIDLAND CO,133000000.0,0000007084-23-000010,2020-12-31,,,,,,2020,PaymentsForRepurchaseOfCommonStock,False
7084,ARCHER-DANIELS-MIDLAND CO,0.0,0000007084-24-000051,2021-12-31,,,,,,2021,PaymentsForRepurchaseOfCommonStock,False
7084,ARCHER-DANIELS-MIDLAND CO,1450000000.0,0000007084-25-000011,2022-12-31,,,,,,2022,PaymentsForRepurchaseOfCommonStock,False
7084,ARCHER-DANIELS-MIDLAND CO,2673000000.0,0000007084-26-000011,2023-12-31,,,,,,2023,PaymentsForRepurchaseOfCommonStock,False
7084,ARCHER-DANIELS-MIDLAND CO,2327000000.0,0000007084-26-000011,2024-12-31,,,,,,2024,PaymentsForRepurchaseOfCommonStock,False
7084,ARCHER-DANIELS-MIDLAND CO,0.0,0000007084-26-000011,2025-12-31,,,,,,2025,PaymentsForRepurchaseOfCommonStock,False
8670,"AUTOMATIC DATA PROCESSING, INC.",1557200000.0,0000008670-17-000010,2015-06-30,,,,,,2015,PaymentsForRepurchaseOfCommonStock,False
8670,"Automatic     Data Processing, Inc.",1155700000.0,0000008670-18-000011,2016-06-30,,,,,,2016,PaymentsForRepurchaseOfCommonStock,False
8670,"Automatic     Data Processing, Inc.",1259600000.0,0000008670-19-000021,2017-06-30,,,,,,2017,PaymentsForRepurchaseOfCommonStock,False
8670,"Automatic     Data Processing, Inc.",989300000.0,0000008670-20-000032,2018-06-30,,,,,,2018,PaymentsForRepurchaseOfCommonStock,False
8670,"Automatic     Data Processing, Inc.",937700000.0,0000008670-21-000027,2019-06-30,,,,,,2019,PaymentsForRepurchaseOfCommonStock,False
8670,"AUTOMATIC DATA PROCESSING, INC.",1006300000.0,0000008670-22-000038,2020-06-30,,,,,,2020,PaymentsForRepurchaseOfCommonStock,False
8670,"AUTOMATIC DATA PROCESSING, INC.",1372300000.0,0000008670-23-000030,2021-06-30,,,,,,2021,PaymentsForRepurchaseOfCommonStock,False
8670,"AUTOMATIC DATA PROCESSING, INC.",1969400000.0,0000008670-24-000024,2022-06-30,,,,,,2022,PaymentsForRepurchaseOfCommonStock,False
8670,"AUTOMATIC DATA PROCESSING, INC.",1121400000.0,0000008670-25-000037,2023-06-30,,,,,,2023,PaymentsForRepurchaseOfCommonStock,False
8670,"AUTOMATIC DATA PROCESSING, INC.",1231700000.0,0000008670-26-000030,2024-06-30,,,,,,2024,PaymentsForRepurchaseOfCommonStock,False
8670,"AUTOMATIC DATA PROCESSING, INC.",1280500000.0,0000008670-26-000030,2025-06-30,,,,,,2025,PaymentsForRepurchaseOfCommonStock,False
8670,"AUTOMATIC DATA PROCESSING, INC.",2083300000.0,0000008670-26-000030,2026-06-30,,,,,,2026,PaymentsForRepurchaseOfCommonStock,False
8818,AVERY DENNISON CORPORATION,232300000.0,0001047469-18-000931,2016-01-02,,,,,,2015,PaymentsForRepurchaseOfCommonStock,False
8818,AVERY DENNISON CORPORATION,262400000.0,0001047469-19-000747,2016-12-31,,,,,,2016,PaymentsForRepurchaseOfCommonStock,False
8818,AVERY DENNISON CORPORATION,129700000.0,0001104659-20-025360,2017-12-30,,,,,,2017,PaymentsForRepurchaseOfCommonStock,False
8818,AVERY DENNISON CORPORATION,392900000.0,0001193125-21-055146,2018-12-29,,,,,,2018,PaymentsForRepurchaseOfCommonStock,False
8818,AVERY DENNISON CORPORATION,237700000.0,0001193125-22-049910,2019-12-28,,,,,,2019,PaymentsForRepurchaseOfCommonStock,False
8818,AVERY DENNISON CORPORATION,104300000.0,0000008818-23-000002,2021-01-02,,,,,,2020,PaymentsForRepurchaseOfCommonStock,False
8818,AVERY DENNISON CORPORATION,180900000.0,0000008818-24-000003,2022-01-01,,,,,,2021,PaymentsForRepurchaseOfCommonStock,False
8818,AVERY DENNISON CORPORATION,379500000.0,0000008818-25-000003,2022-12-31,,,,,,2022,PaymentsForRepurchaseOfCommonStock,False
8818,AVERY DENNISON CORPORATION,137500000.0,0000008818-26-000015,2023-12-30,,,,,,2023,PaymentsForRepurchaseOfCommonStock,False
8818,AVERY DENNISON CORPORATION,247500000.0,0000008818-26-000015,2024-12-28,,,,,,2024,PaymentsForRepurchaseOfCommonStock,False
8818,AVERY DENNISON CORPORATION,572300000.0,0000008818-26-000015,2025-12-31,,,,,,2025,PaymentsForRepurchaseOfCommonStock,False
9389,Ball Corporation,136000000.0,0001558370-18-001527,2015-12-31,,,,,,2015,PaymentsForRepurchaseOfCommonStock,False
9389,BALL Corp,107000000.0,0001558370-19-000909,2016-12-31,,,,,,2016,PaymentsForRepurchaseOfCommonStock,False
9389,BALL Corp,103000000.0,0001558370-20-001005,2017-12-31,,,,,,2017,PaymentsForRepurchaseOfCommonStock,False
9389,BALL Corp,739000000.0,0001558370-21-001121,2018-12-31,,,,,,2018,PaymentsForRepurchaseOfCommonStock,False
9389,Ball Corp,964000000.0,0001558370-22-001251,2019-12-31,,,,,,2019,PaymentsForRepurchaseOfCommonStock,False
9389,Ball Corp,57000000.0,0000009389-23-000011,2020-12-31,,,,,,2020,PaymentsForRepurchaseOfCommonStock,False
9389,Ball Corp,766000000.0,0001558370-24-001349,2021-12-31,,,,,,2021,PaymentsForRepurchaseOfCommonStock,False
9389,Ball Corporation,618000000.0,0001558370-25-001190,2022-12-31,,,,,,2022,PaymentsForRepurchaseOfCommonStock,False
9389,Ball Corporation,3000000.0,0001104659-26-017410,2023-12-31,,,,,,2023,PaymentsForRepurchaseOfCommonStock,False
9389,Ball Corporation,1712000000.0,0001104659-26-017410,2024-12-31,,,,,,2024,PaymentsForRepurchaseOfCommonStock,False
9389,Ball Corporation,1321000000.0,0001104659-26-017410,2025-12-31,,,,,,2025,PaymentsForRepurchaseOfCommonStock,False
10456,Baxter International Inc.,292000000.0,0001564590-19-003727,2016-12-31,,,,,,2016,PaymentsForRepurchaseOfCommonStock,False
10456,Baxter International Inc.,564000000.0,0001628280-20-003693,2017-12-31,,,,,,2017,PaymentsForRepurchaseOfCommonStock,False
10456,Baxter International Inc.,2452000000.0,0001628280-21-008034,2018-12-31,,,,,,2018,PaymentsForRepurchaseOfCommonStock,False
10456,Baxter International Inc.,1270000000.0,0001628280-22-003432,2019-12-31,,,,,,2019,PaymentsForRepurchaseOfCommonStock,False
10456,Baxter International Inc.,500000000.0,0001628280-23-002864,2020-12-31,,,,,,2020,PaymentsForRepurchaseOfCommonStock,False
10456,Baxter International Inc.,600000000.0,0001628280-24-003932,2021-12-31,,,,,,2021,PaymentsForRepurchaseOfCommonStock,False
10456,Baxter International Inc.,32000000.0,0001628280-25-007201,2022-12-31,,,,,,2022,PaymentsForRepurchaseOfCommonStock,False
10456,Baxter International Inc.,0.0,0001628280-25-007201,2023-12-31,,,,,,2023,PaymentsForRepurchaseOfCommonStock,False
10456,Baxter International Inc.,0.0,0001628280-25-007201,2024-12-31,,,,,,2024,PaymentsForRepurchaseOfCommonStock,False
10795,"BECTON, DICKINSON AND COMPANY",0.0,0000010795-17-000021,2015-09-30,,,,,,2015,PaymentsForRepurchaseOfCommonStock,False
10795,"BECTON, DICKINSON AND COMPANY",0.0,0000010795-18-000036,2016-09-30,,,,,,2016,PaymentsForRepurchaseOfCommonStock,False
10795,"BECTON, DICKINSON AND COMPANY",220000000.0,0000010795-19-000044,2017-09-30,,,,,,2017,PaymentsForRepurchaseOfCommonStock,False
10795,"BECTON, DICKINSON AND COMPANY",0.0,0000010795-19-000044,2018-09-30,,,,,,2018,PaymentsForRepurchaseOfCommonStock,False
10795,"BECTON, DICKINSON AND COMPANY",0.0,0000010795-21-000091,2019-09-30,,,,,,2019,PaymentsForRepurchaseOfCommonStock,False
10795,"BECTON, DICKINSON AND COMPANY",0.0,0001628280-22-030686,2020-09-30,,,,,,2020,PaymentsForRepurchaseOfCommonStock,False
10795,"BECTON, DICKINSON AND COMPANY",1750000000.0,0000010795-23-000098,2021-09-30,,,,,,2021,PaymentsForRepurchaseOfCommonStock,False
10795,"BECTON, DICKINSON AND COMPANY",500000000.0,0000010795-24-000084,2022-09-30,,,,,,2022,PaymentsForRepurchaseOfCommonStock,False
10795,"BECTON, DICKINSON AND COMPANY",0.0,0000010795-25-000099,2023-09-30,,,,,,2023,PaymentsForRepurchaseOfCommonStock,False
10795,"BECTON, DICKINSON AND COMPANY",500000000.0,0000010795-25-000099,2024-09-30,,,,,,2024,PaymentsForRepurchaseOfCommonStock,False
10795,"BECTON, DICKINSON AND COMPANY",1000000000.0,0000010795-25-000099,2025-09-30,,,,,,2025,PaymentsForRepurchaseOfCommonStock,False
11544,W. R. BERKLEY CORP,223652000.0,0000011544-18-000012,2015-12-31,,,,,,2015,PaymentsForRepurchaseOfCommonStock,False
11544,W. R. BERKLEY CORP,132392000.0,0000011544-19-000016,2016-12-31,,,,,,2016,PaymentsForRepurchaseOfCommonStock,False
11544,W. R. BERKLEY CORP,47807000.0,0000011544-20-000016,2017-12-31,,,,,,2017,PaymentsForRepurchaseOfCommonStock,False
11544,W. R. BERKLEY CORP,24750000.0,0000011544-21-000013,2018-12-31,,,,,,2018,PaymentsForRepurchaseOfCommonStock,False
11544,W. R. BERKLEY CORP,18225000.0,0000011544-22-000007,2019-12-31,,,,,,2019,PaymentsForRepurchaseOfCommonStock,False
11544,W. R. BERKLEY CORP,346357000.0,0000011544-23-000004,2020-12-31,,,,,,2020,PaymentsForRepurchaseOfCommonStock,False
11544,W. R. BERKLEY CORP,122426000.0,0000011544-24-000005,2021-12-31,,,,,,2021,PaymentsForRepurchaseOfCommonStock,False
11544,W. R. BERKLEY CORP,94140000.0,0000011544-25-000005,2022-12-31,,,,,,2022,PaymentsForRepurchaseOfCommonStock,False
11544,W. R. BERKLEY CORP,537163000.0,0000011544-26-000005,2023-12-31,,,,,,2023,PaymentsForRepurchaseOfCommonStock,False
11544,W. R. BERKLEY CORP,303655000.0,0000011544-26-000005,2024-12-31,,,,,,2024,PaymentsForRepurchaseOfCommonStock,False
11544,W. R. BERKLEY CORP,270221000.0,0000011544-26-000005,2025-12-31,,,,,,2025,PaymentsForRepurchaseOfCommonStock,False
12927,BOEING CO,6751000000.0,0000012927-18-000007,2015-12-31,,,,,,2015,PaymentsForRepurchaseOfCommonStock,False
12927,BOEING CO,7001000000.0,0000012927-19-000010,2016-12-31,,,,,,2016,PaymentsForRepurchaseOfCommonStock,False
12927,BOEING CO,9236000000.0,0000012927-20-000014,2017-12-31,,,,,,2017,PaymentsForRepurchaseOfCommonStock,False
12927,BOEING CO,9000000000.0,0000012927-21-000011,2018-12-31,,,,,,2018,PaymentsForRepurchaseOfCommonStock,False
12927,BOEING CO,2651000000.0,0000012927-22-000010,2019-12-31,,,,,,2019,PaymentsForRepurchaseOfCommonStock,False
14272,BRISTOL-MYERS SQUIBB COMPANY,231000000.0,0000014272-19-000047,2016-12-31,,,,,,2016,PaymentsForRepurchaseOfCommonStock,False
14272,BRISTOL-MYERS SQUIBB COMPANY,2469000000.0,0000014272-20-000082,2017-12-31,,,,,,2017,PaymentsForRepurchaseOfCommonStock,False
14272,BRISTOL-MYERS SQUIBB COMPANY,320000000.0,0000014272-21-000066,2018-12-31,,,,,,2018,PaymentsForRepurchaseOfCommonStock,False
14272,BRISTOL-MYERS SQUIBB COMPANY,7300000000.0,0000014272-22-000051,2019-12-31,,,,,,2019,PaymentsForRepurchaseOfCommonStock,False
14272,BRISTOL-MYERS SQUIBB COMPANY,1546000000.0,0000014272-23-000046,2020-12-31,,,,,,2020,PaymentsForRepurchaseOfCommonStock,False
14272,BRISTOL-MYERS SQUIBB COMPANY,6287000000.0,0000014272-24-000044,2021-12-31,,,,,,2021,PaymentsForRepurchaseOfCommonStock,False
14272,BRISTOL-MYERS SQUIBB COMPANY,8001000000.0,0000014272-25-000039,2022-12-31,,,,,,2022,PaymentsForRepurchaseOfCommonStock,False
14272,BRISTOL-MYERS SQUIBB COMPANY,5155000000.0,0000014272-26-000004,2023-12-31,,,,,,2023,PaymentsForRepurchaseOfCommonStock,False
14272,BRISTOL-MYERS SQUIBB COMPANY,0.0,0000014272-26-000004,2024-12-31,,,,,,2024,PaymentsForRepurchaseOfCommonStock,False
14272,BRISTOL-MYERS SQUIBB COMPANY,0.0,0000014272-26-000004,2025-12-31,,,,,,2025,PaymentsForRepurchaseOfCommonStock,False
14693,Brown-Forman Corporation,1107000000.0,0000014693-18-000084,2016-04-30,,,,,,2015,PaymentsForRepurchaseOfCommonStock,False
14693,Brown-Forman Corporation,561000000.0,0000014693-19-000099,2017-04-30,,,,,,2016,PaymentsForRepurchaseOfCommonStock,False
14693,Brown-Forman Corporation,1000000.0,0000014693-20-000070,2018-04-30,,,,,,2017,PaymentsForRepurchaseOfCommonStock,False
14693,Brown-Forman Corporation,207000000.0,0000014693-21-000091,2019-04-30,,,,,,2018,PaymentsForRepurchaseOfCommonStock,False
14693,BROWN-FORMAN CORPORATION,1000000.0,0000014693-22-000069,2020-04-30,,,,,,2019,PaymentsForRepurchaseOfCommonStock,False
14693,BROWN-FORMAN CORPORATION,0.0,0000014693-22-000069,2021-04-30,,,,,,2020,PaymentsForRepurchaseOfCommonStock,False
14693,BROWN-FORMAN CORPORATION,0.0,0000014693-24-000086,2022-04-30,,,,,,2021,PaymentsForRepurchaseOfCommonStock,False
14693,BROWN-FORMAN CORPORATION,0.0,0000014693-25-000062,2023-04-30,,,,,,2022,PaymentsForRepurchaseOfCommonStock,False
14693,BROWN-FORMAN CORPORATION,400000000.0,0000014693-26-000024,2024-04-30,,,,,,2023,PaymentsForRepurchaseOfCommonStock,False
14693,BROWN-FORMAN CORPORATION,0.0,0000014693-26-000024,2025-04-30,,,,,,2024,PaymentsForRepurchaseOfCommonStock,False
14693,BROWN-FORMAN CORPORATION,400000000.0,0000014693-26-000024,2026-04-30,,,,,,2025,PaymentsForRepurchaseOfCommonStock,False
16918,"CONSTELLATION BRANDS, INC.",33800000.0,0000016918-18-000033,2016-02-29,,,,,,2015,PaymentsForRepurchaseOfCommonStock,False
16918,"CONSTELLATION BRANDS, INC.",1122700000.0,0000016918-19-000024,2017-02-28,,,,,,2016,PaymentsForRepurchaseOfCommonStock,False
16918,"CONSTELLATION BRANDS, INC.",1038500000.0,0000016918-20-000078,2018-02-28,,,,,,2017,PaymentsForRepurchaseOfCommonStock,False
16918,"CONSTELLATION BRANDS, INC.",504300000.0,0000016918-21-000060,2019-02-28,,,,,,2018,PaymentsForRepurchaseOfCommonStock,False
16918,"CONSTELLATION BRANDS, INC.",50000000.0,0000016918-22-000069,2020-02-29,,,,,,2019,PaymentsForRepurchaseOfCommonStock,False
16918,"CONSTELLATION BRANDS, INC.",0.0,0000016918-23-000045,2021-02-28,,,,,,2020,PaymentsForRepurchaseOfCommonStock,False
16918,"CONSTELLATION BRANDS, INC.",1390500000.0,0000016918-24-000054,2022-02-28,,,,,,2021,PaymentsForRepurchaseOfCommonStock,False
16918,"CONSTELLATION BRANDS, INC.",1700200000.0,0000016918-25-000022,2023-02-28,,,,,,2022,PaymentsForRepurchaseOfCommonStock,False
16918,"CONSTELLATION BRANDS, INC.",249700000.0,0000016918-26-000011,2024-02-29,,,,,,2023,PaymentsForRepurchaseOfCommonStock,False
16918,"CONSTELLATION BRANDS, INC.",1123800000.0,0000016918-26-000011,2025-02-28,,,,,,2024,PaymentsForRepurchaseOfCommonStock,False
16918,"CONSTELLATION BRANDS, INC.",924100000.0,0000016918-26-000011,2026-02-28,,,,,,2025,PaymentsForRepurchaseOfCommonStock,False
18230,CATERPILLAR INC,2025000000.0,0000018230-18-000042,2015-12-31,,,,,,2015,PaymentsForRepurchaseOfCommonStock,False
18230,CATERPILLAR INC,0.0,0000018230-19-000034,2016-12-31,,,,,,2016,PaymentsForRepurchaseOfCommonStock,False
18230,CATERPILLAR INC,0.0,0000018230-20-000056,2017-12-31,,,,,,2017,PaymentsForRepurchaseOfCommonStock,False
18230,CATERPILLAR INC,3798000000.0,0000018230-21-000063,2018-12-31,,,,,,2018,PaymentsForRepurchaseOfCommonStock,False
18230,CATERPILLAR INC,4047000000.0,0000018230-22-000050,2019-12-31,,,,,,2019,PaymentsForRepurchaseOfCommonStock,False
18230,CATERPILLAR INC,1130000000.0,0000018230-23-000011,2020-12-31,,,,,,2020,PaymentsForRepurchaseOfCommonStock,False
18230,CATERPILLAR INC,2668000000.0,0000018230-24-000009,2021-12-31,,,,,,2021,PaymentsForRepurchaseOfCommonStock,False
18230,CATERPILLAR INC,4230000000.0,0000018230-25-000008,2022-12-31,,,,,,2022,PaymentsForRepurchaseOfCommonStock,False
18230,CATERPILLAR INC,4975000000.0,0000018230-26-000008,2023-12-31,,,,,,2023,PaymentsForRepurchaseOfCommonStock,False
18230,CATERPILLAR INC,7697000000.0,0000018230-26-000008,2024-12-31,,,,,,2024,PaymentsForRepurchaseOfCommonStock,False
18230,CATERPILLAR INC,5190000000.0,0000018230-26-000008,2025-12-31,,,,,,2025,PaymentsForRepurchaseOfCommonStock,False
19617,JPMORGAN CHASE & CO,5616000000.0,0000019617-18-000057,2015-12-31,,,,,,2015,PaymentsForRepurchaseOfCommonStock,False
19617,JPMORGAN CHASE & CO,9082000000.0,0000019617-19-000054,2016-12-31,,,,,,2016,PaymentsForRepurchaseOfCommonStock,False
19617,JPMORGAN CHASE & CO,15410000000.0,0000019617-20-000257,2017-12-31,,,,,,2017,PaymentsForRepurchaseOfCommonStock,False
19617,JPMORGAN CHASE & CO,19983000000.0,0000019617-21-000236,2018-12-31,,,,,,2018,PaymentsForRepurchaseOfCommonStock,False
19617,JPMorgan Chase & Co,24001000000.0,0000019617-22-000272,2019-12-31,,,,,,2019,PaymentsForRepurchaseOfCommonStock,False
19617,JPMorgan Chase & Co,6517000000.0,0000019617-23-000231,2020-12-31,,,,,,2020,PaymentsForRepurchaseOfCommonStock,False
19617,JPMorgan Chase & Co,18408000000.0,0000019617-24-000225,2021-12-31,,,,,,2021,PaymentsForRepurchaseOfCommonStock,False
19617,JPMorgan Chase & Co,3162000000.0,0000019617-25-000270,2022-12-31,,,,,,2022,PaymentsForRepurchaseOfCommonStock,False
19617,JPMorgan Chase & Co,9824000000.0,0001628280-26-008131,2023-12-31,,,,,,2023,PaymentsForRepurchaseOfCommonStock,False
19617,JPMorgan Chase & Co,18830000000.0,0001628280-26-008131,2024-12-31,,,,,,2024,PaymentsForRepurchaseOfCommonStock,False
19617,JPMorgan Chase & Co,31591000000.0,0001628280-26-008131,2025-12-31,,,,,,2025,PaymentsForRepurchaseOfCommonStock,False
20286,CINCINNATI FINANCIAL CORP,53000000.0,0000020286-18-000012,2015-12-31,,,,,,2015,PaymentsForRepurchaseOfCommonStock,False
20286,CINCINNATI FINANCIAL CORP,39000000.0,0000020286-19-000012,2016-12-31,,,,,,2016,PaymentsForRepurchaseOfCommonStock,False
20286,CINCINNATI FINANCIAL CORP,92000000.0,0000020286-20-000011,2017-12-31,,,,,,2017,PaymentsForRepurchaseOfCommonStock,False
20286,CINCINNATI FINANCIAL CORP,125000000.0,0000020286-21-000013,2018-12-31,,,,,,2018,PaymentsForRepurchaseOfCommonStock,False
20286,Cincinnati Financial Corporation,67000000.0,0000020286-22-000012,2019-12-31,,,,,,2019,PaymentsForRepurchaseOfCommonStock,False
20286,Cincinnati Financial Corporation,261000000.0,0000020286-23-000008,2020-12-31,,,,,,2020,PaymentsForRepurchaseOfCommonStock,False
20286,Cincinnati Financial Corporation,144000000.0,0000020286-24-000014,2021-12-31,,,,,,2021,PaymentsForRepurchaseOfCommonStock,False
20286,Cincinnati Financial Corporation,410000000.0,0000020286-25-000009,2022-12-31,,,,,,2022,PaymentsForRepurchaseOfCommonStock,False
20286,Cincinnati Financial Corporation,67000000.0,0000020286-26-000008,2023-12-31,,,,,,2023,PaymentsForRepurchaseOfCommonStock,False
20286,Cincinnati Financial Corporation,126000000.0,0000020286-26-000008,2024-12-31,,,,,,2024,PaymentsForRepurchaseOfCommonStock,False
20286,Cincinnati Financial Corporation,205000000.0,0000020286-26-000008,2025-12-31,,,,,,2025,PaymentsForRepurchaseOfCommonStock,False
21076,CLOROX CO /DE/,434000000.0,0001628280-17-008700,2015-06-30,,,,,,2015,PaymentsForRepurchaseOfCommonStock,False
21076,CLOROX CO /DE/,254000000.0,0000021076-18-000011,2016-06-30,,,,,,2016,PaymentsForRepurchaseOfCommonStock,False
21076,CLOROX CO /DE/,183000000.0,0000021076-19-000012,2017-06-30,,,,,,2017,PaymentsForRepurchaseOfCommonStock,False
21076,CLOROX CO /DE/,271000000.0,0000021076-20-000016,2018-06-30,,,,,,2018,PaymentsForRepurchaseOfCommonStock,False
21076,CLOROX CO /DE/,661000000.0,0000021076-21-000016,2019-06-30,,,,,,2019,PaymentsForRepurchaseOfCommonStock,False
21076,THE CLOROX COMPANY,248000000.0,0000021076-22-000026,2020-06-30,,,,,,2020,PaymentsForRepurchaseOfCommonStock,False
21076,THE CLOROX COMPANY,905000000.0,0000021076-23-000037,2021-06-30,,,,,,2021,PaymentsForRepurchaseOfCommonStock,False
21076,THE CLOROX COMPANY,25000000.0,0000021076-24-000030,2022-06-30,,,,,,2022,PaymentsForRepurchaseOfCommonStock,False
21076,THE CLOROX COMPANY,0.0,0000021076-25-000039,2023-06-30,,,,,,2023,PaymentsForRepurchaseOfCommonStock,False
21076,THE CLOROX COMPANY,0.0,0000021076-25-000039,2024-06-30,,,,,,2024,PaymentsForRepurchaseOfCommonStock,False
21076,THE CLOROX COMPANY,332000000.0,0000021076-25-000039,2025-06-30,,,,,,2025,PaymentsForRepurchaseOfCommonStock,False
21344,COCA COLA CO,3564000000.0,0000021344-18-000008,2015-12-31,,,,,,2015,PaymentsForRepurchaseOfCommonStock,False
21344,COCA COLA CO,3681000000.0,0000021344-19-000039,2016-12-31,,,,,,2016,PaymentsForRepurchaseOfCommonStock,False
21344,COCA COLA CO,3682000000.0,0000021344-20-000006,2017-12-31,,,,,,2017,PaymentsForRepurchaseOfCommonStock,False
21344,COCA COLA CO,1912000000.0,0000021344-21-000008,2018-12-31,,,,,,2018,PaymentsForRepurchaseOfCommonStock,False
21344,COCA COLA CO,1103000000.0,0000021344-22-000009,2019-12-31,,,,,,2019,PaymentsForRepurchaseOfCommonStock,False
21344,COCA COLA CO,118000000.0,0000021344-23-000011,2020-12-31,,,,,,2020,PaymentsForRepurchaseOfCommonStock,False
21344,COCA COLA CO,111000000.0,0000021344-24-000009,2021-12-31,,,,,,2021,PaymentsForRepurchaseOfCommonStock,False
21344,COCA COLA CO,1418000000.0,0000021344-25-000047,2022-12-31,,,,,,2022,PaymentsForRepurchaseOfCommonStock,False
21344,COCA COLA CO,2289000000.0,0001628280-26-010047,2023-12-31,,,,,,2023,PaymentsForRepurchaseOfCommonStock,False
21344,COCA COLA CO,1795000000.0,0001628280-26-010047,2024-12-31,,,,,,2024,PaymentsForRepurchaseOfCommonStock,False
21344,COCA COLA CO,746000000.0,0001628280-26-010047,2025-12-31,,,,,,2025,PaymentsForRepurchaseOfCommonStock,False
21665,COLGATE-PALMOLIVE COMPANY,1551000000.0,0000021665-18-000006,2015-12-31,,,,,,2015,PaymentsForRepurchaseOfCommonStock,False
21665,COLGATE-PALMOLIVE COMPANY,1335000000.0,0000021665-19-000003,2016-12-31,,,,,,2016,PaymentsForRepurchaseOfCommonStock,False
21665,COLGATE-PALMOLIVE COMPANY,1399000000.0,0000021665-20-000004,2017-12-31,,,,,,2017,PaymentsForRepurchaseOfCommonStock,False
21665,COLGATE-PALMOLIVE COMPANY,1238000000.0,0000021665-21-000007,2018-12-31,,,,,,2018,PaymentsForRepurchaseOfCommonStock,False
21665,COLGATE-PALMOLIVE COMPANY,1202000000.0,0000021665-22-000003,2019-12-31,,,,,,2019,PaymentsForRepurchaseOfCommonStock,False
21665,COLGATE-PALMOLIVE COMPANY,1476000000.0,0000021665-23-000007,2020-12-31,,,,,,2020,PaymentsForRepurchaseOfCommonStock,False
21665,COLGATE-PALMOLIVE COMPANY,1320000000.0,0000021665-24-000003,2021-12-31,,,,,,2021,PaymentsForRepurchaseOfCommonStock,False
21665,COLGATE-PALMOLIVE COMPANY,1308000000.0,0000021665-25-000008,2022-12-31,,,,,,2022,PaymentsForRepurchaseOfCommonStock,False
21665,COLGATE-PALMOLIVE COMPANY,1128000000.0,0000021665-26-000006,2023-12-31,,,,,,2023,PaymentsForRepurchaseOfCommonStock,False
21665,COLGATE-PALMOLIVE COMPANY,1739000000.0,0000021665-26-000006,2024-12-31,,,,,,2024,PaymentsForRepurchaseOfCommonStock,False
21665,COLGATE-PALMOLIVE COMPANY,1210000000.0,0000021665-26-000006,2025-12-31,,,,,,2025,PaymentsForRepurchaseOfCommonStock,False
24545,MOLSON COORS BEVERAGE COMPANY,0.0,0000024545-23-000006,2020-12-31,,,,,,2020,PaymentsForRepurchaseOfCommonStock,False
24545,Molson Coors Beverage Company,0.0,0000024545-24-000005,2021-12-31,,,,,,2021,PaymentsForRepurchaseOfCommonStock,False
24545,Molson Coors Beverage Company,51500000.0,0000024545-25-000007,2022-12-31,,,,,,2022,PaymentsForRepurchaseOfCommonStock,False
24545,MOLSON COORS BEVERAGE COMPANY,205800000.0,0000024545-26-000006,2023-12-31,,,,,,2023,PaymentsForRepurchaseOfCommonStock,False
24545,MOLSON COORS BEVERAGE COMPANY,643400000.0,0000024545-26-000006,2024-12-31,,,,,,2024,PaymentsForRepurchaseOfCommonStock,False
24545,MOLSON COORS BEVERAGE COMPANY,647900000.0,0000024545-26-000006,2025-12-31,,,,,,2025,PaymentsForRepurchaseOfCommonStock,False
24741,CORNING INC /NY,3228000000.0,0000024741-18-000010,2015-12-31,,,,,,2015,PaymentsForRepurchaseOfCommonStock,False
24741,CORNING INC /NY,4227000000.0,0000024741-19-000016,2016-12-31,,,,,,2016,PaymentsForRepurchaseOfCommonStock,False
24741,CORNING INC /NY,2452000000.0,0000024741-20-000014,2017-12-31,,,,,,2017,PaymentsForRepurchaseOfCommonStock,False
24741,CORNING INC /NY,2227000000.0,0001562762-21-000023,2018-12-31,,,,,,2018,PaymentsForRepurchaseOfCommonStock,False
24741,CORNING INC /NY,940000000.0,0001437749-22-003247,2019-12-31,,,,,,2019,PaymentsForRepurchaseOfCommonStock,False
24741,CORNING INC /NY,105000000.0,0001437749-23-003123,2020-12-31,,,,,,2020,PaymentsForRepurchaseOfCommonStock,False
24741,CORNING INC /NY,274000000.0,0001437749-24-003735,2021-12-31,,,,,,2021,PaymentsForRepurchaseOfCommonStock,False
24741,CORNING INC /NY,221000000.0,0001628280-25-005347,2022-12-31,,,,,,2022,PaymentsForRepurchaseOfCommonStock,False
24741,CORNING INC /NY,165000000.0,0000024741-26-000124,2024-12-31,,,,,,2024,PaymentsForRepurchaseOfCommonStock,False
24741,CORNING INC /NY,163000000.0,0000024741-26-000124,2025-12-31,,,,,,2025,PaymentsForRepurchaseOfCommonStock,False
26172,CUMMINS INC.,900000000.0,0000026172-18-000011,2015-12-31,,,,,,2015,PaymentsForRepurchaseOfCommonStock,False
26172,CUMMINS INC.,778000000.0,0000026172-19-000009,2016-12-31,,,,,,2016,PaymentsForRepurchaseOfCommonStock,False
26172,CUMMINS INC.,451000000.0,0000026172-20-000009,2017-12-31,,,,,,2017,PaymentsForRepurchaseOfCommonStock,False
26172,CUMMINS INC.,1140000000.0,0000026172-21-000012,2018-12-31,,,,,,2018,PaymentsForRepurchaseOfCommonStock,False
26172,CUMMINS INC.,1271000000.0,0000026172-22-000008,2019-12-31,,,,,,2019,PaymentsForRepurchaseOfCommonStock,False
26172,CUMMINS INC.,641000000.0,0000026172-23-000005,2020-12-31,,,,,,2020,PaymentsForRepurchaseOfCommonStock,False
26172,CUMMINS INC.,1402000000.0,0000026172-24-000012,2021-12-31,,,,,,2021,PaymentsForRepurchaseOfCommonStock,False
26172,CUMMINS INC.,374000000.0,0000026172-25-000007,2022-12-31,,,,,,2022,PaymentsForRepurchaseOfCommonStock,False
26172,CUMMINS INC.,0.0,0000026172-25-000007,2023-12-31,,,,,,2023,PaymentsForRepurchaseOfCommonStock,False
26172,CUMMINS INC.,0.0,0000026172-25-000007,2024-12-31,,,,,,2024,PaymentsForRepurchaseOfCommonStock,False
27419,TARGET CORP,3483000000.0,0000027419-18-000010,2016-01-30,,,,,,2015,PaymentsForRepurchaseOfCommonStock,False
27419,TARGET CORP,3706000000.0,0000027419-19-000006,2017-01-28,,,,,,2016,PaymentsForRepurchaseOfCommonStock,False
27419,TARGET CORP,1046000000.0,0000027419-20-000008,2018-02-03,,,,,,2017,PaymentsForRepurchaseOfCommonStock,False
27419,TARGET CORPORATION,2124000000.0,0000027419-21-000010,2019-02-02,,,,,,2018,PaymentsForRepurchaseOfCommonStock,False
27419,TARGET CORP,1565000000.0,0000027419-22-000007,2020-02-01,,,,,,2019,PaymentsForRepurchaseOfCommonStock,False
27419,TARGET CORPORATION,745000000.0,0000027419-23-000015,2021-01-30,,,,,,2020,PaymentsForRepurchaseOfCommonStock,False
27419,TARGET CORPORATION,7188000000.0,0000027419-24-000032,2022-01-29,,,,,,2021,PaymentsForRepurchaseOfCommonStock,False
27419,TARGET CORPORATION,2646000000.0,0000027419-25-000018,2023-01-28,,,,,,2022,PaymentsForRepurchaseOfCommonStock,False
27419,TARGET CORPORATION,0.0,0000027419-26-000016,2024-02-03,,,,,,2023,PaymentsForRepurchaseOfCommonStock,False
27419,TARGET CORPORATION,1007000000.0,0000027419-26-000016,2025-02-01,,,,,,2024,PaymentsForRepurchaseOfCommonStock,False
27419,TARGET CORPORATION,408000000.0,0000027419-26-000016,2026-01-31,,,,,,2025,PaymentsForRepurchaseOfCommonStock,False
27904,"DELTA AIR LINES, INC.",2200000000.0,0000027904-18-000006,2015-12-31,,,,,,2015,PaymentsForRepurchaseOfCommonStock,False
27904,"DELTA AIR LINES, INC.",2601000000.0,0000027904-19-000003,2016-12-31,,,,,,2016,PaymentsForRepurchaseOfCommonStock,False
27904,"DELTA AIR LINES, INC.",1677000000.0,0000027904-20-000004,2017-12-31,,,,,,2017,PaymentsForRepurchaseOfCommonStock,False
27904,"DELTA AIR LINES, INC.",1575000000.0,0000027904-21-000003,2018-12-31,,,,,,2018,PaymentsForRepurchaseOfCommonStock,False
27904,"DELTA AIR LINES, INC.",2027000000.0,0000027904-22-000003,2019-12-31,,,,,,2019,PaymentsForRepurchaseOfCommonStock,False
27904,"DELTA AIR LINES, INC.",344000000.0,0000027904-23-000003,2020-12-31,,,,,,2020,PaymentsForRepurchaseOfCommonStock,False
27904,"DELTA AIR LINES, INC.",0.0,0000027904-23-000003,2021-12-31,,,,,,2021,PaymentsForRepurchaseOfCommonStock,False
27904,"DELTA AIR LINES, INC.",0.0,0000027904-23-000003,2022-12-31,,,,,,2022,PaymentsForRepurchaseOfCommonStock,False
29534,DOLLAR GENERAL CORPORATION,1299613000.0,0001558370-18-002366,2016-01-29,,,,,,2015,PaymentsForRepurchaseOfCommonStock,False
29534,DOLLAR GENERAL CORPORATION,990474000.0,0001558370-19-002383,2017-02-03,,,,,,2016,PaymentsForRepurchaseOfCommonStock,False
29534,DOLLAR GENERAL CORPORATION,579712000.0,0001558370-20-002915,2018-02-02,,,,,,2017,PaymentsForRepurchaseOfCommonStock,False
29534,DOLLAR GENERAL CORPORATION,1007494000.0,0001558370-21-003245,2019-02-01,,,,,,2018,PaymentsForRepurchaseOfCommonStock,False
29534,DOLLAR GENERAL CORPORATION,1200376000.0,0001558370-22-003921,2020-01-31,,,,,,2019,PaymentsForRepurchaseOfCommonStock,False
29534,DOLLAR GENERAL CORPORATION,2466434000.0,0001558370-23-004574,2021-01-29,,,,,,2020,PaymentsForRepurchaseOfCommonStock,False
29534,DOLLAR GENERAL CORPORATION,2549669000.0,0001558370-24-003813,2022-01-28,,,,,,2021,PaymentsForRepurchaseOfCommonStock,False
29534,DOLLAR GENERAL CORPORATION,2748014000.0,0001558370-25-003413,2023-02-03,,,,,,2022,PaymentsForRepurchaseOfCommonStock,False
29905,DOVER Corp,600164000.0,0000029905-18-000019,2015-12-31,,,,,,2015,PaymentsForRepurchaseOfCommonStock,False
29905,DOVER Corp,0.0,0000029905-19-000019,2016-12-31,,,,,,2016,PaymentsForRepurchaseOfCommonStock,False
29905,DOVER Corp,105023000.0,0000029905-20-000011,2017-12-31,,,,,,2017,PaymentsForRepurchaseOfCommonStock,False
29905,DOVER Corp,894977000.0,0000029905-21-000010,2018-12-31,,,,,,2018,PaymentsForRepurchaseOfCommonStock,False
29905,Dover Corporation,143280000.0,0000029905-22-000009,2019-12-31,,,,,,2019,PaymentsForRepurchaseOfCommonStock,False
29905,Dover Corporation,106279000.0,0000029905-23-000008,2020-12-31,,,,,,2020,PaymentsForRepurchaseOfCommonStock,False
29905,Dover Corporation,21637000.0,0000029905-24-000008,2021-12-31,,,,,,2021,PaymentsForRepurchaseOfCommonStock,False
29905,Dover Corporation,585000000.0,0000029905-25-000006,2022-12-31,,,,,,2022,PaymentsForRepurchaseOfCommonStock,False
29905,Dover Corporation,0.0,0000029905-26-000009,2023-12-31,,,,,,2023,PaymentsForRepurchaseOfCommonStock,False
29905,Dover Corporation,500000000.0,0000029905-26-000009,2024-12-31,,,,,,2024,PaymentsForRepurchaseOfCommonStock,False
29905,Dover Corporation,540700000.0,0000029905-26-000009,2025-12-31,,,,,,2025,PaymentsForRepurchaseOfCommonStock,False
29989,OMNICOM GROUP INC.,727500000.0,0000029989-18-000004,2015-12-31,,,,,,2015,PaymentsForRepurchaseOfCommonStock,False
29989,OMNICOM GROUP INC.,602200000.0,0000029989-19-000007,2016-12-31,,,,,,2016,PaymentsForRepurchaseOfCommonStock,False
29989,OMNICOM GROUP INC.,568400000.0,0000029989-20-000005,2017-12-31,,,,,,2017,PaymentsForRepurchaseOfCommonStock,False
29989,OMNICOM GROUP INC.,581300000.0,0000029989-21-000004,2018-12-31,,,,,,2018,PaymentsForRepurchaseOfCommonStock,False
29989,OMNICOM GROUP INC.,610200000.0,0000029989-22-000012,2019-12-31,,,,,,2019,PaymentsForRepurchaseOfCommonStock,False
29989,OMNICOM GROUP INC.,222000000.0,0000029989-23-000005,2020-12-31,,,,,,2020,PaymentsForRepurchaseOfCommonStock,False
29989,OMNICOM GROUP INC.,527300000.0,0000029989-24-000007,2021-12-31,,,,,,2021,PaymentsForRepurchaseOfCommonStock,False
29989,OMNICOM GROUP INC.,611400000.0,0000029989-25-000009,2022-12-31,,,,,,2022,PaymentsForRepurchaseOfCommonStock,False
29989,Omnicom Group Inc.,570800000.0,0000029989-26-000006,2023-12-31,,,,,,2023,PaymentsForRepurchaseOfCommonStock,False
29989,Omnicom Group Inc.,370700000.0,0000029989-26-000006,2024-12-31,,,,,,2024,PaymentsForRepurchaseOfCommonStock,False
29989,Omnicom Group Inc.,707900000.0,0000029989-26-000006,2025-12-31,,,,,,2025,PaymentsForRepurchaseOfCommonStock,False
31462,ECOLAB INC.,755100000.0,0001558370-18-000999,2015-12-31,,,,,,2015,PaymentsForRepurchaseOfCommonStock,False
31462,ECOLAB INC.,739600000.0,0001558370-19-001379,2016-12-31,,,,,,2016,PaymentsForRepurchaseOfCommonStock,False
31462,ECOLAB INC.,600300000.0,0001558370-20-011283,2017-12-31,,,,,,2017,PaymentsForRepurchaseOfCommonStock,False
31462,ECOLAB INC.,562400000.0,0001558370-21-001916,2018-12-31,,,,,,2018,PaymentsForRepurchaseOfCommonStock,False
31462,ECOLAB INC.,353700000.0,0001558370-22-002059,2019-12-31,,,,,,2019,PaymentsForRepurchaseOfCommonStock,False
31462,ECOLAB INC.,146200000.0,0001558370-23-001969,2020-12-31,,,,,,2020,PaymentsForRepurchaseOfCommonStock,False
31462,ECOLAB INC.,106600000.0,0001558370-24-001581,2021-12-31,,,,,,2021,PaymentsForRepurchaseOfCommonStock,False
31462,ECOLAB INC.,518200000.0,0001558370-25-001263,2022-12-31,,,,,,2022,PaymentsForRepurchaseOfCommonStock,False
31462,ECOLAB INC.,13700000.0,0001104659-26-018357,2023-12-31,,,,,,2023,PaymentsForRepurchaseOfCommonStock,False
31462,ECOLAB INC.,986500000.0,0001104659-26-018357,2024-12-31,,,,,,2024,PaymentsForRepurchaseOfCommonStock,False
31462,ECOLAB INC.,783800000.0,0001104659-26-018357,2025-12-31,,,,,,2025,PaymentsForRepurchaseOfCommonStock,False
31791,"PERKINELMER, INC",76439000.0,0000031791-18-000004,2016-01-03,,,,,,2015,PaymentsForRepurchaseOfCommonStock,False
31791,"PERKINELMER, INC",151801000.0,0000031791-19-000003,2017-01-01,,,,,,2016,PaymentsForRepurchaseOfCommonStock,False
31791,"PERKINELMER, INC",3834000.0,0000031791-20-000003,2017-12-31,,,,,,2017,PaymentsForRepurchaseOfCommonStock,False
31791,"PERKINELMER, INC",57445000.0,0000031791-21-000003,2018-12-30,,,,,,2018,PaymentsForRepurchaseOfCommonStock,False
31791,"PERKINELMER, INC.",6313000.0,0000031791-22-000003,2019-12-29,,,,,,2019,PaymentsForRepurchaseOfCommonStock,False
31791,"PERKINELMER, INC.",6944000.0,0000031791-23-000004,2021-01-03,,,,,,2020,PaymentsForRepurchaseOfCommonStock,False
31791,"REVVITY, INC.",73072000.0,0000031791-24-000004,2022-01-02,,,,,,2021,PaymentsForRepurchaseOfCommonStock,False
31791,"REVVITY, INC.",80638000.0,0000031791-25-000009,2023-01-01,,,,,,2022,PaymentsForRepurchaseOfCommonStock,False
31791,"REVVITY, INC.",388882000.0,0000031791-26-000012,2023-12-31,,,,,,2023,PaymentsForRepurchaseOfCommonStock,False
31791,"REVVITY, INC.",369578000.0,0000031791-26-000012,2024-12-29,,,,,,2024,PaymentsForRepurchaseOfCommonStock,False
31791,"REVVITY, INC.",820815000.0,0000031791-26-000012,2025-12-28,,,,,,2025,PaymentsForRepurchaseOfCommonStock,False
32604,EMERSON ELECTRIC CO,2501000000.0,0000032604-17-000046,2015-09-30,,,,,,2015,PaymentsForRepurchaseOfCommonStock,False
32604,EMERSON ELECTRIC CO,601000000.0,0000032604-18-000044,2016-09-30,,,,,,2016,PaymentsForRepurchaseOfCommonStock,False
32604,EMERSON ELECTRIC CO,400000000.0,0000032604-19-000048,2017-09-30,,,,,,2017,PaymentsForRepurchaseOfCommonStock,False
32604,EMERSON ELECTRIC CO,1000000000.0,0000032604-20-000041,2018-09-30,,,,,,2018,PaymentsForRepurchaseOfCommonStock,False
32604,EMERSON ELECTRIC CO,1250000000.0,0000032604-21-000038,2019-09-30,,,,,,2019,PaymentsForRepurchaseOfCommonStock,False
32604,EMERSON ELECTRIC CO.,942000000.0,0000032604-22-000041,2020-09-30,,,,,,2020,PaymentsForRepurchaseOfCommonStock,False
32604,EMERSON ELECTRIC CO.,500000000.0,0000032604-23-000044,2021-09-30,,,,,,2021,PaymentsForRepurchaseOfCommonStock,False
32604,EMERSON ELECTRIC CO.,500000000.0,0000032604-24-000041,2022-09-30,,,,,,2022,PaymentsForRepurchaseOfCommonStock,False
32604,EMERSON ELECTRIC CO.,2000000000.0,0000032604-25-000087,2023-09-30,,,,,,2023,PaymentsForRepurchaseOfCommonStock,False
32604,EMERSON ELECTRIC CO.,435000000.0,0000032604-25-000087,2024-09-30,,,,,,2024,PaymentsForRepurchaseOfCommonStock,False
32604,EMERSON ELECTRIC CO.,1167000000.0,0000032604-25-000087,2025-09-30,,,,,,2025,PaymentsForRepurchaseOfCommonStock,False
33185,EQUIFAX INC,196300000.0,0000033185-18-000011,2015-12-31,,,,,,2015,PaymentsForRepurchaseOfCommonStock,False
33185,EQUIFAX INC.,0.0,0000033185-19-000007,2016-12-31,,,,,,2016,PaymentsForRepurchaseOfCommonStock,False
33185,EQUIFAX INC,77100000.0,0000033185-20-000011,2017-12-31,,,,,,2017,PaymentsForRepurchaseOfCommonStock,False
33185,EQUIFAX INC,0.0,0000033185-20-000011,2018-12-31,,,,,,2018,PaymentsForRepurchaseOfCommonStock,False
33185,EQUIFAX INC.,0.0,0000033185-22-000014,2019-12-31,,,,,,2019,PaymentsForRepurchaseOfCommonStock,False
33185,EQUIFAX INC.,0.0,0000033185-23-000012,2020-12-31,,,,,,2020,PaymentsForRepurchaseOfCommonStock,False
33185,EQUIFAX INC.,69900000.0,0000033185-24-000017,2021-12-31,,,,,,2021,PaymentsForRepurchaseOfCommonStock,False
33185,EQUIFAX INC.,0.0,0000033185-24-000017,2022-12-31,,,,,,2022,PaymentsForRepurchaseOfCommonStock,False
33185,EQUIFAX INC.,0.0,0000033185-26-000010,2023-12-31,,,,,,2023,PaymentsForRepurchaseOfCommonStock,False
33185,EQUIFAX INC.,0.0,0000033185-26-000010,2024-12-31,,,,,,2024,PaymentsForRepurchaseOfCommonStock,False
33185,EQUIFAX INC.,927500000.0,0000033185-26-000010,2025-12-31,,,,,,2025,PaymentsForRepurchaseOfCommonStock,False
33213,EQT CORPORATION,3375000.0,0000033213-18-000003,2015-12-31,,,,,,2015,PaymentsForRepurchaseOfCommonStock,False
33213,EQT CORPORATION,30000.0,0000033213-19-000006,2016-12-31,,,,,,2016,PaymentsForRepurchaseOfCommonStock,False
33213,EQT CORPORATION,30000.0,0000033213-20-000008,2017-12-31,,,,,,2017,PaymentsForRepurchaseOfCommonStock,False
33213,EQT CORPORATION,27000.0,0000033213-21-000006,2018-12-31,,,,,,2018,PaymentsForRepurchaseOfCommonStock,False
33213,EQT CORPORATION,0.0,0000033213-22-000015,2019-12-31,,,,,,2019,PaymentsForRepurchaseOfCommonStock,False
33213,EQT CORPORATION,0.0,0000033213-23-000008,2020-12-31,,,,,,2020,PaymentsForRepurchaseOfCommonStock,False
33213,EQT CORPORATION,12922000.0,0000033213-24-000008,2021-12-31,,,,,,2021,PaymentsForRepurchaseOfCommonStock,False
33213,EQT CORPORATION,409485000.0,0000033213-25-000011,2022-12-31,,,,,,2022,PaymentsForRepurchaseOfCommonStock,False
33213,EQT CORPORATION,201029000.0,0000033213-26-000018,2023-12-31,,,,,,2023,PaymentsForRepurchaseOfCommonStock,False
33213,EQT CORPORATION,0.0,0000033213-26-000018,2024-12-31,,,,,,2024,PaymentsForRepurchaseOfCommonStock,False
33213,EQT CORPORATION,0.0,0000033213-26-000018,2025-12-31,,,,,,2025,PaymentsForRepurchaseOfCommonStock,False
35527,Fifth Third Bancorp,850000000.0,0001193125-18-062301,2015-12-31,,,,,,2015,PaymentsForRepurchaseOfCommonStock,False
35527,Fifth Third Bancorp,661000000.0,0001193125-19-059441,2016-12-31,,,,,,2016,PaymentsForRepurchaseOfCommonStock,False
35527,Fifth Third Bancorp,1605000000.0,0001193125-20-057751,2017-12-31,,,,,,2017,PaymentsForRepurchaseOfCommonStock,False
35527,Fifth Third Bancorp,1453000000.0,0000035527-21-000100,2018-12-31,,,,,,2018,PaymentsForRepurchaseOfCommonStock,False
35527,FIFTH THIRD BANCORP,1763000000.0,0000035527-22-000119,2019-12-31,,,,,,2019,PaymentsForRepurchaseOfCommonStock,False
35527,FIFTH THIRD BANCORP,0.0,0000035527-23-000122,2020-12-31,,,,,,2020,PaymentsForRepurchaseOfCommonStock,False
35527,FIFTH THIRD BANCORP,1393000000.0,0000035527-24-000088,2021-12-31,,,,,,2021,PaymentsForRepurchaseOfCommonStock,False
35527,FIFTH THIRD BANCORP,100000000.0,0000035527-25-000079,2022-12-31,,,,,,2022,PaymentsForRepurchaseOfCommonStock,False
35527,Fifth Third Bancorp,200000000.0,0000035527-26-000124,2023-12-31,,,,,,2023,PaymentsForRepurchaseOfCommonStock,False
35527,Fifth Third Bancorp,625000000.0,0000035527-26-000124,2024-12-31,,,,,,2024,PaymentsForRepurchaseOfCommonStock,False
35527,Fifth Third Bancorp,525000000.0,0000035527-26-000124,2025-12-31,,,,,,2025,PaymentsForRepurchaseOfCommonStock,False
36104,US BANCORP \DE\,2190000000.0,0001193125-18-053893,2015-12-31,,,,,,2015,PaymentsForRepurchaseOfCommonStock,False
36104,US BANCORP \DE\,2556000000.0,0001193125-19-047201,2016-12-31,,,,,,2016,PaymentsForRepurchaseOfCommonStock,False
36104,US BANCORP \DE\,2631000000.0,0001193125-20-043622,2017-12-31,,,,,,2017,PaymentsForRepurchaseOfCommonStock,False
36104,US BANCORP \DE\,2822000000.0,0001193125-21-052547,2018-12-31,,,,,,2018,PaymentsForRepurchaseOfCommonStock,False
36104,US BANCORP \DE\,4525000000.0,0001193125-22-048709,2019-12-31,,,,,,2019,PaymentsForRepurchaseOfCommonStock,False
36104,US BANCORP \DE\,1672000000.0,0001193125-23-050691,2020-12-31,,,,,,2020,PaymentsForRepurchaseOfCommonStock,False
36104,US BANCORP \DE\,1555000000.0,0000036104-24-000018,2021-12-31,,,,,,2021,PaymentsForRepurchaseOfCommonStock,False
36104,US BANCORP \DE\,69000000.0,0000036104-25-000016,2022-12-31,,,,,,2022,PaymentsForRepurchaseOfCommonStock,False
36104,US BANCORP \DE\,62000000.0,0000036104-26-000011,2023-12-31,,,,,,2023,PaymentsForRepurchaseOfCommonStock,False
36104,US BANCORP \DE\,173000000.0,0000036104-26-000011,2024-12-31,,,,,,2024,PaymentsForRepurchaseOfCommonStock,False
36104,US BANCORP \DE\,489000000.0,0000036104-26-000011,2025-12-31,,,,,,2025,PaymentsForRepurchaseOfCommonStock,False
36270,M&T BANK CORPORATION,641334000.0,0001564590-19-003467,2016-12-31,,,,,,2016,PaymentsForRepurchaseOfCommonStock,False
36270,M&T BANK CORPORATION,1205905000.0,0001564590-20-005365,2017-12-31,,,,,,2017,PaymentsForRepurchaseOfCommonStock,False
36270,M&T BANK CORPORATION,2194396000.0,0001564590-21-007188,2018-12-31,,,,,,2018,PaymentsForRepurchaseOfCommonStock,False
36270,M&T BANK CORPORATION,1349785000.0,0001564590-22-005400,2019-12-31,,,,,,2019,PaymentsForRepurchaseOfCommonStock,False
36270,M&T BANK CORPORATION,373750000.0,0000950170-23-003804,2020-12-31,,,,,,2020,PaymentsForRepurchaseOfCommonStock,False
36270,M&T BANK CORPORATION,1800000000.0,0001628280-25-006267,2022-12-31,,,,,,2022,PaymentsForRepurchaseOfCommonStock,False
36270,M&T BANK CORPORATION,594000000.0,0000036270-26-000010,2023-12-31,,,,,,2023,PaymentsForRepurchaseOfCommonStock,False
36270,M&T BANK CORPORATION,396000000.0,0000036270-26-000010,2024-12-31,,,,,,2024,PaymentsForRepurchaseOfCommonStock,False
36270,M&T BANK CORPORATION,2631000000.0,0000036270-26-000010,2025-12-31,,,,,,2025,PaymentsForRepurchaseOfCommonStock,False
37996,FORD MOTOR CO,129000000.0,0000037996-18-000015,2015-12-31,,,,,,2015,PaymentsForRepurchaseOfCommonStock,False
37996,Ford Motor Co,145000000.0,0000037996-19-000012,2016-12-31,,,,,,2016,PaymentsForRepurchaseOfCommonStock,False
37996,FORD MOTOR CO,131000000.0,0000037996-20-000010,2017-12-31,,,,,,2017,PaymentsForRepurchaseOfCommonStock,False
37996,FORD MOTOR CO,164000000.0,0000037996-21-000012,2018-12-31,,,,,,2018,PaymentsForRepurchaseOfCommonStock,False
37996,Ford Motor Co,237000000.0,0000037996-22-000013,2019-12-31,,,,,,2019,PaymentsForRepurchaseOfCommonStock,False
37996,Ford Motor Co,0.0,0000037996-23-000012,2020-12-31,,,,,,2020,PaymentsForRepurchaseOfCommonStock,False
37996,Ford Motor Co,0.0,0000037996-24-000009,2021-12-31,,,,,,2021,PaymentsForRepurchaseOfCommonStock,False
37996,Ford Motor Co,484000000.0,0000037996-25-000013,2022-12-31,,,,,,2022,PaymentsForRepurchaseOfCommonStock,False
37996,Ford Motor Co,335000000.0,0000037996-26-000015,2023-12-31,,,,,,2023,PaymentsForRepurchaseOfCommonStock,False
37996,Ford Motor Co,426000000.0,0000037996-26-000015,2024-12-31,,,,,,2024,PaymentsForRepurchaseOfCommonStock,False
37996,Ford Motor Co,0.0,0000037996-26-000015,2025-12-31,,,,,,2025,PaymentsForRepurchaseOfCommonStock,False
38777,"FRANKLIN RESOURCES, INC.",1059800000.0,0000038777-17-000268,2015-09-30,,,,,,2015,PaymentsForRepurchaseOfCommonStock,False
38777,"FRANKLIN RESOURCES, INC.",1308000000.0,0000038777-18-000233,2016-09-30,,,,,,2016,PaymentsForRepurchaseOfCommonStock,False
38777,"FRANKLIN RESOURCES, INC.",765300000.0,0000038777-19-000186,2017-09-30,,,,,,2017,PaymentsForRepurchaseOfCommonStock,False
38777,"FRANKLIN RESOURCES, INC.",1424800000.0,0000038777-20-000203,2018-09-30,,,,,,2018,PaymentsForRepurchaseOfCommonStock,False
38777,"FRANKLIN RESOURCES, INC.",754500000.0,0000038777-21-000205,2019-09-30,,,,,,2019,PaymentsForRepurchaseOfCommonStock,False
38777,"FRANKLIN RESOURCES, INC.",218200000.0,0000038777-22-000198,2020-09-30,,,,,,2020,PaymentsForRepurchaseOfCommonStock,False
38777,"FRANKLIN RESOURCES, INC.",208200000.0,0000038777-23-000169,2021-09-30,,,,,,2021,PaymentsForRepurchaseOfCommonStock,False
38777,"FRANKLIN RESOURCES, INC.",180800000.0,0000038777-24-000206,2022-09-30,,,,,,2022,PaymentsForRepurchaseOfCommonStock,False
38777,"FRANKLIN RESOURCES, INC.",256300000.0,0000038777-25-000238,2023-09-30,,,,,,2023,PaymentsForRepurchaseOfCommonStock,False
38777,"FRANKLIN RESOURCES, INC.",274400000.0,0000038777-25-000238,2024-09-30,,,,,,2024,PaymentsForRepurchaseOfCommonStock,False
38777,"FRANKLIN RESOURCES, INC.",240300000.0,0000038777-25-000238,2025-09-30,,,,,,2025,PaymentsForRepurchaseOfCommonStock,False
40533,GENERAL DYNAMICS CORPORATION,3233000000.0,0000040533-18-000008,2015-12-31,,,,,,2015,PaymentsForRepurchaseOfCommonStock,False
40533,GENERAL DYNAMICS CORPORATION,1996000000.0,0000040533-19-000010,2016-12-31,,,,,,2016,PaymentsForRepurchaseOfCommonStock,False
40533,GENERAL DYNAMICS CORPORATION,1558000000.0,0000040533-20-000015,2017-12-31,,,,,,2017,PaymentsForRepurchaseOfCommonStock,False
40533,GENERAL DYNAMICS CORPORATION,1769000000.0,0000040533-21-000010,2018-12-31,,,,,,2018,PaymentsForRepurchaseOfCommonStock,False
40533,GENERAL DYNAMICS CORPORATION,231000000.0,0000040533-22-000007,2019-12-31,,,,,,2019,PaymentsForRepurchaseOfCommonStock,False
40533,GENERAL DYNAMICS CORPORATION,587000000.0,0000040533-23-000014,2020-12-31,,,,,,2020,PaymentsForRepurchaseOfCommonStock,False
40533,GENERAL DYNAMICS CORPORATION,1828000000.0,0000040533-24-000007,2021-12-31,,,,,,2021,PaymentsForRepurchaseOfCommonStock,False
40533,GENERAL DYNAMICS CORPORATION,1229000000.0,0000040533-25-000008,2022-12-31,,,,,,2022,PaymentsForRepurchaseOfCommonStock,False
40533,GENERAL DYNAMICS CORPORATION,434000000.0,0000040533-26-000006,2023-12-31,,,,,,2023,PaymentsForRepurchaseOfCommonStock,False
40533,GENERAL DYNAMICS CORPORATION,1501000000.0,0000040533-26-000006,2024-12-31,,,,,,2024,PaymentsForRepurchaseOfCommonStock,False
40533,GENERAL DYNAMICS CORPORATION,637000000.0,0000040533-26-000006,2025-12-31,,,,,,2025,PaymentsForRepurchaseOfCommonStock,False
40545,General Electric Company,-2709000000.0,0000040545-17-000010,2015-12-31,,,,,,2015,PaymentsForRepurchaseOfCommonStock,False
40545,General Electric Company,-22581000000.0,0000040545-17-000010,2016-12-31,,,,,,2016,PaymentsForRepurchaseOfCommonStock,False
40545,GENERAL ELECTRIC COMPANY,107000000.0,0000040545-24-000027,2021-12-31,,,,,,2021,PaymentsForRepurchaseOfCommonStock,False
40545,GENERAL ELECTRIC COMPANY,1048000000.0,0000040545-25-000015,2022-12-31,,,,,,2022,PaymentsForRepurchaseOfCommonStock,False
40545,GENERAL ELECTRIC COMPANY,1233000000.0,0000040545-26-000008,2023-12-31,,,,,,2023,PaymentsForRepurchaseOfCommonStock,False
40545,GENERAL ELECTRIC COMPANY,5827000000.0,0000040545-26-000008,2024-12-31,,,,,,2024,PaymentsForRepurchaseOfCommonStock,False
40545,GENERAL ELECTRIC COMPANY,7551000000.0,0000040545-26-000008,2025-12-31,,,,,,2025,PaymentsForRepurchaseOfCommonStock,False
40704,GENERAL MILLS INC,606700000.0,0001193125-18-209377,2016-05-29,,,,,,2015,PaymentsForRepurchaseOfCommonStock,False
40704,GENERAL MILLS INC,1651500000.0,0001193125-19-184675,2017-05-28,,,,,,2016,PaymentsForRepurchaseOfCommonStock,False
40704,GENERAL MILLS INC,601600000.0,0001193125-20-186469,2018-05-27,,,,,,2017,PaymentsForRepurchaseOfCommonStock,False
40704,GENERAL MILLS INC,1100000.0,0001193125-21-204830,2019-05-26,,,,,,2018,PaymentsForRepurchaseOfCommonStock,False
40704,"GENERAL MILLS, INC.",3400000.0,0001193125-22-185257,2020-05-31,,,,,,2019,PaymentsForRepurchaseOfCommonStock,False
40704,"GENERAL MILLS, INC.",301400000.0,0001193125-23-177500,2021-05-30,,,,,,2020,PaymentsForRepurchaseOfCommonStock,False
40704,"GENERAL MILLS, INC.",876800000.0,0001193125-24-168943,2022-05-29,,,,,,2021,PaymentsForRepurchaseOfCommonStock,False
40704,"GENERAL MILLS, INC.",1403600000.0,0001193125-25-147079,2023-05-28,,,,,,2022,PaymentsForRepurchaseOfCommonStock,False
40704,"GENERAL MILLS, INC.",2002400000.0,0001628280-26-046466,2024-05-26,,,,,,2023,PaymentsForRepurchaseOfCommonStock,False
40704,"GENERAL MILLS, INC.",1202900000.0,0001628280-26-046466,2025-05-25,,,,,,2024,PaymentsForRepurchaseOfCommonStock,False
40704,"GENERAL MILLS, INC.",500300000.0,0001628280-26-046466,2026-05-31,,,,,,2025,PaymentsForRepurchaseOfCommonStock,False
40987,GENUINE PARTS CO,292275000.0,0000040987-18-000002,2015-12-31,,,,,,2015,PaymentsForRepurchaseOfCommonStock,False
40987,GENUINE PARTS CO,181417000.0,0000040987-19-000015,2016-12-31,,,,,,2016,PaymentsForRepurchaseOfCommonStock,False
40987,GENUINE PARTS CO,173524000.0,0000040987-20-000048,2017-12-31,,,,,,2017,PaymentsForRepurchaseOfCommonStock,False
40987,GENUINE PARTS CO,91983000.0,0000040987-21-000009,2018-12-31,,,,,,2018,PaymentsForRepurchaseOfCommonStock,False
40987,GENUINE PARTS CO,74187000.0,0000040987-22-000013,2019-12-31,,,,,,2019,PaymentsForRepurchaseOfCommonStock,False
40987,GENUINE PARTS CO,96215000.0,0000040987-23-000008,2020-12-31,,,,,,2020,PaymentsForRepurchaseOfCommonStock,False
40987,GENUINE PARTS CO,333599000.0,0000040987-24-000024,2021-12-31,,,,,,2021,PaymentsForRepurchaseOfCommonStock,False
40987,GENUINE PARTS CO,222726000.0,0000040987-25-000026,2022-12-31,,,,,,2022,PaymentsForRepurchaseOfCommonStock,False
40987,GENUINE PARTS CO,261473000.0,0000040987-26-000003,2023-12-31,,,,,,2023,PaymentsForRepurchaseOfCommonStock,False
40987,GENUINE PARTS CO,149999000.0,0000040987-26-000003,2024-12-31,,,,,,2024,PaymentsForRepurchaseOfCommonStock,False
40987,GENUINE PARTS CO,0.0,0000040987-26-000003,2025-12-31,,,,,,2025,PaymentsForRepurchaseOfCommonStock,False
45012,HALLIBURTON COMPANY,0.0,0000045012-17-000047,2015-12-31,,,,,,2015,PaymentsForRepurchaseOfCommonStock,False
45012,HALLIBURTON COMPANY,0.0,0000045012-19-000044,2016-12-31,,,,,,2016,PaymentsForRepurchaseOfCommonStock,False
45012,HALLIBURTON COMPANY,0.0,0000045012-20-000031,2017-12-31,,,,,,2017,PaymentsForRepurchaseOfCommonStock,False
45012,HALLIBURTON COMPANY,400000000.0,0000045012-21-000009,2018-12-31,,,,,,2018,PaymentsForRepurchaseOfCommonStock,False
45012,HALLIBURTON COMPANY,100000000.0,0000045012-22-000013,2019-12-31,,,,,,2019,PaymentsForRepurchaseOfCommonStock,False
45012,HALLIBURTON COMPANY,100000000.0,0000045012-23-000011,2020-12-31,,,,,,2020,PaymentsForRepurchaseOfCommonStock,False
45012,HALLIBURTON COMPANY,0.0,0000045012-24-000007,2021-12-31,,,,,,2021,PaymentsForRepurchaseOfCommonStock,False
45012,HALLIBURTON COMPANY,250000000.0,0000045012-25-000010,2022-12-31,,,,,,2022,PaymentsForRepurchaseOfCommonStock,False
45012,HALLIBURTON COMPANY,800000000.0,0000045012-26-000015,2023-12-31,,,,,,2023,PaymentsForRepurchaseOfCommonStock,False
45012,HALLIBURTON COMPANY,1005000000.0,0000045012-26-000015,2024-12-31,,,,,,2024,PaymentsForRepurchaseOfCommonStock,False
45012,HALLIBURTON COMPANY,1007000000.0,0000045012-26-000015,2025-12-31,,,,,,2025,PaymentsForRepurchaseOfCommonStock,False
46080,"Hasbro, Inc.",87224000.0,0001193125-18-058659,2015-12-27,,,,,,2015,PaymentsForRepurchaseOfCommonStock,False
46080,"Hasbro, Inc.",150075000.0,0001193125-19-052025,2016-12-25,,,,,,2016,PaymentsForRepurchaseOfCommonStock,False
46080,"Hasbro, Inc.",151311000.0,0000046080-20-000028,2017-12-31,,,,,,2017,PaymentsForRepurchaseOfCommonStock,False
46080,"Hasbro, Inc.",250054000.0,0000046080-21-000035,2018-12-30,,,,,,2018,PaymentsForRepurchaseOfCommonStock,False
46080,"Hasbro, Inc.",61400000.0,0000046080-22-000023,2019-12-29,,,,,,2019,PaymentsForRepurchaseOfCommonStock,False
46080,"Hasbro, Inc.",0.0,0000046080-23-000017,2020-12-27,,,,,,2020,PaymentsForRepurchaseOfCommonStock,False
46080,"Hasbro, Inc.",0.0,0000046080-24-000034,2021-12-26,,,,,,2021,PaymentsForRepurchaseOfCommonStock,False
46080,"Hasbro, Inc.",125000000.0,0000046080-25-000027,2022-12-25,,,,,,2022,PaymentsForRepurchaseOfCommonStock,False
46080,"Hasbro, Inc.",0.0,0000046080-25-000027,2023-12-31,,,,,,2023,PaymentsForRepurchaseOfCommonStock,False
46080,"Hasbro, Inc.",0.0,0000046080-25-000027,2024-12-29,,,,,,2024,PaymentsForRepurchaseOfCommonStock,False
47111,HERSHEY CO,582623000.0,0000047111-18-000029,2015-12-31,,,,,,2015,PaymentsForRepurchaseOfCommonStock,False
47111,HERSHEY CO,592550000.0,0000047111-19-000010,2016-12-31,,,,,,2016,PaymentsForRepurchaseOfCommonStock,False
47111,HERSHEY CO,300312000.0,0000047111-20-000007,2017-12-31,,,,,,2017,PaymentsForRepurchaseOfCommonStock,False
47111,HERSHEY CO,247500000.0,0000047111-21-000007,2018-12-31,,,,,,2018,PaymentsForRepurchaseOfCommonStock,False
47111,HERSHEY CO,527211000.0,0000047111-22-000017,2019-12-31,,,,,,2019,PaymentsForRepurchaseOfCommonStock,False
47111,HERSHEY CO,211196000.0,0000047111-23-000012,2020-12-31,,,,,,2020,PaymentsForRepurchaseOfCommonStock,False
47111,HERSHEY CO,457946000.0,0000047111-24-000009,2021-12-31,,,,,,2021,PaymentsForRepurchaseOfCommonStock,False
47111,HERSHEY CO,388964000.0,0000047111-25-000014,2022-12-31,,,,,,2022,PaymentsForRepurchaseOfCommonStock,False
47111,THE HERSHEY COMPANY,264913000.0,0001628280-26-008586,2023-12-31,,,,,,2023,PaymentsForRepurchaseOfCommonStock,False
47111,THE HERSHEY COMPANY,494191000.0,0001628280-26-008586,2024-12-31,,,,,,2024,PaymentsForRepurchaseOfCommonStock,False
47111,THE HERSHEY COMPANY,0.0,0001628280-26-008586,2025-12-31,,,,,,2025,PaymentsForRepurchaseOfCommonStock,False
47217,HP INC.,2883000000.0,0000047217-17-000045,2015-10-31,,,,,,2015,PaymentsForRepurchaseOfCommonStock,False
47217,HP INC.,1161000000.0,0000047217-18-000052,2016-10-31,,,,,,2016,PaymentsForRepurchaseOfCommonStock,False
47217,HP INC.,1412000000.0,0000047217-19-000071,2017-10-31,,,,,,2017,PaymentsForRepurchaseOfCommonStock,False
47217,HP INC.,2557000000.0,0000047217-20-000045,2018-10-31,,,,,,2018,PaymentsForRepurchaseOfCommonStock,False
47217,HP INC.,2405000000.0,0000047217-21-000060,2019-10-31,,,,,,2019,PaymentsForRepurchaseOfCommonStock,False
47217,HP Inc.,3107000000.0,0000047217-23-000075,2020-10-31,,,,,,2020,PaymentsForRepurchaseOfCommonStock,False
47217,HP Inc.,6249000000.0,0000047217-23-000100,2021-10-31,,,,,,2021,PaymentsForRepurchaseOfCommonStock,False
47217,HP Inc.,4297000000.0,0000047217-24-000080,2022-10-31,,,,,,2022,PaymentsForRepurchaseOfCommonStock,False
47217,HP Inc.,100000000.0,0000047217-25-000071,2023-10-31,,,,,,2023,PaymentsForRepurchaseOfCommonStock,False
47217,HP Inc.,2100000000.0,0000047217-25-000071,2024-10-31,,,,,,2024,PaymentsForRepurchaseOfCommonStock,False
47217,HP Inc.,850000000.0,0000047217-25-000071,2025-10-31,,,,,,2025,PaymentsForRepurchaseOfCommonStock,False
48465,HORMEL FOODS CORPORATION,24928000.0,0001104659-17-074227,2015-10-25,,,,,,2015,PaymentsForRepurchaseOfCommonStock,False
48465,HORMEL FOODS CORPORATION,87885000.0,0000048465-18-000046,2016-10-30,,,,,,2016,PaymentsForRepurchaseOfCommonStock,False
48465,HORMEL FOODS CORPORATION,94487000.0,0000048465-19-000057,2017-10-29,,,,,,2017,PaymentsForRepurchaseOfCommonStock,False
48465,HORMEL FOODS CORPORATION,46898000.0,0000048465-20-000043,2018-10-28,,,,,,2018,PaymentsForRepurchaseOfCommonStock,False
48465,HORMEL FOODS CORPORATION,174246000.0,0000048465-21-000067,2019-10-27,,,,,,2019,PaymentsForRepurchaseOfCommonStock,False
48465,HORMEL FOODS CORPORATION,12360000.0,0000048465-22-000051,2020-10-25,,,,,,2020,PaymentsForRepurchaseOfCommonStock,False
48465,HORMEL FOODS CORPORATION,19958000.0,0000048465-23-000083,2021-10-31,,,,,,2021,PaymentsForRepurchaseOfCommonStock,False
48465,HORMEL FOODS CORPORATION,0.0,0000048465-24-000051,2022-10-30,,,,,,2022,PaymentsForRepurchaseOfCommonStock,False
48465,HORMEL FOODS CORPORATION,12303000.0,0000048465-25-000059,2023-10-29,,,,,,2023,PaymentsForRepurchaseOfCommonStock,False
48465,HORMEL FOODS CORPORATION,0.0,0000048465-25-000059,2024-10-27,,,,,,2024,PaymentsForRepurchaseOfCommonStock,False
48465,HORMEL FOODS CORPORATION,0.0,0000048465-25-000059,2025-10-26,,,,,,2025,PaymentsForRepurchaseOfCommonStock,False
48898,HUBBELL INC,79100000.0,0001628280-18-001740,2015-12-31,,,,,,2015,PaymentsForRepurchaseOfCommonStock,False
48898,HUBBELL INC,246800000.0,0001628280-19-001446,2016-12-31,,,,,,2016,PaymentsForRepurchaseOfCommonStock,False
48898,HUBBELL INC,92500000.0,0001628280-20-001557,2017-12-31,,,,,,2017,PaymentsForRepurchaseOfCommonStock,False
48898,HUBBELL INC,40000000.0,0001628280-21-001868,2018-12-31,,,,,,2018,PaymentsForRepurchaseOfCommonStock,False
48898,HUBBELL INC,35000000.0,0001628280-22-002255,2019-12-31,,,,,,2019,PaymentsForRepurchaseOfCommonStock,False
48898,HUBBELL INC,41300000.0,0001628280-23-002875,2020-12-31,,,,,,2020,PaymentsForRepurchaseOfCommonStock,False
48898,HUBBELL INC,11200000.0,0001628280-24-003792,2021-12-31,,,,,,2021,PaymentsForRepurchaseOfCommonStock,False
48898,HUBBELL INC,182000000.0,0001628280-25-005311,2022-12-31,,,,,,2022,PaymentsForRepurchaseOfCommonStock,False
48898,HUBBELL INC,30000000.0,0001628280-26-007500,2023-12-31,,,,,,2023,PaymentsForRepurchaseOfCommonStock,False
48898,HUBBELL INC,40000000.0,0001628280-26-007500,2024-12-31,,,,,,2024,PaymentsForRepurchaseOfCommonStock,False
48898,HUBBELL INC,225000000.0,0001628280-26-007500,2025-12-31,,,,,,2025,PaymentsForRepurchaseOfCommonStock,False
49071,Humana Inc.,385000000.0,0000049071-18-000014,2015-12-31,,,,,,2015,PaymentsForRepurchaseOfCommonStock,False
49071,Humana Inc.,104000000.0,0000049071-19-000023,2016-12-31,,,,,,2016,PaymentsForRepurchaseOfCommonStock,False
49071,Humana Inc.,3365000000.0,0000049071-20-000032,2017-12-31,,,,,,2017,PaymentsForRepurchaseOfCommonStock,False
49071,Humana Inc.,1090000000.0,0000049071-21-000039,2018-12-31,,,,,,2018,PaymentsForRepurchaseOfCommonStock,False
49071,HUMANA INC.,1070000000.0,0000049071-22-000017,2019-12-31,,,,,,2019,PaymentsForRepurchaseOfCommonStock,False
49071,HUMANA INC.,1820000000.0,0000049071-23-000011,2020-12-31,,,,,,2020,PaymentsForRepurchaseOfCommonStock,False
49071,HUMANA INC.,79000000.0,0000049071-24-000012,2021-12-31,,,,,,2021,PaymentsForRepurchaseOfCommonStock,False
49071,HUMANA INC.,2096000000.0,0000049071-25-000007,2022-12-31,,,,,,2022,PaymentsForRepurchaseOfCommonStock,False
49071,HUMANA INC.,1573000000.0,0000049071-26-000009,2023-12-31,,,,,,2023,PaymentsForRepurchaseOfCommonStock,False
49071,HUMANA INC.,817000000.0,0000049071-26-000009,2024-12-31,,,,,,2024,PaymentsForRepurchaseOfCommonStock,False
49071,HUMANA INC.,151000000.0,0000049071-26-000009,2025-12-31,,,,,,2025,PaymentsForRepurchaseOfCommonStock,False
49196,Huntington Bancshares Incorporated,252000000.0,0000049196-18-000008,2015-12-31,,,,,,2015,PaymentsForRepurchaseOfCommonStock,False
49196,Huntington Bancshares Incorporated,0.0,0000049196-19-000018,2016-12-31,,,,,,2016,PaymentsForRepurchaseOfCommonStock,False
49196,Huntington Bancshares Incorporated,260000000.0,0000049196-20-000010,2017-12-31,,,,,,2017,PaymentsForRepurchaseOfCommonStock,False
49196,Huntington Bancshares Incorporated,939000000.0,0000049196-21-000018,2018-12-31,,,,,,2018,PaymentsForRepurchaseOfCommonStock,False
49196,Huntington Bancshares Incorporated,441000000.0,0000049196-22-000023,2019-12-31,,,,,,2019,PaymentsForRepurchaseOfCommonStock,False
49196,Huntington Bancshares Incorporated,92000000.0,0000049196-23-000020,2020-12-31,,,,,,2020,PaymentsForRepurchaseOfCommonStock,False
49196,Huntington Bancshares Incorporated,650000000.0,0000049196-24-000020,2021-12-31,,,,,,2021,PaymentsForRepurchaseOfCommonStock,False
49196,Huntington Bancshares Incorporated,0.0,0000049196-24-000020,2022-12-31,,,,,,2022,PaymentsForRepurchaseOfCommonStock,False
49196,Huntington Bancshares Incorporated,0.0,0000049196-24-000020,2023-12-31,,,,,,2023,PaymentsForRepurchaseOfCommonStock,False
49826,ILLINOIS TOOL WORKS INC.,2002000000.0,0000049826-18-000017,2015-12-31,,,,,,2015,PaymentsForRepurchaseOfCommonStock,False
49826,ILLINOIS TOOL WORKS INC.,2000000000.0,0000049826-19-000021,2016-12-31,,,,,,2016,PaymentsForRepurchaseOfCommonStock,False
49826,ILLINOIS TOOL WORKS INC.,1000000000.0,0000049826-20-000020,2017-12-31,,,,,,2017,PaymentsForRepurchaseOfCommonStock,False
49826,ILLINOIS TOOL WORKS INC.,2000000000.0,0000049826-21-000007,2018-12-31,,,,,,2018,PaymentsForRepurchaseOfCommonStock,False
49826,ILLINOIS TOOL WORKS INC,1500000000.0,0000049826-22-000006,2019-12-31,,,,,,2019,PaymentsForRepurchaseOfCommonStock,False
49826,ILLINOIS TOOL WORKS INC,706000000.0,0000049826-23-000008,2020-12-31,,,,,,2020,PaymentsForRepurchaseOfCommonStock,False
49826,ILLINOIS TOOL WORKS INC,1000000000.0,0000049826-24-000008,2021-12-31,,,,,,2021,PaymentsForRepurchaseOfCommonStock,False
49826,ILLINOIS TOOL WORKS INC,1750000000.0,0000049826-25-000007,2022-12-31,,,,,,2022,PaymentsForRepurchaseOfCommonStock,False
49826,ILLINOIS TOOL WORKS INC,1500000000.0,0000049826-26-000008,2023-12-31,,,,,,2023,PaymentsForRepurchaseOfCommonStock,False
49826,ILLINOIS TOOL WORKS INC,1500000000.0,0000049826-26-000008,2024-12-31,,,,,,2024,PaymentsForRepurchaseOfCommonStock,False
49826,ILLINOIS TOOL WORKS INC,1500000000.0,0000049826-26-000008,2025-12-31,,,,,,2025,PaymentsForRepurchaseOfCommonStock,False
50863,INTEL CORP,3001000000.0,0000050863-18-000007,2015-12-26,,,,,,2015,PaymentsForRepurchaseOfCommonStock,False
50863,INTEL CORP,2587000000.0,0000050863-19-000007,2016-12-31,,,,,,2016,PaymentsForRepurchaseOfCommonStock,False
50863,INTEL CORP,3615000000.0,0000050863-20-000011,2017-12-30,,,,,,2017,PaymentsForRepurchaseOfCommonStock,False
50863,INTEL CORP,10730000000.0,0000050863-21-000010,2018-12-29,,,,,,2018,PaymentsForRepurchaseOfCommonStock,False
50863,INTEL CORPORATION,13576000000.0,0000050863-22-000007,2019-12-28,,,,,,2019,PaymentsForRepurchaseOfCommonStock,False
50863,INTEL CORPORATION,14229000000.0,0000050863-23-000006,2020-12-26,,,,,,2020,PaymentsForRepurchaseOfCommonStock,False
50863,INTEL CORPORATION,2415000000.0,0000050863-24-000010,2021-12-25,,,,,,2021,PaymentsForRepurchaseOfCommonStock,False
50863,INTEL CORPORATION,0.0,0000050863-24-000010,2022-12-31,,,,,,2022,PaymentsForRepurchaseOfCommonStock,False
50863,INTEL CORPORATION,0.0,0000050863-24-000010,2023-12-30,,,,,,2023,PaymentsForRepurchaseOfCommonStock,False
51143,INTERNATIONAL BUSINESS MACHINES CORPORATION,4609000000.0,0001047469-18-001117,2015-12-31,,,,,,2015,PaymentsForRepurchaseOfCommonStock,False
51143,INTERNATIONAL BUSINESS MACHINES CORPORATION,3502000000.0,0001047469-19-000712,2016-12-31,,,,,,2016,PaymentsForRepurchaseOfCommonStock,False
51143,INTERNATIONAL BUSINESS MACHINES CORPORATION,4340000000.0,0001558370-20-001334,2017-12-31,,,,,,2017,PaymentsForRepurchaseOfCommonStock,False
51143,INTERNATIONAL BUSINESS MACHINES CORPORATION,4443000000.0,0001558370-21-001489,2018-12-31,,,,,,2018,PaymentsForRepurchaseOfCommonStock,False
51143,INTERNATIONAL BUSINESS MACHINES CORPORATION,1361000000.0,0001558370-22-001584,2019-12-31,,,,,,2019,PaymentsForRepurchaseOfCommonStock,False
51253,INTERNATIONAL FLAVORS & FRAGRANCES INC,122193000.0,0000051253-18-000005,2015-12-31,,,,,,2015,PaymentsForRepurchaseOfCommonStock,False
51253,INTERNATIONAL FLAVORS & FRAGRANCES INC,127443000.0,0000051253-19-000004,2016-12-31,,,,,,2016,PaymentsForRepurchaseOfCommonStock,False
51253,INTERNATIONAL FLAVORS & FRAGRANCES INC,58069000.0,0000051253-20-000026,2017-12-31,,,,,,2017,PaymentsForRepurchaseOfCommonStock,False
51253,INTERNATIONAL FLAVORS & FRAGRANCES INC,15475000.0,0000051253-21-000011,2018-12-31,,,,,,2018,PaymentsForRepurchaseOfCommonStock,False
51253,INTERNATIONAL FLAVORS & FRAGRANCES INC,0.0,0000051253-21-000011,2019-12-31,,,,,,2019,PaymentsForRepurchaseOfCommonStock,False
51253,INTERNATIONAL FLAVORS & FRAGRANCES INC,0.0,0000051253-21-000011,2020-12-31,,,,,,2020,PaymentsForRepurchaseOfCommonStock,False
51253,INTERNATIONAL FLAVORS & FRAGRANCES INC,0.0,0000051253-26-000006,2023-12-31,,,,,,2023,PaymentsForRepurchaseOfCommonStock,False
51253,INTERNATIONAL FLAVORS & FRAGRANCES INC,0.0,0000051253-26-000006,2024-12-31,,,,,,2024,PaymentsForRepurchaseOfCommonStock,False
51253,INTERNATIONAL FLAVORS & FRAGRANCES INC,38000000.0,0000051253-26-000006,2025-12-31,,,,,,2025,PaymentsForRepurchaseOfCommonStock,False
51434,INTERNATIONAL PAPER CO /NEW/,605000000.0,0000051434-18-000008,2015-12-31,,,,,,2015,PaymentsForRepurchaseOfCommonStock,False
51434,INTERNATIONAL PAPER CO /NEW/,132000000.0,0000051434-19-000007,2016-12-31,,,,,,2016,PaymentsForRepurchaseOfCommonStock,False
51434,INTERNATIONAL PAPER CO /NEW/,47000000.0,0000051434-20-000011,2017-12-31,,,,,,2017,PaymentsForRepurchaseOfCommonStock,False
51434,INTERNATIONAL PAPER CO /NEW/,732000000.0,0000051434-21-000012,2018-12-31,,,,,,2018,PaymentsForRepurchaseOfCommonStock,False
51434,INTERNATIONAL PAPER COMPANY,535000000.0,0000051434-22-000016,2019-12-31,,,,,,2019,PaymentsForRepurchaseOfCommonStock,False
51434,INTERNATIONAL PAPER COMPANY,42000000.0,0000051434-23-000013,2020-12-31,,,,,,2020,PaymentsForRepurchaseOfCommonStock,False
51434,INTERNATIONAL PAPER COMPANY,839000000.0,0000051434-24-000024,2021-12-31,,,,,,2021,PaymentsForRepurchaseOfCommonStock,False
51434,INTERNATIONAL PAPER COMPANY,1284000000.0,0000051434-25-000013,2022-12-31,,,,,,2022,PaymentsForRepurchaseOfCommonStock,False
51434,INTERNATIONAL PAPER COMPANY,218000000.0,0000051434-26-000055,2023-12-31,,,,,,2023,PaymentsForRepurchaseOfCommonStock,False
51434,INTERNATIONAL PAPER COMPANY,23000000.0,0000051434-26-000055,2024-12-31,,,,,,2024,PaymentsForRepurchaseOfCommonStock,False
51434,INTERNATIONAL PAPER COMPANY,65000000.0,0000051434-26-000055,2025-12-31,,,,,,2025,PaymentsForRepurchaseOfCommonStock,False
52988,Jacobs Engineering Group Inc.,422316000.0,0001564590-17-024192,2015-10-02,,,,,,2015,PaymentsForRepurchaseOfCommonStock,False
52988,Jacobs Solutions Inc.,152550000.0,0000052988-18-000036,2016-09-30,,,,,,2016,PaymentsForRepurchaseOfCommonStock,False
52988,Jacobs Engineering Group Inc.,97180000.0,0000052988-19-000069,2017-09-29,,,,,,2017,PaymentsForRepurchaseOfCommonStock,False
52988,Jacobs Solutions Inc.,2981000.0,0000052988-20-000070,2018-09-28,,,,,,2018,PaymentsForRepurchaseOfCommonStock,False
52988,Jacobs Engineering Group Inc.,853676000.0,0000052988-21-000065,2019-09-27,,,,,,2019,PaymentsForRepurchaseOfCommonStock,False
52988,Jacobs Solutions Inc.,337251000.0,0000052988-22-000111,2020-10-02,,,,,,2020,PaymentsForRepurchaseOfCommonStock,False
52988,JACOBS SOLUTIONS INC.,274948000.0,0000052988-23-000084,2021-10-01,,,,,,2021,PaymentsForRepurchaseOfCommonStock,False
52988,Jacobs Solutions Inc.,281926000.0,0000052988-24-000065,2022-09-30,,,,,,2022,PaymentsForRepurchaseOfCommonStock,False
52988,Jacobs Solutions Inc.,265714000.0,0001628280-25-053316,2023-09-29,,,,,,2023,PaymentsForRepurchaseOfCommonStock,False
52988,Jacobs Solutions Inc.,402668000.0,0001628280-25-053316,2024-09-27,,,,,,2024,PaymentsForRepurchaseOfCommonStock,False
52988,Jacobs Solutions Inc.,754130000.0,0001628280-25-053316,2025-09-26,,,,,,2025,PaymentsForRepurchaseOfCommonStock,False
55785,KIMBERLY-CLARK CORPORATION,861000000.0,0000055785-18-000014,2015-12-31,,,,,,2015,PaymentsForRepurchaseOfCommonStock,False
55785,KIMBERLY-CLARK CORPORATION,739000000.0,0000055785-19-000013,2016-12-31,,,,,,2016,PaymentsForRepurchaseOfCommonStock,False
55785,KIMBERLY-CLARK CORPORATION,911000000.0,0000055785-20-000016,2017-12-31,,,,,,2017,PaymentsForRepurchaseOfCommonStock,False
55785,KIMBERLY-CLARK CORPORATION,800000000.0,0000055785-21-000016,2018-12-31,,,,,,2018,PaymentsForRepurchaseOfCommonStock,False
55785,KIMBERLY-CLARK CORPORATION,800000000.0,0000055785-22-000010,2019-12-31,,,,,,2019,PaymentsForRepurchaseOfCommonStock,False
55785,KIMBERLY-CLARK CORPORATION,700000000.0,0000055785-23-000012,2020-12-31,,,,,,2020,PaymentsForRepurchaseOfCommonStock,False
55785,KIMBERLY-CLARK CORPORATION,400000000.0,0000055785-24-000018,2021-12-31,,,,,,2021,PaymentsForRepurchaseOfCommonStock,False
55785,KIMBERLY-CLARK CORPORATION,100000000.0,0001628280-25-055209,2022-12-31,,,,,,2022,PaymentsForRepurchaseOfCommonStock,False
55785,KIMBERLY-CLARK CORPORATION,225000000.0,0001628280-26-007567,2023-12-31,,,,,,2023,PaymentsForRepurchaseOfCommonStock,False
55785,KIMBERLY-CLARK CORPORATION,1000000000.0,0001628280-26-007567,2024-12-31,,,,,,2024,PaymentsForRepurchaseOfCommonStock,False
55785,KIMBERLY-CLARK CORPORATION,141000000.0,0001628280-26-007567,2025-12-31,,,,,,2025,PaymentsForRepurchaseOfCommonStock,False
56873,The Kroger Co.,703000000.0,0001558370-18-003055,2016-01-30,,,,,,2015,PaymentsForRepurchaseOfCommonStock,False
56873,The Kroger Co.,1766000000.0,0001558370-19-002756,2017-01-28,,,,,,2016,PaymentsForRepurchaseOfCommonStock,False
56873,The Kroger Co.,1633000000.0,0001558370-20-003501,2018-02-03,,,,,,2017,PaymentsForRepurchaseOfCommonStock,False
56873,The Kroger Co.,2010000000.0,0001558370-21-003706,2019-02-02,,,,,,2018,PaymentsForRepurchaseOfCommonStock,False
56873,THE KROGER CO.,465000000.0,0001558370-22-004595,2020-02-01,,,,,,2019,PaymentsForRepurchaseOfCommonStock,False
56873,THE KROGER CO.,1324000000.0,0001558370-23-004767,2021-01-30,,,,,,2020,PaymentsForRepurchaseOfCommonStock,False
56873,THE KROGER CO.,1647000000.0,0001558370-24-004603,2022-01-29,,,,,,2021,PaymentsForRepurchaseOfCommonStock,False
56873,KROGER CO,993000000.0,0001558370-25-004267,2023-01-28,,,,,,2022,PaymentsForRepurchaseOfCommonStock,False
56873,KROGER CO,62000000.0,0001104659-26-037723,2024-02-03,,,,,,2023,PaymentsForRepurchaseOfCommonStock,False
56873,KROGER CO,4156000000.0,0001104659-26-037723,2025-02-01,,,,,,2024,PaymentsForRepurchaseOfCommonStock,False
56873,KROGER CO,2699000000.0,0001104659-26-037723,2026-01-31,,,,,,2025,PaymentsForRepurchaseOfCommonStock,False
59478,ELI LILLY & Co,749500000.0,0000059478-18-000089,2015-12-31,,,,,,2015,PaymentsForRepurchaseOfCommonStock,False
59478,ELI LILLY AND COMPANY,600100000.0,0000059478-19-000274,2016-12-31,,,,,,2016,PaymentsForRepurchaseOfCommonStock,False
59478,ELI LILLY AND COMPANY,299800000.0,0000059478-20-000057,2017-12-31,,,,,,2017,PaymentsForRepurchaseOfCommonStock,False
59478,ELI LILLY & Co,4150700000.0,0000059478-21-000083,2018-12-31,,,,,,2018,PaymentsForRepurchaseOfCommonStock,False
59478,ELI LILLY AND COMPANY,4400000000.0,0000059478-22-000068,2019-12-31,,,,,,2019,PaymentsForRepurchaseOfCommonStock,False
59478,ELI LILLY AND COMPANY,500000000.0,0000059478-23-000082,2020-12-31,,,,,,2020,PaymentsForRepurchaseOfCommonStock,False
59478,ELI LILLY AND COMPANY,1250000000.0,0000059478-24-000065,2021-12-31,,,,,,2021,PaymentsForRepurchaseOfCommonStock,False
59478,ELI LILLY AND COMPANY,1500000000.0,0000059478-25-000067,2022-12-31,,,,,,2022,PaymentsForRepurchaseOfCommonStock,False
59478,ELI LILLY AND COMPANY,750000000.0,0000059478-26-000013,2023-12-31,,,,,,2023,PaymentsForRepurchaseOfCommonStock,False
59478,ELI LILLY AND COMPANY,2500000000.0,0000059478-26-000013,2024-12-31,,,,,,2024,PaymentsForRepurchaseOfCommonStock,False
59478,ELI LILLY AND COMPANY,4108000000.0,0000059478-26-000013,2025-12-31,,,,,,2025,PaymentsForRepurchaseOfCommonStock,False
60086,LOEWS CORPORATION,1265000000.0,0001193125-18-046681,2015-12-31,,,,,,2015,PaymentsForRepurchaseOfCommonStock,False
60086,LOEWS CORPORATION,134000000.0,0001193125-19-037854,2016-12-31,,,,,,2016,PaymentsForRepurchaseOfCommonStock,False
60086,LOEWS CORPORATION,216000000.0,0001193125-20-031657,2017-12-31,,,,,,2017,PaymentsForRepurchaseOfCommonStock,False
60086,LOEWS CORPORATION,1026000000.0,0001140361-21-003906,2018-12-31,,,,,,2018,PaymentsForRepurchaseOfCommonStock,False
60086,LOEWS CORP,1051000000.0,0000060086-22-000007,2019-12-31,,,,,,2019,PaymentsForRepurchaseOfCommonStock,False
60086,LOEWS CORP,923000000.0,0000060086-23-000025,2020-12-31,,,,,,2020,PaymentsForRepurchaseOfCommonStock,False
60086,LOEWS CORP,1136000000.0,0000060086-24-000029,2021-12-31,,,,,,2021,PaymentsForRepurchaseOfCommonStock,False
60086,LOEWS CORP,729000000.0,0000060086-25-000036,2022-12-31,,,,,,2022,PaymentsForRepurchaseOfCommonStock,False
60086,LOEWS CORP,849000000.0,0000060086-26-000008,2023-12-31,,,,,,2023,PaymentsForRepurchaseOfCommonStock,False
60086,LOEWS CORP,608000000.0,0000060086-26-000008,2024-12-31,,,,,,2024,PaymentsForRepurchaseOfCommonStock,False
60086,LOEWS CORP,806000000.0,0000060086-26-000008,2025-12-31,,,,,,2025,PaymentsForRepurchaseOfCommonStock,False
60667,LOWES COMPANIES INC,3925000000.0,0000060667-18-000051,2016-01-29,,,,,,2015,PaymentsForRepurchaseOfCommonStock,False
60667,"LOWE’S COMPANIES, INC",3595000000.0,0000060667-19-000042,2017-02-03,,,,,,2016,PaymentsForRepurchaseOfCommonStock,False
60667,"LOWE’S COMPANIES, INC",3192000000.0,0000060667-20-000036,2018-02-02,,,,,,2017,PaymentsForRepurchaseOfCommonStock,False
60667,LOWES COMPANIES INC,3037000000.0,0000060667-21-000026,2019-02-01,,,,,,2018,PaymentsForRepurchaseOfCommonStock,False
60667,LOWES COMPANIES INC,4313000000.0,0000060667-22-000038,2020-01-31,,,,,,2019,PaymentsForRepurchaseOfCommonStock,False
60667,LOWES COMPANIES INC,4971000000.0,0000060667-23-000034,2021-01-29,,,,,,2020,PaymentsForRepurchaseOfCommonStock,False
60667,LOWES COMPANIES INC,13012000000.0,0000060667-24-000033,2022-01-28,,,,,,2021,PaymentsForRepurchaseOfCommonStock,False
60667,"LOWE’S COMPANIES, INC",14124000000.0,0000060667-25-000049,2023-02-03,,,,,,2022,PaymentsForRepurchaseOfCommonStock,False
60667,"LOWE’S COMPANIES, INC",6138000000.0,0000060667-26-000029,2024-02-02,,,,,,2023,PaymentsForRepurchaseOfCommonStock,False
60667,"LOWE’S COMPANIES, INC",4053000000.0,0000060667-26-000029,2025-01-31,,,,,,2024,PaymentsForRepurchaseOfCommonStock,False
60667,"LOWE’S COMPANIES, INC",211000000.0,0000060667-26-000029,2026-01-30,,,,,,2025,PaymentsForRepurchaseOfCommonStock,False
62709,"Marsh & McLennan Companies, Inc.",1400000000.0,0000062709-18-000020,2015-12-31,,,,,,2015,PaymentsForRepurchaseOfCommonStock,False
62709,"Marsh & McLennan Companies, Inc.",800000000.0,0000062709-19-000010,2016-12-31,,,,,,2016,PaymentsForRepurchaseOfCommonStock,False
62709,"Marsh & McLennan Companies, Inc.",900000000.0,0000062709-20-000010,2017-12-31,,,,,,2017,PaymentsForRepurchaseOfCommonStock,False
62709,"Marsh & McLennan Companies, Inc.",675000000.0,0000062709-21-000008,2018-12-31,,,,,,2018,PaymentsForRepurchaseOfCommonStock,False
62709,"Marsh & McLennan Companies, Inc.",485000000.0,0000062709-22-000009,2019-12-31,,,,,,2019,PaymentsForRepurchaseOfCommonStock,False
62709,"Marsh & McLennan Companies, Inc.",0.0,0000062709-23-000014,2020-12-31,,,,,,2020,PaymentsForRepurchaseOfCommonStock,False
62709,"Marsh & McLennan Companies, Inc.",1159000000.0,0000062709-24-000016,2021-12-31,,,,,,2021,PaymentsForRepurchaseOfCommonStock,False
62709,"Marsh & McLennan Companies, Inc.",1950000000.0,0000062709-25-000015,2022-12-31,,,,,,2022,PaymentsForRepurchaseOfCommonStock,False
62709,"Marsh & McLennan Companies, Inc.",1150000000.0,0000062709-26-000022,2023-12-31,,,,,,2023,PaymentsForRepurchaseOfCommonStock,False
62709,"Marsh & McLennan Companies, Inc.",900000000.0,0000062709-26-000022,2024-12-31,,,,,,2024,PaymentsForRepurchaseOfCommonStock,False
62709,"Marsh & McLennan Companies, Inc.",2012000000.0,0000062709-26-000022,2025-12-31,,,,,,2025,PaymentsForRepurchaseOfCommonStock,False
62996,Masco Corporation,456000000.0,0000062996-18-000015,2015-12-31,,,,,,2015,PaymentsForRepurchaseOfCommonStock,False
62996,Masco Corporation,459000000.0,0000062996-19-000011,2016-12-31,,,,,,2016,PaymentsForRepurchaseOfCommonStock,False
62996,Masco Corporation,331000000.0,0000062996-20-000006,2017-12-31,,,,,,2017,PaymentsForRepurchaseOfCommonStock,False
62996,Masco Corporation,654000000.0,0000062996-21-000008,2018-12-31,,,,,,2018,PaymentsForRepurchaseOfCommonStock,False
62996,MASCO CORPORATION,896000000.0,0000062996-22-000011,2019-12-31,,,,,,2019,PaymentsForRepurchaseOfCommonStock,False
62996,MASCO CORPORATION,727000000.0,0000062996-23-000008,2020-12-31,,,,,,2020,PaymentsForRepurchaseOfCommonStock,False
62996,Masco Corporation,1026000000.0,0000062996-24-000006,2021-12-31,,,,,,2021,PaymentsForRepurchaseOfCommonStock,False
62996,Masco Corporation,914000000.0,0000062996-25-000004,2022-12-31,,,,,,2022,PaymentsForRepurchaseOfCommonStock,False
62996,Masco Corporation,353000000.0,0000062996-26-000005,2023-12-31,,,,,,2023,PaymentsForRepurchaseOfCommonStock,False
62996,Masco Corporation,751000000.0,0000062996-26-000005,2024-12-31,,,,,,2024,PaymentsForRepurchaseOfCommonStock,False
62996,Masco Corporation,571000000.0,0000062996-26-000005,2025-12-31,,,,,,2025,PaymentsForRepurchaseOfCommonStock,False
63754,"McCORMICK & COMPANY, INCORPORATED",145800000.0,0000063754-18-000008,2015-11-30,,,,,,2015,PaymentsForRepurchaseOfCommonStock,False
63754,"McCORMICK & COMPANY, INCORPORATED",242700000.0,0000063754-19-000017,2016-11-30,,,,,,2016,PaymentsForRepurchaseOfCommonStock,False
63754,"McCORMICK & COMPANY, INCORPORATED",137800000.0,0000063754-20-000022,2017-11-30,,,,,,2017,PaymentsForRepurchaseOfCommonStock,False
63754,"McCORMICK & COMPANY, INCORPORATED",62300000.0,0000063754-21-000020,2018-11-30,,,,,,2018,PaymentsForRepurchaseOfCommonStock,False
63754,MCCORMICK & CO INC,95100000.0,0000063754-22-000005,2019-11-30,,,,,,2019,PaymentsForRepurchaseOfCommonStock,False
63754,MCCORMICK & CO INC,47300000.0,0000063754-23-000005,2020-11-30,,,,,,2020,PaymentsForRepurchaseOfCommonStock,False
63754,MCCORMICK & CO INC,8600000.0,0000063754-24-000027,2021-11-30,,,,,,2021,PaymentsForRepurchaseOfCommonStock,False
63754,"McCORMICK & COMPANY, INCORPORATED",38800000.0,0000063754-25-000005,2022-11-30,,,,,,2022,PaymentsForRepurchaseOfCommonStock,False
63754,"McCORMICK & COMPANY, INCORPORATED",35700000.0,0000063754-26-000037,2023-11-30,,,,,,2023,PaymentsForRepurchaseOfCommonStock,False
63754,"McCORMICK & COMPANY, INCORPORATED",53100000.0,0000063754-26-000037,2024-11-30,,,,,,2024,PaymentsForRepurchaseOfCommonStock,False
63754,"McCORMICK & COMPANY, INCORPORATED",34800000.0,0000063754-26-000037,2025-11-30,,,,,,2025,PaymentsForRepurchaseOfCommonStock,False
63908,MCDONALDS CORP,6099200000.0,0000063908-18-000010,2015-12-31,,,,,,2015,PaymentsForRepurchaseOfCommonStock,False
63908,MCDONALDS CORP,11171000000.0,0000063908-19-000010,2016-12-31,,,,,,2016,PaymentsForRepurchaseOfCommonStock,False
63908,MCDONALDS CORP,4685700000.0,0000063908-20-000022,2017-12-31,,,,,,2017,PaymentsForRepurchaseOfCommonStock,False
63908,MCDONALDS CORP,5207700000.0,0000063908-21-000013,2018-12-31,,,,,,2018,PaymentsForRepurchaseOfCommonStock,False
63908,McDONALD’S CORPORATION,4976200000.0,0000063908-22-000011,2019-12-31,,,,,,2019,PaymentsForRepurchaseOfCommonStock,False
63908,McDONALD’S CORPORATION,907800000.0,0000063908-23-000012,2020-12-31,,,,,,2020,PaymentsForRepurchaseOfCommonStock,False
63908,McDONALD’S CORPORATION,845500000.0,0000063908-24-000072,2021-12-31,,,,,,2021,PaymentsForRepurchaseOfCommonStock,False
63908,McDONALD’S CORPORATION,3896000000.0,0000063908-25-000012,2022-12-31,,,,,,2022,PaymentsForRepurchaseOfCommonStock,False
63908,McDONALD’S CORPORATION,3054000000.0,0000063908-26-000035,2023-12-31,,,,,,2023,PaymentsForRepurchaseOfCommonStock,False
63908,McDONALD’S CORPORATION,2824000000.0,0000063908-26-000035,2024-12-31,,,,,,2024,PaymentsForRepurchaseOfCommonStock,False
63908,McDONALD’S CORPORATION,2056000000.0,0000063908-26-000035,2025-12-31,,,,,,2025,PaymentsForRepurchaseOfCommonStock,False
64040,S&P Global Inc.,974000000.0,0000064040-18-000061,2015-12-31,,,,,,2015,PaymentsForRepurchaseOfCommonStock,False
64040,S&P Global Inc.,1123000000.0,0000064040-19-000059,2016-12-31,,,,,,2016,PaymentsForRepurchaseOfCommonStock,False
64040,S&P Global Inc.,1001000000.0,0000064040-20-000055,2017-12-31,,,,,,2017,PaymentsForRepurchaseOfCommonStock,False
64040,S&P Global Inc.,1660000000.0,0000064040-21-000063,2018-12-31,,,,,,2018,PaymentsForRepurchaseOfCommonStock,False
64040,S&P Global Inc.,1240000000.0,0000064040-22-000055,2019-12-31,,,,,,2019,PaymentsForRepurchaseOfCommonStock,False
64040,S&P Global Inc.,1164000000.0,0000064040-23-000058,2020-12-31,,,,,,2020,PaymentsForRepurchaseOfCommonStock,False
64040,S&P Global Inc.,0.0,0000064040-24-000071,2021-12-31,,,,,,2021,PaymentsForRepurchaseOfCommonStock,False
64040,S&P Global Inc.,12004000000.0,0000064040-24-000071,2022-12-31,,,,,,2022,PaymentsForRepurchaseOfCommonStock,False
64040,S&P Global Inc.,3301000000.0,0000064040-26-000013,2023-12-31,,,,,,2023,PaymentsForRepurchaseOfCommonStock,False
64040,S&P Global Inc.,3301000000.0,0000064040-26-000013,2024-12-31,,,,,,2024,PaymentsForRepurchaseOfCommonStock,False
64040,S&P Global Inc.,5001000000.0,0000064040-26-000013,2025-12-31,,,,,,2025,PaymentsForRepurchaseOfCommonStock,False
64803,CVS HEALTH CORPORATION,5001000000.0,0001558370-18-000707,2015-12-31,,,,,,2015,PaymentsForRepurchaseOfCommonStock,False
64803,CVS HEALTH CORPORATION,4461000000.0,0000064803-19-000042,2016-12-31,,,,,,2016,PaymentsForRepurchaseOfCommonStock,False
64803,CVS HEALTH CORPORATION,4361000000.0,0000064803-20-000007,2017-12-31,,,,,,2017,PaymentsForRepurchaseOfCommonStock,False
64803,CVS HEALTH CORPORATION,0.0,0000064803-20-000007,2018-12-31,,,,,,2018,PaymentsForRepurchaseOfCommonStock,False
64803,CVS HEALTH CORPORATION,0.0,0000064803-20-000007,2019-12-31,,,,,,2019,PaymentsForRepurchaseOfCommonStock,False
64803,CVS HEALTH CORP,0.0,0000064803-23-000021,2020-12-31,,,,,,2020,PaymentsForRepurchaseOfCommonStock,False
64803,CVS HEALTH CORPORATION,0.0,0000064803-24-000007,2021-12-31,,,,,,2021,PaymentsForRepurchaseOfCommonStock,False
64803,CVS HEALTH CORPORATION,3500000000.0,0000064803-25-000007,2022-12-31,,,,,,2022,PaymentsForRepurchaseOfCommonStock,False
64803,CVS HEALTH CORPORATION,2012000000.0,0000064803-26-000010,2023-12-31,,,,,,2023,PaymentsForRepurchaseOfCommonStock,False
64803,CVS HEALTH CORPORATION,3023000000.0,0000064803-26-000010,2024-12-31,,,,,,2024,PaymentsForRepurchaseOfCommonStock,False
64803,CVS HEALTH CORPORATION,0.0,0000064803-26-000010,2025-12-31,,,,,,2025,PaymentsForRepurchaseOfCommonStock,False
65984,ENTERGY CORPORATION,99807000.0,0000065984-18-000072,2015-12-31,,,,,,2015,PaymentsForRepurchaseOfCommonStock,False
65984,ENTERGY CORPORATION,0.0,0000065984-18-000072,2016-12-31,,,,,,2016,PaymentsForRepurchaseOfCommonStock,False
65984,ENTERGY CORPORATION,0.0,0000065984-18-000072,2017-12-31,,,,,,2017,PaymentsForRepurchaseOfCommonStock,False
66740,3M COMPANY,5238000000.0,0001558370-18-004256,2015-12-31,,,,,,2015,PaymentsForRepurchaseOfCommonStock,False
66740,3M COMPANY,3753000000.0,0001558370-19-000470,2016-12-31,,,,,,2016,PaymentsForRepurchaseOfCommonStock,False
66740,3M COMPANY,2068000000.0,0001558370-20-000581,2017-12-31,,,,,,2017,PaymentsForRepurchaseOfCommonStock,False
66740,3M COMPANY,4870000000.0,0001558370-21-000737,2018-12-31,,,,,,2018,PaymentsForRepurchaseOfCommonStock,False
66740,3M COMPANY,1407000000.0,0000066740-22-000038,2019-12-31,,,,,,2019,PaymentsForRepurchaseOfCommonStock,False
66740,3M COMPANY,368000000.0,0000066740-23-000014,2020-12-31,,,,,,2020,PaymentsForRepurchaseOfCommonStock,False
66740,3M COMPANY,2199000000.0,0000066740-24-000016,2021-12-31,,,,,,2021,PaymentsForRepurchaseOfCommonStock,False
66740,3M COMPANY,1464000000.0,0000066740-25-000006,2022-12-31,,,,,,2022,PaymentsForRepurchaseOfCommonStock,False
66740,3M COMPANY,33000000.0,0000066740-26-000014,2023-12-31,,,,,,2023,PaymentsForRepurchaseOfCommonStock,False
66740,3M COMPANY,1801000000.0,0000066740-26-000014,2024-12-31,,,,,,2024,PaymentsForRepurchaseOfCommonStock,False
66740,3M COMPANY,3251000000.0,0000066740-26-000014,2025-12-31,,,,,,2025,PaymentsForRepurchaseOfCommonStock,False
68505,"Motorola Solutions, Inc.",3177000000.0,0000068505-18-000009,2015-12-31,,,,,,2015,PaymentsForRepurchaseOfCommonStock,False
68505,"Motorola Solutions, Inc.",842000000.0,0000068505-19-000006,2016-12-31,,,,,,2016,PaymentsForRepurchaseOfCommonStock,False
68505,"Motorola Solutions, Inc.",483000000.0,0000068505-20-000006,2017-12-31,,,,,,2017,PaymentsForRepurchaseOfCommonStock,False
68505,"Motorola Solutions, Inc.",132000000.0,0000068505-21-000008,2018-12-31,,,,,,2018,PaymentsForRepurchaseOfCommonStock,False
68505,"MOTOROLA SOLUTIONS, INC.",315000000.0,0000068505-22-000010,2019-12-31,,,,,,2019,PaymentsForRepurchaseOfCommonStock,False
68505,"MOTOROLA SOLUTIONS, INC.",612000000.0,0000068505-23-000015,2020-12-31,,,,,,2020,PaymentsForRepurchaseOfCommonStock,False
68505,"Motorola Solutions, Inc.",528000000.0,0000068505-24-000008,2021-12-31,,,,,,2021,PaymentsForRepurchaseOfCommonStock,False
68505,"MOTOROLA SOLUTIONS, INC.",836000000.0,0000068505-25-000012,2022-12-31,,,,,,2022,PaymentsForRepurchaseOfCommonStock,False
68505,"MOTOROLA SOLUTIONS, INC.",804000000.0,0000068505-26-000010,2023-12-31,,,,,,2023,PaymentsForRepurchaseOfCommonStock,False
68505,"MOTOROLA SOLUTIONS, INC.",244000000.0,0000068505-26-000010,2024-12-31,,,,,,2024,PaymentsForRepurchaseOfCommonStock,False
68505,"MOTOROLA SOLUTIONS, INC.",1154000000.0,0000068505-26-000010,2025-12-31,,,,,,2025,PaymentsForRepurchaseOfCommonStock,False
70858,Bank of America Corporation,2374000000.0,0000070858-18-000009,2015-12-31,,,,,,2015,PaymentsForRepurchaseOfCommonStock,False
70858,Bank of America Corporation,5112000000.0,0000070858-19-000012,2016-12-31,,,,,,2016,PaymentsForRepurchaseOfCommonStock,False
70858,Bank of America Corporation,12814000000.0,0000070858-20-000011,2017-12-31,,,,,,2017,PaymentsForRepurchaseOfCommonStock,False
70858,Bank of America Corporation,20094000000.0,0000070858-21-000023,2018-12-31,,,,,,2018,PaymentsForRepurchaseOfCommonStock,False
70858,Bank of America Corporation,28144000000.0,0000070858-22-000062,2019-12-31,,,,,,2019,PaymentsForRepurchaseOfCommonStock,False
70858,Bank of America Corporation,7025000000.0,0000070858-23-000092,2020-12-31,,,,,,2020,PaymentsForRepurchaseOfCommonStock,False
70858,Bank of America Corporation,25126000000.0,0000070858-24-000122,2021-12-31,,,,,,2021,PaymentsForRepurchaseOfCommonStock,False
70858,Bank of America Corporation,5073000000.0,0000070858-25-000139,2022-12-31,,,,,,2022,PaymentsForRepurchaseOfCommonStock,False
70858,Bank of America Corporation,4576000000.0,0000070858-26-000157,2023-12-31,,,,,,2023,PaymentsForRepurchaseOfCommonStock,False
70858,Bank of America Corporation,13104000000.0,0000070858-26-000157,2024-12-31,,,,,,2024,PaymentsForRepurchaseOfCommonStock,False
70858,Bank of America Corporation,21433000000.0,0000070858-26-000157,2025-12-31,,,,,,2025,PaymentsForRepurchaseOfCommonStock,False
72331,NORDSON CORPORATION,383851000.0,0001564590-17-024983,2015-10-31,,,,,,2015,PaymentsForRepurchaseOfCommonStock,False
72331,NORDSON CORPORATION,33421000.0,0001564590-18-030928,2016-10-31,,,,,,2016,PaymentsForRepurchaseOfCommonStock,False
72331,NORDSON CORPORATION,3216000.0,0001564590-19-045927,2017-10-31,,,,,,2017,PaymentsForRepurchaseOfCommonStock,False
72331,NORDSON CORPORATION,24012000.0,0000072331-20-000024,2018-10-31,,,,,,2018,PaymentsForRepurchaseOfCommonStock,False
72331,NORDSON CORPORATION,120510000.0,0000072331-21-000079,2019-10-31,,,,,,2019,PaymentsForRepurchaseOfCommonStock,False
72331,NORDSON CORPORATION,52614000.0,0000072331-22-000185,2020-10-31,,,,,,2020,PaymentsForRepurchaseOfCommonStock,False
72331,NORDSON CORPORATION,60970000.0,0000072331-23-000242,2021-10-31,,,,,,2021,PaymentsForRepurchaseOfCommonStock,False
72331,NORDSON CORPORATION,262869000.0,0000072331-24-000177,2022-10-31,,,,,,2022,PaymentsForRepurchaseOfCommonStock,False
72331,NORDSON CORPORATION,89708000.0,0000072331-25-000144,2023-10-31,,,,,,2023,PaymentsForRepurchaseOfCommonStock,False
72331,NORDSON CORPORATION,33339000.0,0000072331-25-000144,2024-10-31,,,,,,2024,PaymentsForRepurchaseOfCommonStock,False
72331,NORDSON CORPORATION,306367000.0,0000072331-25-000144,2025-10-31,,,,,,2025,PaymentsForRepurchaseOfCommonStock,False
72903,XCEL ENERGY INC,0.0,0000072903-18-000009,2015-12-31,,,,,,2015,PaymentsForRepurchaseOfCommonStock,False
72903,XCEL ENERGY INC,32000000.0,0000072903-19-000010,2016-12-31,,,,,,2016,PaymentsForRepurchaseOfCommonStock,False
72903,XCEL ENERGY INC,3000000.0,0000072903-19-000010,2017-12-31,,,,,,2017,PaymentsForRepurchaseOfCommonStock,False
72903,XCEL ENERGY INC,1000000.0,0000072903-19-000010,2018-12-31,,,,,,2018,PaymentsForRepurchaseOfCommonStock,False
72971,WELLS FARGO & COMPANY/MN,8697000000.0,0000072971-19-000225,2015-12-31,,,,,,2015,PaymentsForRepurchaseOfCommonStock,False
72971,WELLS FARGO & COMPANY/MN,8116000000.0,0000072971-19-000227,2016-12-31,,,,,,2016,PaymentsForRepurchaseOfCommonStock,False
72971,WELLS FARGO & COMPANY/MN,9908000000.0,0000072971-20-000217,2017-12-31,,,,,,2017,PaymentsForRepurchaseOfCommonStock,False
72971,WELLS FARGO & COMPANY/MN,20633000000.0,0000072971-21-000197,2018-12-31,,,,,,2018,PaymentsForRepurchaseOfCommonStock,False
72971,WELLS FARGO & COMPANY/MN,24533000000.0,0000072971-22-000096,2019-12-31,,,,,,2019,PaymentsForRepurchaseOfCommonStock,False
72971,WELLS FARGO & COMPANY/MN,3415000000.0,0000072971-23-000071,2020-12-31,,,,,,2020,PaymentsForRepurchaseOfCommonStock,False
72971,WELLS FARGO & COMPANY/MN,14464000000.0,0000072971-24-000064,2021-12-31,,,,,,2021,PaymentsForRepurchaseOfCommonStock,False
72971,WELLS FARGO & COMPANY/MN,6033000000.0,0000072971-25-000066,2022-12-31,,,,,,2022,PaymentsForRepurchaseOfCommonStock,False
72971,WELLS FARGO & COMPANY/MN,11851000000.0,0000072971-26-000133,2023-12-31,,,,,,2023,PaymentsForRepurchaseOfCommonStock,False
72971,WELLS FARGO & COMPANY/MN,19448000000.0,0000072971-26-000133,2024-12-31,,,,,,2024,PaymentsForRepurchaseOfCommonStock,False
72971,WELLS FARGO & COMPANY/MN,17516000000.0,0000072971-26-000133,2025-12-31,,,,,,2025,PaymentsForRepurchaseOfCommonStock,False
73124,NORTHERN TRUST CORPORATION,496900000.0,0000073124-18-000141,2015-12-31,,,,,,2015,PaymentsForRepurchaseOfCommonStock,False
73124,NORTHERN TRUST CORPORATION,411100000.0,0000073124-19-000088,2016-12-31,,,,,,2016,PaymentsForRepurchaseOfCommonStock,False
73124,NORTHERN TRUST CORPORATION,523100000.0,0000073124-20-000101,2017-12-31,,,,,,2017,PaymentsForRepurchaseOfCommonStock,False
73124,NORTHERN TRUST CORPORATION,924300000.0,0000073124-21-000071,2018-12-31,,,,,,2018,PaymentsForRepurchaseOfCommonStock,False
73124,NORTHERN TRUST CORPORATION,1100200000.0,0000073124-22-000071,2019-12-31,,,,,,2019,PaymentsForRepurchaseOfCommonStock,False
73124,NORTHERN TRUST CORPORATION,299800000.0,0000073124-23-000049,2020-12-31,,,,,,2020,PaymentsForRepurchaseOfCommonStock,False
73124,NORTHERN TRUST CORPORATION,267600000.0,0000073124-24-000073,2021-12-31,,,,,,2021,PaymentsForRepurchaseOfCommonStock,False
73124,NORTHERN TRUST CORPORATION,35400000.0,0000073124-25-000105,2022-12-31,,,,,,2022,PaymentsForRepurchaseOfCommonStock,False
73124,NORTHERN TRUST CORPORATION,347500000.0,0000073124-26-000016,2023-12-31,,,,,,2023,PaymentsForRepurchaseOfCommonStock,False
73124,NORTHERN TRUST CORPORATION,937800000.0,0000073124-26-000016,2024-12-31,,,,,,2024,PaymentsForRepurchaseOfCommonStock,False
73124,NORTHERN TRUST CORPORATION,1273500000.0,0000073124-26-000016,2025-12-31,,,,,,2025,PaymentsForRepurchaseOfCommonStock,False
73309,NUCOR CORP,66505000.0,0001193125-18-064018,2015-12-31,,,,,,2015,PaymentsForRepurchaseOfCommonStock,False
73309,NUCOR CORP,5173000.0,0001193125-19-057744,2016-12-31,,,,,,2016,PaymentsForRepurchaseOfCommonStock,False
73309,NUCOR CORP,90304000.0,0001564590-20-007794,2017-12-31,,,,,,2017,PaymentsForRepurchaseOfCommonStock,False
73309,NUCOR CORP,853997000.0,0001564590-21-009503,2018-12-31,,,,,,2018,PaymentsForRepurchaseOfCommonStock,False
73309,NUCOR CORPORATION,298541000.0,0001564590-22-007679,2019-12-31,,,,,,2019,PaymentsForRepurchaseOfCommonStock,False
73309,NUCOR CORPORATION,39499000.0,0001564590-23-002793,2020-12-31,,,,,,2020,PaymentsForRepurchaseOfCommonStock,False
73309,NUCOR CORPORATION,3276088000.0,0000950170-24-021195,2021-12-31,,,,,,2021,PaymentsForRepurchaseOfCommonStock,False
73309,NUCOR CORPORATION,2763000000.0,0000950170-25-028427,2022-12-31,,,,,,2022,PaymentsForRepurchaseOfCommonStock,False
73309,NUCOR CORPORATION,1554000000.0,0001193125-26-071575,2023-12-31,,,,,,2023,PaymentsForRepurchaseOfCommonStock,False
73309,NUCOR CORPORATION,2217000000.0,0001193125-26-071575,2024-12-31,,,,,,2024,PaymentsForRepurchaseOfCommonStock,False
73309,NUCOR CORPORATION,700000000.0,0001193125-26-071575,2025-12-31,,,,,,2025,PaymentsForRepurchaseOfCommonStock,False
74208,"UDR, Inc.",19988000.0,0000074208-21-000025,2018-12-31,,,,,,2018,PaymentsForRepurchaseOfCommonStock,False
74208,"UDR, Inc.",19795000.0,0000074208-23-000007,2020-12-31,,,,,,2020,PaymentsForRepurchaseOfCommonStock,False
74208,"UDR, Inc.",49028000.0,0000074208-25-000010,2022-12-31,,,,,,2022,PaymentsForRepurchaseOfCommonStock,False
74208,"UDR, Inc.",25009000.0,0000074208-26-000013,2023-12-31,,,,,,2023,PaymentsForRepurchaseOfCommonStock,False
74208,"UDR, Inc.",117811000.0,0000074208-26-000013,2025-12-31,,,,,,2025,PaymentsForRepurchaseOfCommonStock,False
75362,PACCAR Inc,201600000.0,0001564590-18-002675,2015-12-31,,,,,,2015,PaymentsForRepurchaseOfCommonStock,False
75362,PACCAR Inc,70500000.0,0001564590-19-003670,2016-12-31,,,,,,2016,PaymentsForRepurchaseOfCommonStock,False
75362,PACCAR Inc,354400000.0,0001564590-21-006370,2018-12-31,,,,,,2018,PaymentsForRepurchaseOfCommonStock,False
75362,PACCAR Inc,110200000.0,0001564590-22-006237,2019-12-31,,,,,,2019,PaymentsForRepurchaseOfCommonStock,False
75362,PACCAR Inc,42100000.0,0001564590-23-002203,2020-12-31,,,,,,2020,PaymentsForRepurchaseOfCommonStock,False
75362,PACCAR Inc,1500000.0,0000950170-24-017900,2021-12-31,,,,,,2021,PaymentsForRepurchaseOfCommonStock,False
75362,PACCAR Inc,2100000.0,0000950170-25-023145,2022-12-31,,,,,,2022,PaymentsForRepurchaseOfCommonStock,False
75362,PACCAR Inc,3500000.0,0001193125-26-057025,2023-12-31,,,,,,2023,PaymentsForRepurchaseOfCommonStock,False
75362,PACCAR Inc,4500000.0,0001193125-26-057025,2024-12-31,,,,,,2024,PaymentsForRepurchaseOfCommonStock,False
75362,PACCAR Inc,36100000.0,0001193125-26-057025,2025-12-31,,,,,,2025,PaymentsForRepurchaseOfCommonStock,False
75677,PACKAGING CORP OF AMERICA,154700000.0,0001564590-18-003690,2015-12-31,,,,,,2015,PaymentsForRepurchaseOfCommonStock,False
75677,PACKAGING CORP OF AMERICA,100300000.0,0001564590-19-005284,2016-12-31,,,,,,2016,PaymentsForRepurchaseOfCommonStock,False
75677,PACKAGING CORP OF AMERICA,0.0,0000950170-22-001913,2019-12-31,,,,,,2019,PaymentsForRepurchaseOfCommonStock,False
75677,PACKAGING CORP OF AMERICA,0.0,0000950170-23-003990,2020-12-31,,,,,,2020,PaymentsForRepurchaseOfCommonStock,False
75677,PACKAGING CORP OF AMERICA,193000000.0,0000950170-24-022794,2021-12-31,,,,,,2021,PaymentsForRepurchaseOfCommonStock,False
75677,PACKAGING CORP OF AMERICA,522600000.0,0000950170-25-028533,2022-12-31,,,,,,2022,PaymentsForRepurchaseOfCommonStock,False
75677,PACKAGING CORP OF AMERICA,41500000.0,0001193125-26-074129,2023-12-31,,,,,,2023,PaymentsForRepurchaseOfCommonStock,False
75677,PACKAGING CORP OF AMERICA,0.0,0001193125-26-074129,2024-12-31,,,,,,2024,PaymentsForRepurchaseOfCommonStock,False
75677,PACKAGING CORP OF AMERICA,153000000.0,0001193125-26-074129,2025-12-31,,,,,,2025,PaymentsForRepurchaseOfCommonStock,False
76334,Parker-Hannifin Corp,1436309000.0,0000076334-17-000095,2015-06-30,,,,,,2015,PaymentsForRepurchaseOfCommonStock,False
76334,Parker-Hannifin Corp,587365000.0,0000076334-18-000087,2016-06-30,,,,,,2016,PaymentsForRepurchaseOfCommonStock,False
76334,PARKER-HANNIFIN CORPORATION,338078000.0,0000076334-19-000096,2017-06-30,,,,,,2017,PaymentsForRepurchaseOfCommonStock,False
76334,Parker-Hannifin Corp,381041000.0,0000076334-20-000099,2018-06-30,,,,,,2018,PaymentsForRepurchaseOfCommonStock,False
76334,PARKER-HANNIFIN CORPORATION,860052000.0,0000076334-21-000187,2019-06-30,,,,,,2019,PaymentsForRepurchaseOfCommonStock,False
76334,PARKER-HANNIFIN CORPORATION,216049000.0,0000076334-22-000034,2020-06-30,,,,,,2020,PaymentsForRepurchaseOfCommonStock,False
76334,PARKER-HANNIFIN CORPORATION,218818000.0,0000076334-23-000042,2021-06-30,,,,,,2021,PaymentsForRepurchaseOfCommonStock,False
76334,PARKER-HANNIFIN CORPORATION,460056000.0,0000076334-24-000044,2022-06-30,,,,,,2022,PaymentsForRepurchaseOfCommonStock,False
76334,PARKER-HANNIFIN CORPORATION,297000000.0,0000076334-25-000035,2023-06-30,,,,,,2023,PaymentsForRepurchaseOfCommonStock,False
76334,PARKER-HANNIFIN CORPORATION,332000000.0,0000076334-26-000105,2024-06-30,,,,,,2024,PaymentsForRepurchaseOfCommonStock,False
76334,PARKER-HANNIFIN CORPORATION,1766000000.0,0000076334-26-000105,2025-06-30,,,,,,2025,PaymentsForRepurchaseOfCommonStock,False
76334,PARKER-HANNIFIN CORPORATION,1262000000.0,0000076334-26-000105,2026-06-30,,,,,,2026,PaymentsForRepurchaseOfCommonStock,False
77360,Pentair plc,200000000.0,0000077360-18-000007,2015-12-31,,,,,,2015,PaymentsForRepurchaseOfCommonStock,False
77360,Pentair plc,0.0,0000077360-19-000006,2016-12-31,,,,,,2016,PaymentsForRepurchaseOfCommonStock,False
77360,Pentair plc,200000000.0,0000077360-20-000006,2017-12-31,,,,,,2017,PaymentsForRepurchaseOfCommonStock,False
77360,Pentair plc,500000000.0,0000077360-21-000005,2018-12-31,,,,,,2018,PaymentsForRepurchaseOfCommonStock,False
77360,Pentair plc,150000000.0,0000077360-22-000006,2019-12-31,,,,,,2019,PaymentsForRepurchaseOfCommonStock,False
77360,Pentair plc,150200000.0,0000077360-23-000006,2020-12-31,,,,,,2020,PaymentsForRepurchaseOfCommonStock,False
77360,Pentair plc,150000000.0,0000077360-24-000007,2021-12-31,,,,,,2021,PaymentsForRepurchaseOfCommonStock,False
77360,Pentair plc,50000000.0,0000077360-25-000006,2022-12-31,,,,,,2022,PaymentsForRepurchaseOfCommonStock,False
77360,Pentair plc,0.0,0000077360-26-000007,2023-12-31,,,,,,2023,PaymentsForRepurchaseOfCommonStock,False
77360,Pentair plc,150000000.0,0000077360-26-000007,2024-12-31,,,,,,2024,PaymentsForRepurchaseOfCommonStock,False
77360,Pentair plc,225000000.0,0000077360-26-000007,2025-12-31,,,,,,2025,PaymentsForRepurchaseOfCommonStock,False
77476,"PepsiCo, Inc.",5000000000.0,0000077476-18-000012,2015-12-26,,,,,,2015,PaymentsForRepurchaseOfCommonStock,False
77476,"PepsiCo, Inc.",3000000000.0,0000077476-19-000017,2016-12-31,,,,,,2016,PaymentsForRepurchaseOfCommonStock,False
77476,"PepsiCo, Inc.",2000000000.0,0000077476-20-000015,2017-12-30,,,,,,2017,PaymentsForRepurchaseOfCommonStock,False
77476,"PepsiCo, Inc.",2000000000.0,0000077476-21-000007,2018-12-29,,,,,,2018,PaymentsForRepurchaseOfCommonStock,False
77476,"PepsiCo, Inc.",3000000000.0,0000077476-22-000010,2019-12-28,,,,,,2019,PaymentsForRepurchaseOfCommonStock,False
77476,"PepsiCo, Inc.",2000000000.0,0000077476-23-000007,2020-12-26,,,,,,2020,PaymentsForRepurchaseOfCommonStock,False
77476,"PepsiCo, Inc.",106000000.0,0000077476-24-000008,2021-12-25,,,,,,2021,PaymentsForRepurchaseOfCommonStock,False
77476,"PepsiCo, Inc.",1500000000.0,0000077476-25-000042,2022-12-31,,,,,,2022,PaymentsForRepurchaseOfCommonStock,False
77476,"PepsiCo, Inc.",1000000000.0,0000077476-26-000007,2023-12-30,,,,,,2023,PaymentsForRepurchaseOfCommonStock,False
77476,"PepsiCo, Inc.",1000000000.0,0000077476-26-000007,2024-12-28,,,,,,2024,PaymentsForRepurchaseOfCommonStock,False
77476,"PepsiCo, Inc.",1000000000.0,0000077476-26-000007,2025-12-27,,,,,,2025,PaymentsForRepurchaseOfCommonStock,False
78003,PFIZER INC,6160000000.0,0000078003-18-000027,2015-12-31,,,,,,2015,PaymentsForRepurchaseOfCommonStock,False
78003,PFIZER INC,5000000000.0,0000078003-19-000015,2016-12-31,,,,,,2016,PaymentsForRepurchaseOfCommonStock,False
78003,PFIZER INC,5000000000.0,0000078003-20-000014,2017-12-31,,,,,,2017,PaymentsForRepurchaseOfCommonStock,False
78003,PFIZER INC,12198000000.0,0000078003-21-000038,2018-12-31,,,,,,2018,PaymentsForRepurchaseOfCommonStock,False
78003,PFIZER INC,8865000000.0,0000078003-22-000027,2019-12-31,,,,,,2019,PaymentsForRepurchaseOfCommonStock,False
78003,PFIZER INC,0.0,0000078003-23-000024,2020-12-31,,,,,,2020,PaymentsForRepurchaseOfCommonStock,False
78003,PFIZER INC,0.0,0000078003-24-000039,2021-12-31,,,,,,2021,PaymentsForRepurchaseOfCommonStock,False
78003,PFIZER INC,2000000000.0,0000078003-25-000054,2022-12-31,,,,,,2022,PaymentsForRepurchaseOfCommonStock,False
78003,PFIZER INC,0.0,0000078003-25-000054,2023-12-31,,,,,,2023,PaymentsForRepurchaseOfCommonStock,False
78003,PFIZER INC,0.0,0000078003-25-000054,2024-12-31,,,,,,2024,PaymentsForRepurchaseOfCommonStock,False
79282,"BROWN & BROWN, INC.",163750000.0,0000079282-18-000006,2015-12-31,,,,,,2015,PaymentsForRepurchaseOfCommonStock,False
79282,"BROWN & BROWN, INC.",18908000.0,0000079282-19-000006,2016-12-31,,,,,,2016,PaymentsForRepurchaseOfCommonStock,False
79282,"BROWN & BROWN, INC.",128639000.0,0001564590-20-006075,2017-12-31,,,,,,2017,PaymentsForRepurchaseOfCommonStock,False
79282,"BROWN & BROWN, INC.",91250000.0,0001564590-21-007624,2018-12-31,,,,,,2018,PaymentsForRepurchaseOfCommonStock,False
79282,"BROWN & BROWN, INC.",58671000.0,0000950170-22-001654,2019-12-31,,,,,,2019,PaymentsForRepurchaseOfCommonStock,False
79282,"BROWN & BROWN, INC.",55100000.0,0000950170-23-004717,2020-12-31,,,,,,2020,PaymentsForRepurchaseOfCommonStock,False
79282,"BROWN & BROWN, INC.",82600000.0,0000950170-24-018890,2021-12-31,,,,,,2021,PaymentsForRepurchaseOfCommonStock,False
79282,"BROWN & BROWN, INC.",74000000.0,0000950170-25-019039,2022-12-31,,,,,,2022,PaymentsForRepurchaseOfCommonStock,False
79282,"BROWN & BROWN, INC.",0.0,0001193125-26-046984,2023-12-31,,,,,,2023,PaymentsForRepurchaseOfCommonStock,False
79282,"BROWN & BROWN, INC.",0.0,0001193125-26-046984,2024-12-31,,,,,,2024,PaymentsForRepurchaseOfCommonStock,False
79282,"BROWN & BROWN, INC.",100000000.0,0001193125-26-046984,2025-12-31,,,,,,2025,PaymentsForRepurchaseOfCommonStock,False
79879,PPG INDUSTRIES INC,751000000.0,0000079879-18-000039,2015-12-31,,,,,,2015,PaymentsForRepurchaseOfCommonStock,False
79879,PPG INDUSTRIES INC,1050000000.0,0000079879-19-000008,2016-12-31,,,,,,2016,PaymentsForRepurchaseOfCommonStock,False
79879,PPG INDUSTRIES INC,813000000.0,0000079879-20-000008,2017-12-31,,,,,,2017,PaymentsForRepurchaseOfCommonStock,False
79879,PPG INDUSTRIES INC,1721000000.0,0000079879-21-000008,2018-12-31,,,,,,2018,PaymentsForRepurchaseOfCommonStock,False
79879,"PPG INDUSTRIES, INC.",325000000.0,0000079879-22-000009,2019-12-31,,,,,,2019,PaymentsForRepurchaseOfCommonStock,False
79879,"PPG INDUSTRIES, INC.",0.0,0000079879-23-000007,2020-12-31,,,,,,2020,PaymentsForRepurchaseOfCommonStock,False
79879,"PPG INDUSTRIES, INC.",210000000.0,0000079879-24-000040,2021-12-31,,,,,,2021,PaymentsForRepurchaseOfCommonStock,False
79879,"PPG INDUSTRIES, INC.",190000000.0,0000079879-25-000034,2022-12-31,,,,,,2022,PaymentsForRepurchaseOfCommonStock,False
79879,"PPG INDUSTRIES, INC.",86000000.0,0000079879-26-000046,2023-12-31,,,,,,2023,PaymentsForRepurchaseOfCommonStock,False
79879,"PPG INDUSTRIES, INC.",752000000.0,0000079879-26-000046,2024-12-31,,,,,,2024,PaymentsForRepurchaseOfCommonStock,False
79879,"PPG INDUSTRIES, INC.",790000000.0,0000079879-26-000046,2025-12-31,,,,,,2025,PaymentsForRepurchaseOfCommonStock,False
80424,PROCTER & GAMBLE CO,4604000000.0,0000080424-17-000047,2015-06-30,,,,,,2015,PaymentsForRepurchaseOfCommonStock,False
80424,PROCTER & GAMBLE CO,4004000000.0,0000080424-18-000106,2016-06-30,,,,,,2016,PaymentsForRepurchaseOfCommonStock,False
80424,PROCTER & GAMBLE CO,5204000000.0,0000080424-19-000050,2017-06-30,,,,,,2017,PaymentsForRepurchaseOfCommonStock,False
80424,PROCTER & GAMBLE CO,7004000000.0,0000080424-20-000059,2018-06-30,,,,,,2018,PaymentsForRepurchaseOfCommonStock,False
80424,THE PROCTER & GAMBLE COMPANY,5003000000.0,0000080424-21-000100,2019-06-30,,,,,,2019,PaymentsForRepurchaseOfCommonStock,False
80424,PROCTER & GAMBLE CO,7405000000.0,0000080424-22-000064,2020-06-30,,,,,,2020,PaymentsForRepurchaseOfCommonStock,False
80424,PROCTER & GAMBLE CO,11009000000.0,0000080424-23-000073,2021-06-30,,,,,,2021,PaymentsForRepurchaseOfCommonStock,False
80424,PROCTER & GAMBLE CO,10003000000.0,0000080424-24-000083,2022-06-30,,,,,,2022,PaymentsForRepurchaseOfCommonStock,False
80424,PROCTER & GAMBLE CO,7353000000.0,0000080424-25-000076,2023-06-30,,,,,,2023,PaymentsForRepurchaseOfCommonStock,False
80424,PROCTER & GAMBLE CO,5006000000.0,0000080424-26-000103,2024-06-30,,,,,,2024,PaymentsForRepurchaseOfCommonStock,False
80424,PROCTER & GAMBLE CO,6500000000.0,0000080424-26-000103,2025-06-30,,,,,,2025,PaymentsForRepurchaseOfCommonStock,False
80424,PROCTER & GAMBLE CO,5028000000.0,0000080424-26-000103,2026-06-30,,,,,,2026,PaymentsForRepurchaseOfCommonStock,False
80661,PROGRESSIVE CORP/OH/,208500000.0,0000080661-17-000012,2015-12-31,,,,,,2015,PaymentsForRepurchaseOfCommonStock,False
80661,PROGRESSIVE CORP/OH/,192500000.0,0000080661-17-000012,2016-12-31,,,,,,2016,PaymentsForRepurchaseOfCommonStock,False
84839,"ROLLINS, INC.",7407000.0,0000084839-18-000065,2015-12-31,,,,,,2015,PaymentsForRepurchaseOfCommonStock,False
84839,"ROLLINS, INC.",31068000.0,0001171200-19-000087,2016-12-31,,,,,,2016,PaymentsForRepurchaseOfCommonStock,False
84839,"ROLLINS, INC.",8246000.0,0001171200-20-000103,2017-12-31,,,,,,2017,PaymentsForRepurchaseOfCommonStock,False
84839,"ROLLINS, INC.",9541000.0,0001171200-21-000076,2018-12-31,,,,,,2018,PaymentsForRepurchaseOfCommonStock,False
84839,"ROLLINS, INC.",10009000.0,0000084839-22-000011,2019-12-31,,,,,,2019,PaymentsForRepurchaseOfCommonStock,False
84839,"ROLLINS, INC.",8275000.0,0000084839-23-000006,2020-12-31,,,,,,2020,PaymentsForRepurchaseOfCommonStock,False
84839,"ROLLINS, INC.",10694000.0,0000084839-24-000025,2021-12-31,,,,,,2021,PaymentsForRepurchaseOfCommonStock,False
84839,"ROLLINS, INC.",7065000.0,0000084839-25-000024,2022-12-31,,,,,,2022,PaymentsForRepurchaseOfCommonStock,False
84839,"ROLLINS, INC.",315013000.0,0000084839-26-000008,2023-12-31,,,,,,2023,PaymentsForRepurchaseOfCommonStock,False
84839,"ROLLINS, INC.",11606000.0,0000084839-26-000008,2024-12-31,,,,,,2024,PaymentsForRepurchaseOfCommonStock,False
84839,"ROLLINS, INC.",216855000.0,0000084839-26-000008,2025-12-31,,,,,,2025,PaymentsForRepurchaseOfCommonStock,False
86312,"Travelers Companies, Inc.",3150000000.0,0001047469-18-000812,2015-12-31,,,,,,2015,PaymentsForRepurchaseOfCommonStock,False
86312,"Travelers Companies, Inc.",2400000000.0,0000086312-19-000009,2016-12-31,,,,,,2016,PaymentsForRepurchaseOfCommonStock,False
86312,"Travelers Companies, Inc.",1378000000.0,0000086312-20-000011,2017-12-31,,,,,,2017,PaymentsForRepurchaseOfCommonStock,False
86312,"Travelers Companies, Inc.",1270000000.0,0000086312-21-000011,2018-12-31,,,,,,2018,PaymentsForRepurchaseOfCommonStock,False
86312,"Travelers Companies, Inc.",1500000000.0,0000086312-22-000013,2019-12-31,,,,,,2019,PaymentsForRepurchaseOfCommonStock,False
86312,"Travelers Companies, Inc.",625000000.0,0000086312-23-000011,2020-12-31,,,,,,2020,PaymentsForRepurchaseOfCommonStock,False
86312,"Travelers Companies, Inc.",2156000000.0,0000086312-24-000012,2021-12-31,,,,,,2021,PaymentsForRepurchaseOfCommonStock,False
86312,"Travelers Companies, Inc.",2000000000.0,0000086312-25-000012,2022-12-31,,,,,,2022,PaymentsForRepurchaseOfCommonStock,False
86312,"Travelers Companies, Inc.",958000000.0,0000086312-26-000065,2023-12-31,,,,,,2023,PaymentsForRepurchaseOfCommonStock,False
86312,"Travelers Companies, Inc.",1003000000.0,0000086312-26-000065,2024-12-31,,,,,,2024,PaymentsForRepurchaseOfCommonStock,False
86312,"Travelers Companies, Inc.",3004000000.0,0000086312-26-000065,2025-12-31,,,,,,2025,PaymentsForRepurchaseOfCommonStock,False
91142,A. O. Smith Corporation,128100000.0,0001193125-18-048314,2015-12-31,,,,,,2015,PaymentsForRepurchaseOfCommonStock,False
91142,A. O. Smith Corporation,135200000.0,0001193125-19-042339,2016-12-31,,,,,,2016,PaymentsForRepurchaseOfCommonStock,False
91142,A. O. Smith Corporation,139100000.0,0001193125-20-046736,2017-12-31,,,,,,2017,PaymentsForRepurchaseOfCommonStock,False
91142,A. O. Smith Corporation,202600000.0,0000091142-21-000025,2018-12-31,,,,,,2018,PaymentsForRepurchaseOfCommonStock,False
91142,A. O. Smith Corporation,287700000.0,0000091142-22-000028,2019-12-31,,,,,,2019,PaymentsForRepurchaseOfCommonStock,False
91142,A. O. Smith Corporation,56700000.0,0000091142-23-000025,2020-12-31,,,,,,2020,PaymentsForRepurchaseOfCommonStock,False
91142,A. O. Smith Corporation,366500000.0,0000091142-24-000041,2021-12-31,,,,,,2021,PaymentsForRepurchaseOfCommonStock,False
91142,A. O. Smith Corporation,403500000.0,0000091142-24-000041,2022-12-31,,,,,,2022,PaymentsForRepurchaseOfCommonStock,False
91142,A. O. Smith Corporation,306500000.0,0000091142-26-000008,2023-12-31,,,,,,2023,PaymentsForRepurchaseOfCommonStock,False
91142,A. O. Smith Corporation,305800000.0,0000091142-26-000008,2024-12-31,,,,,,2024,PaymentsForRepurchaseOfCommonStock,False
91142,A. O. Smith Corporation,400800000.0,0000091142-26-000008,2025-12-31,,,,,,2025,PaymentsForRepurchaseOfCommonStock,False
91419,J M SMUCKER Co,441100000.0,0000091419-18-000005,2016-04-30,,,,,,2015,PaymentsForRepurchaseOfCommonStock,False
91419,J M SMUCKER Co,437600000.0,0000091419-19-000005,2017-04-30,,,,,,2016,PaymentsForRepurchaseOfCommonStock,False
91419,J M SMUCKER Co,7000000.0,0000091419-20-000065,2018-04-30,,,,,,2017,PaymentsForRepurchaseOfCommonStock,False
91419,The J. M. Smucker Company,5400000.0,0000091419-21-000048,2019-04-30,,,,,,2018,PaymentsForRepurchaseOfCommonStock,False
91419,THE J. M. SMUCKER COMPANY,4200000.0,0000091419-22-000049,2020-04-30,,,,,,2019,PaymentsForRepurchaseOfCommonStock,False
91419,THE J. M. SMUCKER COMPANY,678400000.0,0000091419-23-000072,2021-04-30,,,,,,2020,PaymentsForRepurchaseOfCommonStock,False
91419,THE J. M. SMUCKER COMPANY,270400000.0,0000091419-24-000054,2022-04-30,,,,,,2021,PaymentsForRepurchaseOfCommonStock,False
91419,THE J. M. SMUCKER COMPANY,367500000.0,0000091419-25-000056,2023-04-30,,,,,,2022,PaymentsForRepurchaseOfCommonStock,False
91419,THE J. M. SMUCKER COMPANY,372800000.0,0000091419-26-000050,2024-04-30,,,,,,2023,PaymentsForRepurchaseOfCommonStock,False
91419,THE J. M. SMUCKER COMPANY,3300000.0,0000091419-26-000050,2025-04-30,,,,,,2024,PaymentsForRepurchaseOfCommonStock,False
91419,THE J. M. SMUCKER COMPANY,5600000.0,0000091419-26-000050,2026-04-30,,,,,,2025,PaymentsForRepurchaseOfCommonStock,False
91440,Snap-on Inc,110400000.0,0001193125-18-047130,2016-01-02,,,,,,2015,PaymentsForRepurchaseOfCommonStock,False
91440,Snap-on Inc,120400000.0,0000091440-19-000003,2016-12-31,,,,,,2016,PaymentsForRepurchaseOfCommonStock,False
91440,Snap-on Inc,287900000.0,0000091440-20-000004,2017-12-30,,,,,,2017,PaymentsForRepurchaseOfCommonStock,False
91440,Snap-on Inc,284100000.0,0000091440-21-000005,2018-12-29,,,,,,2018,PaymentsForRepurchaseOfCommonStock,False
91440,Snap-on Inc,238400000.0,0000091440-22-000005,2019-12-28,,,,,,2019,PaymentsForRepurchaseOfCommonStock,False
91440,Snap-on Inc,174300000.0,0000091440-23-000005,2021-01-02,,,,,,2020,PaymentsForRepurchaseOfCommonStock,False
91440,Snap-on Inc,431300000.0,0000091440-24-000005,2022-01-01,,,,,,2021,PaymentsForRepurchaseOfCommonStock,False
91440,Snap-on Inc,198100000.0,0000091440-25-000010,2022-12-31,,,,,,2022,PaymentsForRepurchaseOfCommonStock,False
91440,Snap-on Inc,294700000.0,0000091440-26-000045,2023-12-30,,,,,,2023,PaymentsForRepurchaseOfCommonStock,False
91440,Snap-on Inc,290000000.0,0000091440-26-000045,2024-12-28,,,,,,2024,PaymentsForRepurchaseOfCommonStock,False
91440,Snap-on Inc,328600000.0,0000091440-26-000045,2026-01-03,,,,,,2025,PaymentsForRepurchaseOfCommonStock,False
91576,KeyCorp,448000000.0,0000091576-18-000011,2015-12-31,,,,,,2015,PaymentsForRepurchaseOfCommonStock,False
91576,KeyCorp,140000000.0,0000091576-19-000009,2016-12-31,,,,,,2016,PaymentsForRepurchaseOfCommonStock,False
91576,KeyCorp,664000000.0,0000091576-20-000007,2017-12-31,,,,,,2017,PaymentsForRepurchaseOfCommonStock,False
91576,KeyCorp,1098000000.0,0000091576-21-000044,2018-12-31,,,,,,2018,PaymentsForRepurchaseOfCommonStock,False
91576,KeyCorp,835000000.0,0000091576-22-000029,2019-12-31,,,,,,2019,PaymentsForRepurchaseOfCommonStock,False
91576,KeyCorp,134000000.0,0000091576-23-000026,2020-12-31,,,,,,2020,PaymentsForRepurchaseOfCommonStock,False
91576,KeyCorp,585000000.0,0000091576-24-000040,2021-12-31,,,,,,2021,PaymentsForRepurchaseOfCommonStock,False
91576,KeyCorp,0.0,0000091576-24-000040,2022-12-31,,,,,,2022,PaymentsForRepurchaseOfCommonStock,False
91576,KeyCorp,0.0,0000091576-24-000040,2023-12-31,,,,,,2023,PaymentsForRepurchaseOfCommonStock,False
92122,The Southern Company,115000000.0,0000092122-18-000012,2015-12-31,,,,,,2015,PaymentsForRepurchaseOfCommonStock,False
92122,The Southern Company,0.0,0000092122-18-000012,2016-12-31,,,,,,2016,PaymentsForRepurchaseOfCommonStock,False
92122,The Southern Company,0.0,0000092122-18-000012,2017-12-31,,,,,,2017,PaymentsForRepurchaseOfCommonStock,False
92230,Truist Financial Corporation,0.0,0000092230-18-000021,2015-12-31,,,,,,2015,PaymentsForRepurchaseOfCommonStock,False
92230,Truist Financial Corporation,520000000.0,0000092230-19-000017,2016-12-31,,,,,,2016,PaymentsForRepurchaseOfCommonStock,False
92230,Truist Financial Corporation,1613000000.0,0000092230-20-000045,2017-12-31,,,,,,2017,PaymentsForRepurchaseOfCommonStock,False
92230,Truist Financial Corporation,1205000000.0,0000092230-21-000032,2018-12-31,,,,,,2018,PaymentsForRepurchaseOfCommonStock,False
92230,TRUIST FINANCIAL CORPORATION,0.0,0000092230-22-000008,2019-12-31,,,,,,2019,PaymentsForRepurchaseOfCommonStock,False
92230,TRUIST FINANCIAL CORPORATION,0.0,0000092230-23-000034,2020-12-31,,,,,,2020,PaymentsForRepurchaseOfCommonStock,False
92230,Truist Financial Corporation,1616000000.0,0000092230-24-000029,2021-12-31,,,,,,2021,PaymentsForRepurchaseOfCommonStock,False
92230,TRUIST FINANCIAL CORPORATION,250000000.0,0000092230-25-000020,2022-12-31,,,,,,2022,PaymentsForRepurchaseOfCommonStock,False
92230,TRUIST FINANCIAL CORPORATION,0.0,0000092230-26-000030,2023-12-31,,,,,,2023,PaymentsForRepurchaseOfCommonStock,False
92230,TRUIST FINANCIAL CORPORATION,1000000000.0,0000092230-26-000030,2024-12-31,,,,,,2024,PaymentsForRepurchaseOfCommonStock,False
92230,TRUIST FINANCIAL CORPORATION,2500000000.0,0000092230-26-000030,2025-12-31,,,,,,2025,PaymentsForRepurchaseOfCommonStock,False
92380,SOUTHWEST AIRLINES CO.,1180000000.0,0000092380-18-000031,2015-12-31,,,,,,2015,PaymentsForRepurchaseOfCommonStock,False
92380,SOUTHWEST AIRLINES CO.,1750000000.0,0000092380-19-000022,2016-12-31,,,,,,2016,PaymentsForRepurchaseOfCommonStock,False
92380,SOUTHWEST AIRLINES CO.,1600000000.0,0000092380-20-000024,2017-12-31,,,,,,2017,PaymentsForRepurchaseOfCommonStock,False
92380,SOUTHWEST AIRLINES CO.,2000000000.0,0000092380-21-000033,2018-12-31,,,,,,2018,PaymentsForRepurchaseOfCommonStock,False
92380,SOUTHWEST AIRLINES CO.,2000000000.0,0000092380-22-000007,2019-12-31,,,,,,2019,PaymentsForRepurchaseOfCommonStock,False
92380,SOUTHWEST AIRLINES CO.,451000000.0,0000092380-23-000010,2020-12-31,,,,,,2020,PaymentsForRepurchaseOfCommonStock,False
92380,SOUTHWEST AIRLINES CO.,0.0,0000092380-23-000010,2021-12-31,,,,,,2021,PaymentsForRepurchaseOfCommonStock,False
92380,SOUTHWEST AIRLINES CO.,0.0,0000092380-25-000024,2022-12-31,,,,,,2022,PaymentsForRepurchaseOfCommonStock,False
92380,SOUTHWEST AIRLINES CO.,0.0,0000092380-26-000004,2023-12-31,,,,,,2023,PaymentsForRepurchaseOfCommonStock,False
92380,SOUTHWEST AIRLINES CO.,250000000.0,0000092380-26-000004,2024-12-31,,,,,,2024,PaymentsForRepurchaseOfCommonStock,False
92380,SOUTHWEST AIRLINES CO.,2550000000.0,0000092380-26-000004,2025-12-31,,,,,,2025,PaymentsForRepurchaseOfCommonStock,False
93410,Chevron Corp,2000000.0,0000093410-18-000010,2015-12-31,,,,,,2015,PaymentsForRepurchaseOfCommonStock,False
93410,Chevron Corp,2000000.0,0000093410-19-000008,2016-12-31,,,,,,2016,PaymentsForRepurchaseOfCommonStock,False
93410,Chevron Corp,1000000.0,0000093410-20-000010,2017-12-31,,,,,,2017,PaymentsForRepurchaseOfCommonStock,False
93410,Chevron Corp,1751000000.0,0000093410-21-000009,2018-12-31,,,,,,2018,PaymentsForRepurchaseOfCommonStock,False
93410,Chevron Corp,4039000000.0,0000093410-22-000019,2019-12-31,,,,,,2019,PaymentsForRepurchaseOfCommonStock,False
93410,Chevron Corp,1757000000.0,0000093410-23-000009,2020-12-31,,,,,,2020,PaymentsForRepurchaseOfCommonStock,False
93410,Chevron Corp,1383000000.0,0000093410-24-000013,2021-12-31,,,,,,2021,PaymentsForRepurchaseOfCommonStock,False
93410,Chevron Corp,11255000000.0,0000093410-25-000009,2022-12-31,,,,,,2022,PaymentsForRepurchaseOfCommonStock,False
93410,Chevron Corp,14939000000.0,0000093410-26-000078,2023-12-31,,,,,,2023,PaymentsForRepurchaseOfCommonStock,False
93410,Chevron Corp,15229000000.0,0000093410-26-000078,2024-12-31,,,,,,2024,PaymentsForRepurchaseOfCommonStock,False
93410,Chevron Corp,12079000000.0,0000093410-26-000078,2025-12-31,,,,,,2025,PaymentsForRepurchaseOfCommonStock,False
93556,"STANLEY BLACK & DECKER, INC.",649800000.0,0000093556-18-000008,2016-01-02,,,,,,2015,PaymentsForRepurchaseOfCommonStock,False
93556,"STANLEY BLACK & DECKER, INC.",374100000.0,0000093556-19-000011,2016-12-31,,,,,,2016,PaymentsForRepurchaseOfCommonStock,False
93556,"STANLEY BLACK & DECKER, INC.",28700000.0,0000093556-20-000006,2017-12-30,,,,,,2017,PaymentsForRepurchaseOfCommonStock,False
93556,"STANLEY BLACK & DECKER, INC.",527100000.0,0000093556-22-000004,2018-12-29,,,,,,2018,PaymentsForRepurchaseOfCommonStock,False
93556,"STANLEY BLACK & DECKER, INC.",27500000.0,0000093556-22-000015,2019-12-28,,,,,,2019,PaymentsForRepurchaseOfCommonStock,False
93556,"Stanley Black & Decker, Inc.",26200000.0,0000093556-23-000007,2021-01-02,,,,,,2020,PaymentsForRepurchaseOfCommonStock,False
93556,"STANLEY BLACK & DECKER, INC.",34300000.0,0000093556-24-000032,2022-01-01,,,,,,2021,PaymentsForRepurchaseOfCommonStock,False
93556,"STANLEY BLACK & DECKER, INC.",2323000000.0,0000093556-25-000007,2022-12-31,,,,,,2022,PaymentsForRepurchaseOfCommonStock,False
93556,"STANLEY BLACK & DECKER, INC.",16100000.0,0000093556-26-000009,2023-12-30,,,,,,2023,PaymentsForRepurchaseOfCommonStock,False
93556,"STANLEY BLACK & DECKER, INC.",17700000.0,0000093556-26-000009,2024-12-28,,,,,,2024,PaymentsForRepurchaseOfCommonStock,False
93556,"STANLEY BLACK & DECKER, INC.",20100000.0,0000093556-26-000009,2026-01-03,,,,,,2025,PaymentsForRepurchaseOfCommonStock,False
93751,STATE STREET CORP,1520000000.0,0000093751-18-000308,2015-12-31,,,,,,2015,PaymentsForRepurchaseOfCommonStock,False
93751,STATE STREET CORP,1365000000.0,0000093751-19-000390,2016-12-31,,,,,,2016,PaymentsForRepurchaseOfCommonStock,False
93751,STATE STREET CORP,1292000000.0,0000093751-20-000684,2017-12-31,,,,,,2017,PaymentsForRepurchaseOfCommonStock,False
93751,STATE STREET CORP,350000000.0,0000093751-21-000476,2018-12-31,,,,,,2018,PaymentsForRepurchaseOfCommonStock,False
93751,STATE STREET CORPORATION,1585000000.0,0000093751-22-000424,2019-12-31,,,,,,2019,PaymentsForRepurchaseOfCommonStock,False
93751,STATE STREET CORPORATION,515000000.0,0000093751-23-000489,2020-12-31,,,,,,2020,PaymentsForRepurchaseOfCommonStock,False
93751,STATE STREET CORPORATION,900000000.0,0000093751-24-000498,2021-12-31,,,,,,2021,PaymentsForRepurchaseOfCommonStock,False
93751,STATE STREET CORPORATION,1500000000.0,0000093751-25-000111,2022-12-31,,,,,,2022,PaymentsForRepurchaseOfCommonStock,False
93751,STATE STREET CORPORATION,3781000000.0,0000093751-26-000124,2023-12-31,,,,,,2023,PaymentsForRepurchaseOfCommonStock,False
93751,STATE STREET CORPORATION,1319000000.0,0000093751-26-000124,2024-12-31,,,,,,2024,PaymentsForRepurchaseOfCommonStock,False
93751,STATE STREET CORPORATION,1200000000.0,0000093751-26-000124,2025-12-31,,,,,,2025,PaymentsForRepurchaseOfCommonStock,False
96021,SYSCO CORP,1949445000.0,0000096021-18-000126,2016-07-02,,,,,,2016,PaymentsForRepurchaseOfCommonStock,False
96021,SYSCO CORP,1886121000.0,0000096021-19-000093,2017-07-01,,,,,,2017,PaymentsForRepurchaseOfCommonStock,False
96021,SYSCO CORP,1022033000.0,0000096021-21-000093,2019-06-29,,,,,,2018,PaymentsForRepurchaseOfCommonStock,False
96021,Sysco Corporation,844699000.0,0000096021-22-000151,2020-06-27,,,,,,2019,PaymentsForRepurchaseOfCommonStock,False
96021,Sysco Corporation,0.0,0000096021-23-000117,2021-07-03,,,,,,2021,PaymentsForRepurchaseOfCommonStock,False
96021,Sysco Corporation,500000000.0,0000096021-24-000128,2022-07-02,,,,,,2022,PaymentsForRepurchaseOfCommonStock,False
96021,Sysco Corporation,500000000.0,0000096021-25-000099,2023-07-01,,,,,,2023,PaymentsForRepurchaseOfCommonStock,False
96021,Sysco Corporation,1250000000.0,0000096021-26-000033,2025-06-28,,,,,,2024,PaymentsForRepurchaseOfCommonStock,False
96021,Sysco Corporation,200000000.0,0000096021-26-000033,2026-06-27,,,,,,2025,PaymentsForRepurchaseOfCommonStock,False
97210,"TERADYNE, INC.",299949000.0,0001193125-18-066579,2015-12-31,,,,,,2015,PaymentsForRepurchaseOfCommonStock,False
97210,"TERADYNE, INC.",146331000.0,0001193125-19-059974,2016-12-31,,,,,,2016,PaymentsForRepurchaseOfCommonStock,False
97210,"TERADYNE, INC.",200304000.0,0001193125-20-058676,2017-12-31,,,,,,2017,PaymentsForRepurchaseOfCommonStock,False
97210,"TERADYNE, INC.",823478000.0,0001193125-21-050735,2018-12-31,,,,,,2018,PaymentsForRepurchaseOfCommonStock,False
97210,"TERADYNE, INC.",500000000.0,0001193125-22-049828,2019-12-31,,,,,,2019,PaymentsForRepurchaseOfCommonStock,False
97210,"TERADYNE, INC.",88465000.0,0001193125-23-044711,2020-12-31,,,,,,2020,PaymentsForRepurchaseOfCommonStock,False
97210,"TERADYNE, INC.",600000000.0,0000950170-24-018701,2021-12-31,,,,,,2021,PaymentsForRepurchaseOfCommonStock,False
97210,"TERADYNE, INC.",752082000.0,0000950170-25-023784,2022-12-31,,,,,,2022,PaymentsForRepurchaseOfCommonStock,False
97210,"TERADYNE, INC.",397241000.0,0001193125-26-059002,2023-12-31,,,,,,2023,PaymentsForRepurchaseOfCommonStock,False
97210,"TERADYNE, INC.",198574000.0,0001193125-26-059002,2024-12-31,,,,,,2024,PaymentsForRepurchaseOfCommonStock,False
97210,"TERADYNE, INC.",702095000.0,0001193125-26-059002,2025-12-31,,,,,,2025,PaymentsForRepurchaseOfCommonStock,False
97476,TEXAS INSTRUMENTS INCORPORATED,2741000000.0,0001564590-18-002832,2015-12-31,,,,,,2015,PaymentsForRepurchaseOfCommonStock,False
97476,TEXAS INSTRUMENTS INCORPORATED,2132000000.0,0001564590-19-003839,2016-12-31,,,,,,2016,PaymentsForRepurchaseOfCommonStock,False
97476,TEXAS INSTRUMENTS INCORPORATED,2556000000.0,0000097476-20-000009,2017-12-31,,,,,,2017,PaymentsForRepurchaseOfCommonStock,False
97476,TEXAS INSTRUMENTS INCORPORATED,5100000000.0,0000097476-21-000006,2018-12-31,,,,,,2018,PaymentsForRepurchaseOfCommonStock,False
97476,TEXAS INSTRUMENTS INCORPORATED,2960000000.0,0000097476-22-000009,2019-12-31,,,,,,2019,PaymentsForRepurchaseOfCommonStock,False
97476,TEXAS INSTRUMENTS INCORPORATED,2553000000.0,0000097476-23-000007,2020-12-31,,,,,,2020,PaymentsForRepurchaseOfCommonStock,False
97476,TEXAS INSTRUMENTS INCORPORATED,527000000.0,0000097476-24-000007,2021-12-31,,,,,,2021,PaymentsForRepurchaseOfCommonStock,False
97476,TEXAS INSTRUMENTS INCORPORATED,3615000000.0,0000097476-25-000007,2022-12-31,,,,,,2022,PaymentsForRepurchaseOfCommonStock,False
97476,TEXAS INSTRUMENTS INC,293000000.0,0000097476-26-000059,2023-12-31,,,,,,2023,PaymentsForRepurchaseOfCommonStock,False
97476,TEXAS INSTRUMENTS INC,929000000.0,0000097476-26-000059,2024-12-31,,,,,,2024,PaymentsForRepurchaseOfCommonStock,False
97476,TEXAS INSTRUMENTS INC,1477000000.0,0000097476-26-000059,2025-12-31,,,,,,2025,PaymentsForRepurchaseOfCommonStock,False
97745,THERMO FISHER SCIENTIFIC INC.,500000000.0,0000097745-18-000006,2015-12-31,,,,,,2015,PaymentsForRepurchaseOfCommonStock,False
97745,THERMO FISHER SCIENTIFIC INC.,1250000000.0,0000097745-19-000007,2016-12-31,,,,,,2016,PaymentsForRepurchaseOfCommonStock,False
97745,THERMO FISHER SCIENTIFIC INC.,750000000.0,0000097745-20-000009,2017-12-31,,,,,,2017,PaymentsForRepurchaseOfCommonStock,False
97745,THERMO FISHER SCIENTIFIC INC.,500000000.0,0000097745-21-000011,2018-12-31,,,,,,2018,PaymentsForRepurchaseOfCommonStock,False
97745,THERMO FISHER SCIENTIFIC INC.,1500000000.0,0000097745-22-000011,2019-12-31,,,,,,2019,PaymentsForRepurchaseOfCommonStock,False
97745,THERMO FISHER SCIENTIFIC INC.,1500000000.0,0000097745-23-000008,2020-12-31,,,,,,2020,PaymentsForRepurchaseOfCommonStock,False
97745,THERMO FISHER SCIENTIFIC INC.,2000000000.0,0000097745-24-000007,2021-12-31,,,,,,2021,PaymentsForRepurchaseOfCommonStock,False
97745,THERMO FISHER SCIENTIFIC INC.,3000000000.0,0000097745-25-000010,2022-12-31,,,,,,2022,PaymentsForRepurchaseOfCommonStock,False
97745,THERMO FISHER SCIENTIFIC INC.,3000000000.0,0000097745-26-000018,2023-12-31,,,,,,2023,PaymentsForRepurchaseOfCommonStock,False
97745,THERMO FISHER SCIENTIFIC INC.,4000000000.0,0000097745-26-000018,2024-12-31,,,,,,2024,PaymentsForRepurchaseOfCommonStock,False
97745,THERMO FISHER SCIENTIFIC INC.,3000000000.0,0000097745-26-000018,2025-12-31,,,,,,2025,PaymentsForRepurchaseOfCommonStock,False
100493,"TYSON FOODS, INC.",495000000.0,0000100493-17-000133,2015-10-03,,,,,,2015,PaymentsForRepurchaseOfCommonStock,False
100493,"TYSON FOODS, INC.",1944000000.0,0000100493-18-000108,2016-10-01,,,,,,2016,PaymentsForRepurchaseOfCommonStock,False
100493,"TYSON FOODS, INC.",860000000.0,0000100493-19-000118,2017-09-30,,,,,,2017,PaymentsForRepurchaseOfCommonStock,False
100493,"TYSON FOODS, INC.",427000000.0,0000100493-21-000009,2018-09-29,,,,,,2018,PaymentsForRepurchaseOfCommonStock,False
100493,"TYSON FOODS, INC.",252000000.0,0000100493-21-000009,2019-09-28,,,,,,2019,PaymentsForRepurchaseOfCommonStock,False
100493,"TYSON FOODS, INC.",207000000.0,0000100493-21-000009,2020-10-03,,,,,,2020,PaymentsForRepurchaseOfCommonStock,False
100517,"United Airlines Holdings, Inc.",1233000000.0,0001193125-18-054235,2015-12-31,,,,,,2015,PaymentsForRepurchaseOfCommonStock,False
100517,"United Airlines Holdings, Inc.",2614000000.0,0000100517-19-000009,2016-12-31,,,,,,2016,PaymentsForRepurchaseOfCommonStock,False
100517,"United Airlines Holdings, Inc.",1844000000.0,0000100517-20-000010,2017-12-31,,,,,,2017,PaymentsForRepurchaseOfCommonStock,False
100517,"United Airlines Holdings, Inc.",1235000000.0,0000100517-21-000016,2018-12-31,,,,,,2018,PaymentsForRepurchaseOfCommonStock,False
100517,"United Airlines Holdings, Inc.",1645000000.0,0000100517-22-000009,2019-12-31,,,,,,2019,PaymentsForRepurchaseOfCommonStock,False
100517,"United Airlines Holdings, Inc.",353000000.0,0000100517-23-000048,2020-12-31,,,,,,2020,PaymentsForRepurchaseOfCommonStock,False
100517,"United Airlines Holdings, Inc.",0.0,0000100517-23-000048,2021-12-31,,,,,,2021,PaymentsForRepurchaseOfCommonStock,False
100517,"United Airlines Holdings, Inc.",0.0,0000100517-25-000046,2022-12-31,,,,,,2022,PaymentsForRepurchaseOfCommonStock,False
100517,"United Airlines Holdings, Inc.",0.0,0000100517-26-000023,2023-12-31,,,,,,2023,PaymentsForRepurchaseOfCommonStock,False
100517,"United Airlines Holdings, Inc.",162000000.0,0000100517-26-000023,2024-12-31,,,,,,2024,PaymentsForRepurchaseOfCommonStock,False
100517,"United Airlines Holdings, Inc.",637000000.0,0000100517-26-000023,2025-12-31,,,,,,2025,PaymentsForRepurchaseOfCommonStock,False
100885,UNION PACIFIC CORPORATION,3465000000.0,0000100885-18-000048,2015-12-31,,,,,,2015,PaymentsForRepurchaseOfCommonStock,False
100885,UNION PACIFIC CORPORATION,3105000000.0,0000100885-19-000060,2016-12-31,,,,,,2016,PaymentsForRepurchaseOfCommonStock,False
100885,UNION PACIFIC CORPORATION,4013000000.0,0000100885-20-000065,2017-12-31,,,,,,2017,PaymentsForRepurchaseOfCommonStock,False
100885,UNION PACIFIC CORPORATION,8225000000.0,0000100885-21-000068,2018-12-31,,,,,,2018,PaymentsForRepurchaseOfCommonStock,False
100885,UNION PACIFIC CORP,5804000000.0,0001437749-22-002494,2019-12-31,,,,,,2019,PaymentsForRepurchaseOfCommonStock,False
100885,UNION PACIFIC CORP,3705000000.0,0001437749-23-002959,2020-12-31,,,,,,2020,PaymentsForRepurchaseOfCommonStock,False
100885,UNION PACIFIC CORP,7291000000.0,0001437749-24-003599,2021-12-31,,,,,,2021,PaymentsForRepurchaseOfCommonStock,False
100885,UNION PACIFIC CORP,6282000000.0,0000100885-25-000042,2022-12-31,,,,,,2022,PaymentsForRepurchaseOfCommonStock,False
100885,UNION PACIFIC CORP,705000000.0,0000100885-26-000037,2023-12-31,,,,,,2023,PaymentsForRepurchaseOfCommonStock,False
100885,UNION PACIFIC CORP,1505000000.0,0000100885-26-000037,2024-12-31,,,,,,2024,PaymentsForRepurchaseOfCommonStock,False
100885,UNION PACIFIC CORP,2679000000.0,0000100885-26-000037,2025-12-31,,,,,,2025,PaymentsForRepurchaseOfCommonStock,False
101829,RTX CORPORATION,10000000000.0,0000101829-18-000005,2015-12-31,,,,,,2015,PaymentsForRepurchaseOfCommonStock,False
101829,RTX CORPORATION,2254000000.0,0000101829-19-000007,2016-12-31,,,,,,2016,PaymentsForRepurchaseOfCommonStock,False
101829,RTX CORPORATION,1453000000.0,0000101829-20-000072,2017-12-31,,,,,,2017,PaymentsForRepurchaseOfCommonStock,False
101829,RTX CORPORATION,325000000.0,0000101829-21-000008,2018-12-31,,,,,,2018,PaymentsForRepurchaseOfCommonStock,False
101829,RAYTHEON TECHNOLOGIES CORPORATION,151000000.0,0000101829-22-000005,2019-12-31,,,,,,2019,PaymentsForRepurchaseOfCommonStock,False
101829,RAYTHEON TECHNOLOGIES CORPORATION,47000000.0,0000101829-23-000009,2020-12-31,,,,,,2020,PaymentsForRepurchaseOfCommonStock,False
101829,RTX Corporation,2327000000.0,0000101829-24-000008,2021-12-31,,,,,,2021,PaymentsForRepurchaseOfCommonStock,False
101829,RTX CORPORATION,2803000000.0,0000101829-25-000005,2022-12-31,,,,,,2022,PaymentsForRepurchaseOfCommonStock,False
101829,RTX Corporation,12870000000.0,0000101829-26-000006,2023-12-31,,,,,,2023,PaymentsForRepurchaseOfCommonStock,False
101829,RTX Corporation,444000000.0,0000101829-26-000006,2024-12-31,,,,,,2024,PaymentsForRepurchaseOfCommonStock,False
101829,RTX Corporation,50000000.0,0000101829-26-000006,2025-12-31,,,,,,2025,PaymentsForRepurchaseOfCommonStock,False
104169,Walmart Inc.,4112000000.0,0000104169-18-000028,2016-01-31,,,,,,2015,PaymentsForRepurchaseOfCommonStock,False
104169,Walmart Inc.,8298000000.0,0000104169-19-000016,2017-01-31,,,,,,2016,PaymentsForRepurchaseOfCommonStock,False
104169,Walmart Inc.,8296000000.0,0000104169-20-000011,2018-01-31,,,,,,2017,PaymentsForRepurchaseOfCommonStock,False
104169,Walmart Inc.,7410000000.0,0000104169-21-000033,2019-01-31,,,,,,2018,PaymentsForRepurchaseOfCommonStock,False
104169,WALMART INC.,5717000000.0,0000104169-22-000012,2020-01-31,,,,,,2019,PaymentsForRepurchaseOfCommonStock,False
104169,WALMART INC.,2625000000.0,0000104169-23-000020,2021-01-31,,,,,,2020,PaymentsForRepurchaseOfCommonStock,False
104169,WALMART INC.,9787000000.0,0000104169-24-000056,2022-01-31,,,,,,2021,PaymentsForRepurchaseOfCommonStock,False
104169,WALMART INC.,9920000000.0,0000104169-25-000021,2023-01-31,,,,,,2022,PaymentsForRepurchaseOfCommonStock,False
104169,Walmart Inc.,2779000000.0,0000104169-26-000055,2024-01-31,,,,,,2023,PaymentsForRepurchaseOfCommonStock,False
104169,Walmart Inc.,4494000000.0,0000104169-26-000055,2025-01-31,,,,,,2024,PaymentsForRepurchaseOfCommonStock,False
104169,Walmart Inc.,8088000000.0,0000104169-26-000055,2026-01-31,,,,,,2025,PaymentsForRepurchaseOfCommonStock,False
105634,"EMCOR Group, Inc.",104330000.0,0000105634-18-000045,2015-12-31,,,,,,2015,PaymentsForRepurchaseOfCommonStock,False
105634,"EMCOR Group, Inc.",94221000.0,0000105634-19-000044,2016-12-31,,,,,,2016,PaymentsForRepurchaseOfCommonStock,False
105634,"EMCOR Group, Inc.",93166000.0,0000105634-20-000043,2017-12-31,,,,,,2017,PaymentsForRepurchaseOfCommonStock,False
105634,"EMCOR Group, Inc.",216244000.0,0000105634-21-000044,2018-12-31,,,,,,2018,PaymentsForRepurchaseOfCommonStock,False
105634,"EMCOR Group, Inc.",0.0,0000105634-22-000006,2019-12-31,,,,,,2019,PaymentsForRepurchaseOfCommonStock,False
105634,"EMCOR Group, Inc.",112553000.0,0000105634-23-000005,2020-12-31,,,,,,2020,PaymentsForRepurchaseOfCommonStock,False
105634,"EMCOR Group, Inc.",195546000.0,0000105634-24-000006,2021-12-31,,,,,,2021,PaymentsForRepurchaseOfCommonStock,False
105634,"EMCOR Group, Inc.",660609000.0,0000105634-25-000015,2022-12-31,,,,,,2022,PaymentsForRepurchaseOfCommonStock,False
105634,"EMCOR Group, Inc.",127713000.0,0000105634-26-000025,2023-12-31,,,,,,2023,PaymentsForRepurchaseOfCommonStock,False
105634,"EMCOR Group, Inc.",489820000.0,0000105634-26-000025,2024-12-31,,,,,,2024,PaymentsForRepurchaseOfCommonStock,False
105634,"EMCOR Group, Inc.",586258000.0,0000105634-26-000025,2025-12-31,,,,,,2025,PaymentsForRepurchaseOfCommonStock,False
105770,"WEST PHARMACEUTICAL SERVICES, INC.",0.0,0000105770-18-000006,2015-12-31,,,,,,2015,PaymentsForRepurchaseOfCommonStock,False
105770,"WEST PHARMACEUTICAL SERVICES, INC.",52200000.0,0000105770-19-000012,2016-12-31,,,,,,2016,PaymentsForRepurchaseOfCommonStock,False
105770,"WEST PHARMACEUTICAL SERVICES, INC.",74400000.0,0000105770-20-000015,2017-12-31,,,,,,2017,PaymentsForRepurchaseOfCommonStock,False
105770,"WEST PHARMACEUTICAL SERVICES, INC.",70800000.0,0000105770-21-000008,2018-12-31,,,,,,2018,PaymentsForRepurchaseOfCommonStock,False
105770,"WEST PHARMACEUTICAL SERVICES, INC.",83100000.0,0001628280-22-003342,2019-12-31,,,,,,2019,PaymentsForRepurchaseOfCommonStock,False
105770,"WEST PHARMACEUTICAL SERVICES, INC.",115500000.0,0000105770-23-000012,2020-12-31,,,,,,2020,PaymentsForRepurchaseOfCommonStock,False
105770,"WEST PHARMACEUTICAL SERVICES, INC.",137100000.0,0000105770-24-000015,2021-12-31,,,,,,2021,PaymentsForRepurchaseOfCommonStock,False
105770,"WEST PHARMACEUTICAL SERVICES, INC.",202800000.0,0000105770-25-000013,2022-12-31,,,,,,2022,PaymentsForRepurchaseOfCommonStock,False
105770,"WEST PHARMACEUTICAL SERVICES, INC.",438300000.0,0000105770-26-000010,2023-12-31,,,,,,2023,PaymentsForRepurchaseOfCommonStock,False
105770,"WEST PHARMACEUTICAL SERVICES, INC.",560900000.0,0000105770-26-000010,2024-12-31,,,,,,2024,PaymentsForRepurchaseOfCommonStock,False
105770,"WEST PHARMACEUTICAL SERVICES, INC.",134000000.0,0000105770-26-000010,2025-12-31,,,,,,2025,PaymentsForRepurchaseOfCommonStock,False
106040,WESTERN DIGITAL CORP,970000000.0,0000106040-17-000027,2015-07-03,,,,,,2015,PaymentsForRepurchaseOfCommonStock,False
106040,WESTERN DIGITAL CORP,60000000.0,0000106040-18-000029,2016-07-01,,,,,,2016,PaymentsForRepurchaseOfCommonStock,False
106040,WESTERN DIGITAL CORP,591000000.0,0000106040-20-000049,2018-06-29,,,,,,2017,PaymentsForRepurchaseOfCommonStock,False
106040,WESTERN DIGITAL CORP,563000000.0,0000106040-21-000040,2019-06-28,,,,,,2018,PaymentsForRepurchaseOfCommonStock,False
106040,WESTERN DIGITAL CORP,0.0,0000106040-21-000040,2020-07-03,,,,,,2020,PaymentsForRepurchaseOfCommonStock,False
106040,WESTERN DIGITAL CORP,0.0,0000106040-21-000040,2021-07-02,,,,,,2021,PaymentsForRepurchaseOfCommonStock,False
106040,WESTERN DIGITAL CORPORATION,0.0,0001628280-26-057139,2024-06-28,,,,,,2023,PaymentsForRepurchaseOfCommonStock,False
106040,WESTERN DIGITAL CORPORATION,149000000.0,0001628280-26-057139,2025-06-27,,,,,,2024,PaymentsForRepurchaseOfCommonStock,False
106040,WESTERN DIGITAL CORPORATION,2592000000.0,0001628280-26-057139,2026-07-03,,,,,,2026,PaymentsForRepurchaseOfCommonStock,False
106535,WEYERHAEUSER COMPANY,518000000.0,0000106535-18-000013,2015-12-31,,,,,,2015,PaymentsForRepurchaseOfCommonStock,False
106535,WEYERHAEUSER COMPANY,2003000000.0,0000106535-19-000014,2016-12-31,,,,,,2016,PaymentsForRepurchaseOfCommonStock,False
106535,WEYERHAEUSER COMPANY,0.0,0001564590-20-004822,2017-12-31,,,,,,2017,PaymentsForRepurchaseOfCommonStock,False
106535,WEYERHAEUSER COMPANY,366000000.0,0001564590-21-006960,2018-12-31,,,,,,2018,PaymentsForRepurchaseOfCommonStock,False
106535,WEYERHAEUSER COMPANY,60000000.0,0001564590-22-005707,2019-12-31,,,,,,2019,PaymentsForRepurchaseOfCommonStock,False
106535,WEYERHAEUSER COMPANY,0.0,0000950170-23-003217,2020-12-31,,,,,,2020,PaymentsForRepurchaseOfCommonStock,False
106535,WEYERHAEUSER COMPANY,100000000.0,0000950170-24-016434,2021-12-31,,,,,,2021,PaymentsForRepurchaseOfCommonStock,False
106535,WEYERHAEUSER COMPANY,543000000.0,0000950170-25-021254,2022-12-31,,,,,,2022,PaymentsForRepurchaseOfCommonStock,False
106535,WEYERHAEUSER COMPANY,131000000.0,0001193125-26-051422,2023-12-31,,,,,,2023,PaymentsForRepurchaseOfCommonStock,False
106535,WEYERHAEUSER COMPANY,154000000.0,0001193125-26-051422,2024-12-31,,,,,,2024,PaymentsForRepurchaseOfCommonStock,False
106535,WEYERHAEUSER COMPANY,160000000.0,0001193125-26-051422,2025-12-31,,,,,,2025,PaymentsForRepurchaseOfCommonStock,False
107263,"Williams Companies, Inc.",0.0,0000107263-24-000019,2021-12-31,,,,,,2021,PaymentsForRepurchaseOfCommonStock,False
107263,"Williams Companies, Inc.",9000000.0,0000107263-25-000031,2022-12-31,,,,,,2022,PaymentsForRepurchaseOfCommonStock,False
107263,"Williams Companies, Inc.",130000000.0,0000107263-26-000006,2023-12-31,,,,,,2023,PaymentsForRepurchaseOfCommonStock,False
107263,"Williams Companies, Inc.",0.0,0000107263-26-000006,2024-12-31,,,,,,2024,PaymentsForRepurchaseOfCommonStock,False
107263,"Williams Companies, Inc.",0.0,0000107263-26-000006,2025-12-31,,,,,,2025,PaymentsForRepurchaseOfCommonStock,False
109198,"THE TJX COMPANIES, INC.",1828297000.0,0001193125-18-107423,2016-01-30,,,,,,2015,PaymentsForRepurchaseOfCommonStock,False
109198,"THE TJX COMPANIES, INC.",1699998000.0,0001628280-19-003834,2017-01-28,,,,,,2016,PaymentsForRepurchaseOfCommonStock,False
109198,"THE TJX COMPANIES, INC.",1644581000.0,0000109198-20-000004,2018-02-03,,,,,,2017,PaymentsForRepurchaseOfCommonStock,False
109198,"THE TJX COMPANIES, INC.",2406997000.0,0000109198-21-000006,2019-02-02,,,,,,2018,PaymentsForRepurchaseOfCommonStock,False
109198,"The TJX Companies, Inc.",1551992000.0,0000109198-22-000008,2020-02-01,,,,,,2019,PaymentsForRepurchaseOfCommonStock,False
109198,"The TJX Companies, Inc.",202000000.0,0000109198-23-000004,2021-01-30,,,,,,2020,PaymentsForRepurchaseOfCommonStock,False
109198,"The TJX Companies, Inc.",2176000000.0,0000109198-24-000014,2022-01-29,,,,,,2021,PaymentsForRepurchaseOfCommonStock,False
109198,"The TJX Companies, Inc.",2255000000.0,0000109198-25-000010,2023-01-28,,,,,,2022,PaymentsForRepurchaseOfCommonStock,False
109198,"The TJX Companies, Inc.",2484000000.0,0000109198-26-000008,2024-02-03,,,,,,2023,PaymentsForRepurchaseOfCommonStock,False
109198,"The TJX Companies, Inc.",2513000000.0,0000109198-26-000008,2025-02-01,,,,,,2024,PaymentsForRepurchaseOfCommonStock,False
109198,"The TJX Companies, Inc.",2522000000.0,0000109198-26-000008,2026-01-31,,,,,,2025,PaymentsForRepurchaseOfCommonStock,False
200406,Johnson & Johnson,5290000000.0,0000200406-18-000005,2016-01-03,,,,,,2015,PaymentsForRepurchaseOfCommonStock,False
200406,Johnson & Johnson,8979000000.0,0000200406-19-000009,2017-01-01,,,,,,2016,PaymentsForRepurchaseOfCommonStock,False
200406,Johnson & Johnson,6358000000.0,0000200406-20-000010,2017-12-31,,,,,,2017,PaymentsForRepurchaseOfCommonStock,False
200406,Johnson & Johnson,5868000000.0,0000200406-21-000008,2018-12-30,,,,,,2018,PaymentsForRepurchaseOfCommonStock,False
200406,JOHNSON & JOHNSON,6746000000.0,0000200406-22-000022,2019-12-29,,,,,,2019,PaymentsForRepurchaseOfCommonStock,False
200406,JOHNSON & JOHNSON,3221000000.0,0000200406-23-000016,2021-01-03,,,,,,2020,PaymentsForRepurchaseOfCommonStock,False
200406,Johnson & Johnson,3456000000.0,0000200406-24-000013,2022-01-02,,,,,,2021,PaymentsForRepurchaseOfCommonStock,False
200406,Johnson & Johnson,6035000000.0,0000200406-25-000038,2023-01-01,,,,,,2022,PaymentsForRepurchaseOfCommonStock,False
200406,Johnson & Johnson,5054000000.0,0000200406-26-000016,2023-12-31,,,,,,2023,PaymentsForRepurchaseOfCommonStock,False
200406,Johnson & Johnson,2432000000.0,0000200406-26-000016,2024-12-29,,,,,,2024,PaymentsForRepurchaseOfCommonStock,False
200406,Johnson & Johnson,5953000000.0,0000200406-26-000016,2025-12-28,,,,,,2025,PaymentsForRepurchaseOfCommonStock,False
202058,"L3HARRIS TECHNOLOGIES, INC.",150000000.0,0000202058-17-000037,2015-07-03,,,,,,2015,PaymentsForRepurchaseOfCommonStock,False
202058,"L3HARRIS TECHNOLOGIES, INC.",0.0,0000202058-18-000063,2016-07-01,,,,,,2016,PaymentsForRepurchaseOfCommonStock,False
202058,"L3HARRIS TECHNOLOGIES, INC.",272000000.0,0000202058-21-000008,2018-06-29,,,,,,2017,PaymentsForRepurchaseOfCommonStock,False
202058,"L3HARRIS TECHNOLOGIES, INC.",200000000.0,0000202058-22-000015,2019-06-28,,,,,,2018,PaymentsForRepurchaseOfCommonStock,False
202058,"L3HARRIS TECHNOLOGIES, INC.",2290000000.0,0000202058-23-000014,2021-01-01,,,,,,2020,PaymentsForRepurchaseOfCommonStock,False
202058,"L3HARRIS TECHNOLOGIES, INC.",3675000000.0,0000202058-24-000029,2021-12-31,,,,,,2021,PaymentsForRepurchaseOfCommonStock,False
202058,"L3HARRIS TECHNOLOGIES, INC.",1083000000.0,0000202058-25-000023,2022-12-30,,,,,,2022,PaymentsForRepurchaseOfCommonStock,False
202058,"L3HARRIS TECHNOLOGIES, INC.",518000000.0,0000202058-26-000015,2023-12-29,,,,,,2023,PaymentsForRepurchaseOfCommonStock,False
202058,"L3HARRIS TECHNOLOGIES, INC.",554000000.0,0000202058-26-000015,2025-01-03,,,,,,2024,PaymentsForRepurchaseOfCommonStock,False
202058,"L3HARRIS TECHNOLOGIES, INC.",1154000000.0,0000202058-26-000015,2026-01-02,,,,,,2025,PaymentsForRepurchaseOfCommonStock,False
217346,TEXTRON INC.,219000000.0,0001104659-18-009905,2016-01-02,,,,,,2015,PaymentsForRepurchaseOfCommonStock,False
217346,TEXTRON INC.,241000000.0,0001104659-19-008151,2016-12-31,,,,,,2016,PaymentsForRepurchaseOfCommonStock,False
217346,TEXTRON INC.,582000000.0,0001104659-20-024773,2017-12-30,,,,,,2017,PaymentsForRepurchaseOfCommonStock,False
217346,TEXTRON INC.,1783000000.0,0000217346-21-000019,2018-12-29,,,,,,2018,PaymentsForRepurchaseOfCommonStock,False
217346,Textron Inc.,503000000.0,0000217346-22-000005,2020-01-04,,,,,,2019,PaymentsForRepurchaseOfCommonStock,False
217346,Textron Inc.,183000000.0,0000217346-23-000006,2021-01-02,,,,,,2020,PaymentsForRepurchaseOfCommonStock,False
217346,Textron Inc.,921000000.0,0000217346-24-000017,2022-01-01,,,,,,2021,PaymentsForRepurchaseOfCommonStock,False
217346,Textron Inc.,867000000.0,0000217346-25-000017,2022-12-31,,,,,,2022,PaymentsForRepurchaseOfCommonStock,False
217346,Textron Inc.,1168000000.0,0000217346-26-000006,2023-12-30,,,,,,2023,PaymentsForRepurchaseOfCommonStock,False
217346,Textron Inc.,1122000000.0,0000217346-26-000006,2024-12-28,,,,,,2024,PaymentsForRepurchaseOfCommonStock,False
217346,Textron Inc.,822000000.0,0000217346-26-000006,2026-01-03,,,,,,2025,PaymentsForRepurchaseOfCommonStock,False
277135,"W.W. Grainger, Inc.",1400071000.0,0000277135-18-000007,2015-12-31,,,,,,2015,PaymentsForRepurchaseOfCommonStock,False
277135,"W.W. Grainger, Inc.",790000000.0,0000277135-19-000010,2016-12-31,,,,,,2016,PaymentsForRepurchaseOfCommonStock,False
277135,"W.W. Grainger, Inc.",605000000.0,0000277135-20-000007,2017-12-31,,,,,,2017,PaymentsForRepurchaseOfCommonStock,False
277135,"W.W. Grainger, Inc.",425000000.0,0000277135-21-000007,2018-12-31,,,,,,2018,PaymentsForRepurchaseOfCommonStock,False
277135,"W.W. Grainger, Inc.",700000000.0,0000277135-22-000012,2019-12-31,,,,,,2019,PaymentsForRepurchaseOfCommonStock,False
277135,"W.W. Grainger, Inc.",601000000.0,0000277135-23-000014,2020-12-31,,,,,,2020,PaymentsForRepurchaseOfCommonStock,False
277135,"W.W. Grainger, Inc.",695000000.0,0000277135-24-000011,2021-12-31,,,,,,2021,PaymentsForRepurchaseOfCommonStock,False
277135,"W.W. Grainger, Inc.",603000000.0,0000277135-25-000010,2022-12-31,,,,,,2022,PaymentsForRepurchaseOfCommonStock,False
277135,"W.W. Grainger, Inc.",850000000.0,0000277135-26-000011,2023-12-31,,,,,,2023,PaymentsForRepurchaseOfCommonStock,False
277135,"W.W. Grainger, Inc.",1201000000.0,0000277135-26-000011,2024-12-31,,,,,,2024,PaymentsForRepurchaseOfCommonStock,False
277135,"W.W. Grainger, Inc.",1045000000.0,0000277135-26-000011,2025-12-31,,,,,,2025,PaymentsForRepurchaseOfCommonStock,False
277948,CSX CORPORATION,804000000.0,0000277948-18-000009,2015-12-25,,,,,,2015,PaymentsForRepurchaseOfCommonStock,False
277948,CSX CORPORATION,1056000000.0,0000277948-19-000011,2016-12-30,,,,,,2016,PaymentsForRepurchaseOfCommonStock,False
277948,CSX CORPORATION,1970000000.0,0000277948-20-000008,2017-12-31,,,,,,2017,PaymentsForRepurchaseOfCommonStock,False
277948,CSX CORPORATION,4671000000.0,0000277948-21-000014,2018-12-31,,,,,,2018,PaymentsForRepurchaseOfCommonStock,False
277948,CSX CORPORATION,3373000000.0,0000277948-22-000009,2019-12-31,,,,,,2019,PaymentsForRepurchaseOfCommonStock,False
277948,CSX CORPORATION,867000000.0,0000277948-23-000006,2020-12-31,,,,,,2020,PaymentsForRepurchaseOfCommonStock,False
277948,CSX CORPORATION,2886000000.0,0000277948-24-000010,2021-12-31,,,,,,2021,PaymentsForRepurchaseOfCommonStock,False
277948,CSX CORPORATION,4731000000.0,0000277948-25-000008,2022-12-31,,,,,,2022,PaymentsForRepurchaseOfCommonStock,False
277948,CSX CORPORATION,3482000000.0,0000277948-26-000006,2023-12-31,,,,,,2023,PaymentsForRepurchaseOfCommonStock,False
277948,CSX CORPORATION,2237000000.0,0000277948-26-000006,2024-12-31,,,,,,2024,PaymentsForRepurchaseOfCommonStock,False
277948,CSX CORPORATION,1396000000.0,0000277948-26-000006,2025-12-31,,,,,,2025,PaymentsForRepurchaseOfCommonStock,False
310158,"Merck & Co., Inc.",4186000000.0,0000310158-18-000005,2015-12-31,,,,,,2015,PaymentsForRepurchaseOfCommonStock,False
310158,"Merck & Co., Inc.",3434000000.0,0000310158-19-000014,2016-12-31,,,,,,2016,PaymentsForRepurchaseOfCommonStock,False
310158,"Merck & Co., Inc.",4014000000.0,0000310158-20-000005,2017-12-31,,,,,,2017,PaymentsForRepurchaseOfCommonStock,False
310158,"Merck & Co., Inc.",9091000000.0,0000310158-21-000004,2018-12-31,,,,,,2018,PaymentsForRepurchaseOfCommonStock,False
310158,"Merck & Co., Inc.",4780000000.0,0000310158-22-000003,2019-12-31,,,,,,2019,PaymentsForRepurchaseOfCommonStock,False
310158,"Merck & Co., Inc.",1281000000.0,0001628280-23-005061,2020-12-31,,,,,,2020,PaymentsForRepurchaseOfCommonStock,False
310158,"Merck & Co., Inc.",840000000.0,0001628280-24-006850,2021-12-31,,,,,,2021,PaymentsForRepurchaseOfCommonStock,False
310158,"Merck & Co., Inc.",0.0,0001628280-25-007732,2022-12-31,,,,,,2022,PaymentsForRepurchaseOfCommonStock,False
310158,"Merck & Co., Inc.",1346000000.0,0000310158-26-000063,2023-12-31,,,,,,2023,PaymentsForRepurchaseOfCommonStock,False
310158,"Merck & Co., Inc.",1306000000.0,0000310158-26-000063,2024-12-31,,,,,,2024,PaymentsForRepurchaseOfCommonStock,False
310158,"Merck & Co., Inc.",5084000000.0,0000310158-26-000063,2025-12-31,,,,,,2025,PaymentsForRepurchaseOfCommonStock,False
310764,STRYKER CORP,700000000.0,0000310764-18-000031,2015-12-31,,,,,,2015,PaymentsForRepurchaseOfCommonStock,False
310764,STRYKER CORP,13000000.0,0000310764-19-000014,2016-12-31,,,,,,2016,PaymentsForRepurchaseOfCommonStock,False
310764,STRYKER CORP,230000000.0,0000310764-20-000014,2017-12-31,,,,,,2017,PaymentsForRepurchaseOfCommonStock,False
310764,STRYKER CORP,300000000.0,0000310764-21-000027,2018-12-31,,,,,,2018,PaymentsForRepurchaseOfCommonStock,False
310764,STRYKER CORP,307000000.0,0000310764-22-000028,2019-12-31,,,,,,2019,PaymentsForRepurchaseOfCommonStock,False
310764,STRYKER CORP,0.0,0000310764-22-000028,2020-12-31,,,,,,2020,PaymentsForRepurchaseOfCommonStock,False
310764,STRYKER CORP,0.0,0000310764-22-000028,2021-12-31,,,,,,2021,PaymentsForRepurchaseOfCommonStock,False
313616,DANAHER CORPORATION,0.0,0000313616-25-000043,2022-12-31,,,,,,2022,PaymentsForRepurchaseOfCommonStock,False
313616,DANAHER CORPORATION,0.0,0000313616-26-000062,2023-12-31,,,,,,2023,PaymentsForRepurchaseOfCommonStock,False
313616,DANAHER CORPORATION,5979000000.0,0000313616-26-000062,2024-12-31,,,,,,2024,PaymentsForRepurchaseOfCommonStock,False
313616,DANAHER CORPORATION,3088000000.0,0000313616-26-000062,2025-12-31,,,,,,2025,PaymentsForRepurchaseOfCommonStock,False
313927,CHURCH & DWIGHT CO INC /DE/,363100000.0,0001564590-18-002984,2015-12-31,,,,,,2015,PaymentsForRepurchaseOfCommonStock,False
313927,CHURCH & DWIGHT CO INC /DE/,400000000.0,0001564590-19-003587,2016-12-31,,,,,,2016,PaymentsForRepurchaseOfCommonStock,False
313927,CHURCH & DWIGHT CO INC /DE/,400000000.0,0001564590-20-004956,2017-12-31,,,,,,2017,PaymentsForRepurchaseOfCommonStock,False
313927,CHURCH & DWIGHT CO INC /DE/,200000000.0,0001564590-21-006669,2018-12-31,,,,,,2018,PaymentsForRepurchaseOfCommonStock,False
313927,"CHURCH & DWIGHT CO., INC.",250000000.0,0001564590-22-005528,2019-12-31,,,,,,2019,PaymentsForRepurchaseOfCommonStock,False
313927,"CHURCH & DWIGHT CO., INC.",300000000.0,0000950170-23-003066,2020-12-31,,,,,,2020,PaymentsForRepurchaseOfCommonStock,False
313927,"CHURCH & DWIGHT CO., INC.",500000000.0,0000950170-24-015810,2021-12-31,,,,,,2021,PaymentsForRepurchaseOfCommonStock,False
313927,"CHURCH & DWIGHT CO., INC.",0.0,0000950170-25-019801,2022-12-31,,,,,,2022,PaymentsForRepurchaseOfCommonStock,False
313927,"CHURCH & DWIGHT CO., INC.",300100000.0,0001193125-26-048139,2023-12-31,,,,,,2023,PaymentsForRepurchaseOfCommonStock,False
313927,"CHURCH & DWIGHT CO., INC.",0.0,0001193125-26-048139,2024-12-31,,,,,,2024,PaymentsForRepurchaseOfCommonStock,False
313927,"CHURCH & DWIGHT CO., INC.",900000000.0,0001193125-26-048139,2025-12-31,,,,,,2025,PaymentsForRepurchaseOfCommonStock,False
315189,DEERE & CO,2770700000.0,0001047469-17-007719,2015-11-01,,,,,,2015,PaymentsForRepurchaseOfCommonStock,False
315189,DEERE & CO,205400000.0,0001047469-16-017244,2016-10-31,,,,,,2016,PaymentsForRepurchaseOfCommonStock,False
315189,DEERE & CO,6000000.0,0001558370-19-011614,2017-10-29,,,,,,2017,PaymentsForRepurchaseOfCommonStock,False
315189,DEERE & CO,958000000.0,0001558370-20-014436,2018-10-28,,,,,,2018,PaymentsForRepurchaseOfCommonStock,False
315189,DEERE & CO,1253000000.0,0001558370-21-016864,2019-11-03,,,,,,2019,PaymentsForRepurchaseOfCommonStock,False
315189,DEERE & CO,750000000.0,0001558370-22-018703,2020-11-01,,,,,,2020,PaymentsForRepurchaseOfCommonStock,False
315189,DEERE & CO,2538000000.0,0001558370-23-019812,2021-10-31,,,,,,2021,PaymentsForRepurchaseOfCommonStock,False
315189,DEERE & CO,3597000000.0,0001558370-24-016169,2022-10-30,,,,,,2022,PaymentsForRepurchaseOfCommonStock,False
315189,DEERE & CO,7216000000.0,0001104659-25-122321,2023-10-29,,,,,,2023,PaymentsForRepurchaseOfCommonStock,False
315189,DEERE & CO,4007000000.0,0001104659-25-122321,2024-10-27,,,,,,2024,PaymentsForRepurchaseOfCommonStock,False
315189,DEERE & CO,1138000000.0,0001104659-25-122321,2025-11-02,,,,,,2025,PaymentsForRepurchaseOfCommonStock,False
315293,Aon plc,1550000000.0,0001628280-18-001923,2015-12-31,,,,,,2015,PaymentsForRepurchaseOfCommonStock,False
315293,Aon plc,1257000000.0,0001628280-18-001923,2016-12-31,,,,,,2016,PaymentsForRepurchaseOfCommonStock,False
315293,Aon plc,2399000000.0,0001628280-18-001923,2017-12-31,,,,,,2017,PaymentsForRepurchaseOfCommonStock,False
316709,SCHWAB CHARLES CORP,0.0,0000316709-19-000008,2016-12-31,,,,,,2016,PaymentsForRepurchaseOfCommonStock,False
316709,SCHWAB CHARLES CORP,0.0,0000316709-20-000012,2017-12-31,,,,,,2017,PaymentsForRepurchaseOfCommonStock,False
316709,SCHWAB CHARLES CORP,1000000000.0,0000316709-21-000012,2018-12-31,,,,,,2018,PaymentsForRepurchaseOfCommonStock,False
316709,SCHWAB CHARLES CORP,2220000000.0,0000316709-22-000009,2019-12-31,,,,,,2019,PaymentsForRepurchaseOfCommonStock,False
316709,SCHWAB CHARLES CORP,0.0,0000316709-23-000009,2020-12-31,,,,,,2020,PaymentsForRepurchaseOfCommonStock,False
316709,SCHWAB CHARLES CORP,0.0,0000316709-24-000018,2021-12-31,,,,,,2021,PaymentsForRepurchaseOfCommonStock,False
316709,SCHWAB CHARLES CORP,3395000000.0,0000316709-25-000010,2022-12-31,,,,,,2022,PaymentsForRepurchaseOfCommonStock,False
316709,SCHWAB CHARLES CORP,2842000000.0,0000316709-26-000009,2023-12-31,,,,,,2023,PaymentsForRepurchaseOfCommonStock,False
316709,SCHWAB CHARLES CORP,0.0,0000316709-26-000009,2024-12-31,,,,,,2024,PaymentsForRepurchaseOfCommonStock,False
316709,SCHWAB CHARLES CORP,7346000000.0,0000316709-26-000009,2025-12-31,,,,,,2025,PaymentsForRepurchaseOfCommonStock,False
318154,Amgen Inc.,1867000000.0,0000318154-18-000004,2015-12-31,,,,,,2015,PaymentsForRepurchaseOfCommonStock,False
318154,Amgen Inc.,2965000000.0,0000318154-19-000008,2016-12-31,,,,,,2016,PaymentsForRepurchaseOfCommonStock,False
318154,Amgen Inc.,3160000000.0,0000318154-20-000017,2017-12-31,,,,,,2017,PaymentsForRepurchaseOfCommonStock,False
318154,Amgen Inc.,17794000000.0,0000318154-21-000010,2018-12-31,,,,,,2018,PaymentsForRepurchaseOfCommonStock,False
318154,Amgen Inc.,7702000000.0,0000318154-22-000010,2019-12-31,,,,,,2019,PaymentsForRepurchaseOfCommonStock,False
318154,Amgen Inc.,3486000000.0,0000318154-23-000017,2020-12-31,,,,,,2020,PaymentsForRepurchaseOfCommonStock,False
318154,Amgen Inc.,4975000000.0,0000318154-24-000011,2021-12-31,,,,,,2021,PaymentsForRepurchaseOfCommonStock,False
318154,Amgen Inc.,6360000000.0,0000318154-25-000010,2022-12-31,,,,,,2022,PaymentsForRepurchaseOfCommonStock,False
318154,Amgen Inc.,0.0,0000318154-26-000010,2023-12-31,,,,,,2023,PaymentsForRepurchaseOfCommonStock,False
318154,Amgen Inc.,200000000.0,0000318154-26-000010,2024-12-31,,,,,,2024,PaymentsForRepurchaseOfCommonStock,False
318154,Amgen Inc.,0.0,0000318154-26-000010,2025-12-31,,,,,,2025,PaymentsForRepurchaseOfCommonStock,False
319201,KLA CORPORATION,602888000.0,0000319201-17-000034,2015-06-30,,,,,,2015,PaymentsForRepurchaseOfCommonStock,False
319201,KLA CORPORATION,181711000.0,0000319201-18-000045,2016-06-30,,,,,,2016,PaymentsForRepurchaseOfCommonStock,False
319201,KLA CORPORATION,25002000.0,0000319201-19-000031,2017-06-30,,,,,,2017,PaymentsForRepurchaseOfCommonStock,False
319201,KLA CORPORATION,203169000.0,0000319201-20-000047,2018-06-30,,,,,,2018,PaymentsForRepurchaseOfCommonStock,False
319201,KLA CORPORATION,1095202000.0,0000319201-21-000029,2019-06-30,,,,,,2019,PaymentsForRepurchaseOfCommonStock,False
319201,KLA CORP,829084000.0,0000319201-22-000023,2020-06-30,,,,,,2020,PaymentsForRepurchaseOfCommonStock,False
319201,KLA CORP,938607000.0,0000319201-23-000031,2021-06-30,,,,,,2021,PaymentsForRepurchaseOfCommonStock,False
319201,KLA CORP,3967806000.0,0000319201-24-000021,2022-06-30,,,,,,2022,PaymentsForRepurchaseOfCommonStock,False
319201,KLA CORP,1311864000.0,0000319201-25-000024,2023-06-30,,,,,,2023,PaymentsForRepurchaseOfCommonStock,False
319201,KLA CORP,1735746000.0,0000319201-26-000027,2024-06-30,,,,,,2024,PaymentsForRepurchaseOfCommonStock,False
319201,KLA CORP,2149946000.0,0000319201-26-000027,2025-06-30,,,,,,2025,PaymentsForRepurchaseOfCommonStock,False
319201,KLA CORP,2289769000.0,0000319201-26-000027,2026-06-30,,,,,,2026,PaymentsForRepurchaseOfCommonStock,False
320187,"NIKE, Inc.",3238000000.0,0000320187-18-000142,2016-05-31,,,,,,2015,PaymentsForRepurchaseOfCommonStock,False
320187,"NIKE, Inc.",3223000000.0,0000320187-19-000051,2017-05-31,,,,,,2016,PaymentsForRepurchaseOfCommonStock,False
320187,"NIKE, Inc.",4254000000.0,0000320187-20-000047,2018-05-31,,,,,,2017,PaymentsForRepurchaseOfCommonStock,False
320187,"NIKE, Inc.",4286000000.0,0000320187-21-000028,2019-05-31,,,,,,2018,PaymentsForRepurchaseOfCommonStock,False
320187,"NIKE, Inc.",3067000000.0,0000320187-22-000038,2020-05-31,,,,,,2019,PaymentsForRepurchaseOfCommonStock,False
320187,"NIKE, Inc.",608000000.0,0000320187-23-000039,2021-05-31,,,,,,2020,PaymentsForRepurchaseOfCommonStock,False
320187,"NIKE, Inc.",4014000000.0,0000320187-24-000044,2022-05-31,,,,,,2021,PaymentsForRepurchaseOfCommonStock,False
320187,"NIKE, Inc.",5480000000.0,0000320187-25-000047,2023-05-31,,,,,,2022,PaymentsForRepurchaseOfCommonStock,False
320187,"NIKE, Inc.",4250000000.0,0000320187-26-000088,2024-05-31,,,,,,2023,PaymentsForRepurchaseOfCommonStock,False
320187,"NIKE, Inc.",2985000000.0,0000320187-26-000088,2025-05-31,,,,,,2024,PaymentsForRepurchaseOfCommonStock,False
320187,"NIKE, Inc.",146000000.0,0000320187-26-000088,2026-05-31,,,,,,2025,PaymentsForRepurchaseOfCommonStock,False
320193,Apple Inc.,35253000000.0,0000320193-17-000070,2015-09-26,,,,,,2015,PaymentsForRepurchaseOfCommonStock,False
320193,Apple Inc.,29722000000.0,0000320193-18-000145,2016-09-24,,,,,,2016,PaymentsForRepurchaseOfCommonStock,False
320193,Apple Inc.,32900000000.0,0000320193-19-000119,2017-09-30,,,,,,2017,PaymentsForRepurchaseOfCommonStock,False
320193,Apple Inc.,72738000000.0,0000320193-20-000096,2018-09-29,,,,,,2018,PaymentsForRepurchaseOfCommonStock,False
320193,Apple Inc.,66897000000.0,0000320193-21-000105,2019-09-28,,,,,,2019,PaymentsForRepurchaseOfCommonStock,False
320193,Apple Inc.,72358000000.0,0000320193-22-000108,2020-09-26,,,,,,2020,PaymentsForRepurchaseOfCommonStock,False
320193,Apple Inc.,85971000000.0,0000320193-23-000106,2021-09-25,,,,,,2021,PaymentsForRepurchaseOfCommonStock,False
320193,Apple Inc.,89402000000.0,0000320193-24-000123,2022-09-24,,,,,,2022,PaymentsForRepurchaseOfCommonStock,False
320193,Apple Inc.,77550000000.0,0000320193-25-000079,2023-09-30,,,,,,2023,PaymentsForRepurchaseOfCommonStock,False
320193,Apple Inc.,94949000000.0,0000320193-25-000079,2024-09-28,,,,,,2024,PaymentsForRepurchaseOfCommonStock,False
320193,Apple Inc.,90711000000.0,0000320193-25-000079,2025-09-27,,,,,,2025,PaymentsForRepurchaseOfCommonStock,False
320335,GLOBE LIFE INC.,418526000.0,0000320335-18-000006,2015-12-31,,,,,,2015,PaymentsForRepurchaseOfCommonStock,False
320335,GLOBE LIFE INC.,404784000.0,0000320335-19-000006,2016-12-31,,,,,,2016,PaymentsForRepurchaseOfCommonStock,False
320335,GLOBE LIFE INC.,412989000.0,0000320335-20-000008,2017-12-31,,,,,,2017,PaymentsForRepurchaseOfCommonStock,False
320335,GLOBE LIFE INC.,421749000.0,0000320335-21-000010,2018-12-31,,,,,,2018,PaymentsForRepurchaseOfCommonStock,False
320335,GLOBE LIFE INC.,459569000.0,0000320335-22-000006,2019-12-31,,,,,,2019,PaymentsForRepurchaseOfCommonStock,False
320335,GLOBE LIFE INC.,443866000.0,0000320335-23-000008,2020-12-31,,,,,,2020,PaymentsForRepurchaseOfCommonStock,False
320335,GLOBE LIFE INC.,541435000.0,0000320335-24-000006,2021-12-31,,,,,,2021,PaymentsForRepurchaseOfCommonStock,False
320335,GLOBE LIFE INC.,454638000.0,0000320335-25-000013,2022-12-31,,,,,,2022,PaymentsForRepurchaseOfCommonStock,False
320335,GLOBE LIFE INC.,511100000.0,0000320335-26-000090,2023-12-31,,,,,,2023,PaymentsForRepurchaseOfCommonStock,False
320335,GLOBE LIFE INC.,1002109000.0,0000320335-26-000090,2024-12-31,,,,,,2024,PaymentsForRepurchaseOfCommonStock,False
320335,GLOBE LIFE INC.,880983000.0,0000320335-26-000090,2025-12-31,,,,,,2025,PaymentsForRepurchaseOfCommonStock,False
352915,"UNIVERSAL HEALTH SERVICES, INC.",209782000.0,0001564590-18-003808,2015-12-31,,,,,,2015,PaymentsForRepurchaseOfCommonStock,False
352915,"UNIVERSAL HEALTH SERVICES, INC.",353380000.0,0001564590-19-004919,2016-12-31,,,,,,2016,PaymentsForRepurchaseOfCommonStock,False
352915,"UNIVERSAL HEALTH SERVICES, INC.",364401000.0,0001564590-20-006793,2017-12-31,,,,,,2017,PaymentsForRepurchaseOfCommonStock,False
352915,"UNIVERSAL HEALTH SERVICES, INC.",397425000.0,0001564590-21-008851,2018-12-31,,,,,,2018,PaymentsForRepurchaseOfCommonStock,False
352915,"UNIVERSAL HEALTH SERVICES, INC.",770504000.0,0001564590-22-006717,2019-12-31,,,,,,2019,PaymentsForRepurchaseOfCommonStock,False
352915,"UNIVERSAL HEALTH SERVICES, INC.",206719000.0,0000950170-23-004656,2020-12-31,,,,,,2020,PaymentsForRepurchaseOfCommonStock,False
352915,"UNIVERSAL HEALTH SERVICES, INC.",1220875000.0,0000950170-24-021175,2021-12-31,,,,,,2021,PaymentsForRepurchaseOfCommonStock,False
352915,"UNIVERSAL HEALTH SERVICES, INC.",832918000.0,0000950170-25-027785,2022-12-31,,,,,,2022,PaymentsForRepurchaseOfCommonStock,False
352915,"UNIVERSAL HEALTH SERVICES, INC.",547363000.0,0001193125-26-071676,2023-12-31,,,,,,2023,PaymentsForRepurchaseOfCommonStock,False
352915,"UNIVERSAL HEALTH SERVICES, INC.",670754000.0,0001193125-26-071676,2024-12-31,,,,,,2024,PaymentsForRepurchaseOfCommonStock,False
352915,"UNIVERSAL HEALTH SERVICES, INC.",967951000.0,0001193125-26-071676,2025-12-31,,,,,,2025,PaymentsForRepurchaseOfCommonStock,False
354190,ARTHUR J. GALLAGHER & CO.,101000000.0,0001193125-19-032304,2016-12-31,,,,,,2016,PaymentsForRepurchaseOfCommonStock,False
354190,ARTHUR J. GALLAGHER & CO.,17700000.0,0001193125-20-028191,2017-12-31,,,,,,2017,PaymentsForRepurchaseOfCommonStock,False
354190,ARTHUR J. GALLAGHER & CO.,11300000.0,0001564590-21-004555,2018-12-31,,,,,,2018,PaymentsForRepurchaseOfCommonStock,False
354950,"HOME DEPOT, INC.",7000000000.0,0000354950-18-000019,2016-01-31,,,,,,2015,PaymentsForRepurchaseOfCommonStock,False
354950,"HOME DEPOT, INC.",6880000000.0,0000354950-19-000010,2017-01-29,,,,,,2016,PaymentsForRepurchaseOfCommonStock,False
354950,"HOME DEPOT, INC.",8000000000.0,0000354950-20-000015,2018-01-28,,,,,,2017,PaymentsForRepurchaseOfCommonStock,False
354950,"HOME DEPOT, INC.",9963000000.0,0000354950-21-000089,2019-02-03,,,,,,2018,PaymentsForRepurchaseOfCommonStock,False
354950,"HOME DEPOT, INC.",6965000000.0,0000354950-22-000070,2020-02-02,,,,,,2019,PaymentsForRepurchaseOfCommonStock,False
354950,"HOME DEPOT, INC.",791000000.0,0000354950-23-000059,2021-01-31,,,,,,2020,PaymentsForRepurchaseOfCommonStock,False
354950,"HOME DEPOT, INC.",14809000000.0,0000354950-24-000062,2022-01-30,,,,,,2021,PaymentsForRepurchaseOfCommonStock,False
354950,"HOME DEPOT, INC.",6696000000.0,0000354950-25-000085,2023-01-29,,,,,,2022,PaymentsForRepurchaseOfCommonStock,False
354950,"HOME DEPOT, INC.",7951000000.0,0001628280-26-019436,2024-01-28,,,,,,2023,PaymentsForRepurchaseOfCommonStock,False
354950,"HOME DEPOT, INC.",649000000.0,0001628280-26-019436,2025-02-02,,,,,,2024,PaymentsForRepurchaseOfCommonStock,False
354950,"HOME DEPOT, INC.",0.0,0001628280-26-019436,2026-02-01,,,,,,2025,PaymentsForRepurchaseOfCommonStock,False
702165,NORFOLK SOUTHERN CORPORATION,1075000000.0,0000702165-18-000011,2015-12-31,,,,,,2015,PaymentsForRepurchaseOfCommonStock,False
702165,NORFOLK SOUTHERN CORPORATION,803000000.0,0000702165-19-000012,2016-12-31,,,,,,2016,PaymentsForRepurchaseOfCommonStock,False
702165,NORFOLK SOUTHERN CORPORATION,1012000000.0,0000702165-20-000011,2017-12-31,,,,,,2017,PaymentsForRepurchaseOfCommonStock,False
702165,NORFOLK SOUTHERN CORPORATION,2781000000.0,0000702165-21-000006,2018-12-31,,,,,,2018,PaymentsForRepurchaseOfCommonStock,False
702165,NORFOLK SOUTHERN CORPORATION,2099000000.0,0000702165-22-000007,2019-12-31,,,,,,2019,PaymentsForRepurchaseOfCommonStock,False
702165,NORFOLK SOUTHERN CORPORATION,1439000000.0,0000702165-23-000010,2020-12-31,,,,,,2020,PaymentsForRepurchaseOfCommonStock,False
702165,NORFOLK SOUTHERN CORPORATION,3390000000.0,0000702165-24-000005,2021-12-31,,,,,,2021,PaymentsForRepurchaseOfCommonStock,False
702165,NORFOLK SOUTHERN CORPORATION,3110000000.0,0000702165-25-000008,2022-12-31,,,,,,2022,PaymentsForRepurchaseOfCommonStock,False
702165,NORFOLK SOUTHERN CORPORATION,622000000.0,0001628280-26-006268,2023-12-31,,,,,,2023,PaymentsForRepurchaseOfCommonStock,False
702165,NORFOLK SOUTHERN CORPORATION,0.0,0001628280-26-006268,2024-12-31,,,,,,2024,PaymentsForRepurchaseOfCommonStock,False
702165,NORFOLK SOUTHERN CORPORATION,534000000.0,0001628280-26-006268,2025-12-31,,,,,,2025,PaymentsForRepurchaseOfCommonStock,False
707549,LAM RESEARCH CORPORATION,158389000.0,0000707549-18-000115,2016-06-26,,,,,,2015,PaymentsForRepurchaseOfCommonStock,False
707549,LAM RESEARCH CORPORATION,811672000.0,0000707549-19-000124,2017-06-25,,,,,,2016,PaymentsForRepurchaseOfCommonStock,False
707549,LAM RESEARCH CORPORATION,2653249000.0,0000707549-20-000138,2018-06-24,,,,,,2017,PaymentsForRepurchaseOfCommonStock,False
707549,LAM RESEARCH CORPORATION,1369649000.0,0000707549-22-000107,2020-06-28,,,,,,2019,PaymentsForRepurchaseOfCommonStock,False
707549,LAM RESEARCH CORPORATION,2697704000.0,0000707549-23-000102,2021-06-27,,,,,,2020,PaymentsForRepurchaseOfCommonStock,False
707549,LAM RESEARCH CORPORATION,3865663000.0,0000707549-24-000106,2022-06-26,,,,,,2021,PaymentsForRepurchaseOfCommonStock,False
707549,LAM RESEARCH CORPORATION,2017012000.0,0000707549-25-000075,2023-06-25,,,,,,2022,PaymentsForRepurchaseOfCommonStock,False
707549,LAM RESEARCH CORPORATION,3422321000.0,0000707549-26-000037,2025-06-29,,,,,,2024,PaymentsForRepurchaseOfCommonStock,False
707549,LAM RESEARCH CORPORATION,3851343000.0,0000707549-26-000037,2026-06-28,,,,,,2025,PaymentsForRepurchaseOfCommonStock,False
711404,"The Cooper Companies, Inc.",67300000.0,0000711404-17-000044,2015-10-31,,,,,,2015,PaymentsForRepurchaseOfCommonStock,False
711404,"The Cooper Companies, Inc.",0.0,0000711404-18-000047,2016-10-31,,,,,,2016,PaymentsForRepurchaseOfCommonStock,False
711404,"The Cooper Companies, Inc.",55000000.0,0000711404-19-000051,2017-10-31,,,,,,2017,PaymentsForRepurchaseOfCommonStock,False
711404,"The Cooper Companies, Inc.",0.0,0000711404-20-000042,2018-10-31,,,,,,2018,PaymentsForRepurchaseOfCommonStock,False
711404,"COOPER COMPANIES, INC.",156100000.0,0000711404-21-000038,2019-10-31,,,,,,2019,PaymentsForRepurchaseOfCommonStock,False
711404,"THE COOPER COMPANIES, INC.",47800000.0,0000711404-22-000053,2020-10-31,,,,,,2020,PaymentsForRepurchaseOfCommonStock,False
711404,"THE COOPER COMPANIES, INC.",24800000.0,0000711404-23-000072,2021-10-31,,,,,,2021,PaymentsForRepurchaseOfCommonStock,False
711404,"THE COOPER COMPANIES, INC.",78500000.0,0000711404-24-000074,2022-10-31,,,,,,2022,PaymentsForRepurchaseOfCommonStock,False
711404,"THE COOPER COMPANIES, INC.",0.0,0001628280-25-055615,2023-10-31,,,,,,2023,PaymentsForRepurchaseOfCommonStock,False
711404,"THE COOPER COMPANIES, INC.",0.0,0001628280-25-055615,2024-10-31,,,,,,2024,PaymentsForRepurchaseOfCommonStock,False
711404,"THE COOPER COMPANIES, INC.",290100000.0,0001628280-25-055615,2025-10-31,,,,,,2025,PaymentsForRepurchaseOfCommonStock,False
713676,"PNC FINANCIAL SERVICES GROUP, INC.",2152000000.0,0000713676-18-000032,2015-12-31,,,,,,2015,PaymentsForRepurchaseOfCommonStock,False
713676,"PNC FINANCIAL SERVICES GROUP, INC.",2062000000.0,0000713676-19-000015,2016-12-31,,,,,,2016,PaymentsForRepurchaseOfCommonStock,False
713676,"PNC FINANCIAL SERVICES GROUP, INC.",2447000000.0,0000713676-20-000117,2017-12-31,,,,,,2017,PaymentsForRepurchaseOfCommonStock,False
713676,"PNC FINANCIAL SERVICES GROUP, INC.",2877000000.0,0000713676-21-000025,2018-12-31,,,,,,2018,PaymentsForRepurchaseOfCommonStock,False
713676,"PNC FINANCIAL SERVICES GROUP, INC",3578000000.0,0000713676-22-000019,2019-12-31,,,,,,2019,PaymentsForRepurchaseOfCommonStock,False
713676,"PNC FINANCIAL SERVICES GROUP, INC",1624000000.0,0000713676-23-000020,2020-12-31,,,,,,2020,PaymentsForRepurchaseOfCommonStock,False
713676,"PNC FINANCIAL SERVICES GROUP, INC",1079000000.0,0000713676-24-000028,2021-12-31,,,,,,2021,PaymentsForRepurchaseOfCommonStock,False
713676,"PNC FINANCIAL SERVICES GROUP, INC",3731000000.0,0000713676-25-000027,2022-12-31,,,,,,2022,PaymentsForRepurchaseOfCommonStock,False
713676,"PNC FINANCIAL SERVICES GROUP, INC",651000000.0,0000713676-26-000020,2023-12-31,,,,,,2023,PaymentsForRepurchaseOfCommonStock,False
713676,"PNC FINANCIAL SERVICES GROUP, INC",687000000.0,0000713676-26-000020,2024-12-31,,,,,,2024,PaymentsForRepurchaseOfCommonStock,False
713676,"PNC FINANCIAL SERVICES GROUP, INC",1338000000.0,0000713676-26-000020,2025-12-31,,,,,,2025,PaymentsForRepurchaseOfCommonStock,False
715957,"DOMINION ENERGY, INC.",3080000000.0,0000950170-23-061206,2020-12-31,,,,,,2020,PaymentsForRepurchaseOfCommonStock,False
719955,"Williams-Sonoma, Inc.",224995000.0,0001193125-18-102232,2016-01-31,,,,,,2015,PaymentsForRepurchaseOfCommonStock,False
719955,"Williams-Sonoma, Inc.",151272000.0,0001193125-19-097973,2017-01-29,,,,,,2016,PaymentsForRepurchaseOfCommonStock,False
719955,"Williams-Sonoma, Inc.",196179000.0,0001193125-20-088937,2018-01-28,,,,,,2017,PaymentsForRepurchaseOfCommonStock,False
719955,"Williams-Sonoma, Inc.",295304000.0,0001193125-21-100319,2019-02-03,,,,,,2018,PaymentsForRepurchaseOfCommonStock,False
719955,"WILLIAMS-SONOMA, INC.",148834000.0,0001628280-22-007494,2020-02-02,,,,,,2019,PaymentsForRepurchaseOfCommonStock,False
719955,"WILLIAMS-SONOMA, INC.",150000000.0,0001628280-23-009175,2021-01-31,,,,,,2020,PaymentsForRepurchaseOfCommonStock,False
719955,"WILLIAMS-SONOMA, INC.",899433000.0,0001628280-24-012221,2022-01-30,,,,,,2021,PaymentsForRepurchaseOfCommonStock,False
719955,"WILLIAMS-SONOMA, INC.",880038000.0,0001628280-25-015037,2023-01-29,,,,,,2022,PaymentsForRepurchaseOfCommonStock,False
719955,"WILLIAMS-SONOMA, INC.",313001000.0,0000719955-26-000059,2024-01-28,,,,,,2023,PaymentsForRepurchaseOfCommonStock,False
719955,"WILLIAMS-SONOMA, INC.",807477000.0,0000719955-26-000059,2025-02-02,,,,,,2024,PaymentsForRepurchaseOfCommonStock,False
719955,"WILLIAMS-SONOMA, INC.",853962000.0,0000719955-26-000059,2026-02-01,,,,,,2025,PaymentsForRepurchaseOfCommonStock,False
720005,"RAYMOND JAMES FINANCIAL, INC.",88542000.0,0000720005-17-000089,2015-09-30,,,,,,2015,PaymentsForRepurchaseOfCommonStock,False
720005,"RAYMOND JAMES FINANCIAL, INC.",162502000.0,0000720005-18-000083,2016-09-30,,,,,,2016,PaymentsForRepurchaseOfCommonStock,False
720005,"RAYMOND JAMES FINANCIAL, INC.",34000000.0,0000720005-19-000086,2017-09-30,,,,,,2017,PaymentsForRepurchaseOfCommonStock,False
720005,"RAYMOND JAMES FINANCIAL, INC.",62000000.0,0000720005-20-000063,2018-09-30,,,,,,2018,PaymentsForRepurchaseOfCommonStock,False
720005,"RAYMOND JAMES FINANCIAL, INC.",778000000.0,0000720005-21-000106,2019-09-30,,,,,,2019,PaymentsForRepurchaseOfCommonStock,False
720005,"RAYMOND JAMES FINANCIAL, INC.",272000000.0,0000720005-21-000106,2020-09-30,,,,,,2020,PaymentsForRepurchaseOfCommonStock,False
720005,"RAYMOND JAMES FINANCIAL, INC.",128000000.0,0000720005-21-000106,2021-09-30,,,,,,2021,PaymentsForRepurchaseOfCommonStock,False
721371,"Cardinal Health, Inc.",1036000000.0,0000721371-17-000083,2015-06-30,,,,,,2015,PaymentsForRepurchaseOfCommonStock,False
721371,"Cardinal Health, Inc.",651000000.0,0000721371-18-000077,2016-06-30,,,,,,2016,PaymentsForRepurchaseOfCommonStock,False
721371,"Cardinal Health, Inc.",600000000.0,0000721371-19-000090,2017-06-30,,,,,,2017,PaymentsForRepurchaseOfCommonStock,False
721371,"Cardinal Health, Inc.",550000000.0,0000721371-20-000089,2018-06-30,,,,,,2018,PaymentsForRepurchaseOfCommonStock,False
721371,"Cardinal Health, Inc.",600000000.0,0000721371-21-000080,2019-06-30,,,,,,2019,PaymentsForRepurchaseOfCommonStock,False
721371,"Cardinal Health, Inc.",350000000.0,0000721371-22-000058,2020-06-30,,,,,,2020,PaymentsForRepurchaseOfCommonStock,False
721371,"Cardinal Health, Inc.",200000000.0,0000721371-23-000060,2021-06-30,,,,,,2021,PaymentsForRepurchaseOfCommonStock,False
721371,"Cardinal Health, Inc.",1000000000.0,0000721371-24-000056,2022-06-30,,,,,,2022,PaymentsForRepurchaseOfCommonStock,False
721371,"Cardinal Health, Inc.",2000000000.0,0000721371-25-000079,2023-06-30,,,,,,2023,PaymentsForRepurchaseOfCommonStock,False
721371,"Cardinal Health, Inc.",750000000.0,0000721371-26-000038,2024-06-30,,,,,,2024,PaymentsForRepurchaseOfCommonStock,False
721371,"Cardinal Health, Inc.",765000000.0,0000721371-26-000038,2025-06-30,,,,,,2025,PaymentsForRepurchaseOfCommonStock,False
721371,"Cardinal Health, Inc.",1358000000.0,0000721371-26-000038,2026-06-30,,,,,,2026,PaymentsForRepurchaseOfCommonStock,False
723125,"Micron Technology, Inc.",884000000.0,0000723125-17-000131,2015-09-03,,,,,,2015,PaymentsForRepurchaseOfCommonStock,False
723125,"Micron Technology, Inc.",148000000.0,0000723125-17-000131,2016-09-01,,,,,,2016,PaymentsForRepurchaseOfCommonStock,False
723125,"Micron Technology, Inc.",36000000.0,0000723125-19-000094,2017-08-31,,,,,,2017,PaymentsForRepurchaseOfCommonStock,False
723125,"Micron Technology, Inc.",71000000.0,0000723125-20-000082,2018-08-30,,,,,,2018,PaymentsForRepurchaseOfCommonStock,False
723125,"Micron Technology, Inc.",2729000000.0,0000723125-21-000065,2019-08-29,,,,,,2019,PaymentsForRepurchaseOfCommonStock,False
723125,"Micron Technology, Inc.",176000000.0,0000723125-22-000048,2020-09-03,,,,,,2020,PaymentsForRepurchaseOfCommonStock,False
723125,"Micron Technology, Inc.",1200000000.0,0000723125-23-000054,2021-09-02,,,,,,2021,PaymentsForRepurchaseOfCommonStock,False
723125,"Micron Technology, Inc.",2432000000.0,0000723125-24-000027,2022-09-01,,,,,,2022,PaymentsForRepurchaseOfCommonStock,False
723125,"Micron Technology, Inc.",425000000.0,0000723125-25-000028,2023-08-31,,,,,,2023,PaymentsForRepurchaseOfCommonStock,False
723125,"Micron Technology, Inc.",300000000.0,0000723125-25-000028,2024-08-29,,,,,,2024,PaymentsForRepurchaseOfCommonStock,False
723125,"Micron Technology, Inc.",0.0,0000723125-25-000028,2025-08-28,,,,,,2025,PaymentsForRepurchaseOfCommonStock,False
723254,Cintas Corporation,780151000.0,0000723254-18-000015,2016-05-31,,,,,,2015,PaymentsForRepurchaseOfCommonStock,False
723254,Cintas Corporation,20724000.0,0000723254-19-000021,2017-05-31,,,,,,2016,PaymentsForRepurchaseOfCommonStock,False
723254,Cintas Corporation,127319000.0,0000723254-20-000025,2018-05-31,,,,,,2017,PaymentsForRepurchaseOfCommonStock,False
723254,Cintas Corp,1016300000.0,0000723254-21-000021,2019-05-31,,,,,,2018,PaymentsForRepurchaseOfCommonStock,False
723254,Cintas Corp,464518000.0,0000723254-22-000019,2020-05-31,,,,,,2019,PaymentsForRepurchaseOfCommonStock,False
723254,Cintas Corp,554121000.0,0000723254-23-000025,2021-05-31,,,,,,2020,PaymentsForRepurchaseOfCommonStock,False
723254,Cintas Corporation,1525873000.0,0000723254-24-000036,2022-05-31,,,,,,2021,PaymentsForRepurchaseOfCommonStock,False
723254,Cintas Corporation,398865000.0,0000723254-25-000017,2023-05-31,,,,,,2022,PaymentsForRepurchaseOfCommonStock,False
723254,Cintas Corporation,700033000.0,0000723254-26-000028,2024-05-31,,,,,,2023,PaymentsForRepurchaseOfCommonStock,False
723254,Cintas Corporation,934800000.0,0000723254-26-000028,2025-05-31,,,,,,2024,PaymentsForRepurchaseOfCommonStock,False
723254,Cintas Corporation,952104000.0,0000723254-26-000028,2026-05-31,,,,,,2025,PaymentsForRepurchaseOfCommonStock,False
723531,"PAYCHEX, INC.",107900000.0,0000723531-18-000026,2016-05-31,,,,,,2015,PaymentsForRepurchaseOfCommonStock,False
723531,"PAYCHEX, INC.",166200000.0,0000723531-19-000032,2017-05-31,,,,,,2016,PaymentsForRepurchaseOfCommonStock,False
723531,"PAYCHEX, INC.",143100000.0,0000723531-20-000048,2018-05-31,,,,,,2017,PaymentsForRepurchaseOfCommonStock,False
723531,"PAYCHEX, INC.",56900000.0,0000723531-21-000035,2019-05-31,,,,,,2018,PaymentsForRepurchaseOfCommonStock,False
723531,"Paychex, Inc.",171900000.0,0000950170-22-012734,2020-05-31,,,,,,2019,PaymentsForRepurchaseOfCommonStock,False
723531,"Paychex, Inc.",155700000.0,0000950170-23-032988,2021-05-31,,,,,,2020,PaymentsForRepurchaseOfCommonStock,False
723531,"Paychex, Inc.",145200000.0,0000950170-24-082958,2022-05-31,,,,,,2021,PaymentsForRepurchaseOfCommonStock,False
723531,"Paychex, Inc.",0.0,0000950170-25-095300,2023-05-31,,,,,,2022,PaymentsForRepurchaseOfCommonStock,False
723531,"Paychex, Inc.",169200000.0,0001193125-26-307785,2024-05-31,,,,,,2023,PaymentsForRepurchaseOfCommonStock,False
723531,"Paychex, Inc.",104500000.0,0001193125-26-307785,2025-05-31,,,,,,2024,PaymentsForRepurchaseOfCommonStock,False
723531,"Paychex, Inc.",611000000.0,0001193125-26-307785,2026-05-31,,,,,,2025,PaymentsForRepurchaseOfCommonStock,False
726958,"CASEY'S GENERAL STORES, INC.",0.0,0000726958-18-000097,2016-04-30,,,,,,2015,PaymentsForRepurchaseOfCommonStock,False
726958,"CASEY'S GENERAL STORES, INC.",47893000.0,0000726958-19-000078,2017-04-30,,,,,,2016,PaymentsForRepurchaseOfCommonStock,False
726958,"CASEY'S GENERAL STORES, INC.",214683000.0,0000726958-20-000085,2018-04-30,,,,,,2017,PaymentsForRepurchaseOfCommonStock,False
726958,"CASEY'S GENERAL STORES, INC.",37479000.0,0000726958-21-000078,2019-04-30,,,,,,2018,PaymentsForRepurchaseOfCommonStock,False
726958,"CASEY'S GENERAL STORES, INC.",0.0,0000726958-21-000078,2020-04-30,,,,,,2019,PaymentsForRepurchaseOfCommonStock,False
726958,"CASEY'S GENERAL STORES, INC.",0.0,0000726958-21-000078,2021-04-30,,,,,,2020,PaymentsForRepurchaseOfCommonStock,False
726958,"CASEY’S GENERAL STORES, INC.",0.0,0000726958-24-000046,2022-04-30,,,,,,2021,PaymentsForRepurchaseOfCommonStock,False
726958,"CASEY’S GENERAL STORES, INC.",0.0,0000726958-25-000065,2023-04-30,,,,,,2022,PaymentsForRepurchaseOfCommonStock,False
726958,"CASEY’S GENERAL STORES, INC.",104898000.0,0000726958-26-000046,2024-04-30,,,,,,2023,PaymentsForRepurchaseOfCommonStock,False
726958,"CASEY’S GENERAL STORES, INC.",734000.0,0000726958-26-000046,2025-04-30,,,,,,2024,PaymentsForRepurchaseOfCommonStock,False
726958,"CASEY’S GENERAL STORES, INC.",200505000.0,0000726958-26-000046,2026-04-30,,,,,,2025,PaymentsForRepurchaseOfCommonStock,False
728535,"J.B. HUNT TRANSPORT SERVICES, INC.",262275000.0,0001437749-18-003239,2015-12-31,,,,,,2015,PaymentsForRepurchaseOfCommonStock,False
728535,"J.B. HUNT TRANSPORT SERVICES, INC.",249760000.0,0001437749-19-003134,2016-12-31,,,,,,2016,PaymentsForRepurchaseOfCommonStock,False
728535,"J.B. HUNT TRANSPORT SERVICES, INC.",179813000.0,0001437749-20-004119,2017-12-31,,,,,,2017,PaymentsForRepurchaseOfCommonStock,False
728535,"J.B. HUNT TRANSPORT SERVICES, INC.",150338000.0,0001437749-21-003667,2018-12-31,,,,,,2018,PaymentsForRepurchaseOfCommonStock,False
728535,HUNT J B TRANSPORT SERVICES INC,275657000.0,0001437749-22-004457,2019-12-31,,,,,,2019,PaymentsForRepurchaseOfCommonStock,False
728535,"J.B. HUNT TRANSPORT SERVICES, INC.",92548000.0,0001437749-23-004530,2020-12-31,,,,,,2020,PaymentsForRepurchaseOfCommonStock,False
728535,"J.B. HUNT TRANSPORT SERVICES, INC.",151720000.0,0001437749-24-005368,2021-12-31,,,,,,2021,PaymentsForRepurchaseOfCommonStock,False
728535,"J.B. HUNT TRANSPORT SERVICES, INC.",300030000.0,0001437749-25-004736,2022-12-31,,,,,,2022,PaymentsForRepurchaseOfCommonStock,False
728535,"J.B. HUNT TRANSPORT SERVICES, INC.",159576000.0,0001437749-26-005294,2023-12-31,,,,,,2023,PaymentsForRepurchaseOfCommonStock,False
728535,"J.B. HUNT TRANSPORT SERVICES, INC.",513924000.0,0001437749-26-005294,2024-12-31,,,,,,2024,PaymentsForRepurchaseOfCommonStock,False
728535,"J.B. HUNT TRANSPORT SERVICES, INC.",923292000.0,0001437749-26-005294,2025-12-31,,,,,,2025,PaymentsForRepurchaseOfCommonStock,False
731766,UnitedHealth Group Incorporated,1200000000.0,0000731766-18-000005,2015-12-31,,,,,,2015,PaymentsForRepurchaseOfCommonStock,False
731766,UnitedHealth Group Incorporated,1280000000.0,0000731766-19-000005,2016-12-31,,,,,,2016,PaymentsForRepurchaseOfCommonStock,False
731766,UnitedHealth Group Incorporated,1500000000.0,0000731766-20-000006,2017-12-31,,,,,,2017,PaymentsForRepurchaseOfCommonStock,False
731766,UnitedHealth Group Incorporated,4500000000.0,0000731766-21-000013,2018-12-31,,,,,,2018,PaymentsForRepurchaseOfCommonStock,False
731766,UnitedHealth Group Incorporated,5500000000.0,0000731766-22-000008,2019-12-31,,,,,,2019,PaymentsForRepurchaseOfCommonStock,False
731766,UnitedHealth Group Incorporated,4250000000.0,0000731766-23-000008,2020-12-31,,,,,,2020,PaymentsForRepurchaseOfCommonStock,False
731766,UnitedHealth Group Incorporated,5000000000.0,0000731766-24-000081,2021-12-31,,,,,,2021,PaymentsForRepurchaseOfCommonStock,False
731766,UnitedHealth Group Incorporated,7000000000.0,0000731766-25-000063,2022-12-31,,,,,,2022,PaymentsForRepurchaseOfCommonStock,False
731766,UnitedHealth Group Incorporated,8000000000.0,0000731766-26-000062,2023-12-31,,,,,,2023,PaymentsForRepurchaseOfCommonStock,False
731766,UnitedHealth Group Incorporated,9000000000.0,0000731766-26-000062,2024-12-31,,,,,,2024,PaymentsForRepurchaseOfCommonStock,False
731766,UnitedHealth Group Incorporated,5545000000.0,0000731766-26-000062,2025-12-31,,,,,,2025,PaymentsForRepurchaseOfCommonStock,False
732712,Verizon Communications Inc.,5134000000.0,0000732712-18-000024,2015-12-31,,,,,,2015,PaymentsForRepurchaseOfCommonStock,False
732712,Verizon Communications Inc.,0.0,0000732712-18-000024,2016-12-31,,,,,,2016,PaymentsForRepurchaseOfCommonStock,False
732712,Verizon Communications Inc.,0.0,0000732712-18-000024,2017-12-31,,,,,,2017,PaymentsForRepurchaseOfCommonStock,False
732717,AT&T INC.,269000000.0,0000732717-18-000076,2015-12-31,,,,,,2015,PaymentsForRepurchaseOfCommonStock,False
732717,AT&T INC.,512000000.0,0001193125-19-045608,2016-12-31,,,,,,2016,PaymentsForRepurchaseOfCommonStock,False
732717,AT&T INC.,463000000.0,0001562762-20-000064,2017-12-31,,,,,,2017,PaymentsForRepurchaseOfCommonStock,False
732717,AT&T INC.,609000000.0,0001628280-21-012583,2018-12-31,,,,,,2018,PaymentsForRepurchaseOfCommonStock,False
732717,AT&T INC.,2417000000.0,0000732717-22-000015,2019-12-31,,,,,,2019,PaymentsForRepurchaseOfCommonStock,False
732717,AT&T INC.,5498000000.0,0000732717-23-000011,2020-12-31,,,,,,2020,PaymentsForRepurchaseOfCommonStock,False
732717,AT&T INC.,202000000.0,0000732717-24-000009,2021-12-31,,,,,,2021,PaymentsForRepurchaseOfCommonStock,False
732717,AT&T INC.,890000000.0,0000732717-25-000013,2022-12-31,,,,,,2022,PaymentsForRepurchaseOfCommonStock,False
732717,AT&T INC.,194000000.0,0000732717-26-000120,2023-12-31,,,,,,2023,PaymentsForRepurchaseOfCommonStock,False
732717,AT&T INC.,215000000.0,0000732717-26-000120,2024-12-31,,,,,,2024,PaymentsForRepurchaseOfCommonStock,False
732717,AT&T INC.,4500000000.0,0000732717-26-000120,2025-12-31,,,,,,2025,PaymentsForRepurchaseOfCommonStock,False
745732,"ROSS STORES, INC.",700000000.0,0000745732-18-000004,2016-01-30,,,,,,2015,PaymentsForRepurchaseOfCommonStock,False
745732,"ROSS STORES, INC.",700000000.0,0000745732-19-000009,2017-01-28,,,,,,2016,PaymentsForRepurchaseOfCommonStock,False
745732,"ROSS STORES, INC.",875000000.0,0000745732-20-000016,2018-02-03,,,,,,2017,PaymentsForRepurchaseOfCommonStock,False
745732,"ROSS STORES, INC.",1075000000.0,0000745732-21-000017,2019-02-02,,,,,,2018,PaymentsForRepurchaseOfCommonStock,False
745732,"Ross Stores, Inc.",1275000000.0,0000745732-22-000014,2020-02-01,,,,,,2019,PaymentsForRepurchaseOfCommonStock,False
745732,"Ross Stores, Inc.",132467000.0,0000745732-23-000013,2021-01-30,,,,,,2020,PaymentsForRepurchaseOfCommonStock,False
745732,"Ross Stores, Inc.",649997000.0,0000745732-24-000009,2022-01-29,,,,,,2021,PaymentsForRepurchaseOfCommonStock,False
745732,"Ross Stores, Inc.",949996000.0,0000745732-25-000010,2023-01-28,,,,,,2022,PaymentsForRepurchaseOfCommonStock,False
745732,"Ross Stores, Inc.",949996000.0,0000745732-26-000006,2024-02-03,,,,,,2023,PaymentsForRepurchaseOfCommonStock,False
745732,"Ross Stores, Inc.",1049979000.0,0000745732-26-000006,2025-02-01,,,,,,2024,PaymentsForRepurchaseOfCommonStock,False
745732,"Ross Stores, Inc.",1050021000.0,0000745732-26-000006,2026-01-31,,,,,,2025,PaymentsForRepurchaseOfCommonStock,False
746515,"EXPEDITORS INTERNATIONAL OF WASHINGTON, INC.",629991000.0,0000746515-18-000004,2015-12-31,,,,,,2015,PaymentsForRepurchaseOfCommonStock,False
746515,"EXPEDITORS INTERNATIONAL OF WASHINGTON, INC.",337658000.0,0000746515-19-000004,2016-12-31,,,,,,2016,PaymentsForRepurchaseOfCommonStock,False
746515,"EXPEDITORS INTERNATIONAL OF WASHINGTON, INC.",478258000.0,0001564590-20-005719,2017-12-31,,,,,,2017,PaymentsForRepurchaseOfCommonStock,False
746515,"EXPEDITORS INTERNATIONAL OF WASHINGTON, INC.",647898000.0,0001564590-21-006925,2018-12-31,,,,,,2018,PaymentsForRepurchaseOfCommonStock,False
746515,"EXPEDITORS INTERNATIONAL OF WASHINGTON, INC.",389060000.0,0001564590-22-010381,2019-12-31,,,,,,2019,PaymentsForRepurchaseOfCommonStock,False
746515,"EXPEDITORS INTERNATIONAL OF WASHINGTON, INC.",332387000.0,0000950170-23-005412,2020-12-31,,,,,,2020,PaymentsForRepurchaseOfCommonStock,False
746515,"EXPEDITORS INTERNATIONAL OF WASHINGTON, INC.",514594000.0,0000950170-24-019394,2021-12-31,,,,,,2021,PaymentsForRepurchaseOfCommonStock,False
746515,"EXPEDITORS INTERNATIONAL OF WASHINGTON, INC.",1581908000.0,0000950170-25-024750,2022-12-31,,,,,,2022,PaymentsForRepurchaseOfCommonStock,False
746515,"EXPEDITORS INTERNATIONAL OF WASHINGTON, INC.",1392886000.0,0001193125-26-071569,2023-12-31,,,,,,2023,PaymentsForRepurchaseOfCommonStock,False
746515,"EXPEDITORS INTERNATIONAL OF WASHINGTON, INC.",855061000.0,0001193125-26-071569,2024-12-31,,,,,,2024,PaymentsForRepurchaseOfCommonStock,False
746515,"EXPEDITORS INTERNATIONAL OF WASHINGTON, INC.",667306000.0,0001193125-26-071569,2025-12-31,,,,,,2025,PaymentsForRepurchaseOfCommonStock,False
749251,"GARTNER, INC.",509049000.0,0000749251-18-000004,2015-12-31,,,,,,2015,PaymentsForRepurchaseOfCommonStock,False
749251,"GARTNER, INC.",58961000.0,0000749251-19-000005,2016-12-31,,,,,,2016,PaymentsForRepurchaseOfCommonStock,False
749251,"GARTNER, INC.",41272000.0,0000749251-20-000008,2017-12-31,,,,,,2017,PaymentsForRepurchaseOfCommonStock,False
749251,"Gartner, Inc.",260832000.0,0000749251-21-000010,2018-12-31,,,,,,2018,PaymentsForRepurchaseOfCommonStock,False
749251,"GARTNER, INC.",199042000.0,0000749251-22-000006,2019-12-31,,,,,,2019,PaymentsForRepurchaseOfCommonStock,False
749251,"GARTNER, INC.",176302000.0,0000749251-23-000006,2020-12-31,,,,,,2020,PaymentsForRepurchaseOfCommonStock,False
749251,"GARTNER, INC.",1655547000.0,0000749251-24-000006,2021-12-31,,,,,,2021,PaymentsForRepurchaseOfCommonStock,False
749251,"GARTNER, INC.",1043742000.0,0000749251-25-000008,2022-12-31,,,,,,2022,PaymentsForRepurchaseOfCommonStock,False
749251,"GARTNER, INC.",606188000.0,0000749251-26-000112,2023-12-31,,,,,,2023,PaymentsForRepurchaseOfCommonStock,False
749251,"GARTNER, INC.",735358000.0,0000749251-26-000112,2024-12-31,,,,,,2024,PaymentsForRepurchaseOfCommonStock,False
749251,"GARTNER, INC.",1991147000.0,0000749251-26-000112,2025-12-31,,,,,,2025,PaymentsForRepurchaseOfCommonStock,False
759944,CITIZENS FINANCIAL GROUP INC/RI,500000000.0,0000759944-18-000016,2015-12-31,,,,,,2015,PaymentsForRepurchaseOfCommonStock,False
759944,CITIZENS FINANCIAL GROUP INC/RI,430000000.0,0000759944-19-000024,2016-12-31,,,,,,2016,PaymentsForRepurchaseOfCommonStock,False
759944,CITIZENS FINANCIAL GROUP INC/RI,820000000.0,0000759944-20-000030,2017-12-31,,,,,,2017,PaymentsForRepurchaseOfCommonStock,False
759944,CITIZENS FINANCIAL GROUP INC/RI,1025000000.0,0000759944-21-000034,2018-12-31,,,,,,2018,PaymentsForRepurchaseOfCommonStock,False
759944,CITIZENS FINANCIAL GROUP INC/RI,1220000000.0,0000759944-22-000025,2019-12-31,,,,,,2019,PaymentsForRepurchaseOfCommonStock,False
759944,CITIZENS FINANCIAL GROUP INC/RI,270000000.0,0000759944-23-000029,2020-12-31,,,,,,2020,PaymentsForRepurchaseOfCommonStock,False
759944,CITIZENS FINANCIAL GROUP INC/RI,295000000.0,0000759944-24-000039,2021-12-31,,,,,,2021,PaymentsForRepurchaseOfCommonStock,False
759944,CITIZENS FINANCIAL GROUP INC/RI,153000000.0,0000759944-25-000013,2022-12-31,,,,,,2022,PaymentsForRepurchaseOfCommonStock,False
759944,CITIZENS FINANCIAL GROUP INC/RI,906000000.0,0000759944-26-000028,2023-12-31,,,,,,2023,PaymentsForRepurchaseOfCommonStock,False
759944,CITIZENS FINANCIAL GROUP INC/RI,1050000000.0,0000759944-26-000028,2024-12-31,,,,,,2024,PaymentsForRepurchaseOfCommonStock,False
759944,CITIZENS FINANCIAL GROUP INC/RI,600000000.0,0000759944-26-000028,2025-12-31,,,,,,2025,PaymentsForRepurchaseOfCommonStock,False
764180,"ALTRIA GROUP, INC.",554000000.0,0000764180-18-000028,2015-12-31,,,,,,2015,PaymentsForRepurchaseOfCommonStock,False
764180,"ALTRIA GROUP, INC.",1030000000.0,0000764180-19-000023,2016-12-31,,,,,,2016,PaymentsForRepurchaseOfCommonStock,False
764180,"ALTRIA GROUP, INC.",2917000000.0,0000764180-20-000018,2017-12-31,,,,,,2017,PaymentsForRepurchaseOfCommonStock,False
764180,"ALTRIA GROUP, INC.",1673000000.0,0000764180-21-000037,2018-12-31,,,,,,2018,PaymentsForRepurchaseOfCommonStock,False
764180,"ALTRIA GROUP, INC.",845000000.0,0000764180-22-000019,2019-12-31,,,,,,2019,PaymentsForRepurchaseOfCommonStock,False
764180,"ALTRIA GROUP, INC.",0.0,0000764180-23-000020,2020-12-31,,,,,,2020,PaymentsForRepurchaseOfCommonStock,False
764180,"ALTRIA GROUP, INC.",1675000000.0,0000764180-24-000018,2021-12-31,,,,,,2021,PaymentsForRepurchaseOfCommonStock,False
764180,"ALTRIA GROUP, INC.",1825000000.0,0000764180-25-000019,2022-12-31,,,,,,2022,PaymentsForRepurchaseOfCommonStock,False
764180,"ALTRIA GROUP, INC.",1000000000.0,0000764180-26-000017,2023-12-31,,,,,,2023,PaymentsForRepurchaseOfCommonStock,False
764180,"ALTRIA GROUP, INC.",3400000000.0,0000764180-26-000017,2024-12-31,,,,,,2024,PaymentsForRepurchaseOfCommonStock,False
764180,"ALTRIA GROUP, INC.",1000000000.0,0000764180-26-000017,2025-12-31,,,,,,2025,PaymentsForRepurchaseOfCommonStock,False
764478,"BEST BUY CO., INC.",1000000000.0,0000764478-18-000013,2016-01-30,,,,,,2015,PaymentsForRepurchaseOfCommonStock,False
764478,"BEST BUY CO., INC.",698000000.0,0000764478-19-000009,2017-01-28,,,,,,2016,PaymentsForRepurchaseOfCommonStock,False
764478,"BEST BUY CO., INC.",2004000000.0,0000764478-20-000017,2018-02-03,,,,,,2017,PaymentsForRepurchaseOfCommonStock,False
764478,"BEST BUY CO., INC.",1505000000.0,0000764478-21-000024,2019-02-02,,,,,,2018,PaymentsForRepurchaseOfCommonStock,False
764478,"BEST BUY CO., INC.",1003000000.0,0000764478-22-000008,2020-02-01,,,,,,2019,PaymentsForRepurchaseOfCommonStock,False
764478,"BEST BUY CO., INC.",312000000.0,0000764478-23-000006,2021-01-30,,,,,,2020,PaymentsForRepurchaseOfCommonStock,False
764478,"BEST BUY CO., INC.",3502000000.0,0000764478-24-000010,2022-01-29,,,,,,2021,PaymentsForRepurchaseOfCommonStock,False
764478,"BEST BUY CO., INC.",1014000000.0,0000764478-25-000007,2023-01-28,,,,,,2022,PaymentsForRepurchaseOfCommonStock,False
764478,"BEST BUY CO., INC.",340000000.0,0000764478-26-000009,2024-02-03,,,,,,2023,PaymentsForRepurchaseOfCommonStock,False
764478,"BEST BUY CO., INC.",500000000.0,0000764478-26-000009,2025-02-01,,,,,,2024,PaymentsForRepurchaseOfCommonStock,False
764478,"BEST BUY CO., INC.",273000000.0,0000764478-26-000009,2026-01-31,,,,,,2025,PaymentsForRepurchaseOfCommonStock,False
764622,PINNACLE WEST CAPITAL CORPORATION,2653000.0,0000764622-25-000023,2022-12-31,,,,,,2022,PaymentsForRepurchaseOfCommonStock,False
764622,PINNACLE WEST CAPITAL CORPORATION,4093000.0,0000764622-25-000023,2023-12-31,,,,,,2023,PaymentsForRepurchaseOfCommonStock,False
765880,"Healthpeak Properties, Inc.",8738000.0,0001628280-18-001552,2015-12-31,,,,,,2015,PaymentsForRepurchaseOfCommonStock,False
765880,"Healthpeak Properties, Inc.",8685000.0,0001628280-19-001407,2016-12-31,,,,,,2016,PaymentsForRepurchaseOfCommonStock,False
765880,"Healthpeak Properties, Inc.",4785000.0,0001628280-20-001456,2017-12-31,,,,,,2017,PaymentsForRepurchaseOfCommonStock,False
765880,"Healthpeak Properties, Inc.",3432000.0,0001628280-21-001804,2018-12-31,,,,,,2018,PaymentsForRepurchaseOfCommonStock,False
765880,"Healthpeak Properties, Inc.",5043000.0,0001628280-22-002117,2019-12-31,,,,,,2019,PaymentsForRepurchaseOfCommonStock,False
765880,"Healthpeak Properties, Inc.",10529000.0,0001628280-23-002794,2020-12-31,,,,,,2020,PaymentsForRepurchaseOfCommonStock,False
765880,"Healthpeak Properties, Inc.",12841000.0,0001628280-24-004094,2021-12-31,,,,,,2021,PaymentsForRepurchaseOfCommonStock,False
765880,"Healthpeak Properties, Inc.",67838000.0,0001628280-25-003748,2022-12-31,,,,,,2022,PaymentsForRepurchaseOfCommonStock,False
765880,"Healthpeak Properties, Inc.",6524000.0,0001628280-26-005044,2023-12-31,,,,,,2023,PaymentsForRepurchaseOfCommonStock,False
765880,"Healthpeak Properties, Inc.",190690000.0,0001628280-26-005044,2024-12-31,,,,,,2024,PaymentsForRepurchaseOfCommonStock,False
765880,"Healthpeak Properties, Inc.",97145000.0,0001628280-26-005044,2025-12-31,,,,,,2025,PaymentsForRepurchaseOfCommonStock,False
766704,WELLTOWER INC.,0.0,0000766704-21-000018,2018-12-31,,,,,,2018,PaymentsForRepurchaseOfCommonStock,False
766704,WELLTOWER INC.,0.0,0000766704-22-000013,2019-12-31,,,,,,2019,PaymentsForRepurchaseOfCommonStock,False
766704,WELLTOWER INC.,7656000.0,0000766704-23-000010,2020-12-31,,,,,,2020,PaymentsForRepurchaseOfCommonStock,False
766704,WELLTOWER INC.,0.0,0000766704-23-000010,2021-12-31,,,,,,2021,PaymentsForRepurchaseOfCommonStock,False
766704,WELLTOWER INC.,0.0,0000766704-23-000010,2022-12-31,,,,,,2022,PaymentsForRepurchaseOfCommonStock,False
769397,"AUTODESK, INC.",458000000.0,0000769397-18-000011,2016-01-31,,,,,,2015,PaymentsForRepurchaseOfCommonStock,False
769397,"AUTODESK, INC.",621700000.0,0000769397-19-000016,2017-01-31,,,,,,2016,PaymentsForRepurchaseOfCommonStock,False
769397,"AUTODESK, INC.",699000000.0,0000769397-20-000013,2018-01-31,,,,,,2017,PaymentsForRepurchaseOfCommonStock,False
769397,"AUTODESK, INC.",293500000.0,0000769397-21-000014,2019-01-31,,,,,,2018,PaymentsForRepurchaseOfCommonStock,False
769397,"AUTODESK, INC.",442500000.0,0000769397-22-000019,2020-01-31,,,,,,2019,PaymentsForRepurchaseOfCommonStock,False
769397,"AUTODESK, INC.",552000000.0,0000769397-23-000036,2021-01-31,,,,,,2020,PaymentsForRepurchaseOfCommonStock,False
769397,"AUTODESK, INC.",1079000000.0,0000769397-24-000090,2022-01-31,,,,,,2021,PaymentsForRepurchaseOfCommonStock,False
769397,"AUTODESK, INC.",1101000000.0,0000769397-25-000019,2023-01-31,,,,,,2022,PaymentsForRepurchaseOfCommonStock,False
769397,"AUTODESK, INC.",795000000.0,0000769397-26-000015,2024-01-31,,,,,,2023,PaymentsForRepurchaseOfCommonStock,False
769397,"AUTODESK, INC.",852000000.0,0000769397-26-000015,2025-01-31,,,,,,2024,PaymentsForRepurchaseOfCommonStock,False
769397,"AUTODESK, INC.",1402000000.0,0000769397-26-000015,2026-01-31,,,,,,2025,PaymentsForRepurchaseOfCommonStock,False
773840,HONEYWELL INTERNATIONAL INC,1884000000.0,0000930413-18-000292,2015-12-31,,,,,,2015,PaymentsForRepurchaseOfCommonStock,False
773840,HONEYWELL INTERNATIONAL INC,2079000000.0,0000930413-19-000366,2016-12-31,,,,,,2016,PaymentsForRepurchaseOfCommonStock,False
773840,HONEYWELL INTERNATIONAL INC,2889000000.0,0000773840-20-000009,2017-12-31,,,,,,2017,PaymentsForRepurchaseOfCommonStock,False
773840,HONEYWELL INTERNATIONAL INC,4000000000.0,0000773840-21-000015,2018-12-31,,,,,,2018,PaymentsForRepurchaseOfCommonStock,False
773840,Honeywell International Inc.,4400000000.0,0000773840-22-000018,2019-12-31,,,,,,2019,PaymentsForRepurchaseOfCommonStock,False
773840,Honeywell International Inc.,3714000000.0,0000773840-23-000013,2020-12-31,,,,,,2020,PaymentsForRepurchaseOfCommonStock,False
773840,HONEYWELL INTERNATIONAL INC,3380000000.0,0000773840-24-000054,2021-12-31,,,,,,2021,PaymentsForRepurchaseOfCommonStock,False
773840,Honeywell International Inc.,4200000000.0,0000773840-25-000010,2022-12-31,,,,,,2022,PaymentsForRepurchaseOfCommonStock,False
773840,HONEYWELL INTERNATIONAL INC,3715000000.0,0000773840-26-000013,2023-12-31,,,,,,2023,PaymentsForRepurchaseOfCommonStock,False
773840,HONEYWELL INTERNATIONAL INC,1655000000.0,0000773840-26-000013,2024-12-31,,,,,,2024,PaymentsForRepurchaseOfCommonStock,False
773840,HONEYWELL INTERNATIONAL INC,3804000000.0,0000773840-26-000013,2025-12-31,,,,,,2025,PaymentsForRepurchaseOfCommonStock,False
779152,"JACK HENRY & ASSOCIATES, INC.",122691000.0,0000779152-17-000040,2015-06-30,,,,,,2015,PaymentsForRepurchaseOfCommonStock,False
779152,"JACK HENRY & ASSOCIATES, INC.",175662000.0,0000779152-18-000060,2016-06-30,,,,,,2016,PaymentsForRepurchaseOfCommonStock,False
779152,"JACK HENRY & ASSOCIATES, INC.",130140000.0,0000779152-19-000048,2017-06-30,,,,,,2017,PaymentsForRepurchaseOfCommonStock,False
779152,"JACK HENRY & ASSOCIATES, INC.",48986000.0,0000779152-20-000064,2018-06-30,,,,,,2018,PaymentsForRepurchaseOfCommonStock,False
779152,HENRY JACK & ASSOCIATES INC,54864000.0,0000779152-21-000073,2019-06-30,,,,,,2019,PaymentsForRepurchaseOfCommonStock,False
779152,HENRY JACK & ASSOCIATES INC,71549000.0,0000779152-22-000076,2020-06-30,,,,,,2020,PaymentsForRepurchaseOfCommonStock,False
779152,"JACK HENRY & ASSOCIATES, INC.",431529000.0,0000779152-23-000062,2021-06-30,,,,,,2021,PaymentsForRepurchaseOfCommonStock,False
779152,"JACK HENRY & ASSOCIATES, INC.",193916000.0,0000779152-24-000079,2022-06-30,,,,,,2022,PaymentsForRepurchaseOfCommonStock,False
779152,"JACK HENRY & ASSOCIATES, INC.",25000000.0,0000779152-25-000055,2023-06-30,,,,,,2023,PaymentsForRepurchaseOfCommonStock,False
779152,"JACK HENRY & ASSOCIATES, INC.",28055000.0,0000779152-26-000067,2024-06-30,,,,,,2024,PaymentsForRepurchaseOfCommonStock,False
779152,"JACK HENRY & ASSOCIATES, INC.",35051000.0,0000779152-26-000067,2025-06-30,,,,,,2025,PaymentsForRepurchaseOfCommonStock,False
779152,"JACK HENRY & ASSOCIATES, INC.",448173000.0,0000779152-26-000067,2026-06-30,,,,,,2026,PaymentsForRepurchaseOfCommonStock,False
783325,"WEC ENERGY GROUP, INC.",74700000.0,0000107815-18-000134,2015-12-31,,,,,,2015,PaymentsForRepurchaseOfCommonStock,False
783325,"WEC ENERGY GROUP, INC.",108000000.0,0000107815-19-000128,2016-12-31,,,,,,2016,PaymentsForRepurchaseOfCommonStock,False
783325,"WEC ENERGY GROUP, INC.",71300000.0,0000107815-20-000089,2017-12-31,,,,,,2017,PaymentsForRepurchaseOfCommonStock,False
783325,"WEC ENERGY GROUP, INC.",72400000.0,0000107815-21-000079,2018-12-31,,,,,,2018,PaymentsForRepurchaseOfCommonStock,False
783325,"WEC ENERGY GROUP, INC.",140100000.0,0000107815-22-000116,2019-12-31,,,,,,2019,PaymentsForRepurchaseOfCommonStock,False
783325,"WEC ENERGY GROUP, INC.",99200000.0,0000107815-23-000100,2020-12-31,,,,,,2020,PaymentsForRepurchaseOfCommonStock,False
783325,"WEC ENERGY GROUP, INC.",33100000.0,0000107815-24-000095,2021-12-31,,,,,,2021,PaymentsForRepurchaseOfCommonStock,False
783325,"WEC ENERGY GROUP, INC.",69200000.0,0000107815-25-000103,2022-12-31,,,,,,2022,PaymentsForRepurchaseOfCommonStock,False
783325,"WEC ENERGY GROUP, INC.",16600000.0,0000783325-26-000018,2023-12-31,,,,,,2023,PaymentsForRepurchaseOfCommonStock,False
783325,"WEC ENERGY GROUP, INC.",3200000.0,0000783325-26-000018,2024-12-31,,,,,,2024,PaymentsForRepurchaseOfCommonStock,False
783325,"WEC ENERGY GROUP, INC.",1300000.0,0000783325-26-000018,2025-12-31,,,,,,2025,PaymentsForRepurchaseOfCommonStock,False
788784,Public Service Enterprise Group Incorporated,0.0,0001628280-23-004411,2020-12-31,,,,,,2020,PaymentsForRepurchaseOfCommonStock,False
788784,Public Service Enterprise Group Incorporated,0.0,0001628280-24-006885,2021-12-31,,,,,,2021,PaymentsForRepurchaseOfCommonStock,False
788784,Public Service Enterprise Group Incorporated,500000000.0,0000950170-25-026874,2022-12-31,,,,,,2022,PaymentsForRepurchaseOfCommonStock,False
788784,Public Service Enterprise Group Incorporated,0.0,0000950170-25-026874,2023-12-31,,,,,,2023,PaymentsForRepurchaseOfCommonStock,False
788784,Public Service Enterprise Group Incorporated,0.0,0000950170-25-026874,2024-12-31,,,,,,2024,PaymentsForRepurchaseOfCommonStock,False
789019,MICROSOFT CORPORATION,14443000000.0,0001564590-17-014900,2015-06-30,,,,,,2015,PaymentsForRepurchaseOfCommonStock,False
789019,MICROSOFT CORPORATION,15969000000.0,0001564590-18-019062,2016-06-30,,,,,,2016,PaymentsForRepurchaseOfCommonStock,False
789019,MICROSOFT CORPORATION,11788000000.0,0001564590-19-027952,2017-06-30,,,,,,2017,PaymentsForRepurchaseOfCommonStock,False
789019,MICROSOFT CORPORATION,10721000000.0,0001564590-20-034944,2018-06-30,,,,,,2018,PaymentsForRepurchaseOfCommonStock,False
789019,Microsoft Corporation,19543000000.0,0001564590-21-039151,2019-06-30,,,,,,2019,PaymentsForRepurchaseOfCommonStock,False
789019,MICROSOFT CORPORATION,22968000000.0,0001564590-22-026876,2020-06-30,,,,,,2020,PaymentsForRepurchaseOfCommonStock,False
789019,MICROSOFT CORPORATION,27385000000.0,0000950170-23-035122,2021-06-30,,,,,,2021,PaymentsForRepurchaseOfCommonStock,False
789019,Microsoft Corporation,32696000000.0,0000950170-24-132722,2022-06-30,,,,,,2022,PaymentsForRepurchaseOfCommonStock,False
789019,MICROSOFT CORPORATION,22245000000.0,0000950170-25-100235,2023-06-30,,,,,,2023,PaymentsForRepurchaseOfCommonStock,False
789019,MICROSOFT CORPORATION,17254000000.0,0001193125-26-323660,2024-06-30,,,,,,2024,PaymentsForRepurchaseOfCommonStock,False
789019,MICROSOFT CORPORATION,18420000000.0,0001193125-26-323660,2025-06-30,,,,,,2025,PaymentsForRepurchaseOfCommonStock,False
789019,MICROSOFT CORPORATION,22271000000.0,0001193125-26-323660,2026-06-30,,,,,,2026,PaymentsForRepurchaseOfCommonStock,False
789570,MGM Resorts International,0.0,0000950123-18-006505,2015-12-31,,,,,,2015,PaymentsForRepurchaseOfCommonStock,False
789570,MGM Resorts International,0.0,0001564590-19-004807,2016-12-31,,,,,,2016,PaymentsForRepurchaseOfCommonStock,False
789570,MGM Resorts International,327500000.0,0001564590-20-007393,2017-12-31,,,,,,2017,PaymentsForRepurchaseOfCommonStock,False
789570,MGM Resorts International,1283333000.0,0001564590-21-009205,2018-12-31,,,,,,2018,PaymentsForRepurchaseOfCommonStock,False
789570,MGM Resorts International,1031534000.0,0000789570-22-000005,2019-12-31,,,,,,2019,PaymentsForRepurchaseOfCommonStock,False
789570,MGM Resorts International,353720000.0,0000789570-23-000008,2020-12-31,,,,,,2020,PaymentsForRepurchaseOfCommonStock,False
789570,MGM Resorts International,1753509000.0,0000789570-24-000005,2021-12-31,,,,,,2021,PaymentsForRepurchaseOfCommonStock,False
789570,MGM Resorts International,2775217000.0,0000789570-25-000008,2022-12-31,,,,,,2022,PaymentsForRepurchaseOfCommonStock,False
789570,MGM Resorts International,2291917000.0,0000789570-26-000018,2023-12-31,,,,,,2023,PaymentsForRepurchaseOfCommonStock,False
789570,MGM Resorts International,1357890000.0,0000789570-26-000018,2024-12-31,,,,,,2024,PaymentsForRepurchaseOfCommonStock,False
789570,MGM Resorts International,1228272000.0,0000789570-26-000018,2025-12-31,,,,,,2025,PaymentsForRepurchaseOfCommonStock,False
796343,ADOBE INC.,625000000.0,0000796343-18-000015,2015-11-27,,,,,,2015,PaymentsForRepurchaseOfCommonStock,False
796343,ADOBE INC.,1075000000.0,0000796343-19-000019,2016-12-02,,,,,,2016,PaymentsForRepurchaseOfCommonStock,False
796343,ADOBE INC.,1100000000.0,0000796343-20-000013,2017-12-01,,,,,,2017,PaymentsForRepurchaseOfCommonStock,False
796343,ADOBE INC.,2050000000.0,0000796343-21-000004,2018-11-30,,,,,,2018,PaymentsForRepurchaseOfCommonStock,False
796343,ADOBE INC.,2750000000.0,0000796343-22-000032,2019-11-29,,,,,,2019,PaymentsForRepurchaseOfCommonStock,False
796343,ADOBE INC.,3050000000.0,0000796343-23-000007,2020-11-27,,,,,,2020,PaymentsForRepurchaseOfCommonStock,False
796343,ADOBE INC.,3950000000.0,0000796343-24-000006,2021-12-03,,,,,,2021,PaymentsForRepurchaseOfCommonStock,False
796343,ADOBE INC.,6550000000.0,0000796343-25-000004,2022-12-02,,,,,,2022,PaymentsForRepurchaseOfCommonStock,False
796343,ADOBE INC.,4400000000.0,0000796343-26-000003,2023-12-01,,,,,,2023,PaymentsForRepurchaseOfCommonStock,False
796343,ADOBE INC.,9500000000.0,0000796343-26-000003,2024-11-29,,,,,,2024,PaymentsForRepurchaseOfCommonStock,False
796343,ADOBE INC.,11281000000.0,0000796343-26-000003,2025-11-28,,,,,,2025,PaymentsForRepurchaseOfCommonStock,False
797468,OCCIDENTAL PETROLEUM CORP /DE/,593000000.0,0000797468-18-000005,2015-12-31,,,,,,2015,PaymentsForRepurchaseOfCommonStock,False
797468,OCCIDENTAL PETROLEUM CORP /DE/,22000000.0,0000797468-19-000004,2016-12-31,,,,,,2016,PaymentsForRepurchaseOfCommonStock,False
797468,OCCIDENTAL PETROLEUM CORP /DE/,25000000.0,0000797468-20-000004,2017-12-31,,,,,,2017,PaymentsForRepurchaseOfCommonStock,False
797468,OCCIDENTAL PETROLEUM CORP /DE/,1248000000.0,0000797468-21-000009,2018-12-31,,,,,,2018,PaymentsForRepurchaseOfCommonStock,False
797468,Occidental Petroleum Corporation,237000000.0,0000797468-22-000008,2019-12-31,,,,,,2019,PaymentsForRepurchaseOfCommonStock,False
797468,Occidental Petroleum Corporation,12000000.0,0000797468-23-000031,2020-12-31,,,,,,2020,PaymentsForRepurchaseOfCommonStock,False
797468,Occidental Petroleum Corporation,8000000.0,0000797468-24-000034,2021-12-31,,,,,,2021,PaymentsForRepurchaseOfCommonStock,False
797468,Occidental Petroleum Corporation,3099000000.0,0000797468-25-000029,2022-12-31,,,,,,2022,PaymentsForRepurchaseOfCommonStock,False
797468,Occidental Petroleum Corporation,1798000000.0,0001628280-26-009059,2023-12-31,,,,,,2023,PaymentsForRepurchaseOfCommonStock,False
797468,Occidental Petroleum Corporation,27000000.0,0001628280-26-009059,2024-12-31,,,,,,2024,PaymentsForRepurchaseOfCommonStock,False
797468,Occidental Petroleum Corporation,0.0,0001628280-26-009059,2025-12-31,,,,,,2025,PaymentsForRepurchaseOfCommonStock,False
798354,FISERV INC,1522000000.0,0000798354-18-000005,2015-12-31,,,,,,2015,PaymentsForRepurchaseOfCommonStock,False
798354,FISERV INC,1245000000.0,0000798354-19-000005,2016-12-31,,,,,,2016,PaymentsForRepurchaseOfCommonStock,False
798354,FISERV INC,1223000000.0,0000798354-19-000005,2017-12-31,,,,,,2017,PaymentsForRepurchaseOfCommonStock,False
798354,FISERV INC,1946000000.0,0000798354-19-000005,2018-12-31,,,,,,2018,PaymentsForRepurchaseOfCommonStock,False
804328,QUALCOMM INC/DE,11246000000.0,0001234452-17-000190,2015-09-27,,,,,,2015,PaymentsForRepurchaseOfCommonStock,False
804328,QUALCOMM INC/DE,3923000000.0,0001728949-18-000095,2016-09-25,,,,,,2016,PaymentsForRepurchaseOfCommonStock,False
804328,QUALCOMM INC/DE,1342000000.0,0001728949-19-000072,2017-09-24,,,,,,2017,PaymentsForRepurchaseOfCommonStock,False
804328,QUALCOMM INC/DE,22580000000.0,0001728949-20-000067,2018-09-30,,,,,,2018,PaymentsForRepurchaseOfCommonStock,False
804328,QUALCOMM INC/DE,1793000000.0,0001728949-21-000076,2019-09-29,,,,,,2019,PaymentsForRepurchaseOfCommonStock,False
804328,QUALCOMM INC/DE,2450000000.0,0000804328-22-000021,2020-09-27,,,,,,2020,PaymentsForRepurchaseOfCommonStock,False
804328,QUALCOMM INC/DE,3366000000.0,0000804328-23-000055,2021-09-26,,,,,,2021,PaymentsForRepurchaseOfCommonStock,False
804328,QUALCOMM INC/DE,3129000000.0,0000804328-24-000075,2022-09-25,,,,,,2022,PaymentsForRepurchaseOfCommonStock,False
804328,QUALCOMM INC/DE,2973000000.0,0000804328-25-000085,2023-09-24,,,,,,2023,PaymentsForRepurchaseOfCommonStock,False
804328,QUALCOMM INC/DE,4121000000.0,0000804328-25-000085,2024-09-29,,,,,,2024,PaymentsForRepurchaseOfCommonStock,False
804328,QUALCOMM INC/DE,8791000000.0,0000804328-25-000085,2025-09-28,,,,,,2025,PaymentsForRepurchaseOfCommonStock,False
813672,"CADENCE DESIGN SYSTEMS, INC.",333189000.0,0000813672-18-000008,2016-01-02,,,,,,2015,PaymentsForRepurchaseOfCommonStock,False
813672,"CADENCE DESIGN SYSTEMS, INC.",960289000.0,0000813672-19-000008,2016-12-31,,,,,,2016,PaymentsForRepurchaseOfCommonStock,False
813672,"CADENCE DESIGN SYSTEMS, INC.",100025000.0,0000813672-20-000007,2017-12-30,,,,,,2017,PaymentsForRepurchaseOfCommonStock,False
813672,"CADENCE DESIGN SYSTEMS, INC.",250059000.0,0000813672-21-000021,2018-12-29,,,,,,2018,PaymentsForRepurchaseOfCommonStock,False
813672,"CADENCE DESIGN SYSTEMS, INC.",306148000.0,0000813672-22-000012,2019-12-28,,,,,,2019,PaymentsForRepurchaseOfCommonStock,False
813672,"CADENCE DESIGN SYSTEMS, INC.",380064000.0,0000813672-23-000011,2021-01-02,,,,,,2020,PaymentsForRepurchaseOfCommonStock,False
813672,"CADENCE DESIGN SYSTEMS, INC.",612297000.0,0000813672-24-000034,2022-01-01,,,,,,2021,PaymentsForRepurchaseOfCommonStock,False
813672,"CADENCE DESIGN SYSTEMS, INC.",1050091000.0,0000813672-25-000024,2022-12-31,,,,,,2022,PaymentsForRepurchaseOfCommonStock,False
813672,"CADENCE DESIGN SYSTEMS, INC.",700134000.0,0000813672-26-000016,2023-12-31,,,,,,2023,PaymentsForRepurchaseOfCommonStock,False
813672,"CADENCE DESIGN SYSTEMS, INC.",550026000.0,0000813672-26-000016,2024-12-31,,,,,,2024,PaymentsForRepurchaseOfCommonStock,False
813672,"CADENCE DESIGN SYSTEMS, INC.",925034000.0,0000813672-26-000016,2025-12-31,,,,,,2025,PaymentsForRepurchaseOfCommonStock,False
814547,FAIR ISAAC CORP,130719000.0,0000814547-17-000014,2015-09-30,,,,,,2015,PaymentsForRepurchaseOfCommonStock,False
814547,FAIR ISAAC CORP,138399000.0,0000814547-18-000010,2016-09-30,,,,,,2016,PaymentsForRepurchaseOfCommonStock,False
814547,FAIR ISAAC CORP,187629000.0,0000814547-19-000016,2017-09-30,,,,,,2017,PaymentsForRepurchaseOfCommonStock,False
814547,FAIR ISAAC CORP,342596000.0,0000814547-20-000012,2018-09-30,,,,,,2018,PaymentsForRepurchaseOfCommonStock,False
814547,FAIR ISAAC CORP,228894000.0,0000814547-21-000019,2019-09-30,,,,,,2019,PaymentsForRepurchaseOfCommonStock,False
814547,FAIR ISAAC CORPORATION,235223000.0,0000814547-22-000016,2020-09-30,,,,,,2020,PaymentsForRepurchaseOfCommonStock,False
814547,FAIR ISAAC CORPORATION,874179000.0,0000814547-23-000022,2021-09-30,,,,,,2021,PaymentsForRepurchaseOfCommonStock,False
814547,FAIR ISAAC CORP,1104180000.0,0001628280-24-045719,2022-09-30,,,,,,2022,PaymentsForRepurchaseOfCommonStock,False
814547,Fair Isaac Corp,405526000.0,0000814547-25-000030,2023-09-30,,,,,,2023,PaymentsForRepurchaseOfCommonStock,False
814547,Fair Isaac Corp,821702000.0,0000814547-25-000030,2024-09-30,,,,,,2024,PaymentsForRepurchaseOfCommonStock,False
814547,Fair Isaac Corp,1414502000.0,0000814547-25-000030,2025-09-30,,,,,,2025,PaymentsForRepurchaseOfCommonStock,False
815097,Carnival Corporation,533000000.0,0000815097-18-000005,2015-11-30,,,,,,2015,PaymentsForRepurchaseOfCommonStock,False
815097,Carnival Corporation,2340000000.0,0000815097-19-000004,2016-11-30,,,,,,2016,PaymentsForRepurchaseOfCommonStock,False
815097,Carnival Corporation,552000000.0,0000815097-20-000022,2017-11-30,,,,,,2017,PaymentsForRepurchaseOfCommonStock,False
815097,Carnival Corporation,1468000000.0,0000815097-21-000027,2018-11-30,,,,,,2018,PaymentsForRepurchaseOfCommonStock,False
815097,Carnival Corporation,603000000.0,0000815097-22-000009,2019-11-30,,,,,,2019,PaymentsForRepurchaseOfCommonStock,False
815097,Carnival Corporation,12000000.0,0000815097-23-000012,2020-11-30,,,,,,2020,PaymentsForRepurchaseOfCommonStock,False
815097,Carnival Corporation,0.0,0000815097-23-000012,2021-11-30,,,,,,2021,PaymentsForRepurchaseOfCommonStock,False
815097,Carnival Corporation,0.0,0000815097-23-000012,2022-11-30,,,,,,2022,PaymentsForRepurchaseOfCommonStock,False
815556,FASTENAL CO,292900000.0,0000815556-18-000010,2015-12-31,,,,,,2015,PaymentsForRepurchaseOfCommonStock,False
815556,FASTENAL CO,59500000.0,0000815556-19-000015,2016-12-31,,,,,,2016,PaymentsForRepurchaseOfCommonStock,False
815556,FASTENAL CO,82600000.0,0000815556-20-000011,2017-12-31,,,,,,2017,PaymentsForRepurchaseOfCommonStock,False
815556,FASTENAL CO,103000000.0,0000815556-21-000008,2018-12-31,,,,,,2018,PaymentsForRepurchaseOfCommonStock,False
815556,FASTENAL CO,0.0,0000815556-22-000009,2019-12-31,,,,,,2019,PaymentsForRepurchaseOfCommonStock,False
815556,FASTENAL CO,52000000.0,0000815556-23-000009,2020-12-31,,,,,,2020,PaymentsForRepurchaseOfCommonStock,False
815556,FASTENAL CO,0.0,0000815556-24-000009,2021-12-31,,,,,,2021,PaymentsForRepurchaseOfCommonStock,False
815556,FASTENAL CO,237800000.0,0000815556-25-000065,2022-12-31,,,,,,2022,PaymentsForRepurchaseOfCommonStock,False
815556,FASTENAL CO,0.0,0000815556-25-000065,2023-12-31,,,,,,2023,PaymentsForRepurchaseOfCommonStock,False
815556,FASTENAL CO,0.0,0000815556-25-000065,2024-12-31,,,,,,2024,PaymentsForRepurchaseOfCommonStock,False
820027,AMERIPRISE FINANCIAL INC,1741000000.0,0000820027-18-000008,2015-12-31,,,,,,2015,PaymentsForRepurchaseOfCommonStock,False
820027,AMERIPRISE FINANCIAL INC,1707000000.0,0000820027-19-000010,2016-12-31,,,,,,2016,PaymentsForRepurchaseOfCommonStock,False
820027,AMERIPRISE FINANCIAL INC,1485000000.0,0000820027-20-000010,2017-12-31,,,,,,2017,PaymentsForRepurchaseOfCommonStock,False
820027,AMERIPRISE FINANCIAL INC,1630000000.0,0000820027-21-000012,2018-12-31,,,,,,2018,PaymentsForRepurchaseOfCommonStock,False
820027,"AMERIPRISE FINANCIAL, INC.",1943000000.0,0000820027-22-000016,2019-12-31,,,,,,2019,PaymentsForRepurchaseOfCommonStock,False
820027,"AMERIPRISE FINANCIAL, INC.",1441000000.0,0000820027-23-000014,2020-12-31,,,,,,2020,PaymentsForRepurchaseOfCommonStock,False
820027,"AMERIPRISE FINANCIAL, INC.",2030000000.0,0000820027-24-000015,2021-12-31,,,,,,2021,PaymentsForRepurchaseOfCommonStock,False
820027,"AMERIPRISE FINANCIAL, INC.",1978000000.0,0000820027-25-000013,2022-12-31,,,,,,2022,PaymentsForRepurchaseOfCommonStock,False
820027,"AMERIPRISE FINANCIAL, INC.",2127000000.0,0000820027-26-000016,2023-12-31,,,,,,2023,PaymentsForRepurchaseOfCommonStock,False
820027,"AMERIPRISE FINANCIAL, INC.",2448000000.0,0000820027-26-000016,2024-12-31,,,,,,2024,PaymentsForRepurchaseOfCommonStock,False
820027,"AMERIPRISE FINANCIAL, INC.",2907000000.0,0000820027-26-000016,2025-12-31,,,,,,2025,PaymentsForRepurchaseOfCommonStock,False
820313,AMPHENOL CORPORATION,248900000.0,0001558370-18-000871,2015-12-31,,,,,,2015,PaymentsForRepurchaseOfCommonStock,False
820313,AMPHENOL CORPORATION,325800000.0,0001558370-19-000636,2016-12-31,,,,,,2016,PaymentsForRepurchaseOfCommonStock,False
820313,AMPHENOL CORPORATION,618000000.0,0001558370-20-000728,2017-12-31,,,,,,2017,PaymentsForRepurchaseOfCommonStock,False
820313,AMPHENOL CORPORATION,935200000.0,0001558370-21-000881,2018-12-31,,,,,,2018,PaymentsForRepurchaseOfCommonStock,False
820313,AMPHENOL CORPORATION,601700000.0,0001558370-22-000961,2019-12-31,,,,,,2019,PaymentsForRepurchaseOfCommonStock,False
820313,AMPHENOL CORPORATION,641300000.0,0001558370-23-001036,2020-12-31,,,,,,2020,PaymentsForRepurchaseOfCommonStock,False
820313,AMPHENOL CORPORATION,661700000.0,0001558370-24-000866,2021-12-31,,,,,,2021,PaymentsForRepurchaseOfCommonStock,False
820313,AMPHENOL CORPORATION,730500000.0,0001558370-25-000714,2022-12-31,,,,,,2022,PaymentsForRepurchaseOfCommonStock,False
820313,AMPHENOL CORPORATION,585100000.0,0001104659-26-013549,2023-12-31,,,,,,2023,PaymentsForRepurchaseOfCommonStock,False
820313,AMPHENOL CORPORATION,689300000.0,0001104659-26-013549,2024-12-31,,,,,,2024,PaymentsForRepurchaseOfCommonStock,False
820313,AMPHENOL CORPORATION,665200000.0,0001104659-26-013549,2025-12-31,,,,,,2025,PaymentsForRepurchaseOfCommonStock,False
820318,Coherent Corp.,12729000.0,0001564590-17-017901,2015-06-30,,,,,,2015,PaymentsForRepurchaseOfCommonStock,False
820318,Coherent Corp.,6284000.0,0001193125-18-358638,2016-06-30,,,,,,2016,PaymentsForRepurchaseOfCommonStock,False
820318,Coherent Corp.,49875000.0,0000820318-20-000023,2018-06-30,,,,,,2018,PaymentsForRepurchaseOfCommonStock,False
820318,II-VI INC,1616000.0,0000820318-21-000017,2019-06-30,,,,,,2019,PaymentsForRepurchaseOfCommonStock,False
820318,II-VI INCORPORATED,1625000.0,0000820318-22-000019,2020-06-30,,,,,,2020,PaymentsForRepurchaseOfCommonStock,False
820318,II-VI INCORPORATED,0.0,0000820318-22-000019,2021-06-30,,,,,,2021,PaymentsForRepurchaseOfCommonStock,False
820318,II-VI INCORPORATED,0.0,0000820318-22-000019,2022-06-30,,,,,,2022,PaymentsForRepurchaseOfCommonStock,False
821189,"EOG RESOURCES, INC.",48791000.0,0000821189-18-000012,2015-12-31,,,,,,2015,PaymentsForRepurchaseOfCommonStock,False
821189,"EOG RESOURCES, INC.",82125000.0,0000821189-19-000009,2016-12-31,,,,,,2016,PaymentsForRepurchaseOfCommonStock,False
821189,"EOG RESOURCES, INC.",63408000.0,0000821189-20-000010,2017-12-31,,,,,,2017,PaymentsForRepurchaseOfCommonStock,False
821189,"EOG RESOURCES, INC.",63456000.0,0000821189-21-000017,2018-12-31,,,,,,2018,PaymentsForRepurchaseOfCommonStock,False
821189,"EOG RESOURCES, INC.",25000000.0,0000821189-22-000017,2019-12-31,,,,,,2019,PaymentsForRepurchaseOfCommonStock,False
821189,"EOG RESOURCES, INC.",16000000.0,0000821189-23-000015,2020-12-31,,,,,,2020,PaymentsForRepurchaseOfCommonStock,False
821189,"EOG RESOURCES, INC.",41000000.0,0000821189-24-000011,2021-12-31,,,,,,2021,PaymentsForRepurchaseOfCommonStock,False
821189,"EOG RESOURCES, INC.",118000000.0,0000821189-25-000011,2022-12-31,,,,,,2022,PaymentsForRepurchaseOfCommonStock,False
821189,"EOG RESOURCES, INC.",1038000000.0,0000821189-26-000054,2023-12-31,,,,,,2023,PaymentsForRepurchaseOfCommonStock,False
821189,"EOG RESOURCES, INC.",3246000000.0,0000821189-26-000054,2024-12-31,,,,,,2024,PaymentsForRepurchaseOfCommonStock,False
821189,"EOG RESOURCES, INC.",2564000000.0,0000821189-26-000054,2025-12-31,,,,,,2025,PaymentsForRepurchaseOfCommonStock,False
822416,"PULTEGROUP, INC.",442738000.0,0000822416-18-000009,2015-12-31,,,,,,2015,PaymentsForRepurchaseOfCommonStock,False
822416,"PULTEGROUP, INC.",603206000.0,0000822416-19-000008,2016-12-31,,,,,,2016,PaymentsForRepurchaseOfCommonStock,False
822416,"PULTEGROUP, INC.",910331000.0,0000822416-20-000007,2017-12-31,,,,,,2017,PaymentsForRepurchaseOfCommonStock,False
822416,"PULTEGROUP, INC.",294566000.0,0000822416-21-000007,2018-12-31,,,,,,2018,PaymentsForRepurchaseOfCommonStock,False
822416,PULTEGROUP INC/MI/,274333000.0,0000822416-22-000007,2019-12-31,,,,,,2019,PaymentsForRepurchaseOfCommonStock,False
822416,PULTEGROUP INC/MI/,170676000.0,0000822416-23-000007,2020-12-31,,,,,,2020,PaymentsForRepurchaseOfCommonStock,False
822416,PULTEGROUP INC/MI/,897303000.0,0000822416-24-000010,2021-12-31,,,,,,2021,PaymentsForRepurchaseOfCommonStock,False
822416,PULTEGROUP INC/MI/,1074673000.0,0000822416-25-000007,2022-12-31,,,,,,2022,PaymentsForRepurchaseOfCommonStock,False
822416,"PULTEGROUP, INC.",1000000000.0,0000822416-26-000007,2023-12-31,,,,,,2023,PaymentsForRepurchaseOfCommonStock,False
822416,"PULTEGROUP, INC.",1199999000.0,0000822416-26-000007,2024-12-31,,,,,,2024,PaymentsForRepurchaseOfCommonStock,False
822416,"PULTEGROUP, INC.",1199996000.0,0000822416-26-000007,2025-12-31,,,,,,2025,PaymentsForRepurchaseOfCommonStock,False
823768,WASTE MANAGEMENT INC,600000000.0,0001558370-18-000716,2015-12-31,,,,,,2015,PaymentsForRepurchaseOfCommonStock,False
823768,WASTE MANAGEMENT INC,725000000.0,0001558370-19-000662,2016-12-31,,,,,,2016,PaymentsForRepurchaseOfCommonStock,False
823768,WASTE MANAGEMENT INC,750000000.0,0001558370-20-000762,2017-12-31,,,,,,2017,PaymentsForRepurchaseOfCommonStock,False
823768,WASTE MANAGEMENT INC,1004000000.0,0001558370-21-001348,2018-12-31,,,,,,2018,PaymentsForRepurchaseOfCommonStock,False
823768,"Waste Management, Inc",248000000.0,0001558370-22-001179,2019-12-31,,,,,,2019,PaymentsForRepurchaseOfCommonStock,False
823768,"Waste Management, Inc",402000000.0,0001558370-23-000964,2020-12-31,,,,,,2020,PaymentsForRepurchaseOfCommonStock,False
823768,"Waste Management, Inc",1350000000.0,0001558370-24-001049,2021-12-31,,,,,,2021,PaymentsForRepurchaseOfCommonStock,False
823768,"Waste Management, Inc",1500000000.0,0001558370-25-001132,2022-12-31,,,,,,2022,PaymentsForRepurchaseOfCommonStock,False
823768,"Waste Management, Inc",1302000000.0,0001104659-26-012049,2023-12-31,,,,,,2023,PaymentsForRepurchaseOfCommonStock,False
823768,"Waste Management, Inc",262000000.0,0001104659-26-012049,2024-12-31,,,,,,2024,PaymentsForRepurchaseOfCommonStock,False
827052,EDISON INTERNATIONAL,0.0,0000827052-25-000022,2022-12-31,,,,,,2022,PaymentsForRepurchaseOfCommonStock,False
827052,EDISON INTERNATIONAL,0.0,0000827052-26-000012,2023-12-31,,,,,,2023,PaymentsForRepurchaseOfCommonStock,False
827052,EDISON INTERNATIONAL,200000000.0,0000827052-26-000012,2024-12-31,,,,,,2024,PaymentsForRepurchaseOfCommonStock,False
827052,EDISON INTERNATIONAL,32000000.0,0000827052-26-000012,2025-12-31,,,,,,2025,PaymentsForRepurchaseOfCommonStock,False
827054,MICROCHIP TECHNOLOGY INC,363800000.0,0001628280-18-006982,2016-03-31,,,,,,2015,PaymentsForRepurchaseOfCommonStock,False
827054,MICROCHIP TECHNOLOGY INC,0.0,0001628280-18-006982,2017-03-31,,,,,,2016,PaymentsForRepurchaseOfCommonStock,False
827054,MICROCHIP TECHNOLOGY INC,0.0,0001628280-18-006982,2018-03-31,,,,,,2017,PaymentsForRepurchaseOfCommonStock,False
827054,MICROCHIP TECHNOLOGY INCORPORATED,0.0,0000827054-22-000094,2020-03-31,,,,,,2019,PaymentsForRepurchaseOfCommonStock,False
827054,MICROCHIP TECHNOLOGY INCORPORATED,0.0,0000827054-23-000080,2021-03-31,,,,,,2020,PaymentsForRepurchaseOfCommonStock,False
827054,MICROCHIP TECHNOLOGY INCORPORATED,425600000.0,0000827054-24-000098,2022-03-31,,,,,,2021,PaymentsForRepurchaseOfCommonStock,False
827054,MICROCHIP TECHNOLOGY INCORPORATED,945800000.0,0000827054-25-000077,2023-03-31,,,,,,2022,PaymentsForRepurchaseOfCommonStock,False
827054,MICROCHIP TECHNOLOGY INCORPORATED,982100000.0,0000827054-26-000016,2024-03-31,,,,,,2023,PaymentsForRepurchaseOfCommonStock,False
827054,MICROCHIP TECHNOLOGY INCORPORATED,96500000.0,0000827054-26-000016,2025-03-31,,,,,,2024,PaymentsForRepurchaseOfCommonStock,False
827054,MICROCHIP TECHNOLOGY INCORPORATED,0.0,0000827054-26-000016,2026-03-31,,,,,,2025,PaymentsForRepurchaseOfCommonStock,False
829224,Starbucks Corporation,1436100000.0,0000829224-17-000049,2015-09-27,,,,,,2015,PaymentsForRepurchaseOfCommonStock,False
829224,Starbucks Corporation,1995600000.0,0000829224-18-000052,2016-10-02,,,,,,2016,PaymentsForRepurchaseOfCommonStock,False
829224,Starbucks Corporation,2042500000.0,0000829224-19-000051,2017-10-01,,,,,,2017,PaymentsForRepurchaseOfCommonStock,False
829224,Starbucks Corporation,7133500000.0,0000829224-20-000078,2018-09-30,,,,,,2018,PaymentsForRepurchaseOfCommonStock,False
829224,Starbucks Corporation,10222300000.0,0000829224-21-000086,2019-09-29,,,,,,2019,PaymentsForRepurchaseOfCommonStock,False
829224,Starbucks Corporation,1698900000.0,0000829224-22-000058,2020-09-27,,,,,,2020,PaymentsForRepurchaseOfCommonStock,False
829224,Starbucks Corporation,0.0,0000829224-23-000058,2021-10-03,,,,,,2021,PaymentsForRepurchaseOfCommonStock,False
829224,Starbucks Corporation,4013000000.0,0000829224-24-000057,2022-10-02,,,,,,2022,PaymentsForRepurchaseOfCommonStock,False
829224,Starbucks Corporation,984400000.0,0000829224-25-000114,2023-10-01,,,,,,2023,PaymentsForRepurchaseOfCommonStock,False
829224,Starbucks Corporation,1266700000.0,0000829224-25-000114,2024-09-29,,,,,,2024,PaymentsForRepurchaseOfCommonStock,False
829224,Starbucks Corporation,0.0,0000829224-25-000114,2025-09-28,,,,,,2025,PaymentsForRepurchaseOfCommonStock,False
831001,Citigroup Inc.,5452000000.0,0000831001-18-000040,2015-12-31,,,,,,2015,PaymentsForRepurchaseOfCommonStock,False
831001,Citigroup Inc.,9290000000.0,0000831001-19-000027,2016-12-31,,,,,,2016,PaymentsForRepurchaseOfCommonStock,False
831001,Citigroup Inc.,14541000000.0,0000831001-20-000031,2017-12-31,,,,,,2017,PaymentsForRepurchaseOfCommonStock,False
831001,Citigroup Inc.,14433000000.0,0000831001-21-000042,2018-12-31,,,,,,2018,PaymentsForRepurchaseOfCommonStock,False
831001,Citigroup Inc,17571000000.0,0000831001-22-000059,2019-12-31,,,,,,2019,PaymentsForRepurchaseOfCommonStock,False
831001,Citigroup Inc,2925000000.0,0000831001-23-000037,2020-12-31,,,,,,2020,PaymentsForRepurchaseOfCommonStock,False
831001,Citigroup Inc,7601000000.0,0000831001-24-000033,2021-12-31,,,,,,2021,PaymentsForRepurchaseOfCommonStock,False
831001,Citigroup Inc,3250000000.0,0000831001-25-000067,2022-12-31,,,,,,2022,PaymentsForRepurchaseOfCommonStock,False
831001,Citigroup Inc,1977000000.0,0000831001-26-000011,2023-12-31,,,,,,2023,PaymentsForRepurchaseOfCommonStock,False
831001,Citigroup Inc,2474000000.0,0000831001-26-000011,2024-12-31,,,,,,2024,PaymentsForRepurchaseOfCommonStock,False
831001,Citigroup Inc,13250000000.0,0000831001-26-000011,2025-12-31,,,,,,2025,PaymentsForRepurchaseOfCommonStock,False
831259,Freeport-McMoRan Inc.,0.0,0000831259-22-000009,2019-12-31,,,,,,2019,PaymentsForRepurchaseOfCommonStock,False
831259,Freeport-McMoRan Inc.,0.0,0000831259-23-000013,2020-12-31,,,,,,2020,PaymentsForRepurchaseOfCommonStock,False
831259,Freeport-McMoRan Inc.,488000000.0,0000831259-24-000011,2021-12-31,,,,,,2021,PaymentsForRepurchaseOfCommonStock,False
831259,Freeport-McMoRan Inc.,1347000000.0,0000831259-25-000006,2022-12-31,,,,,,2022,PaymentsForRepurchaseOfCommonStock,False
831259,Freeport-McMoRan Inc.,0.0,0000831259-26-000012,2023-12-31,,,,,,2023,PaymentsForRepurchaseOfCommonStock,False
831259,Freeport-McMoRan Inc.,59000000.0,0000831259-26-000012,2024-12-31,,,,,,2024,PaymentsForRepurchaseOfCommonStock,False
831259,Freeport-McMoRan Inc.,107000000.0,0000831259-26-000012,2025-12-31,,,,,,2025,PaymentsForRepurchaseOfCommonStock,False
832101,IDEX CORP,210822000.0,0000832101-18-000019,2015-12-31,,,,,,2015,PaymentsForRepurchaseOfCommonStock,False
832101,IDEX CORP,57272000.0,0000832101-19-000005,2016-12-31,,,,,,2016,PaymentsForRepurchaseOfCommonStock,False
832101,IDEX CORP,29074000.0,0000832101-20-000007,2017-12-31,,,,,,2017,PaymentsForRepurchaseOfCommonStock,False
832101,IDEX CORP,173926000.0,0000832101-21-000017,2018-12-31,,,,,,2018,PaymentsForRepurchaseOfCommonStock,False
832101,IDEX CORP,54700000.0,0000832101-22-000008,2019-12-31,,,,,,2019,PaymentsForRepurchaseOfCommonStock,False
832101,IDEX CORP,110300000.0,0000832101-23-000013,2020-12-31,,,,,,2020,PaymentsForRepurchaseOfCommonStock,False
832101,IDEX CORP,0.0,0000832101-24-000009,2021-12-31,,,,,,2021,PaymentsForRepurchaseOfCommonStock,False
832101,IDEX CORP,148100000.0,0000832101-25-000010,2022-12-31,,,,,,2022,PaymentsForRepurchaseOfCommonStock,False
832101,IDEX CORP,24200000.0,0000832101-26-000003,2023-12-31,,,,,,2023,PaymentsForRepurchaseOfCommonStock,False
832101,IDEX CORP,0.0,0000832101-26-000003,2024-12-31,,,,,,2024,PaymentsForRepurchaseOfCommonStock,False
832101,IDEX CORP,247800000.0,0000832101-26-000003,2025-12-31,,,,,,2025,PaymentsForRepurchaseOfCommonStock,False
833444,JOHNSON CONTROLS INTERNATIONAL PLC,1362000000.0,0000833444-17-000060,2015-09-30,,,,,,2015,PaymentsForRepurchaseOfCommonStock,False
833444,JOHNSON CONTROLS INTERNATIONAL PLC,501000000.0,0000833444-18-000053,2016-09-30,,,,,,2016,PaymentsForRepurchaseOfCommonStock,False
833444,JOHNSON CONTROLS INTERNATIONAL PLC,651000000.0,0000833444-19-000051,2017-09-30,,,,,,2017,PaymentsForRepurchaseOfCommonStock,False
833444,JOHNSON CONTROLS INTERNATIONAL PLC,300000000.0,0000833444-20-000048,2018-09-30,,,,,,2018,PaymentsForRepurchaseOfCommonStock,False
833444,JOHNSON CONTROLS INTERNATIONAL PLC,5983000000.0,0000833444-21-000046,2019-09-30,,,,,,2019,PaymentsForRepurchaseOfCommonStock,False
833444,JOHNSON CONTROLS INTERNATIONAL PLC,2204000000.0,0000833444-22-000043,2020-09-30,,,,,,2020,PaymentsForRepurchaseOfCommonStock,False
833444,JOHNSON CONTROLS INTERNATIONAL PLC,1307000000.0,0000833444-23-000048,2021-09-30,,,,,,2021,PaymentsForRepurchaseOfCommonStock,False
833444,JOHNSON CONTROLS INTERNATIONAL PLC,1441000000.0,0000833444-24-000064,2022-09-30,,,,,,2022,PaymentsForRepurchaseOfCommonStock,False
833444,JOHNSON CONTROLS INTERNATIONAL PLC,625000000.0,0000833444-25-000097,2023-09-30,,,,,,2023,PaymentsForRepurchaseOfCommonStock,False
833444,JOHNSON CONTROLS INTERNATIONAL PLC,1246000000.0,0000833444-25-000097,2024-09-30,,,,,,2024,PaymentsForRepurchaseOfCommonStock,False
833444,JOHNSON CONTROLS INTERNATIONAL PLC,5991000000.0,0000833444-25-000097,2025-09-30,,,,,,2025,PaymentsForRepurchaseOfCommonStock,False
842023,BIO-TECHNE CORPORATION,0.0,0001437749-15-016645,2015-06-30,,,,,,2015,PaymentsForRepurchaseOfCommonStock,False
842023,BIO-TECHNE CORPORATION,0.0,0001437749-20-018754,2018-06-30,,,,,,2018,PaymentsForRepurchaseOfCommonStock,False
842023,BIO-TECHNE Corp,15405000.0,0001437749-21-020980,2019-06-30,,,,,,2019,PaymentsForRepurchaseOfCommonStock,False
842023,BIO-TECHNE Corp,50112000.0,0001558370-22-013935,2020-06-30,,,,,,2020,PaymentsForRepurchaseOfCommonStock,False
842023,BIO-TECHNE Corp,43178000.0,0001558370-23-015226,2021-06-30,,,,,,2021,PaymentsForRepurchaseOfCommonStock,False
842023,BIO-TECHNE Corp,160950000.0,0001558370-24-012430,2022-06-30,,,,,,2022,PaymentsForRepurchaseOfCommonStock,False
842023,BIO-TECHNE Corp,19562000.0,0001558370-25-011716,2023-06-30,,,,,,2023,PaymentsForRepurchaseOfCommonStock,False
842023,BIO-TECHNE Corp,80042000.0,0001104659-26-100322,2024-06-30,,,,,,2024,PaymentsForRepurchaseOfCommonStock,False
842023,BIO-TECHNE Corp,275731000.0,0001104659-26-100322,2025-06-30,,,,,,2025,PaymentsForRepurchaseOfCommonStock,False
842023,BIO-TECHNE Corp,41675000.0,0001104659-26-100322,2026-06-30,,,,,,2026,PaymentsForRepurchaseOfCommonStock,False
849395,CRH public limited company,896000000.0,0001628280-24-007773,2021-12-31,,,,,,2021,PaymentsForRepurchaseOfCommonStock,False
849395,CRH public limited company,1178000000.0,0001628280-25-008179,2022-12-31,,,,,,2022,PaymentsForRepurchaseOfCommonStock,False
849395,CRH public limited company,3067000000.0,0001628280-26-009043,2023-12-31,,,,,,2023,PaymentsForRepurchaseOfCommonStock,False
849395,CRH public limited company,1482000000.0,0001628280-26-009043,2024-12-31,,,,,,2024,PaymentsForRepurchaseOfCommonStock,False
849395,CRH public limited company,1181000000.0,0001628280-26-009043,2025-12-31,,,,,,2025,PaymentsForRepurchaseOfCommonStock,False
849399,Gen Digital Inc.,1868000000.0,0001193125-18-309091,2016-04-01,,,,,,2015,PaymentsForRepurchaseOfCommonStock,False
849399,Gen Digital Inc.,500000000.0,0000849399-19-000005,2017-03-31,,,,,,2016,PaymentsForRepurchaseOfCommonStock,False
849399,Gen Digital Inc.,0.0,0000849399-20-000004,2018-03-30,,,,,,2017,PaymentsForRepurchaseOfCommonStock,False
849399,NortonLifeLock Inc.,234000000.0,0000849399-21-000010,2019-03-29,,,,,,2018,PaymentsForRepurchaseOfCommonStock,False
849399,NortonLifeLock Inc.,1581000000.0,0000849399-22-000013,2020-04-03,,,,,,2019,PaymentsForRepurchaseOfCommonStock,False
849399,Gen Digital Inc.,304000000.0,0000849399-23-000014,2021-04-02,,,,,,2020,PaymentsForRepurchaseOfCommonStock,False
849399,Gen Digital Inc.,0.0,0000849399-24-000036,2022-04-01,,,,,,2021,PaymentsForRepurchaseOfCommonStock,False
849399,Gen Digital Inc.,904000000.0,0000849399-25-000033,2023-03-31,,,,,,2022,PaymentsForRepurchaseOfCommonStock,False
849399,Gen Digital Inc.,441000000.0,0000849399-26-000017,2024-03-29,,,,,,2023,PaymentsForRepurchaseOfCommonStock,False
849399,Gen Digital Inc.,272000000.0,0000849399-26-000017,2025-03-28,,,,,,2024,PaymentsForRepurchaseOfCommonStock,False
849399,Gen Digital Inc.,634000000.0,0000849399-26-000017,2026-04-03,,,,,,2025,PaymentsForRepurchaseOfCommonStock,False
857005,PTC Inc.,64940000.0,0000857005-17-000021,2015-09-30,,,,,,2015,PaymentsForRepurchaseOfCommonStock,False
857005,PTC Inc.,0.0,0000857005-18-000025,2016-09-30,,,,,,2016,PaymentsForRepurchaseOfCommonStock,False
857005,PTC Inc.,50991000.0,0000857005-19-000040,2017-09-30,,,,,,2017,PaymentsForRepurchaseOfCommonStock,False
857005,PTC Inc.,1100000000.0,0001564590-20-054803,2018-09-30,,,,,,2018,PaymentsForRepurchaseOfCommonStock,False
857005,PTC Inc.,114994000.0,0001564590-21-057806,2019-09-30,,,,,,2019,PaymentsForRepurchaseOfCommonStock,False
857005,PTC Inc.,0.0,0000950170-22-025211,2020-09-30,,,,,,2020,PaymentsForRepurchaseOfCommonStock,False
857005,PTC Inc.,30000000.0,0000950123-23-011049,2021-09-30,,,,,,2021,PaymentsForRepurchaseOfCommonStock,False
857005,PTC Inc.,125000000.0,0000950170-24-127231,2022-09-30,,,,,,2022,PaymentsForRepurchaseOfCommonStock,False
857005,PTC Inc.,0.0,0001193125-25-291326,2023-09-30,,,,,,2023,PaymentsForRepurchaseOfCommonStock,False
857005,PTC Inc.,0.0,0001193125-25-291326,2024-09-30,,,,,,2024,PaymentsForRepurchaseOfCommonStock,False
857005,PTC Inc.,299998000.0,0001193125-25-291326,2025-09-30,,,,,,2025,PaymentsForRepurchaseOfCommonStock,False
858877,"CISCO SYSTEMS, INC.",4324000000.0,0000858877-17-000016,2015-07-25,,,,,,2015,PaymentsForRepurchaseOfCommonStock,False
858877,"CISCO SYSTEMS, INC.",3909000000.0,0000858877-18-000011,2016-07-30,,,,,,2016,PaymentsForRepurchaseOfCommonStock,False
858877,"CISCO SYSTEMS, INC.",3685000000.0,0000858877-19-000012,2017-07-29,,,,,,2017,PaymentsForRepurchaseOfCommonStock,False
858877,"CISCO SYSTEMS, INC.",17547000000.0,0000858877-20-000010,2018-07-28,,,,,,2018,PaymentsForRepurchaseOfCommonStock,False
858877,"CISCO SYSTEMS, INC.",20717000000.0,0000858877-21-000013,2019-07-27,,,,,,2019,PaymentsForRepurchaseOfCommonStock,False
858877,"CISCO SYSTEMS, INC.",2659000000.0,0000858877-22-000013,2020-07-25,,,,,,2020,PaymentsForRepurchaseOfCommonStock,False
858877,"CISCO SYSTEMS, INC.",2877000000.0,0000858877-23-000023,2021-07-31,,,,,,2021,PaymentsForRepurchaseOfCommonStock,False
858877,"CISCO SYSTEMS, INC.",7689000000.0,0000858877-24-000017,2022-07-30,,,,,,2022,PaymentsForRepurchaseOfCommonStock,False
858877,"CISCO SYSTEMS, INC.",4293000000.0,0000858877-25-000111,2023-07-29,,,,,,2023,PaymentsForRepurchaseOfCommonStock,False
858877,"CISCO SYSTEMS, INC.",5787000000.0,0000858877-26-000132,2024-07-27,,,,,,2024,PaymentsForRepurchaseOfCommonStock,False
858877,"CISCO SYSTEMS, INC.",6000000000.0,0000858877-26-000132,2025-07-26,,,,,,2025,PaymentsForRepurchaseOfCommonStock,False
858877,"CISCO SYSTEMS, INC.",6106000000.0,0000858877-26-000132,2026-07-25,,,,,,2026,PaymentsForRepurchaseOfCommonStock,False
860730,"HCA Healthcare, Inc.",2397000000.0,0001193125-18-056057,2015-12-31,,,,,,2015,PaymentsForRepurchaseOfCommonStock,False
860730,"HCA Healthcare, Inc.",2751000000.0,0001193125-19-047078,2016-12-31,,,,,,2016,PaymentsForRepurchaseOfCommonStock,False
860730,"HCA Healthcare, Inc.",2051000000.0,0001193125-20-043524,2017-12-31,,,,,,2017,PaymentsForRepurchaseOfCommonStock,False
860730,"HCA Healthcare, Inc.",1530000000.0,0001193125-21-048994,2018-12-31,,,,,,2018,PaymentsForRepurchaseOfCommonStock,False
860730,"HCA Healthcare, Inc.",1031000000.0,0001193125-22-046707,2019-12-31,,,,,,2019,PaymentsForRepurchaseOfCommonStock,False
860730,"HCA Healthcare, Inc.",441000000.0,0001193125-23-155487,2020-12-31,,,,,,2020,PaymentsForRepurchaseOfCommonStock,False
860730,"HCA Healthcare, Inc.",8215000000.0,0000950170-24-016524,2021-12-31,,,,,,2021,PaymentsForRepurchaseOfCommonStock,False
860730,"HCA Healthcare, Inc.",7000000000.0,0000950170-25-020134,2022-12-31,,,,,,2022,PaymentsForRepurchaseOfCommonStock,False
860730,"HCA Healthcare, Inc.",3811000000.0,0001193125-26-044769,2023-12-31,,,,,,2023,PaymentsForRepurchaseOfCommonStock,False
860730,"HCA Healthcare, Inc.",6042000000.0,0001193125-26-044769,2024-12-31,,,,,,2024,PaymentsForRepurchaseOfCommonStock,False
860730,"HCA Healthcare, Inc.",10067000000.0,0001193125-26-044769,2025-12-31,,,,,,2025,PaymentsForRepurchaseOfCommonStock,False
860731,"TYLER TECHNOLOGIES, INC",645000.0,0000860731-18-000011,2015-12-31,,,,,,2015,PaymentsForRepurchaseOfCommonStock,False
860731,"TYLER TECHNOLOGIES, INC",111838000.0,0000860731-19-000009,2016-12-31,,,,,,2016,PaymentsForRepurchaseOfCommonStock,False
860731,"TYLER TECHNOLOGIES, INC",7474000.0,0000860731-20-000008,2017-12-31,,,,,,2017,PaymentsForRepurchaseOfCommonStock,False
860731,"TYLER TECHNOLOGIES, INC",146553000.0,0000860731-21-000014,2018-12-31,,,,,,2018,PaymentsForRepurchaseOfCommonStock,False
860731,"TYLER TECHNOLOGIES, INC.",17786000.0,0000860731-22-000011,2019-12-31,,,,,,2019,PaymentsForRepurchaseOfCommonStock,False
860731,"TYLER TECHNOLOGIES, INC.",15484000.0,0000860731-23-000009,2020-12-31,,,,,,2020,PaymentsForRepurchaseOfCommonStock,False
860731,"TYLER TECHNOLOGIES, INC.",12977000.0,0000860731-24-000006,2021-12-31,,,,,,2021,PaymentsForRepurchaseOfCommonStock,False
860731,"TYLER TECHNOLOGIES, INC.",0.0,0000860731-24-000006,2022-12-31,,,,,,2022,PaymentsForRepurchaseOfCommonStock,False
860731,"TYLER TECHNOLOGIES, INC.",0.0,0000860731-26-000016,2023-12-31,,,,,,2023,PaymentsForRepurchaseOfCommonStock,False
860731,"TYLER TECHNOLOGIES, INC.",0.0,0000860731-26-000016,2024-12-31,,,,,,2024,PaymentsForRepurchaseOfCommonStock,False
860731,"TYLER TECHNOLOGIES, INC.",174650000.0,0000860731-26-000016,2025-12-31,,,,,,2025,PaymentsForRepurchaseOfCommonStock,False
864749,Trimble Inc.,234400000.0,0000864749-18-000010,2016-01-01,,,,,,2015,PaymentsForRepurchaseOfCommonStock,False
864749,Trimble Inc.,119500000.0,0000864749-19-000006,2016-12-30,,,,,,2016,PaymentsForRepurchaseOfCommonStock,False
864749,Trimble Inc.,285300000.0,0000864749-20-000029,2017-12-29,,,,,,2017,PaymentsForRepurchaseOfCommonStock,False
864749,Trimble Inc.,93000000.0,0000864749-21-000029,2018-12-28,,,,,,2018,PaymentsForRepurchaseOfCommonStock,False
864749,TRIMBLE INC.,179800000.0,0000864749-22-000044,2020-01-03,,,,,,2019,PaymentsForRepurchaseOfCommonStock,False
864749,TRIMBLE INC.,81600000.0,0000864749-23-000012,2021-01-01,,,,,,2020,PaymentsForRepurchaseOfCommonStock,False
864749,TRIMBLE INC.,180000000.0,0000864749-25-000011,2021-12-31,,,,,,2021,PaymentsForRepurchaseOfCommonStock,False
864749,TRIMBLE INC.,394700000.0,0000864749-25-000090,2022-12-30,,,,,,2022,PaymentsForRepurchaseOfCommonStock,False
864749,TRIMBLE INC.,100000000.0,0000864749-26-000015,2023-12-29,,,,,,2023,PaymentsForRepurchaseOfCommonStock,False
864749,TRIMBLE INC.,175000000.0,0000864749-26-000015,2025-01-03,,,,,,2024,PaymentsForRepurchaseOfCommonStock,False
864749,TRIMBLE INC.,863400000.0,0000864749-26-000015,2026-01-02,,,,,,2025,PaymentsForRepurchaseOfCommonStock,False
865752,Monster Beverage Corporation,807967000.0,0001104659-18-014057,2015-12-31,,,,,,2015,PaymentsForRepurchaseOfCommonStock,False
865752,Monster Beverage Corporation,2252437000.0,0001104659-19-011581,2016-12-31,,,,,,2016,PaymentsForRepurchaseOfCommonStock,False
865752,Monster Beverage Corporation,361178000.0,0001104659-20-027209,2017-12-31,,,,,,2017,PaymentsForRepurchaseOfCommonStock,False
865752,Monster Beverage Corporation,1342076000.0,0001104659-21-029943,2018-12-31,,,,,,2018,PaymentsForRepurchaseOfCommonStock,False
865752,MONSTER BEVERAGE CORPORATION,707300000.0,0001104659-22-028182,2019-12-31,,,,,,2019,PaymentsForRepurchaseOfCommonStock,False
865752,MONSTER BEVERAGE CORPORATION,595918000.0,0001104659-23-027245,2020-12-31,,,,,,2020,PaymentsForRepurchaseOfCommonStock,False
865752,MONSTER BEVERAGE CORPORATION,13830000.0,0001104659-24-029425,2021-12-31,,,,,,2021,PaymentsForRepurchaseOfCommonStock,False
865752,MONSTER BEVERAGE CORPORATION,771028000.0,0001410578-25-000248,2022-12-31,,,,,,2022,PaymentsForRepurchaseOfCommonStock,False
865752,Monster Beverage Corp,658952000.0,0001104659-26-020831,2023-12-31,,,,,,2023,PaymentsForRepurchaseOfCommonStock,False
865752,Monster Beverage Corp,3771875000.0,0001104659-26-020831,2024-12-31,,,,,,2024,PaymentsForRepurchaseOfCommonStock,False
865752,Monster Beverage Corp,103646000.0,0001104659-26-020831,2025-12-31,,,,,,2025,PaymentsForRepurchaseOfCommonStock,False
866374,FLEX LTD.,420317000.0,0000866374-18-000007,2016-03-31,,,,,,2015,PaymentsForRepurchaseOfCommonStock,False
866374,FLEX LTD.,349532000.0,0000866374-19-000006,2017-03-31,,,,,,2016,PaymentsForRepurchaseOfCommonStock,False
866374,FLEX LTD.,180050000.0,0000866374-20-000009,2018-03-31,,,,,,2017,PaymentsForRepurchaseOfCommonStock,False
866374,FLEX LTD.,189000000.0,0000866374-21-000030,2019-03-31,,,,,,2018,PaymentsForRepurchaseOfCommonStock,False
866374,FLEX LTD.,260000000.0,0000866374-22-000035,2020-03-31,,,,,,2019,PaymentsForRepurchaseOfCommonStock,False
866374,FLEX LTD.,183000000.0,0000866374-23-000028,2021-03-31,,,,,,2020,PaymentsForRepurchaseOfCommonStock,False
866374,FLEX LTD.,686000000.0,0000866374-24-000021,2022-03-31,,,,,,2021,PaymentsForRepurchaseOfCommonStock,False
866374,FLEX LTD.,337000000.0,0000866374-25-000027,2023-03-31,,,,,,2022,PaymentsForRepurchaseOfCommonStock,False
866374,FLEX LTD.,1298000000.0,0000866374-26-000012,2024-03-31,,,,,,2023,PaymentsForRepurchaseOfCommonStock,False
866374,FLEX LTD.,1257000000.0,0000866374-26-000012,2025-03-31,,,,,,2024,PaymentsForRepurchaseOfCommonStock,False
866374,FLEX LTD.,944000000.0,0000866374-26-000012,2026-03-31,,,,,,2025,PaymentsForRepurchaseOfCommonStock,False
866787,AUTOZONE INC,1271416000.0,0001193125-17-319357,2015-08-29,,,,,,2015,PaymentsForRepurchaseOfCommonStock,False
866787,AUTOZONE INC,1452462000.0,0001193125-18-306452,2016-08-27,,,,,,2016,PaymentsForRepurchaseOfCommonStock,False
866787,AUTOZONE INC,1071649000.0,0001193125-19-276201,2017-08-26,,,,,,2017,PaymentsForRepurchaseOfCommonStock,False
866787,AUTOZONE INC,1592013000.0,0001558370-20-011748,2018-08-25,,,,,,2018,PaymentsForRepurchaseOfCommonStock,False
866787,AUTOZONE INC,2004896000.0,0001558370-21-013446,2019-08-31,,,,,,2019,PaymentsForRepurchaseOfCommonStock,False
866787,"AUTOZONE, INC",930903000.0,0001558370-22-015239,2020-08-29,,,,,,2020,PaymentsForRepurchaseOfCommonStock,False
866787,"AUTOZONE, INC",3378321000.0,0001558370-23-016668,2021-08-28,,,,,,2021,PaymentsForRepurchaseOfCommonStock,False
866787,"AUTOZONE, INC",4359991000.0,0001558370-24-013758,2022-08-27,,,,,,2022,PaymentsForRepurchaseOfCommonStock,False
866787,"AUTOZONE, INC",3699552000.0,0001104659-25-102611,2023-08-26,,,,,,2023,PaymentsForRepurchaseOfCommonStock,False
866787,"AUTOZONE, INC",3140917000.0,0001104659-25-102611,2024-08-31,,,,,,2024,PaymentsForRepurchaseOfCommonStock,False
866787,"AUTOZONE, INC",1578186000.0,0001104659-25-102611,2025-08-30,,,,,,2025,PaymentsForRepurchaseOfCommonStock,False
872589,"REGENERON PHARMACEUTICALS, INC.",0.0,0001532176-19-000009,2016-12-31,,,,,,2016,PaymentsForRepurchaseOfCommonStock,False
872589,"REGENERON PHARMACEUTICALS, INC.",0.0,0001532176-20-000008,2017-12-31,,,,,,2017,PaymentsForRepurchaseOfCommonStock,False
872589,"REGENERON PHARMACEUTICALS, INC.",4400000.0,0001804220-21-000008,2018-12-31,,,,,,2018,PaymentsForRepurchaseOfCommonStock,False
872589,"REGENERON PHARMACEUTICALS, INC.",275900000.0,0001804220-22-000007,2019-12-31,,,,,,2019,PaymentsForRepurchaseOfCommonStock,False
872589,"REGENERON PHARMACEUTICALS, INC.",5846800000.0,0001804220-23-000008,2020-12-31,,,,,,2020,PaymentsForRepurchaseOfCommonStock,False
872589,"REGENERON PHARMACEUTICALS, INC.",1645400000.0,0001804220-24-000009,2021-12-31,,,,,,2021,PaymentsForRepurchaseOfCommonStock,False
872589,"REGENERON PHARMACEUTICALS, INC.",2082800000.0,0001804220-25-000011,2022-12-31,,,,,,2022,PaymentsForRepurchaseOfCommonStock,False
872589,"REGENERON PHARMACEUTICALS, INC.",2235000000.0,0000872589-26-000008,2023-12-31,,,,,,2023,PaymentsForRepurchaseOfCommonStock,False
872589,"REGENERON PHARMACEUTICALS, INC.",2603300000.0,0000872589-26-000008,2024-12-31,,,,,,2024,PaymentsForRepurchaseOfCommonStock,False
872589,"REGENERON PHARMACEUTICALS, INC.",3438600000.0,0000872589-26-000008,2025-12-31,,,,,,2025,PaymentsForRepurchaseOfCommonStock,False
874716,IDEXX LABORATORIES INC /DE,401981000.0,0000874716-18-000005,2015-12-31,,,,,,2015,PaymentsForRepurchaseOfCommonStock,False
874716,IDEXX LABORATORIES INC /DE,304086000.0,0000874716-19-000004,2016-12-31,,,,,,2016,PaymentsForRepurchaseOfCommonStock,False
874716,IDEXX LABORATORIES INC /DE,282565000.0,0000874716-20-000006,2017-12-31,,,,,,2017,PaymentsForRepurchaseOfCommonStock,False
874716,IDEXX LABORATORIES INC /DE,369319000.0,0000874716-21-000008,2018-12-31,,,,,,2018,PaymentsForRepurchaseOfCommonStock,False
874716,IDEXX LABORATORIES INC /DE,301658000.0,0000874716-22-000007,2019-12-31,,,,,,2019,PaymentsForRepurchaseOfCommonStock,False
874716,IDEXX LABORATORIES INC /DE,182815000.0,0000874716-23-000006,2020-12-31,,,,,,2020,PaymentsForRepurchaseOfCommonStock,False
874716,IDEXX LABORATORIES INC /DE,746777000.0,0000874716-24-000057,2021-12-31,,,,,,2021,PaymentsForRepurchaseOfCommonStock,False
874716,IDEXX LABORATORIES INC /DE,819711000.0,0000874716-25-000037,2022-12-31,,,,,,2022,PaymentsForRepurchaseOfCommonStock,False
874716,IDEXX LABORATORIES INC /DE,71920000.0,0000874716-26-000038,2023-12-31,,,,,,2023,PaymentsForRepurchaseOfCommonStock,False
874716,IDEXX LABORATORIES INC /DE,837034000.0,0000874716-26-000038,2024-12-31,,,,,,2024,PaymentsForRepurchaseOfCommonStock,False
874716,IDEXX LABORATORIES INC /DE,1216964000.0,0000874716-26-000038,2025-12-31,,,,,,2025,PaymentsForRepurchaseOfCommonStock,False
874761,AES CORP,482000000.0,0000874761-18-000014,2015-12-31,,,,,,2015,PaymentsForRepurchaseOfCommonStock,False
874761,AES CORP,79000000.0,0000874761-19-000012,2016-12-31,,,,,,2016,PaymentsForRepurchaseOfCommonStock,False
874761,AES CORP,0.0,0000874761-19-000012,2017-12-31,,,,,,2017,PaymentsForRepurchaseOfCommonStock,False
874761,AES CORP,0.0,0000874761-19-000012,2018-12-31,,,,,,2018,PaymentsForRepurchaseOfCommonStock,False
874766,"The Hartford Insurance Group, Inc.",1250000000.0,0000874766-18-000011,2015-12-31,,,,,,2015,PaymentsForRepurchaseOfCommonStock,False
874766,"The Hartford Insurance Group, Inc.",1330000000.0,0000874766-19-000018,2016-12-31,,,,,,2016,PaymentsForRepurchaseOfCommonStock,False
874766,"The Hartford Insurance Group, Inc.",1028000000.0,0000874766-20-000020,2017-12-31,,,,,,2017,PaymentsForRepurchaseOfCommonStock,False
874766,"The Hartford Insurance Group, Inc.",0.0,0000874766-21-000022,2018-12-31,,,,,,2018,PaymentsForRepurchaseOfCommonStock,False
874766,"THE HARTFORD FINANCIAL SERVICES GROUP, INC.",200000000.0,0000874766-22-000019,2019-12-31,,,,,,2019,PaymentsForRepurchaseOfCommonStock,False
874766,"THE HARTFORD FINANCIAL SERVICES GROUP, INC.",150000000.0,0000874766-23-000023,2020-12-31,,,,,,2020,PaymentsForRepurchaseOfCommonStock,False
874766,"THE HARTFORD FINANCIAL SERVICES GROUP, INC.",1702000000.0,0000874766-24-000016,2021-12-31,,,,,,2021,PaymentsForRepurchaseOfCommonStock,False
874766,"The Hartford Insurance Group, Inc.",1550000000.0,0000874766-25-000023,2022-12-31,,,,,,2022,PaymentsForRepurchaseOfCommonStock,False
874766,"The Hartford Insurance Group, Inc.",1400000000.0,0000874766-26-000012,2023-12-31,,,,,,2023,PaymentsForRepurchaseOfCommonStock,False
874766,"The Hartford Insurance Group, Inc.",1514000000.0,0000874766-26-000012,2024-12-31,,,,,,2024,PaymentsForRepurchaseOfCommonStock,False
874766,"The Hartford Insurance Group, Inc.",1615000000.0,0000874766-26-000012,2025-12-31,,,,,,2025,PaymentsForRepurchaseOfCommonStock,False
875045,BIOGEN INC.,5000000000.0,0000875045-18-000005,2015-12-31,,,,,,2015,PaymentsForRepurchaseOfCommonStock,False
875045,BIOGEN INC.,1000000000.0,0000875045-19-000006,2016-12-31,,,,,,2016,PaymentsForRepurchaseOfCommonStock,False
875045,BIOGEN INC.,1365400000.0,0000875045-20-000005,2017-12-31,,,,,,2017,PaymentsForRepurchaseOfCommonStock,False
875045,BIOGEN INC.,4352600000.0,0000875045-21-000010,2018-12-31,,,,,,2018,PaymentsForRepurchaseOfCommonStock,False
875045,BIOGEN INC.,5868300000.0,0000875045-22-000007,2019-12-31,,,,,,2019,PaymentsForRepurchaseOfCommonStock,False
875045,BIOGEN INC.,6679100000.0,0000875045-23-000009,2020-12-31,,,,,,2020,PaymentsForRepurchaseOfCommonStock,False
875045,BIOGEN INC.,1800000000.0,0000875045-24-000009,2021-12-31,,,,,,2021,PaymentsForRepurchaseOfCommonStock,False
875045,BIOGEN INC.,750000000.0,0000875045-25-000009,2022-12-31,,,,,,2022,PaymentsForRepurchaseOfCommonStock,False
875045,BIOGEN INC.,0.0,0000875045-25-000009,2023-12-31,,,,,,2023,PaymentsForRepurchaseOfCommonStock,False
875045,BIOGEN INC.,0.0,0000875045-25-000009,2024-12-31,,,,,,2024,PaymentsForRepurchaseOfCommonStock,False
875320,VERTEX PHARMACEUTICALS INC / MA,0.0,0000875320-19-000006,2016-12-31,,,,,,2016,PaymentsForRepurchaseOfCommonStock,False
875320,VERTEX PHARMACEUTICALS INC / MA,0.0,0000875320-20-000007,2017-12-31,,,,,,2017,PaymentsForRepurchaseOfCommonStock,False
875320,VERTEX PHARMACEUTICALS INC / MA,350043000.0,0000875320-21-000006,2018-12-31,,,,,,2018,PaymentsForRepurchaseOfCommonStock,False
875320,VERTEX PHARMACEUTICALS INC / MA,186000000.0,0000875320-22-000007,2019-12-31,,,,,,2019,PaymentsForRepurchaseOfCommonStock,False
875320,VERTEX PHARMACEUTICALS INC / MA,539100000.0,0000875320-23-000007,2020-12-31,,,,,,2020,PaymentsForRepurchaseOfCommonStock,False
875320,VERTEX PHARMACEUTICALS INC / MA,1425400000.0,0000875320-24-000062,2021-12-31,,,,,,2021,PaymentsForRepurchaseOfCommonStock,False
875320,VERTEX PHARMACEUTICALS INC / MA,0.0,0000875320-25-000053,2022-12-31,,,,,,2022,PaymentsForRepurchaseOfCommonStock,False
875320,VERTEX PHARMACEUTICALS INC / MA,427600000.0,0000875320-26-000056,2023-12-31,,,,,,2023,PaymentsForRepurchaseOfCommonStock,False
875320,VERTEX PHARMACEUTICALS INC / MA,1177100000.0,0000875320-26-000056,2024-12-31,,,,,,2024,PaymentsForRepurchaseOfCommonStock,False
875320,VERTEX PHARMACEUTICALS INC / MA,2017400000.0,0000875320-26-000056,2025-12-31,,,,,,2025,PaymentsForRepurchaseOfCommonStock,False
877212,Zebra Technologies Corporation,0.0,0000877212-16-000023,2015-12-31,,,,,,2015,PaymentsForRepurchaseOfCommonStock,False
877212,Zebra Technologies Corporation,0.0,0000877212-20-000006,2017-12-31,,,,,,2017,PaymentsForRepurchaseOfCommonStock,False
877212,Zebra Technologies Corporation,0.0,0000877212-21-000008,2018-12-31,,,,,,2018,PaymentsForRepurchaseOfCommonStock,False
877212,Zebra Technologies Corporation,47000000.0,0000877212-22-000026,2019-12-31,,,,,,2019,PaymentsForRepurchaseOfCommonStock,False
877212,Zebra Technologies Corporation,200000000.0,0000877212-23-000025,2020-12-31,,,,,,2020,PaymentsForRepurchaseOfCommonStock,False
877212,Zebra Technologies Corporation,57000000.0,0000877212-24-000029,2021-12-31,,,,,,2021,PaymentsForRepurchaseOfCommonStock,False
877212,Zebra Technologies Corporation,751000000.0,0000877212-25-000027,2022-12-31,,,,,,2022,PaymentsForRepurchaseOfCommonStock,False
877212,Zebra Technologies Corporation,52000000.0,0001628280-26-007668,2023-12-31,,,,,,2023,PaymentsForRepurchaseOfCommonStock,False
877212,Zebra Technologies Corporation,47000000.0,0001628280-26-007668,2024-12-31,,,,,,2024,PaymentsForRepurchaseOfCommonStock,False
877212,Zebra Technologies Corporation,587000000.0,0001628280-26-007668,2025-12-31,,,,,,2025,PaymentsForRepurchaseOfCommonStock,False
878927,"OLD DOMINION FREIGHT LINE, INC.",114117000.0,0000878927-18-000005,2015-12-31,,,,,,2015,PaymentsForRepurchaseOfCommonStock,False
878927,"OLD DOMINION FREIGHT LINE, INC.",130316000.0,0001564590-19-004755,2016-12-31,,,,,,2016,PaymentsForRepurchaseOfCommonStock,False
878927,"OLD DOMINION FREIGHT LINE, INC.",8013000.0,0001564590-20-006626,2017-12-31,,,,,,2017,PaymentsForRepurchaseOfCommonStock,False
878927,"OLD DOMINION FREIGHT LINE, INC.",163265000.0,0001564590-21-008056,2018-12-31,,,,,,2018,PaymentsForRepurchaseOfCommonStock,False
878927,"OLD DOMINION FREIGHT LINE, INC.",240960000.0,0001564590-22-006303,2019-12-31,,,,,,2019,PaymentsForRepurchaseOfCommonStock,False
878927,"OLD DOMINION FREIGHT LINE, INC.",364057000.0,0000950170-23-003783,2020-12-31,,,,,,2020,PaymentsForRepurchaseOfCommonStock,False
878927,"OLD DOMINION FREIGHT LINE, INC.",536465000.0,0000950170-24-020176,2021-12-31,,,,,,2021,PaymentsForRepurchaseOfCommonStock,False
878927,"OLD DOMINION FREIGHT LINE, INC.",1277219000.0,0000950170-25-026661,2022-12-31,,,,,,2022,PaymentsForRepurchaseOfCommonStock,False
878927,"OLD DOMINION FREIGHT LINE, INC.",453613000.0,0001193125-26-067161,2023-12-31,,,,,,2023,PaymentsForRepurchaseOfCommonStock,False
878927,"OLD DOMINION FREIGHT LINE, INC.",967294000.0,0001193125-26-067161,2024-12-31,,,,,,2024,PaymentsForRepurchaseOfCommonStock,False
878927,"OLD DOMINION FREIGHT LINE, INC.",730338000.0,0001193125-26-067161,2025-12-31,,,,,,2025,PaymentsForRepurchaseOfCommonStock,False
879101,KIMCO REALTY CORPORATION,0.0,0001437749-20-003500,2017-12-31,,,,,,2017,PaymentsForRepurchaseOfCommonStock,False
879101,KIMCO REALTY CORPORATION,75126000.0,0001437749-21-003766,2018-12-31,,,,,,2018,PaymentsForRepurchaseOfCommonStock,False
879101,KIMCO REALTY CORPORATION,0.0,0001437749-21-003766,2019-12-31,,,,,,2019,PaymentsForRepurchaseOfCommonStock,False
879101,KIMCO REALTY CORPORATION,0.0,0001437749-21-003766,2020-12-31,,,,,,2020,PaymentsForRepurchaseOfCommonStock,False
879101,KIMCO REALTY CORPORATION,0.0,0001193125-26-060760,2023-12-31,,,,,,2023,PaymentsForRepurchaseOfCommonStock,False
879101,KIMCO REALTY CORPORATION,0.0,0001193125-26-060760,2024-12-31,,,,,,2024,PaymentsForRepurchaseOfCommonStock,False
879101,KIMCO REALTY CORPORATION,120329000.0,0001193125-26-060760,2025-12-31,,,,,,2025,PaymentsForRepurchaseOfCommonStock,False
879169,INCYTE CORPORATION,0.0,0001628280-25-004633,2022-12-31,,,,,,2022,PaymentsForRepurchaseOfCommonStock,False
879169,INCYTE CORPORATION,0.0,0000879169-26-000010,2023-12-31,,,,,,2023,PaymentsForRepurchaseOfCommonStock,False
879169,INCYTE CORPORATION,2004790000.0,0000879169-26-000010,2024-12-31,,,,,,2024,PaymentsForRepurchaseOfCommonStock,False
879169,INCYTE CORPORATION,0.0,0000879169-26-000010,2025-12-31,,,,,,2025,PaymentsForRepurchaseOfCommonStock,False
882095,"GILEAD SCIENCES, INC.",10002000000.0,0000882095-18-000008,2015-12-31,,,,,,2015,PaymentsForRepurchaseOfCommonStock,False
882095,"GILEAD SCIENCES, INC.",11001000000.0,0000882095-19-000006,2016-12-31,,,,,,2016,PaymentsForRepurchaseOfCommonStock,False
882095,"GILEAD SCIENCES, INC.",954000000.0,0000882095-20-000006,2017-12-31,,,,,,2017,PaymentsForRepurchaseOfCommonStock,False
882095,"GILEAD SCIENCES, INC.",2900000000.0,0000882095-21-000008,2018-12-31,,,,,,2018,PaymentsForRepurchaseOfCommonStock,False
882095,"GILEAD SCIENCES, INC.",1749000000.0,0000882095-22-000007,2019-12-31,,,,,,2019,PaymentsForRepurchaseOfCommonStock,False
882095,"GILEAD SCIENCES, INC.",1583000000.0,0000882095-23-000007,2020-12-31,,,,,,2020,PaymentsForRepurchaseOfCommonStock,False
882095,"GILEAD SCIENCES, INC.",546000000.0,0000882095-24-000007,2021-12-31,,,,,,2021,PaymentsForRepurchaseOfCommonStock,False
882095,"GILEAD SCIENCES, INC.",1396000000.0,0000882095-25-000006,2022-12-31,,,,,,2022,PaymentsForRepurchaseOfCommonStock,False
882095,"GILEAD SCIENCES, INC.",1000000000.0,0000882095-26-000006,2023-12-31,,,,,,2023,PaymentsForRepurchaseOfCommonStock,False
882095,"GILEAD SCIENCES, INC.",1150000000.0,0000882095-26-000006,2024-12-31,,,,,,2024,PaymentsForRepurchaseOfCommonStock,False
882095,"GILEAD SCIENCES, INC.",1922000000.0,0000882095-26-000006,2025-12-31,,,,,,2025,PaymentsForRepurchaseOfCommonStock,False
882184,HORTON D R INC /DE/,0.0,0000882184-17-000103,2015-09-30,,,,,,2015,PaymentsForRepurchaseOfCommonStock,False
882184,HORTON D R INC /DE/,0.0,0000882184-17-000103,2016-09-30,,,,,,2016,PaymentsForRepurchaseOfCommonStock,False
882184,HORTON D R INC /DE/,60600000.0,0000882184-19-000147,2017-09-30,,,,,,2017,PaymentsForRepurchaseOfCommonStock,False
882184,HORTON D R INC /DE/,127500000.0,0000882184-20-000143,2018-09-30,,,,,,2018,PaymentsForRepurchaseOfCommonStock,False
882184,HORTON D R INC /DE/,479800000.0,0000882184-20-000143,2019-09-30,,,,,,2019,PaymentsForRepurchaseOfCommonStock,False
882184,HORTON D R INC /DE/,360400000.0,0000882184-20-000143,2020-09-30,,,,,,2020,PaymentsForRepurchaseOfCommonStock,False
882184,"D.R. Horton, Inc.",874000000.0,0000882184-21-000190,2021-09-30,,,,,,2021,PaymentsForRepurchaseOfCommonStock,False
882184,"D.R. Horton, Inc.",1100000000.0,0000882184-22-000184,2022-09-30,,,,,,2022,PaymentsForRepurchaseOfCommonStock,False
882184,"D.R. Horton, Inc.",1200000000.0,0000882184-23-000115,2023-09-30,,,,,,2023,PaymentsForRepurchaseOfCommonStock,False
882184,"D.R. Horton, Inc.",1800000000.0,0000882184-24-000057,2024-09-30,,,,,,2024,PaymentsForRepurchaseOfCommonStock,False
882184,"D.R. Horton, Inc.",4300000000.0,0000882184-25-000081,2025-09-30,,,,,,2025,PaymentsForRepurchaseOfCommonStock,False
882835,"ROPER TECHNOLOGIES, INC.",0.0,0000882835-26-000009,2023-12-31,,,,,,2023,PaymentsForRepurchaseOfCommonStock,False
882835,"ROPER TECHNOLOGIES, INC.",0.0,0000882835-26-000009,2024-12-31,,,,,,2024,PaymentsForRepurchaseOfCommonStock,False
882835,"ROPER TECHNOLOGIES, INC.",500000000.0,0000882835-26-000009,2025-12-31,,,,,,2025,PaymentsForRepurchaseOfCommonStock,False
883241,"SYNOPSYS, INC",260000000.0,0000883241-17-000014,2015-10-31,,,,,,2015,PaymentsForRepurchaseOfCommonStock,False
883241,"SYNOPSYS, INC",400000000.0,0000883241-18-000012,2016-10-31,,,,,,2016,PaymentsForRepurchaseOfCommonStock,False
883241,"SYNOPSYS, INC",380000000.0,0000883241-19-000019,2017-10-31,,,,,,2017,PaymentsForRepurchaseOfCommonStock,False
883241,"SYNOPSYS, INC",400000000.0,0000883241-20-000015,2018-10-31,,,,,,2018,PaymentsForRepurchaseOfCommonStock,False
883241,SYNOPSYS INC,329185000.0,0000883241-21-000022,2019-10-31,,,,,,2019,PaymentsForRepurchaseOfCommonStock,False
883241,"SYNOPSYS, INC.",242078000.0,0000883241-22-000017,2020-10-31,,,,,,2020,PaymentsForRepurchaseOfCommonStock,False
883241,"SYNOPSYS, INC.",753081000.0,0000883241-23-000019,2021-10-31,,,,,,2021,PaymentsForRepurchaseOfCommonStock,False
883241,"SYNOPSYS, INC.",1100000000.0,0000883241-24-000024,2022-10-31,,,,,,2022,PaymentsForRepurchaseOfCommonStock,False
883241,"SYNOPSYS, INC.",1160724000.0,0000883241-25-000028,2023-10-31,,,,,,2023,PaymentsForRepurchaseOfCommonStock,False
883241,"SYNOPSYS, INC.",0.0,0000883241-25-000028,2024-10-31,,,,,,2024,PaymentsForRepurchaseOfCommonStock,False
883241,"SYNOPSYS, INC.",0.0,0000883241-25-000028,2025-10-31,,,,,,2025,PaymentsForRepurchaseOfCommonStock,False
884887,ROYAL CARIBBEAN CRUISES LTD.,200000000.0,0000884887-18-000017,2015-12-31,,,,,,2015,PaymentsForRepurchaseOfCommonStock,False
884887,ROYAL CARIBBEAN CRUISES LTD.,299960000.0,0000884887-19-000017,2016-12-31,,,,,,2016,PaymentsForRepurchaseOfCommonStock,False
884887,ROYAL CARIBBEAN CRUISES LTD.,224998000.0,0000884887-20-000014,2017-12-31,,,,,,2017,PaymentsForRepurchaseOfCommonStock,False
884887,ROYAL CARIBBEAN CRUISES LTD.,575039000.0,0000884887-21-000006,2018-12-31,,,,,,2018,PaymentsForRepurchaseOfCommonStock,False
884887,ROYAL CARIBBEAN CRUISES LTD,99582000.0,0000884887-22-000008,2019-12-31,,,,,,2019,PaymentsForRepurchaseOfCommonStock,False
884887,ROYAL CARIBBEAN CRUISES LTD,0.0,0000884887-22-000008,2020-12-31,,,,,,2020,PaymentsForRepurchaseOfCommonStock,False
884887,ROYAL CARIBBEAN CRUISES LTD,0.0,0000884887-22-000008,2021-12-31,,,,,,2021,PaymentsForRepurchaseOfCommonStock,False
884887,ROYAL CARIBBEAN CRUISES LTD,0.0,0000884887-26-000007,2023-12-31,,,,,,2023,PaymentsForRepurchaseOfCommonStock,False
884887,ROYAL CARIBBEAN CRUISES LTD,0.0,0000884887-26-000007,2024-12-31,,,,,,2024,PaymentsForRepurchaseOfCommonStock,False
884887,ROYAL CARIBBEAN CRUISES LTD,1159000000.0,0000884887-26-000007,2025-12-31,,,,,,2025,PaymentsForRepurchaseOfCommonStock,False
885725,BOSTON SCIENTIFIC CORPORATION,0.0,0000885725-17-000006,2015-12-31,,,,,,2015,PaymentsForRepurchaseOfCommonStock,False
885725,BOSTON SCIENTIFIC CORPORATION,0.0,0000885725-17-000006,2016-12-31,,,,,,2016,PaymentsForRepurchaseOfCommonStock,False
885725,BOSTON SCIENTIFIC CORPORATION,0.0,0000885725-21-000008,2018-12-31,,,,,,2018,PaymentsForRepurchaseOfCommonStock,False
885725,BOSTON SCIENTIFIC CORPORATION,0.0,0000885725-22-000006,2019-12-31,,,,,,2019,PaymentsForRepurchaseOfCommonStock,False
885725,BOSTON SCIENTIFIC CORPORATION,535000000.0,0000885725-23-000008,2020-12-31,,,,,,2020,PaymentsForRepurchaseOfCommonStock,False
885725,BOSTON SCIENTIFIC CORPORATION,0.0,0000885725-23-000008,2021-12-31,,,,,,2021,PaymentsForRepurchaseOfCommonStock,False
885725,BOSTON SCIENTIFIC CORPORATION,0.0,0000885725-23-000008,2022-12-31,,,,,,2022,PaymentsForRepurchaseOfCommonStock,False
886982,"The Goldman Sachs Group, Inc.",4135000000.0,0001193125-18-056383,2015-12-31,,,,,,2015,PaymentsForRepurchaseOfCommonStock,False
886982,"The Goldman Sachs Group, Inc.",6078000000.0,0001193125-19-050198,2016-12-31,,,,,,2016,PaymentsForRepurchaseOfCommonStock,False
886982,"The Goldman Sachs Group, Inc.",6772000000.0,0001193125-20-043853,2017-12-31,,,,,,2017,PaymentsForRepurchaseOfCommonStock,False
886982,"The Goldman Sachs Group, Inc.",3294000000.0,0001193125-21-049380,2018-12-31,,,,,,2018,PaymentsForRepurchaseOfCommonStock,False
886982,"The Goldman Sachs Group, Inc.",5335000000.0,0001193125-22-052682,2019-12-31,,,,,,2019,PaymentsForRepurchaseOfCommonStock,False
886982,"The Goldman Sachs Group, Inc.",1928000000.0,0000886982-23-000003,2020-12-31,,,,,,2020,PaymentsForRepurchaseOfCommonStock,False
886982,"The Goldman Sachs Group, Inc.",5200000000.0,0000886982-24-000006,2021-12-31,,,,,,2021,PaymentsForRepurchaseOfCommonStock,False
886982,"The Goldman Sachs Group, Inc.",3500000000.0,0000886982-25-000005,2022-12-31,,,,,,2022,PaymentsForRepurchaseOfCommonStock,False
886982,"The Goldman Sachs Group, Inc.",5796000000.0,0000886982-26-000091,2023-12-31,,,,,,2023,PaymentsForRepurchaseOfCommonStock,False
886982,"The Goldman Sachs Group, Inc.",8000000000.0,0000886982-26-000091,2024-12-31,,,,,,2024,PaymentsForRepurchaseOfCommonStock,False
886982,"The Goldman Sachs Group, Inc.",12360000000.0,0000886982-26-000091,2025-12-31,,,,,,2025,PaymentsForRepurchaseOfCommonStock,False
895126,CHESAPEAKE ENERGY CORPORATION,0.0,0000895126-23-000022,2020-12-31,,,,,,2020,PaymentsForRepurchaseOfCommonStock,False
895126,CHESAPEAKE ENERGY CORPORATION,0.0,0000895126-24-000013,2021-12-31,,,,,,2021,PaymentsForRepurchaseOfCommonStock,False
895126,EXPAND ENERGY CORPORATION,1073000000.0,0000895126-25-000021,2022-12-31,,,,,,2022,PaymentsForRepurchaseOfCommonStock,False
895126,EXPAND ENERGY CORPORATION,355000000.0,0000895126-26-000011,2023-12-31,,,,,,2023,PaymentsForRepurchaseOfCommonStock,False
895126,EXPAND ENERGY CORPORATION,0.0,0000895126-26-000011,2024-12-31,,,,,,2024,PaymentsForRepurchaseOfCommonStock,False
895126,EXPAND ENERGY CORPORATION,100000000.0,0000895126-26-000011,2025-12-31,,,,,,2025,PaymentsForRepurchaseOfCommonStock,False
896159,CHUBB LIMITED,758000000.0,0000896159-18-000002,2015-12-31,,,,,,2015,PaymentsForRepurchaseOfCommonStock,False
896159,CHUBB LIMITED,801000000.0,0000896159-20-000003,2017-12-31,,,,,,2017,PaymentsForRepurchaseOfCommonStock,False
896159,CHUBB LIMITED,1044000000.0,0000896159-21-000003,2018-12-31,,,,,,2018,PaymentsForRepurchaseOfCommonStock,False
896159,CHUBB LIMITED,1530000000.0,0000896159-22-000005,2019-12-31,,,,,,2019,PaymentsForRepurchaseOfCommonStock,False
896159,CHUBB LIMITED,523000000.0,0000896159-23-000007,2020-12-31,,,,,,2020,PaymentsForRepurchaseOfCommonStock,False
896159,CHUBB LIMITED,4861000000.0,0000896159-24-000003,2021-12-31,,,,,,2021,PaymentsForRepurchaseOfCommonStock,False
896159,CHUBB LIMITED,2894000000.0,0000896159-25-000004,2022-12-31,,,,,,2022,PaymentsForRepurchaseOfCommonStock,False
896159,CHUBB LIMITED,2411000000.0,0000896159-26-000005,2023-12-31,,,,,,2023,PaymentsForRepurchaseOfCommonStock,False
896159,CHUBB LIMITED,1801000000.0,0000896159-26-000005,2024-12-31,,,,,,2024,PaymentsForRepurchaseOfCommonStock,False
896159,CHUBB LIMITED,3694000000.0,0000896159-26-000005,2025-12-31,,,,,,2025,PaymentsForRepurchaseOfCommonStock,False
896878,INTUIT INC.,1245000000.0,0000896878-17-000130,2015-07-31,,,,,,2015,PaymentsForRepurchaseOfCommonStock,False
896878,INTUIT INC.,2264000000.0,0000896878-18-000171,2016-07-31,,,,,,2016,PaymentsForRepurchaseOfCommonStock,False
896878,INTUIT INC.,839000000.0,0000896878-19-000132,2017-07-31,,,,,,2017,PaymentsForRepurchaseOfCommonStock,False
896878,INTUIT INC.,272000000.0,0000896878-20-000148,2018-07-31,,,,,,2018,PaymentsForRepurchaseOfCommonStock,False
896878,INTUIT INC,556000000.0,0000896878-21-000233,2019-07-31,,,,,,2019,PaymentsForRepurchaseOfCommonStock,False
896878,INTUIT INC,323000000.0,0000896878-22-000028,2020-07-31,,,,,,2020,PaymentsForRepurchaseOfCommonStock,False
896878,INTUIT INC.,1005000000.0,0000896878-23-000034,2021-07-31,,,,,,2021,PaymentsForRepurchaseOfCommonStock,False
896878,INTUIT INC.,1861000000.0,0000896878-24-000039,2022-07-31,,,,,,2022,PaymentsForRepurchaseOfCommonStock,False
896878,INTUIT INC.,1967000000.0,0000896878-25-000050,2023-07-31,,,,,,2023,PaymentsForRepurchaseOfCommonStock,False
896878,INTUIT INC.,1988000000.0,0000896878-26-000037,2024-07-31,,,,,,2024,PaymentsForRepurchaseOfCommonStock,False
896878,INTUIT INC.,2772000000.0,0000896878-26-000037,2025-07-31,,,,,,2025,PaymentsForRepurchaseOfCommonStock,False
896878,INTUIT INC.,5412000000.0,0000896878-26-000037,2026-07-31,,,,,,2026,PaymentsForRepurchaseOfCommonStock,False
898173,O Reilly Automotive Inc,1136213000.0,0000898173-18-000077,2015-12-31,,,,,,2015,PaymentsForRepurchaseOfCommonStock,False
898173,O Reilly Automotive Inc,1505437000.0,0000898173-19-000060,2016-12-31,,,,,,2016,PaymentsForRepurchaseOfCommonStock,False
898173,O Reilly Automotive Inc,2172530000.0,0000898173-20-000007,2017-12-31,,,,,,2017,PaymentsForRepurchaseOfCommonStock,False
898173,O Reilly Automotive Inc,1714013000.0,0000898173-21-000012,2018-12-31,,,,,,2018,PaymentsForRepurchaseOfCommonStock,False
898173,O Reilly Automotive Inc,1432791000.0,0000898173-22-000012,2019-12-31,,,,,,2019,PaymentsForRepurchaseOfCommonStock,False
898173,O Reilly Automotive Inc,2087194000.0,0000898173-23-000011,2020-12-31,,,,,,2020,PaymentsForRepurchaseOfCommonStock,False
898173,O Reilly Automotive Inc,2476048000.0,0000898173-24-000009,2021-12-31,,,,,,2021,PaymentsForRepurchaseOfCommonStock,False
898173,O Reilly Automotive Inc,3282265000.0,0000898173-25-000008,2022-12-31,,,,,,2022,PaymentsForRepurchaseOfCommonStock,False
898173,O Reilly Automotive Inc,3151155000.0,0000898173-26-000009,2023-12-31,,,,,,2023,PaymentsForRepurchaseOfCommonStock,False
898173,O Reilly Automotive Inc,2076529000.0,0000898173-26-000009,2024-12-31,,,,,,2024,PaymentsForRepurchaseOfCommonStock,False
898173,O Reilly Automotive Inc,2096962000.0,0000898173-26-000009,2025-12-31,,,,,,2025,PaymentsForRepurchaseOfCommonStock,False
898293,Jabil Inc.,85576000.0,0001193125-17-313834,2015-08-31,,,,,,2015,PaymentsForRepurchaseOfCommonStock,False
898293,Jabil Inc.,148340000.0,0001193125-18-303041,2016-08-31,,,,,,2016,PaymentsForRepurchaseOfCommonStock,False
898293,Jabil Inc.,306640000.0,0001193125-19-271646,2017-08-31,,,,,,2017,PaymentsForRepurchaseOfCommonStock,False
898293,Jabil Inc.,450319000.0,0001193125-20-274411,2018-08-31,,,,,,2018,PaymentsForRepurchaseOfCommonStock,False
898293,JABIL INC,350000000.0,0001193125-21-305429,2019-08-31,,,,,,2019,PaymentsForRepurchaseOfCommonStock,False
898293,JABIL INC,215000000.0,0001193125-22-268383,2020-08-31,,,,,,2020,PaymentsForRepurchaseOfCommonStock,False
898293,JABIL INC,428000000.0,0001193125-23-259599,2021-08-31,,,,,,2021,PaymentsForRepurchaseOfCommonStock,False
898293,JABIL INC,696000000.0,0001628280-24-043960,2022-08-31,,,,,,2022,PaymentsForRepurchaseOfCommonStock,False
898293,JABIL INC,487000000.0,0001628280-25-045293,2023-08-31,,,,,,2023,PaymentsForRepurchaseOfCommonStock,False
898293,JABIL INC,2500000000.0,0001628280-25-045293,2024-08-31,,,,,,2024,PaymentsForRepurchaseOfCommonStock,False
898293,JABIL INC,1000000000.0,0001628280-25-045293,2025-08-31,,,,,,2025,PaymentsForRepurchaseOfCommonStock,False
899051,ALLSTATE CORP,2808000000.0,0000899051-18-000007,2015-12-31,,,,,,2015,PaymentsForRepurchaseOfCommonStock,False
899051,ALLSTATE CORP,1337000000.0,0000899051-19-000031,2016-12-31,,,,,,2016,PaymentsForRepurchaseOfCommonStock,False
899051,ALLSTATE CORP,1495000000.0,0000899051-20-000013,2017-12-31,,,,,,2017,PaymentsForRepurchaseOfCommonStock,False
899051,ALLSTATE CORP,2303000000.0,0000899051-21-000011,2018-12-31,,,,,,2018,PaymentsForRepurchaseOfCommonStock,False
899051,ALLSTATE CORP,1735000000.0,0000899051-22-000015,2019-12-31,,,,,,2019,PaymentsForRepurchaseOfCommonStock,False
899051,ALLSTATE CORP,1737000000.0,0000899051-23-000020,2020-12-31,,,,,,2020,PaymentsForRepurchaseOfCommonStock,False
899051,ALLSTATE CORP,3120000000.0,0000899051-24-000013,2021-12-31,,,,,,2021,PaymentsForRepurchaseOfCommonStock,False
899051,ALLSTATE CORP,2520000000.0,0000899051-25-000015,2022-12-31,,,,,,2022,PaymentsForRepurchaseOfCommonStock,False
899051,ALLSTATE CORP,335000000.0,0000899051-26-000031,2023-12-31,,,,,,2023,PaymentsForRepurchaseOfCommonStock,False
899051,ALLSTATE CORP,2000000.0,0000899051-26-000031,2024-12-31,,,,,,2024,PaymentsForRepurchaseOfCommonStock,False
899051,ALLSTATE CORP,1233000000.0,0000899051-26-000031,2025-12-31,,,,,,2025,PaymentsForRepurchaseOfCommonStock,False
900075,"COPART, INC.",233484000.0,0000900075-17-000044,2015-07-31,,,,,,2015,PaymentsForRepurchaseOfCommonStock,False
900075,"COPART, INC.",442855000.0,0000900075-18-000048,2016-07-31,,,,,,2016,PaymentsForRepurchaseOfCommonStock,False
900075,"COPART, INC.",0.0,0000900075-19-000022,2017-07-31,,,,,,2017,PaymentsForRepurchaseOfCommonStock,False
900075,"COPART, INC.",0.0,0000900075-20-000021,2018-07-31,,,,,,2018,PaymentsForRepurchaseOfCommonStock,False
900075,COPART INC,364997000.0,0000900075-21-000022,2019-07-31,,,,,,2019,PaymentsForRepurchaseOfCommonStock,False
900075,COPART INC,0.0,0000900075-21-000022,2020-07-31,,,,,,2020,PaymentsForRepurchaseOfCommonStock,False
900075,COPART INC,0.0,0000900075-21-000022,2021-07-31,,,,,,2021,PaymentsForRepurchaseOfCommonStock,False
906107,EQUITY RESIDENTIAL,0.0,0000906107-17-000007,2015-12-31,,,,,,2015,PaymentsForRepurchaseOfCommonStock,False
906107,EQUITY RESIDENTIAL,0.0,0000906107-17-000007,2016-12-31,,,,,,2016,PaymentsForRepurchaseOfCommonStock,False
906107,EQUITY RESIDENTIAL,49105000.0,0001193125-26-051433,2023-12-31,,,,,,2023,PaymentsForRepurchaseOfCommonStock,False
906107,EQUITY RESIDENTIAL,38474000.0,0001193125-26-051433,2024-12-31,,,,,,2024,PaymentsForRepurchaseOfCommonStock,False
906107,EQUITY RESIDENTIAL,280720000.0,0001193125-26-051433,2025-12-31,,,,,,2025,PaymentsForRepurchaseOfCommonStock,False
906163,"NVR, Inc.",431367000.0,0000906163-18-000007,2015-12-31,,,,,,2015,PaymentsForRepurchaseOfCommonStock,False
906163,"NVR, Inc.",455351000.0,0000906163-19-000029,2016-12-31,,,,,,2016,PaymentsForRepurchaseOfCommonStock,False
906163,"NVR, Inc.",422166000.0,0000906163-20-000026,2017-12-31,,,,,,2017,PaymentsForRepurchaseOfCommonStock,False
906163,"NVR, Inc.",846134000.0,0000906163-21-000017,2018-12-31,,,,,,2018,PaymentsForRepurchaseOfCommonStock,False
906163,"NVR, Inc.",698417000.0,0000906163-22-000008,2019-12-31,,,,,,2019,PaymentsForRepurchaseOfCommonStock,False
906163,"NVR, Inc.",371078000.0,0000906163-23-000023,2020-12-31,,,,,,2020,PaymentsForRepurchaseOfCommonStock,False
906163,"NVR, Inc.",1538019000.0,0000906163-24-000033,2021-12-31,,,,,,2021,PaymentsForRepurchaseOfCommonStock,False
906163,"NVR, Inc.",1500358000.0,0000906163-25-000011,2022-12-31,,,,,,2022,PaymentsForRepurchaseOfCommonStock,False
906163,"NVR, Inc.",1081815000.0,0000906163-26-000018,2023-12-31,,,,,,2023,PaymentsForRepurchaseOfCommonStock,False
906163,"NVR, Inc.",2057677000.0,0000906163-26-000018,2024-12-31,,,,,,2024,PaymentsForRepurchaseOfCommonStock,False
906163,"NVR, Inc.",1833316000.0,0000906163-26-000018,2025-12-31,,,,,,2025,PaymentsForRepurchaseOfCommonStock,False
906345,CAMDEN PROPERTY TRUST,0.0,0000906345-25-000008,2022-12-31,,,,,,2022,PaymentsForRepurchaseOfCommonStock,False
906345,CAMDEN PROPERTY TRUST,0.0,0001628280-26-007697,2023-12-31,,,,,,2023,PaymentsForRepurchaseOfCommonStock,False
906345,CAMDEN PROPERTY TRUST,49997000.0,0001628280-26-007697,2024-12-31,,,,,,2024,PaymentsForRepurchaseOfCommonStock,False
906345,CAMDEN PROPERTY TRUST,270654000.0,0001628280-26-007697,2025-12-31,,,,,,2025,PaymentsForRepurchaseOfCommonStock,False
909832,COSTCO WHOLESALE CORP /NEW,481000000.0,0000909832-17-000014,2015-08-30,,,,,,2015,PaymentsForRepurchaseOfCommonStock,False
909832,COSTCO WHOLESALE CORP /NEW,486000000.0,0000909832-18-000013,2016-08-28,,,,,,2016,PaymentsForRepurchaseOfCommonStock,False
909832,COSTCO WHOLESALE CORP /NEW,469000000.0,0000909832-19-000019,2017-09-03,,,,,,2017,PaymentsForRepurchaseOfCommonStock,False
909832,COSTCO WHOLESALE CORP /NEW,328000000.0,0000909832-20-000017,2018-09-02,,,,,,2018,PaymentsForRepurchaseOfCommonStock,False
909832,COSTCO WHOLESALE CORP /NEW,247000000.0,0000909832-21-000014,2019-09-01,,,,,,2019,PaymentsForRepurchaseOfCommonStock,False
909832,COSTCO WHOLESALE CORP /NEW,196000000.0,0000909832-22-000021,2020-08-30,,,,,,2020,PaymentsForRepurchaseOfCommonStock,False
909832,COSTCO WHOLESALE CORP /NEW,496000000.0,0000909832-23-000042,2021-08-29,,,,,,2021,PaymentsForRepurchaseOfCommonStock,False
909832,COSTCO WHOLESALE CORP /NEW,439000000.0,0000909832-24-000049,2022-08-28,,,,,,2022,PaymentsForRepurchaseOfCommonStock,False
909832,COSTCO WHOLESALE CORP /NEW,676000000.0,0000909832-25-000101,2023-09-03,,,,,,2023,PaymentsForRepurchaseOfCommonStock,False
909832,COSTCO WHOLESALE CORP /NEW,700000000.0,0000909832-25-000101,2024-09-01,,,,,,2024,PaymentsForRepurchaseOfCommonStock,False
909832,COSTCO WHOLESALE CORP /NEW,903000000.0,0000909832-25-000101,2025-08-31,,,,,,2025,PaymentsForRepurchaseOfCommonStock,False
910521,DECKERS OUTDOOR CORP,94200000.0,0000910521-18-000015,2016-03-31,,,,,,2015,PaymentsForRepurchaseOfCommonStock,False
910521,DECKERS OUTDOOR CORP,12572000.0,0000910521-19-000011,2017-03-31,,,,,,2016,PaymentsForRepurchaseOfCommonStock,False
910521,DECKERS OUTDOOR CORP,149687000.0,0000910521-20-000016,2018-03-31,,,,,,2017,PaymentsForRepurchaseOfCommonStock,False
910521,DECKERS OUTDOOR CORP,161395000.0,0000910521-21-000017,2019-03-31,,,,,,2018,PaymentsForRepurchaseOfCommonStock,False
910521,DECKERS OUTDOOR CORP,190405000.0,0000910521-22-000017,2020-03-31,,,,,,2019,PaymentsForRepurchaseOfCommonStock,False
910521,DECKERS OUTDOOR CORP,99147000.0,0000910521-23-000016,2021-03-31,,,,,,2020,PaymentsForRepurchaseOfCommonStock,False
910521,DECKERS OUTDOOR CORP,356653000.0,0000910521-24-000017,2022-03-31,,,,,,2021,PaymentsForRepurchaseOfCommonStock,False
910521,DECKERS OUTDOOR CORP,297372000.0,0000910521-25-000017,2023-03-31,,,,,,2022,PaymentsForRepurchaseOfCommonStock,False
910521,DECKERS OUTDOOR CORP,414931000.0,0001628280-26-037664,2024-03-31,,,,,,2023,PaymentsForRepurchaseOfCommonStock,False
910521,DECKERS OUTDOOR CORP,567002000.0,0001628280-26-037664,2025-03-31,,,,,,2024,PaymentsForRepurchaseOfCommonStock,False
910521,DECKERS OUTDOOR CORP,1075100000.0,0001628280-26-037664,2026-03-31,,,,,,2025,PaymentsForRepurchaseOfCommonStock,False
910606,REGENCY CENTERS CORPORATION,0.0,0001564590-20-004859,2017-12-31,,,,,,2017,PaymentsForRepurchaseOfCommonStock,False
910606,REGENCY CENTERS CORPORATION,213851000.0,0001564590-21-006390,2018-12-31,,,,,,2018,PaymentsForRepurchaseOfCommonStock,False
910606,REGENCY CENTERS CORPORATION,32778000.0,0000950170-22-001418,2019-12-31,,,,,,2019,PaymentsForRepurchaseOfCommonStock,False
910606,REGENCY CENTERS CORPORATION,0.0,0001564590-21-006390,2020-12-31,,,,,,2020,PaymentsForRepurchaseOfCommonStock,False
910606,REGENCY CENTERS CORPORATION,75419000.0,0000950170-25-021359,2022-12-31,,,,,,2022,PaymentsForRepurchaseOfCommonStock,False
910606,REGENCY CENTERS CORPORATION,20006000.0,0001193125-26-051668,2023-12-31,,,,,,2023,PaymentsForRepurchaseOfCommonStock,False
910606,REGENCY CENTERS CORPORATION,200066000.0,0001193125-26-051668,2024-12-31,,,,,,2024,PaymentsForRepurchaseOfCommonStock,False
912595,"MID-AMERICA APARTMENT COMMUNITIES, INC.",0.0,0001193125-26-041208,2023-12-31,,,,,,2023,PaymentsForRepurchaseOfCommonStock,False
912595,"MID-AMERICA APARTMENT COMMUNITIES, INC.",0.0,0001193125-26-041208,2024-12-31,,,,,,2024,PaymentsForRepurchaseOfCommonStock,False
912595,"MID-AMERICA APARTMENT COMMUNITIES, INC.",27235000.0,0001193125-26-041208,2025-12-31,,,,,,2025,PaymentsForRepurchaseOfCommonStock,False
914208,Invesco Ltd.,623700000.0,0000914208-18-000255,2015-12-31,,,,,,2015,PaymentsForRepurchaseOfCommonStock,False
914208,Invesco Ltd.,535000000.0,0000914208-19-000195,2016-12-31,,,,,,2016,PaymentsForRepurchaseOfCommonStock,False
914208,Invesco Ltd.,63800000.0,0000914208-19-000195,2017-12-31,,,,,,2017,PaymentsForRepurchaseOfCommonStock,False
914208,Invesco Ltd.,0.0,0000914208-20-000245,2018-12-31,,,,,,2018,PaymentsForRepurchaseOfCommonStock,False
914208,Invesco Ltd.,110800000.0,0000914208-21-000331,2019-12-31,,,,,,2019,PaymentsForRepurchaseOfCommonStock,False
914208,Invesco Ltd.,60900000.0,0000914208-24-000219,2021-12-31,,,,,,2021,PaymentsForRepurchaseOfCommonStock,False
914208,Invesco Ltd.,244700000.0,0000914208-25-000114,2022-12-31,,,,,,2022,PaymentsForRepurchaseOfCommonStock,False
914208,Invesco Ltd.,187500000.0,0000914208-26-000079,2023-12-31,,,,,,2023,PaymentsForRepurchaseOfCommonStock,False
914208,Invesco Ltd.,79300000.0,0000914208-26-000079,2024-12-31,,,,,,2024,PaymentsForRepurchaseOfCommonStock,False
914208,Invesco Ltd.,123600000.0,0000914208-26-000079,2025-12-31,,,,,,2025,PaymentsForRepurchaseOfCommonStock,False
915913,ALBEMARLE CORPORATION,0.0,0000915913-18-000005,2015-12-31,,,,,,2015,PaymentsForRepurchaseOfCommonStock,False
915913,ALBEMARLE CORPORATION,0.0,0000915913-19-000021,2016-12-31,,,,,,2016,PaymentsForRepurchaseOfCommonStock,False
915913,ALBEMARLE CORPORATION,250000000.0,0000915913-20-000040,2017-12-31,,,,,,2017,PaymentsForRepurchaseOfCommonStock,False
915913,ALBEMARLE CORPORATION,500000000.0,0000915913-21-000018,2018-12-31,,,,,,2018,PaymentsForRepurchaseOfCommonStock,False
915913,ALBEMARLE CORPORATION,0.0,0000915913-21-000018,2019-12-31,,,,,,2019,PaymentsForRepurchaseOfCommonStock,False
915913,ALBEMARLE CORPORATION,0.0,0000915913-21-000018,2020-12-31,,,,,,2020,PaymentsForRepurchaseOfCommonStock,False
916076,"MARTIN MARIETTA MATERIALS, INC.",519962000.0,0001193125-18-055887,2015-12-31,,,,,,2015,PaymentsForRepurchaseOfCommonStock,False
916076,"MARTIN MARIETTA MATERIALS, INC.",259228000.0,0001193125-19-049961,2016-12-31,,,,,,2016,PaymentsForRepurchaseOfCommonStock,False
916076,"MARTIN MARIETTA MATERIALS, INC.",100000000.0,0001564590-20-005784,2017-12-31,,,,,,2017,PaymentsForRepurchaseOfCommonStock,False
916076,"MARTIN MARIETTA MATERIALS, INC.",100400000.0,0001564590-21-006959,2018-12-31,,,,,,2018,PaymentsForRepurchaseOfCommonStock,False
916076,"MARTIN MARIETTA MATERIALS, INC.",98200000.0,0001564590-22-005965,2019-12-31,,,,,,2019,PaymentsForRepurchaseOfCommonStock,False
916076,"MARTIN MARIETTA MATERIALS, INC.",50000000.0,0000950170-23-004361,2020-12-31,,,,,,2020,PaymentsForRepurchaseOfCommonStock,False
916076,"MARTIN MARIETTA MATERIALS, INC.",0.0,0000950170-24-019275,2021-12-31,,,,,,2021,PaymentsForRepurchaseOfCommonStock,False
916076,"MARTIN MARIETTA MATERIALS, INC.",150000000.0,0000950170-25-024770,2022-12-31,,,,,,2022,PaymentsForRepurchaseOfCommonStock,False
916076,"MARTIN MARIETTA MATERIALS, INC.",150000000.0,0001193125-26-059193,2023-12-31,,,,,,2023,PaymentsForRepurchaseOfCommonStock,False
916076,"MARTIN MARIETTA MATERIALS, INC.",450000000.0,0001193125-26-059193,2024-12-31,,,,,,2024,PaymentsForRepurchaseOfCommonStock,False
916076,"MARTIN MARIETTA MATERIALS, INC.",450000000.0,0001193125-26-059193,2025-12-31,,,,,,2025,PaymentsForRepurchaseOfCommonStock,False
916365,TRACTOR SUPPLY CO /DE/,292705000.0,0000916365-18-000031,2015-12-26,,,,,,2015,PaymentsForRepurchaseOfCommonStock,False
916365,TRACTOR SUPPLY CO /DE/,331708000.0,0000916365-19-000035,2016-12-31,,,,,,2016,PaymentsForRepurchaseOfCommonStock,False
916365,TRACTOR SUPPLY CO /DE/,369403000.0,0000916365-20-000050,2017-12-30,,,,,,2017,PaymentsForRepurchaseOfCommonStock,False
916365,TRACTOR SUPPLY CO /DE/,349776000.0,0000916365-21-000052,2018-12-29,,,,,,2018,PaymentsForRepurchaseOfCommonStock,False
916365,TRACTOR SUPPLY CO /DE/,533319000.0,0000916365-22-000049,2019-12-28,,,,,,2019,PaymentsForRepurchaseOfCommonStock,False
916365,TRACTOR SUPPLY CO /DE/,342957000.0,0000916365-23-000045,2020-12-26,,,,,,2020,PaymentsForRepurchaseOfCommonStock,False
916365,TRACTOR SUPPLY CO /DE/,798893000.0,0000916365-24-000046,2021-12-25,,,,,,2021,PaymentsForRepurchaseOfCommonStock,False
916365,TRACTOR SUPPLY CO /DE/,700063000.0,0000916365-25-000076,2022-12-31,,,,,,2022,PaymentsForRepurchaseOfCommonStock,False
916365,TRACTOR SUPPLY CO /DE/,594390000.0,0000916365-26-000014,2023-12-30,,,,,,2023,PaymentsForRepurchaseOfCommonStock,False
916365,TRACTOR SUPPLY CO /DE/,560634000.0,0000916365-26-000014,2024-12-28,,,,,,2024,PaymentsForRepurchaseOfCommonStock,False
916365,TRACTOR SUPPLY CO /DE/,361261000.0,0000916365-26-000014,2025-12-27,,,,,,2025,PaymentsForRepurchaseOfCommonStock,False
920148,LABCORP HOLDINGS INC.,0.0,0000920148-18-000024,2015-12-31,,,,,,2015,PaymentsForRepurchaseOfCommonStock,False
920148,LABCORP HOLDINGS INC.,43900000.0,0000920148-19-000033,2016-12-31,,,,,,2016,PaymentsForRepurchaseOfCommonStock,False
920148,LABCORP HOLDINGS INC.,338100000.0,0000920148-20-000011,2017-12-31,,,,,,2017,PaymentsForRepurchaseOfCommonStock,False
920148,LABCORP HOLDINGS INC.,700000000.0,0000920148-21-000018,2018-12-31,,,,,,2018,PaymentsForRepurchaseOfCommonStock,False
920148,LABORATORY CORPORATION OF AMERICA HOLDINGS,450000000.0,0000920148-22-000015,2019-12-31,,,,,,2019,PaymentsForRepurchaseOfCommonStock,False
920148,LABORATORY CORPORATION OF AMERICA HOLDINGS,100000000.0,0000920148-23-000017,2020-12-31,,,,,,2020,PaymentsForRepurchaseOfCommonStock,False
920148,LABORATORY CORPORATION OF AMERICA HOLDINGS,1668500000.0,0000920148-24-000014,2021-12-31,,,,,,2021,PaymentsForRepurchaseOfCommonStock,False
920148,LABCORP HOLDINGS INC.,1100000000.0,0000920148-25-000032,2022-12-31,,,,,,2022,PaymentsForRepurchaseOfCommonStock,False
920148,LABCORP HOLDINGS INC.,1000000000.0,0000920148-26-000111,2023-12-31,,,,,,2023,PaymentsForRepurchaseOfCommonStock,False
920148,LABCORP HOLDINGS INC.,250100000.0,0000920148-26-000111,2024-12-31,,,,,,2024,PaymentsForRepurchaseOfCommonStock,False
920148,LABCORP HOLDINGS INC.,450000000.0,0000920148-26-000111,2025-12-31,,,,,,2025,PaymentsForRepurchaseOfCommonStock,False
920522,"ESSEX PROPERTY TRUST, INC.",0.0,0000920522-18-000011,2015-12-31,,,,,,2015,PaymentsForRepurchaseOfCommonStock,False
920522,"ESSEX PROPERTY TRUST, INC.",1045000.0,0000920522-19-000009,2016-12-31,,,,,,2016,PaymentsForRepurchaseOfCommonStock,False
920522,"ESSEX PROPERTY TRUST, INC.",0.0,0000920522-20-000026,2017-12-31,,,,,,2017,PaymentsForRepurchaseOfCommonStock,False
920522,"ESSEX PROPERTY TRUST, INC.",51233000.0,0000920522-21-000015,2018-12-31,,,,,,2018,PaymentsForRepurchaseOfCommonStock,False
920522,"ESSEX PROPERTY TRUST, INC.",56989000.0,0000920522-22-000019,2019-12-31,,,,,,2019,PaymentsForRepurchaseOfCommonStock,False
920522,"ESSEX PROPERTY TRUST, INC.",269315000.0,0000920522-23-000005,2020-12-31,,,,,,2020,PaymentsForRepurchaseOfCommonStock,False
920522,"ESSEX PROPERTY TRUST, INC.",9172000.0,0000920522-24-000033,2021-12-31,,,,,,2021,PaymentsForRepurchaseOfCommonStock,False
920522,"ESSEX PROPERTY TRUST, INC.",189726000.0,0000920522-25-000024,2022-12-31,,,,,,2022,PaymentsForRepurchaseOfCommonStock,False
920522,"ESSEX PROPERTY TRUST, INC.",95657000.0,0000920522-26-000003,2023-12-31,,,,,,2023,PaymentsForRepurchaseOfCommonStock,False
920522,"ESSEX PROPERTY TRUST, INC.",0.0,0000920522-26-000003,2024-12-31,,,,,,2024,PaymentsForRepurchaseOfCommonStock,False
920522,"ESSEX PROPERTY TRUST, INC.",0.0,0000920522-26-000003,2025-12-31,,,,,,2025,PaymentsForRepurchaseOfCommonStock,False
920760,LENNAR CORP /NEW/,23188000.0,0001628280-18-000562,2015-11-30,,,,,,2015,PaymentsForRepurchaseOfCommonStock,False
920760,LENNAR CORP /NEW/,19902000.0,0001628280-19-000598,2016-11-30,,,,,,2016,PaymentsForRepurchaseOfCommonStock,False
920760,LENNAR CORP /NEW/,27054000.0,0001628280-20-000559,2017-11-30,,,,,,2017,PaymentsForRepurchaseOfCommonStock,False
920760,LENNAR CORP /NEW/,299833000.0,0001628280-21-000722,2018-11-30,,,,,,2018,PaymentsForRepurchaseOfCommonStock,False
920760,LENNAR CORP /NEW/,523074000.0,0001628280-22-001450,2019-11-30,,,,,,2019,PaymentsForRepurchaseOfCommonStock,False
920760,LENNAR CORP /NEW/,321524000.0,0001628280-23-001606,2020-11-30,,,,,,2020,PaymentsForRepurchaseOfCommonStock,False
920760,LENNAR CORP /NEW/,1430212000.0,0001628280-24-002371,2021-11-30,,,,,,2021,PaymentsForRepurchaseOfCommonStock,False
920760,LENNAR CORP /NEW/,1039309000.0,0001628280-25-002404,2022-11-30,,,,,,2022,PaymentsForRepurchaseOfCommonStock,False
920760,LENNAR CORP /NEW/,1182711000.0,0001628280-26-003870,2023-11-30,,,,,,2023,PaymentsForRepurchaseOfCommonStock,False
920760,LENNAR CORP /NEW/,2256464000.0,0001628280-26-003870,2024-11-30,,,,,,2024,PaymentsForRepurchaseOfCommonStock,False
920760,LENNAR CORP /NEW/,1808369000.0,0001628280-26-003870,2025-11-30,,,,,,2025,PaymentsForRepurchaseOfCommonStock,False
922224,PPL Corporation,0.0,0000922224-16-000130,2015-12-31,,,,,,2015,PaymentsForRepurchaseOfCommonStock,False
922224,PPL Corporation,0.0,0000922224-22-000005,2019-12-31,,,,,,2019,PaymentsForRepurchaseOfCommonStock,False
922224,PPL Corporation,0.0,0000922224-23-000010,2020-12-31,,,,,,2020,PaymentsForRepurchaseOfCommonStock,False
922224,PPL Corporation,1003000000.0,0000922224-24-000008,2021-12-31,,,,,,2021,PaymentsForRepurchaseOfCommonStock,False
922224,PPL Corporation,0.0,0000922224-24-000008,2022-12-31,,,,,,2022,PaymentsForRepurchaseOfCommonStock,False
922224,PPL Corporation,0.0,0000922224-24-000008,2023-12-31,,,,,,2023,PaymentsForRepurchaseOfCommonStock,False
922621,ERIE INDEMNITY COMPANY,0.0,0000922621-17-000008,2015-12-31,,,,,,2015,PaymentsForRepurchaseOfCommonStock,False
922621,ERIE INDEMNITY COMPANY,0.0,0000922621-17-000008,2016-12-31,,,,,,2016,PaymentsForRepurchaseOfCommonStock,False
927066,DAVITA INC.,549935000.0,0000927066-18-000030,2015-12-31,,,,,,2015,PaymentsForRepurchaseOfCommonStock,False
927066,DAVITA INC.,1097822000.0,0000927066-19-000025,2016-12-31,,,,,,2016,PaymentsForRepurchaseOfCommonStock,False
927066,DAVITA INC.,802949000.0,0000927066-20-000014,2017-12-31,,,,,,2017,PaymentsForRepurchaseOfCommonStock,False
927066,DAVITA INC.,1161511000.0,0000927066-21-000008,2018-12-31,,,,,,2018,PaymentsForRepurchaseOfCommonStock,False
927066,DAVITA INC.,2383816000.0,0000927066-22-000012,2019-12-31,,,,,,2019,PaymentsForRepurchaseOfCommonStock,False
927066,DAVITA INC.,1458442000.0,0000927066-23-000011,2020-12-31,,,,,,2020,PaymentsForRepurchaseOfCommonStock,False
927066,DAVITA INC.,1538626000.0,0000927066-24-000013,2021-12-31,,,,,,2021,PaymentsForRepurchaseOfCommonStock,False
927066,DAVITA INC.,802228000.0,0000927066-25-000012,2022-12-31,,,,,,2022,PaymentsForRepurchaseOfCommonStock,False
927066,DAVITA INC.,272219000.0,0000927066-26-000012,2023-12-31,,,,,,2023,PaymentsForRepurchaseOfCommonStock,False
927066,DAVITA INC.,1385932000.0,0000927066-26-000012,2024-12-31,,,,,,2024,PaymentsForRepurchaseOfCommonStock,False
927066,DAVITA INC.,1308366000.0,0000927066-26-000012,2025-12-31,,,,,,2025,PaymentsForRepurchaseOfCommonStock,False
927628,CAPITAL ONE FINANCIAL CORP,2441000000.0,0000927628-18-000107,2015-12-31,,,,,,2015,PaymentsForRepurchaseOfCommonStock,False
927628,CAPITAL ONE FINANCIAL CORP,3661000000.0,0000927628-19-000093,2016-12-31,,,,,,2016,PaymentsForRepurchaseOfCommonStock,False
927628,CAPITAL ONE FINANCIAL CORP,240000000.0,0000927628-20-000102,2017-12-31,,,,,,2017,PaymentsForRepurchaseOfCommonStock,False
927628,CAPITAL ONE FINANCIAL CORP,2284000000.0,0000927628-21-000094,2018-12-31,,,,,,2018,PaymentsForRepurchaseOfCommonStock,False
927628,CAPITAL ONE FINANCIAL CORP,1481000000.0,0000927628-22-000106,2019-12-31,,,,,,2019,PaymentsForRepurchaseOfCommonStock,False
927628,CAPITAL ONE FINANCIAL CORP,393000000.0,0000927628-23-000117,2020-12-31,,,,,,2020,PaymentsForRepurchaseOfCommonStock,False
927628,CAPITAL ONE FINANCIAL CORP,7605000000.0,0000927628-24-000094,2021-12-31,,,,,,2021,PaymentsForRepurchaseOfCommonStock,False
927628,CAPITAL ONE FINANCIAL CORP,4948000000.0,0000927628-25-000092,2022-12-31,,,,,,2022,PaymentsForRepurchaseOfCommonStock,False
927628,CAPITAL ONE FINANCIAL CORP,718000000.0,0000927628-26-000024,2023-12-31,,,,,,2023,PaymentsForRepurchaseOfCommonStock,False
927628,CAPITAL ONE FINANCIAL CORP,734000000.0,0000927628-26-000024,2024-12-31,,,,,,2024,PaymentsForRepurchaseOfCommonStock,False
927628,CAPITAL ONE FINANCIAL CORP,4099000000.0,0000927628-26-000024,2025-12-31,,,,,,2025,PaymentsForRepurchaseOfCommonStock,False
927653,McKESSON CORPORATION,1612000000.0,0000927653-18-000010,2016-03-31,,,,,,2015,PaymentsForRepurchaseOfCommonStock,False
927653,McKESSON CORPORATION,2311000000.0,0000927653-19-000009,2017-03-31,,,,,,2016,PaymentsForRepurchaseOfCommonStock,False
927653,McKESSON CORPORATION,1709000000.0,0000927653-20-000033,2018-03-31,,,,,,2017,PaymentsForRepurchaseOfCommonStock,False
927653,McKESSON CORPORATION,1639000000.0,0000927653-21-000039,2019-03-31,,,,,,2018,PaymentsForRepurchaseOfCommonStock,False
927653,McKESSON CORPORATION,1934000000.0,0000927653-22-000051,2020-03-31,,,,,,2019,PaymentsForRepurchaseOfCommonStock,False
927653,McKESSON CORPORATION,742000000.0,0000927653-23-000038,2021-03-31,,,,,,2020,PaymentsForRepurchaseOfCommonStock,False
927653,McKESSON CORPORATION,3516000000.0,0000927653-24-000035,2022-03-31,,,,,,2021,PaymentsForRepurchaseOfCommonStock,False
927653,McKESSON CORPORATION,3638000000.0,0000927653-25-000036,2023-03-31,,,,,,2022,PaymentsForRepurchaseOfCommonStock,False
927653,McKESSON CORPORATION,3025000000.0,0000927653-26-000069,2024-03-31,,,,,,2023,PaymentsForRepurchaseOfCommonStock,False
927653,McKESSON CORPORATION,3146000000.0,0000927653-26-000069,2025-03-31,,,,,,2024,PaymentsForRepurchaseOfCommonStock,False
927653,McKESSON CORPORATION,4750000000.0,0000927653-26-000069,2026-03-31,,,,,,2025,PaymentsForRepurchaseOfCommonStock,False
935703,"DOLLAR TREE, INC.",0.0,0001104659-16-118033,2016-01-30,,,,,,2015,PaymentsForRepurchaseOfCommonStock,False
935703,"DOLLAR TREE, INC.",0.0,0000935703-20-000006,2018-02-03,,,,,,2017,PaymentsForRepurchaseOfCommonStock,False
935703,"DOLLAR TREE, INC.",0.0,0000935703-21-000014,2019-02-02,,,,,,2018,PaymentsForRepurchaseOfCommonStock,False
935703,"DOLLAR TREE, INC.",200000000.0,0000935703-22-000020,2020-02-01,,,,,,2019,PaymentsForRepurchaseOfCommonStock,False
935703,"DOLLAR TREE, INC.",400000000.0,0000935703-23-000016,2021-01-30,,,,,,2020,PaymentsForRepurchaseOfCommonStock,False
935703,"DOLLAR TREE, INC.",950000000.0,0000935703-24-000011,2022-01-29,,,,,,2021,PaymentsForRepurchaseOfCommonStock,False
935703,"DOLLAR TREE, INC.",647500000.0,0000935703-25-000015,2023-01-28,,,,,,2022,PaymentsForRepurchaseOfCommonStock,False
935703,"DOLLAR TREE, INC.",500000000.0,0000935703-26-000025,2024-02-03,,,,,,2023,PaymentsForRepurchaseOfCommonStock,False
935703,"DOLLAR TREE, INC.",400000000.0,0000935703-26-000025,2025-02-01,,,,,,2024,PaymentsForRepurchaseOfCommonStock,False
935703,"DOLLAR TREE, INC.",1548000000.0,0000935703-26-000025,2026-01-31,,,,,,2025,PaymentsForRepurchaseOfCommonStock,False
936340,DTE Energy Co,0.0,0000936340-18-000082,2015-12-31,,,,,,2015,PaymentsForRepurchaseOfCommonStock,False
936340,DTE Energy Co,33000000.0,0000936340-19-000086,2016-12-31,,,,,,2016,PaymentsForRepurchaseOfCommonStock,False
936340,DTE Energy Co,51000000.0,0000936340-20-000127,2017-12-31,,,,,,2017,PaymentsForRepurchaseOfCommonStock,False
936340,DTE Energy Co,0.0,0000936340-20-000127,2018-12-31,,,,,,2018,PaymentsForRepurchaseOfCommonStock,False
936340,DTE Energy Co,0.0,0000936340-22-000077,2019-12-31,,,,,,2019,PaymentsForRepurchaseOfCommonStock,False
936340,DTE Energy Co,0.0,0000936340-23-000073,2020-12-31,,,,,,2020,PaymentsForRepurchaseOfCommonStock,False
936340,DTE Energy Co,66000000.0,0000936340-24-000076,2021-12-31,,,,,,2021,PaymentsForRepurchaseOfCommonStock,False
936340,DTE Energy Co,55000000.0,0000936340-25-000065,2022-12-31,,,,,,2022,PaymentsForRepurchaseOfCommonStock,False
936340,DTE Energy Co,0.0,0000936340-25-000065,2023-12-31,,,,,,2023,PaymentsForRepurchaseOfCommonStock,False
936340,DTE Energy Co,0.0,0000936340-25-000065,2024-12-31,,,,,,2024,PaymentsForRepurchaseOfCommonStock,False
936395,Ciena Corp,0.0,0000936395-18-000048,2016-10-31,,,,,,2016,PaymentsForRepurchaseOfCommonStock,False
936395,Ciena Corp,0.0,0000936395-19-000056,2017-10-31,,,,,,2017,PaymentsForRepurchaseOfCommonStock,False
936395,Ciena Corp,110981000.0,0000936395-20-000042,2018-11-03,,,,,,2018,PaymentsForRepurchaseOfCommonStock,False
936395,Ciena Corp,150076000.0,0000936395-21-000054,2019-11-02,,,,,,2019,PaymentsForRepurchaseOfCommonStock,False
936395,Ciena Corp,74535000.0,0000936395-22-000065,2020-10-31,,,,,,2020,PaymentsForRepurchaseOfCommonStock,False
936395,Ciena Corp,91288000.0,0000936395-23-000044,2021-10-30,,,,,,2021,PaymentsForRepurchaseOfCommonStock,False
936395,Ciena Corp,500800000.0,0000936395-24-000044,2022-10-29,,,,,,2022,PaymentsForRepurchaseOfCommonStock,False
936395,Ciena Corp,242201000.0,0001628280-25-056698,2023-10-28,,,,,,2023,PaymentsForRepurchaseOfCommonStock,False
936395,Ciena Corp,254502000.0,0001628280-25-056698,2024-11-02,,,,,,2024,PaymentsForRepurchaseOfCommonStock,False
936395,Ciena Corp,334507000.0,0001628280-25-056698,2025-11-01,,,,,,2025,PaymentsForRepurchaseOfCommonStock,False
936468,LOCKHEED MARTIN CORPORATION,3071000000.0,0000936468-18-000013,2015-12-31,,,,,,2015,PaymentsForRepurchaseOfCommonStock,False
936468,LOCKHEED MARTIN CORPORATION,2096000000.0,0000936468-19-000009,2016-12-31,,,,,,2016,PaymentsForRepurchaseOfCommonStock,False
936468,LOCKHEED MARTIN CORPORATION,2001000000.0,0000936468-20-000016,2017-12-31,,,,,,2017,PaymentsForRepurchaseOfCommonStock,False
936468,LOCKHEED MARTIN CORPORATION,1492000000.0,0000936468-21-000013,2018-12-31,,,,,,2018,PaymentsForRepurchaseOfCommonStock,False
936468,LOCKHEED MARTIN CORPORATION,1200000000.0,0000936468-22-000008,2019-12-31,,,,,,2019,PaymentsForRepurchaseOfCommonStock,False
936468,LOCKHEED MARTIN CORPORATION,1100000000.0,0000936468-23-000009,2020-12-31,,,,,,2020,PaymentsForRepurchaseOfCommonStock,False
936468,LOCKHEED MARTIN CORPORATION,4087000000.0,0000936468-24-000010,2021-12-31,,,,,,2021,PaymentsForRepurchaseOfCommonStock,False
936468,LOCKHEED MARTIN CORPORATION,7900000000.0,0000936468-25-000009,2022-12-31,,,,,,2022,PaymentsForRepurchaseOfCommonStock,False
936468,LOCKHEED MARTIN CORPORATION,6000000000.0,0001628280-26-004195,2023-12-31,,,,,,2023,PaymentsForRepurchaseOfCommonStock,False
936468,LOCKHEED MARTIN CORPORATION,3700000000.0,0001628280-26-004195,2024-12-31,,,,,,2024,PaymentsForRepurchaseOfCommonStock,False
936468,LOCKHEED MARTIN CORPORATION,3000000000.0,0001628280-26-004195,2025-12-31,,,,,,2025,PaymentsForRepurchaseOfCommonStock,False
940944,DARDEN RESTAURANTS INC,184800000.0,0000940944-18-000050,2016-05-29,,,,,,2015,PaymentsForRepurchaseOfCommonStock,False
940944,DARDEN RESTAURANTS INC,230200000.0,0000940944-19-000025,2017-05-28,,,,,,2016,PaymentsForRepurchaseOfCommonStock,False
940944,DARDEN RESTAURANTS INC,234800000.0,0000940944-20-000046,2018-05-27,,,,,,2017,PaymentsForRepurchaseOfCommonStock,False
940944,DARDEN RESTAURANTS INC,207500000.0,0000940944-21-000041,2019-05-26,,,,,,2018,PaymentsForRepurchaseOfCommonStock,False
940944,"DARDEN RESTAURANTS, INC.",330300000.0,0000940944-22-000042,2020-05-31,,,,,,2019,PaymentsForRepurchaseOfCommonStock,False
940944,"DARDEN RESTAURANTS, INC.",45400000.0,0000940944-23-000037,2021-05-30,,,,,,2020,PaymentsForRepurchaseOfCommonStock,False
940944,"DARDEN RESTAURANTS, INC.",1071300000.0,0000940944-24-000035,2022-05-29,,,,,,2021,PaymentsForRepurchaseOfCommonStock,False
940944,"DARDEN RESTAURANTS, INC.",458700000.0,0000940944-25-000038,2023-05-28,,,,,,2022,PaymentsForRepurchaseOfCommonStock,False
940944,"DARDEN RESTAURANTS, INC.",453900000.0,0000940944-26-000025,2024-05-26,,,,,,2023,PaymentsForRepurchaseOfCommonStock,False
940944,"DARDEN RESTAURANTS, INC.",418200000.0,0000940944-26-000025,2025-05-25,,,,,,2024,PaymentsForRepurchaseOfCommonStock,False
940944,"DARDEN RESTAURANTS, INC.",671700000.0,0000940944-26-000025,2026-05-31,,,,,,2025,PaymentsForRepurchaseOfCommonStock,False
943452,WESTINGHOUSE AIR BRAKE TECHNOLOGIES CORP,387787000.0,0001140361-18-038105,2015-12-31,,,,,,2015,PaymentsForRepurchaseOfCommonStock,False
943452,WESTINGHOUSE AIR BRAKE TECHNOLOGIES CORP,212176000.0,0001628280-19-002095,2016-12-31,,,,,,2016,PaymentsForRepurchaseOfCommonStock,False
943452,WESTINGHOUSE AIR BRAKE TECHNOLOGIES CORP,0.0,0001628280-19-002095,2017-12-31,,,,,,2017,PaymentsForRepurchaseOfCommonStock,False
943452,WESTINGHOUSE AIR BRAKE TECHNOLOGIES CORP,0.0,0001628280-21-002557,2018-12-31,,,,,,2018,PaymentsForRepurchaseOfCommonStock,False
943452,WESTINGHOUSE AIR BRAKE TECHNOLOGIES CORP,0.0,0001628280-22-002997,2019-12-31,,,,,,2019,PaymentsForRepurchaseOfCommonStock,False
943452,WESTINGHOUSE AIR BRAKE TECHNOLOGIES CORPORATION,207000000.0,0001628280-23-003675,2020-12-31,,,,,,2020,PaymentsForRepurchaseOfCommonStock,False
943452,WESTINGHOUSE AIR BRAKE TECHNOLOGIES CORPORATION,300000000.0,0001628280-24-004774,2021-12-31,,,,,,2021,PaymentsForRepurchaseOfCommonStock,False
943452,WESTINGHOUSE AIR BRAKE TECHNOLOGIES CORPORATION,473000000.0,0001628280-25-005100,2022-12-31,,,,,,2022,PaymentsForRepurchaseOfCommonStock,False
943452,WESTINGHOUSE AIR BRAKE TECHNOLOGIES CORPORATION,409000000.0,0001628280-26-008067,2023-12-31,,,,,,2023,PaymentsForRepurchaseOfCommonStock,False
943452,WESTINGHOUSE AIR BRAKE TECHNOLOGIES CORPORATION,1097000000.0,0001628280-26-008067,2024-12-31,,,,,,2024,PaymentsForRepurchaseOfCommonStock,False
943452,WESTINGHOUSE AIR BRAKE TECHNOLOGIES CORPORATION,223000000.0,0001628280-26-008067,2025-12-31,,,,,,2025,PaymentsForRepurchaseOfCommonStock,False
943819,ResMed Inc.,160300000.0,0001193125-17-248016,2015-06-30,,,,,,2015,PaymentsForRepurchaseOfCommonStock,False
943819,ResMed Inc.,102058000.0,0000943819-18-000013,2016-06-30,,,,,,2016,PaymentsForRepurchaseOfCommonStock,False
943819,ResMed Inc.,53801000.0,0000943819-20-000013,2018-06-30,,,,,,2018,PaymentsForRepurchaseOfCommonStock,False
943819,RESMED INC,22844000.0,0000943819-21-000017,2019-06-30,,,,,,2019,PaymentsForRepurchaseOfCommonStock,False
943819,ResMed Inc.,0.0,0000943819-24-000013,2022-06-30,,,,,,2022,PaymentsForRepurchaseOfCommonStock,False
943819,ResMed Inc.,0.0,0000943819-25-000035,2023-06-30,,,,,,2023,PaymentsForRepurchaseOfCommonStock,False
943819,ResMed Inc.,150011000.0,0000943819-26-000047,2024-06-30,,,,,,2024,PaymentsForRepurchaseOfCommonStock,False
943819,ResMed Inc.,300025000.0,0000943819-26-000047,2025-06-30,,,,,,2025,PaymentsForRepurchaseOfCommonStock,False
943819,ResMed Inc.,700037000.0,0000943819-26-000047,2026-06-30,,,,,,2026,PaymentsForRepurchaseOfCommonStock,False
946581,"TAKE-TWO INTERACTIVE SOFTWARE, INC.",26552000.0,0001628280-18-006877,2016-03-31,,,,,,2015,PaymentsForRepurchaseOfCommonStock,False
946581,"TAKE-TWO INTERACTIVE SOFTWARE, INC.",0.0,0001628280-19-006691,2017-03-31,,,,,,2016,PaymentsForRepurchaseOfCommonStock,False
946581,"TAKE-TWO INTERACTIVE SOFTWARE, INC.",154792000.0,0001628280-20-008291,2018-03-31,,,,,,2017,PaymentsForRepurchaseOfCommonStock,False
946581,"TAKE-TWO INTERACTIVE SOFTWARE, INC.",362392000.0,0001628280-21-010627,2019-03-31,,,,,,2018,PaymentsForRepurchaseOfCommonStock,False
946581,"TAKE-TWO INTERACTIVE SOFTWARE, INC.",0.0,0001628280-22-014580,2020-03-31,,,,,,2019,PaymentsForRepurchaseOfCommonStock,False
946581,"TAKE-TWO INTERACTIVE SOFTWARE, INC.",0.0,0001628280-23-019851,2021-03-31,,,,,,2020,PaymentsForRepurchaseOfCommonStock,False
946581,"TAKE-TWO INTERACTIVE SOFTWARE, INC.",200000000.0,0001628280-24-024623,2022-03-31,,,,,,2021,PaymentsForRepurchaseOfCommonStock,False
946581,"TAKE-TWO INTERACTIVE SOFTWARE, INC.",0.0,0001628280-24-024623,2023-03-31,,,,,,2022,PaymentsForRepurchaseOfCommonStock,False
946581,"TAKE-TWO INTERACTIVE SOFTWARE, INC.",0.0,0001628280-24-024623,2024-03-31,,,,,,2023,PaymentsForRepurchaseOfCommonStock,False
947484,Arch Capital Group Ltd.,365383000.0,0000947484-18-000012,2015-12-31,,,,,,2015,PaymentsForRepurchaseOfCommonStock,False
947484,Arch Capital Group Ltd.,75256000.0,0000947484-19-000008,2016-12-31,,,,,,2016,PaymentsForRepurchaseOfCommonStock,False
947484,Arch Capital Group Ltd.,0.0,0000947484-20-000012,2017-12-31,,,,,,2017,PaymentsForRepurchaseOfCommonStock,False
947484,Arch Capital Group Ltd.,282762000.0,0000947484-20-000012,2018-12-31,,,,,,2018,PaymentsForRepurchaseOfCommonStock,False
947484,ARCH CAPITAL GROUP LTD.,2871000.0,0000947484-22-000015,2019-12-31,,,,,,2019,PaymentsForRepurchaseOfCommonStock,False
947484,ARCH CAPITAL GROUP LTD.,83472000.0,0000947484-23-000015,2020-12-31,,,,,,2020,PaymentsForRepurchaseOfCommonStock,False
947484,Arch Capital Group Ltd.,1234000000.0,0000947484-24-000020,2021-12-31,,,,,,2021,PaymentsForRepurchaseOfCommonStock,False
947484,ARCH CAPITAL GROUP LTD.,586000000.0,0000947484-25-000017,2022-12-31,,,,,,2022,PaymentsForRepurchaseOfCommonStock,False
947484,ARCH CAPITAL GROUP LTD.,0.0,0000947484-26-000017,2023-12-31,,,,,,2023,PaymentsForRepurchaseOfCommonStock,False
947484,ARCH CAPITAL GROUP LTD.,24000000.0,0000947484-26-000017,2024-12-31,,,,,,2024,PaymentsForRepurchaseOfCommonStock,False
947484,ARCH CAPITAL GROUP LTD.,1889000000.0,0000947484-26-000017,2025-12-31,,,,,,2025,PaymentsForRepurchaseOfCommonStock,False
1000228,HENRY SCHEIN INC,299852000.0,0001000228-18-000012,2015-12-26,,,,,,2015,PaymentsForRepurchaseOfCommonStock,False
1000228,HENRY SCHEIN INC,550024000.0,0001000228-19-000015,2016-12-31,,,,,,2016,PaymentsForRepurchaseOfCommonStock,False
1000228,HENRY SCHEIN INC,450000000.0,0001000228-20-000018,2017-12-30,,,,,,2017,PaymentsForRepurchaseOfCommonStock,False
1000228,HENRY SCHEIN INC,200000000.0,0001000228-21-000019,2018-12-29,,,,,,2018,PaymentsForRepurchaseOfCommonStock,False
1000228,HENRY SCHEIN INC,525000000.0,0001000228-22-000016,2019-12-28,,,,,,2019,PaymentsForRepurchaseOfCommonStock,False
1000228,HENRY SCHEIN INC,74000000.0,0001000228-23-000011,2020-12-26,,,,,,2020,PaymentsForRepurchaseOfCommonStock,False
1000228,HENRY SCHEIN INC,401000000.0,0001000228-24-000011,2021-12-25,,,,,,2021,PaymentsForRepurchaseOfCommonStock,False
1000228,"HENRY SCHEIN, INC.",485000000.0,0001000228-25-000014,2022-12-31,,,,,,2022,PaymentsForRepurchaseOfCommonStock,False
1000228,"HENRY SCHEIN, INC.",250000000.0,0001000228-26-000013,2023-12-30,,,,,,2023,PaymentsForRepurchaseOfCommonStock,False
1000228,"HENRY SCHEIN, INC.",385000000.0,0001000228-26-000013,2024-12-28,,,,,,2024,PaymentsForRepurchaseOfCommonStock,False
1000228,"HENRY SCHEIN, INC.",850000000.0,0001000228-26-000013,2025-12-27,,,,,,2025,PaymentsForRepurchaseOfCommonStock,False
1000697,Waters Corporation,334705000.0,0001193125-18-060830,2015-12-31,,,,,,2015,PaymentsForRepurchaseOfCommonStock,False
1000697,Waters Corporation,325759000.0,0001193125-19-060858,2016-12-31,,,,,,2016,PaymentsForRepurchaseOfCommonStock,False
1000697,Waters Corporation,332544000.0,0001193125-20-048303,2017-12-31,,,,,,2017,PaymentsForRepurchaseOfCommonStock,False
1000697,Waters Corporation,1315106000.0,0001193125-21-054385,2018-12-31,,,,,,2018,PaymentsForRepurchaseOfCommonStock,False
1000697,Waters Corporation,2469258000.0,0001193125-22-051509,2019-12-31,,,,,,2019,PaymentsForRepurchaseOfCommonStock,False
1000697,Waters Corporation,196409000.0,0001193125-23-050827,2020-12-31,,,,,,2020,PaymentsForRepurchaseOfCommonStock,False
1000697,Waters Corporation,648930000.0,0001193125-24-047491,2021-12-31,,,,,,2021,PaymentsForRepurchaseOfCommonStock,False
1000697,Waters Corporation,626061000.0,0001193125-25-034579,2022-12-31,,,,,,2022,PaymentsForRepurchaseOfCommonStock,False
1000697,Waters Corporation,70277000.0,0001193125-26-062604,2023-12-31,,,,,,2023,PaymentsForRepurchaseOfCommonStock,False
1000697,Waters Corporation,13541000.0,0001193125-26-062604,2024-12-31,,,,,,2024,PaymentsForRepurchaseOfCommonStock,False
1000697,Waters Corporation,14667000.0,0001193125-26-062604,2025-12-31,,,,,,2025,PaymentsForRepurchaseOfCommonStock,False
1001250,The Estee Lauder Companies Inc.,983000000.0,0001104659-17-053604,2015-06-30,,,,,,2015,PaymentsForRepurchaseOfCommonStock,False
1001250,The Estee Lauder Companies Inc.,890000000.0,0001104659-18-053494,2016-06-30,,,,,,2016,PaymentsForRepurchaseOfCommonStock,False
1001250,The Estee Lauder Companies Inc.,413000000.0,0001104659-19-047085,2017-06-30,,,,,,2017,PaymentsForRepurchaseOfCommonStock,False
1001250,The Estee Lauder Companies Inc.,759000000.0,0001001250-20-000065,2018-06-30,,,,,,2018,PaymentsForRepurchaseOfCommonStock,False
1001250,The Estee Lauder Companies Inc.,1555000000.0,0001001250-21-000127,2019-06-30,,,,,,2019,PaymentsForRepurchaseOfCommonStock,False
1001250,Estee Lauder Companies Inc,893000000.0,0001001250-22-000122,2020-06-30,,,,,,2020,PaymentsForRepurchaseOfCommonStock,False
1001250,Estee Lauder Companies Inc,733000000.0,0001001250-23-000112,2021-06-30,,,,,,2021,PaymentsForRepurchaseOfCommonStock,False
1001250,Estee Lauder Companies Inc,2309000000.0,0001001250-24-000116,2022-06-30,,,,,,2022,PaymentsForRepurchaseOfCommonStock,False
1001250,Estee Lauder Companies Inc,271000000.0,0001001250-25-000099,2023-06-30,,,,,,2023,PaymentsForRepurchaseOfCommonStock,False
1001250,Estee Lauder Companies Inc,35000000.0,0001001250-26-000041,2024-06-30,,,,,,2024,PaymentsForRepurchaseOfCommonStock,False
1001250,Estee Lauder Companies Inc,35000000.0,0001001250-26-000041,2025-06-30,,,,,,2025,PaymentsForRepurchaseOfCommonStock,False
1001250,Estee Lauder Companies Inc,70000000.0,0001001250-26-000041,2026-06-30,,,,,,2026,PaymentsForRepurchaseOfCommonStock,False
1002047,"NetApp, Inc.",960000000.0,0001564590-18-015820,2016-04-29,,,,,,2015,PaymentsForRepurchaseOfCommonStock,False
1002047,"NetApp, Inc.",705000000.0,0001564590-19-022779,2017-04-28,,,,,,2016,PaymentsForRepurchaseOfCommonStock,False
1002047,"NetApp, Inc.",794000000.0,0001564590-20-029349,2018-04-27,,,,,,2017,PaymentsForRepurchaseOfCommonStock,False
1002047,"NetApp, Inc.",2111000000.0,0001564590-21-033645,2019-04-26,,,,,,2018,PaymentsForRepurchaseOfCommonStock,False
1002047,"NetApp, Inc.",1411000000.0,0000950170-22-011708,2020-04-24,,,,,,2019,PaymentsForRepurchaseOfCommonStock,False
1002047,"NetApp, Inc.",125000000.0,0000950170-23-027948,2021-04-30,,,,,,2020,PaymentsForRepurchaseOfCommonStock,False
1002047,"NetApp, Inc.",600000000.0,0000950170-24-071327,2022-04-29,,,,,,2021,PaymentsForRepurchaseOfCommonStock,False
1002047,"NetApp, Inc.",850000000.0,0000950170-25-083705,2023-04-28,,,,,,2022,PaymentsForRepurchaseOfCommonStock,False
1002047,"NetApp, Inc.",900000000.0,0001193125-26-259683,2024-04-26,,,,,,2023,PaymentsForRepurchaseOfCommonStock,False
1002047,"NetApp, Inc.",1150000000.0,0001193125-26-259683,2025-04-25,,,,,,2024,PaymentsForRepurchaseOfCommonStock,False
1002047,"NetApp, Inc.",950000000.0,0001193125-26-259683,2026-04-24,,,,,,2025,PaymentsForRepurchaseOfCommonStock,False
1002910,AMEREN CORPORATION,51000000.0,0001002910-19-000094,2016-12-31,,,,,,2016,PaymentsForRepurchaseOfCommonStock,False
1002910,AMEREN CORPORATION,24000000.0,0001002910-20-000077,2017-12-31,,,,,,2017,PaymentsForRepurchaseOfCommonStock,False
1002910,AMEREN CORPORATION,0.0,0001002910-20-000077,2018-12-31,,,,,,2018,PaymentsForRepurchaseOfCommonStock,False
1002910,AMEREN CORPORATION,0.0,0001002910-20-000077,2019-12-31,,,,,,2019,PaymentsForRepurchaseOfCommonStock,False
1013237,FactSet Research Systems Inc.,256217000.0,0001437749-17-017840,2015-08-31,,,,,,2015,PaymentsForRepurchaseOfCommonStock,False
1013237,FactSet Research Systems Inc.,356828000.0,0001437749-18-019028,2016-08-31,,,,,,2016,PaymentsForRepurchaseOfCommonStock,False
1013237,FactSet Research Systems Inc.,260978000.0,0001437749-19-020894,2017-08-31,,,,,,2017,PaymentsForRepurchaseOfCommonStock,False
1013237,FactSet Research Systems Inc.,303955000.0,0001013237-20-000153,2018-08-31,,,,,,2018,PaymentsForRepurchaseOfCommonStock,False
1013237,FactSet Research Systems Inc.,220372000.0,0001013237-21-000142,2019-08-31,,,,,,2019,PaymentsForRepurchaseOfCommonStock,False
1013237,FACTSET RESEARCH SYSTEMS INC,199625000.0,0001013237-22-000159,2020-08-31,,,,,,2020,PaymentsForRepurchaseOfCommonStock,False
1013237,FACTSET RESEARCH SYSTEMS INC,264702000.0,0001013237-23-000128,2021-08-31,,,,,,2021,PaymentsForRepurchaseOfCommonStock,False
1013237,FACTSET RESEARCH SYSTEMS INC.,18639000.0,0001013237-24-000141,2022-08-31,,,,,,2022,PaymentsForRepurchaseOfCommonStock,False
1013237,FACTSET RESEARCH SYSTEMS INC.,176720000.0,0001628280-25-045769,2023-08-31,,,,,,2023,PaymentsForRepurchaseOfCommonStock,False
1013237,FACTSET RESEARCH SYSTEMS INC.,235235000.0,0001628280-25-045769,2024-08-31,,,,,,2024,PaymentsForRepurchaseOfCommonStock,False
1013237,FACTSET RESEARCH SYSTEMS INC.,300457000.0,0001628280-25-045769,2025-08-31,,,,,,2025,PaymentsForRepurchaseOfCommonStock,False
1013871,"NRG Energy, Inc",437000000.0,0001013871-18-000011,2015-12-31,,,,,,2015,PaymentsForRepurchaseOfCommonStock,False
1013871,"NRG Energy, Inc",0.0,0001013871-19-000007,2016-12-31,,,,,,2016,PaymentsForRepurchaseOfCommonStock,False
1013871,"NRG Energy, Inc",0.0,0001013871-20-000027,2017-12-31,,,,,,2017,PaymentsForRepurchaseOfCommonStock,False
1013871,"NRG Energy, Inc",1250000000.0,0001013871-21-000005,2018-12-31,,,,,,2018,PaymentsForRepurchaseOfCommonStock,False
1013871,"NRG Energy, Inc",1440000000.0,0001013871-22-000010,2019-12-31,,,,,,2019,PaymentsForRepurchaseOfCommonStock,False
1013871,"NRG Energy, Inc",229000000.0,0001013871-23-000004,2020-12-31,,,,,,2020,PaymentsForRepurchaseOfCommonStock,False
1013871,"NRG Energy, Inc",48000000.0,0001013871-24-000005,2021-12-31,,,,,,2021,PaymentsForRepurchaseOfCommonStock,False
1013871,"NRG Energy, Inc",600000000.0,0001013871-25-000006,2022-12-31,,,,,,2022,PaymentsForRepurchaseOfCommonStock,False
1013871,"NRG Energy, Inc",1150000000.0,0001013871-26-000004,2023-12-31,,,,,,2023,PaymentsForRepurchaseOfCommonStock,False
1013871,"NRG Energy, Inc",935000000.0,0001013871-26-000004,2024-12-31,,,,,,2024,PaymentsForRepurchaseOfCommonStock,False
1013871,"NRG Energy, Inc",1311000000.0,0001013871-26-000004,2025-12-31,,,,,,2025,PaymentsForRepurchaseOfCommonStock,False
1014473,VERISIGN INC/CA,643169000.0,0001014473-18-000018,2015-12-31,,,,,,2015,PaymentsForRepurchaseOfCommonStock,False
1014473,VERISIGN INC/CA,662491000.0,0001014473-19-000005,2016-12-31,,,,,,2016,PaymentsForRepurchaseOfCommonStock,False
1014473,VERISIGN INC/CA,621173000.0,0001014473-20-000006,2017-12-31,,,,,,2017,PaymentsForRepurchaseOfCommonStock,False
1014473,VERISIGN INC/CA,638152000.0,0001014473-21-000005,2018-12-31,,,,,,2018,PaymentsForRepurchaseOfCommonStock,False
1014473,VERISIGN INC/CA,782583000.0,0001014473-22-000007,2019-12-31,,,,,,2019,PaymentsForRepurchaseOfCommonStock,False
1014473,VERISIGN INC/CA,777500000.0,0001014473-23-000005,2020-12-31,,,,,,2020,PaymentsForRepurchaseOfCommonStock,False
1014473,VERISIGN INC/CA,722600000.0,0001014473-24-000006,2021-12-31,,,,,,2021,PaymentsForRepurchaseOfCommonStock,False
1014473,VERISIGN INC/CA,1048100000.0,0001014473-25-000006,2022-12-31,,,,,,2022,PaymentsForRepurchaseOfCommonStock,False
1014473,VERISIGN INC/CA,901400000.0,0001014473-26-000006,2023-12-31,,,,,,2023,PaymentsForRepurchaseOfCommonStock,False
1014473,VERISIGN INC/CA,1225600000.0,0001014473-26-000006,2024-12-31,,,,,,2024,PaymentsForRepurchaseOfCommonStock,False
1014473,VERISIGN INC/CA,881600000.0,0001014473-26-000006,2025-12-31,,,,,,2025,PaymentsForRepurchaseOfCommonStock,False
1018724,"AMAZON.COM, INC.",0.0,0001018724-23-000004,2020-12-31,,,,,,2020,PaymentsForRepurchaseOfCommonStock,False
1018724,"AMAZON.COM, INC.",0.0,0001018724-24-000008,2021-12-31,,,,,,2021,PaymentsForRepurchaseOfCommonStock,False
1018724,"AMAZON.COM, INC.",6000000000.0,0001018724-25-000004,2022-12-31,,,,,,2022,PaymentsForRepurchaseOfCommonStock,False
1018724,"AMAZON.COM, INC.",0.0,0001018724-25-000004,2023-12-31,,,,,,2023,PaymentsForRepurchaseOfCommonStock,False
1018724,"AMAZON.COM, INC.",0.0,0001018724-25-000004,2024-12-31,,,,,,2024,PaymentsForRepurchaseOfCommonStock,False
1022079,Quest Diagnostics Incorporated,224000000.0,0001022079-18-000038,2015-12-31,,,,,,2015,PaymentsForRepurchaseOfCommonStock,False
1022079,Quest Diagnostics Incorporated,590000000.0,0001022079-19-000030,2016-12-31,,,,,,2016,PaymentsForRepurchaseOfCommonStock,False
1022079,Quest Diagnostics Incorporated,465000000.0,0001022079-20-000017,2017-12-31,,,,,,2017,PaymentsForRepurchaseOfCommonStock,False
1022079,Quest Diagnostics Incorporated,322000000.0,0001022079-21-000029,2018-12-31,,,,,,2018,PaymentsForRepurchaseOfCommonStock,False
1022079,Quest Diagnostics Inc,353000000.0,0001022079-22-000027,2019-12-31,,,,,,2019,PaymentsForRepurchaseOfCommonStock,False
1022079,Quest Diagnostics Inc,325000000.0,0001022079-23-000018,2020-12-31,,,,,,2020,PaymentsForRepurchaseOfCommonStock,False
1022079,Quest Diagnostics Inc,2199000000.0,0001022079-24-000041,2021-12-31,,,,,,2021,PaymentsForRepurchaseOfCommonStock,False
1022079,Quest Diagnostics Inc,1408000000.0,0001022079-25-000044,2022-12-31,,,,,,2022,PaymentsForRepurchaseOfCommonStock,False
1022079,Quest Diagnostics Inc,275000000.0,0001022079-26-000015,2023-12-31,,,,,,2023,PaymentsForRepurchaseOfCommonStock,False
1022079,Quest Diagnostics Inc,151000000.0,0001022079-26-000015,2024-12-31,,,,,,2024,PaymentsForRepurchaseOfCommonStock,False
1022079,Quest Diagnostics Inc,450000000.0,0001022079-26-000015,2025-12-31,,,,,,2025,PaymentsForRepurchaseOfCommonStock,False
1022671,"STEEL DYNAMICS, INC.",25034000.0,0001144204-19-010579,2016-12-31,,,,,,2016,PaymentsForRepurchaseOfCommonStock,False
1022671,"STEEL DYNAMICS, INC.",252242000.0,0001558370-20-001641,2017-12-31,,,,,,2017,PaymentsForRepurchaseOfCommonStock,False
1022671,"STEEL DYNAMICS, INC.",523569000.0,0001558370-21-002129,2018-12-31,,,,,,2018,PaymentsForRepurchaseOfCommonStock,False
1022671,"Steel Dynamics, Inc.",348608000.0,0001558370-22-002377,2019-12-31,,,,,,2019,PaymentsForRepurchaseOfCommonStock,False
1022671,"Steel Dynamics, Inc.",106529000.0,0001558370-23-002303,2020-12-31,,,,,,2020,PaymentsForRepurchaseOfCommonStock,False
1022671,"Steel Dynamics, Inc.",1060632000.0,0001558370-24-002152,2021-12-31,,,,,,2021,PaymentsForRepurchaseOfCommonStock,False
1022671,"Steel Dynamics, Inc.",1800905000.0,0001558370-25-001886,2022-12-31,,,,,,2022,PaymentsForRepurchaseOfCommonStock,False
1022671,"Steel Dynamics, Inc.",1452203000.0,0001104659-26-021395,2023-12-31,,,,,,2023,PaymentsForRepurchaseOfCommonStock,False
1022671,"Steel Dynamics, Inc.",1212164000.0,0001104659-26-021395,2024-12-31,,,,,,2024,PaymentsForRepurchaseOfCommonStock,False
1022671,"Steel Dynamics, Inc.",900870000.0,0001104659-26-021395,2025-12-31,,,,,,2025,PaymentsForRepurchaseOfCommonStock,False
1024478,"Rockwell Automation, Inc.",598400000.0,0001024478-17-000034,2015-09-30,,,,,,2015,PaymentsForRepurchaseOfCommonStock,False
1024478,"Rockwell Automation, Inc.",507600000.0,0001024478-18-000032,2016-09-30,,,,,,2016,PaymentsForRepurchaseOfCommonStock,False
1024478,"Rockwell Automation, Inc.",342600000.0,0001024478-19-000044,2017-09-30,,,,,,2017,PaymentsForRepurchaseOfCommonStock,False
1024478,"Rockwell Automation, Inc.",1482300000.0,0001024478-20-000038,2018-09-30,,,,,,2018,PaymentsForRepurchaseOfCommonStock,False
1024478,"ROCKWELL AUTOMATION, INC",1009000000.0,0001024478-21-000083,2019-09-30,,,,,,2019,PaymentsForRepurchaseOfCommonStock,False
1024478,"Rockwell Automation, Inc",264200000.0,0001024478-22-000093,2020-09-30,,,,,,2020,PaymentsForRepurchaseOfCommonStock,False
1024478,"Rockwell Automation, Inc",299700000.0,0001024478-23-000126,2021-09-30,,,,,,2021,PaymentsForRepurchaseOfCommonStock,False
1024478,"Rockwell Automation, Inc",301300000.0,0001024478-24-000107,2022-09-30,,,,,,2022,PaymentsForRepurchaseOfCommonStock,False
1024478,"Rockwell Automation, Inc",312000000.0,0001024478-25-000116,2023-09-30,,,,,,2023,PaymentsForRepurchaseOfCommonStock,False
1024478,"Rockwell Automation, Inc",595000000.0,0001024478-25-000116,2024-09-30,,,,,,2024,PaymentsForRepurchaseOfCommonStock,False
1024478,"Rockwell Automation, Inc",425000000.0,0001024478-25-000116,2025-09-30,,,,,,2025,PaymentsForRepurchaseOfCommonStock,False
1032208,SEMPRA,74000000.0,0000086521-18-000019,2015-12-31,,,,,,2015,PaymentsForRepurchaseOfCommonStock,False
1032208,SEMPRA,56000000.0,0000086521-19-000014,2016-12-31,,,,,,2016,PaymentsForRepurchaseOfCommonStock,False
1032208,SEMPRA,15000000.0,0001032208-20-000006,2017-12-31,,,,,,2017,PaymentsForRepurchaseOfCommonStock,False
1032208,SEMPRA,21000000.0,0001032208-21-000007,2018-12-31,,,,,,2018,PaymentsForRepurchaseOfCommonStock,False
1032208,SEMPRA ENERGY,26000000.0,0001032208-22-000007,2019-12-31,,,,,,2019,PaymentsForRepurchaseOfCommonStock,False
1032208,SEMPRA ENERGY,566000000.0,0001032208-23-000008,2020-12-31,,,,,,2020,PaymentsForRepurchaseOfCommonStock,False
1032208,SEMPRA,339000000.0,0001032208-24-000007,2021-12-31,,,,,,2021,PaymentsForRepurchaseOfCommonStock,False
1032208,SEMPRA,478000000.0,0001032208-25-000012,2022-12-31,,,,,,2022,PaymentsForRepurchaseOfCommonStock,False
1032208,SEMPRA,32000000.0,0001032208-26-000010,2023-12-31,,,,,,2023,PaymentsForRepurchaseOfCommonStock,False
1032208,SEMPRA,43000000.0,0001032208-26-000010,2024-12-31,,,,,,2024,PaymentsForRepurchaseOfCommonStock,False
1032208,SEMPRA,58000000.0,0001032208-26-000010,2025-12-31,,,,,,2025,PaymentsForRepurchaseOfCommonStock,False
1034054,SBA COMMUNICATIONS CORPORATION,450073000.0,0001034054-18-000003,2015-12-31,,,,,,2015,PaymentsForRepurchaseOfCommonStock,False
1034054,SBA COMMUNICATIONS CORPORATION,545689000.0,0001034054-19-000002,2016-12-31,,,,,,2016,PaymentsForRepurchaseOfCommonStock,False
1034054,SBA COMMUNICATIONS CORPORATION,854534000.0,0001034054-20-000003,2017-12-31,,,,,,2017,PaymentsForRepurchaseOfCommonStock,False
1034054,SBA COMMUNICATIONS CORPORATION,795581000.0,0001034054-21-000003,2018-12-31,,,,,,2018,PaymentsForRepurchaseOfCommonStock,False
1034054,SBA COMMUNICATIONS CORPORATION,466982000.0,0001034054-22-000002,2019-12-31,,,,,,2019,PaymentsForRepurchaseOfCommonStock,False
1034054,SBA COMMUNICATIONS CORPORATION,859335000.0,0001034054-23-000002,2020-12-31,,,,,,2020,PaymentsForRepurchaseOfCommonStock,False
1034054,SBA COMMUNICATIONS CORPORATION,582578000.0,0001034054-24-000002,2021-12-31,,,,,,2021,PaymentsForRepurchaseOfCommonStock,False
1034054,SBA COMMUNICATIONS CORPORATION,431666000.0,0001034054-25-000002,2022-12-31,,,,,,2022,PaymentsForRepurchaseOfCommonStock,False
1034054,SBA COMMUNICATIONS CORPORATION,100010000.0,0001034054-26-000002,2023-12-31,,,,,,2023,PaymentsForRepurchaseOfCommonStock,False
1034054,SBA COMMUNICATIONS CORPORATION,200019000.0,0001034054-26-000002,2024-12-31,,,,,,2024,PaymentsForRepurchaseOfCommonStock,False
1034054,SBA COMMUNICATIONS CORPORATION,497805000.0,0001034054-26-000002,2025-12-31,,,,,,2025,PaymentsForRepurchaseOfCommonStock,False
1035002,VALERO ENERGY CORP/TX,2838000000.0,0001035002-18-000010,2015-12-31,,,,,,2015,PaymentsForRepurchaseOfCommonStock,False
1035002,VALERO ENERGY CORP/TX,1336000000.0,0001035002-19-000008,2016-12-31,,,,,,2016,PaymentsForRepurchaseOfCommonStock,False
1035002,VALERO ENERGY CORP/TX,1372000000.0,0001035002-20-000007,2017-12-31,,,,,,2017,PaymentsForRepurchaseOfCommonStock,False
1035002,VALERO ENERGY CORP/TX,1708000000.0,0001035002-21-000051,2018-12-31,,,,,,2018,PaymentsForRepurchaseOfCommonStock,False
1035002,VALERO ENERGY CORP/TX,777000000.0,0001035002-22-000007,2019-12-31,,,,,,2019,PaymentsForRepurchaseOfCommonStock,False
1035002,VALERO ENERGY CORP/TX,156000000.0,0001035002-23-000027,2020-12-31,,,,,,2020,PaymentsForRepurchaseOfCommonStock,False
1035002,VALERO ENERGY CORP/TX,27000000.0,0001035002-24-000007,2021-12-31,,,,,,2021,PaymentsForRepurchaseOfCommonStock,False
1035002,VALERO ENERGY CORP/TX,4577000000.0,0001035002-25-000005,2022-12-31,,,,,,2022,PaymentsForRepurchaseOfCommonStock,False
1035002,VALERO ENERGY CORP/TX,5136000000.0,0001628280-26-011499,2023-12-31,,,,,,2023,PaymentsForRepurchaseOfCommonStock,False
1035002,VALERO ENERGY CORP/TX,2875000000.0,0001628280-26-011499,2024-12-31,,,,,,2024,PaymentsForRepurchaseOfCommonStock,False
1035002,VALERO ENERGY CORP/TX,2598000000.0,0001628280-26-011499,2025-12-31,,,,,,2025,PaymentsForRepurchaseOfCommonStock,False
1035267,"Intuitive Surgical, Inc.",183700000.0,0001035267-18-000013,2015-12-31,,,,,,2015,PaymentsForRepurchaseOfCommonStock,False
1035267,"Intuitive Surgical, Inc.",42500000.0,0001035267-19-000012,2016-12-31,,,,,,2016,PaymentsForRepurchaseOfCommonStock,False
1035267,"Intuitive Surgical, Inc.",2274000000.0,0001035267-20-000032,2017-12-31,,,,,,2017,PaymentsForRepurchaseOfCommonStock,False
1035267,"Intuitive Surgical, Inc.",0.0,0001035267-21-000028,2018-12-31,,,,,,2018,PaymentsForRepurchaseOfCommonStock,False
1035267,"Intuitive Surgical, Inc.",269500000.0,0001035267-22-000014,2019-12-31,,,,,,2019,PaymentsForRepurchaseOfCommonStock,False
1035267,"Intuitive Surgical, Inc.",134300000.0,0001035267-23-000019,2020-12-31,,,,,,2020,PaymentsForRepurchaseOfCommonStock,False
1035267,"Intuitive Surgical, Inc.",0.0,0001035267-24-000021,2021-12-31,,,,,,2021,PaymentsForRepurchaseOfCommonStock,False
1035267,"Intuitive Surgical, Inc.",2607400000.0,0001035267-25-000017,2022-12-31,,,,,,2022,PaymentsForRepurchaseOfCommonStock,False
1035267,"Intuitive Surgical, Inc.",416300000.0,0001035267-26-000010,2023-12-31,,,,,,2023,PaymentsForRepurchaseOfCommonStock,False
1035267,"Intuitive Surgical, Inc.",0.0,0001035267-26-000010,2024-12-31,,,,,,2024,PaymentsForRepurchaseOfCommonStock,False
1035267,"Intuitive Surgical, Inc.",2295300000.0,0001035267-26-000010,2025-12-31,,,,,,2025,PaymentsForRepurchaseOfCommonStock,False
1035443,"ALEXANDRIA REAL ESTATE EQUITIES, INC.",0.0,0001035443-25-000067,2022-12-31,,,,,,2022,PaymentsForRepurchaseOfCommonStock,False
1035443,"ALEXANDRIA REAL ESTATE EQUITIES, INC.",0.0,0001035443-26-000013,2023-12-31,,,,,,2023,PaymentsForRepurchaseOfCommonStock,False
1035443,"ALEXANDRIA REAL ESTATE EQUITIES, INC.",50107000.0,0001035443-26-000013,2024-12-31,,,,,,2024,PaymentsForRepurchaseOfCommonStock,False
1035443,"ALEXANDRIA REAL ESTATE EQUITIES, INC.",208187000.0,0001035443-26-000013,2025-12-31,,,,,,2025,PaymentsForRepurchaseOfCommonStock,False
1035983,"Comfort Systems USA, Inc.",8330000.0,0001558370-18-000936,2015-12-31,,,,,,2015,PaymentsForRepurchaseOfCommonStock,False
1035983,"Comfort Systems USA, Inc.",13088000.0,0001558370-19-000857,2016-12-31,,,,,,2016,PaymentsForRepurchaseOfCommonStock,False
1035983,"Comfort Systems USA, Inc.",9007000.0,0001558370-20-001491,2017-12-31,,,,,,2017,PaymentsForRepurchaseOfCommonStock,False
1035983,"Comfort Systems USA, Inc.",28533000.0,0001558370-21-001828,2018-12-31,,,,,,2018,PaymentsForRepurchaseOfCommonStock,False
1035983,"Comfort Systems USA, Inc.",19550000.0,0001558370-22-001753,2019-12-31,,,,,,2019,PaymentsForRepurchaseOfCommonStock,False
1035983,"Comfort Systems USA, Inc.",30120000.0,0001558370-23-001757,2020-12-31,,,,,,2020,PaymentsForRepurchaseOfCommonStock,False
1035983,"Comfort Systems USA, Inc.",27054000.0,0001558370-24-001529,2021-12-31,,,,,,2021,PaymentsForRepurchaseOfCommonStock,False
1035983,"Comfort Systems USA, Inc.",38216000.0,0001558370-25-001222,2022-12-31,,,,,,2022,PaymentsForRepurchaseOfCommonStock,False
1035983,"Comfort Systems USA, Inc.",21184000.0,0001104659-26-017530,2023-12-31,,,,,,2023,PaymentsForRepurchaseOfCommonStock,False
1035983,"Comfort Systems USA, Inc.",57912000.0,0001104659-26-017530,2024-12-31,,,,,,2024,PaymentsForRepurchaseOfCommonStock,False
1035983,"Comfort Systems USA, Inc.",215999000.0,0001104659-26-017530,2025-12-31,,,,,,2025,PaymentsForRepurchaseOfCommonStock,False
1037038,Ralph Lauren Corporation,500400000.0,0001037038-18-000007,2016-04-02,,,,,,2015,PaymentsForRepurchaseOfCommonStock,False
1037038,Ralph Lauren Corporation,215200000.0,0001037038-19-000005,2017-04-01,,,,,,2016,PaymentsForRepurchaseOfCommonStock,False
1037038,Ralph Lauren Corporation,17100000.0,0001037038-20-000014,2018-03-31,,,,,,2017,PaymentsForRepurchaseOfCommonStock,False
1037038,Ralph Lauren Corporation,502600000.0,0001037038-21-000022,2019-03-30,,,,,,2018,PaymentsForRepurchaseOfCommonStock,False
1037038,RALPH LAUREN CORPORATION,694800000.0,0001037038-22-000014,2020-03-28,,,,,,2019,PaymentsForRepurchaseOfCommonStock,False
1037038,RALPH LAUREN CORPORATION,37700000.0,0001037038-23-000015,2021-03-27,,,,,,2020,PaymentsForRepurchaseOfCommonStock,False
1037038,RALPH LAUREN CORPORATION,492600000.0,0001037038-24-000014,2022-04-02,,,,,,2021,PaymentsForRepurchaseOfCommonStock,False
1037038,RALPH LAUREN CORPORATION,488600000.0,0001037038-25-000011,2023-04-01,,,,,,2022,PaymentsForRepurchaseOfCommonStock,False
1037038,RALPH LAUREN CORPORATION,449700000.0,0001628280-26-037074,2024-03-30,,,,,,2023,PaymentsForRepurchaseOfCommonStock,False
1037038,RALPH LAUREN CORPORATION,480900000.0,0001628280-26-037074,2025-03-29,,,,,,2024,PaymentsForRepurchaseOfCommonStock,False
1037038,RALPH LAUREN CORPORATION,623800000.0,0001628280-26-037074,2026-03-28,,,,,,2025,PaymentsForRepurchaseOfCommonStock,False
1037646,Mettler-Toledo International Inc.,494966000.0,0001037646-18-000006,2015-12-31,,,,,,2015,PaymentsForRepurchaseOfCommonStock,False
1037646,Mettler-Toledo International Inc.,499992000.0,0001037646-19-000010,2016-12-31,,,,,,2016,PaymentsForRepurchaseOfCommonStock,False
1037646,Mettler-Toledo International Inc.,399997000.0,0001037646-20-000005,2017-12-31,,,,,,2017,PaymentsForRepurchaseOfCommonStock,False
1037646,Mettler-Toledo International Inc.,474999000.0,0001037646-21-000008,2018-12-31,,,,,,2018,PaymentsForRepurchaseOfCommonStock,False
1037646,Mettler-Toledo International Inc.,774999000.0,0001037646-22-000008,2019-12-31,,,,,,2019,PaymentsForRepurchaseOfCommonStock,False
1037646,Mettler-Toledo International Inc.,774998000.0,0001037646-23-000005,2020-12-31,,,,,,2020,PaymentsForRepurchaseOfCommonStock,False
1037646,Mettler-Toledo International Inc.,999998000.0,0001037646-24-000007,2021-12-31,,,,,,2021,PaymentsForRepurchaseOfCommonStock,False
1037646,Mettler-Toledo International Inc.,1099998000.0,0001037646-25-000012,2022-12-31,,,,,,2022,PaymentsForRepurchaseOfCommonStock,False
1037646,Mettler-Toledo International Inc.,900000000.0,0001037646-26-000011,2023-12-31,,,,,,2023,PaymentsForRepurchaseOfCommonStock,False
1037646,Mettler-Toledo International Inc.,849997000.0,0001037646-26-000011,2024-12-31,,,,,,2024,PaymentsForRepurchaseOfCommonStock,False
1037646,Mettler-Toledo International Inc.,799995000.0,0001037646-26-000011,2025-12-31,,,,,,2025,PaymentsForRepurchaseOfCommonStock,False
1037868,"AMETEK, Inc.",435400000.0,0001193125-18-053631,2015-12-31,,,,,,2015,PaymentsForRepurchaseOfCommonStock,False
1037868,"AMETEK, Inc.",336140000.0,0001193125-19-046947,2016-12-31,,,,,,2016,PaymentsForRepurchaseOfCommonStock,False
1037868,"AMETEK, Inc.",6867000.0,0001193125-20-043133,2017-12-31,,,,,,2017,PaymentsForRepurchaseOfCommonStock,False
1037868,"AMETEK, Inc.",367678000.0,0001037868-21-000007,2018-12-31,,,,,,2018,PaymentsForRepurchaseOfCommonStock,False
1037868,"AMETEK, Inc.",11924000.0,0001037868-22-000009,2019-12-31,,,,,,2019,PaymentsForRepurchaseOfCommonStock,False
1037868,"AMETEK, Inc.",4685000.0,0001037868-23-000012,2020-12-31,,,,,,2020,PaymentsForRepurchaseOfCommonStock,False
1037868,"AMETEK, Inc.",14711000.0,0001037868-24-000009,2021-12-31,,,,,,2021,PaymentsForRepurchaseOfCommonStock,False
1037868,"AMETEK, Inc.",332821000.0,0001037868-25-000012,2022-12-31,,,,,,2022,PaymentsForRepurchaseOfCommonStock,False
1037868,"AMETEK, Inc.",7772000.0,0001037868-26-000016,2023-12-31,,,,,,2023,PaymentsForRepurchaseOfCommonStock,False
1037868,"AMETEK, Inc.",212027000.0,0001037868-26-000016,2024-12-31,,,,,,2024,PaymentsForRepurchaseOfCommonStock,False
1037868,"AMETEK, Inc.",434048000.0,0001037868-26-000016,2025-12-31,,,,,,2025,PaymentsForRepurchaseOfCommonStock,False
1039684,"ONEOK, Inc.",0.0,0001039684-25-000036,2022-12-31,,,,,,2022,PaymentsForRepurchaseOfCommonStock,False
1039684,"ONEOK, Inc.",0.0,0001039684-26-000006,2023-12-31,,,,,,2023,PaymentsForRepurchaseOfCommonStock,False
1039684,"ONEOK, Inc.",159000000.0,0001039684-26-000006,2024-12-31,,,,,,2024,PaymentsForRepurchaseOfCommonStock,False
1039684,"ONEOK, Inc.",75000000.0,0001039684-26-000006,2025-12-31,,,,,,2025,PaymentsForRepurchaseOfCommonStock,False
1041061,"YUM! BRANDS, INC.",1200000000.0,0001041061-16-000056,2015-12-26,,,,,,2015,PaymentsForRepurchaseOfCommonStock,False
1041061,"YUM! BRANDS, INC.",1960000000.0,0001041061-20-000015,2017-12-31,,,,,,2017,PaymentsForRepurchaseOfCommonStock,False
1041061,"YUM! BRANDS, INC.",2390000000.0,0001041061-21-000012,2018-12-31,,,,,,2018,PaymentsForRepurchaseOfCommonStock,False
1041061,"YUM! BRANDS, INC.",815000000.0,0001041061-22-000009,2019-12-31,,,,,,2019,PaymentsForRepurchaseOfCommonStock,False
1041061,"YUM! BRANDS, INC.",239000000.0,0001041061-23-000009,2020-12-31,,,,,,2020,PaymentsForRepurchaseOfCommonStock,False
1041061,"YUM! BRANDS, INC.",1591000000.0,0001041061-24-000011,2021-12-31,,,,,,2021,PaymentsForRepurchaseOfCommonStock,False
1041061,"YUM! BRANDS, INC.",1200000000.0,0001041061-25-000013,2022-12-31,,,,,,2022,PaymentsForRepurchaseOfCommonStock,False
1041061,"YUM! BRANDS, INC.",50000000.0,0001041061-26-000084,2023-12-31,,,,,,2023,PaymentsForRepurchaseOfCommonStock,False
1041061,"YUM! BRANDS, INC.",441000000.0,0001041061-26-000084,2024-12-31,,,,,,2024,PaymentsForRepurchaseOfCommonStock,False
1041061,"YUM! BRANDS, INC.",552000000.0,0001041061-26-000084,2025-12-31,,,,,,2025,PaymentsForRepurchaseOfCommonStock,False
1043277,"C.H. ROBINSON WORLDWIDE, INC.",229863000.0,0001043277-18-000007,2015-12-31,,,,,,2015,PaymentsForRepurchaseOfCommonStock,False
1043277,"C.H. ROBINSON WORLDWIDE, INC.",172925000.0,0001043277-19-000006,2016-12-31,,,,,,2016,PaymentsForRepurchaseOfCommonStock,False
1043277,"C.H. ROBINSON WORLDWIDE, INC.",185485000.0,0001043277-20-000016,2017-12-31,,,,,,2017,PaymentsForRepurchaseOfCommonStock,False
1043277,"C.H. ROBINSON WORLDWIDE, INC.",300991000.0,0001043277-21-000009,2018-12-31,,,,,,2018,PaymentsForRepurchaseOfCommonStock,False
1043277,"C.H. ROBINSON WORLDWIDE, INC.",309444000.0,0001043277-22-000006,2019-12-31,,,,,,2019,PaymentsForRepurchaseOfCommonStock,False
1043277,"C.H. ROBINSON WORLDWIDE, INC.",177514000.0,0001043277-23-000005,2020-12-31,,,,,,2020,PaymentsForRepurchaseOfCommonStock,False
1043277,"C.H. ROBINSON WORLDWIDE, INC.",581756000.0,0001043277-24-000011,2021-12-31,,,,,,2021,PaymentsForRepurchaseOfCommonStock,False
1043277,"C.H. ROBINSON WORLDWIDE, INC.",1459900000.0,0001043277-25-000012,2022-12-31,,,,,,2022,PaymentsForRepurchaseOfCommonStock,False
1043277,"C.H. ROBINSON WORLDWIDE, INC.",63884000.0,0001043277-26-000009,2023-12-31,,,,,,2023,PaymentsForRepurchaseOfCommonStock,False
1043277,"C.H. ROBINSON WORLDWIDE, INC.",0.0,0001043277-26-000009,2024-12-31,,,,,,2024,PaymentsForRepurchaseOfCommonStock,False
1043277,"C.H. ROBINSON WORLDWIDE, INC.",354652000.0,0001043277-26-000009,2025-12-31,,,,,,2025,PaymentsForRepurchaseOfCommonStock,False
1045810,NVIDIA CORP,587000000.0,0001045810-18-000010,2016-01-31,,,,,,2015,PaymentsForRepurchaseOfCommonStock,False
1045810,NVIDIA CORP,739000000.0,0001045810-19-000023,2017-01-29,,,,,,2016,PaymentsForRepurchaseOfCommonStock,False
1045810,NVIDIA CORP,909000000.0,0001045810-20-000010,2018-01-28,,,,,,2017,PaymentsForRepurchaseOfCommonStock,False
1045810,NVIDIA CORP,1579000000.0,0001045810-21-000010,2019-01-27,,,,,,2018,PaymentsForRepurchaseOfCommonStock,False
1045810,NVIDIA CORP,0.0,0001045810-21-000010,2020-01-26,,,,,,2019,PaymentsForRepurchaseOfCommonStock,False
1045810,NVIDIA CORP,0.0,0001045810-23-000017,2021-01-31,,,,,,2020,PaymentsForRepurchaseOfCommonStock,False
1045810,NVIDIA CORP,0.0,0001045810-24-000029,2022-01-30,,,,,,2021,PaymentsForRepurchaseOfCommonStock,False
1045810,NVIDIA CORP,10039000000.0,0001045810-25-000023,2023-01-29,,,,,,2022,PaymentsForRepurchaseOfCommonStock,False
1045810,NVIDIA CORP,9533000000.0,0001045810-26-000021,2024-01-28,,,,,,2023,PaymentsForRepurchaseOfCommonStock,False
1045810,NVIDIA CORP,33706000000.0,0001045810-26-000021,2025-01-26,,,,,,2024,PaymentsForRepurchaseOfCommonStock,False
1045810,NVIDIA CORP,40086000000.0,0001045810-26-000021,2026-01-25,,,,,,2025,PaymentsForRepurchaseOfCommonStock,False
1047862,"Consolidated Edison, Inc",-1000000.0,0001047862-16-000225,2015-12-31,,,,,,2015,PaymentsForRepurchaseOfCommonStock,False
1047862,"Consolidated Edison, Inc",0.0,0001047862-24-000012,2021-12-31,,,,,,2021,PaymentsForRepurchaseOfCommonStock,False
1047862,"Consolidated Edison, Inc.",0.0,0001047862-25-000011,2022-12-31,,,,,,2022,PaymentsForRepurchaseOfCommonStock,False
1047862,"Consolidated Edison, Inc.",1000000000.0,0001047862-26-000031,2023-12-31,,,,,,2023,PaymentsForRepurchaseOfCommonStock,False
1047862,"Consolidated Edison, Inc.",0.0,0001047862-26-000031,2024-12-31,,,,,,2024,PaymentsForRepurchaseOfCommonStock,False
1047862,"Consolidated Edison, Inc.",0.0,0001047862-26-000031,2025-12-31,,,,,,2025,PaymentsForRepurchaseOfCommonStock,False
1048286,MARRIOTT INTERNATIONAL INC /MD/,1917000000.0,0001628280-18-001756,2015-12-31,,,,,,2015,PaymentsForRepurchaseOfCommonStock,False
1048286,MARRIOTT INTERNATIONAL INC /MD/,568000000.0,0001628280-19-002337,2016-12-31,,,,,,2016,PaymentsForRepurchaseOfCommonStock,False
1048286,MARRIOTT INTERNATIONAL INC /MD/,3013000000.0,0001628280-20-002376,2017-12-31,,,,,,2017,PaymentsForRepurchaseOfCommonStock,False
1048286,MARRIOTT INTERNATIONAL INC /MD/,2850000000.0,0001628280-21-002433,2018-12-31,,,,,,2018,PaymentsForRepurchaseOfCommonStock,False
1048286,MARRIOTT INTERNATIONAL INC /MD/,2260000000.0,0001628280-22-002666,2019-12-31,,,,,,2019,PaymentsForRepurchaseOfCommonStock,False
1048286,MARRIOTT INTERNATIONAL INC /MD/,150000000.0,0001628280-23-003485,2020-12-31,,,,,,2020,PaymentsForRepurchaseOfCommonStock,False
1048286,MARRIOTT INTERNATIONAL INC /MD/,0.0,0001628280-24-004372,2021-12-31,,,,,,2021,PaymentsForRepurchaseOfCommonStock,False
1048286,MARRIOTT INTERNATIONAL INC /MD/,2566000000.0,0001628280-25-004818,2022-12-31,,,,,,2022,PaymentsForRepurchaseOfCommonStock,False
1048286,MARRIOTT INTERNATIONAL INC /MD/,3953000000.0,0001048286-26-000007,2023-12-31,,,,,,2023,PaymentsForRepurchaseOfCommonStock,False
1048286,MARRIOTT INTERNATIONAL INC /MD/,3762000000.0,0001048286-26-000007,2024-12-31,,,,,,2024,PaymentsForRepurchaseOfCommonStock,False
1048286,MARRIOTT INTERNATIONAL INC /MD/,3300000000.0,0001048286-26-000007,2025-12-31,,,,,,2025,PaymentsForRepurchaseOfCommonStock,False
1048695,"F5, Inc.",606858000.0,0001048695-17-000028,2015-09-30,,,,,,2015,PaymentsForRepurchaseOfCommonStock,False
1048695,"F5, Inc.",700124000.0,0001048695-18-000031,2016-09-30,,,,,,2016,PaymentsForRepurchaseOfCommonStock,False
1048695,"F5, Inc.",600090000.0,0001048695-19-000034,2017-09-30,,,,,,2017,PaymentsForRepurchaseOfCommonStock,False
1048695,"F5, Inc.",600081000.0,0001048695-20-000041,2018-09-30,,,,,,2018,PaymentsForRepurchaseOfCommonStock,False
1048695,"F5, Inc.",201045000.0,0001048695-21-000044,2019-09-30,,,,,,2019,PaymentsForRepurchaseOfCommonStock,False
1048695,"F5, Inc.",100016000.0,0001048695-22-000033,2020-09-30,,,,,,2020,PaymentsForRepurchaseOfCommonStock,False
1048695,"F5, Inc.",500000000.0,0001048695-23-000039,2021-09-30,,,,,,2021,PaymentsForRepurchaseOfCommonStock,False
1048695,"F5, Inc.",500023000.0,0001048695-24-000185,2022-09-30,,,,,,2022,PaymentsForRepurchaseOfCommonStock,False
1048695,"F5, Inc.",350049000.0,0001048695-25-000157,2023-09-30,,,,,,2023,PaymentsForRepurchaseOfCommonStock,False
1048695,"F5, Inc.",500558000.0,0001048695-25-000157,2024-09-30,,,,,,2024,PaymentsForRepurchaseOfCommonStock,False
1048695,"F5, Inc.",502085000.0,0001048695-25-000157,2025-09-30,,,,,,2025,PaymentsForRepurchaseOfCommonStock,False
1048911,FedEx Corporation,2722000000.0,0001564590-18-016877,2016-05-31,,,,,,2015,PaymentsForRepurchaseOfCommonStock,False
1048911,FedEx Corporation,509000000.0,0001564590-19-025065,2017-05-31,,,,,,2016,PaymentsForRepurchaseOfCommonStock,False
1048911,FedEx Corporation,1017000000.0,0001564590-20-032775,2018-05-31,,,,,,2017,PaymentsForRepurchaseOfCommonStock,False
1048911,FedEx Corporation,1480000000.0,0001564590-21-037031,2019-05-31,,,,,,2018,PaymentsForRepurchaseOfCommonStock,False
1048911,FedEx Corporation,3000000.0,0000950170-22-012762,2020-05-31,,,,,,2019,PaymentsForRepurchaseOfCommonStock,False
1048911,FedEx Corporation,2248000000.0,0000950170-24-083577,2022-05-31,,,,,,2021,PaymentsForRepurchaseOfCommonStock,False
1048911,FedEx Corporation,1500000000.0,0001048911-25-000011,2023-05-31,,,,,,2022,PaymentsForRepurchaseOfCommonStock,False
1048911,FedEx Corporation,2500000000.0,0001048911-26-000105,2024-05-31,,,,,,2023,PaymentsForRepurchaseOfCommonStock,False
1048911,FedEx Corporation,3017000000.0,0001048911-26-000105,2025-05-31,,,,,,2024,PaymentsForRepurchaseOfCommonStock,False
1048911,FedEx Corporation,796000000.0,0001048911-26-000105,2026-05-31,,,,,,2025,PaymentsForRepurchaseOfCommonStock,False
1050915,"Quanta Services, Inc.",1606361000.0,0001050915-18-000003,2015-12-31,,,,,,2015,PaymentsForRepurchaseOfCommonStock,False
1050915,"Quanta Services, Inc.",0.0,0001050915-19-000014,2016-12-31,,,,,,2016,PaymentsForRepurchaseOfCommonStock,False
1050915,"Quanta Services, Inc.",50000000.0,0001050915-20-000020,2017-12-31,,,,,,2017,PaymentsForRepurchaseOfCommonStock,False
1050915,"Quanta Services, Inc.",443152000.0,0001050915-21-000009,2018-12-31,,,,,,2018,PaymentsForRepurchaseOfCommonStock,False
1050915,"Quanta Services, Inc.",20092000.0,0001050915-22-000008,2019-12-31,,,,,,2019,PaymentsForRepurchaseOfCommonStock,False
1050915,"Quanta Services, Inc.",247249000.0,0001050915-23-000010,2020-12-31,,,,,,2020,PaymentsForRepurchaseOfCommonStock,False
1050915,"Quanta Services, Inc.",66687000.0,0001050915-24-000009,2021-12-31,,,,,,2021,PaymentsForRepurchaseOfCommonStock,False
1050915,"Quanta Services, Inc.",127762000.0,0001050915-25-000005,2022-12-31,,,,,,2022,PaymentsForRepurchaseOfCommonStock,False
1050915,"Quanta Services, Inc.",350000.0,0001050915-26-000006,2023-12-31,,,,,,2023,PaymentsForRepurchaseOfCommonStock,False
1050915,"Quanta Services, Inc.",0.0,0001050915-26-000006,2024-12-31,,,,,,2024,PaymentsForRepurchaseOfCommonStock,False
1050915,"Quanta Services, Inc.",134555000.0,0001050915-26-000006,2025-12-31,,,,,,2025,PaymentsForRepurchaseOfCommonStock,False
1051470,Crown Castle Inc.,29657000.0,0001051470-18-000082,2015-12-31,,,,,,2015,PaymentsForRepurchaseOfCommonStock,False
1051470,Crown Castle Inc.,25000000.0,0001051470-19-000046,2016-12-31,,,,,,2016,PaymentsForRepurchaseOfCommonStock,False
1051470,Crown Castle Inc.,-23000000.0,0001051470-20-000077,2017-12-31,,,,,,2017,PaymentsForRepurchaseOfCommonStock,False
1051470,Crown Castle Inc.,34000000.0,0001051470-21-000031,2018-12-31,,,,,,2018,PaymentsForRepurchaseOfCommonStock,False
1051470,CROWN CASTLE INTERNATIONAL CORP,44000000.0,0001051470-22-000019,2019-12-31,,,,,,2019,PaymentsForRepurchaseOfCommonStock,False
1051470,CROWN CASTLE INC,76000000.0,0001051470-23-000041,2020-12-31,,,,,,2020,PaymentsForRepurchaseOfCommonStock,False
1051470,CROWN CASTLE INC,70000000.0,0001051470-24-000062,2021-12-31,,,,,,2021,PaymentsForRepurchaseOfCommonStock,False
1051470,CROWN CASTLE INC,-65000000.0,0001051470-25-000089,2022-12-31,,,,,,2022,PaymentsForRepurchaseOfCommonStock,False
1051470,CROWN CASTLE INC,-30000000.0,0001051470-26-000016,2023-12-31,,,,,,2023,PaymentsForRepurchaseOfCommonStock,False
1051470,CROWN CASTLE INC,-33000000.0,0001051470-26-000016,2024-12-31,,,,,,2024,PaymentsForRepurchaseOfCommonStock,False
1051470,CROWN CASTLE INC,-23000000.0,0001051470-26-000016,2025-12-31,,,,,,2025,PaymentsForRepurchaseOfCommonStock,False
1053507,AMERICAN TOWER CORP /MA/,0.0,0001053507-18-000006,2015-12-31,,,,,,2015,PaymentsForRepurchaseOfCommonStock,False
1053507,AMERICAN TOWER CORP /MA/,0.0,0001053507-19-000012,2016-12-31,,,,,,2016,PaymentsForRepurchaseOfCommonStock,False
1053507,AMERICAN TOWER CORP /MA/,766300000.0,0001053507-20-000028,2017-12-31,,,,,,2017,PaymentsForRepurchaseOfCommonStock,False
1053507,AMERICAN TOWER CORP /MA/,232800000.0,0001053507-21-000026,2018-12-31,,,,,,2018,PaymentsForRepurchaseOfCommonStock,False
1053507,American Tower Corporation,19600000.0,0001053507-22-000017,2019-12-31,,,,,,2019,PaymentsForRepurchaseOfCommonStock,False
1053507,American Tower Corporation,56000000.0,0001053507-23-000023,2020-12-31,,,,,,2020,PaymentsForRepurchaseOfCommonStock,False
1053507,American Tower Corporation,0.0,0001053507-24-000011,2021-12-31,,,,,,2021,PaymentsForRepurchaseOfCommonStock,False
1053507,American Tower Corporation,18800000.0,0001053507-25-000025,2022-12-31,,,,,,2022,PaymentsForRepurchaseOfCommonStock,False
1053507,American Tower Corporation,0.0,0001053507-26-000035,2023-12-31,,,,,,2023,PaymentsForRepurchaseOfCommonStock,False
1053507,American Tower Corporation,0.0,0001053507-26-000035,2024-12-31,,,,,,2024,PaymentsForRepurchaseOfCommonStock,False
1053507,American Tower Corporation,364600000.0,0001053507-26-000035,2025-12-31,,,,,,2025,PaymentsForRepurchaseOfCommonStock,False
1057352,"CoStar Group, Inc.",0.0,0001057352-26-000020,2023-12-31,,,,,,2023,PaymentsForRepurchaseOfCommonStock,False
1057352,"CoStar Group, Inc.",0.0,0001057352-26-000020,2024-12-31,,,,,,2024,PaymentsForRepurchaseOfCommonStock,False
1057352,"CoStar Group, Inc.",500000000.0,0001057352-26-000020,2025-12-31,,,,,,2025,PaymentsForRepurchaseOfCommonStock,False
1058090,"CHIPOTLE MEXICAN GRILL, INC.",460675000.0,0001058090-18-000018,2015-12-31,,,,,,2015,PaymentsForRepurchaseOfCommonStock,False
1058090,"CHIPOTLE MEXICAN GRILL, INC.",836760000.0,0001058090-19-000007,2016-12-31,,,,,,2016,PaymentsForRepurchaseOfCommonStock,False
1058090,"CHIPOTLE MEXICAN GRILL, INC.",285218000.0,0001058090-20-000010,2017-12-31,,,,,,2017,PaymentsForRepurchaseOfCommonStock,False
1058090,"CHIPOTLE MEXICAN GRILL, INC.",160937000.0,0001058090-21-000010,2018-12-31,,,,,,2018,PaymentsForRepurchaseOfCommonStock,False
1058090,"CHIPOTLE MEXICAN GRILL, INC.",190617000.0,0001058090-22-000011,2019-12-31,,,,,,2019,PaymentsForRepurchaseOfCommonStock,False
1058090,"CHIPOTLE MEXICAN GRILL, INC.",54401000.0,0001058090-23-000010,2020-12-31,,,,,,2020,PaymentsForRepurchaseOfCommonStock,False
1058090,"CHIPOTLE MEXICAN GRILL, INC.",466462000.0,0001562762-24-000023,2021-12-31,,,,,,2021,PaymentsForRepurchaseOfCommonStock,False
1058090,"CHIPOTLE MEXICAN GRILL, INC.",830140000.0,0001058090-25-000014,2022-12-31,,,,,,2022,PaymentsForRepurchaseOfCommonStock,False
1058090,"CHIPOTLE MEXICAN GRILL, INC.",592349000.0,0001058090-26-000009,2023-12-31,,,,,,2023,PaymentsForRepurchaseOfCommonStock,False
1058090,"CHIPOTLE MEXICAN GRILL, INC.",1001559000.0,0001058090-26-000009,2024-12-31,,,,,,2024,PaymentsForRepurchaseOfCommonStock,False
1058090,"CHIPOTLE MEXICAN GRILL, INC.",2425516000.0,0001058090-26-000009,2025-12-31,,,,,,2025,PaymentsForRepurchaseOfCommonStock,False
1058290,Cognizant Technology Solutions Corporation,460000000.0,0001058290-18-000009,2015-12-31,,,,,,2015,PaymentsForRepurchaseOfCommonStock,False
1058290,Cognizant Technology Solutions Corporation,512000000.0,0001058290-19-000009,2016-12-31,,,,,,2016,PaymentsForRepurchaseOfCommonStock,False
1058290,Cognizant Technology Solutions Corporation,1889000000.0,0001058290-20-000008,2017-12-31,,,,,,2017,PaymentsForRepurchaseOfCommonStock,False
1058290,Cognizant Technology Solutions Corporation,1261000000.0,0001058290-21-000031,2018-12-31,,,,,,2018,PaymentsForRepurchaseOfCommonStock,False
1058290,COGNIZANT TECHNOLOGY SOLUTIONS CORPORATION,2247000000.0,0001058290-22-000023,2019-12-31,,,,,,2019,PaymentsForRepurchaseOfCommonStock,False
1058290,COGNIZANT TECHNOLOGY SOLUTIONS CORPORATION,1621000000.0,0001058290-23-000027,2020-12-31,,,,,,2020,PaymentsForRepurchaseOfCommonStock,False
1058290,COGNIZANT TECHNOLOGY SOLUTIONS CORPORATION,771000000.0,0001058290-24-000017,2021-12-31,,,,,,2021,PaymentsForRepurchaseOfCommonStock,False
1058290,COGNIZANT TECHNOLOGY SOLUTIONS CORPORATION,1422000000.0,0001058290-25-000017,2022-12-31,,,,,,2022,PaymentsForRepurchaseOfCommonStock,False
1058290,COGNIZANT TECHNOLOGY SOLUTIONS CORPORATION,1064000000.0,0001058290-26-000008,2023-12-31,,,,,,2023,PaymentsForRepurchaseOfCommonStock,False
1058290,COGNIZANT TECHNOLOGY SOLUTIONS CORPORATION,605000000.0,0001058290-26-000008,2024-12-31,,,,,,2024,PaymentsForRepurchaseOfCommonStock,False
1058290,COGNIZANT TECHNOLOGY SOLUTIONS CORPORATION,1378000000.0,0001058290-26-000008,2025-12-31,,,,,,2025,PaymentsForRepurchaseOfCommonStock,False
1059556,MOODY’S CORPORATION,1098100000.0,0001193125-18-058986,2015-12-31,,,,,,2015,PaymentsForRepurchaseOfCommonStock,False
1059556,MOODY’S CORPORATION,738800000.0,0001193125-19-048576,2016-12-31,,,,,,2016,PaymentsForRepurchaseOfCommonStock,False
1059556,MOODY’S CORPORATION,200000000.0,0001059556-20-000005,2017-12-31,,,,,,2017,PaymentsForRepurchaseOfCommonStock,False
1059556,MOODY’S CORPORATION,203000000.0,0001059556-21-000010,2018-12-31,,,,,,2018,PaymentsForRepurchaseOfCommonStock,False
1059556,MOODY’S CORPORATION,991000000.0,0001059556-22-000012,2019-12-31,,,,,,2019,PaymentsForRepurchaseOfCommonStock,False
1059556,MOODY’S CORPORATION,503000000.0,0001059556-23-000016,2020-12-31,,,,,,2020,PaymentsForRepurchaseOfCommonStock,False
1059556,MOODY’S CORPORATION,750000000.0,0001059556-24-000017,2021-12-31,,,,,,2021,PaymentsForRepurchaseOfCommonStock,False
1059556,MOODY’S CORPORATION,983000000.0,0001059556-25-000025,2022-12-31,,,,,,2022,PaymentsForRepurchaseOfCommonStock,False
1059556,MOODY’S CORPORATION,490000000.0,0001628280-26-009136,2023-12-31,,,,,,2023,PaymentsForRepurchaseOfCommonStock,False
1059556,MOODY’S CORPORATION,1292000000.0,0001628280-26-009136,2024-12-31,,,,,,2024,PaymentsForRepurchaseOfCommonStock,False
1059556,MOODY’S CORPORATION,1607000000.0,0001628280-26-009136,2025-12-31,,,,,,2025,PaymentsForRepurchaseOfCommonStock,False
1060391,"Republic Services, Inc.",404700000.0,0001060391-18-000005,2015-12-31,,,,,,2015,PaymentsForRepurchaseOfCommonStock,False
1060391,"Republic Services, Inc.",403800000.0,0001060391-19-000008,2016-12-31,,,,,,2016,PaymentsForRepurchaseOfCommonStock,False
1060391,"Republic Services, Inc.",610700000.0,0001060391-20-000016,2017-12-31,,,,,,2017,PaymentsForRepurchaseOfCommonStock,False
1060391,"Republic Services, Inc.",736900000.0,0001060391-21-000014,2018-12-31,,,,,,2018,PaymentsForRepurchaseOfCommonStock,False
1060391,"REPUBLIC SERVICES, INC.",399400000.0,0001060391-22-000007,2019-12-31,,,,,,2019,PaymentsForRepurchaseOfCommonStock,False
1060391,"REPUBLIC SERVICES, INC.",98800000.0,0001060391-23-000008,2020-12-31,,,,,,2020,PaymentsForRepurchaseOfCommonStock,False
1060391,"REPUBLIC SERVICES, INC.",252200000.0,0001060391-24-000142,2021-12-31,,,,,,2021,PaymentsForRepurchaseOfCommonStock,False
1060391,"REPUBLIC SERVICES, INC.",203000000.0,0001060391-25-000091,2022-12-31,,,,,,2022,PaymentsForRepurchaseOfCommonStock,False
1060391,"REPUBLIC SERVICES, INC.",262000000.0,0001060391-26-000094,2023-12-31,,,,,,2023,PaymentsForRepurchaseOfCommonStock,False
1060391,"REPUBLIC SERVICES, INC.",482000000.0,0001060391-26-000094,2024-12-31,,,,,,2024,PaymentsForRepurchaseOfCommonStock,False
1060391,"REPUBLIC SERVICES, INC.",870000000.0,0001060391-26-000094,2025-12-31,,,,,,2025,PaymentsForRepurchaseOfCommonStock,False
1063761,"SIMON PROPERTY GROUP, INC.",255267000.0,0001558370-19-000875,2016-12-31,,,,,,2016,PaymentsForRepurchaseOfCommonStock,False
1063761,"SIMON PROPERTY GROUP, INC.",407002000.0,0001558370-20-001135,2017-12-31,,,,,,2017,PaymentsForRepurchaseOfCommonStock,False
1063761,"SIMON PROPERTY GROUP, INC.",354108000.0,0001558370-21-001700,2018-12-31,,,,,,2018,PaymentsForRepurchaseOfCommonStock,False
1063761,"SIMON PROPERTY GROUP, INC.",359773000.0,0001558370-22-001845,2019-12-31,,,,,,2019,PaymentsForRepurchaseOfCommonStock,False
1063761,"SIMON PROPERTY GROUP, INC.",152589000.0,0001558370-23-001840,2020-12-31,,,,,,2020,PaymentsForRepurchaseOfCommonStock,False
1063761,"SIMON PROPERTY GROUP, INC.",180387000.0,0001558370-25-001271,2022-12-31,,,,,,2022,PaymentsForRepurchaseOfCommonStock,False
1063761,"SIMON PROPERTY GROUP, INC.",140593000.0,0001104659-26-019419,2023-12-31,,,,,,2023,PaymentsForRepurchaseOfCommonStock,False
1063761,"SIMON PROPERTY GROUP, INC.",226826000.0,0001104659-26-019419,2025-12-31,,,,,,2025,PaymentsForRepurchaseOfCommonStock,False
1065088,eBay Inc.,2149000000.0,0001065088-18-000009,2015-12-31,,,,,,2015,PaymentsForRepurchaseOfCommonStock,False
1065088,eBay Inc.,2943000000.0,0001065088-19-000006,2016-12-31,,,,,,2016,PaymentsForRepurchaseOfCommonStock,False
1065088,eBay Inc.,2746000000.0,0001065088-20-000006,2017-12-31,,,,,,2017,PaymentsForRepurchaseOfCommonStock,False
1065088,eBay Inc.,4502000000.0,0001065088-21-000006,2018-12-31,,,,,,2018,PaymentsForRepurchaseOfCommonStock,False
1065088,eBay Inc.,4973000000.0,0001065088-22-000006,2019-12-31,,,,,,2019,PaymentsForRepurchaseOfCommonStock,False
1065088,eBay Inc.,5137000000.0,0001065088-23-000006,2020-12-31,,,,,,2020,PaymentsForRepurchaseOfCommonStock,False
1065088,eBay Inc.,7055000000.0,0001065088-24-000036,2021-12-31,,,,,,2021,PaymentsForRepurchaseOfCommonStock,False
1065088,eBay Inc.,3143000000.0,0001065088-25-000037,2022-12-31,,,,,,2022,PaymentsForRepurchaseOfCommonStock,False
1065088,eBay Inc.,1401000000.0,0001065088-26-000027,2023-12-31,,,,,,2023,PaymentsForRepurchaseOfCommonStock,False
1065088,eBay Inc.,3149000000.0,0001065088-26-000027,2024-12-31,,,,,,2024,PaymentsForRepurchaseOfCommonStock,False
1065088,eBay Inc.,2500000000.0,0001065088-26-000027,2025-12-31,,,,,,2025,PaymentsForRepurchaseOfCommonStock,False
1065280,"Netflix, Inc.",0.0,0001065280-22-000036,2019-12-31,,,,,,2019,PaymentsForRepurchaseOfCommonStock,False
1065280,"Netflix, Inc.",0.0,0001065280-23-000035,2020-12-31,,,,,,2020,PaymentsForRepurchaseOfCommonStock,False
1065280,"Netflix, Inc.",600022000.0,0001065280-24-000030,2021-12-31,,,,,,2021,PaymentsForRepurchaseOfCommonStock,False
1065280,"Netflix, Inc.",0.0,0001065280-25-000044,2022-12-31,,,,,,2022,PaymentsForRepurchaseOfCommonStock,False
1065280,"Netflix, Inc.",6045347000.0,0001065280-26-000034,2023-12-31,,,,,,2023,PaymentsForRepurchaseOfCommonStock,False
1065280,"Netflix, Inc.",6263746000.0,0001065280-26-000034,2024-12-31,,,,,,2024,PaymentsForRepurchaseOfCommonStock,False
1065280,"Netflix, Inc.",9127167000.0,0001065280-26-000034,2025-12-31,,,,,,2025,PaymentsForRepurchaseOfCommonStock,False
1067701,"UNITED RENTALS, INC.",789000000.0,0001067701-18-000006,2015-12-31,,,,,,2015,PaymentsForRepurchaseOfCommonStock,False
1067701,"UNITED RENTALS, INC.",528000000.0,0001067701-19-000007,2016-12-31,,,,,,2016,PaymentsForRepurchaseOfCommonStock,False
1067701,"UNITED RENTALS, INC.",56000000.0,0001067701-20-000008,2017-12-31,,,,,,2017,PaymentsForRepurchaseOfCommonStock,False
1067701,"UNITED RENTALS, INC.",817000000.0,0001067701-21-000008,2018-12-31,,,,,,2018,PaymentsForRepurchaseOfCommonStock,False
1067701,"United Rentals, Inc.",870000000.0,0001067701-22-000008,2019-12-31,,,,,,2019,PaymentsForRepurchaseOfCommonStock,False
1067701,"United Rentals, Inc.",286000000.0,0001067701-23-000010,2020-12-31,,,,,,2020,PaymentsForRepurchaseOfCommonStock,False
1067701,"United Rentals, Inc.",34000000.0,0001067701-24-000007,2021-12-31,,,,,,2021,PaymentsForRepurchaseOfCommonStock,False
1067701,"United Rentals, Inc.",1068000000.0,0001067701-25-000008,2022-12-31,,,,,,2022,PaymentsForRepurchaseOfCommonStock,False
1067701,"United Rentals, Inc.",1070000000.0,0001067701-26-000007,2023-12-31,,,,,,2023,PaymentsForRepurchaseOfCommonStock,False
1067701,"United Rentals, Inc.",1571000000.0,0001067701-26-000007,2024-12-31,,,,,,2024,PaymentsForRepurchaseOfCommonStock,False
1067701,"United Rentals, Inc.",1969000000.0,0001067701-26-000007,2025-12-31,,,,,,2025,PaymentsForRepurchaseOfCommonStock,False
1067983,BERKSHIRE HATHAWAY INC,1346000000.0,0001564590-21-009611,2018-12-31,,,,,,2018,PaymentsForRepurchaseOfCommonStock,False
1067983,BERKSHIRE HATHAWAY INC,4850000000.0,0001564590-22-007322,2019-12-31,,,,,,2019,PaymentsForRepurchaseOfCommonStock,False
1067983,BERKSHIRE HATHAWAY INC,24706000000.0,0000950170-23-004451,2020-12-31,,,,,,2020,PaymentsForRepurchaseOfCommonStock,False
1067983,BERKSHIRE HATHAWAY INC,27061000000.0,0000950170-24-019719,2021-12-31,,,,,,2021,PaymentsForRepurchaseOfCommonStock,False
1067983,BERKSHIRE HATHAWAY INC,7854000000.0,0000950170-25-025210,2022-12-31,,,,,,2022,PaymentsForRepurchaseOfCommonStock,False
1067983,BERKSHIRE HATHAWAY INC,9171000000.0,0001193125-26-083899,2023-12-31,,,,,,2023,PaymentsForRepurchaseOfCommonStock,False
1067983,BERKSHIRE HATHAWAY INC,2918000000.0,0001193125-26-083899,2024-12-31,,,,,,2024,PaymentsForRepurchaseOfCommonStock,False
1069183,"Axon Enterprise, Inc.",7556000.0,0001069183-18-000020,2015-12-31,,,,,,2015,PaymentsForRepurchaseOfCommonStock,False
1069183,"Axon Enterprise, Inc.",33746000.0,0001069183-19-000023,2016-12-31,,,,,,2016,PaymentsForRepurchaseOfCommonStock,False
1069183,"Axon Enterprise, Inc.",0.0,0001069183-19-000023,2017-12-31,,,,,,2017,PaymentsForRepurchaseOfCommonStock,False
1069183,"Axon Enterprise, Inc.",0.0,0001069183-19-000023,2018-12-31,,,,,,2018,PaymentsForRepurchaseOfCommonStock,False
1069202,LENNOX INTERNATIONAL INC,0.0,0001069202-18-000004,2015-12-31,,,,,,2015,PaymentsForRepurchaseOfCommonStock,False
1069202,LENNOX INTERNATIONAL INC,300000000.0,0001069202-19-000008,2016-12-31,,,,,,2016,PaymentsForRepurchaseOfCommonStock,False
1069202,LENNOX INTERNATIONAL INC,250000000.0,0001069202-20-000004,2017-12-31,,,,,,2017,PaymentsForRepurchaseOfCommonStock,False
1069202,LENNOX INTERNATIONAL INC,450200000.0,0001069202-21-000007,2018-12-31,,,,,,2018,PaymentsForRepurchaseOfCommonStock,False
1069202,LENNOX INTERNATIONAL INC.,400000000.0,0001628280-22-002664,2019-12-31,,,,,,2019,PaymentsForRepurchaseOfCommonStock,False
1069202,LENNOX INTERNATIONAL INC.,100000000.0,0001628280-23-004257,2020-12-31,,,,,,2020,PaymentsForRepurchaseOfCommonStock,False
1069202,LENNOX INTERNATIONAL INC.,600000000.0,0001628280-24-004446,2021-12-31,,,,,,2021,PaymentsForRepurchaseOfCommonStock,False
1069202,LENNOX INTERNATIONAL INC.,300000000.0,0001628280-25-004859,2022-12-31,,,,,,2022,PaymentsForRepurchaseOfCommonStock,False
1069202,LENNOX INTERNATIONAL INC.,0.0,0001069202-26-000028,2023-12-31,,,,,,2023,PaymentsForRepurchaseOfCommonStock,False
1069202,LENNOX INTERNATIONAL INC.,53600000.0,0001069202-26-000028,2024-12-31,,,,,,2024,PaymentsForRepurchaseOfCommonStock,False
1069202,LENNOX INTERNATIONAL INC.,482300000.0,0001069202-26-000028,2025-12-31,,,,,,2025,PaymentsForRepurchaseOfCommonStock,False
1070750,"HOST HOTELS & RESORTS, INC.",675000000.0,0001564590-18-003330,2015-12-31,,,,,,2015,PaymentsForRepurchaseOfCommonStock,False
1070750,"HOST HOTELS & RESORTS, INC.",218000000.0,0001564590-19-004191,2016-12-31,,,,,,2016,PaymentsForRepurchaseOfCommonStock,False
1070750,"HOST HOTELS & RESORTS, INC.",482000000.0,0000950170-22-001965,2019-12-31,,,,,,2019,PaymentsForRepurchaseOfCommonStock,False
1070750,"HOST HOTELS & RESORTS, INC.",147000000.0,0000950170-23-003778,2020-12-31,,,,,,2020,PaymentsForRepurchaseOfCommonStock,False
1070750,"HOST HOTELS & RESORTS, INC.",0.0,0001070750-24-000081,2021-12-31,,,,,,2021,PaymentsForRepurchaseOfCommonStock,False
1070750,"HOST HOTELS & RESORTS, INC.",27000000.0,0001070750-25-000071,2022-12-31,,,,,,2022,PaymentsForRepurchaseOfCommonStock,False
1070750,"HOST HOTELS & RESORTS, INC.",182000000.0,0001070750-26-000054,2023-12-31,,,,,,2023,PaymentsForRepurchaseOfCommonStock,False
1070750,"HOST HOTELS & RESORTS, INC.",107000000.0,0001070750-26-000054,2024-12-31,,,,,,2024,PaymentsForRepurchaseOfCommonStock,False
1070750,"HOST HOTELS & RESORTS, INC.",205000000.0,0001070750-26-000054,2025-12-31,,,,,,2025,PaymentsForRepurchaseOfCommonStock,False
1071739,CENTENE CORPORATION,53000000.0,0001071739-18-000030,2015-12-31,,,,,,2015,PaymentsForRepurchaseOfCommonStock,False
1071739,CENTENE CORPORATION,63000000.0,0001071739-19-000032,2016-12-31,,,,,,2016,PaymentsForRepurchaseOfCommonStock,False
1071739,CENTENE CORPORATION,65000000.0,0001071739-20-000060,2017-12-31,,,,,,2017,PaymentsForRepurchaseOfCommonStock,False
1071739,CENTENE CORPORATION,71000000.0,0001071739-21-000039,2018-12-31,,,,,,2018,PaymentsForRepurchaseOfCommonStock,False
1071739,Centene Corporation,75000000.0,0001071739-22-000071,2019-12-31,,,,,,2019,PaymentsForRepurchaseOfCommonStock,False
1071739,Centene Corporation,626000000.0,0001071739-23-000047,2020-12-31,,,,,,2020,PaymentsForRepurchaseOfCommonStock,False
1071739,Centene Corporation,297000000.0,0001071739-24-000037,2021-12-31,,,,,,2021,PaymentsForRepurchaseOfCommonStock,False
1071739,Centene Corporation,3096000000.0,0001071739-25-000027,2022-12-31,,,,,,2022,PaymentsForRepurchaseOfCommonStock,False
1071739,Centene Corporation,1633000000.0,0001071739-26-000049,2023-12-31,,,,,,2023,PaymentsForRepurchaseOfCommonStock,False
1071739,Centene Corporation,3124000000.0,0001071739-26-000049,2024-12-31,,,,,,2024,PaymentsForRepurchaseOfCommonStock,False
1071739,Centene Corporation,475000000.0,0001071739-26-000049,2025-12-31,,,,,,2025,PaymentsForRepurchaseOfCommonStock,False
1075531,Booking Holdings Inc.,3088839000.0,0001075531-18-000015,2015-12-31,,,,,,2015,PaymentsForRepurchaseOfCommonStock,False
1075531,Booking Holdings Inc.,1012000000.0,0001075531-19-000009,2016-12-31,,,,,,2016,PaymentsForRepurchaseOfCommonStock,False
1075531,Booking Holdings Inc.,1828000000.0,0001075531-20-000011,2017-12-31,,,,,,2017,PaymentsForRepurchaseOfCommonStock,False
1075531,Booking Holdings Inc.,5971000000.0,0001075531-21-000019,2018-12-31,,,,,,2018,PaymentsForRepurchaseOfCommonStock,False
1075531,Booking Holdings Inc.,8187000000.0,0001075531-22-000008,2019-12-31,,,,,,2019,PaymentsForRepurchaseOfCommonStock,False
1075531,Booking Holdings Inc.,1303000000.0,0001075531-23-000016,2020-12-31,,,,,,2020,PaymentsForRepurchaseOfCommonStock,False
1075531,Booking Holdings Inc.,163000000.0,0001075531-24-000014,2021-12-31,,,,,,2021,PaymentsForRepurchaseOfCommonStock,False
1075531,Booking Holdings Inc.,6621000000.0,0001075531-25-000010,2022-12-31,,,,,,2022,PaymentsForRepurchaseOfCommonStock,False
1075531,Booking Holdings Inc.,10377000000.0,0001075531-26-000009,2023-12-31,,,,,,2023,PaymentsForRepurchaseOfCommonStock,False
1075531,Booking Holdings Inc.,6509000000.0,0001075531-26-000009,2024-12-31,,,,,,2024,PaymentsForRepurchaseOfCommonStock,False
1075531,Booking Holdings Inc.,6440000000.0,0001075531-26-000009,2025-12-31,,,,,,2025,PaymentsForRepurchaseOfCommonStock,False
1086222,"AKAMAI TECHNOLOGIES, INC.",302606000.0,0001086222-18-000052,2015-12-31,,,,,,2015,PaymentsForRepurchaseOfCommonStock,False
1086222,"AKAMAI TECHNOLOGIES, INC.",373794000.0,0001086222-19-000066,2016-12-31,,,,,,2016,PaymentsForRepurchaseOfCommonStock,False
1086222,"AKAMAI TECHNOLOGIES, INC.",361194000.0,0001086222-20-000045,2017-12-31,,,,,,2017,PaymentsForRepurchaseOfCommonStock,False
1086222,"AKAMAI TECHNOLOGIES, INC.",750000000.0,0001086222-21-000075,2018-12-31,,,,,,2018,PaymentsForRepurchaseOfCommonStock,False
1086222,"Akamai Technologies, Inc.",334519000.0,0001086222-22-000058,2019-12-31,,,,,,2019,PaymentsForRepurchaseOfCommonStock,False
1086222,"Akamai Technologies, Inc.",193588000.0,0001086222-23-000078,2020-12-31,,,,,,2020,PaymentsForRepurchaseOfCommonStock,False
1086222,"Akamai Technologies, Inc.",522255000.0,0001086222-24-000040,2021-12-31,,,,,,2021,PaymentsForRepurchaseOfCommonStock,False
1086222,"Akamai Technologies, Inc.",608010000.0,0001086222-25-000028,2022-12-31,,,,,,2022,PaymentsForRepurchaseOfCommonStock,False
1086222,"Akamai Technologies, Inc.",654046000.0,0001086222-26-000022,2023-12-31,,,,,,2023,PaymentsForRepurchaseOfCommonStock,False
1086222,"Akamai Technologies, Inc.",557468000.0,0001086222-26-000022,2024-12-31,,,,,,2024,PaymentsForRepurchaseOfCommonStock,False
1086222,"Akamai Technologies, Inc.",799963000.0,0001086222-26-000022,2025-12-31,,,,,,2025,PaymentsForRepurchaseOfCommonStock,False
1090012,DEVON ENERGY CORP/DE,2956000000.0,0001564590-21-006239,2018-12-31,,,,,,2018,PaymentsForRepurchaseOfCommonStock,False
1090012,DEVON ENERGY CORP/DE,1849000000.0,0001564590-22-005321,2019-12-31,,,,,,2019,PaymentsForRepurchaseOfCommonStock,False
1090012,DEVON ENERGY CORP/DE,38000000.0,0000950170-23-002852,2020-12-31,,,,,,2020,PaymentsForRepurchaseOfCommonStock,False
1090012,DEVON ENERGY CORP/DE,589000000.0,0000950170-24-021781,2021-12-31,,,,,,2021,PaymentsForRepurchaseOfCommonStock,False
1090012,DEVON ENERGY CORP/DE,718000000.0,0000950170-25-022844,2022-12-31,,,,,,2022,PaymentsForRepurchaseOfCommonStock,False
1090012,DEVON ENERGY CORP/DE,979000000.0,0001193125-26-056485,2023-12-31,,,,,,2023,PaymentsForRepurchaseOfCommonStock,False
1090012,DEVON ENERGY CORP/DE,1057000000.0,0001193125-26-056485,2024-12-31,,,,,,2024,PaymentsForRepurchaseOfCommonStock,False
1090012,DEVON ENERGY CORP/DE,1050000000.0,0001193125-26-056485,2025-12-31,,,,,,2025,PaymentsForRepurchaseOfCommonStock,False
1090727,"United Parcel Service, Inc.",2702000000.0,0001090727-18-000009,2015-12-31,,,,,,2015,PaymentsForRepurchaseOfCommonStock,False
1090727,"United Parcel Service, Inc.",2678000000.0,0001090727-19-000006,2016-12-31,,,,,,2016,PaymentsForRepurchaseOfCommonStock,False
1090727,"United Parcel Service, Inc.",1813000000.0,0001090727-20-000005,2017-12-31,,,,,,2017,PaymentsForRepurchaseOfCommonStock,False
1090727,"United Parcel Service, Inc.",1011000000.0,0001090727-21-000013,2018-12-31,,,,,,2018,PaymentsForRepurchaseOfCommonStock,False
1090727,"United Parcel Service, Inc.",1004000000.0,0001090727-22-000007,2019-12-31,,,,,,2019,PaymentsForRepurchaseOfCommonStock,False
1090727,"United Parcel Service, Inc.",224000000.0,0001090727-23-000006,2020-12-31,,,,,,2020,PaymentsForRepurchaseOfCommonStock,False
1090727,"United Parcel Service, Inc.",500000000.0,0001090727-24-000008,2021-12-31,,,,,,2021,PaymentsForRepurchaseOfCommonStock,False
1090727,"United Parcel Service, Inc.",3500000000.0,0001090727-25-000019,2022-12-31,,,,,,2022,PaymentsForRepurchaseOfCommonStock,False
1090727,"United Parcel Service, Inc.",2250000000.0,0001628280-26-008432,2023-12-31,,,,,,2023,PaymentsForRepurchaseOfCommonStock,False
1090727,"United Parcel Service, Inc.",500000000.0,0001628280-26-008432,2024-12-31,,,,,,2024,PaymentsForRepurchaseOfCommonStock,False
1090727,"United Parcel Service, Inc.",1000000000.0,0001628280-26-008432,2025-12-31,,,,,,2025,PaymentsForRepurchaseOfCommonStock,False
1090872,"AGILENT TECHNOLOGIES, INC.",267000000.0,0001090872-17-000018,2015-10-31,,,,,,2015,PaymentsForRepurchaseOfCommonStock,False
1090872,"AGILENT TECHNOLOGIES, INC.",434000000.0,0001090872-18-000019,2016-10-31,,,,,,2016,PaymentsForRepurchaseOfCommonStock,False
1090872,"AGILENT TECHNOLOGIES, INC.",194000000.0,0001090872-19-000022,2017-10-31,,,,,,2017,PaymentsForRepurchaseOfCommonStock,False
1090872,"AGILENT TECHNOLOGIES, INC.",422000000.0,0001090872-20-000020,2018-10-31,,,,,,2018,PaymentsForRepurchaseOfCommonStock,False
1090872,"Agilent Technologies, Inc.",723000000.0,0001090872-21-000027,2019-10-31,,,,,,2019,PaymentsForRepurchaseOfCommonStock,False
1090872,"Agilent Technologies, Inc.",469000000.0,0001090872-22-000026,2020-10-31,,,,,,2020,PaymentsForRepurchaseOfCommonStock,False
1090872,"AGILENT TECHNOLOGIES, INC.",788000000.0,0001090872-24-000036,2021-10-31,,,,,,2021,PaymentsForRepurchaseOfCommonStock,False
1090872,"AGILENT TECHNOLOGIES, INC.",1139000000.0,0001090872-25-000010,2022-10-31,,,,,,2022,PaymentsForRepurchaseOfCommonStock,False
1090872,"Agilent Technologies, Inc.",575000000.0,0001090872-25-000087,2023-10-31,,,,,,2023,PaymentsForRepurchaseOfCommonStock,False
1090872,"Agilent Technologies, Inc.",1150000000.0,0001090872-25-000087,2024-10-31,,,,,,2024,PaymentsForRepurchaseOfCommonStock,False
1090872,"Agilent Technologies, Inc.",425000000.0,0001090872-25-000087,2025-10-31,,,,,,2025,PaymentsForRepurchaseOfCommonStock,False
1091667,"Charter Communications, Inc.",38000000.0,0001091667-18-000025,2015-12-31,,,,,,2015,PaymentsForRepurchaseOfCommonStock,False
1091667,"Charter Communications, Inc.",1562000000.0,0001091667-19-000029,2016-12-31,,,,,,2016,PaymentsForRepurchaseOfCommonStock,False
1091667,"Charter Communications, Inc.",11715000000.0,0001091667-20-000024,2017-12-31,,,,,,2017,PaymentsForRepurchaseOfCommonStock,False
1091667,"Charter Communications, Inc.",4399000000.0,0001091667-21-000022,2018-12-31,,,,,,2018,PaymentsForRepurchaseOfCommonStock,False
1091667,"Charter Communications, Inc.",6873000000.0,0001091667-22-000024,2019-12-31,,,,,,2019,PaymentsForRepurchaseOfCommonStock,False
1091667,"Charter Communications, Inc.",11217000000.0,0001091667-23-000024,2020-12-31,,,,,,2020,PaymentsForRepurchaseOfCommonStock,False
1091667,"Charter Communications, Inc.",15431000000.0,0001091667-24-000028,2021-12-31,,,,,,2021,PaymentsForRepurchaseOfCommonStock,False
1091667,"Charter Communications, Inc.",10277000000.0,0001091667-25-000034,2022-12-31,,,,,,2022,PaymentsForRepurchaseOfCommonStock,False
1091667,"Charter Communications, Inc.",3215000000.0,0001091667-26-000017,2023-12-31,,,,,,2023,PaymentsForRepurchaseOfCommonStock,False
1091667,"Charter Communications, Inc.",1213000000.0,0001091667-26-000017,2024-12-31,,,,,,2024,PaymentsForRepurchaseOfCommonStock,False
1091667,"Charter Communications, Inc.",5132000000.0,0001091667-26-000017,2025-12-31,,,,,,2025,PaymentsForRepurchaseOfCommonStock,False
1093557,"DEXCOM, INC.",0.0,0001093557-19-000041,2016-12-31,,,,,,2016,PaymentsForRepurchaseOfCommonStock,False
1093557,"DEXCOM, INC.",0.0,0001093557-20-000029,2017-12-31,,,,,,2017,PaymentsForRepurchaseOfCommonStock,False
1093557,"DEXCOM, INC.",100000000.0,0001093557-21-000024,2018-12-31,,,,,,2018,PaymentsForRepurchaseOfCommonStock,False
1093557,"DEXCOM, INC.",0.0,0001093557-21-000024,2019-12-31,,,,,,2019,PaymentsForRepurchaseOfCommonStock,False
1093557,"DEXCOM, INC.",0.0,0001093557-23-000024,2020-12-31,,,,,,2020,PaymentsForRepurchaseOfCommonStock,False
1093557,"DEXCOM, INC.",0.0,0001093557-24-000021,2021-12-31,,,,,,2021,PaymentsForRepurchaseOfCommonStock,False
1093557,"DEXCOM, INC.",557700000.0,0001093557-25-000036,2022-12-31,,,,,,2022,PaymentsForRepurchaseOfCommonStock,False
1093557,"DEXCOM, INC.",688700000.0,0001093557-26-000027,2023-12-31,,,,,,2023,PaymentsForRepurchaseOfCommonStock,False
1093557,"DEXCOM, INC.",750000000.0,0001093557-26-000027,2024-12-31,,,,,,2024,PaymentsForRepurchaseOfCommonStock,False
1093557,"DEXCOM, INC.",500000000.0,0001093557-26-000027,2025-12-31,,,,,,2025,PaymentsForRepurchaseOfCommonStock,False
1094285,TELEDYNE TECHNOLOGIES INC,243800000.0,0001094285-19-000064,2016-01-03,,,,,,2015,PaymentsForRepurchaseOfCommonStock,False
1094285,TELEDYNE TECHNOLOGIES INC,0.0,0001094285-18-000053,2017-01-01,,,,,,2016,PaymentsForRepurchaseOfCommonStock,False
1094285,TELEDYNE TECHNOLOGIES INC,0.0,0001094285-18-000053,2017-12-31,,,,,,2017,PaymentsForRepurchaseOfCommonStock,False
1094285,TELEDYNE TECHNOLOGIES INC,0.0,0001094285-25-000053,2023-01-01,,,,,,2022,PaymentsForRepurchaseOfCommonStock,False
1094285,TELEDYNE TECHNOLOGIES INC,0.0,0001094285-26-000017,2023-12-31,,,,,,2023,PaymentsForRepurchaseOfCommonStock,False
1094285,TELEDYNE TECHNOLOGIES INC,354000000.0,0001094285-26-000017,2024-12-29,,,,,,2024,PaymentsForRepurchaseOfCommonStock,False
1094285,TELEDYNE TECHNOLOGIES INC,402900000.0,0001094285-26-000017,2025-12-28,,,,,,2025,PaymentsForRepurchaseOfCommonStock,False
1095073,"Everest Group, Ltd.",400059000.0,0001095073-18-000008,2015-12-31,,,,,,2015,PaymentsForRepurchaseOfCommonStock,False
1095073,"Everest Group, Ltd.",386288000.0,0001095073-19-000011,2016-12-31,,,,,,2016,PaymentsForRepurchaseOfCommonStock,False
1095073,"Everest Group, Ltd.",50000000.0,0001095073-20-000006,2017-12-31,,,,,,2017,PaymentsForRepurchaseOfCommonStock,False
1095073,"Everest Group, Ltd.",75304000.0,0001095073-21-000006,2018-12-31,,,,,,2018,PaymentsForRepurchaseOfCommonStock,False
1095073,"EVEREST RE GROUP, LTD.",24604000.0,0001095073-22-000005,2019-12-31,,,,,,2019,PaymentsForRepurchaseOfCommonStock,False
1095073,"EVEREST RE GROUP, LTD.",200000000.0,0001095073-23-000007,2020-12-31,,,,,,2020,PaymentsForRepurchaseOfCommonStock,False
1095073,"EVEREST GROUP, LTD.",225000000.0,0001095073-24-000009,2021-12-31,,,,,,2021,PaymentsForRepurchaseOfCommonStock,False
1095073,"EVEREST GROUP, LTD.",61000000.0,0001095073-25-000015,2022-12-31,,,,,,2022,PaymentsForRepurchaseOfCommonStock,False
1095073,"EVEREST GROUP, LTD.",0.0,0001095073-26-000006,2023-12-31,,,,,,2023,PaymentsForRepurchaseOfCommonStock,False
1095073,"EVEREST GROUP, LTD.",200000000.0,0001095073-26-000006,2024-12-31,,,,,,2024,PaymentsForRepurchaseOfCommonStock,False
1095073,"EVEREST GROUP, LTD.",797000000.0,0001095073-26-000006,2025-12-31,,,,,,2025,PaymentsForRepurchaseOfCommonStock,False
1097149,"ALIGN TECHNOLOGY, INC.",101791000.0,0001097149-18-000010,2015-12-31,,,,,,2015,PaymentsForRepurchaseOfCommonStock,False
1097149,"ALIGN TECHNOLOGY, INC.",96218000.0,0001097149-19-000009,2016-12-31,,,,,,2016,PaymentsForRepurchaseOfCommonStock,False
1097149,"ALIGN TECHNOLOGY, INC.",103793000.0,0001097149-20-000008,2017-12-31,,,,,,2017,PaymentsForRepurchaseOfCommonStock,False
1097149,"ALIGN TECHNOLOGY, INC.",300002000.0,0001097149-21-000007,2018-12-31,,,,,,2018,PaymentsForRepurchaseOfCommonStock,False
1097149,"ALIGN TECHNOLOGY, INC.",399999000.0,0001097149-22-000011,2019-12-31,,,,,,2019,PaymentsForRepurchaseOfCommonStock,False
1097149,"ALIGN TECHNOLOGY, INC.",0.0,0001097149-23-000013,2020-12-31,,,,,,2020,PaymentsForRepurchaseOfCommonStock,False
1097149,"ALIGN TECHNOLOGY, INC.",375038000.0,0001097149-24-000011,2021-12-31,,,,,,2021,PaymentsForRepurchaseOfCommonStock,False
1097149,"ALIGN TECHNOLOGY, INC.",435036000.0,0001097149-25-000012,2022-12-31,,,,,,2022,PaymentsForRepurchaseOfCommonStock,False
1097149,"ALIGN TECHNOLOGY, INC.",592360000.0,0001097149-26-000014,2023-12-31,,,,,,2023,PaymentsForRepurchaseOfCommonStock,False
1097149,"ALIGN TECHNOLOGY, INC.",352878000.0,0001097149-26-000014,2024-12-31,,,,,,2024,PaymentsForRepurchaseOfCommonStock,False
1097149,"ALIGN TECHNOLOGY, INC.",465939000.0,0001097149-26-000014,2025-12-31,,,,,,2025,PaymentsForRepurchaseOfCommonStock,False
1097864,ON SEMICONDUCTOR CORP,348200000.0,0001193125-18-051397,2015-12-31,,,,,,2015,PaymentsForRepurchaseOfCommonStock,False
1097864,ON SEMICONDUCTOR CORP,0.0,0001193125-19-045025,2016-12-31,,,,,,2016,PaymentsForRepurchaseOfCommonStock,False
1097864,ON SEMICONDUCTOR CORP,25000000.0,0001193125-20-041751,2017-12-31,,,,,,2017,PaymentsForRepurchaseOfCommonStock,False
1097864,ON SEMICONDUCTOR CORP,315300000.0,0001628280-21-002219,2018-12-31,,,,,,2018,PaymentsForRepurchaseOfCommonStock,False
1097864,ON SEMICONDUCTOR CORP,139000000.0,0001628280-22-002416,2019-12-31,,,,,,2019,PaymentsForRepurchaseOfCommonStock,False
1097864,ON SEMICONDUCTOR CORP,65400000.0,0001628280-23-002350,2020-12-31,,,,,,2020,PaymentsForRepurchaseOfCommonStock,False
1097864,ON SEMICONDUCTOR CORPORATION,0.0,0001628280-24-003201,2021-12-31,,,,,,2021,PaymentsForRepurchaseOfCommonStock,False
1097864,ON SEMICONDUCTOR CORPORATION,259800000.0,0001628280-25-004557,2022-12-31,,,,,,2022,PaymentsForRepurchaseOfCommonStock,False
1097864,ON Semiconductor Corporation,564200000.0,0001097864-26-000006,2023-12-31,,,,,,2023,PaymentsForRepurchaseOfCommonStock,False
1097864,ON Semiconductor Corporation,654100000.0,0001097864-26-000006,2024-12-31,,,,,,2024,PaymentsForRepurchaseOfCommonStock,False
1097864,ON Semiconductor Corporation,1377600000.0,0001097864-26-000006,2025-12-31,,,,,,2025,PaymentsForRepurchaseOfCommonStock,False
1099219,METLIFE INC,1930000000.0,0000937834-18-000005,2015-12-31,,,,,,2015,PaymentsForRepurchaseOfCommonStock,False
1099219,METLIFE INC,372000000.0,0001099219-19-000008,2016-12-31,,,,,,2016,PaymentsForRepurchaseOfCommonStock,False
1099219,METLIFE INC,2927000000.0,0001099219-20-000064,2017-12-31,,,,,,2017,PaymentsForRepurchaseOfCommonStock,False
1099219,METLIFE INC,3992000000.0,0001099219-21-000050,2018-12-31,,,,,,2018,PaymentsForRepurchaseOfCommonStock,False
1099219,"MetLife, Inc.",2285000000.0,0001099219-22-000014,2019-12-31,,,,,,2019,PaymentsForRepurchaseOfCommonStock,False
1099219,"MetLife, Inc.",1151000000.0,0001099219-23-000045,2020-12-31,,,,,,2020,PaymentsForRepurchaseOfCommonStock,False
1099219,"MetLife, Inc.",4303000000.0,0001099219-24-000035,2021-12-31,,,,,,2021,PaymentsForRepurchaseOfCommonStock,False
1099219,"MetLife, Inc.",3326000000.0,0001099219-25-000044,2022-12-31,,,,,,2022,PaymentsForRepurchaseOfCommonStock,False
1099219,"MetLife, Inc.",3103000000.0,0001099219-26-000013,2023-12-31,,,,,,2023,PaymentsForRepurchaseOfCommonStock,False
1099219,"MetLife, Inc.",3207000000.0,0001099219-26-000013,2024-12-31,,,,,,2024,PaymentsForRepurchaseOfCommonStock,False
1099219,"MetLife, Inc.",2883000000.0,0001099219-26-000013,2025-12-31,,,,,,2025,PaymentsForRepurchaseOfCommonStock,False
1099800,EDWARDS LIFESCIENCES CORPORATION,280100000.0,0001099800-18-000007,2015-12-31,,,,,,2015,PaymentsForRepurchaseOfCommonStock,False
1099800,EDWARDS LIFESCIENCES CORPORATION,662300000.0,0001099800-19-000004,2016-12-31,,,,,,2016,PaymentsForRepurchaseOfCommonStock,False
1099800,EDWARDS LIFESCIENCES CORPORATION,763300000.0,0001099800-20-000005,2017-12-31,,,,,,2017,PaymentsForRepurchaseOfCommonStock,False
1099800,EDWARDS LIFESCIENCES CORPORATION,795500000.0,0001099800-21-000007,2018-12-31,,,,,,2018,PaymentsForRepurchaseOfCommonStock,False
1099800,EDWARDS LIFESCIENCES CORPORATION,263300000.0,0001099800-22-000005,2019-12-31,,,,,,2019,PaymentsForRepurchaseOfCommonStock,False
1099800,EDWARDS LIFESCIENCES CORPORATION,625400000.0,0001099800-23-000005,2020-12-31,,,,,,2020,PaymentsForRepurchaseOfCommonStock,False
1099800,EDWARDS LIFESCIENCES CORPORATION,512800000.0,0001099800-24-000004,2021-12-31,,,,,,2021,PaymentsForRepurchaseOfCommonStock,False
1099800,EDWARDS LIFESCIENCES CORPORATION,1727100000.0,0001099800-25-000005,2022-12-31,,,,,,2022,PaymentsForRepurchaseOfCommonStock,False
1099800,EDWARDS LIFESCIENCES CORPORATION,879600000.0,0001099800-26-000009,2023-12-31,,,,,,2023,PaymentsForRepurchaseOfCommonStock,False
1099800,EDWARDS LIFESCIENCES CORPORATION,1159400000.0,0001099800-26-000009,2024-12-31,,,,,,2024,PaymentsForRepurchaseOfCommonStock,False
1099800,EDWARDS LIFESCIENCES CORPORATION,893400000.0,0001099800-26-000009,2025-12-31,,,,,,2025,PaymentsForRepurchaseOfCommonStock,False
1100682,"CHARLES RIVER LABORATORIES INTERNATIONAL, INC.",117478000.0,0001100682-18-000005,2015-12-26,,,,,,2015,PaymentsForRepurchaseOfCommonStock,False
1100682,"CHARLES RIVER LABORATORIES INTERNATIONAL, INC.",12267000.0,0001100682-19-000004,2016-12-31,,,,,,2016,PaymentsForRepurchaseOfCommonStock,False
1100682,"CHARLES RIVER LABORATORIES INTERNATIONAL, INC.",106909000.0,0001100682-20-000005,2017-12-30,,,,,,2017,PaymentsForRepurchaseOfCommonStock,False
1100682,"CHARLES RIVER LABORATORIES INTERNATIONAL, INC.",13846000.0,0001100682-21-000005,2018-12-29,,,,,,2018,PaymentsForRepurchaseOfCommonStock,False
1100682,"CHARLES RIVER LABORATORIES INTERNATIONAL, INC.",18087000.0,0001100682-22-000007,2019-12-28,,,,,,2019,PaymentsForRepurchaseOfCommonStock,False
1100682,"CHARLES RIVER LABORATORIES INTERNATIONAL, INC.",23979000.0,0001100682-23-000006,2020-12-26,,,,,,2020,PaymentsForRepurchaseOfCommonStock,False
1100682,"CHARLES RIVER LABORATORIES INTERNATIONAL, INC.",40707000.0,0001100682-24-000007,2021-12-25,,,,,,2021,PaymentsForRepurchaseOfCommonStock,False
1100682,"CHARLES RIVER LABORATORIES INTERNATIONAL, INC.",38651000.0,0001100682-25-000011,2022-12-31,,,,,,2022,PaymentsForRepurchaseOfCommonStock,False
1100682,"CHARLES RIVER LABORATORIES INTERNATIONAL, INC.",24155000.0,0001100682-26-000022,2023-12-30,,,,,,2023,PaymentsForRepurchaseOfCommonStock,False
1100682,"CHARLES RIVER LABORATORIES INTERNATIONAL, INC.",119175000.0,0001100682-26-000022,2024-12-28,,,,,,2024,PaymentsForRepurchaseOfCommonStock,False
1100682,"CHARLES RIVER LABORATORIES INTERNATIONAL, INC.",360673000.0,0001100682-26-000022,2025-12-27,,,,,,2025,PaymentsForRepurchaseOfCommonStock,False
1101239,"EQUINIX, INC.",0.0,0001628280-17-008031,2015-12-31,,,,,,2015,PaymentsForRepurchaseOfCommonStock,False
1101239,"EQUINIX, INC.",0.0,0001628280-17-008031,2016-12-31,,,,,,2016,PaymentsForRepurchaseOfCommonStock,False
1103982,"MONDELEZ INTERNATIONAL, INC.",3622000000.0,0001193125-18-037332,2015-12-31,,,,,,2015,PaymentsForRepurchaseOfCommonStock,False
1103982,"MONDELEZ INTERNATIONAL, INC.",2601000000.0,0001103982-19-000005,2016-12-31,,,,,,2016,PaymentsForRepurchaseOfCommonStock,False
1103982,"MONDELEZ INTERNATIONAL, INC.",2174000000.0,0001103982-20-000003,2017-12-31,,,,,,2017,PaymentsForRepurchaseOfCommonStock,False
1103982,"MONDELEZ INTERNATIONAL, INC.",2020000000.0,0001103982-21-000004,2018-12-31,,,,,,2018,PaymentsForRepurchaseOfCommonStock,False
1103982,"Mondelez International, Inc.",1480000000.0,0001103982-22-000003,2019-12-31,,,,,,2019,PaymentsForRepurchaseOfCommonStock,False
1103982,"Mondelez International, Inc.",1390000000.0,0001103982-23-000006,2020-12-31,,,,,,2020,PaymentsForRepurchaseOfCommonStock,False
1103982,"Mondelez International, Inc.",2110000000.0,0001103982-24-000019,2021-12-31,,,,,,2021,PaymentsForRepurchaseOfCommonStock,False
1103982,"Mondelez International, Inc.",2017000000.0,0001103982-25-000030,2022-12-31,,,,,,2022,PaymentsForRepurchaseOfCommonStock,False
1103982,"Mondelez International, Inc.",1547000000.0,0001628280-26-005345,2023-12-31,,,,,,2023,PaymentsForRepurchaseOfCommonStock,False
1103982,"Mondelez International, Inc.",2334000000.0,0001628280-26-005345,2024-12-31,,,,,,2024,PaymentsForRepurchaseOfCommonStock,False
1103982,"Mondelez International, Inc.",2385000000.0,0001628280-26-005345,2025-12-31,,,,,,2025,PaymentsForRepurchaseOfCommonStock,False
1108524,"Salesforce, Inc.",0.0,0001108524-23-000011,2021-01-31,,,,,,2020,PaymentsForRepurchaseOfCommonStock,False
1108524,"Salesforce, Inc.",0.0,0001108524-24-000005,2022-01-31,,,,,,2021,PaymentsForRepurchaseOfCommonStock,False
1108524,"Salesforce, Inc.",4000000000.0,0001108524-25-000006,2023-01-31,,,,,,2022,PaymentsForRepurchaseOfCommonStock,False
1108524,"Salesforce, Inc.",7620000000.0,0001108524-26-000060,2024-01-31,,,,,,2023,PaymentsForRepurchaseOfCommonStock,False
1108524,"Salesforce, Inc.",7829000000.0,0001108524-26-000060,2025-01-31,,,,,,2024,PaymentsForRepurchaseOfCommonStock,False
1108524,"Salesforce, Inc.",12596000000.0,0001108524-26-000060,2026-01-31,,,,,,2025,PaymentsForRepurchaseOfCommonStock,False
1111711,NiSource Inc.,20400000.0,0001111711-18-000008,2015-12-31,,,,,,2015,PaymentsForRepurchaseOfCommonStock,False
1111711,NiSource Inc.,9400000.0,0001111711-19-000008,2016-12-31,,,,,,2016,PaymentsForRepurchaseOfCommonStock,False
1111711,NiSource Inc.,7200000.0,0001111711-20-000013,2017-12-31,,,,,,2017,PaymentsForRepurchaseOfCommonStock,False
1111711,NiSource Inc.,4000000.0,0001111711-21-000010,2018-12-31,,,,,,2018,PaymentsForRepurchaseOfCommonStock,False
1111711,NiSource Inc.,0.0,0001111711-21-000010,2019-12-31,,,,,,2019,PaymentsForRepurchaseOfCommonStock,False
1111711,NiSource Inc.,0.0,0001111711-21-000010,2020-12-31,,,,,,2020,PaymentsForRepurchaseOfCommonStock,False
1113169,PRICE T ROWE GROUP INC,987800000.0,0001113169-18-000009,2015-12-31,,,,,,2015,PaymentsForRepurchaseOfCommonStock,False
1113169,PRICE T ROWE GROUP INC,676900000.0,0001113169-19-000011,2016-12-31,,,,,,2016,PaymentsForRepurchaseOfCommonStock,False
1113169,PRICE T ROWE GROUP INC,458100000.0,0001113169-20-000008,2017-12-31,,,,,,2017,PaymentsForRepurchaseOfCommonStock,False
1113169,PRICE T ROWE GROUP INC,1090400000.0,0001113169-21-000006,2018-12-31,,,,,,2018,PaymentsForRepurchaseOfCommonStock,False
1113169,PRICE T ROWE GROUP INC,705800000.0,0001113169-22-000005,2019-12-31,,,,,,2019,PaymentsForRepurchaseOfCommonStock,False
1113169,PRICE T ROWE GROUP INC,1201900000.0,0001113169-23-000007,2020-12-31,,,,,,2020,PaymentsForRepurchaseOfCommonStock,False
1113169,PRICE T ROWE GROUP INC,1138500000.0,0001113169-24-000007,2021-12-31,,,,,,2021,PaymentsForRepurchaseOfCommonStock,False
1113169,PRICE T ROWE GROUP INC,849800000.0,0001113169-25-000007,2022-12-31,,,,,,2022,PaymentsForRepurchaseOfCommonStock,False
1113169,PRICE T ROWE GROUP INC,254400000.0,0001628280-26-008002,2023-12-31,,,,,,2023,PaymentsForRepurchaseOfCommonStock,False
1113169,PRICE T ROWE GROUP INC,337200000.0,0001628280-26-008002,2024-12-31,,,,,,2024,PaymentsForRepurchaseOfCommonStock,False
1113169,PRICE T ROWE GROUP INC,620900000.0,0001628280-26-008002,2025-12-31,,,,,,2025,PaymentsForRepurchaseOfCommonStock,False
1116132,"Tapestry, Inc.",0.0,0001116132-16-000026,2016-07-02,,,,,,2016,PaymentsForRepurchaseOfCommonStock,False
1116132,"Tapestry, Inc.",0.0,0001116132-19-000016,2017-07-01,,,,,,2017,PaymentsForRepurchaseOfCommonStock,False
1116132,"Tapestry, Inc.",100000000.0,0001116132-21-000020,2019-06-29,,,,,,2018,PaymentsForRepurchaseOfCommonStock,False
1116132,"Tapestry, Inc.",300000000.0,0001116132-22-000018,2020-06-27,,,,,,2019,PaymentsForRepurchaseOfCommonStock,False
1116132,"Tapestry, Inc.",0.0,0001116132-23-000020,2021-07-03,,,,,,2021,PaymentsForRepurchaseOfCommonStock,False
1116132,"Tapestry, Inc.",1600000000.0,0001116132-24-000018,2022-07-02,,,,,,2022,PaymentsForRepurchaseOfCommonStock,False
1116132,"Tapestry, Inc.",703500000.0,0001116132-25-000019,2023-07-01,,,,,,2023,PaymentsForRepurchaseOfCommonStock,False
1116132,"Tapestry, Inc.",1718700000.0,0001116132-26-000018,2025-06-28,,,,,,2024,PaymentsForRepurchaseOfCommonStock,False
1116132,"Tapestry, Inc.",1554600000.0,0001116132-26-000018,2026-06-27,,,,,,2025,PaymentsForRepurchaseOfCommonStock,False
1120193,"Nasdaq, Inc.",377000000.0,0001120193-18-000003,2015-12-31,,,,,,2015,PaymentsForRepurchaseOfCommonStock,False
1120193,"Nasdaq, Inc.",100000000.0,0001120193-19-000002,2016-12-31,,,,,,2016,PaymentsForRepurchaseOfCommonStock,False
1120193,"Nasdaq, Inc.",203000000.0,0001120193-20-000004,2017-12-31,,,,,,2017,PaymentsForRepurchaseOfCommonStock,False
1120193,"Nasdaq, Inc.",394000000.0,0001120193-21-000011,2018-12-31,,,,,,2018,PaymentsForRepurchaseOfCommonStock,False
1120193,"Nasdaq, Inc.",200000000.0,0001120193-21-000011,2019-12-31,,,,,,2019,PaymentsForRepurchaseOfCommonStock,False
1120193,"Nasdaq, Inc.",222000000.0,0001120193-21-000011,2020-12-31,,,,,,2020,PaymentsForRepurchaseOfCommonStock,False
1120193,"Nasdaq, Inc.",468000000.0,0001120193-24-000006,2021-12-31,,,,,,2021,PaymentsForRepurchaseOfCommonStock,False
1120193,"Nasdaq, Inc.",308000000.0,0001120193-25-000008,2022-12-31,,,,,,2022,PaymentsForRepurchaseOfCommonStock,False
1120193,"Nasdaq, Inc.",269000000.0,0001628280-26-007703,2023-12-31,,,,,,2023,PaymentsForRepurchaseOfCommonStock,False
1120193,"Nasdaq, Inc.",145000000.0,0001628280-26-007703,2024-12-31,,,,,,2024,PaymentsForRepurchaseOfCommonStock,False
1120193,"Nasdaq, Inc.",616000000.0,0001628280-26-007703,2025-12-31,,,,,,2025,PaymentsForRepurchaseOfCommonStock,False
1121788,GARMIN LTD,131413000.0,0001615774-18-001344,2015-12-26,,,,,,2015,PaymentsForRepurchaseOfCommonStock,False
1121788,GARMIN LTD,93233000.0,0001615774-19-002739,2016-12-31,,,,,,2016,PaymentsForRepurchaseOfCommonStock,False
1121788,GARMIN LTD,74523000.0,0001564590-20-005133,2017-12-30,,,,,,2017,PaymentsForRepurchaseOfCommonStock,False
1123360,GLOBAL PAYMENTS INC,34811000.0,0001123360-20-000009,2017-12-31,,,,,,2017,PaymentsForRepurchaseOfCommonStock,False
1123360,GLOBAL PAYMENTS INC,208198000.0,0001123360-21-000009,2018-12-31,,,,,,2018,PaymentsForRepurchaseOfCommonStock,False
1123360,GLOBAL PAYMENTS INC,311383000.0,0001123360-22-000007,2019-12-31,,,,,,2019,PaymentsForRepurchaseOfCommonStock,False
1123360,GLOBAL PAYMENTS INC,631148000.0,0001123360-23-000009,2020-12-31,,,,,,2020,PaymentsForRepurchaseOfCommonStock,False
1123360,GLOBAL PAYMENTS INC,2533629000.0,0001123360-24-000004,2021-12-31,,,,,,2021,PaymentsForRepurchaseOfCommonStock,False
1123360,GLOBAL PAYMENTS INC.,2921307000.0,0001123360-25-000080,2022-12-31,,,,,,2022,PaymentsForRepurchaseOfCommonStock,False
1123360,GLOBAL PAYMENTS INC,418272000.0,0001123360-26-000008,2023-12-31,,,,,,2023,PaymentsForRepurchaseOfCommonStock,False
1123360,GLOBAL PAYMENTS INC,1551950000.0,0001123360-26-000008,2024-12-31,,,,,,2024,PaymentsForRepurchaseOfCommonStock,False
1123360,GLOBAL PAYMENTS INC,1191020000.0,0001123360-26-000008,2025-12-31,,,,,,2025,PaymentsForRepurchaseOfCommonStock,False
1126328,"PRINCIPAL FINANCIAL GROUP, INC.",300600000.0,0001047469-18-000695,2015-12-31,,,,,,2015,PaymentsForRepurchaseOfCommonStock,False
1126328,"PRINCIPAL FINANCIAL GROUP, INC.",277300000.0,0001047469-19-000469,2016-12-31,,,,,,2016,PaymentsForRepurchaseOfCommonStock,False
1126328,"PRINCIPAL FINANCIAL GROUP, INC.",220400000.0,0001104659-20-021174,2017-12-31,,,,,,2017,PaymentsForRepurchaseOfCommonStock,False
1126328,"PRINCIPAL FINANCIAL GROUP, INC.",671600000.0,0001104659-21-022074,2018-12-31,,,,,,2018,PaymentsForRepurchaseOfCommonStock,False
1126328,"PRINCIPAL FINANCIAL GROUP, INC",281000000.0,0001104659-22-020401,2019-12-31,,,,,,2019,PaymentsForRepurchaseOfCommonStock,False
1126328,"PRINCIPAL FINANCIAL GROUP, INC",307000000.0,0001104659-23-022860,2020-12-31,,,,,,2020,PaymentsForRepurchaseOfCommonStock,False
1126328,"PRINCIPAL FINANCIAL GROUP, INC",937200000.0,0001104659-24-025516,2021-12-31,,,,,,2021,PaymentsForRepurchaseOfCommonStock,False
1126328,"PRINCIPAL FINANCIAL GROUP, INC",1661100000.0,0001410578-25-000160,2022-12-31,,,,,,2022,PaymentsForRepurchaseOfCommonStock,False
1126328,"PRINCIPAL FINANCIAL GROUP, INC",740400000.0,0001104659-26-017031,2023-12-31,,,,,,2023,PaymentsForRepurchaseOfCommonStock,False
1126328,"PRINCIPAL FINANCIAL GROUP, INC",1042400000.0,0001104659-26-017031,2024-12-31,,,,,,2024,PaymentsForRepurchaseOfCommonStock,False
1126328,"PRINCIPAL FINANCIAL GROUP, INC",902700000.0,0001104659-26-017031,2025-12-31,,,,,,2025,PaymentsForRepurchaseOfCommonStock,False
1133421,NORTHROP GRUMMAN CORP /DE/,3182000000.0,0001133421-18-000005,2015-12-31,,,,,,2015,PaymentsForRepurchaseOfCommonStock,False
1133421,NORTHROP GRUMMAN CORP /DE/,1547000000.0,0001133421-19-000007,2016-12-31,,,,,,2016,PaymentsForRepurchaseOfCommonStock,False
1133421,NORTHROP GRUMMAN CORP /DE/,393000000.0,0001133421-20-000020,2017-12-31,,,,,,2017,PaymentsForRepurchaseOfCommonStock,False
1133421,NORTHROP GRUMMAN CORP /DE/,1263000000.0,0001133421-21-000006,2018-12-31,,,,,,2018,PaymentsForRepurchaseOfCommonStock,False
1133421,NORTHROP GRUMMAN CORP /DE/,744000000.0,0001133421-22-000004,2019-12-31,,,,,,2019,PaymentsForRepurchaseOfCommonStock,False
1133421,NORTHROP GRUMMAN CORP /DE/,490000000.0,0001133421-23-000006,2020-12-31,,,,,,2020,PaymentsForRepurchaseOfCommonStock,False
1133421,NORTHROP GRUMMAN CORP /DE/,3705000000.0,0001133421-24-000006,2021-12-31,,,,,,2021,PaymentsForRepurchaseOfCommonStock,False
1133421,NORTHROP GRUMMAN CORP /DE/,1504000000.0,0001133421-25-000006,2022-12-31,,,,,,2022,PaymentsForRepurchaseOfCommonStock,False
1133421,NORTHROP GRUMMAN CORP /DE/,1500000000.0,0001133421-26-000003,2023-12-31,,,,,,2023,PaymentsForRepurchaseOfCommonStock,False
1133421,NORTHROP GRUMMAN CORP /DE/,2514000000.0,0001133421-26-000003,2024-12-31,,,,,,2024,PaymentsForRepurchaseOfCommonStock,False
1133421,NORTHROP GRUMMAN CORP /DE/,1624000000.0,0001133421-26-000003,2025-12-31,,,,,,2025,PaymentsForRepurchaseOfCommonStock,False
1136869,"ZIMMER BIOMET HOLDINGS, INC.",150000000.0,0001564590-18-003549,2015-12-31,,,,,,2015,PaymentsForRepurchaseOfCommonStock,False
1136869,"ZIMMER BIOMET HOLDINGS, INC.",415500000.0,0001564590-19-004283,2016-12-31,,,,,,2016,PaymentsForRepurchaseOfCommonStock,False
1136869,"ZIMMER BIOMET HOLDINGS, INC.",126400000.0,0000950170-25-026604,2022-12-31,,,,,,2022,PaymentsForRepurchaseOfCommonStock,False
1136869,"ZIMMER BIOMET HOLDINGS, INC.",692200000.0,0001193125-26-059853,2023-12-31,,,,,,2023,PaymentsForRepurchaseOfCommonStock,False
1136869,"ZIMMER BIOMET HOLDINGS, INC.",868000000.0,0001193125-26-059853,2024-12-31,,,,,,2024,PaymentsForRepurchaseOfCommonStock,False
1136869,"ZIMMER BIOMET HOLDINGS, INC.",487000000.0,0001193125-26-059853,2025-12-31,,,,,,2025,PaymentsForRepurchaseOfCommonStock,False
1136893,"Fidelity National Information Services, Inc.",320000000.0,0001136893-18-000028,2015-12-31,,,,,,2015,PaymentsForRepurchaseOfCommonStock,False
1136893,"Fidelity National Information Services, Inc.",40000000.0,0001136893-19-000008,2016-12-31,,,,,,2016,PaymentsForRepurchaseOfCommonStock,False
1136893,"Fidelity National Information Services, Inc.",153000000.0,0001136893-20-000032,2017-12-31,,,,,,2017,PaymentsForRepurchaseOfCommonStock,False
1136893,"Fidelity National Information Services, Inc.",1255000000.0,0001136893-21-000025,2018-12-31,,,,,,2018,PaymentsForRepurchaseOfCommonStock,False
1136893,"Fidelity National Information Services, Inc.",453000000.0,0001136893-22-000038,2019-12-31,,,,,,2019,PaymentsForRepurchaseOfCommonStock,False
1136893,"Fidelity National Information Services, Inc.",112000000.0,0001136893-23-000028,2020-12-31,,,,,,2020,PaymentsForRepurchaseOfCommonStock,False
1136893,"Fidelity National Information Services, Inc.",2114000000.0,0001136893-24-000015,2021-12-31,,,,,,2021,PaymentsForRepurchaseOfCommonStock,False
1136893,"Fidelity National Information Services, Inc.",1938000000.0,0001136893-25-000014,2022-12-31,,,,,,2022,PaymentsForRepurchaseOfCommonStock,False
1136893,"Fidelity National Information Services, Inc.",522000000.0,0001136893-26-000013,2023-12-31,,,,,,2023,PaymentsForRepurchaseOfCommonStock,False
1136893,"Fidelity National Information Services, Inc.",4045000000.0,0001136893-26-000013,2024-12-31,,,,,,2024,PaymentsForRepurchaseOfCommonStock,False
1136893,"Fidelity National Information Services, Inc.",1425000000.0,0001136893-26-000013,2025-12-31,,,,,,2025,PaymentsForRepurchaseOfCommonStock,False
1137774,PRUDENTIAL FINANCIAL INC,1013000000.0,0001137774-18-000063,2015-12-31,,,,,,2015,PaymentsForRepurchaseOfCommonStock,False
1137774,PRUDENTIAL FINANCIAL INC,2000000000.0,0001137774-19-000058,2016-12-31,,,,,,2016,PaymentsForRepurchaseOfCommonStock,False
1137774,PRUDENTIAL FINANCIAL INC,1250000000.0,0001137774-20-000065,2017-12-31,,,,,,2017,PaymentsForRepurchaseOfCommonStock,False
1137774,PRUDENTIAL FINANCIAL INC,1500000000.0,0001137774-21-000049,2018-12-31,,,,,,2018,PaymentsForRepurchaseOfCommonStock,False
1137774,"Prudential Financial, Inc.",2500000000.0,0001137774-22-000038,2019-12-31,,,,,,2019,PaymentsForRepurchaseOfCommonStock,False
1137774,"Prudential Financial, Inc.",500000000.0,0001137774-23-000040,2020-12-31,,,,,,2020,PaymentsForRepurchaseOfCommonStock,False
1137774,PRUDENTIAL FINANCIAL INC,2500000000.0,0001137774-24-000045,2021-12-31,,,,,,2021,PaymentsForRepurchaseOfCommonStock,False
1137774,PRUDENTIAL FINANCIAL INC,1488000000.0,0001137774-25-000044,2022-12-31,,,,,,2022,PaymentsForRepurchaseOfCommonStock,False
1137774,"Prudential Financial, Inc.",1012000000.0,0001137774-26-000048,2023-12-31,,,,,,2023,PaymentsForRepurchaseOfCommonStock,False
1137774,"Prudential Financial, Inc.",1000000000.0,0001137774-26-000048,2024-12-31,,,,,,2024,PaymentsForRepurchaseOfCommonStock,False
1137774,"Prudential Financial, Inc.",1000000000.0,0001137774-26-000048,2025-12-31,,,,,,2025,PaymentsForRepurchaseOfCommonStock,False
1137789,Seagate Technology Holdings plc,1087000000.0,0001193125-17-248796,2015-07-03,,,,,,2015,PaymentsForRepurchaseOfCommonStock,False
1137789,Seagate Technology Holdings plc,1090000000.0,0001193125-18-238271,2016-07-01,,,,,,2016,PaymentsForRepurchaseOfCommonStock,False
1137789,Seagate Technology Holdings plc,361000000.0,0001137789-20-000057,2018-06-29,,,,,,2017,PaymentsForRepurchaseOfCommonStock,False
1137789,Seagate Technology Holdings plc,963000000.0,0001137789-21-000049,2019-06-28,,,,,,2018,PaymentsForRepurchaseOfCommonStock,False
1137789,Seagate Technology Holdings plc,850000000.0,0001137789-22-000055,2020-07-03,,,,,,2020,PaymentsForRepurchaseOfCommonStock,False
1137789,Seagate Technology Holdings plc,2047000000.0,0001137789-23-000049,2021-07-02,,,,,,2021,PaymentsForRepurchaseOfCommonStock,False
1137789,Seagate Technology Holdings plc,1799000000.0,0001137789-24-000068,2022-07-01,,,,,,2022,PaymentsForRepurchaseOfCommonStock,False
1137789,Seagate Technology Holdings plc,0.0,0001137789-25-000157,2024-06-28,,,,,,2023,PaymentsForRepurchaseOfCommonStock,False
1137789,Seagate Technology Holdings plc,0.0,0001137789-26-000159,2025-06-27,,,,,,2024,PaymentsForRepurchaseOfCommonStock,False
1137789,Seagate Technology Holdings plc,176000000.0,0001137789-26-000159,2026-07-03,,,,,,2026,PaymentsForRepurchaseOfCommonStock,False
1138118,"CBRE GROUP, INC.",161034000.0,0001138118-21-000012,2018-12-31,,,,,,2018,PaymentsForRepurchaseOfCommonStock,False
1138118,"CBRE GROUP, INC.",145137000.0,0001138118-22-000010,2019-12-31,,,,,,2019,PaymentsForRepurchaseOfCommonStock,False
1138118,"CBRE GROUP, INC.",50028000.0,0001138118-23-000009,2020-12-31,,,,,,2020,PaymentsForRepurchaseOfCommonStock,False
1138118,"CBRE GROUP, INC.",369000000.0,0001138118-24-000006,2021-12-31,,,,,,2021,PaymentsForRepurchaseOfCommonStock,False
1138118,"CBRE GROUP, INC.",1850000000.0,0001138118-25-000005,2022-12-31,,,,,,2022,PaymentsForRepurchaseOfCommonStock,False
1138118,"CBRE GROUP, INC.",665000000.0,0001138118-26-000005,2023-12-31,,,,,,2023,PaymentsForRepurchaseOfCommonStock,False
1138118,"CBRE GROUP, INC.",627000000.0,0001138118-26-000005,2024-12-31,,,,,,2024,PaymentsForRepurchaseOfCommonStock,False
1138118,"CBRE GROUP, INC.",968000000.0,0001138118-26-000005,2025-12-31,,,,,,2025,PaymentsForRepurchaseOfCommonStock,False
1140536,WILLIS TOWERS WATSON PLC,82000000.0,0001140536-18-000016,2015-12-31,,,,,,2015,PaymentsForRepurchaseOfCommonStock,False
1140536,WILLIS TOWERS WATSON PLC,396000000.0,0001564590-19-004912,2016-12-31,,,,,,2016,PaymentsForRepurchaseOfCommonStock,False
1140536,WILLIS TOWERS WATSON PLC,532000000.0,0001564590-20-006736,2017-12-31,,,,,,2017,PaymentsForRepurchaseOfCommonStock,False
1140536,WILLIS TOWERS WATSON PLC,602000000.0,0001564590-21-007578,2018-12-31,,,,,,2018,PaymentsForRepurchaseOfCommonStock,False
1140536,WILLIS TOWERS WATSON PLC,150000000.0,0000950170-22-001932,2019-12-31,,,,,,2019,PaymentsForRepurchaseOfCommonStock,False
1140536,WILLIS TOWERS WATSON PLC,0.0,0000950170-23-004303,2020-12-31,,,,,,2020,PaymentsForRepurchaseOfCommonStock,False
1140536,WILLIS TOWERS WATSON PLC,1627000000.0,0000950170-24-018575,2021-12-31,,,,,,2021,PaymentsForRepurchaseOfCommonStock,False
1140536,WILLIS TOWERS WATSON PLC,3530000000.0,0000950170-25-026278,2022-12-31,,,,,,2022,PaymentsForRepurchaseOfCommonStock,False
1140536,WILLIS TOWERS WATSON PLC,1000000000.0,0001193125-26-069307,2023-12-31,,,,,,2023,PaymentsForRepurchaseOfCommonStock,False
1140536,WILLIS TOWERS WATSON PLC,901000000.0,0001193125-26-069307,2024-12-31,,,,,,2024,PaymentsForRepurchaseOfCommonStock,False
1140536,WILLIS TOWERS WATSON PLC,1650000000.0,0001193125-26-069307,2025-12-31,,,,,,2025,PaymentsForRepurchaseOfCommonStock,False
1140859,"Cencora, Inc.",1859106000.0,0001140859-17-000047,2015-09-30,,,,,,2015,PaymentsForRepurchaseOfCommonStock,False
1140859,"Cencora, Inc.",2266344000.0,0001140859-18-000053,2016-09-30,,,,,,2016,PaymentsForRepurchaseOfCommonStock,False
1140859,"Cencora, Inc.",329929000.0,0001140859-19-000040,2017-09-30,,,,,,2017,PaymentsForRepurchaseOfCommonStock,False
1140859,"Cencora, Inc.",639235000.0,0001140859-20-000050,2018-09-30,,,,,,2018,PaymentsForRepurchaseOfCommonStock,False
1140859,AMERISOURCEBERGEN CORP,674031000.0,0001140859-21-000058,2019-09-30,,,,,,2019,PaymentsForRepurchaseOfCommonStock,False
1140859,AMERISOURCEBERGEN CORP,420449000.0,0001140859-22-000098,2020-09-30,,,,,,2020,PaymentsForRepurchaseOfCommonStock,False
1140859,"CENCORA, INC.",82150000.0,0001140859-23-000197,2021-09-30,,,,,,2021,PaymentsForRepurchaseOfCommonStock,False
1140859,"CENCORA, INC.",483704000.0,0001140859-24-000177,2022-09-30,,,,,,2022,PaymentsForRepurchaseOfCommonStock,False
1140859,"Cencora, Inc.",1180728000.0,0001140859-26-000012,2023-09-30,,,,,,2023,PaymentsForRepurchaseOfCommonStock,False
1140859,"Cencora, Inc.",1491367000.0,0001140859-26-000012,2024-09-30,,,,,,2024,PaymentsForRepurchaseOfCommonStock,False
1140859,"Cencora, Inc.",435471000.0,0001140859-26-000012,2025-09-30,,,,,,2025,PaymentsForRepurchaseOfCommonStock,False
1141391,Mastercard Inc,3518000000.0,0001141391-18-000009,2015-12-31,,,,,,2015,PaymentsForRepurchaseOfCommonStock,False
1141391,Mastercard Inc,3511000000.0,0001141391-19-000013,2016-12-31,,,,,,2016,PaymentsForRepurchaseOfCommonStock,False
1141391,Mastercard Inc,3762000000.0,0001141391-20-000032,2017-12-31,,,,,,2017,PaymentsForRepurchaseOfCommonStock,False
1141391,Mastercard Inc,4933000000.0,0001141391-21-000018,2018-12-31,,,,,,2018,PaymentsForRepurchaseOfCommonStock,False
1141391,Mastercard Incorporated,6497000000.0,0001141391-22-000023,2019-12-31,,,,,,2019,PaymentsForRepurchaseOfCommonStock,False
1141391,Mastercard Incorporated,4473000000.0,0001141391-23-000020,2020-12-31,,,,,,2020,PaymentsForRepurchaseOfCommonStock,False
1141391,Mastercard Incorporated,5904000000.0,0001141391-24-000022,2021-12-31,,,,,,2021,PaymentsForRepurchaseOfCommonStock,False
1141391,Mastercard Incorporated,8753000000.0,0001141391-25-000011,2022-12-31,,,,,,2022,PaymentsForRepurchaseOfCommonStock,False
1141391,Mastercard Incorporated,9032000000.0,0001141391-26-000013,2023-12-31,,,,,,2023,PaymentsForRepurchaseOfCommonStock,False
1141391,Mastercard Incorporated,10954000000.0,0001141391-26-000013,2024-12-31,,,,,,2024,PaymentsForRepurchaseOfCommonStock,False
1141391,Mastercard Incorporated,11727000000.0,0001141391-26-000013,2025-12-31,,,,,,2025,PaymentsForRepurchaseOfCommonStock,False
1145197,INSULET CORPORATION,0.0,0001145197-26-000028,2023-12-31,,,,,,2023,PaymentsForRepurchaseOfCommonStock,False
1145197,INSULET CORPORATION,0.0,0001145197-26-000028,2024-12-31,,,,,,2024,PaymentsForRepurchaseOfCommonStock,False
1145197,INSULET CORPORATION,59600000.0,0001145197-26-000028,2025-12-31,,,,,,2025,PaymentsForRepurchaseOfCommonStock,False
1156039,"Elevance Health, Inc.",1515800000.0,0001156039-18-000003,2015-12-31,,,,,,2015,PaymentsForRepurchaseOfCommonStock,False
1156039,"Elevance Health, Inc.",0.0,0001156039-19-000004,2016-12-31,,,,,,2016,PaymentsForRepurchaseOfCommonStock,False
1156039,"Elevance Health, Inc.",1998000000.0,0001156039-20-000003,2017-12-31,,,,,,2017,PaymentsForRepurchaseOfCommonStock,False
1156039,"Elevance Health, Inc.",1685000000.0,0001156039-21-000012,2018-12-31,,,,,,2018,PaymentsForRepurchaseOfCommonStock,False
1156039,"ANTHEM, INC.",1701000000.0,0001156039-22-000009,2019-12-31,,,,,,2019,PaymentsForRepurchaseOfCommonStock,False
1156039,"Elevance Health, Inc.",2700000000.0,0001156039-23-000109,2020-12-31,,,,,,2020,PaymentsForRepurchaseOfCommonStock,False
1156039,"ELEVANCE HEALTH, INC.",1900000000.0,0001156039-24-000015,2021-12-31,,,,,,2021,PaymentsForRepurchaseOfCommonStock,False
1156039,"ELEVANCE HEALTH, INC.",2316000000.0,0001156039-25-000010,2022-12-31,,,,,,2022,PaymentsForRepurchaseOfCommonStock,False
1156039,"ELEVANCE HEALTH, INC.",2676000000.0,0001156039-26-000013,2023-12-31,,,,,,2023,PaymentsForRepurchaseOfCommonStock,False
1156039,"ELEVANCE HEALTH, INC.",2900000000.0,0001156039-26-000013,2024-12-31,,,,,,2024,PaymentsForRepurchaseOfCommonStock,False
1156039,"ELEVANCE HEALTH, INC.",2605000000.0,0001156039-26-000013,2025-12-31,,,,,,2025,PaymentsForRepurchaseOfCommonStock,False
1163165,ConocoPhillips,0.0,0001193125-18-049729,2015-12-31,,,,,,2015,PaymentsForRepurchaseOfCommonStock,False
1163165,ConocoPhillips,126000000.0,0001193125-19-043841,2016-12-31,,,,,,2016,PaymentsForRepurchaseOfCommonStock,False
1163165,ConocoPhillips,3000000000.0,0001562762-20-000421,2017-12-31,,,,,,2017,PaymentsForRepurchaseOfCommonStock,False
1163165,ConocoPhillips,2999000000.0,0001562762-21-000027,2018-12-31,,,,,,2018,PaymentsForRepurchaseOfCommonStock,False
1163165,ConocoPhillips,3500000000.0,0001562762-22-000031,2019-12-31,,,,,,2019,PaymentsForRepurchaseOfCommonStock,False
1163165,ConocoPhillips,892000000.0,0001163165-23-000006,2020-12-31,,,,,,2020,PaymentsForRepurchaseOfCommonStock,False
1163165,ConocoPhillips,3623000000.0,0001163165-24-000010,2021-12-31,,,,,,2021,PaymentsForRepurchaseOfCommonStock,False
1163165,ConocoPhillips,9270000000.0,0001163165-25-000012,2022-12-31,,,,,,2022,PaymentsForRepurchaseOfCommonStock,False
1163165,ConocoPhillips,5400000000.0,0001163165-26-000009,2023-12-31,,,,,,2023,PaymentsForRepurchaseOfCommonStock,False
1163165,ConocoPhillips,5463000000.0,0001163165-26-000009,2024-12-31,,,,,,2024,PaymentsForRepurchaseOfCommonStock,False
1163165,ConocoPhillips,5018000000.0,0001163165-26-000009,2025-12-31,,,,,,2025,PaymentsForRepurchaseOfCommonStock,False
1164727,NEWMONT CORPORATION,98000000.0,0001164727-21-000027,2018-12-31,,,,,,2018,PaymentsForRepurchaseOfCommonStock,False
1164727,NEWMONT CORPORATION,479000000.0,0001164727-22-000007,2019-12-31,,,,,,2019,PaymentsForRepurchaseOfCommonStock,False
1164727,NEWMONT CORPORATION,521000000.0,0001164727-23-000035,2020-12-31,,,,,,2020,PaymentsForRepurchaseOfCommonStock,False
1164727,NEWMONT CORPORATION,525000000.0,0001164727-24-000016,2021-12-31,,,,,,2021,PaymentsForRepurchaseOfCommonStock,False
1164727,NEWMONT CORPORATION,0.0,0001164727-25-000011,2022-12-31,,,,,,2022,PaymentsForRepurchaseOfCommonStock,False
1164727,NEWMONT CORPORATION,0.0,0001164727-26-000010,2023-12-31,,,,,,2023,PaymentsForRepurchaseOfCommonStock,False
1164727,NEWMONT CORPORATION,1246000000.0,0001164727-26-000010,2024-12-31,,,,,,2024,PaymentsForRepurchaseOfCommonStock,False
1164727,NEWMONT CORPORATION,2303000000.0,0001164727-26-000010,2025-12-31,,,,,,2025,PaymentsForRepurchaseOfCommonStock,False
1166691,Comcast Corporation,7175000000.0,0001166691-18-000004,2015-12-31,,,,,,2015,PaymentsForRepurchaseOfCommonStock,False
1166691,Comcast Corporation,5352000000.0,0001166691-19-000005,2016-12-31,,,,,,2016,PaymentsForRepurchaseOfCommonStock,False
1166691,Comcast Corporation,5435000000.0,0001166691-20-000008,2017-12-31,,,,,,2017,PaymentsForRepurchaseOfCommonStock,False
1166691,Comcast Corporation,5320000000.0,0001166691-21-000008,2018-12-31,,,,,,2018,PaymentsForRepurchaseOfCommonStock,False
1166691,COMCAST CORPORATION,504000000.0,0001166691-22-000009,2019-12-31,,,,,,2019,PaymentsForRepurchaseOfCommonStock,False
1166691,COMCAST CORPORATION,534000000.0,0001166691-23-000010,2020-12-31,,,,,,2020,PaymentsForRepurchaseOfCommonStock,False
1166691,COMCAST CORPORATION,4672000000.0,0001166691-24-000011,2021-12-31,,,,,,2021,PaymentsForRepurchaseOfCommonStock,False
1166691,COMCAST CORPORATION,13328000000.0,0001166691-25-000011,2022-12-31,,,,,,2022,PaymentsForRepurchaseOfCommonStock,False
1166691,COMCAST CORPORATION,11291000000.0,0001628280-26-004994,2023-12-31,,,,,,2023,PaymentsForRepurchaseOfCommonStock,False
1166691,COMCAST CORPORATION,9103000000.0,0001628280-26-004994,2024-12-31,,,,,,2024,PaymentsForRepurchaseOfCommonStock,False
1166691,COMCAST CORPORATION,7155000000.0,0001628280-26-004994,2025-12-31,,,,,,2025,PaymentsForRepurchaseOfCommonStock,False
1174922,"WYNN RESORTS, LIMITED",7199000.0,0001174922-18-000019,2015-12-31,,,,,,2015,PaymentsForRepurchaseOfCommonStock,False
1174922,"WYNN RESORTS, LIMITED",14017000.0,0001174922-19-000021,2016-12-31,,,,,,2016,PaymentsForRepurchaseOfCommonStock,False
1174922,"WYNN RESORTS, LIMITED",17771000.0,0001174922-20-000024,2017-12-31,,,,,,2017,PaymentsForRepurchaseOfCommonStock,False
1174922,"WYNN RESORTS, LIMITED",159544000.0,0001174922-21-000029,2018-12-31,,,,,,2018,PaymentsForRepurchaseOfCommonStock,False
1174922,"WYNN RESORTS, LIMITED",66986000.0,0001174922-22-000031,2019-12-31,,,,,,2019,PaymentsForRepurchaseOfCommonStock,False
1174922,"WYNN RESORTS, LIMITED",11533000.0,0001174922-23-000048,2020-12-31,,,,,,2020,PaymentsForRepurchaseOfCommonStock,False
1174922,"WYNN RESORTS, LIMITED",13842000.0,0001174922-24-000046,2021-12-31,,,,,,2021,PaymentsForRepurchaseOfCommonStock,False
1174922,"WYNN RESORTS, LIMITED",187499000.0,0001174922-25-000039,2022-12-31,,,,,,2022,PaymentsForRepurchaseOfCommonStock,False
1174922,"WYNN RESORTS, LIMITED",212455000.0,0001174922-26-000013,2023-12-31,,,,,,2023,PaymentsForRepurchaseOfCommonStock,False
1174922,"WYNN RESORTS, LIMITED",401802000.0,0001174922-26-000013,2024-12-31,,,,,,2024,PaymentsForRepurchaseOfCommonStock,False
1174922,"WYNN RESORTS, LIMITED",380109000.0,0001174922-26-000013,2025-12-31,,,,,,2025,PaymentsForRepurchaseOfCommonStock,False
1175454,"Corpay, Inc.",0.0,0001175454-18-000007,2015-12-31,,,,,,2015,PaymentsForRepurchaseOfCommonStock,False
1175454,"Corpay, Inc.",187678000.0,0001175454-19-000004,2016-12-31,,,,,,2016,PaymentsForRepurchaseOfCommonStock,False
1175454,"Corpay, Inc.",402393000.0,0001175454-20-000008,2017-12-31,,,,,,2017,PaymentsForRepurchaseOfCommonStock,False
1175454,"Corpay, Inc.",958696000.0,0001175454-21-000022,2018-12-31,,,,,,2018,PaymentsForRepurchaseOfCommonStock,False
1175454,"FLEETCOR Technologies, Inc.",694909000.0,0001628280-22-004531,2019-12-31,,,,,,2019,PaymentsForRepurchaseOfCommonStock,False
1175454,"FLEETCOR Technologies, Inc.",849910000.0,0001628280-23-005444,2020-12-31,,,,,,2020,PaymentsForRepurchaseOfCommonStock,False
1175454,"FLEETCOR Technologies, Inc.",1355722000.0,0001628280-24-008060,2021-12-31,,,,,,2021,PaymentsForRepurchaseOfCommonStock,False
1175454,"Corpay, Inc.",1405200000.0,0001628280-25-008746,2022-12-31,,,,,,2022,PaymentsForRepurchaseOfCommonStock,False
1175454,"Corpay, Inc.",686859000.0,0001175454-26-000018,2023-12-31,,,,,,2023,PaymentsForRepurchaseOfCommonStock,False
1175454,"Corpay, Inc.",1287998000.0,0001175454-26-000018,2024-12-31,,,,,,2024,PaymentsForRepurchaseOfCommonStock,False
1175454,"Corpay, Inc.",782818000.0,0001175454-26-000018,2025-12-31,,,,,,2025,PaymentsForRepurchaseOfCommonStock,False
1260221,TransDigm Group Incorporated,0.0,0001260221-17-000060,2015-09-30,,,,,,2015,PaymentsForRepurchaseOfCommonStock,False
1260221,TransDigm Group Incorporated,207755000.0,0001260221-18-000070,2016-09-30,,,,,,2016,PaymentsForRepurchaseOfCommonStock,False
1260221,TransDigm Group Incorporated,389821000.0,0001260221-19-000043,2017-09-30,,,,,,2017,PaymentsForRepurchaseOfCommonStock,False
1260221,TransDigm Group Incorporated,0.0,0001260221-20-000099,2018-09-30,,,,,,2018,PaymentsForRepurchaseOfCommonStock,False
1260221,TransDigm Group Incorporated,0.0,0001260221-21-000134,2019-09-30,,,,,,2019,PaymentsForRepurchaseOfCommonStock,False
1260221,TransDigm Group Incorporated,19000000.0,0001260221-22-000065,2020-09-30,,,,,,2020,PaymentsForRepurchaseOfCommonStock,False
1260221,TransDigm Group Incorporated,0.0,0001260221-23-000081,2021-09-30,,,,,,2021,PaymentsForRepurchaseOfCommonStock,False
1260221,TransDigm Group Incorporated,912000000.0,0001260221-24-000083,2022-09-30,,,,,,2022,PaymentsForRepurchaseOfCommonStock,False
1260221,TransDigm Group Incorporated,0.0,0001260221-25-000081,2023-09-30,,,,,,2023,PaymentsForRepurchaseOfCommonStock,False
1260221,TransDigm Group Incorporated,0.0,0001260221-25-000081,2024-09-30,,,,,,2024,PaymentsForRepurchaseOfCommonStock,False
1260221,TransDigm Group Incorporated,500000000.0,0001260221-25-000081,2025-09-30,,,,,,2025,PaymentsForRepurchaseOfCommonStock,False
1262039,"FORTINET, INC.",60000000.0,0001262039-18-000009,2015-12-31,,,,,,2015,PaymentsForRepurchaseOfCommonStock,False
1262039,"FORTINET, INC.",110800000.0,0001262039-19-000006,2016-12-31,,,,,,2016,PaymentsForRepurchaseOfCommonStock,False
1262039,"FORTINET, INC.",446300000.0,0001262039-20-000011,2017-12-31,,,,,,2017,PaymentsForRepurchaseOfCommonStock,False
1262039,"FORTINET, INC.",211800000.0,0001262039-21-000008,2018-12-31,,,,,,2018,PaymentsForRepurchaseOfCommonStock,False
1262039,"FORTINET, INC.",145100000.0,0001262039-22-000008,2019-12-31,,,,,,2019,PaymentsForRepurchaseOfCommonStock,False
1262039,"FORTINET, INC.",1080100000.0,0001262039-23-000010,2020-12-31,,,,,,2020,PaymentsForRepurchaseOfCommonStock,False
1262039,"FORTINET, INC.",741800000.0,0001262039-24-000014,2021-12-31,,,,,,2021,PaymentsForRepurchaseOfCommonStock,False
1262039,"FORTINET, INC.",1991200000.0,0001262039-25-000011,2022-12-31,,,,,,2022,PaymentsForRepurchaseOfCommonStock,False
1262039,"FORTINET, INC.",1500500000.0,0001262039-26-000007,2023-12-31,,,,,,2023,PaymentsForRepurchaseOfCommonStock,False
1262039,"FORTINET, INC.",600000.0,0001262039-26-000007,2024-12-31,,,,,,2024,PaymentsForRepurchaseOfCommonStock,False
1262039,"FORTINET, INC.",2289800000.0,0001262039-26-000007,2025-12-31,,,,,,2025,PaymentsForRepurchaseOfCommonStock,False
1267238,"Assurant, Inc.",292900000.0,0001628280-18-001695,2015-12-31,,,,,,2015,PaymentsForRepurchaseOfCommonStock,False
1267238,"Assurant, Inc.",863100000.0,0001628280-19-001767,2016-12-31,,,,,,2016,PaymentsForRepurchaseOfCommonStock,False
1267238,"Assurant, Inc.",388900000.0,0001267238-20-000004,2017-12-31,,,,,,2017,PaymentsForRepurchaseOfCommonStock,False
1267238,"Assurant, Inc.",139300000.0,0001267238-21-000010,2018-12-31,,,,,,2018,PaymentsForRepurchaseOfCommonStock,False
1267238,"Assurant, Inc.",271800000.0,0001267238-22-000006,2019-12-31,,,,,,2019,PaymentsForRepurchaseOfCommonStock,False
1267238,"Assurant, Inc.",297000000.0,0001267238-23-000007,2020-12-31,,,,,,2020,PaymentsForRepurchaseOfCommonStock,False
1267238,"Assurant, Inc.",839300000.0,0001267238-24-000008,2021-12-31,,,,,,2021,PaymentsForRepurchaseOfCommonStock,False
1267238,"Assurant, Inc.",572800000.0,0001267238-25-000008,2022-12-31,,,,,,2022,PaymentsForRepurchaseOfCommonStock,False
1267238,"Assurant, Inc.",193100000.0,0001267238-26-000010,2023-12-31,,,,,,2023,PaymentsForRepurchaseOfCommonStock,False
1267238,"Assurant, Inc.",307400000.0,0001267238-26-000010,2024-12-31,,,,,,2024,PaymentsForRepurchaseOfCommonStock,False
1267238,"Assurant, Inc.",303700000.0,0001267238-26-000010,2025-12-31,,,,,,2025,PaymentsForRepurchaseOfCommonStock,False
1280452,"MONOLITHIC POWER SYSTEMS, INC.",32286000.0,0001437749-18-003639,2015-12-31,,,,,,2015,PaymentsForRepurchaseOfCommonStock,False
1280452,MONOLITHIC POWER SYSTEMS INC,0.0,0001437749-24-006133,2021-12-31,,,,,,2021,PaymentsForRepurchaseOfCommonStock,False
1280452,MONOLITHIC POWER SYSTEMS INC,0.0,0001437749-25-005903,2022-12-31,,,,,,2022,PaymentsForRepurchaseOfCommonStock,False
1280452,MONOLITHIC POWER SYSTEMS INC,3700000.0,0001437749-26-006113,2023-12-31,,,,,,2023,PaymentsForRepurchaseOfCommonStock,False
1280452,MONOLITHIC POWER SYSTEMS INC,636200000.0,0001437749-26-006113,2024-12-31,,,,,,2024,PaymentsForRepurchaseOfCommonStock,False
1280452,MONOLITHIC POWER SYSTEMS INC,6600000.0,0001437749-26-006113,2025-12-31,,,,,,2025,PaymentsForRepurchaseOfCommonStock,False
1281761,REGIONS FINANCIAL CORPORATION,623000000.0,0001281761-18-000016,2015-12-31,,,,,,2015,PaymentsForRepurchaseOfCommonStock,False
1281761,REGIONS FINANCIAL CORPORATION,839000000.0,0001281761-19-000019,2016-12-31,,,,,,2016,PaymentsForRepurchaseOfCommonStock,False
1281761,REGIONS FINANCIAL CORPORATION,1275000000.0,0001281761-20-000010,2017-12-31,,,,,,2017,PaymentsForRepurchaseOfCommonStock,False
1281761,REGIONS FINANCIAL CORPORATION,2122000000.0,0001281761-21-000012,2018-12-31,,,,,,2018,PaymentsForRepurchaseOfCommonStock,False
1281761,REGIONS FINANCIAL CORPORATION,1101000000.0,0001281761-22-000016,2019-12-31,,,,,,2019,PaymentsForRepurchaseOfCommonStock,False
1281761,REGIONS FINANCIAL CORPORATION,0.0,0001281761-23-000012,2020-12-31,,,,,,2020,PaymentsForRepurchaseOfCommonStock,False
1281761,REGIONS FINANCIAL CORPORATION,467000000.0,0001281761-24-000010,2021-12-31,,,,,,2021,PaymentsForRepurchaseOfCommonStock,False
1281761,REGIONS FINANCIAL CORPORATION,230000000.0,0001281761-25-000010,2022-12-31,,,,,,2022,PaymentsForRepurchaseOfCommonStock,False
1281761,REGIONS FINANCIAL CORPORATION,252000000.0,0001281761-26-000019,2023-12-31,,,,,,2023,PaymentsForRepurchaseOfCommonStock,False
1281761,REGIONS FINANCIAL CORPORATION,348000000.0,0001281761-26-000019,2024-12-31,,,,,,2024,PaymentsForRepurchaseOfCommonStock,False
1281761,REGIONS FINANCIAL CORPORATION,1067000000.0,0001281761-26-000019,2025-12-31,,,,,,2025,PaymentsForRepurchaseOfCommonStock,False
1283699,"T-MOBILE US, INC.",0.0,0001283699-18-000036,2015-12-31,,,,,,2015,PaymentsForRepurchaseOfCommonStock,False
1283699,"T-MOBILE US, INC.",0.0,0001283699-19-000015,2016-12-31,,,,,,2016,PaymentsForRepurchaseOfCommonStock,False
1283699,"T-MOBILE US, INC.",427000000.0,0001283699-20-000026,2017-12-31,,,,,,2017,PaymentsForRepurchaseOfCommonStock,False
1283699,"T-MOBILE US, INC.",1071000000.0,0001283699-21-000039,2018-12-31,,,,,,2018,PaymentsForRepurchaseOfCommonStock,False
1283699,"T-MOBILE US, INC.",0.0,0001283699-22-000018,2019-12-31,,,,,,2019,PaymentsForRepurchaseOfCommonStock,False
1283699,"T-MOBILE US, INC.",19536000000.0,0001283699-23-000016,2020-12-31,,,,,,2020,PaymentsForRepurchaseOfCommonStock,False
1283699,"T-MOBILE US, INC.",0.0,0001283699-24-000008,2021-12-31,,,,,,2021,PaymentsForRepurchaseOfCommonStock,False
1283699,"T-MOBILE US, INC.",3000000000.0,0001283699-25-000012,2022-12-31,,,,,,2022,PaymentsForRepurchaseOfCommonStock,False
1283699,"T-MOBILE US, INC.",13074000000.0,0001283699-26-000010,2023-12-31,,,,,,2023,PaymentsForRepurchaseOfCommonStock,False
1283699,"T-MOBILE US, INC.",11228000000.0,0001283699-26-000010,2024-12-31,,,,,,2024,PaymentsForRepurchaseOfCommonStock,False
1283699,"T-MOBILE US, INC.",9974000000.0,0001283699-26-000010,2025-12-31,,,,,,2025,PaymentsForRepurchaseOfCommonStock,False
1285785,Mosaic Co,709500000.0,0001618034-18-000003,2015-12-31,,,,,,2015,PaymentsForRepurchaseOfCommonStock,False
1285785,Mosaic Co,75000000.0,0001618034-19-000004,2016-12-31,,,,,,2016,PaymentsForRepurchaseOfCommonStock,False
1285785,Mosaic Co,0.0,0001618034-20-000003,2017-12-31,,,,,,2017,PaymentsForRepurchaseOfCommonStock,False
1285785,Mosaic Co,0.0,0001618034-21-000003,2018-12-31,,,,,,2018,PaymentsForRepurchaseOfCommonStock,False
1285785,Mosaic Co,149900000.0,0001618034-22-000004,2019-12-31,,,,,,2019,PaymentsForRepurchaseOfCommonStock,False
1285785,Mosaic Co,0.0,0001618034-23-000003,2020-12-31,,,,,,2020,PaymentsForRepurchaseOfCommonStock,False
1285785,Mosaic Co,410900000.0,0001618034-24-000004,2021-12-31,,,,,,2021,PaymentsForRepurchaseOfCommonStock,False
1285785,Mosaic Co,1665200000.0,0001618034-25-000003,2022-12-31,,,,,,2022,PaymentsForRepurchaseOfCommonStock,False
1285785,Mosaic Co,756000000.0,0001285785-26-000017,2023-12-31,,,,,,2023,PaymentsForRepurchaseOfCommonStock,False
1285785,Mosaic Co,235400000.0,0001285785-26-000017,2024-12-31,,,,,,2024,PaymentsForRepurchaseOfCommonStock,False
1285785,Mosaic Co,0.0,0001285785-26-000017,2025-12-31,,,,,,2025,PaymentsForRepurchaseOfCommonStock,False
1286681,DOMINOS PIZZA INC,738557000.0,0001193125-18-049576,2016-01-03,,,,,,2015,PaymentsForRepurchaseOfCommonStock,False
1286681,DOMINOS PIZZA INC,300250000.0,0001193125-19-046191,2017-01-01,,,,,,2016,PaymentsForRepurchaseOfCommonStock,False
1286681,DOMINOS PIZZA INC,1064253000.0,0001193125-20-042675,2017-12-31,,,,,,2017,PaymentsForRepurchaseOfCommonStock,False
1286681,DOMINOS PIZZA INC,591212000.0,0001193125-21-055734,2018-12-30,,,,,,2018,PaymentsForRepurchaseOfCommonStock,False
1286681,DOMINOS PIZZA INC,699007000.0,0000950170-22-002426,2019-12-29,,,,,,2019,PaymentsForRepurchaseOfCommonStock,False
1286681,"Domino’s Pizza, Inc.",304590000.0,0000950170-23-003938,2021-01-03,,,,,,2020,PaymentsForRepurchaseOfCommonStock,False
1286681,"Domino’s Pizza, Inc.",1320902000.0,0000950170-24-019725,2022-01-02,,,,,,2021,PaymentsForRepurchaseOfCommonStock,False
1286681,"Domino’s Pizza, Inc.",293740000.0,0000950170-25-025223,2023-01-01,,,,,,2022,PaymentsForRepurchaseOfCommonStock,False
1286681,"Domino’s Pizza, Inc.",269025000.0,0001193125-26-062321,2023-12-31,,,,,,2023,PaymentsForRepurchaseOfCommonStock,False
1286681,"Domino’s Pizza, Inc.",329557000.0,0001193125-26-062321,2024-12-29,,,,,,2024,PaymentsForRepurchaseOfCommonStock,False
1286681,"Domino’s Pizza, Inc.",357697000.0,0001193125-26-062321,2025-12-28,,,,,,2025,PaymentsForRepurchaseOfCommonStock,False
1289490,EXTRA SPACE STORAGE INC.,0.0,0001628280-21-003458,2018-12-31,,,,,,2018,PaymentsForRepurchaseOfCommonStock,False
1289490,EXTRA SPACE STORAGE INC.,0.0,0001628280-22-004274,2019-12-31,,,,,,2019,PaymentsForRepurchaseOfCommonStock,False
1289490,EXTRA SPACE STORAGE INC.,67873000.0,0001628280-23-005628,2020-12-31,,,,,,2020,PaymentsForRepurchaseOfCommonStock,False
1289490,EXTRA SPACE STORAGE INC.,0.0,0001628280-24-008044,2021-12-31,,,,,,2021,PaymentsForRepurchaseOfCommonStock,False
1289490,EXTRA SPACE STORAGE INC.,63008000.0,0001628280-25-009060,2022-12-31,,,,,,2022,PaymentsForRepurchaseOfCommonStock,False
1289490,EXTRA SPACE STORAGE INC.,0.0,0001289490-26-000011,2023-12-31,,,,,,2023,PaymentsForRepurchaseOfCommonStock,False
1289490,EXTRA SPACE STORAGE INC.,0.0,0001289490-26-000011,2024-12-31,,,,,,2024,PaymentsForRepurchaseOfCommonStock,False
1289490,EXTRA SPACE STORAGE INC.,149548000.0,0001289490-26-000011,2025-12-31,,,,,,2025,PaymentsForRepurchaseOfCommonStock,False
1300514,LAS VEGAS SANDS CORP.,205000000.0,0001300514-18-000022,2015-12-31,,,,,,2015,PaymentsForRepurchaseOfCommonStock,False
1300514,LAS VEGAS SANDS CORP.,0.0,0001300514-19-000021,2016-12-31,,,,,,2016,PaymentsForRepurchaseOfCommonStock,False
1300514,LAS VEGAS SANDS CORP.,375000000.0,0001300514-20-000011,2017-12-31,,,,,,2017,PaymentsForRepurchaseOfCommonStock,False
1300514,LAS VEGAS SANDS CORP.,905000000.0,0001300514-21-000033,2018-12-31,,,,,,2018,PaymentsForRepurchaseOfCommonStock,False
1300514,LAS VEGAS SANDS CORP.,754000000.0,0001300514-22-000007,2019-12-31,,,,,,2019,PaymentsForRepurchaseOfCommonStock,False
1300514,LAS VEGAS SANDS CORP.,0.0,0001300514-22-000007,2020-12-31,,,,,,2020,PaymentsForRepurchaseOfCommonStock,False
1300514,LAS VEGAS SANDS CORP.,0.0,0001300514-24-000048,2021-12-31,,,,,,2021,PaymentsForRepurchaseOfCommonStock,False
1300514,LAS VEGAS SANDS CORP.,0.0,0001300514-25-000040,2022-12-31,,,,,,2022,PaymentsForRepurchaseOfCommonStock,False
1300514,LAS VEGAS SANDS CORP.,505000000.0,0001300514-26-000013,2023-12-31,,,,,,2023,PaymentsForRepurchaseOfCommonStock,False
1300514,LAS VEGAS SANDS CORP.,1750000000.0,0001300514-26-000013,2024-12-31,,,,,,2024,PaymentsForRepurchaseOfCommonStock,False
1300514,LAS VEGAS SANDS CORP.,2217000000.0,0001300514-26-000013,2025-12-31,,,,,,2025,PaymentsForRepurchaseOfCommonStock,False
1316835,"BUILDERS FIRSTSOURCE, INC.",986000.0,0001564590-18-004035,2015-12-31,,,,,,2015,PaymentsForRepurchaseOfCommonStock,False
1316835,"BUILDERS FIRSTSOURCE, INC.",1092000.0,0001564590-19-005770,2016-12-31,,,,,,2016,PaymentsForRepurchaseOfCommonStock,False
1316835,"BUILDERS FIRSTSOURCE, INC.",2644000.0,0001564590-20-005717,2017-12-31,,,,,,2017,PaymentsForRepurchaseOfCommonStock,False
1316835,"BUILDERS FIRSTSOURCE, INC.",4895000.0,0001564590-21-009308,2018-12-31,,,,,,2018,PaymentsForRepurchaseOfCommonStock,False
1316835,"BUILDERS FIRSTSOURCE, INC.",10392000.0,0001564590-22-007980,2019-12-31,,,,,,2019,PaymentsForRepurchaseOfCommonStock,False
1316835,"BUILDERS FIRSTSOURCE, INC.",4153000.0,0000950170-23-004939,2020-12-31,,,,,,2020,PaymentsForRepurchaseOfCommonStock,False
1316835,"BUILDERS FIRSTSOURCE, INC.",1714761000.0,0000950170-24-018584,2021-12-31,,,,,,2021,PaymentsForRepurchaseOfCommonStock,False
1316835,"BUILDERS FIRSTSOURCE, INC.",2593389000.0,0000950170-25-023953,2022-12-31,,,,,,2022,PaymentsForRepurchaseOfCommonStock,False
1316835,"BUILDERS FIRSTSOURCE, INC.",1811517000.0,0001193125-26-054643,2023-12-31,,,,,,2023,PaymentsForRepurchaseOfCommonStock,False
1316835,"BUILDERS FIRSTSOURCE, INC.",1517131000.0,0001193125-26-054643,2024-12-31,,,,,,2024,PaymentsForRepurchaseOfCommonStock,False
1316835,"BUILDERS FIRSTSOURCE, INC.",413958000.0,0001193125-26-054643,2025-12-31,,,,,,2025,PaymentsForRepurchaseOfCommonStock,False
1321655,Palantir Technologies Inc.,7706000.0,0001193125-21-060650,2018-12-31,,,,,,2018,PaymentsForRepurchaseOfCommonStock,False
1321655,Palantir Technologies Inc.,11202000.0,0001193125-22-050913,2019-12-31,,,,,,2019,PaymentsForRepurchaseOfCommonStock,False
1321655,Palantir Technologies Inc.,3777000.0,0001193125-22-050913,2020-12-31,,,,,,2020,PaymentsForRepurchaseOfCommonStock,False
1321655,Palantir Technologies Inc.,0.0,0001193125-22-050913,2021-12-31,,,,,,2021,PaymentsForRepurchaseOfCommonStock,False
1321655,Palantir Technologies Inc.,0.0,0001321655-25-000022,2022-12-31,,,,,,2022,PaymentsForRepurchaseOfCommonStock,False
1321655,Palantir Technologies Inc.,0.0,0001321655-26-000011,2023-12-31,,,,,,2023,PaymentsForRepurchaseOfCommonStock,False
1321655,Palantir Technologies Inc.,64196000.0,0001321655-26-000011,2024-12-31,,,,,,2024,PaymentsForRepurchaseOfCommonStock,False
1321655,Palantir Technologies Inc.,74985000.0,0001321655-26-000011,2025-12-31,,,,,,2025,PaymentsForRepurchaseOfCommonStock,False
1324404,"CF INDUSTRIES HOLDINGS, INC.",556000000.0,0001324404-18-000006,2015-12-31,,,,,,2015,PaymentsForRepurchaseOfCommonStock,False
1324404,"CF INDUSTRIES HOLDINGS, INC.",0.0,0001324404-19-000006,2016-12-31,,,,,,2016,PaymentsForRepurchaseOfCommonStock,False
1324404,"CF INDUSTRIES HOLDINGS, INC.",0.0,0001324404-20-000006,2017-12-31,,,,,,2017,PaymentsForRepurchaseOfCommonStock,False
1324404,"CF INDUSTRIES HOLDINGS, INC.",467000000.0,0001324404-21-000008,2018-12-31,,,,,,2018,PaymentsForRepurchaseOfCommonStock,False
1324404,"CF INDUSTRIES HOLDINGS, INC.",370000000.0,0001324404-22-000008,2019-12-31,,,,,,2019,PaymentsForRepurchaseOfCommonStock,False
1324404,"CF INDUSTRIES HOLDINGS, INC.",100000000.0,0001324404-23-000006,2020-12-31,,,,,,2020,PaymentsForRepurchaseOfCommonStock,False
1324404,"CF INDUSTRIES HOLDINGS, INC.",539000000.0,0001324404-24-000008,2021-12-31,,,,,,2021,PaymentsForRepurchaseOfCommonStock,False
1324404,"CF INDUSTRIES HOLDINGS, INC.",1347000000.0,0001324404-25-000006,2022-12-31,,,,,,2022,PaymentsForRepurchaseOfCommonStock,False
1324404,"CF INDUSTRIES HOLDINGS, INC.",580000000.0,0001324404-26-000007,2023-12-31,,,,,,2023,PaymentsForRepurchaseOfCommonStock,False
1324404,"CF INDUSTRIES HOLDINGS, INC.",1509000000.0,0001324404-26-000007,2024-12-31,,,,,,2024,PaymentsForRepurchaseOfCommonStock,False
1324404,"CF INDUSTRIES HOLDINGS, INC.",1365000000.0,0001324404-26-000007,2025-12-31,,,,,,2025,PaymentsForRepurchaseOfCommonStock,False
1324424,"Expedia Group, Inc.",60546000.0,0001324424-18-000006,2015-12-31,,,,,,2015,PaymentsForRepurchaseOfCommonStock,False
1324424,"Expedia Group, Inc.",456000000.0,0001324424-19-000006,2016-12-31,,,,,,2016,PaymentsForRepurchaseOfCommonStock,False
1324424,"Expedia Group, Inc.",312000000.0,0001324424-20-000009,2017-12-31,,,,,,2017,PaymentsForRepurchaseOfCommonStock,False
1324424,"Expedia Group, Inc.",923000000.0,0001324424-21-000015,2018-12-31,,,,,,2018,PaymentsForRepurchaseOfCommonStock,False
1324424,"EXPEDIA GROUP, INC.",743000000.0,0001324424-22-000009,2019-12-31,,,,,,2019,PaymentsForRepurchaseOfCommonStock,False
1324424,"EXPEDIA GROUP, INC.",425000000.0,0001324424-23-000007,2020-12-31,,,,,,2020,PaymentsForRepurchaseOfCommonStock,False
1324424,"EXPEDIA GROUP, INC.",165000000.0,0001324424-24-000007,2021-12-31,,,,,,2021,PaymentsForRepurchaseOfCommonStock,False
1324424,"EXPEDIA GROUP, INC.",607000000.0,0001324424-25-000008,2022-12-31,,,,,,2022,PaymentsForRepurchaseOfCommonStock,False
1324424,"EXPEDIA GROUP, INC.",2137000000.0,0001324424-26-000008,2023-12-31,,,,,,2023,PaymentsForRepurchaseOfCommonStock,False
1324424,"EXPEDIA GROUP, INC.",1839000000.0,0001324424-26-000008,2024-12-31,,,,,,2024,PaymentsForRepurchaseOfCommonStock,False
1324424,"EXPEDIA GROUP, INC.",1930000000.0,0001324424-26-000008,2025-12-31,,,,,,2025,PaymentsForRepurchaseOfCommonStock,False
1326160,DUKE ENERGY CORPORATION,1500000000.0,0001326160-18-000036,2015-12-31,,,,,,2015,PaymentsForRepurchaseOfCommonStock,False
1326801,"Meta Platforms, Inc.",0.0,0001326801-18-000009,2015-12-31,,,,,,2015,PaymentsForRepurchaseOfCommonStock,False
1326801,"Meta Platforms, Inc.",0.0,0001326801-19-000009,2016-12-31,,,,,,2016,PaymentsForRepurchaseOfCommonStock,False
1326801,"Meta Platforms, Inc.",1976000000.0,0001326801-20-000013,2017-12-31,,,,,,2017,PaymentsForRepurchaseOfCommonStock,False
1326801,"Meta Platforms, Inc.",12879000000.0,0001326801-21-000014,2018-12-31,,,,,,2018,PaymentsForRepurchaseOfCommonStock,False
1326801,"Meta Platforms, Inc.",4202000000.0,0001326801-22-000018,2019-12-31,,,,,,2019,PaymentsForRepurchaseOfCommonStock,False
1326801,"Meta Platforms, Inc.",6272000000.0,0001326801-23-000013,2020-12-31,,,,,,2020,PaymentsForRepurchaseOfCommonStock,False
1326801,"Meta Platforms, Inc.",44537000000.0,0001326801-24-000012,2021-12-31,,,,,,2021,PaymentsForRepurchaseOfCommonStock,False
1326801,"Meta Platforms, Inc.",27956000000.0,0001326801-25-000017,2022-12-31,,,,,,2022,PaymentsForRepurchaseOfCommonStock,False
1326801,"Meta Platforms, Inc.",19774000000.0,0001628280-26-003942,2023-12-31,,,,,,2023,PaymentsForRepurchaseOfCommonStock,False
1326801,"Meta Platforms, Inc.",30125000000.0,0001628280-26-003942,2024-12-31,,,,,,2024,PaymentsForRepurchaseOfCommonStock,False
1326801,"Meta Platforms, Inc.",26248000000.0,0001628280-26-003942,2025-12-31,,,,,,2025,PaymentsForRepurchaseOfCommonStock,False
1327567,"PALO ALTO NETWORKS, INC",0.0,0001327567-17-000027,2015-07-31,,,,,,2015,PaymentsForRepurchaseOfCommonStock,False
1327567,"PALO ALTO NETWORKS, INC",0.0,0001327567-18-000024,2016-07-31,,,,,,2016,PaymentsForRepurchaseOfCommonStock,False
1327567,"PALO ALTO NETWORKS, INC",411000000.0,0001327567-19-000032,2017-07-31,,,,,,2017,PaymentsForRepurchaseOfCommonStock,False
1327567,"PALO ALTO NETWORKS, INC",259100000.0,0001327567-20-000032,2018-07-31,,,,,,2018,PaymentsForRepurchaseOfCommonStock,False
1327567,Palo Alto Networks Inc,330000000.0,0001327567-21-000029,2019-07-31,,,,,,2019,PaymentsForRepurchaseOfCommonStock,False
1327567,"Palo Alto Networks, Inc",1198100000.0,0001327567-22-000028,2020-07-31,,,,,,2020,PaymentsForRepurchaseOfCommonStock,False
1327567,"Palo Alto Networks, Inc",1178100000.0,0001327567-23-000024,2021-07-31,,,,,,2021,PaymentsForRepurchaseOfCommonStock,False
1327567,"Palo Alto Networks, Inc",892300000.0,0001327567-24-000029,2022-07-31,,,,,,2022,PaymentsForRepurchaseOfCommonStock,False
1327567,"Palo Alto Networks, Inc",272700000.0,0001327567-25-000027,2023-07-31,,,,,,2023,PaymentsForRepurchaseOfCommonStock,False
1327567,"Palo Alto Networks, Inc",567000000.0,0001327567-26-000023,2024-07-31,,,,,,2024,PaymentsForRepurchaseOfCommonStock,False
1327567,"Palo Alto Networks, Inc",0.0,0001327567-26-000023,2025-07-31,,,,,,2025,PaymentsForRepurchaseOfCommonStock,False
1327567,"Palo Alto Networks, Inc",1000000000.0,0001327567-26-000023,2026-07-31,,,,,,2026,PaymentsForRepurchaseOfCommonStock,False
1327811,"WORKDAY, INC.",0.0,0001327811-23-000024,2021-01-31,,,,,,2020,PaymentsForRepurchaseOfCommonStock,False
1327811,"WORKDAY, INC.",0.0,0001327811-24-000044,2022-01-31,,,,,,2021,PaymentsForRepurchaseOfCommonStock,False
1327811,"WORKDAY, INC.",75000000.0,0001327811-25-000056,2023-01-31,,,,,,2022,PaymentsForRepurchaseOfCommonStock,False
1327811,"WORKDAY, INC.",423000000.0,0001327811-26-000014,2024-01-31,,,,,,2023,PaymentsForRepurchaseOfCommonStock,False
1327811,"WORKDAY, INC.",700000000.0,0001327811-26-000014,2025-01-31,,,,,,2024,PaymentsForRepurchaseOfCommonStock,False
1327811,"WORKDAY, INC.",2895000000.0,0001327811-26-000014,2026-01-31,,,,,,2025,PaymentsForRepurchaseOfCommonStock,False
1335258,"LIVE NATION ENTERTAINMENT, INC.",0.0,0001335258-26-000009,2023-12-31,,,,,,2023,PaymentsForRepurchaseOfCommonStock,False
1335258,"LIVE NATION ENTERTAINMENT, INC.",0.0,0001335258-26-000009,2024-12-31,,,,,,2024,PaymentsForRepurchaseOfCommonStock,False
1335258,"LIVE NATION ENTERTAINMENT, INC.",23531000.0,0001335258-26-000009,2025-12-31,,,,,,2025,PaymentsForRepurchaseOfCommonStock,False
1336920,"LEIDOS HOLDINGS, INC.",0.0,0001336920-19-000004,2016-12-30,,,,,,2016,PaymentsForRepurchaseOfCommonStock,False
1336920,"LEIDOS HOLDINGS, INC.",0.0,0001336920-20-000023,2017-12-29,,,,,,2017,PaymentsForRepurchaseOfCommonStock,False
1336920,"LEIDOS HOLDINGS, INC.",167000000.0,0001336920-21-000010,2018-12-28,,,,,,2018,PaymentsForRepurchaseOfCommonStock,False
1336920,"Leidos Holdings, Inc.",25000000.0,0001336920-22-000007,2020-01-03,,,,,,2019,PaymentsForRepurchaseOfCommonStock,False
1336920,"Leidos Holdings, Inc.",67000000.0,0001336920-23-000015,2021-01-01,,,,,,2020,PaymentsForRepurchaseOfCommonStock,False
1336920,"Leidos Holdings, Inc.",237000000.0,0001336920-24-000008,2021-12-31,,,,,,2021,PaymentsForRepurchaseOfCommonStock,False
1336920,"Leidos Holdings, Inc.",0.0,0001336920-25-000006,2022-12-30,,,,,,2022,PaymentsForRepurchaseOfCommonStock,False
1336920,"Leidos Holdings, Inc.",225000000.0,0001336920-26-000030,2023-12-29,,,,,,2023,PaymentsForRepurchaseOfCommonStock,False
1336920,"Leidos Holdings, Inc.",850000000.0,0001336920-26-000030,2025-01-03,,,,,,2024,PaymentsForRepurchaseOfCommonStock,False
1336920,"Leidos Holdings, Inc.",400000000.0,0001336920-26-000030,2026-01-02,,,,,,2025,PaymentsForRepurchaseOfCommonStock,False
1341439,Oracle Corporation,10440000000.0,0001193125-18-201034,2016-05-31,,,,,,2015,PaymentsForRepurchaseOfCommonStock,False
1341439,Oracle Corporation,3561000000.0,0001564590-19-023119,2017-05-31,,,,,,2016,PaymentsForRepurchaseOfCommonStock,False
1341439,Oracle Corporation,11347000000.0,0001564590-20-030125,2018-05-31,,,,,,2017,PaymentsForRepurchaseOfCommonStock,False
1341439,Oracle Corporation,36140000000.0,0001564590-21-033616,2019-05-31,,,,,,2018,PaymentsForRepurchaseOfCommonStock,False
1341439,Oracle Corporation,19240000000.0,0001564590-22-023675,2020-05-31,,,,,,2019,PaymentsForRepurchaseOfCommonStock,False
1341439,Oracle Corporation,20934000000.0,0000950170-23-028914,2021-05-31,,,,,,2020,PaymentsForRepurchaseOfCommonStock,False
1341439,Oracle Corporation,16248000000.0,0000950170-24-075605,2022-05-31,,,,,,2021,PaymentsForRepurchaseOfCommonStock,False
1341439,Oracle Corporation,1300000000.0,0000950170-25-087926,2023-05-31,,,,,,2022,PaymentsForRepurchaseOfCommonStock,False
1341439,Oracle Corporation,1202000000.0,0001193125-26-277521,2024-05-31,,,,,,2023,PaymentsForRepurchaseOfCommonStock,False
1341439,Oracle Corporation,600000000.0,0001193125-26-277521,2025-05-31,,,,,,2024,PaymentsForRepurchaseOfCommonStock,False
1341439,Oracle Corporation,95000000.0,0001193125-26-277521,2026-05-31,,,,,,2025,PaymentsForRepurchaseOfCommonStock,False
1373715,"SERVICENOW, INC.",0.0,0001373715-18-000058,2015-12-31,,,,,,2015,PaymentsForRepurchaseOfCommonStock,False
1373715,"SERVICENOW, INC.",0.0,0001373715-19-000070,2016-12-31,,,,,,2016,PaymentsForRepurchaseOfCommonStock,False
1373715,"SERVICENOW, INC.",55000000.0,0001373715-20-000072,2017-12-31,,,,,,2017,PaymentsForRepurchaseOfCommonStock,False
1373715,"SERVICENOW, INC.",0.0,0001373715-20-000072,2018-12-31,,,,,,2018,PaymentsForRepurchaseOfCommonStock,False
1373715,"SERVICENOW, INC.",0.0,0001373715-20-000072,2019-12-31,,,,,,2019,PaymentsForRepurchaseOfCommonStock,False
1373715,"SERVICENOW, INC.",0.0,0001373715-24-000030,2021-12-31,,,,,,2021,PaymentsForRepurchaseOfCommonStock,False
1373715,"SERVICENOW, INC.",0.0,0001373715-25-000010,2022-12-31,,,,,,2022,PaymentsForRepurchaseOfCommonStock,False
1373715,"SERVICENOW, INC.",538000000.0,0001373715-26-000007,2023-12-31,,,,,,2023,PaymentsForRepurchaseOfCommonStock,False
1373715,"SERVICENOW, INC.",696000000.0,0001373715-26-000007,2024-12-31,,,,,,2024,PaymentsForRepurchaseOfCommonStock,False
1373715,"SERVICENOW, INC.",1840000000.0,0001373715-26-000007,2025-12-31,,,,,,2025,PaymentsForRepurchaseOfCommonStock,False
1374310,"Cboe Global Markets, Inc.",132200000.0,0001558370-18-000953,2015-12-31,,,,,,2015,PaymentsForRepurchaseOfCommonStock,False
1374310,"Cboe Global Markets, Inc.",60500000.0,0001558370-19-000884,2016-12-31,,,,,,2016,PaymentsForRepurchaseOfCommonStock,False
1374310,"Cboe Global Markets, Inc.",140900000.0,0001558370-21-001286,2018-12-31,,,,,,2018,PaymentsForRepurchaseOfCommonStock,False
1374310,"Cboe Global Markets, Inc.",156900000.0,0001558370-22-001386,2019-12-31,,,,,,2019,PaymentsForRepurchaseOfCommonStock,False
1374310,"Cboe Global Markets, Inc.",349100000.0,0001558370-23-001489,2020-12-31,,,,,,2020,PaymentsForRepurchaseOfCommonStock,False
1374310,"Cboe Global Markets, Inc.",81300000.0,0001558370-24-001277,2021-12-31,,,,,,2021,PaymentsForRepurchaseOfCommonStock,False
1374310,"Cboe Global Markets, Inc.",100900000.0,0001628280-25-006984,2022-12-31,,,,,,2022,PaymentsForRepurchaseOfCommonStock,False
1374310,"Cboe Global Markets, Inc.",83900000.0,0001628280-26-010013,2023-12-31,,,,,,2023,PaymentsForRepurchaseOfCommonStock,False
1374310,"Cboe Global Markets, Inc.",204800000.0,0001628280-26-010013,2024-12-31,,,,,,2024,PaymentsForRepurchaseOfCommonStock,False
1374310,"Cboe Global Markets, Inc.",66700000.0,0001628280-26-010013,2025-12-31,,,,,,2025,PaymentsForRepurchaseOfCommonStock,False
1375365,"SUPER MICRO COMPUTER, INC.",0.0,0001375365-19-000039,2015-06-30,,,,,,2015,PaymentsForRepurchaseOfCommonStock,False
1375365,"SUPER MICRO COMPUTER, INC.",0.0,0001375365-19-000039,2016-06-30,,,,,,2016,PaymentsForRepurchaseOfCommonStock,False
1375365,"SUPER MICRO COMPUTER, INC.",18461000.0,0001375365-19-000079,2017-06-30,,,,,,2017,PaymentsForRepurchaseOfCommonStock,False
1375365,"SUPER MICRO COMPUTER, INC.",0.0,0001375365-19-000079,2018-06-30,,,,,,2018,PaymentsForRepurchaseOfCommonStock,False
1375365,"SUPER MICRO COMPUTER, INC.",0.0,0001375365-19-000079,2019-06-30,,,,,,2019,PaymentsForRepurchaseOfCommonStock,False
1383312,"BROADRIDGE FINANCIAL SOLUTIONS, INC.",301700000.0,0001383312-17-000053,2015-06-30,,,,,,2015,PaymentsForRepurchaseOfCommonStock,False
1383312,"BROADRIDGE FINANCIAL SOLUTIONS, INC.",119800000.0,0001383312-18-000041,2016-06-30,,,,,,2016,PaymentsForRepurchaseOfCommonStock,False
1383312,"BROADRIDGE FINANCIAL SOLUTIONS, INC.",342800000.0,0001383312-19-000042,2017-06-30,,,,,,2017,PaymentsForRepurchaseOfCommonStock,False
1383312,"BROADRIDGE FINANCIAL SOLUTIONS, INC.",277100000.0,0001383312-20-000055,2018-06-30,,,,,,2018,PaymentsForRepurchaseOfCommonStock,False
1383312,"BROADRIDGE FINANCIAL SOLUTIONS, INC.",397800000.0,0001383312-21-000047,2019-06-30,,,,,,2019,PaymentsForRepurchaseOfCommonStock,False
1383312,"BROADRIDGE FINANCIAL SOLUTIONS, INC.",69300000.0,0001383312-22-000037,2020-06-30,,,,,,2020,PaymentsForRepurchaseOfCommonStock,False
1383312,"BROADRIDGE FINANCIAL SOLUTIONS, INC.",21500000.0,0001383312-23-000037,2021-06-30,,,,,,2021,PaymentsForRepurchaseOfCommonStock,False
1383312,"BROADRIDGE FINANCIAL SOLUTIONS, INC.",22800000.0,0001383312-24-000039,2022-06-30,,,,,,2022,PaymentsForRepurchaseOfCommonStock,False
1383312,"BROADRIDGE FINANCIAL SOLUTIONS, INC.",24300000.0,0001628280-25-037656,2023-06-30,,,,,,2023,PaymentsForRepurchaseOfCommonStock,False
1383312,"BROADRIDGE FINANCIAL SOLUTIONS, INC.",485400000.0,0001628280-26-052243,2024-06-30,,,,,,2024,PaymentsForRepurchaseOfCommonStock,False
1383312,"BROADRIDGE FINANCIAL SOLUTIONS, INC.",134900000.0,0001628280-26-052243,2025-06-30,,,,,,2025,PaymentsForRepurchaseOfCommonStock,False
1383312,"BROADRIDGE FINANCIAL SOLUTIONS, INC.",603700000.0,0001628280-26-052243,2026-06-30,,,,,,2026,PaymentsForRepurchaseOfCommonStock,False
1385157,TE CONNECTIVITY PLC,1023000000.0,0001047469-17-007037,2015-09-25,,,,,,2015,PaymentsForRepurchaseOfCommonStock,False
1385157,TE CONNECTIVITY LTD.,2787000000.0,0001047469-18-007210,2016-09-30,,,,,,2016,PaymentsForRepurchaseOfCommonStock,False
1385157,TE CONNECTIVITY PLC,614000000.0,0001558370-19-010758,2017-09-29,,,,,,2017,PaymentsForRepurchaseOfCommonStock,False
1385157,TE CONNECTIVITY PLC,879000000.0,0001558370-20-013511,2018-09-28,,,,,,2018,PaymentsForRepurchaseOfCommonStock,False
1385157,TE CONNECTIVITY LTD.,1091000000.0,0001558370-21-015228,2019-09-27,,,,,,2019,PaymentsForRepurchaseOfCommonStock,False
1385157,TE CONNECTIVITY LTD.,523000000.0,0001558370-22-017931,2020-09-25,,,,,,2020,PaymentsForRepurchaseOfCommonStock,False
1385157,TE CONNECTIVITY LTD.,831000000.0,0001558370-23-018833,2021-09-24,,,,,,2021,PaymentsForRepurchaseOfCommonStock,False
1385157,TE CONNECTIVITY PLC,1412000000.0,0001558370-24-015227,2022-09-30,,,,,,2022,PaymentsForRepurchaseOfCommonStock,False
1385157,TE CONNECTIVITY PLC,945000000.0,0001104659-25-109150,2023-09-29,,,,,,2023,PaymentsForRepurchaseOfCommonStock,False
1385157,TE CONNECTIVITY PLC,2062000000.0,0001104659-25-109150,2024-09-27,,,,,,2024,PaymentsForRepurchaseOfCommonStock,False
1385157,TE CONNECTIVITY PLC,1347000000.0,0001104659-25-109150,2025-09-26,,,,,,2025,PaymentsForRepurchaseOfCommonStock,False
1389170,TARGA RESOURCES CORP.,3300000.0,0001140361-16-066758,2015-12-31,,,,,,2015,PaymentsForRepurchaseOfCommonStock,False
1390777,Bank of New York Mellon Corp,2355000000.0,0001390777-18-000069,2015-12-31,,,,,,2015,PaymentsForRepurchaseOfCommonStock,False
1390777,Bank of New York Mellon Corp,2398000000.0,0001390777-19-000050,2016-12-31,,,,,,2016,PaymentsForRepurchaseOfCommonStock,False
1390777,Bank of New York Mellon Corp,2686000000.0,0001390777-20-000044,2017-12-31,,,,,,2017,PaymentsForRepurchaseOfCommonStock,False
1390777,Bank of New York Mellon Corp,3269000000.0,0001390777-21-000037,2018-12-31,,,,,,2018,PaymentsForRepurchaseOfCommonStock,False
1390777,THE BANK OF NEW YORK MELLON CORPORATION,3327000000.0,0001390777-22-000043,2019-12-31,,,,,,2019,PaymentsForRepurchaseOfCommonStock,False
1390777,THE BANK OF NEW YORK MELLON CORPORATION,989000000.0,0001390777-23-000033,2020-12-31,,,,,,2020,PaymentsForRepurchaseOfCommonStock,False
1390777,THE BANK OF NEW YORK MELLON CORPORATION,4567000000.0,0001390777-24-000051,2021-12-31,,,,,,2021,PaymentsForRepurchaseOfCommonStock,False
1390777,THE BANK OF NEW YORK MELLON CORPORATION,124000000.0,0001390777-25-000046,2022-12-31,,,,,,2022,PaymentsForRepurchaseOfCommonStock,False
1390777,THE BANK OF NEW YORK MELLON CORPORATION,2604000000.0,0001390777-26-000033,2023-12-31,,,,,,2023,PaymentsForRepurchaseOfCommonStock,False
1390777,THE BANK OF NEW YORK MELLON CORPORATION,3064000000.0,0001390777-26-000033,2024-12-31,,,,,,2024,PaymentsForRepurchaseOfCommonStock,False
1390777,THE BANK OF NEW YORK MELLON CORPORATION,3535000000.0,0001390777-26-000033,2025-12-31,,,,,,2025,PaymentsForRepurchaseOfCommonStock,False
1393052,Veeva Systems Inc.,0.0,0001393052-26-000014,2024-01-31,,,,,,2023,PaymentsForRepurchaseOfCommonStock,False
1393052,Veeva Systems Inc.,0.0,0001393052-26-000014,2025-01-31,,,,,,2024,PaymentsForRepurchaseOfCommonStock,False
1393052,Veeva Systems Inc.,169949000.0,0001393052-26-000014,2026-01-31,,,,,,2025,PaymentsForRepurchaseOfCommonStock,False
1393311,PUBLIC STORAGE,0.0,0001393311-25-000036,2022-12-31,,,,,,2022,PaymentsForRepurchaseOfCommonStock,False
1393311,PUBLIC STORAGE,0.0,0001628280-26-007696,2023-12-31,,,,,,2023,PaymentsForRepurchaseOfCommonStock,False
1393311,PUBLIC STORAGE,200000000.0,0001628280-26-007696,2024-12-31,,,,,,2024,PaymentsForRepurchaseOfCommonStock,False
1393311,PUBLIC STORAGE,0.0,0001628280-26-007696,2025-12-31,,,,,,2025,PaymentsForRepurchaseOfCommonStock,False
1396009,VULCAN MATERIALS COMPANY,21475000.0,0001396009-18-000011,2015-12-31,,,,,,2015,PaymentsForRepurchaseOfCommonStock,False
1396009,VULCAN MATERIALS COMPANY,161463000.0,0001396009-19-000021,2016-12-31,,,,,,2016,PaymentsForRepurchaseOfCommonStock,False
1396009,VULCAN MATERIALS COMPANY,60303000.0,0001396009-20-000006,2017-12-31,,,,,,2017,PaymentsForRepurchaseOfCommonStock,False
1396009,VULCAN MATERIALS COMPANY,133983000.0,0001396009-21-000009,2018-12-31,,,,,,2018,PaymentsForRepurchaseOfCommonStock,False
1396009,VULCAN MATERIALS COMPANY,2600000.0,0001396009-22-000010,2019-12-31,,,,,,2019,PaymentsForRepurchaseOfCommonStock,False
1396009,VULCAN MATERIALS COMPANY,26100000.0,0001396009-23-000007,2020-12-31,,,,,,2020,PaymentsForRepurchaseOfCommonStock,False
1396009,VULCAN MATERIALS COMPANY,0.0,0001396009-24-000006,2021-12-31,,,,,,2021,PaymentsForRepurchaseOfCommonStock,False
1396009,VULCAN MATERIALS COMPANY,0.0,0001396009-25-000005,2022-12-31,,,,,,2022,PaymentsForRepurchaseOfCommonStock,False
1396009,VULCAN MATERIALS COMPANY,200000000.0,0001628280-26-009546,2023-12-31,,,,,,2023,PaymentsForRepurchaseOfCommonStock,False
1396009,VULCAN MATERIALS COMPANY,68800000.0,0001628280-26-009546,2024-12-31,,,,,,2024,PaymentsForRepurchaseOfCommonStock,False
1396009,VULCAN MATERIALS COMPANY,438400000.0,0001628280-26-009546,2025-12-31,,,,,,2025,PaymentsForRepurchaseOfCommonStock,False
1397187,lululemon athletica inc.,274193000.0,0001397187-18-000013,2016-01-31,,,,,,2015,PaymentsForRepurchaseOfCommonStock,False
1397187,lululemon athletica inc.,29327000.0,0001397187-19-000011,2017-01-29,,,,,,2016,PaymentsForRepurchaseOfCommonStock,False
1397187,lululemon athletica inc.,100261000.0,0001397187-20-000012,2018-01-28,,,,,,2017,PaymentsForRepurchaseOfCommonStock,False
1397187,lululemon athletica inc.,598340000.0,0001397187-21-000009,2019-02-03,,,,,,2018,PaymentsForRepurchaseOfCommonStock,False
1397187,lululemon athletica inc.,173399000.0,0001397187-22-000014,2020-02-02,,,,,,2019,PaymentsForRepurchaseOfCommonStock,False
1397187,lululemon athletica inc.,63663000.0,0001397187-23-000012,2021-01-31,,,,,,2020,PaymentsForRepurchaseOfCommonStock,False
1397187,lululemon athletica inc.,812602000.0,0001397187-24-000010,2022-01-30,,,,,,2021,PaymentsForRepurchaseOfCommonStock,False
1397187,lululemon athletica inc.,444001000.0,0001397187-25-000013,2023-01-29,,,,,,2022,PaymentsForRepurchaseOfCommonStock,False
1397187,lululemon athletica inc.,558652000.0,0001397187-26-000020,2024-01-28,,,,,,2023,PaymentsForRepurchaseOfCommonStock,False
1397187,lululemon athletica inc.,1636879000.0,0001397187-26-000020,2025-02-02,,,,,,2024,PaymentsForRepurchaseOfCommonStock,False
1397187,lululemon athletica inc.,1178349000.0,0001397187-26-000020,2026-02-01,,,,,,2025,PaymentsForRepurchaseOfCommonStock,False
1402057,CDW CORP,241300000.0,0001402057-18-000038,2015-12-31,,,,,,2015,PaymentsForRepurchaseOfCommonStock,False
1402057,CDW CORP,367400000.0,0001402057-19-000046,2016-12-31,,,,,,2016,PaymentsForRepurchaseOfCommonStock,False
1402057,CDW CORP,534000000.0,0001402057-20-000042,2017-12-31,,,,,,2017,PaymentsForRepurchaseOfCommonStock,False
1402057,CDW CORP,522300000.0,0001402057-21-000022,2018-12-31,,,,,,2018,PaymentsForRepurchaseOfCommonStock,False
1402057,CDW CORP,657200000.0,0001402057-22-000020,2019-12-31,,,,,,2019,PaymentsForRepurchaseOfCommonStock,False
1402057,CDW CORP,340600000.0,0001402057-23-000052,2020-12-31,,,,,,2020,PaymentsForRepurchaseOfCommonStock,False
1402057,CDW CORP,1500400000.0,0001402057-24-000015,2021-12-31,,,,,,2021,PaymentsForRepurchaseOfCommonStock,False
1402057,CDW CORP,0.0,0001402057-25-000018,2022-12-31,,,,,,2022,PaymentsForRepurchaseOfCommonStock,False
1402057,CDW CORP,500000000.0,0001402057-26-000011,2023-12-31,,,,,,2023,PaymentsForRepurchaseOfCommonStock,False
1402057,CDW CORP,500000000.0,0001402057-26-000011,2024-12-31,,,,,,2024,PaymentsForRepurchaseOfCommonStock,False
1402057,CDW CORP,653000000.0,0001402057-26-000011,2025-12-31,,,,,,2025,PaymentsForRepurchaseOfCommonStock,False
1403161,VISA INC.,2910000000.0,0001403161-15-000013,2015-09-30,,,,,,2015,PaymentsForRepurchaseOfCommonStock,False
1403161,VISA INC.,6891000000.0,0001403161-19-000050,2017-09-30,,,,,,2017,PaymentsForRepurchaseOfCommonStock,False
1403161,VISA INC.,7192000000.0,0001403161-20-000070,2018-09-30,,,,,,2018,PaymentsForRepurchaseOfCommonStock,False
1403161,VISA INC.,8607000000.0,0001403161-21-000060,2019-09-30,,,,,,2019,PaymentsForRepurchaseOfCommonStock,False
1403161,VISA INC.,8114000000.0,0001403161-22-000081,2020-09-30,,,,,,2020,PaymentsForRepurchaseOfCommonStock,False
1403161,VISA INC.,8676000000.0,0001403161-23-000099,2021-09-30,,,,,,2021,PaymentsForRepurchaseOfCommonStock,False
1403161,VISA INC.,11589000000.0,0001403161-24-000058,2022-09-30,,,,,,2022,PaymentsForRepurchaseOfCommonStock,False
1403161,VISA INC.,12101000000.0,0001403161-25-000089,2023-09-30,,,,,,2023,PaymentsForRepurchaseOfCommonStock,False
1403161,VISA INC.,16713000000.0,0001403161-25-000089,2024-09-30,,,,,,2024,PaymentsForRepurchaseOfCommonStock,False
1403161,VISA INC.,18316000000.0,0001403161-25-000089,2025-09-30,,,,,,2025,PaymentsForRepurchaseOfCommonStock,False
1403568,"ULTA BEAUTY, INC.",167396000.0,0001558370-18-002733,2016-01-30,,,,,,2015,PaymentsForRepurchaseOfCommonStock,False
1403568,"ULTA BEAUTY, INC.",344275000.0,0001558370-19-002739,2017-01-28,,,,,,2016,PaymentsForRepurchaseOfCommonStock,False
1403568,"ULTA BEAUTY, INC.",367581000.0,0001558370-20-003272,2018-02-03,,,,,,2017,PaymentsForRepurchaseOfCommonStock,False
1403568,"ULTA BEAUTY, INC.",616194000.0,0001558370-21-003523,2019-02-02,,,,,,2018,PaymentsForRepurchaseOfCommonStock,False
1403568,"ULTA BEAUTY, INC.",680979000.0,0001558370-22-004330,2020-02-01,,,,,,2019,PaymentsForRepurchaseOfCommonStock,False
1403568,"ULTA BEAUTY, INC.",114895000.0,0001558370-23-004581,2021-01-30,,,,,,2020,PaymentsForRepurchaseOfCommonStock,False
1403568,"ULTA BEAUTY, INC.",1521925000.0,0001558370-24-003941,2022-01-29,,,,,,2021,PaymentsForRepurchaseOfCommonStock,False
1403568,"ULTA BEAUTY, INC.",900033000.0,0001558370-25-003810,2023-01-28,,,,,,2022,PaymentsForRepurchaseOfCommonStock,False
1403568,"ULTA BEAUTY, INC.",995738000.0,0001104659-26-035243,2024-02-03,,,,,,2023,PaymentsForRepurchaseOfCommonStock,False
1403568,"ULTA BEAUTY, INC.",1003328000.0,0001104659-26-035243,2025-02-01,,,,,,2024,PaymentsForRepurchaseOfCommonStock,False
1403568,"ULTA BEAUTY, INC.",901388000.0,0001104659-26-035243,2026-01-31,,,,,,2025,PaymentsForRepurchaseOfCommonStock,False
1404912,KKR & Co. Inc.,161929000.0,0001404912-16-000009,2015-12-31,,,,,,2015,PaymentsForRepurchaseOfCommonStock,False
1404912,KKR & Co. Inc.,0.0,0001404912-20-000006,2017-12-31,,,,,,2017,PaymentsForRepurchaseOfCommonStock,False
1404912,KKR & Co. Inc.,173142000.0,0001404912-21-000008,2018-12-31,,,,,,2018,PaymentsForRepurchaseOfCommonStock,False
1404912,KKR & CO. INC.,72124000.0,0001404912-22-000004,2019-12-31,,,,,,2019,PaymentsForRepurchaseOfCommonStock,False
1404912,KKR & CO. INC.,246160000.0,0001404912-23-000005,2020-12-31,,,,,,2020,PaymentsForRepurchaseOfCommonStock,False
1404912,KKR & CO. INC.,269710000.0,0001404912-24-000005,2021-12-31,,,,,,2021,PaymentsForRepurchaseOfCommonStock,False
1404912,KKR & CO. INC.,346651000.0,0001404912-25-000015,2022-12-31,,,,,,2022,PaymentsForRepurchaseOfCommonStock,False
1404912,KKR & CO. INC.,289844000.0,0001404912-26-000007,2023-12-31,,,,,,2023,PaymentsForRepurchaseOfCommonStock,False
1404912,KKR & CO. INC.,0.0,0001404912-26-000007,2024-12-31,,,,,,2024,PaymentsForRepurchaseOfCommonStock,False
1404912,KKR & CO. INC.,3362000.0,0001404912-26-000007,2025-12-31,,,,,,2025,PaymentsForRepurchaseOfCommonStock,False
1408198,MSCI Inc.,700715000.0,0001564590-18-003147,2015-12-31,,,,,,2015,PaymentsForRepurchaseOfCommonStock,False
1408198,MSCI Inc.,774565000.0,0001564590-19-003885,2016-12-31,,,,,,2016,PaymentsForRepurchaseOfCommonStock,False
1408198,MSCI Inc.,150461000.0,0001564590-20-004992,2017-12-31,,,,,,2017,PaymentsForRepurchaseOfCommonStock,False
1408198,MSCI Inc.,949888000.0,0001564590-21-005811,2018-12-31,,,,,,2018,PaymentsForRepurchaseOfCommonStock,False
1408198,MSCI INC.,292075000.0,0001564590-22-004803,2019-12-31,,,,,,2019,PaymentsForRepurchaseOfCommonStock,False
1408198,MSCI INC.,778519000.0,0001408198-23-000011,2020-12-31,,,,,,2020,PaymentsForRepurchaseOfCommonStock,False
1408198,MSCI INC.,198374000.0,0001408198-24-000030,2021-12-31,,,,,,2021,PaymentsForRepurchaseOfCommonStock,False
1408198,MSCI INC.,1397506000.0,0001408198-25-000053,2022-12-31,,,,,,2022,PaymentsForRepurchaseOfCommonStock,False
1408198,MSCI INC.,504188000.0,0001408198-26-000011,2023-12-31,,,,,,2023,PaymentsForRepurchaseOfCommonStock,False
1408198,MSCI INC.,885266000.0,0001408198-26-000011,2024-12-31,,,,,,2024,PaymentsForRepurchaseOfCommonStock,False
1408198,MSCI INC.,2484305000.0,0001408198-26-000011,2025-12-31,,,,,,2025,PaymentsForRepurchaseOfCommonStock,False
1410636,"American Water Works Company, Inc.",126000000.0,0001410636-18-000076,2015-12-31,,,,,,2015,PaymentsForRepurchaseOfCommonStock,False
1410636,"American Water Works Company, Inc.",65000000.0,0001410636-19-000041,2016-12-31,,,,,,2016,PaymentsForRepurchaseOfCommonStock,False
1410636,"American Water Works Company, Inc.",54000000.0,0001410636-20-000040,2017-12-31,,,,,,2017,PaymentsForRepurchaseOfCommonStock,False
1410636,"American Water Works Company, Inc.",45000000.0,0001410636-21-000101,2018-12-31,,,,,,2018,PaymentsForRepurchaseOfCommonStock,False
1410636,"AMERICAN WATER WORKS COMPANY, INC.",36000000.0,0001410636-22-000048,2019-12-31,,,,,,2019,PaymentsForRepurchaseOfCommonStock,False
1410636,"AMERICAN WATER WORKS COMPANY, INC.",0.0,0001410636-22-000048,2020-12-31,,,,,,2020,PaymentsForRepurchaseOfCommonStock,False
1410636,"AMERICAN WATER WORKS COMPANY, INC.",0.0,0001410636-22-000048,2021-12-31,,,,,,2021,PaymentsForRepurchaseOfCommonStock,False
1413329,Philip Morris International Inc.,48000000.0,0001413329-18-000007,2015-12-31,,,,,,2015,PaymentsForRepurchaseOfCommonStock,False
1413329,Philip Morris International Inc.,0.0,0001413329-18-000007,2016-12-31,,,,,,2016,PaymentsForRepurchaseOfCommonStock,False
1413329,Philip Morris International Inc.,0.0,0001413329-18-000007,2017-12-31,,,,,,2017,PaymentsForRepurchaseOfCommonStock,False
1413329,PHILIP MORRIS INTERNATIONAL INC.,0.0,0001413329-22-000011,2019-12-31,,,,,,2019,PaymentsForRepurchaseOfCommonStock,False
1413329,PHILIP MORRIS INTERNATIONAL INC.,0.0,0001413329-23-000025,2020-12-31,,,,,,2020,PaymentsForRepurchaseOfCommonStock,False
1413329,PHILIP MORRIS INTERNATIONAL INC.,775000000.0,0001413329-24-000013,2021-12-31,,,,,,2021,PaymentsForRepurchaseOfCommonStock,False
1413329,PHILIP MORRIS INTERNATIONAL INC.,209000000.0,0001413329-25-000013,2022-12-31,,,,,,2022,PaymentsForRepurchaseOfCommonStock,False
1413329,PHILIP MORRIS INTERNATIONAL INC.,0.0,0001413329-25-000013,2023-12-31,,,,,,2023,PaymentsForRepurchaseOfCommonStock,False
1413329,PHILIP MORRIS INTERNATIONAL INC.,0.0,0001413329-25-000013,2024-12-31,,,,,,2024,PaymentsForRepurchaseOfCommonStock,False
1413447,NXP Semiconductors N.V.,475000000.0,0001193125-18-114230,2015-12-31,,,,,,2015,PaymentsForRepurchaseOfCommonStock,False
1413447,NXP Semiconductors N.V.,1280000000.0,0001564590-19-005657,2016-12-31,,,,,,2016,PaymentsForRepurchaseOfCommonStock,False
1413447,NXP Semiconductors N.V.,286000000.0,0001413447-20-000009,2017-12-31,,,,,,2017,PaymentsForRepurchaseOfCommonStock,False
1413447,NXP Semiconductors N.V.,5006000000.0,0001413447-21-000011,2018-12-31,,,,,,2018,PaymentsForRepurchaseOfCommonStock,False
1413447,NXP Semiconductors N.V.,1443000000.0,0001413447-22-000008,2019-12-31,,,,,,2019,PaymentsForRepurchaseOfCommonStock,False
1413447,NXP Semiconductors N.V.,627000000.0,0001413447-23-000006,2020-12-31,,,,,,2020,PaymentsForRepurchaseOfCommonStock,False
1413447,NXP Semiconductors N.V.,4015000000.0,0001413447-24-000013,2021-12-31,,,,,,2021,PaymentsForRepurchaseOfCommonStock,False
1413447,NXP Semiconductors N.V.,1426000000.0,0001413447-25-000019,2022-12-31,,,,,,2022,PaymentsForRepurchaseOfCommonStock,False
1413447,NXP Semiconductors N.V.,1053000000.0,0001413447-26-000008,2023-12-31,,,,,,2023,PaymentsForRepurchaseOfCommonStock,False
1413447,NXP Semiconductors N.V.,1373000000.0,0001413447-26-000008,2024-12-31,,,,,,2024,PaymentsForRepurchaseOfCommonStock,False
1413447,NXP Semiconductors N.V.,899000000.0,0001413447-26-000008,2025-12-31,,,,,,2025,PaymentsForRepurchaseOfCommonStock,False
1415404,EchoStar Corporation,0.0,0001415404-19-000003,2016-12-31,,,,,,2016,PaymentsForRepurchaseOfCommonStock,False
1415404,EchoStar Corporation,0.0,0001415404-20-000005,2017-12-31,,,,,,2017,PaymentsForRepurchaseOfCommonStock,False
1415404,EchoStar Corporation,33292000.0,0001415404-21-000005,2018-12-31,,,,,,2018,PaymentsForRepurchaseOfCommonStock,False
1415404,EchoStar Corporation,0.0,0001415404-22-000005,2019-12-31,,,,,,2019,PaymentsForRepurchaseOfCommonStock,False
1415404,EchoStar Corporation,43458000.0,0001415404-23-000005,2020-12-31,,,,,,2020,PaymentsForRepurchaseOfCommonStock,False
1415404,EchoStar Corporation,261436000.0,0001558370-24-002209,2021-12-31,,,,,,2021,PaymentsForRepurchaseOfCommonStock,False
1415404,EchoStar Corporation,89303000.0,0001558370-25-001663,2022-12-31,,,,,,2022,PaymentsForRepurchaseOfCommonStock,False
1415404,EchoStar Corporation,48512000.0,0001104659-26-021817,2025-12-31,,,,,,2025,PaymentsForRepurchaseOfCommonStock,False
1418135,Keurig Dr Pepper Inc.,521000000.0,0001418135-18-000006,2015-12-31,,,,,,2015,PaymentsForRepurchaseOfCommonStock,False
1418135,Keurig Dr Pepper Inc.,519000000.0,0001418135-18-000006,2016-12-31,,,,,,2016,PaymentsForRepurchaseOfCommonStock,False
1418135,Keurig Dr Pepper Inc.,399000000.0,0001418135-18-000006,2017-12-31,,,,,,2017,PaymentsForRepurchaseOfCommonStock,False
1418135,Keurig Dr Pepper Inc.,0.0,0001418135-23-000003,2020-12-31,,,,,,2020,PaymentsForRepurchaseOfCommonStock,False
1418135,Keurig Dr Pepper Inc.,0.0,0001418135-24-000007,2021-12-31,,,,,,2021,PaymentsForRepurchaseOfCommonStock,False
1418135,Keurig Dr Pepper Inc.,379000000.0,0001418135-25-000013,2022-12-31,,,,,,2022,PaymentsForRepurchaseOfCommonStock,False
1418135,Keurig Dr Pepper Inc.,706000000.0,0001418135-26-000016,2023-12-31,,,,,,2023,PaymentsForRepurchaseOfCommonStock,False
1418135,Keurig Dr Pepper Inc.,1110000000.0,0001418135-26-000016,2024-12-31,,,,,,2024,PaymentsForRepurchaseOfCommonStock,False
1418135,Keurig Dr Pepper Inc.,9000000.0,0001418135-26-000016,2025-12-31,,,,,,2025,PaymentsForRepurchaseOfCommonStock,False
1437107,"Warner Bros. Discovery, Inc.",698000000.0,0001437107-16-000059,2015-12-31,,,,,,2015,PaymentsForRepurchaseOfCommonStock,False
1437107,"Warner Bros. Discovery, Inc.",1374000000.0,0001437107-19-000013,2016-12-31,,,,,,2016,PaymentsForRepurchaseOfCommonStock,False
1437107,"Warner Bros. Discovery, Inc.",603000000.0,0001437107-19-000013,2017-12-31,,,,,,2017,PaymentsForRepurchaseOfCommonStock,False
1437107,"Warner Bros. Discovery, Inc.",0.0,0001437107-19-000013,2018-12-31,,,,,,2018,PaymentsForRepurchaseOfCommonStock,False
1442145,"VERISK ANALYTICS, INC.",20400000.0,0001442145-18-000008,2015-12-31,,,,,,2015,PaymentsForRepurchaseOfCommonStock,False
1442145,"VERISK ANALYTICS, INC.",326800000.0,0001442145-19-000012,2016-12-31,,,,,,2016,PaymentsForRepurchaseOfCommonStock,False
1442145,"VERISK ANALYTICS, INC.",276300000.0,0001442145-20-000012,2017-12-31,,,,,,2017,PaymentsForRepurchaseOfCommonStock,False
1442145,"VERISK ANALYTICS, INC.",438600000.0,0001437749-21-003789,2018-12-31,,,,,,2018,PaymentsForRepurchaseOfCommonStock,False
1442145,"Verisk Analytics, Inc.",300000000.0,0001437749-22-004083,2019-12-31,,,,,,2019,PaymentsForRepurchaseOfCommonStock,False
1442145,"Verisk Analytics, Inc.",348800000.0,0001437749-23-004945,2020-12-31,,,,,,2020,PaymentsForRepurchaseOfCommonStock,False
1442145,"Verisk Analytics, Inc.",475000000.0,0001437749-24-004939,2021-12-31,,,,,,2021,PaymentsForRepurchaseOfCommonStock,False
1442145,"Verisk Analytics, Inc.",1662500000.0,0001437749-25-005160,2022-12-31,,,,,,2022,PaymentsForRepurchaseOfCommonStock,False
1442145,"Verisk Analytics, Inc.",2762300000.0,0001437749-26-004452,2023-12-31,,,,,,2023,PaymentsForRepurchaseOfCommonStock,False
1442145,"Verisk Analytics, Inc.",1005000000.0,0001437749-26-004452,2024-12-31,,,,,,2024,PaymentsForRepurchaseOfCommonStock,False
1442145,"Verisk Analytics, Inc.",624000000.0,0001437749-26-004452,2025-12-31,,,,,,2025,PaymentsForRepurchaseOfCommonStock,False
1466258,TRANE TECHNOLOGIES PLC,250100000.0,0001466258-18-000063,2015-12-31,,,,,,2015,PaymentsForRepurchaseOfCommonStock,False
1466258,TRANE TECHNOLOGIES PLC,250100000.0,0001466258-19-000073,2016-12-31,,,,,,2016,PaymentsForRepurchaseOfCommonStock,False
1466258,TRANE TECHNOLOGIES PLC,1016900000.0,0001466258-20-000064,2017-12-31,,,,,,2017,PaymentsForRepurchaseOfCommonStock,False
1466258,TRANE TECHNOLOGIES PLC,900200000.0,0001466258-21-000027,2018-12-31,,,,,,2018,PaymentsForRepurchaseOfCommonStock,False
1466258,TRANE TECHNOLOGIES PLC,750100000.0,0001466258-22-000031,2019-12-31,,,,,,2019,PaymentsForRepurchaseOfCommonStock,False
1466258,TRANE TECHNOLOGIES PLC,250000000.0,0001466258-23-000058,2020-12-31,,,,,,2020,PaymentsForRepurchaseOfCommonStock,False
1466258,TRANE TECHNOLOGIES PLC,1100300000.0,0001466258-24-000047,2021-12-31,,,,,,2021,PaymentsForRepurchaseOfCommonStock,False
1466258,TRANE TECHNOLOGIES PLC,1200200000.0,0001466258-25-000039,2022-12-31,,,,,,2022,PaymentsForRepurchaseOfCommonStock,False
1466258,TRANE TECHNOLOGIES PLC,669300000.0,0001628280-26-005731,2023-12-31,,,,,,2023,PaymentsForRepurchaseOfCommonStock,False
1466258,TRANE TECHNOLOGIES PLC,1280800000.0,0001628280-26-005731,2024-12-31,,,,,,2024,PaymentsForRepurchaseOfCommonStock,False
1466258,TRANE TECHNOLOGIES PLC,1481300000.0,0001628280-26-005731,2025-12-31,,,,,,2025,PaymentsForRepurchaseOfCommonStock,False
1467373,Accenture plc,2452989000.0,0001467373-17-000430,2015-08-31,,,,,,2015,PaymentsForRepurchaseOfCommonStock,False
1467373,Accenture plc,2604989000.0,0001467373-18-000318,2016-08-31,,,,,,2016,PaymentsForRepurchaseOfCommonStock,False
1467373,Accenture plc,2649051000.0,0001467373-19-000339,2017-08-31,,,,,,2017,PaymentsForRepurchaseOfCommonStock,False
1467373,Accenture plc,2639094000.0,0001467373-20-000376,2018-08-31,,,,,,2018,PaymentsForRepurchaseOfCommonStock,False
1467373,Accenture plc,2691114000.0,0001467373-21-000229,2019-08-31,,,,,,2019,PaymentsForRepurchaseOfCommonStock,False
1467373,Accenture plc,2915847000.0,0001467373-22-000295,2020-08-31,,,,,,2020,PaymentsForRepurchaseOfCommonStock,False
1467373,Accenture plc,3703124000.0,0001467373-24-000268,2021-08-31,,,,,,2021,PaymentsForRepurchaseOfCommonStock,False
1467373,Accenture plc,4116378000.0,0001467373-24-000278,2022-08-31,,,,,,2022,PaymentsForRepurchaseOfCommonStock,False
1467373,Accenture plc,4330403000.0,0001467373-25-000217,2023-08-31,,,,,,2023,PaymentsForRepurchaseOfCommonStock,False
1467373,Accenture plc,4524646000.0,0001467373-25-000217,2024-08-31,,,,,,2024,PaymentsForRepurchaseOfCommonStock,False
1467373,Accenture plc,4619497000.0,0001467373-25-000217,2025-08-31,,,,,,2025,PaymentsForRepurchaseOfCommonStock,False
1467858,GENERAL MOTORS COMPANY,3520000000.0,0001467858-18-000022,2015-12-31,,,,,,2015,PaymentsForRepurchaseOfCommonStock,False
1467858,GENERAL MOTORS COMPANY,2500000000.0,0001467858-19-000033,2016-12-31,,,,,,2016,PaymentsForRepurchaseOfCommonStock,False
1467858,GENERAL MOTORS COMPANY,4492000000.0,0001467858-20-000028,2017-12-31,,,,,,2017,PaymentsForRepurchaseOfCommonStock,False
1467858,GENERAL MOTORS COMPANY,190000000.0,0001467858-20-000028,2018-12-31,,,,,,2018,PaymentsForRepurchaseOfCommonStock,False
1467858,GENERAL MOTORS COMPANY,0.0,0001467858-20-000028,2019-12-31,,,,,,2019,PaymentsForRepurchaseOfCommonStock,False
1467858,GENERAL MOTORS COMPANY,90000000.0,0001467858-23-000029,2020-12-31,,,,,,2020,PaymentsForRepurchaseOfCommonStock,False
1467858,GENERAL MOTORS COMPANY,0.0,0001467858-24-000031,2021-12-31,,,,,,2021,PaymentsForRepurchaseOfCommonStock,False
1467858,GENERAL MOTORS COMPANY,2500000000.0,0001467858-25-000032,2022-12-31,,,,,,2022,PaymentsForRepurchaseOfCommonStock,False
1467858,GENERAL MOTORS COMPANY,11115000000.0,0001467858-26-000013,2023-12-31,,,,,,2023,PaymentsForRepurchaseOfCommonStock,False
1467858,GENERAL MOTORS COMPANY,7064000000.0,0001467858-26-000013,2024-12-31,,,,,,2024,PaymentsForRepurchaseOfCommonStock,False
1467858,GENERAL MOTORS COMPANY,6012000000.0,0001467858-26-000013,2025-12-31,,,,,,2025,PaymentsForRepurchaseOfCommonStock,False
1474735,GENERAC HOLDINGS INC.,99942000.0,0001437749-18-003334,2015-12-31,,,,,,2015,PaymentsForRepurchaseOfCommonStock,False
1474735,GENERAC HOLDINGS INC.,149937000.0,0001437749-19-003397,2016-12-31,,,,,,2016,PaymentsForRepurchaseOfCommonStock,False
1474735,GENERAC HOLDINGS INC.,30012000.0,0001437749-20-003516,2017-12-31,,,,,,2017,PaymentsForRepurchaseOfCommonStock,False
1474735,GENERAC HOLDINGS INC.,25656000.0,0001437749-21-003793,2018-12-31,,,,,,2018,PaymentsForRepurchaseOfCommonStock,False
1474735,GENERAC HOLDINGS INC.,0.0,0001437749-22-004080,2019-12-31,,,,,,2019,PaymentsForRepurchaseOfCommonStock,False
1474735,GENERAC HOLDINGS INC.,0.0,0001437749-23-004153,2020-12-31,,,,,,2020,PaymentsForRepurchaseOfCommonStock,False
1474735,GENERAC HOLDINGS INC.,125992000.0,0001437749-24-005040,2021-12-31,,,,,,2021,PaymentsForRepurchaseOfCommonStock,False
1474735,GENERAC HOLDINGS INC.,345840000.0,0001437749-25-004353,2022-12-31,,,,,,2022,PaymentsForRepurchaseOfCommonStock,False
1474735,GENERAC HOLDINGS INC.,251513000.0,0001437749-26-004568,2023-12-31,,,,,,2023,PaymentsForRepurchaseOfCommonStock,False
1474735,GENERAC HOLDINGS INC.,152743000.0,0001437749-26-004568,2024-12-31,,,,,,2024,PaymentsForRepurchaseOfCommonStock,False
1474735,GENERAC HOLDINGS INC.,147917000.0,0001437749-26-004568,2025-12-31,,,,,,2025,PaymentsForRepurchaseOfCommonStock,False
1478242,IQVIA HOLDINGS INC.,515000000.0,0001564590-18-002340,2015-12-31,,,,,,2015,PaymentsForRepurchaseOfCommonStock,False
1478242,IQVIA HOLDINGS INC.,1097000000.0,0001564590-19-003180,2016-12-31,,,,,,2016,PaymentsForRepurchaseOfCommonStock,False
1478242,IQVIA HOLDINGS INC.,2620000000.0,0001564590-20-004901,2017-12-31,,,,,,2017,PaymentsForRepurchaseOfCommonStock,False
1478242,IQVIA HOLDINGS INC.,1405000000.0,0001478242-21-000020,2018-12-31,,,,,,2018,PaymentsForRepurchaseOfCommonStock,False
1478242,IQVIA HOLDINGS INC.,949000000.0,0001478242-22-000041,2019-12-31,,,,,,2019,PaymentsForRepurchaseOfCommonStock,False
1478242,IQVIA HOLDINGS INC.,447000000.0,0001478242-23-000044,2020-12-31,,,,,,2020,PaymentsForRepurchaseOfCommonStock,False
1478242,IQVIA HOLDINGS INC.,406000000.0,0001478242-24-000038,2021-12-31,,,,,,2021,PaymentsForRepurchaseOfCommonStock,False
1478242,IQVIA HOLDINGS INC.,1168000000.0,0001478242-25-000045,2022-12-31,,,,,,2022,PaymentsForRepurchaseOfCommonStock,False
1478242,IQVIA HOLDINGS INC.,992000000.0,0001628280-26-008322,2023-12-31,,,,,,2023,PaymentsForRepurchaseOfCommonStock,False
1478242,IQVIA HOLDINGS INC.,1350000000.0,0001628280-26-008322,2024-12-31,,,,,,2024,PaymentsForRepurchaseOfCommonStock,False
1478242,IQVIA HOLDINGS INC.,1244000000.0,0001628280-26-008322,2025-12-31,,,,,,2025,PaymentsForRepurchaseOfCommonStock,False
1489393,LYONDELLBASELL INDUSTRIES N.V.,4656000000.0,0001193125-18-054181,2015-12-31,,,,,,2015,PaymentsForRepurchaseOfCommonStock,False
1489393,LYONDELLBASELL INDUSTRIES N.V.,2938000000.0,0001489393-19-000011,2016-12-31,,,,,,2016,PaymentsForRepurchaseOfCommonStock,False
1489393,LYONDELLBASELL INDUSTRIES N.V.,866000000.0,0001489393-20-000009,2017-12-31,,,,,,2017,PaymentsForRepurchaseOfCommonStock,False
1489393,LYONDELLBASELL INDUSTRIES N.V.,1854000000.0,0001489393-21-000007,2018-12-31,,,,,,2018,PaymentsForRepurchaseOfCommonStock,False
1489393,LyondellBasell Industries N.V.,3752000000.0,0001489393-22-000009,2019-12-31,,,,,,2019,PaymentsForRepurchaseOfCommonStock,False
1489393,LYONDELLBASELL INDUSTRIES N.V.,4000000.0,0001489393-23-000028,2020-12-31,,,,,,2020,PaymentsForRepurchaseOfCommonStock,False
1489393,LyondellBasell Industries N.V.,463000000.0,0001489393-24-000012,2021-12-31,,,,,,2021,PaymentsForRepurchaseOfCommonStock,False
1489393,LyondellBasell Industries N.V.,420000000.0,0001489393-25-000008,2022-12-31,,,,,,2022,PaymentsForRepurchaseOfCommonStock,False
1489393,LyondellBasell Industries N.V.,211000000.0,0001489393-26-000012,2023-12-31,,,,,,2023,PaymentsForRepurchaseOfCommonStock,False
1489393,LyondellBasell Industries N.V.,195000000.0,0001489393-26-000012,2024-12-31,,,,,,2024,PaymentsForRepurchaseOfCommonStock,False
1489393,LyondellBasell Industries N.V.,201000000.0,0001489393-26-000012,2025-12-31,,,,,,2025,PaymentsForRepurchaseOfCommonStock,False
1501585,"HUNTINGTON INGALLS INDUSTRIES, INC.",232000000.0,0001501585-18-000006,2015-12-31,,,,,,2015,PaymentsForRepurchaseOfCommonStock,False
1501585,"HUNTINGTON INGALLS INDUSTRIES, INC.",194000000.0,0001501585-19-000005,2016-12-31,,,,,,2016,PaymentsForRepurchaseOfCommonStock,False
1501585,"HUNTINGTON INGALLS INDUSTRIES, INC.",286000000.0,0001501585-20-000011,2017-12-31,,,,,,2017,PaymentsForRepurchaseOfCommonStock,False
1501585,"HUNTINGTON INGALLS INDUSTRIES, INC.",742000000.0,0001501585-21-000008,2018-12-31,,,,,,2018,PaymentsForRepurchaseOfCommonStock,False
1501585,"HUNTINGTON INGALLS INDUSTRIES, INC.",262000000.0,0001501585-22-000007,2019-12-31,,,,,,2019,PaymentsForRepurchaseOfCommonStock,False
1501585,"HUNTINGTON INGALLS INDUSTRIES, INC.",84000000.0,0001501585-23-000010,2020-12-31,,,,,,2020,PaymentsForRepurchaseOfCommonStock,False
1501585,"HUNTINGTON INGALLS INDUSTRIES, INC.",101000000.0,0001501585-24-000007,2021-12-31,,,,,,2021,PaymentsForRepurchaseOfCommonStock,False
1501585,"HUNTINGTON INGALLS INDUSTRIES, INC.",52000000.0,0001501585-25-000006,2022-12-31,,,,,,2022,PaymentsForRepurchaseOfCommonStock,False
1501585,"HUNTINGTON INGALLS INDUSTRIES, INC.",75000000.0,0001501585-26-000006,2023-12-31,,,,,,2023,PaymentsForRepurchaseOfCommonStock,False
1501585,"HUNTINGTON INGALLS INDUSTRIES, INC.",162000000.0,0001501585-26-000006,2024-12-31,,,,,,2024,PaymentsForRepurchaseOfCommonStock,False
1506307,"KINDER MORGAN, INC.",0.0,0001506307-19-000033,2016-12-31,,,,,,2016,PaymentsForRepurchaseOfCommonStock,False
1506307,"KINDER MORGAN, INC.",250000000.0,0001506307-20-000022,2017-12-31,,,,,,2017,PaymentsForRepurchaseOfCommonStock,False
1506307,"KINDER MORGAN, INC.",273000000.0,0001506307-21-000022,2018-12-31,,,,,,2018,PaymentsForRepurchaseOfCommonStock,False
1506307,"Kinder Morgan, Inc.",2000000.0,0001506307-22-000018,2019-12-31,,,,,,2019,PaymentsForRepurchaseOfCommonStock,False
1506307,"Kinder Morgan, Inc.",50000000.0,0001506307-23-000023,2020-12-31,,,,,,2020,PaymentsForRepurchaseOfCommonStock,False
1506307,"Kinder Morgan, Inc.",0.0,0001506307-24-000011,2021-12-31,,,,,,2021,PaymentsForRepurchaseOfCommonStock,False
1506307,"Kinder Morgan, Inc.",368000000.0,0001506307-25-000008,2022-12-31,,,,,,2022,PaymentsForRepurchaseOfCommonStock,False
1506307,"Kinder Morgan, Inc.",522000000.0,0001506307-26-000011,2023-12-31,,,,,,2023,PaymentsForRepurchaseOfCommonStock,False
1506307,"Kinder Morgan, Inc.",7000000.0,0001506307-26-000011,2024-12-31,,,,,,2024,PaymentsForRepurchaseOfCommonStock,False
1506307,"Kinder Morgan, Inc.",0.0,0001506307-26-000011,2025-12-31,,,,,,2025,PaymentsForRepurchaseOfCommonStock,False
1510295,Marathon Petroleum Corporation,965000000.0,0001510295-18-000024,2015-12-31,,,,,,2015,PaymentsForRepurchaseOfCommonStock,False
1510295,Marathon Petroleum Corporation,197000000.0,0001510295-19-000014,2016-12-31,,,,,,2016,PaymentsForRepurchaseOfCommonStock,False
1510295,Marathon Petroleum Corporation,2372000000.0,0001510295-20-000006,2017-12-31,,,,,,2017,PaymentsForRepurchaseOfCommonStock,False
1510295,Marathon Petroleum Corporation,3287000000.0,0001510295-21-000027,2018-12-31,,,,,,2018,PaymentsForRepurchaseOfCommonStock,False
1510295,Marathon Petroleum Corporation,1950000000.0,0001510295-22-000011,2019-12-31,,,,,,2019,PaymentsForRepurchaseOfCommonStock,False
1510295,Marathon Petroleum Corporation,0.0,0001510295-23-000012,2020-12-31,,,,,,2020,PaymentsForRepurchaseOfCommonStock,False
1510295,Marathon Petroleum Corporation,4654000000.0,0001510295-24-000015,2021-12-31,,,,,,2021,PaymentsForRepurchaseOfCommonStock,False
1510295,Marathon Petroleum Corporation,11922000000.0,0001510295-25-000012,2022-12-31,,,,,,2022,PaymentsForRepurchaseOfCommonStock,False
1510295,Marathon Petroleum Corporation,11572000000.0,0001510295-26-000009,2023-12-31,,,,,,2023,PaymentsForRepurchaseOfCommonStock,False
1510295,Marathon Petroleum Corporation,9189000000.0,0001510295-26-000009,2024-12-31,,,,,,2024,PaymentsForRepurchaseOfCommonStock,False
1510295,Marathon Petroleum Corporation,3488000000.0,0001510295-26-000009,2025-12-31,,,,,,2025,PaymentsForRepurchaseOfCommonStock,False
1512673,"BLOCK, INC.",0.0,0001628280-24-006354,2021-12-31,,,,,,2021,PaymentsForRepurchaseOfCommonStock,False
1512673,"BLOCK, INC.",0.0,0001628280-25-007376,2022-12-31,,,,,,2022,PaymentsForRepurchaseOfCommonStock,False
1512673,"BLOCK, INC.",156812000.0,0001628280-26-012254,2023-12-31,,,,,,2023,PaymentsForRepurchaseOfCommonStock,False
1512673,"BLOCK, INC.",1170339000.0,0001628280-26-012254,2024-12-31,,,,,,2024,PaymentsForRepurchaseOfCommonStock,False
1512673,"BLOCK, INC.",2330661000.0,0001628280-26-012254,2025-12-31,,,,,,2025,PaymentsForRepurchaseOfCommonStock,False
1513761,NORWEGIAN CRUISE LINE HOLDINGS LTD.,107256000.0,0001144204-18-011097,2015-12-31,,,,,,2015,PaymentsForRepurchaseOfCommonStock,False
1513761,NORWEGIAN CRUISE LINE HOLDINGS LTD.,49999000.0,0001144204-19-010508,2016-12-31,,,,,,2016,PaymentsForRepurchaseOfCommonStock,False
1513761,NORWEGIAN CRUISE LINE HOLDINGS LTD.,664811000.0,0001558370-21-001998,2018-12-31,,,,,,2018,PaymentsForRepurchaseOfCommonStock,False
1513761,NORWEGIAN CRUISE LINE HOLDINGS LTD.,349860000.0,0001558370-22-002516,2019-12-31,,,,,,2019,PaymentsForRepurchaseOfCommonStock,False
1521332,APTIV PLC,1159000000.0,0001521332-18-000013,2015-12-31,,,,,,2015,PaymentsForRepurchaseOfCommonStock,False
1521332,APTIV PLC,634000000.0,0001521332-19-000007,2016-12-31,,,,,,2016,PaymentsForRepurchaseOfCommonStock,False
1521332,APTIV PLC,383000000.0,0001521332-20-000012,2017-12-31,,,,,,2017,PaymentsForRepurchaseOfCommonStock,False
1521332,APTIV PLC,499000000.0,0001521332-21-000009,2018-12-31,,,,,,2018,PaymentsForRepurchaseOfCommonStock,False
1521332,APTIV PLC,420000000.0,0001521332-22-000010,2019-12-31,,,,,,2019,PaymentsForRepurchaseOfCommonStock,False
1521332,APTIV PLC,57000000.0,0001521332-23-000013,2020-12-31,,,,,,2020,PaymentsForRepurchaseOfCommonStock,False
1521332,APTIV PLC,0.0,0001521332-24-000011,2021-12-31,,,,,,2021,PaymentsForRepurchaseOfCommonStock,False
1521332,APTIV PLC,0.0,0001521332-25-000010,2022-12-31,,,,,,2022,PaymentsForRepurchaseOfCommonStock,False
1521332,APTIV PLC,398000000.0,0001521332-26-000009,2023-12-31,,,,,,2023,PaymentsForRepurchaseOfCommonStock,False
1521332,APTIV PLC,4104000000.0,0001521332-26-000009,2024-12-31,,,,,,2024,PaymentsForRepurchaseOfCommonStock,False
1521332,APTIV PLC,397000000.0,0001521332-26-000009,2025-12-31,,,,,,2025,PaymentsForRepurchaseOfCommonStock,False
1524472,Xylem Inc.,179000000.0,0001524472-18-000006,2015-12-31,,,,,,2015,PaymentsForRepurchaseOfCommonStock,False
1524472,Xylem Inc.,4000000.0,0001524472-19-000009,2016-12-31,,,,,,2016,PaymentsForRepurchaseOfCommonStock,False
1524472,Xylem Inc.,25000000.0,0001524472-20-000006,2017-12-31,,,,,,2017,PaymentsForRepurchaseOfCommonStock,False
1524472,Xylem Inc.,59000000.0,0001524472-21-000008,2018-12-31,,,,,,2018,PaymentsForRepurchaseOfCommonStock,False
1524472,Xylem Inc.,40000000.0,0001524472-22-000009,2019-12-31,,,,,,2019,PaymentsForRepurchaseOfCommonStock,False
1524472,Xylem Inc.,61000000.0,0001524472-23-000009,2020-12-31,,,,,,2020,PaymentsForRepurchaseOfCommonStock,False
1524472,Xylem Inc.,68000000.0,0001524472-24-000006,2021-12-31,,,,,,2021,PaymentsForRepurchaseOfCommonStock,False
1524472,Xylem Inc.,52000000.0,0001524472-25-000013,2022-12-31,,,,,,2022,PaymentsForRepurchaseOfCommonStock,False
1524472,Xylem Inc.,25000000.0,0001524472-26-000012,2023-12-31,,,,,,2023,PaymentsForRepurchaseOfCommonStock,False
1524472,Xylem Inc.,20000000.0,0001524472-26-000012,2024-12-31,,,,,,2024,PaymentsForRepurchaseOfCommonStock,False
1524472,Xylem Inc.,15000000.0,0001524472-26-000012,2025-12-31,,,,,,2025,PaymentsForRepurchaseOfCommonStock,False
1534701,Phillips 66,1512000000.0,0001534701-18-000065,2015-12-31,,,,,,2015,PaymentsForRepurchaseOfCommonStock,False
1534701,Phillips 66,1042000000.0,0001534701-19-000063,2016-12-31,,,,,,2016,PaymentsForRepurchaseOfCommonStock,False
1534701,Phillips 66,1590000000.0,0001534701-20-000070,2017-12-31,,,,,,2017,PaymentsForRepurchaseOfCommonStock,False
1534701,Phillips 66,4645000000.0,0001534701-21-000074,2018-12-31,,,,,,2018,PaymentsForRepurchaseOfCommonStock,False
1534701,Phillips 66,1650000000.0,0001534701-22-000078,2019-12-31,,,,,,2019,PaymentsForRepurchaseOfCommonStock,False
1534701,Phillips 66,443000000.0,0001534701-23-000053,2020-12-31,,,,,,2020,PaymentsForRepurchaseOfCommonStock,False
1534701,Phillips 66,0.0,0001534701-24-000078,2021-12-31,,,,,,2021,PaymentsForRepurchaseOfCommonStock,False
1534701,Phillips 66,1513000000.0,0001534701-25-000074,2022-12-31,,,,,,2022,PaymentsForRepurchaseOfCommonStock,False
1534701,Phillips 66,4014000000.0,0001534701-26-000006,2023-12-31,,,,,,2023,PaymentsForRepurchaseOfCommonStock,False
1534701,Phillips 66,3451000000.0,0001534701-26-000006,2024-12-31,,,,,,2024,PaymentsForRepurchaseOfCommonStock,False
1534701,Phillips 66,1207000000.0,0001534701-26-000006,2025-12-31,,,,,,2025,PaymentsForRepurchaseOfCommonStock,False
1535527,"CROWDSTRIKE HOLDINGS, INC.",0.0,0001535527-20-000006,2018-01-31,,,,,,2017,PaymentsForRepurchaseOfCommonStock,False
1535527,"CROWDSTRIKE HOLDINGS, INC.",2330000.0,0001535527-21-000007,2019-01-31,,,,,,2018,PaymentsForRepurchaseOfCommonStock,False
1535527,"CROWDSTRIKE HOLDINGS, INC.",0.0,0001535527-21-000007,2020-01-31,,,,,,2019,PaymentsForRepurchaseOfCommonStock,False
1535527,"CROWDSTRIKE HOLDINGS, INC.",0.0,0001535527-21-000007,2021-01-31,,,,,,2020,PaymentsForRepurchaseOfCommonStock,False
1539838,"DIAMONDBACK ENERGY, INC.",0.0,0001539838-20-000021,2017-12-31,,,,,,2017,PaymentsForRepurchaseOfCommonStock,False
1539838,"DIAMONDBACK ENERGY, INC.",0.0,0001539838-21-000015,2018-12-31,,,,,,2018,PaymentsForRepurchaseOfCommonStock,False
1539838,"Diamondback Energy, Inc.",593000000.0,0001539838-22-000008,2019-12-31,,,,,,2019,PaymentsForRepurchaseOfCommonStock,False
1539838,"Diamondback Energy, Inc.",98000000.0,0001539838-23-000022,2020-12-31,,,,,,2020,PaymentsForRepurchaseOfCommonStock,False
1539838,"Diamondback Energy, Inc.",431000000.0,0001539838-24-000019,2021-12-31,,,,,,2021,PaymentsForRepurchaseOfCommonStock,False
1539838,"Diamondback Energy, Inc.",1098000000.0,0001539838-25-000021,2022-12-31,,,,,,2022,PaymentsForRepurchaseOfCommonStock,False
1539838,"Diamondback Energy, Inc.",840000000.0,0001539838-25-000021,2023-12-31,,,,,,2023,PaymentsForRepurchaseOfCommonStock,False
1539838,"Diamondback Energy, Inc.",959000000.0,0001539838-25-000021,2024-12-31,,,,,,2024,PaymentsForRepurchaseOfCommonStock,False
1543151,"UBER TECHNOLOGIES, INC.",0.0,0001543151-25-000008,2022-12-31,,,,,,2022,PaymentsForRepurchaseOfCommonStock,False
1543151,"UBER TECHNOLOGIES, INC.",0.0,0001543151-26-000015,2023-12-31,,,,,,2023,PaymentsForRepurchaseOfCommonStock,False
1543151,"UBER TECHNOLOGIES, INC.",1252000000.0,0001543151-26-000015,2024-12-31,,,,,,2024,PaymentsForRepurchaseOfCommonStock,False
1543151,"UBER TECHNOLOGIES, INC.",6523000000.0,0001543151-26-000015,2025-12-31,,,,,,2025,PaymentsForRepurchaseOfCommonStock,False
1551152,ABBVIE INC.,7586000000.0,0001551152-18-000014,2015-12-31,,,,,,2015,PaymentsForRepurchaseOfCommonStock,False
1551152,ABBVIE INC.,6033000000.0,0001551152-19-000008,2016-12-31,,,,,,2016,PaymentsForRepurchaseOfCommonStock,False
1551152,ABBVIE INC.,1410000000.0,0001551152-20-000007,2017-12-31,,,,,,2017,PaymentsForRepurchaseOfCommonStock,False
1551152,ABBVIE INC.,12014000000.0,0001551152-21-000008,2018-12-31,,,,,,2018,PaymentsForRepurchaseOfCommonStock,False
1551152,AbbVie Inc.,629000000.0,0001551152-22-000007,2019-12-31,,,,,,2019,PaymentsForRepurchaseOfCommonStock,False
1551152,AbbVie Inc.,978000000.0,0001551152-23-000011,2020-12-31,,,,,,2020,PaymentsForRepurchaseOfCommonStock,False
1551152,AbbVie Inc.,934000000.0,0001551152-24-000011,2021-12-31,,,,,,2021,PaymentsForRepurchaseOfCommonStock,False
1551152,AbbVie Inc.,1487000000.0,0001551152-25-000020,2022-12-31,,,,,,2022,PaymentsForRepurchaseOfCommonStock,False
1551152,AbbVie Inc.,1972000000.0,0001551152-26-000008,2023-12-31,,,,,,2023,PaymentsForRepurchaseOfCommonStock,False
1551152,AbbVie Inc.,1708000000.0,0001551152-26-000008,2024-12-31,,,,,,2024,PaymentsForRepurchaseOfCommonStock,False
1551152,AbbVie Inc.,980000000.0,0001551152-26-000008,2025-12-31,,,,,,2025,PaymentsForRepurchaseOfCommonStock,False
1551182,EATON CORPORATION plc,682000000.0,0001551182-18-000074,2015-12-31,,,,,,2015,PaymentsForRepurchaseOfCommonStock,False
1551182,EATON CORPORATION plc,730000000.0,0001551182-19-000045,2016-12-31,,,,,,2016,PaymentsForRepurchaseOfCommonStock,False
1551182,EATON CORPORATION plc,850000000.0,0001551182-20-000050,2017-12-31,,,,,,2017,PaymentsForRepurchaseOfCommonStock,False
1551182,EATON CORPORATION plc,1271000000.0,0001551182-21-000022,2018-12-31,,,,,,2018,PaymentsForRepurchaseOfCommonStock,False
1551182,EATON CORPORATION plc,1029000000.0,0001551182-22-000004,2019-12-31,,,,,,2019,PaymentsForRepurchaseOfCommonStock,False
1551182,EATON CORPORATION plc,1608000000.0,0001551182-23-000004,2020-12-31,,,,,,2020,PaymentsForRepurchaseOfCommonStock,False
1551182,EATON CORPORATION plc,122000000.0,0001551182-24-000006,2021-12-31,,,,,,2021,PaymentsForRepurchaseOfCommonStock,False
1551182,EATON CORPORATION plc,286000000.0,0001551182-25-000006,2022-12-31,,,,,,2022,PaymentsForRepurchaseOfCommonStock,False
1551182,EATON CORPORATION plc,0.0,0001551182-26-000007,2023-12-31,,,,,,2023,PaymentsForRepurchaseOfCommonStock,False
1551182,EATON CORPORATION plc,2492000000.0,0001551182-26-000007,2024-12-31,,,,,,2024,PaymentsForRepurchaseOfCommonStock,False
1551182,EATON CORPORATION plc,1862000000.0,0001551182-26-000007,2025-12-31,,,,,,2025,PaymentsForRepurchaseOfCommonStock,False
1555280,Zoetis Inc.,203000000.0,0001555280-18-000053,2015-12-31,,,,,,2015,PaymentsForRepurchaseOfCommonStock,False
1555280,Zoetis Inc.,300000000.0,0001555280-19-000041,2016-12-31,,,,,,2016,PaymentsForRepurchaseOfCommonStock,False
1555280,Zoetis Inc.,500000000.0,0001555280-20-000054,2017-12-31,,,,,,2017,PaymentsForRepurchaseOfCommonStock,False
1555280,Zoetis Inc.,698000000.0,0001555280-21-000098,2018-12-31,,,,,,2018,PaymentsForRepurchaseOfCommonStock,False
1555280,Zoetis Inc.,626000000.0,0001555280-22-000078,2019-12-31,,,,,,2019,PaymentsForRepurchaseOfCommonStock,False
1555280,Zoetis Inc.,250000000.0,0001555280-23-000074,2020-12-31,,,,,,2020,PaymentsForRepurchaseOfCommonStock,False
1555280,Zoetis Inc.,743000000.0,0001555280-24-000143,2021-12-31,,,,,,2021,PaymentsForRepurchaseOfCommonStock,False
1555280,Zoetis Inc.,1594000000.0,0001555280-25-000102,2022-12-31,,,,,,2022,PaymentsForRepurchaseOfCommonStock,False
1555280,Zoetis Inc.,1092000000.0,0001555280-26-000011,2023-12-31,,,,,,2023,PaymentsForRepurchaseOfCommonStock,False
1555280,Zoetis Inc.,1858000000.0,0001555280-26-000011,2024-12-31,,,,,,2024,PaymentsForRepurchaseOfCommonStock,False
1555280,Zoetis Inc.,3235000000.0,0001555280-26-000011,2025-12-31,,,,,,2025,PaymentsForRepurchaseOfCommonStock,False
1559720,"Airbnb, Inc.",0.0,0001559720-23-000003,2020-12-31,,,,,,2020,PaymentsForRepurchaseOfCommonStock,False
1559720,"Airbnb, Inc.",0.0,0001559720-24-000006,2021-12-31,,,,,,2021,PaymentsForRepurchaseOfCommonStock,False
1559720,"Airbnb, Inc.",1500000000.0,0001559720-25-000010,2022-12-31,,,,,,2022,PaymentsForRepurchaseOfCommonStock,False
1559720,"Airbnb, Inc.",2252000000.0,0001559720-26-000004,2023-12-31,,,,,,2023,PaymentsForRepurchaseOfCommonStock,False
1559720,"Airbnb, Inc.",3430000000.0,0001559720-26-000004,2024-12-31,,,,,,2024,PaymentsForRepurchaseOfCommonStock,False
1559720,"Airbnb, Inc.",3789000000.0,0001559720-26-000004,2025-12-31,,,,,,2025,PaymentsForRepurchaseOfCommonStock,False
1564708,NEWS CORPORATION,0.0,0001564708-22-000265,2020-06-30,,,,,,2020,PaymentsForRepurchaseOfCommonStock,False
1564708,NEWS CORPORATION,0.0,0001564708-23-000368,2021-06-30,,,,,,2021,PaymentsForRepurchaseOfCommonStock,False
1564708,NEWS CORPORATION,179000000.0,0001564708-25-000266,2022-06-30,,,,,,2022,PaymentsForRepurchaseOfCommonStock,False
1564708,NEWS CORPORATION,243000000.0,0001564708-25-000419,2023-06-30,,,,,,2023,PaymentsForRepurchaseOfCommonStock,False
1564708,NEWS CORPORATION,117000000.0,0001564708-26-000175,2024-06-30,,,,,,2024,PaymentsForRepurchaseOfCommonStock,False
1564708,NEWS CORPORATION,150000000.0,0001564708-26-000175,2025-06-30,,,,,,2025,PaymentsForRepurchaseOfCommonStock,False
1564708,NEWS CORPORATION,641000000.0,0001564708-26-000175,2026-06-30,,,,,,2026,PaymentsForRepurchaseOfCommonStock,False
1571949,"INTERCONTINENTAL EXCHANGE, INC.",660000000.0,0001571949-18-000003,2015-12-31,,,,,,2015,PaymentsForRepurchaseOfCommonStock,False
1571949,"INTERCONTINENTAL EXCHANGE, INC.",50000000.0,0001571949-19-000003,2016-12-31,,,,,,2016,PaymentsForRepurchaseOfCommonStock,False
1571949,"INTERCONTINENTAL EXCHANGE, INC.",949000000.0,0001571949-20-000003,2017-12-31,,,,,,2017,PaymentsForRepurchaseOfCommonStock,False
1571949,"INTERCONTINENTAL EXCHANGE, INC.",1198000000.0,0001571949-21-000003,2018-12-31,,,,,,2018,PaymentsForRepurchaseOfCommonStock,False
1571949,"INTERCONTINENTAL EXCHANGE, INC.",1460000000.0,0001571949-22-000006,2019-12-31,,,,,,2019,PaymentsForRepurchaseOfCommonStock,False
1571949,"INTERCONTINENTAL EXCHANGE, INC.",1247000000.0,0001571949-23-000006,2020-12-31,,,,,,2020,PaymentsForRepurchaseOfCommonStock,False
1571949,"INTERCONTINENTAL EXCHANGE, INC.",250000000.0,0001571949-24-000007,2021-12-31,,,,,,2021,PaymentsForRepurchaseOfCommonStock,False
1571949,"INTERCONTINENTAL EXCHANGE, INC.",632000000.0,0001571949-25-000003,2022-12-31,,,,,,2022,PaymentsForRepurchaseOfCommonStock,False
1571949,"INTERCONTINENTAL EXCHANGE, INC.",0.0,0001571949-26-000004,2023-12-31,,,,,,2023,PaymentsForRepurchaseOfCommonStock,False
1571949,"INTERCONTINENTAL EXCHANGE, INC.",0.0,0001571949-26-000004,2024-12-31,,,,,,2024,PaymentsForRepurchaseOfCommonStock,False
1571949,"INTERCONTINENTAL EXCHANGE, INC.",1294000000.0,0001571949-26-000004,2025-12-31,,,,,,2025,PaymentsForRepurchaseOfCommonStock,False
1571996,Dell Technologies Inc.,611000000.0,0001571996-19-000008,2017-02-03,,,,,,2016,PaymentsForRepurchaseOfCommonStock,False
1571996,Dell Technologies Inc.,724000000.0,0001571996-19-000008,2018-02-02,,,,,,2017,PaymentsForRepurchaseOfCommonStock,False
1571996,Dell Technologies Inc.,14075000000.0,0001571996-21-000007,2019-02-01,,,,,,2018,PaymentsForRepurchaseOfCommonStock,False
1571996,Dell Technologies Inc.,8000000.0,0001571996-22-000009,2020-01-31,,,,,,2019,PaymentsForRepurchaseOfCommonStock,False
1571996,Dell Technologies Inc.,241000000.0,0001571996-23-000007,2021-01-29,,,,,,2020,PaymentsForRepurchaseOfCommonStock,False
1571996,Dell Technologies Inc.,1496000000.0,0001571996-24-000036,2022-01-28,,,,,,2021,PaymentsForRepurchaseOfCommonStock,False
1571996,Dell Technologies Inc.,2883000000.0,0001571996-25-000034,2023-02-03,,,,,,2022,PaymentsForRepurchaseOfCommonStock,False
1571996,Dell Technologies Inc.,2080000000.0,0001571996-26-000008,2024-02-02,,,,,,2023,PaymentsForRepurchaseOfCommonStock,False
1571996,Dell Technologies Inc.,2588000000.0,0001571996-26-000008,2025-01-31,,,,,,2024,PaymentsForRepurchaseOfCommonStock,False
1571996,Dell Technologies Inc.,6014000000.0,0001571996-26-000008,2026-01-30,,,,,,2025,PaymentsForRepurchaseOfCommonStock,False
1579241,Allegion plc,30000000.0,0001579241-18-000007,2015-12-31,,,,,,2015,PaymentsForRepurchaseOfCommonStock,False
1579241,Allegion plc,85100000.0,0001579241-19-000006,2016-12-31,,,,,,2016,PaymentsForRepurchaseOfCommonStock,False
1579241,Allegion plc,60000000.0,0001579241-20-000013,2017-12-31,,,,,,2017,PaymentsForRepurchaseOfCommonStock,False
1579241,Allegion plc,67300000.0,0001579241-21-000020,2018-12-31,,,,,,2018,PaymentsForRepurchaseOfCommonStock,False
1579241,Allegion plc,226000000.0,0001579241-22-000019,2019-12-31,,,,,,2019,PaymentsForRepurchaseOfCommonStock,False
1579241,Allegion plc,208800000.0,0001579241-23-000006,2020-12-31,,,,,,2020,PaymentsForRepurchaseOfCommonStock,False
1579241,Allegion plc,412800000.0,0001579241-24-000006,2021-12-31,,,,,,2021,PaymentsForRepurchaseOfCommonStock,False
1579241,Allegion plc,61000000.0,0001579241-25-000008,2022-12-31,,,,,,2022,PaymentsForRepurchaseOfCommonStock,False
1579241,Allegion plc,59900000.0,0001579241-26-000007,2023-12-31,,,,,,2023,PaymentsForRepurchaseOfCommonStock,False
1579241,Allegion plc,220000000.0,0001579241-26-000007,2024-12-31,,,,,,2024,PaymentsForRepurchaseOfCommonStock,False
1579241,Allegion plc,80000000.0,0001579241-26-000007,2025-12-31,,,,,,2025,PaymentsForRepurchaseOfCommonStock,False
1585689,Hilton Worldwide Holdings Inc.,0.0,0001585689-18-000033,2015-12-31,,,,,,2015,PaymentsForRepurchaseOfCommonStock,False
1585689,Hilton Worldwide Holdings Inc.,0.0,0001585689-19-000034,2016-12-31,,,,,,2016,PaymentsForRepurchaseOfCommonStock,False
1585689,Hilton Worldwide Holdings Inc.,891000000.0,0001585689-20-000013,2017-12-31,,,,,,2017,PaymentsForRepurchaseOfCommonStock,False
1585689,Hilton Worldwide Holdings Inc.,1721000000.0,0001585689-21-000016,2018-12-31,,,,,,2018,PaymentsForRepurchaseOfCommonStock,False
1585689,Hilton Worldwide Holdings Inc.,1538000000.0,0001585689-22-000013,2019-12-31,,,,,,2019,PaymentsForRepurchaseOfCommonStock,False
1585689,Hilton Worldwide Holdings Inc.,296000000.0,0001585689-23-000036,2020-12-31,,,,,,2020,PaymentsForRepurchaseOfCommonStock,False
1585689,Hilton Worldwide Holdings Inc.,0.0,0001585689-24-000027,2021-12-31,,,,,,2021,PaymentsForRepurchaseOfCommonStock,False
1585689,Hilton Worldwide Holdings Inc.,1590000000.0,0001585689-25-000008,2022-12-31,,,,,,2022,PaymentsForRepurchaseOfCommonStock,False
1585689,Hilton Worldwide Holdings Inc.,2338000000.0,0001585689-26-000007,2023-12-31,,,,,,2023,PaymentsForRepurchaseOfCommonStock,False
1585689,Hilton Worldwide Holdings Inc.,2893000000.0,0001585689-26-000007,2024-12-31,,,,,,2024,PaymentsForRepurchaseOfCommonStock,False
1585689,Hilton Worldwide Holdings Inc.,3182000000.0,0001585689-26-000007,2025-12-31,,,,,,2025,PaymentsForRepurchaseOfCommonStock,False
1596532,"ARISTA NETWORKS, INC.",0.0,0001596532-20-000024,2017-12-31,,,,,,2017,PaymentsForRepurchaseOfCommonStock,False
1596532,"ARISTA NETWORKS, INC.",0.0,0001596532-21-000049,2018-12-31,,,,,,2018,PaymentsForRepurchaseOfCommonStock,False
1596532,"ARISTA NETWORKS, INC.",266142000.0,0001596532-22-000026,2019-12-31,,,,,,2019,PaymentsForRepurchaseOfCommonStock,False
1596532,"ARISTA NETWORKS, INC.",395173000.0,0001596532-23-000016,2020-12-31,,,,,,2020,PaymentsForRepurchaseOfCommonStock,False
1596532,"ARISTA NETWORKS, INC.",411645000.0,0001596532-24-000043,2021-12-31,,,,,,2021,PaymentsForRepurchaseOfCommonStock,False
1596532,"ARISTA NETWORKS, INC.",670287000.0,0001596532-25-000028,2022-12-31,,,,,,2022,PaymentsForRepurchaseOfCommonStock,False
1596532,"ARISTA NETWORKS, INC.",112300000.0,0001596532-26-000013,2023-12-31,,,,,,2023,PaymentsForRepurchaseOfCommonStock,False
1596532,"ARISTA NETWORKS, INC.",423600000.0,0001596532-26-000013,2024-12-31,,,,,,2024,PaymentsForRepurchaseOfCommonStock,False
1596532,"ARISTA NETWORKS, INC.",1603100000.0,0001596532-26-000013,2025-12-31,,,,,,2025,PaymentsForRepurchaseOfCommonStock,False
1601046,"KEYSIGHT TECHNOLOGIES, INC.",0.0,0001601046-17-000033,2015-10-31,,,,,,2015,PaymentsForRepurchaseOfCommonStock,False
1601046,"KEYSIGHT TECHNOLOGIES, INC.",62000000.0,0001601046-19-000033,2016-10-31,,,,,,2016,PaymentsForRepurchaseOfCommonStock,False
1601046,"KEYSIGHT TECHNOLOGIES, INC.",0.0,0001601046-19-000110,2017-10-31,,,,,,2017,PaymentsForRepurchaseOfCommonStock,False
1601046,"KEYSIGHT TECHNOLOGIES, INC.",120000000.0,0001601046-20-000154,2018-10-31,,,,,,2018,PaymentsForRepurchaseOfCommonStock,False
1601046,"KEYSIGHT TECHNOLOGIES, INC.",159000000.0,0001601046-21-000197,2019-10-31,,,,,,2019,PaymentsForRepurchaseOfCommonStock,False
1601046,"KEYSIGHT TECHNOLOGIES, INC.",411000000.0,0001601046-22-000161,2020-10-31,,,,,,2020,PaymentsForRepurchaseOfCommonStock,False
1601046,"KEYSIGHT TECHNOLOGIES, INC.",673000000.0,0001601046-23-000134,2021-10-31,,,,,,2021,PaymentsForRepurchaseOfCommonStock,False
1601046,"KEYSIGHT TECHNOLOGIES, INC.",849000000.0,0001601046-24-000159,2022-10-31,,,,,,2022,PaymentsForRepurchaseOfCommonStock,False
1601046,"KEYSIGHT TECHNOLOGIES, INC.",702000000.0,0001601046-25-000127,2023-10-31,,,,,,2023,PaymentsForRepurchaseOfCommonStock,False
1601046,"KEYSIGHT TECHNOLOGIES, INC.",439000000.0,0001601046-25-000127,2024-10-31,,,,,,2024,PaymentsForRepurchaseOfCommonStock,False
1601046,"KEYSIGHT TECHNOLOGIES, INC.",375000000.0,0001601046-25-000127,2025-10-31,,,,,,2025,PaymentsForRepurchaseOfCommonStock,False
1601712,SYNCHRONY FINANCIAL,0.0,0001601712-18-000107,2015-12-31,,,,,,2015,PaymentsForRepurchaseOfCommonStock,False
1601712,SYNCHRONY FINANCIAL,476000000.0,0001601712-19-000053,2016-12-31,,,,,,2016,PaymentsForRepurchaseOfCommonStock,False
1601712,SYNCHRONY FINANCIAL,1497000000.0,0001601712-20-000038,2017-12-31,,,,,,2017,PaymentsForRepurchaseOfCommonStock,False
1601712,SYNCHRONY FINANCIAL,1868000000.0,0001601712-21-000057,2018-12-31,,,,,,2018,PaymentsForRepurchaseOfCommonStock,False
1601712,SYNCHRONY FINANCIAL,3618000000.0,0001601712-22-000053,2019-12-31,,,,,,2019,PaymentsForRepurchaseOfCommonStock,False
1601712,SYNCHRONY FINANCIAL,985000000.0,0001601712-23-000037,2020-12-31,,,,,,2020,PaymentsForRepurchaseOfCommonStock,False
1601712,SYNCHRONY FINANCIAL,2876000000.0,0001601712-24-000047,2021-12-31,,,,,,2021,PaymentsForRepurchaseOfCommonStock,False
1601712,SYNCHRONY FINANCIAL,3320000000.0,0001601712-25-000044,2022-12-31,,,,,,2022,PaymentsForRepurchaseOfCommonStock,False
1601712,SYNCHRONY FINANCIAL,1112000000.0,0001601712-26-000006,2023-12-31,,,,,,2023,PaymentsForRepurchaseOfCommonStock,False
1601712,SYNCHRONY FINANCIAL,1008000000.0,0001601712-26-000006,2024-12-31,,,,,,2024,PaymentsForRepurchaseOfCommonStock,False
1601712,SYNCHRONY FINANCIAL,2941000000.0,0001601712-26-000006,2025-12-31,,,,,,2025,PaymentsForRepurchaseOfCommonStock,False
1609711,GoDaddy Inc.,800000.0,0001609711-18-000035,2015-12-31,,,,,,2015,PaymentsForRepurchaseOfCommonStock,False
1609711,GoDaddy Inc.,18800000.0,0001609711-19-000012,2016-12-31,,,,,,2016,PaymentsForRepurchaseOfCommonStock,False
1609711,GoDaddy Inc.,0.0,0001609711-20-000022,2017-12-31,,,,,,2017,PaymentsForRepurchaseOfCommonStock,False
1609711,GoDaddy Inc.,0.0,0001609711-21-000017,2018-12-31,,,,,,2018,PaymentsForRepurchaseOfCommonStock,False
1609711,GoDaddy Inc.,458600000.0,0001609711-22-000024,2019-12-31,,,,,,2019,PaymentsForRepurchaseOfCommonStock,False
1609711,GoDaddy Inc.,541700000.0,0001609711-23-000031,2020-12-31,,,,,,2020,PaymentsForRepurchaseOfCommonStock,False
1609711,GoDaddy Inc.,526000000.0,0001609711-24-000022,2021-12-31,,,,,,2021,PaymentsForRepurchaseOfCommonStock,False
1609711,GoDaddy Inc.,1294600000.0,0001609711-25-000023,2022-12-31,,,,,,2022,PaymentsForRepurchaseOfCommonStock,False
1609711,GoDaddy Inc.,1270200000.0,0001609711-26-000010,2023-12-31,,,,,,2023,PaymentsForRepurchaseOfCommonStock,False
1609711,GoDaddy Inc.,676500000.0,0001609711-26-000010,2024-12-31,,,,,,2024,PaymentsForRepurchaseOfCommonStock,False
1609711,GoDaddy Inc.,1601900000.0,0001609711-26-000010,2025-12-31,,,,,,2025,PaymentsForRepurchaseOfCommonStock,False
1613103,Medtronic plc,2830000000.0,0001613103-18-000024,2016-04-29,,,,,,2015,PaymentsForRepurchaseOfCommonStock,False
1613103,Medtronic plc,3544000000.0,0001613103-19-000028,2017-04-28,,,,,,2016,PaymentsForRepurchaseOfCommonStock,False
1613103,Medtronic plc,2171000000.0,0001613103-20-000021,2018-04-27,,,,,,2017,PaymentsForRepurchaseOfCommonStock,False
1613103,Medtronic plc,2877000000.0,0001613103-21-000027,2019-04-26,,,,,,2018,PaymentsForRepurchaseOfCommonStock,False
1613103,Medtronic plc,1326000000.0,0001613103-22-000023,2020-04-24,,,,,,2019,PaymentsForRepurchaseOfCommonStock,False
1613103,Medtronic plc,652000000.0,0001613103-23-000040,2021-04-30,,,,,,2020,PaymentsForRepurchaseOfCommonStock,False
1613103,Medtronic plc,2544000000.0,0001613103-24-000072,2022-04-29,,,,,,2021,PaymentsForRepurchaseOfCommonStock,False
1613103,Medtronic plc,645000000.0,0001613103-25-000091,2023-04-28,,,,,,2022,PaymentsForRepurchaseOfCommonStock,False
1613103,Medtronic plc,2138000000.0,0001628280-26-044354,2024-04-26,,,,,,2023,PaymentsForRepurchaseOfCommonStock,False
1613103,Medtronic plc,3235000000.0,0001628280-26-044354,2025-04-25,,,,,,2024,PaymentsForRepurchaseOfCommonStock,False
1613103,Medtronic plc,1035000000.0,0001628280-26-044354,2026-04-24,,,,,,2025,PaymentsForRepurchaseOfCommonStock,False
1633917,"PayPal Holdings, Inc.",0.0,0001633917-18-000029,2015-12-31,,,,,,2015,PaymentsForRepurchaseOfCommonStock,False
1633917,"PayPal Holdings, Inc.",995000000.0,0001633917-19-000200,2016-12-31,,,,,,2016,PaymentsForRepurchaseOfCommonStock,False
1633917,"PayPal Holdings, Inc.",1006000000.0,0001633917-20-000028,2017-12-31,,,,,,2017,PaymentsForRepurchaseOfCommonStock,False
1633917,"PayPal Holdings, Inc.",3520000000.0,0001633917-21-000018,2018-12-31,,,,,,2018,PaymentsForRepurchaseOfCommonStock,False
1633917,"PayPal Holdings, Inc.",1411000000.0,0001633917-22-000027,2019-12-31,,,,,,2019,PaymentsForRepurchaseOfCommonStock,False
1633917,"PayPal Holdings, Inc.",1635000000.0,0001633917-23-000033,2020-12-31,,,,,,2020,PaymentsForRepurchaseOfCommonStock,False
1633917,"PayPal Holdings, Inc.",3373000000.0,0001633917-24-000024,2021-12-31,,,,,,2021,PaymentsForRepurchaseOfCommonStock,False
1633917,"PayPal Holdings, Inc.",4199000000.0,0001633917-25-000019,2022-12-31,,,,,,2022,PaymentsForRepurchaseOfCommonStock,False
1633917,"PayPal Holdings, Inc.",5002000000.0,0001633917-26-000024,2023-12-31,,,,,,2023,PaymentsForRepurchaseOfCommonStock,False
1633917,"PayPal Holdings, Inc.",6047000000.0,0001633917-26-000024,2024-12-31,,,,,,2024,PaymentsForRepurchaseOfCommonStock,False
1633917,"PayPal Holdings, Inc.",6052000000.0,0001633917-26-000024,2025-12-31,,,,,,2025,PaymentsForRepurchaseOfCommonStock,False
1633978,Lumentum Holdings Inc.,0.0,0001628280-21-017799,2019-06-29,,,,,,2018,PaymentsForRepurchaseOfCommonStock,False
1633978,Lumentum Holdings Inc.,200000000.0,0001628280-22-023617,2020-06-27,,,,,,2019,PaymentsForRepurchaseOfCommonStock,False
1633978,Lumentum Holdings Inc.,236000000.0,0001628280-23-030374,2021-07-03,,,,,,2021,PaymentsForRepurchaseOfCommonStock,False
1633978,Lumentum Holdings Inc.,543900000.0,0001628280-24-038024,2022-07-02,,,,,,2022,PaymentsForRepurchaseOfCommonStock,False
1633978,Lumentum Holdings Inc.,175600000.0,0001628280-25-040830,2023-07-01,,,,,,2023,PaymentsForRepurchaseOfCommonStock,False
1633978,Lumentum Holdings Inc.,0.0,0001628280-25-040830,2025-06-28,,,,,,2024,PaymentsForRepurchaseOfCommonStock,False
1637459,Kraft Heinz Co,271000000.0,0001637459-24-000018,2021-12-25,,,,,,2021,PaymentsForRepurchaseOfCommonStock,False
1637459,Kraft Heinz Co,280000000.0,0001637459-25-000011,2022-12-31,,,,,,2022,PaymentsForRepurchaseOfCommonStock,False
1637459,Kraft Heinz Co,455000000.0,0001637459-26-000009,2023-12-30,,,,,,2023,PaymentsForRepurchaseOfCommonStock,False
1637459,Kraft Heinz Co,988000000.0,0001637459-26-000009,2024-12-28,,,,,,2024,PaymentsForRepurchaseOfCommonStock,False
1637459,Kraft Heinz Co,436000000.0,0001637459-26-000009,2025-12-27,,,,,,2025,PaymentsForRepurchaseOfCommonStock,False
1645590,HEWLETT PACKARD ENTERPRISE COMPANY,0.0,0001628280-17-012383,2015-10-31,,,,,,2015,PaymentsForRepurchaseOfCommonStock,False
1645590,HEWLETT PACKARD ENTERPRISE COMPANY,2662000000.0,0001628280-18-015054,2016-10-31,,,,,,2016,PaymentsForRepurchaseOfCommonStock,False
1645590,HEWLETT PACKARD ENTERPRISE COMPANY,2556000000.0,0001645590-19-000044,2017-10-31,,,,,,2017,PaymentsForRepurchaseOfCommonStock,False
1645590,HEWLETT PACKARD ENTERPRISE COMPANY,3568000000.0,0001645590-20-000056,2018-10-31,,,,,,2018,PaymentsForRepurchaseOfCommonStock,False
1645590,HEWLETT PACKARD ENTERPRISE CO,2249000000.0,0001645590-21-000068,2019-10-31,,,,,,2019,PaymentsForRepurchaseOfCommonStock,False
1645590,HEWLETT PACKARD ENTERPRISE CO,355000000.0,0001645590-22-000071,2020-10-31,,,,,,2020,PaymentsForRepurchaseOfCommonStock,False
1645590,HEWLETT PACKARD ENTERPRISE COMPANY,213000000.0,0001645590-23-000117,2021-10-31,,,,,,2021,PaymentsForRepurchaseOfCommonStock,False
1645590,HEWLETT PACKARD ENTERPRISE COMPANY,512000000.0,0001645590-24-000139,2022-10-31,,,,,,2022,PaymentsForRepurchaseOfCommonStock,False
1645590,HEWLETT PACKARD ENTERPRISE COMPANY,421000000.0,0001645590-25-000130,2023-10-31,,,,,,2023,PaymentsForRepurchaseOfCommonStock,False
1645590,HEWLETT PACKARD ENTERPRISE COMPANY,150000000.0,0001645590-25-000130,2024-10-31,,,,,,2024,PaymentsForRepurchaseOfCommonStock,False
1645590,HEWLETT PACKARD ENTERPRISE COMPANY,202000000.0,0001645590-25-000130,2025-10-31,,,,,,2025,PaymentsForRepurchaseOfCommonStock,False
1652044,ALPHABET INC.,1780000000.0,0001652044-18-000007,2015-12-31,,,,,,2015,PaymentsForRepurchaseOfCommonStock,False
1652044,ALPHABET INC.,3693000000.0,0001652044-19-000004,2016-12-31,,,,,,2016,PaymentsForRepurchaseOfCommonStock,False
1652044,ALPHABET INC.,4846000000.0,0001652044-20-000008,2017-12-31,,,,,,2017,PaymentsForRepurchaseOfCommonStock,False
1652044,ALPHABET INC.,9075000000.0,0001652044-21-000010,2018-12-31,,,,,,2018,PaymentsForRepurchaseOfCommonStock,False
1652044,Alphabet Inc.,18396000000.0,0001652044-22-000019,2019-12-31,,,,,,2019,PaymentsForRepurchaseOfCommonStock,False
1652044,Alphabet Inc.,31149000000.0,0001652044-23-000016,2020-12-31,,,,,,2020,PaymentsForRepurchaseOfCommonStock,False
1652044,Alphabet Inc.,50274000000.0,0001652044-24-000022,2021-12-31,,,,,,2021,PaymentsForRepurchaseOfCommonStock,False
1652044,Alphabet Inc.,59296000000.0,0001652044-25-000014,2022-12-31,,,,,,2022,PaymentsForRepurchaseOfCommonStock,False
1652044,Alphabet Inc.,61504000000.0,0001652044-26-000018,2023-12-31,,,,,,2023,PaymentsForRepurchaseOfCommonStock,False
1652044,Alphabet Inc.,62222000000.0,0001652044-26-000018,2024-12-31,,,,,,2024,PaymentsForRepurchaseOfCommonStock,False
1652044,Alphabet Inc.,45709000000.0,0001652044-26-000018,2025-12-31,,,,,,2025,PaymentsForRepurchaseOfCommonStock,False
1659166,FORTIVE CORPORATION,0.0,0001659166-23-000080,2020-12-31,,,,,,2020,PaymentsForRepurchaseOfCommonStock,False
1659166,FORTIVE CORPORATION,0.0,0001659166-24-000046,2021-12-31,,,,,,2021,PaymentsForRepurchaseOfCommonStock,False
1659166,FORTIVE CORPORATION,442900000.0,0001659166-25-000024,2022-12-31,,,,,,2022,PaymentsForRepurchaseOfCommonStock,False
1659166,FORTIVE CORPORATION,272900000.0,0001659166-26-000007,2023-12-31,,,,,,2023,PaymentsForRepurchaseOfCommonStock,False
1659166,FORTIVE CORPORATION,889600000.0,0001659166-26-000007,2024-12-31,,,,,,2024,PaymentsForRepurchaseOfCommonStock,False
1659166,FORTIVE CORPORATION,1610100000.0,0001659166-26-000007,2025-12-31,,,,,,2025,PaymentsForRepurchaseOfCommonStock,False
1666700,"DuPont de Nemours, Inc.",1166000000.0,0001666700-18-000009,2015-12-31,,,,,,2015,PaymentsForRepurchaseOfCommonStock,False
1666700,"DuPont de Nemours, Inc.",916000000.0,0001666700-19-000006,2016-12-31,,,,,,2016,PaymentsForRepurchaseOfCommonStock,False
1666700,"DuPont de Nemours, Inc.",1000000000.0,0001666700-19-000006,2017-12-31,,,,,,2017,PaymentsForRepurchaseOfCommonStock,False
1666700,"DuPont de Nemours, Inc.",4421000000.0,0001666700-19-000006,2018-12-31,,,,,,2018,PaymentsForRepurchaseOfCommonStock,False
1666700,"DUPONT DE NEMOURS, INC.",2329000000.0,0001666700-22-000009,2019-12-31,,,,,,2019,PaymentsForRepurchaseOfCommonStock,False
1666700,"DUPONT DE NEMOURS, INC.",232000000.0,0001666700-22-000009,2020-12-31,,,,,,2020,PaymentsForRepurchaseOfCommonStock,False
1666700,"DUPONT DE NEMOURS, INC.",2143000000.0,0001666700-22-000009,2021-12-31,,,,,,2021,PaymentsForRepurchaseOfCommonStock,False
1671933,"TRADE DESK, INC.",0.0,0001671933-24-000014,2021-12-31,,,,,,2021,PaymentsForRepurchaseOfCommonStock,False
1671933,"TRADE DESK, INC.",0.0,0001671933-25-000029,2022-12-31,,,,,,2022,PaymentsForRepurchaseOfCommonStock,False
1671933,"TRADE DESK, INC.",646597000.0,0001671933-26-000014,2023-12-31,,,,,,2023,PaymentsForRepurchaseOfCommonStock,False
1671933,"TRADE DESK, INC.",234784000.0,0001671933-26-000014,2024-12-31,,,,,,2024,PaymentsForRepurchaseOfCommonStock,False
1671933,"TRADE DESK, INC.",1380422000.0,0001671933-26-000014,2025-12-31,,,,,,2025,PaymentsForRepurchaseOfCommonStock,False
1674101,Vertiv Holdings Co,0.0,0001628280-25-005905,2022-12-31,,,,,,2022,PaymentsForRepurchaseOfCommonStock,False
1674101,Vertiv Holdings Co,0.0,0001674101-26-000008,2023-12-31,,,,,,2023,PaymentsForRepurchaseOfCommonStock,False
1674101,Vertiv Holdings Co,599900000.0,0001674101-26-000008,2024-12-31,,,,,,2024,PaymentsForRepurchaseOfCommonStock,False
1674101,Vertiv Holdings Co,0.0,0001674101-26-000008,2025-12-31,,,,,,2025,PaymentsForRepurchaseOfCommonStock,False
1679788,"Coinbase Global, Inc.",0.0,0001679788-26-000015,2023-12-31,,,,,,2023,PaymentsForRepurchaseOfCommonStock,False
1679788,"Coinbase Global, Inc.",0.0,0001679788-26-000015,2024-12-31,,,,,,2024,PaymentsForRepurchaseOfCommonStock,False
1679788,"Coinbase Global, Inc.",790195000.0,0001679788-26-000015,2025-12-31,,,,,,2025,PaymentsForRepurchaseOfCommonStock,False
1682852,"Moderna, Inc.",0.0,0001682852-22-000012,2019-12-31,,,,,,2019,PaymentsForRepurchaseOfCommonStock,False
1682852,"Moderna, Inc.",0.0,0001682852-23-000011,2020-12-31,,,,,,2020,PaymentsForRepurchaseOfCommonStock,False
1682852,"Moderna, Inc.",857000000.0,0001682852-24-000015,2021-12-31,,,,,,2021,PaymentsForRepurchaseOfCommonStock,False
1682852,"Moderna, Inc.",3329000000.0,0001682852-25-000022,2022-12-31,,,,,,2022,PaymentsForRepurchaseOfCommonStock,False
1682852,"Moderna, Inc.",1153000000.0,0001682852-26-000033,2023-12-31,,,,,,2023,PaymentsForRepurchaseOfCommonStock,False
1682852,"Moderna, Inc.",0.0,0001682852-26-000033,2024-12-31,,,,,,2024,PaymentsForRepurchaseOfCommonStock,False
1682852,"Moderna, Inc.",2000000.0,0001682852-26-000033,2025-12-31,,,,,,2025,PaymentsForRepurchaseOfCommonStock,False
1687229,Invitation Homes Inc.,0.0,0001687229-26-000016,2023-12-31,,,,,,2023,PaymentsForRepurchaseOfCommonStock,False
1687229,Invitation Homes Inc.,0.0,0001687229-26-000016,2024-12-31,,,,,,2024,PaymentsForRepurchaseOfCommonStock,False
1687229,Invitation Homes Inc.,53207000.0,0001687229-26-000016,2025-12-31,,,,,,2025,PaymentsForRepurchaseOfCommonStock,False
1692819,Vistra Corp.,0.0,0001692819-20-000005,2017-12-31,,,,,,2017,PaymentsForRepurchaseOfCommonStock,False
1692819,Vistra Corp.,763000000.0,0001692819-21-000004,2018-12-31,,,,,,2018,PaymentsForRepurchaseOfCommonStock,False
1692819,Vistra Corp.,656000000.0,0001692819-22-000005,2019-12-31,,,,,,2019,PaymentsForRepurchaseOfCommonStock,False
1692819,Vistra Corp.,0.0,0001692819-23-000005,2020-12-31,,,,,,2020,PaymentsForRepurchaseOfCommonStock,False
1692819,Vistra Corp.,471000000.0,0001692819-24-000012,2021-12-31,,,,,,2021,PaymentsForRepurchaseOfCommonStock,False
1692819,Vistra Corp.,1949000000.0,0001692819-25-000013,2022-12-31,,,,,,2022,PaymentsForRepurchaseOfCommonStock,False
1692819,Vistra Corp.,1245000000.0,0001692819-26-000006,2023-12-31,,,,,,2023,PaymentsForRepurchaseOfCommonStock,False
1692819,Vistra Corp.,1266000000.0,0001692819-26-000006,2024-12-31,,,,,,2024,PaymentsForRepurchaseOfCommonStock,False
1692819,Vistra Corp.,1028000000.0,0001692819-26-000006,2025-12-31,,,,,,2025,PaymentsForRepurchaseOfCommonStock,False
1699150,Ingersoll Rand Inc.,2100000.0,0001140361-18-008833,2015-12-31,,,,,,2015,PaymentsForRepurchaseOfCommonStock,False
1699150,Ingersoll Rand Inc.,14100000.0,0001140361-19-004014,2016-12-31,,,,,,2016,PaymentsForRepurchaseOfCommonStock,False
1699150,Ingersoll Rand Inc.,3600000.0,0001140361-20-013202,2017-12-31,,,,,,2017,PaymentsForRepurchaseOfCommonStock,False
1699150,Ingersoll Rand Inc.,40700000.0,0001628280-21-003454,2018-12-31,,,,,,2018,PaymentsForRepurchaseOfCommonStock,False
1699150,Ingersoll Rand Inc.,18600000.0,0001628280-22-003991,2019-12-31,,,,,,2019,PaymentsForRepurchaseOfCommonStock,False
1699150,Ingersoll Rand Inc.,2100000.0,0001628280-23-004287,2020-12-31,,,,,,2020,PaymentsForRepurchaseOfCommonStock,False
1699150,Ingersoll Rand Inc.,736800000.0,0001628280-24-006642,2021-12-31,,,,,,2021,PaymentsForRepurchaseOfCommonStock,False
1699150,Ingersoll Rand Inc.,261100000.0,0001628280-25-006391,2022-12-31,,,,,,2022,PaymentsForRepurchaseOfCommonStock,False
1699150,Ingersoll Rand Inc.,263000000.0,0001628280-26-008617,2023-12-31,,,,,,2023,PaymentsForRepurchaseOfCommonStock,False
1699150,Ingersoll Rand Inc.,260700000.0,0001628280-26-008617,2024-12-31,,,,,,2024,PaymentsForRepurchaseOfCommonStock,False
1699150,Ingersoll Rand Inc.,1018000000.0,0001628280-26-008617,2025-12-31,,,,,,2025,PaymentsForRepurchaseOfCommonStock,False
1701605,Baker Hughes Co,0.0,0001701605-18-000029,2015-12-31,,,,,,2015,PaymentsForRepurchaseOfCommonStock,False
1701605,Baker Hughes Co,0.0,0001701605-19-000021,2016-12-31,,,,,,2016,PaymentsForRepurchaseOfCommonStock,False
1701605,Baker Hughes Co,174000000.0,0001701605-20-000019,2017-12-31,,,,,,2017,PaymentsForRepurchaseOfCommonStock,False
1701605,Baker Hughes Co,387000000.0,0001701605-21-000026,2018-12-31,,,,,,2018,PaymentsForRepurchaseOfCommonStock,False
1701605,Baker Hughes Company,0.0,0001701605-22-000050,2019-12-31,,,,,,2019,PaymentsForRepurchaseOfCommonStock,False
1701605,Baker Hughes Company,0.0,0001701605-23-000044,2020-12-31,,,,,,2020,PaymentsForRepurchaseOfCommonStock,False
1701605,Baker Hughes Company,434000000.0,0001701605-24-000033,2021-12-31,,,,,,2021,PaymentsForRepurchaseOfCommonStock,False
1701605,Baker Hughes Company,828000000.0,0001701605-25-000035,2022-12-31,,,,,,2022,PaymentsForRepurchaseOfCommonStock,False
1701605,Baker Hughes Company,538000000.0,0001701605-26-000007,2023-12-31,,,,,,2023,PaymentsForRepurchaseOfCommonStock,False
1701605,Baker Hughes Company,484000000.0,0001701605-26-000007,2024-12-31,,,,,,2024,PaymentsForRepurchaseOfCommonStock,False
1701605,Baker Hughes Company,384000000.0,0001701605-26-000007,2025-12-31,,,,,,2025,PaymentsForRepurchaseOfCommonStock,False
1707925,LINDE PLC,228000000.0,0001628280-19-003050,2016-12-31,,,,,,2016,PaymentsForRepurchaseOfCommonStock,False
1707925,LINDE PLC,12000000.0,0001707925-20-000015,2017-12-31,,,,,,2017,PaymentsForRepurchaseOfCommonStock,False
1707925,LINDE PLC,599000000.0,0001628280-21-003574,2018-12-31,,,,,,2018,PaymentsForRepurchaseOfCommonStock,False
1707925,LINDE PLC,2658000000.0,0001628280-22-004180,2019-12-31,,,,,,2019,PaymentsForRepurchaseOfCommonStock,False
1707925,LINDE PLC,2457000000.0,0001628280-23-005434,2020-12-31,,,,,,2020,PaymentsForRepurchaseOfCommonStock,False
1707925,Linde plc,4612000000.0,0001628280-24-007424,2021-12-31,,,,,,2021,PaymentsForRepurchaseOfCommonStock,False
1707925,LINDE PLC,5168000000.0,0001628280-25-007990,2022-12-31,,,,,,2022,PaymentsForRepurchaseOfCommonStock,False
1707925,LINDE PLC,3958000000.0,0001628280-26-011430,2023-12-31,,,,,,2023,PaymentsForRepurchaseOfCommonStock,False
1707925,LINDE PLC,4482000000.0,0001628280-26-011430,2024-12-31,,,,,,2024,PaymentsForRepurchaseOfCommonStock,False
1707925,LINDE PLC,4601000000.0,0001628280-26-011430,2025-12-31,,,,,,2025,PaymentsForRepurchaseOfCommonStock,False
1711269,"Evergy, Inc.",0.0,0001711269-19-000013,2016-12-31,,,,,,2016,PaymentsForRepurchaseOfCommonStock,False
1711269,"Evergy, Inc.",0.0,0001711269-20-000012,2017-12-31,,,,,,2017,PaymentsForRepurchaseOfCommonStock,False
1711269,"Evergy, Inc.",1042300000.0,0001711269-21-000023,2018-12-31,,,,,,2018,PaymentsForRepurchaseOfCommonStock,False
1711269,"Evergy, Inc.",1628700000.0,0001711269-22-000008,2019-12-31,,,,,,2019,PaymentsForRepurchaseOfCommonStock,False
1711269,"Evergy, Inc.",0.0,0001711269-22-000008,2020-12-31,,,,,,2020,PaymentsForRepurchaseOfCommonStock,False
1711269,"Evergy, Inc.",0.0,0001711269-22-000008,2021-12-31,,,,,,2021,PaymentsForRepurchaseOfCommonStock,False
1730168,Broadcom Inc.,0.0,0001730168-18-000084,2016-10-30,,,,,,2016,PaymentsForRepurchaseOfCommonStock,False
1730168,Broadcom Inc.,0.0,0001730168-20-000126,2017-10-29,,,,,,2017,PaymentsForRepurchaseOfCommonStock,False
1730168,Broadcom Inc.,7258000000.0,0001730168-20-000226,2018-11-04,,,,,,2018,PaymentsForRepurchaseOfCommonStock,False
1730168,Broadcom Inc.,5435000000.0,0001730168-21-000153,2019-11-03,,,,,,2019,PaymentsForRepurchaseOfCommonStock,False
1730168,Broadcom Inc.,0.0,0001730168-22-000118,2020-11-01,,,,,,2020,PaymentsForRepurchaseOfCommonStock,False
1730168,Broadcom Inc.,0.0,0001730168-23-000096,2021-10-31,,,,,,2021,PaymentsForRepurchaseOfCommonStock,False
1730168,Broadcom Inc.,7000000000.0,0001730168-24-000139,2022-10-30,,,,,,2022,PaymentsForRepurchaseOfCommonStock,False
1730168,Broadcom Inc.,5824000000.0,0001730168-25-000121,2023-10-29,,,,,,2023,PaymentsForRepurchaseOfCommonStock,False
1730168,Broadcom Inc.,7176000000.0,0001730168-25-000121,2024-11-03,,,,,,2024,PaymentsForRepurchaseOfCommonStock,False
1730168,Broadcom Inc.,2450000000.0,0001730168-25-000121,2025-11-02,,,,,,2025,PaymentsForRepurchaseOfCommonStock,False
1739940,The Cigna Group,139000000.0,0001047469-19-000792,2016-12-31,,,,,,2016,PaymentsForRepurchaseOfCommonStock,False
1739940,The Cigna Group,2725000000.0,0001739940-20-000006,2017-12-31,,,,,,2017,PaymentsForRepurchaseOfCommonStock,False
1739940,The Cigna Group,342000000.0,0001739940-21-000007,2018-12-31,,,,,,2018,PaymentsForRepurchaseOfCommonStock,False
1739940,Cigna Corporation,1987000000.0,0001739940-22-000007,2019-12-31,,,,,,2019,PaymentsForRepurchaseOfCommonStock,False
1739940,The Cigna Group,4042000000.0,0001739940-23-000008,2020-12-31,,,,,,2020,PaymentsForRepurchaseOfCommonStock,False
1739940,The Cigna Group,7742000000.0,0001739940-24-000005,2021-12-31,,,,,,2021,PaymentsForRepurchaseOfCommonStock,False
1739940,The Cigna Group,7607000000.0,0001739940-25-000009,2022-12-31,,,,,,2022,PaymentsForRepurchaseOfCommonStock,False
1739940,The Cigna Group,2284000000.0,0001739940-26-000006,2023-12-31,,,,,,2023,PaymentsForRepurchaseOfCommonStock,False
1739940,The Cigna Group,7034000000.0,0001739940-26-000006,2024-12-31,,,,,,2024,PaymentsForRepurchaseOfCommonStock,False
1739940,The Cigna Group,3621000000.0,0001739940-26-000006,2025-12-31,,,,,,2025,PaymentsForRepurchaseOfCommonStock,False
1744489,Walt Disney Co,7499000000.0,0001744489-19-000173,2016-10-01,,,,,,2016,PaymentsForRepurchaseOfCommonStock,False
1744489,Walt Disney Co,9368000000.0,0001744489-19-000225,2017-09-30,,,,,,2017,PaymentsForRepurchaseOfCommonStock,False
1744489,WALT DISNEY CO/,3577000000.0,0001744489-21-000074,2018-09-29,,,,,,2018,PaymentsForRepurchaseOfCommonStock,False
1744489,WALT DISNEY CO/,0.0,0001744489-21-000074,2019-09-28,,,,,,2019,PaymentsForRepurchaseOfCommonStock,False
1744489,WALT DISNEY CO/,0.0,0001744489-21-000074,2020-10-03,,,,,,2020,PaymentsForRepurchaseOfCommonStock,False
1744489,WALT DISNEY CO/,0.0,0001744489-24-000276,2022-10-01,,,,,,2022,PaymentsForRepurchaseOfCommonStock,False
1744489,WALT DISNEY CO/,0.0,0001744489-25-000155,2023-09-30,,,,,,2023,PaymentsForRepurchaseOfCommonStock,False
1744489,WALT DISNEY CO/,2992000000.0,0001744489-25-000155,2024-09-28,,,,,,2024,PaymentsForRepurchaseOfCommonStock,False
1744489,WALT DISNEY CO/,3500000000.0,0001744489-25-000155,2025-09-27,,,,,,2025,PaymentsForRepurchaseOfCommonStock,False
1748790,AMCOR PLC,0.0,0001748790-20-000025,2018-06-30,,,,,,2018,PaymentsForRepurchaseOfCommonStock,False
1748790,AMCOR PLC,0.0,0001748790-21-000031,2019-06-30,,,,,,2019,PaymentsForRepurchaseOfCommonStock,False
1748790,AMCOR PLC,537000000.0,0001748790-22-000024,2020-06-30,,,,,,2020,PaymentsForRepurchaseOfCommonStock,False
1748790,AMCOR PLC,351000000.0,0001748790-23-000030,2021-06-30,,,,,,2021,PaymentsForRepurchaseOfCommonStock,False
1748790,AMCOR PLC,601000000.0,0001748790-24-000022,2022-06-30,,,,,,2022,PaymentsForRepurchaseOfCommonStock,False
1748790,AMCOR PLC,601000000.0,0001104659-25-041417,2023-09-30,,,,,,2023,PaymentsForRepurchaseOfCommonStock,False
1748790,AMCOR PLC,120000000.0,0001104659-25-041417,2024-09-28,,,,,,2024,PaymentsForRepurchaseOfCommonStock,False
1748790,AMCOR PLC,0.0,0001748790-26-000022,2025-06-30,,,,,,2025,PaymentsForRepurchaseOfCommonStock,False
1748790,AMCOR PLC,1000000.0,0001748790-26-000022,2026-06-30,,,,,,2026,PaymentsForRepurchaseOfCommonStock,False
1751008,AppLovin Corporation,11000.0,0001751008-22-000005,2019-12-31,,,,,,2019,PaymentsForRepurchaseOfCommonStock,False
1751008,AppLovin Corporation,1766000.0,0001751008-23-000006,2020-12-31,,,,,,2020,PaymentsForRepurchaseOfCommonStock,False
1751008,AppLovin Corporation,0.0,0001751008-24-000012,2021-12-31,,,,,,2021,PaymentsForRepurchaseOfCommonStock,False
1751008,AppLovin Corporation,338880000.0,0001751008-25-000018,2022-12-31,,,,,,2022,PaymentsForRepurchaseOfCommonStock,False
1751008,AppLovin Corporation,1153593000.0,0001751008-26-000010,2023-12-31,,,,,,2023,PaymentsForRepurchaseOfCommonStock,False
1751008,AppLovin Corporation,981297000.0,0001751008-26-000010,2024-12-31,,,,,,2024,PaymentsForRepurchaseOfCommonStock,False
1751008,AppLovin Corporation,2191944000.0,0001751008-26-000010,2025-12-31,,,,,,2025,PaymentsForRepurchaseOfCommonStock,False
1751788,Dow Inc.,916000000.0,0001751788-19-000025,2016-12-31,,,,,,2016,PaymentsForRepurchaseOfCommonStock,False
1751788,Dow Inc.,0.0,0001751788-20-000007,2017-12-31,,,,,,2017,PaymentsForRepurchaseOfCommonStock,False
1751788,Dow Inc.,0.0,0001751788-21-000010,2018-12-31,,,,,,2018,PaymentsForRepurchaseOfCommonStock,False
1751788,Dow Inc.,500000000.0,0001751788-22-000011,2019-12-31,,,,,,2019,PaymentsForRepurchaseOfCommonStock,False
1751788,Dow Inc.,125000000.0,0001751788-23-000014,2020-12-31,,,,,,2020,PaymentsForRepurchaseOfCommonStock,False
1751788,Dow Inc.,1000000000.0,0001751788-24-000010,2021-12-31,,,,,,2021,PaymentsForRepurchaseOfCommonStock,False
1751788,Dow Inc.,2325000000.0,0001751788-25-000012,2022-12-31,,,,,,2022,PaymentsForRepurchaseOfCommonStock,False
1751788,Dow Inc.,625000000.0,0001751788-26-000018,2023-12-31,,,,,,2023,PaymentsForRepurchaseOfCommonStock,False
1751788,Dow Inc.,494000000.0,0001751788-26-000018,2024-12-31,,,,,,2024,PaymentsForRepurchaseOfCommonStock,False
1751788,Dow Inc.,0.0,0001751788-26-000018,2025-12-31,,,,,,2025,PaymentsForRepurchaseOfCommonStock,False
1754301,Fox Corp,0.0,0001564590-20-038975,2018-06-30,,,,,,2018,PaymentsForRepurchaseOfCommonStock,False
1754301,Fox Corp,0.0,0001564590-21-043103,2019-06-30,,,,,,2019,PaymentsForRepurchaseOfCommonStock,False
1754301,FOX CORPORATION,600000000.0,0001628280-22-022584,2020-06-30,,,,,,2020,PaymentsForRepurchaseOfCommonStock,False
1754301,FOX CORPORATION,1001000000.0,0001628280-23-029065,2021-06-30,,,,,,2021,PaymentsForRepurchaseOfCommonStock,False
1754301,FOX CORPORATION,1000000000.0,0001628280-24-036123,2022-06-30,,,,,,2022,PaymentsForRepurchaseOfCommonStock,False
1754301,FOX CORPORATION,2000000000.0,0001628280-25-038077,2023-06-30,,,,,,2023,PaymentsForRepurchaseOfCommonStock,False
1754301,FOX CORPORATION,1000000000.0,0001628280-26-053960,2024-06-30,,,,,,2024,PaymentsForRepurchaseOfCommonStock,False
1754301,FOX CORPORATION,1000000000.0,0001628280-26-053960,2025-06-30,,,,,,2025,PaymentsForRepurchaseOfCommonStock,False
1754301,FOX CORPORATION,2000000000.0,0001628280-26-053960,2026-06-30,,,,,,2026,PaymentsForRepurchaseOfCommonStock,False
1755672,"Corteva, Inc.",0.0,0001755672-21-000008,2018-12-31,,,,,,2018,PaymentsForRepurchaseOfCommonStock,False
1755672,"Corteva, Inc.",25000000.0,0001755672-22-000005,2019-12-31,,,,,,2019,PaymentsForRepurchaseOfCommonStock,False
1755672,"Corteva, Inc.",275000000.0,0001755672-23-000005,2020-12-31,,,,,,2020,PaymentsForRepurchaseOfCommonStock,False
1755672,"Corteva, Inc.",950000000.0,0001755672-24-000004,2021-12-31,,,,,,2021,PaymentsForRepurchaseOfCommonStock,False
1755672,"Corteva, Inc.",1000000000.0,0001755672-25-000005,2022-12-31,,,,,,2022,PaymentsForRepurchaseOfCommonStock,False
1755672,"Corteva, Inc.",756000000.0,0001755672-26-000004,2023-12-31,,,,,,2023,PaymentsForRepurchaseOfCommonStock,False
1755672,"Corteva, Inc.",1009000000.0,0001755672-26-000004,2024-12-31,,,,,,2024,PaymentsForRepurchaseOfCommonStock,False
1755672,"Corteva, Inc.",1071000000.0,0001755672-26-000004,2025-12-31,,,,,,2025,PaymentsForRepurchaseOfCommonStock,False
1757898,STERIS plc,97509000.0,0001757898-19-000005,2017-03-31,,,,,,2016,PaymentsForRepurchaseOfCommonStock,False
1757898,STERIS plc,65485000.0,0001757898-21-000010,2018-03-31,,,,,,2017,PaymentsForRepurchaseOfCommonStock,False
1757898,STERIS plc,81494000.0,0001757898-21-000017,2019-03-31,,,,,,2018,PaymentsForRepurchaseOfCommonStock,False
1757898,STERIS plc,51241000.0,0001757898-22-000011,2020-03-31,,,,,,2019,PaymentsForRepurchaseOfCommonStock,False
1757898,STERIS plc,14646000.0,0001757898-23-000005,2021-03-31,,,,,,2020,PaymentsForRepurchaseOfCommonStock,False
1757898,STERIS plc,55777000.0,0001757898-24-000008,2022-03-31,,,,,,2021,PaymentsForRepurchaseOfCommonStock,False
1757898,STERIS plc,308565000.0,0001757898-25-000005,2023-03-31,,,,,,2022,PaymentsForRepurchaseOfCommonStock,False
1757898,STERIS plc,11800000.0,0001628280-26-039136,2024-03-31,,,,,,2023,PaymentsForRepurchaseOfCommonStock,False
1757898,STERIS plc,211300000.0,0001628280-26-039136,2025-03-31,,,,,,2024,PaymentsForRepurchaseOfCommonStock,False
1757898,STERIS plc,235500000.0,0001628280-26-039136,2026-03-31,,,,,,2025,PaymentsForRepurchaseOfCommonStock,False
1781335,OTIS WORLDWIDE CORPORATION,0.0,0001781335-22-000007,2019-12-31,,,,,,2019,PaymentsForRepurchaseOfCommonStock,False
1781335,OTIS WORLDWIDE CORPORATION,0.0,0001781335-23-000009,2020-12-31,,,,,,2020,PaymentsForRepurchaseOfCommonStock,False
1781335,OTIS WORLDWIDE CORPORATION,725000000.0,0001781335-24-000013,2021-12-31,,,,,,2021,PaymentsForRepurchaseOfCommonStock,False
1781335,OTIS WORLDWIDE CORPORATION,850000000.0,0001781335-25-000010,2022-12-31,,,,,,2022,PaymentsForRepurchaseOfCommonStock,False
1781335,OTIS WORLDWIDE CORPORATION,800000000.0,0001781335-26-000011,2023-12-31,,,,,,2023,PaymentsForRepurchaseOfCommonStock,False
1781335,OTIS WORLDWIDE CORPORATION,1007000000.0,0001781335-26-000011,2024-12-31,,,,,,2024,PaymentsForRepurchaseOfCommonStock,False
1781335,OTIS WORLDWIDE CORPORATION,809000000.0,0001781335-26-000011,2025-12-31,,,,,,2025,PaymentsForRepurchaseOfCommonStock,False
1783180,CARRIER GLOBAL CORPORATION,0.0,0001783180-22-000010,2019-12-31,,,,,,2019,PaymentsForRepurchaseOfCommonStock,False
1783180,CARRIER GLOBAL CORPORATION,0.0,0001783180-23-000012,2020-12-31,,,,,,2020,PaymentsForRepurchaseOfCommonStock,False
1783180,CARRIER GLOBAL CORPORATION,527000000.0,0001783180-24-000009,2021-12-31,,,,,,2021,PaymentsForRepurchaseOfCommonStock,False
1783180,CARRIER GLOBAL CORPORATION,1380000000.0,0001783180-25-000058,2022-12-31,,,,,,2022,PaymentsForRepurchaseOfCommonStock,False
1783180,CARRIER GLOBAL CORPORATION,62000000.0,0001783180-26-000008,2023-12-31,,,,,,2023,PaymentsForRepurchaseOfCommonStock,False
1783180,CARRIER GLOBAL CORPORATION,1944000000.0,0001783180-26-000008,2024-12-31,,,,,,2024,PaymentsForRepurchaseOfCommonStock,False
1783180,CARRIER GLOBAL CORPORATION,2892000000.0,0001783180-26-000008,2025-12-31,,,,,,2025,PaymentsForRepurchaseOfCommonStock,False
1783879,"Robinhood Markets, Inc.",0.0,0001783879-24-000054,2021-12-31,,,,,,2021,PaymentsForRepurchaseOfCommonStock,False
1783879,"Robinhood Markets, Inc.",0.0,0001783879-25-000049,2022-12-31,,,,,,2022,PaymentsForRepurchaseOfCommonStock,False
1783879,"Robinhood Markets, Inc.",608000000.0,0001783879-26-000029,2023-12-31,,,,,,2023,PaymentsForRepurchaseOfCommonStock,False
1783879,"Robinhood Markets, Inc.",257000000.0,0001783879-26-000029,2024-12-31,,,,,,2024,PaymentsForRepurchaseOfCommonStock,False
1783879,"Robinhood Markets, Inc.",653000000.0,0001783879-26-000029,2025-12-31,,,,,,2025,PaymentsForRepurchaseOfCommonStock,False
1792044,VIATRIS INC.,432000000.0,0001792044-21-000009,2018-12-31,,,,,,2018,PaymentsForRepurchaseOfCommonStock,False
1792044,VIATRIS INC.,0.0,0001792044-21-000009,2019-12-31,,,,,,2019,PaymentsForRepurchaseOfCommonStock,False
1792044,VIATRIS INC.,0.0,0001792044-21-000009,2020-12-31,,,,,,2020,PaymentsForRepurchaseOfCommonStock,False
1792044,VIATRIS INC.,0.0,0001792044-24-000008,2021-12-31,,,,,,2021,PaymentsForRepurchaseOfCommonStock,False
1792044,VIATRIS INC.,0.0,0001792044-25-000008,2022-12-31,,,,,,2022,PaymentsForRepurchaseOfCommonStock,False
1792044,VIATRIS INC.,250000000.0,0001792044-26-000013,2023-12-31,,,,,,2023,PaymentsForRepurchaseOfCommonStock,False
1792044,VIATRIS INC.,250000000.0,0001792044-26-000013,2024-12-31,,,,,,2024,PaymentsForRepurchaseOfCommonStock,False
1792044,VIATRIS INC.,500500000.0,0001792044-26-000013,2025-12-31,,,,,,2025,PaymentsForRepurchaseOfCommonStock,False
1792789,"DOORDASH, INC.",60000000.0,0001628280-21-004032,2018-12-31,,,,,,2018,PaymentsForRepurchaseOfCommonStock,False
1792789,"DOORDASH, INC.",0.0,0001628280-21-004032,2019-12-31,,,,,,2019,PaymentsForRepurchaseOfCommonStock,False
1792789,"DOORDASH, INC.",0.0,0001628280-23-005131,2020-12-31,,,,,,2020,PaymentsForRepurchaseOfCommonStock,False
1792789,"DOORDASH, INC.",0.0,0001628280-24-005600,2021-12-31,,,,,,2021,PaymentsForRepurchaseOfCommonStock,False
1792789,"DOORDASH, INC.",400000000.0,0001628280-25-005715,2022-12-31,,,,,,2022,PaymentsForRepurchaseOfCommonStock,False
1792789,"DOORDASH, INC.",750000000.0,0001792789-26-000035,2023-12-31,,,,,,2023,PaymentsForRepurchaseOfCommonStock,False
1792789,"DOORDASH, INC.",224000000.0,0001792789-26-000035,2024-12-31,,,,,,2024,PaymentsForRepurchaseOfCommonStock,False
1792789,"DOORDASH, INC.",0.0,0001792789-26-000035,2025-12-31,,,,,,2025,PaymentsForRepurchaseOfCommonStock,False
1811074,Texas Pacific Land Corporation,38397000.0,0001811074-21-000013,2018-12-31,,,,,,2018,PaymentsForRepurchaseOfCommonStock,False
1811074,Texas Pacific Land Corporation,4353000.0,0001811074-21-000013,2019-12-31,,,,,,2019,PaymentsForRepurchaseOfCommonStock,False
1811074,Texas Pacific Land Corporation,0.0,0001811074-23-000014,2020-12-31,,,,,,2020,PaymentsForRepurchaseOfCommonStock,False
1811074,Texas Pacific Land Corporation,19684000.0,0001811074-24-000015,2021-12-31,,,,,,2021,PaymentsForRepurchaseOfCommonStock,False
1811074,Texas Pacific Land Corporation,87765000.0,0001811074-25-000044,2022-12-31,,,,,,2022,PaymentsForRepurchaseOfCommonStock,False
1811074,Texas Pacific Land Corporation,42573000.0,0001811074-26-000018,2023-12-31,,,,,,2023,PaymentsForRepurchaseOfCommonStock,False
1811074,Texas Pacific Land Corporation,29159000.0,0001811074-26-000018,2024-12-31,,,,,,2024,PaymentsForRepurchaseOfCommonStock,False
1811074,Texas Pacific Land Corporation,8380000.0,0001811074-26-000018,2025-12-31,,,,,,2025,PaymentsForRepurchaseOfCommonStock,False
1835632,"MARVELL TECHNOLOGY, INC",364272000.0,0001835632-22-000016,2020-02-01,,,,,,2019,PaymentsForRepurchaseOfCommonStock,False
1835632,"MARVELL TECHNOLOGY, INC",25200000.0,0001835632-23-000013,2021-01-30,,,,,,2020,PaymentsForRepurchaseOfCommonStock,False
1835632,"MARVELL TECHNOLOGY, INC",0.0,0001835632-24-000009,2022-01-29,,,,,,2021,PaymentsForRepurchaseOfCommonStock,False
1835632,"MARVELL TECHNOLOGY, INC",115000000.0,0001835632-25-000057,2023-01-28,,,,,,2022,PaymentsForRepurchaseOfCommonStock,False
1835632,"MARVELL TECHNOLOGY, INC",150000000.0,0001835632-26-000011,2024-02-03,,,,,,2023,PaymentsForRepurchaseOfCommonStock,False
1835632,"MARVELL TECHNOLOGY, INC",725000000.0,0001835632-26-000011,2025-02-01,,,,,,2024,PaymentsForRepurchaseOfCommonStock,False
1835632,"MARVELL TECHNOLOGY, INC",2040100000.0,0001835632-26-000011,2026-01-31,,,,,,2025,PaymentsForRepurchaseOfCommonStock,False
1858681,"APOLLO GLOBAL MANAGEMENT, INC.",92000000.0,0001858681-23-000007,2020-12-31,,,,,,2020,PaymentsForRepurchaseOfCommonStock,False
1858681,"APOLLO GLOBAL MANAGEMENT, INC.",299000000.0,0001858681-24-000031,2021-12-31,,,,,,2021,PaymentsForRepurchaseOfCommonStock,False
1858681,"APOLLO GLOBAL MANAGEMENT, INC.",635000000.0,0001858681-25-000034,2022-12-31,,,,,,2022,PaymentsForRepurchaseOfCommonStock,False
1858681,"APOLLO GLOBAL MANAGEMENT, INC.",561000000.0,0001858681-26-000013,2023-12-31,,,,,,2023,PaymentsForRepurchaseOfCommonStock,False
1858681,"APOLLO GLOBAL MANAGEMENT, INC.",890000000.0,0001858681-26-000013,2024-12-31,,,,,,2024,PaymentsForRepurchaseOfCommonStock,False
1858681,"APOLLO GLOBAL MANAGEMENT, INC.",773000000.0,0001858681-26-000013,2025-12-31,,,,,,2025,PaymentsForRepurchaseOfCommonStock,False
1868275,CONSTELLATION ENERGY CORPORATION,0.0,0001868275-24-000014,2021-12-31,,,,,,2021,PaymentsForRepurchaseOfCommonStock,False
1868275,CONSTELLATION ENERGY CORPORATION,0.0,0001868275-25-000023,2022-12-31,,,,,,2022,PaymentsForRepurchaseOfCommonStock,False
1868275,CONSTELLATION ENERGY CORPORATION,992000000.0,0001868275-26-000032,2023-12-31,,,,,,2023,PaymentsForRepurchaseOfCommonStock,False
1868275,CONSTELLATION ENERGY CORPORATION,999000000.0,0001868275-26-000032,2024-12-31,,,,,,2024,PaymentsForRepurchaseOfCommonStock,False
1868275,CONSTELLATION ENERGY CORPORATION,400000000.0,0001868275-26-000032,2025-12-31,,,,,,2025,PaymentsForRepurchaseOfCommonStock,False
1932393,GE HEALTHCARE TECHNOLOGIES INC.,0.0,0001932393-26-000007,2023-12-31,,,,,,2023,PaymentsForRepurchaseOfCommonStock,False
1932393,GE HEALTHCARE TECHNOLOGIES INC.,0.0,0001932393-26-000007,2024-12-31,,,,,,2024,PaymentsForRepurchaseOfCommonStock,False
1932393,GE HEALTHCARE TECHNOLOGIES INC.,200000000.0,0001932393-26-000007,2025-12-31,,,,,,2025,PaymentsForRepurchaseOfCommonStock,False
1944048,Kenvue Inc.,0.0,0001944048-25-000033,2023-01-01,,,,,,2022,PaymentsForRepurchaseOfCommonStock,False
1944048,Kenvue Inc.,7000000.0,0001944048-26-000030,2023-12-31,,,,,,2023,PaymentsForRepurchaseOfCommonStock,False
1944048,Kenvue Inc.,235000000.0,0001944048-26-000030,2024-12-29,,,,,,2024,PaymentsForRepurchaseOfCommonStock,False
1944048,Kenvue Inc.,197000000.0,0001944048-26-000030,2025-12-28,,,,,,2025,PaymentsForRepurchaseOfCommonStock,False
1973266,"TKO GROUP HOLDINGS, INC.",0.0,0000950170-25-067188,2022-12-31,,,,,,2022,PaymentsForRepurchaseOfCommonStock,False
1973266,"TKO GROUP HOLDINGS, INC.",100000000.0,0001193125-26-071651,2023-12-31,,,,,,2023,PaymentsForRepurchaseOfCommonStock,False
1973266,"TKO GROUP HOLDINGS, INC.",165000000.0,0001193125-26-071651,2024-12-31,,,,,,2024,PaymentsForRepurchaseOfCommonStock,False
1973266,"TKO GROUP HOLDINGS, INC.",866846000.0,0001193125-26-071651,2025-12-31,,,,,,2025,PaymentsForRepurchaseOfCommonStock,False
1996810,GE Vernova Inc.,0.0,0001996810-26-000015,2023-12-31,,,,,,2023,PaymentsForRepurchaseOfCommonStock,False
1996810,GE Vernova Inc.,43000000.0,0001996810-26-000015,2024-12-31,,,,,,2024,PaymentsForRepurchaseOfCommonStock,False
1996810,GE Vernova Inc.,3316000000.0,0001996810-26-000015,2025-12-31,,,,,,2025,PaymentsForRepurchaseOfCommonStock,False
1996862,BUNGE GLOBAL SA,100000000.0,0001996862-24-000007,2021-12-31,,,,,,2021,PaymentsForRepurchaseOfCommonStock,False
1996862,BUNGE GLOBAL SA,200000000.0,0001996862-25-000008,2022-12-31,,,,,,2022,PaymentsForRepurchaseOfCommonStock,False
1996862,BUNGE GLOBAL SA,600000000.0,0001628280-26-009842,2023-12-31,,,,,,2023,PaymentsForRepurchaseOfCommonStock,False
1996862,BUNGE GLOBAL SA,1100000000.0,0001628280-26-009842,2024-12-31,,,,,,2024,PaymentsForRepurchaseOfCommonStock,False
1996862,BUNGE GLOBAL SA,551000000.0,0001628280-26-009842,2025-12-31,,,,,,2025,PaymentsForRepurchaseOfCommonStock,False
2005951,Smurfit Westrock plc,32000000.0,0002005951-25-000005,2022-12-31,,,,,,2022,PaymentsForRepurchaseOfCommonStock,False
2005951,Smurfit Westrock plc,30000000.0,0001628280-26-012555,2023-12-31,,,,,,2023,PaymentsForRepurchaseOfCommonStock,False
2005951,Smurfit Westrock plc,27000000.0,0001628280-26-012555,2024-12-31,,,,,,2024,PaymentsForRepurchaseOfCommonStock,False
2005951,Smurfit Westrock plc,0.0,0001628280-26-012555,2025-12-31,,,,,,2025,PaymentsForRepurchaseOfCommonStock,False
2011641,Ferguson Enterprises Inc.,1545000000.0,0002011641-24-000005,2022-07-31,,,,,,2022,PaymentsForRepurchaseOfCommonStock,False
2011641,Ferguson Enterprises Inc.,908000000.0,0002011641-26-000006,2023-07-31,,,,,,2023,PaymentsForRepurchaseOfCommonStock,False
2011641,Ferguson Enterprises Inc.,634000000.0,0002011641-26-000006,2024-07-31,,,,,,2024,PaymentsForRepurchaseOfCommonStock,False
2011641,Ferguson Enterprises Inc.,948000000.0,0002011641-26-000006,2025-07-31,,,,,,2025,PaymentsForRepurchaseOfCommonStock,False
2012383,"BlackRock, Inc.",2332000000.0,0000950170-25-026584,2022-12-31,,,,,,2022,PaymentsForRepurchaseOfCommonStock,False
2012383,"BlackRock, Inc.",1884000000.0,0000950170-25-026584,2023-12-31,,,,,,2023,PaymentsForRepurchaseOfCommonStock,False
2012383,"BlackRock, Inc.",1930000000.0,0000950170-25-026584,2024-12-31,,,,,,2024,PaymentsForRepurchaseOfCommonStock,False
2023554,Sandisk Corporation,0.0,0001628280-26-057406,2024-06-28,,,,,,2023,PaymentsForRepurchaseOfCommonStock,False
2023554,Sandisk Corporation,0.0,0001628280-26-057406,2025-06-27,,,,,,2024,PaymentsForRepurchaseOfCommonStock,False
2023554,Sandisk Corporation,4524000000.0,0001628280-26-057406,2026-07-03,,,,,,2026,PaymentsForRepurchaseOfCommonStock,False
