cik,entityName,val,accn,end,fy,fp,form,filed,frame,year,tag,is_10k
1800,ABBOTT LABORATORIES,292000000,0001047469-18-000856,2015-12-31,,,,,,2015,ShareBasedCompensation,False
1800,ABBOTT LABORATORIES,310000000,0001047469-19-000624,2016-12-31,,,,,,2016,ShareBasedCompensation,False
1800,ABBOTT LABORATORIES,406000000,0001104659-20-023904,2017-12-31,,,,,,2017,ShareBasedCompensation,False
1800,Abbott Laboratories,477000000,0001104659-21-025751,2018-12-31,,,,,,2018,ShareBasedCompensation,False
1800,Abbott Laboratories,519000000,0001104659-22-025141,2019-12-31,,,,,,2019,ShareBasedCompensation,False
1800,Abbott Laboratories,546000000,0001628280-23-004026,2020-12-31,,,,,,2020,ShareBasedCompensation,False
1800,Abbott Laboratories,640000000,0001628280-24-005348,2021-12-31,,,,,,2021,ShareBasedCompensation,False
1800,Abbott Laboratories,685000000,0001628280-25-007110,2022-12-31,,,,,,2022,ShareBasedCompensation,False
1800,Abbott Laboratories,644000000,0001628280-26-010185,2023-12-31,,,,,,2023,ShareBasedCompensation,False
1800,Abbott Laboratories,673000000,0001628280-26-010185,2024-12-31,,,,,,2024,ShareBasedCompensation,False
1800,Abbott Laboratories,664000000,0001628280-26-010185,2025-12-31,,,,,,2025,ShareBasedCompensation,False
2488,"ADVANCED MICRO DEVICES, INC",63000000,0000002488-18-000042,2015-12-26,,,,,,2015,ShareBasedCompensation,False
2488,"ADVANCED MICRO DEVICES, INC",86000000,0000002488-19-000011,2016-12-31,,,,,,2016,ShareBasedCompensation,False
2488,"ADVANCED MICRO DEVICES, INC",97000000,0000002488-20-000008,2017-12-30,,,,,,2017,ShareBasedCompensation,False
2488,"ADVANCED MICRO DEVICES, INC",137000000,0001628280-21-001185,2018-12-29,,,,,,2018,ShareBasedCompensation,False
2488,"ADVANCED MICRO DEVICES, INC.",197000000,0000002488-22-000016,2019-12-28,,,,,,2019,ShareBasedCompensation,False
2488,"ADVANCED MICRO DEVICES, INC.",274000000,0000002488-23-000047,2020-12-26,,,,,,2020,ShareBasedCompensation,False
2488,"ADVANCED MICRO DEVICES, INC.",379000000,0000002488-24-000012,2021-12-25,,,,,,2021,ShareBasedCompensation,False
2488,"ADVANCED MICRO DEVICES, INC.",1081000000,0000002488-25-000012,2022-12-31,,,,,,2022,ShareBasedCompensation,False
2488,"ADVANCED MICRO DEVICES, INC.",1384000000,0000002488-26-000018,2023-12-30,,,,,,2023,ShareBasedCompensation,False
2488,"ADVANCED MICRO DEVICES, INC.",1407000000,0000002488-26-000018,2024-12-28,,,,,,2024,ShareBasedCompensation,False
2488,"ADVANCED MICRO DEVICES, INC.",1638000000,0000002488-26-000018,2025-12-27,,,,,,2025,ShareBasedCompensation,False
2969,"AIR PRODUCTS AND CHEMICALS, INC.",39500000,0000002969-17-000039,2015-09-30,,,,,,2015,ShareBasedCompensation,False
2969,"AIR PRODUCTS AND CHEMICALS, INC.",31000000,0000002969-18-000044,2016-09-30,,,,,,2016,ShareBasedCompensation,False
2969,"AIR PRODUCTS AND CHEMICALS, INC.",39900000,0000002969-19-000051,2017-09-30,,,,,,2017,ShareBasedCompensation,False
2969,"AIR PRODUCTS AND CHEMICALS, INC.",38800000,0000002969-20-000049,2018-09-30,,,,,,2018,ShareBasedCompensation,False
2969,"AIR PRODUCTS AND CHEMICALS, INC.",41200000,0000002969-21-000055,2019-09-30,,,,,,2019,ShareBasedCompensation,False
2969,"AIR PRODUCTS AND CHEMICALS, INC.",53500000,0000002969-22-000054,2020-09-30,,,,,,2020,ShareBasedCompensation,False
2969,"AIR PRODUCTS AND CHEMICALS, INC.",44500000,0000002969-23-000047,2021-09-30,,,,,,2021,ShareBasedCompensation,False
2969,"AIR PRODUCTS AND CHEMICALS, INC.",48400000,0000002969-24-000056,2022-09-30,,,,,,2022,ShareBasedCompensation,False
2969,"AIR PRODUCTS AND CHEMICALS, INC.",59900000,0000002969-25-000055,2023-09-30,,,,,,2023,ShareBasedCompensation,False
2969,"AIR PRODUCTS AND CHEMICALS, INC.",61800000,0000002969-25-000055,2024-09-30,,,,,,2024,ShareBasedCompensation,False
2969,"AIR PRODUCTS AND CHEMICALS, INC.",76400000,0000002969-25-000055,2025-09-30,,,,,,2025,ShareBasedCompensation,False
4127,"Skyworks Solutions, Inc.",99800000,0000004127-17-000033,2015-10-02,,,,,,2015,ShareBasedCompensation,False
4127,"Skyworks Solutions, Inc.",78000000,0000004127-18-000046,2016-09-30,,,,,,2016,ShareBasedCompensation,False
4127,"Skyworks Solutions, Inc.",88500000,0000004127-19-000049,2017-09-29,,,,,,2017,ShareBasedCompensation,False
4127,"Skyworks Solutions, Inc.",107800000,0000004127-20-000058,2018-09-28,,,,,,2018,ShareBasedCompensation,False
4127,"Skyworks Solutions, Inc.",80100000,0000004127-21-000058,2019-09-27,,,,,,2019,ShareBasedCompensation,False
4127,"Skyworks Solutions, Inc.",156600000,0000004127-22-000038,2020-10-02,,,,,,2020,ShareBasedCompensation,False
4127,"Skyworks Solutions, Inc.",191900000,0000004127-23-000030,2021-10-01,,,,,,2021,ShareBasedCompensation,False
4127,"Skyworks Solutions, Inc.",195200000,0000004127-24-000131,2022-09-30,,,,,,2022,ShareBasedCompensation,False
4127,"Skyworks Solutions, Inc.",185100000,0000004127-25-000085,2023-09-29,,,,,,2023,ShareBasedCompensation,False
4127,"Skyworks Solutions, Inc.",180300000,0000004127-25-000085,2024-09-27,,,,,,2024,ShareBasedCompensation,False
4127,"Skyworks Solutions, Inc.",232400000,0000004127-25-000085,2025-10-03,,,,,,2025,ShareBasedCompensation,False
4281,Howmet Aerospace Inc.,77000000,0000004281-18-000042,2015-12-31,,,,,,2015,ShareBasedCompensation,False
4281,Howmet Aerospace Inc.,76000000,0000004281-19-000031,2016-12-31,,,,,,2016,ShareBasedCompensation,False
4281,Howmet Aerospace Inc.,54000000,0000004281-20-000038,2017-12-31,,,,,,2017,ShareBasedCompensation,False
4281,Howmet Aerospace Inc.,40000000,0000004281-21-000049,2018-12-31,,,,,,2018,ShareBasedCompensation,False
4281,HOWMET AEROSPACE INC.,69000000,0000004281-22-000004,2019-12-31,,,,,,2019,ShareBasedCompensation,False
4281,Howmet Aerospace Inc.,46000000,0000004281-23-000004,2020-12-31,,,,,,2020,ShareBasedCompensation,False
4281,Howmet Aerospace Inc.,40000000,0000004281-24-000007,2021-12-31,,,,,,2021,ShareBasedCompensation,False
4281,HOWMET AEROSPACE INC.,54000000,0000004281-25-000011,2022-12-31,,,,,,2022,ShareBasedCompensation,False
4281,HOWMET AEROSPACE INC.,50000000,0000004281-26-000012,2023-12-31,,,,,,2023,ShareBasedCompensation,False
4281,HOWMET AEROSPACE INC.,63000000,0000004281-26-000012,2024-12-31,,,,,,2024,ShareBasedCompensation,False
4281,HOWMET AEROSPACE INC.,73000000,0000004281-26-000012,2025-12-31,,,,,,2025,ShareBasedCompensation,False
4962,AMERICAN EXPRESS CO,234000000,0000004962-18-000032,2015-12-31,,,,,,2015,ShareBasedCompensation,False
4962,AMERICAN EXPRESS CO,254000000,0000004962-19-000018,2016-12-31,,,,,,2016,ShareBasedCompensation,False
4962,AMERICAN EXPRESS CO,282000000,0000004962-20-000030,2017-12-31,,,,,,2017,ShareBasedCompensation,False
4962,AMERICAN EXPRESS CO,283000000,0000004962-21-000013,2018-12-31,,,,,,2018,ShareBasedCompensation,False
4962,American Express Co,283000000,0000004962-22-000008,2019-12-31,,,,,,2019,ShareBasedCompensation,False
4962,American Express Co,249000000,0000004962-23-000006,2020-12-31,,,,,,2020,ShareBasedCompensation,False
4962,American Express Co,330000000,0000004962-24-000013,2021-12-31,,,,,,2021,ShareBasedCompensation,False
4962,American Express Co,375000000,0000004962-25-000016,2022-12-31,,,,,,2022,ShareBasedCompensation,False
4962,American Express Co,450000000,0000004962-26-000080,2023-12-31,,,,,,2023,ShareBasedCompensation,False
4962,American Express Co,504000000,0000004962-26-000080,2024-12-31,,,,,,2024,ShareBasedCompensation,False
4962,American Express Co,551000000,0000004962-26-000080,2025-12-31,,,,,,2025,ShareBasedCompensation,False
6281,"Analog Devices, Inc.",68919000,0000006281-17-000144,2015-10-31,,,,,,2015,ShareBasedCompensation,False
6281,"Analog Devices, Inc.",63421000,0000006281-18-000126,2016-10-29,,,,,,2016,ShareBasedCompensation,False
6281,"Analog Devices, Inc.",104188000,0000006281-19-000144,2017-10-28,,,,,,2017,ShareBasedCompensation,False
6281,"Analog Devices, Inc.",151165000,0000006281-20-000156,2018-11-03,,,,,,2018,ShareBasedCompensation,False
6281,"Analog Devices, Inc.",150300000,0000006281-21-000294,2019-11-02,,,,,,2019,ShareBasedCompensation,False
6281,"Analog Devices, Inc.",149518000,0000006281-22-000250,2020-10-31,,,,,,2020,ShareBasedCompensation,False
6281,"Analog Devices, Inc.",243611000,0000006281-23-000203,2021-10-30,,,,,,2021,ShareBasedCompensation,False
6281,"Analog Devices, Inc.",323487000,0000006281-24-000204,2022-10-29,,,,,,2022,ShareBasedCompensation,False
6281,"Analog Devices, Inc.",299823000,0000006281-25-000153,2023-10-28,,,,,,2023,ShareBasedCompensation,False
6281,"Analog Devices, Inc.",262710000,0000006281-25-000153,2024-11-02,,,,,,2024,ShareBasedCompensation,False
6281,"Analog Devices, Inc.",321560000,0000006281-25-000153,2025-11-01,,,,,,2025,ShareBasedCompensation,False
6951,APPLIED MATERIALS INC /DE,187000000,0000006951-17-000038,2015-10-25,,,,,,2015,ShareBasedCompensation,False
6951,APPLIED MATERIALS INC /DE,201000000,0000006951-18-000041,2016-10-30,,,,,,2016,ShareBasedCompensation,False
6951,APPLIED MATERIALS INC /DE,220000000,0000006951-19-000046,2017-10-29,,,,,,2017,ShareBasedCompensation,False
6951,APPLIED MATERIALS INC /DE,258000000,0000006951-20-000048,2018-10-28,,,,,,2018,ShareBasedCompensation,False
6951,APPLIED MATERIALS INC /DE,263000000,0000006951-21-000043,2019-10-27,,,,,,2019,ShareBasedCompensation,False
6951,APPLIED MATERIALS INC /DE,307000000,0000006951-22-000043,2020-10-25,,,,,,2020,ShareBasedCompensation,False
6951,APPLIED MATERIALS INC /DE,346000000,0000006951-23-000041,2021-10-31,,,,,,2021,ShareBasedCompensation,False
6951,APPLIED MATERIALS INC /DE,413000000,0000006951-24-000044,2022-10-30,,,,,,2022,ShareBasedCompensation,False
6951,APPLIED MATERIALS INC /DE,490000000,0001628280-25-056742,2023-10-29,,,,,,2023,ShareBasedCompensation,False
6951,APPLIED MATERIALS INC /DE,577000000,0001628280-25-056742,2024-10-27,,,,,,2024,ShareBasedCompensation,False
6951,APPLIED MATERIALS INC /DE,668000000,0001628280-25-056742,2025-10-26,,,,,,2025,ShareBasedCompensation,False
7084,ARCHER-DANIELS-MIDLAND CO,79000000,0000007084-18-000012,2015-12-31,,,,,,2015,ShareBasedCompensation,False
7084,ARCHER-DANIELS-MIDLAND CO,74000000,0000007084-19-000012,2016-12-31,,,,,,2016,ShareBasedCompensation,False
7084,ARCHER-DANIELS-MIDLAND CO,66000000,0000007084-20-000009,2017-12-31,,,,,,2017,ShareBasedCompensation,False
7084,ARCHER-DANIELS-MIDLAND CO,109000000,0000007084-21-000008,2018-12-31,,,,,,2018,ShareBasedCompensation,False
7084,ARCHER-DANIELS-MIDLAND CO,89000000,0000007084-22-000008,2019-12-31,,,,,,2019,ShareBasedCompensation,False
7084,ARCHER-DANIELS-MIDLAND CO,151000000,0000007084-23-000010,2020-12-31,,,,,,2020,ShareBasedCompensation,False
7084,ARCHER-DANIELS-MIDLAND CO,161000000,0000007084-24-000051,2021-12-31,,,,,,2021,ShareBasedCompensation,False
7084,ARCHER-DANIELS-MIDLAND CO,147000000,0000007084-25-000011,2022-12-31,,,,,,2022,ShareBasedCompensation,False
7084,ARCHER-DANIELS-MIDLAND CO,112000000,0000007084-26-000011,2023-12-31,,,,,,2023,ShareBasedCompensation,False
7084,ARCHER-DANIELS-MIDLAND CO,74000000,0000007084-26-000011,2024-12-31,,,,,,2024,ShareBasedCompensation,False
7084,ARCHER-DANIELS-MIDLAND CO,83000000,0000007084-26-000011,2025-12-31,,,,,,2025,ShareBasedCompensation,False
8670,"AUTOMATIC DATA PROCESSING, INC.",143200000,0000008670-17-000010,2015-06-30,,,,,,2015,ShareBasedCompensation,False
8670,"Automatic     Data Processing, Inc.",137600000,0000008670-18-000011,2016-06-30,,,,,,2016,ShareBasedCompensation,False
8670,"Automatic     Data Processing, Inc.",138900000,0000008670-19-000021,2017-06-30,,,,,,2017,ShareBasedCompensation,False
8670,"Automatic     Data Processing, Inc.",175400000,0000008670-20-000032,2018-06-30,,,,,,2018,ShareBasedCompensation,False
8670,"Automatic     Data Processing, Inc.",167300000,0000008670-21-000027,2019-06-30,,,,,,2019,ShareBasedCompensation,False
8670,"AUTOMATIC DATA PROCESSING, INC.",130800000,0000008670-22-000038,2020-06-30,,,,,,2020,ShareBasedCompensation,False
8670,"AUTOMATIC DATA PROCESSING, INC.",175300000,0000008670-23-000030,2021-06-30,,,,,,2021,ShareBasedCompensation,False
8670,"AUTOMATIC DATA PROCESSING, INC.",201700000,0000008670-24-000024,2022-06-30,,,,,,2022,ShareBasedCompensation,False
8670,"AUTOMATIC DATA PROCESSING, INC.",220400000,0000008670-25-000037,2023-06-30,,,,,,2023,ShareBasedCompensation,False
8670,"AUTOMATIC DATA PROCESSING, INC.",243500000,0000008670-26-000030,2024-06-30,,,,,,2024,ShareBasedCompensation,False
8670,"AUTOMATIC DATA PROCESSING, INC.",266100000,0000008670-26-000030,2025-06-30,,,,,,2025,ShareBasedCompensation,False
8670,"AUTOMATIC DATA PROCESSING, INC.",242600000,0000008670-26-000030,2026-06-30,,,,,,2026,ShareBasedCompensation,False
8818,AVERY DENNISON CORPORATION,26300000,0001047469-18-000931,2016-01-02,,,,,,2015,ShareBasedCompensation,False
8818,AVERY DENNISON CORPORATION,27200000,0001047469-19-000747,2016-12-31,,,,,,2016,ShareBasedCompensation,False
8818,AVERY DENNISON CORPORATION,30200000,0001104659-20-025360,2017-12-30,,,,,,2017,ShareBasedCompensation,False
8818,AVERY DENNISON CORPORATION,34300000,0001193125-21-055146,2018-12-29,,,,,,2018,ShareBasedCompensation,False
8818,AVERY DENNISON CORPORATION,34500000,0001193125-22-049910,2019-12-28,,,,,,2019,ShareBasedCompensation,False
8818,AVERY DENNISON CORPORATION,24000000,0000008818-23-000002,2021-01-02,,,,,,2020,ShareBasedCompensation,False
8818,AVERY DENNISON CORPORATION,37200000,0000008818-24-000003,2022-01-01,,,,,,2021,ShareBasedCompensation,False
8818,AVERY DENNISON CORPORATION,47400000,0000008818-25-000003,2022-12-31,,,,,,2022,ShareBasedCompensation,False
8818,AVERY DENNISON CORPORATION,22300000,0000008818-26-000015,2023-12-30,,,,,,2023,ShareBasedCompensation,False
8818,AVERY DENNISON CORPORATION,28700000,0000008818-26-000015,2024-12-28,,,,,,2024,ShareBasedCompensation,False
8818,AVERY DENNISON CORPORATION,27900000,0000008818-26-000015,2025-12-31,,,,,,2025,ShareBasedCompensation,False
10456,Baxter International Inc.,126000000,0001564590-18-022264,2015-12-31,,,,,,2015,ShareBasedCompensation,False
10456,Baxter International Inc.,115000000,0001564590-19-003727,2016-12-31,,,,,,2016,ShareBasedCompensation,False
10456,Baxter International Inc.,107000000,0001628280-20-003693,2017-12-31,,,,,,2017,ShareBasedCompensation,False
10456,Baxter International Inc.,115000000,0001628280-21-008034,2018-12-31,,,,,,2018,ShareBasedCompensation,False
10456,Baxter International Inc.,122000000,0001628280-22-003432,2019-12-31,,,,,,2019,ShareBasedCompensation,False
10456,Baxter International Inc.,130000000,0001628280-23-002864,2020-12-31,,,,,,2020,ShareBasedCompensation,False
10456,Baxter International Inc.,146000000,0001628280-24-003932,2021-12-31,,,,,,2021,ShareBasedCompensation,False
10456,Baxter International Inc.,140000000,0001628280-25-007201,2022-12-31,,,,,,2022,ShareBasedCompensation,False
10456,Baxter International Inc.,115000000,0001628280-26-007733,2023-12-31,,,,,,2023,ShareBasedCompensation,False
10456,Baxter International Inc.,114000000,0001628280-26-007733,2024-12-31,,,,,,2024,ShareBasedCompensation,False
10456,Baxter International Inc.,117000000,0001628280-26-007733,2025-12-31,,,,,,2025,ShareBasedCompensation,False
10795,"BECTON, DICKINSON AND COMPANY",166000000,0000010795-17-000021,2015-09-30,,,,,,2015,ShareBasedCompensation,False
10795,"BECTON, DICKINSON AND COMPANY",196000000,0000010795-18-000036,2016-09-30,,,,,,2016,ShareBasedCompensation,False
10795,"BECTON, DICKINSON AND COMPANY",174000000,0000010795-19-000044,2017-09-30,,,,,,2017,ShareBasedCompensation,False
10795,"BECTON, DICKINSON AND COMPANY",322000000,0000010795-20-000055,2018-09-30,,,,,,2018,ShareBasedCompensation,False
10795,"BECTON, DICKINSON AND COMPANY",261000000,0000010795-21-000091,2019-09-30,,,,,,2019,ShareBasedCompensation,False
10795,"BECTON, DICKINSON AND COMPANY",236000000,0001628280-22-030686,2020-09-30,,,,,,2020,ShareBasedCompensation,False
10795,"BECTON, DICKINSON AND COMPANY",229000000,0000010795-23-000098,2021-09-30,,,,,,2021,ShareBasedCompensation,False
10795,"BECTON, DICKINSON AND COMPANY",233000000,0000010795-24-000084,2022-09-30,,,,,,2022,ShareBasedCompensation,False
10795,"BECTON, DICKINSON AND COMPANY",259000000,0000010795-25-000099,2023-09-30,,,,,,2023,ShareBasedCompensation,False
10795,"BECTON, DICKINSON AND COMPANY",247000000,0000010795-25-000099,2024-09-30,,,,,,2024,ShareBasedCompensation,False
10795,"BECTON, DICKINSON AND COMPANY",258000000,0000010795-25-000099,2025-09-30,,,,,,2025,ShareBasedCompensation,False
11544,W. R. BERKLEY CORP,32123000,0000011544-18-000012,2015-12-31,,,,,,2015,ShareBasedCompensation,False
11544,W. R. BERKLEY CORP,37174000,0000011544-19-000016,2016-12-31,,,,,,2016,ShareBasedCompensation,False
11544,W. R. BERKLEY CORP,40490000,0000011544-20-000016,2017-12-31,,,,,,2017,ShareBasedCompensation,False
11544,W. R. BERKLEY CORP,36591000,0000011544-21-000013,2018-12-31,,,,,,2018,ShareBasedCompensation,False
11544,W. R. BERKLEY CORP,49274000,0000011544-22-000007,2019-12-31,,,,,,2019,ShareBasedCompensation,False
11544,W. R. BERKLEY CORP,49658000,0000011544-23-000004,2020-12-31,,,,,,2020,ShareBasedCompensation,False
11544,W. R. BERKLEY CORP,46680000,0000011544-24-000005,2021-12-31,,,,,,2021,ShareBasedCompensation,False
11544,W. R. BERKLEY CORP,49411000,0000011544-25-000005,2022-12-31,,,,,,2022,ShareBasedCompensation,False
11544,W. R. BERKLEY CORP,51000000,0000011544-26-000005,2023-12-31,,,,,,2023,ShareBasedCompensation,False
11544,W. R. BERKLEY CORP,54381000,0000011544-26-000005,2024-12-31,,,,,,2024,ShareBasedCompensation,False
11544,W. R. BERKLEY CORP,54524000,0000011544-26-000005,2025-12-31,,,,,,2025,ShareBasedCompensation,False
12927,BOEING CO,189000000,0000012927-18-000007,2015-12-31,,,,,,2015,ShareBasedCompensation,False
12927,BOEING CO,190000000,0000012927-19-000010,2016-12-31,,,,,,2016,ShareBasedCompensation,False
12927,BOEING CO,202000000,0000012927-20-000014,2017-12-31,,,,,,2017,ShareBasedCompensation,False
12927,BOEING CO,202000000,0000012927-21-000011,2018-12-31,,,,,,2018,ShareBasedCompensation,False
12927,BOEING CO,212000000,0000012927-22-000010,2019-12-31,,,,,,2019,ShareBasedCompensation,False
12927,BOEING CO,250000000,0000012927-23-000007,2020-12-31,,,,,,2020,ShareBasedCompensation,False
12927,BOEING CO,833000000,0000012927-24-000010,2021-12-31,,,,,,2021,ShareBasedCompensation,False
12927,BOEING CO,725000000,0000012927-25-000015,2022-12-31,,,,,,2022,ShareBasedCompensation,False
12927,BOEING CO,690000000,0001628280-26-004357,2023-12-31,,,,,,2023,ShareBasedCompensation,False
12927,BOEING CO,407000000,0001628280-26-004357,2024-12-31,,,,,,2024,ShareBasedCompensation,False
12927,BOEING CO,426000000,0001628280-26-004357,2025-12-31,,,,,,2025,ShareBasedCompensation,False
14272,BRISTOL-MYERS SQUIBB COMPANY,235000000,0000014272-18-000055,2015-12-31,,,,,,2015,ShareBasedCompensation,False
14272,BRISTOL-MYERS SQUIBB COMPANY,205000000,0000014272-19-000047,2016-12-31,,,,,,2016,ShareBasedCompensation,False
14272,BRISTOL-MYERS SQUIBB COMPANY,199000000,0000014272-20-000082,2017-12-31,,,,,,2017,ShareBasedCompensation,False
14272,BRISTOL-MYERS SQUIBB COMPANY,221000000,0000014272-21-000066,2018-12-31,,,,,,2018,ShareBasedCompensation,False
14272,BRISTOL-MYERS SQUIBB COMPANY,441000000,0000014272-22-000051,2019-12-31,,,,,,2019,ShareBasedCompensation,False
14272,BRISTOL-MYERS SQUIBB COMPANY,779000000,0000014272-23-000046,2020-12-31,,,,,,2020,ShareBasedCompensation,False
14272,BRISTOL-MYERS SQUIBB COMPANY,583000000,0000014272-24-000044,2021-12-31,,,,,,2021,ShareBasedCompensation,False
14272,BRISTOL-MYERS SQUIBB COMPANY,457000000,0000014272-25-000039,2022-12-31,,,,,,2022,ShareBasedCompensation,False
14272,BRISTOL-MYERS SQUIBB COMPANY,518000000,0000014272-26-000004,2023-12-31,,,,,,2023,ShareBasedCompensation,False
14272,BRISTOL-MYERS SQUIBB COMPANY,507000000,0000014272-26-000004,2024-12-31,,,,,,2024,ShareBasedCompensation,False
14272,BRISTOL-MYERS SQUIBB COMPANY,553000000,0000014272-26-000004,2025-12-31,,,,,,2025,ShareBasedCompensation,False
14693,Brown-Forman Corporation,15000000,0000014693-18-000084,2016-04-30,,,,,,2015,ShareBasedCompensation,False
14693,Brown-Forman Corporation,14000000,0000014693-19-000099,2017-04-30,,,,,,2016,ShareBasedCompensation,False
14693,Brown-Forman Corporation,19000000,0000014693-20-000070,2018-04-30,,,,,,2017,ShareBasedCompensation,False
14693,Brown-Forman Corporation,14000000,0000014693-21-000091,2019-04-30,,,,,,2018,ShareBasedCompensation,False
14693,BROWN-FORMAN CORPORATION,11000000,0000014693-22-000069,2020-04-30,,,,,,2019,ShareBasedCompensation,False
14693,BROWN-FORMAN CORPORATION,12000000,0000014693-23-000074,2021-04-30,,,,,,2020,ShareBasedCompensation,False
14693,BROWN-FORMAN CORPORATION,15000000,0000014693-24-000086,2022-04-30,,,,,,2021,ShareBasedCompensation,False
14693,BROWN-FORMAN CORPORATION,18000000,0000014693-25-000062,2023-04-30,,,,,,2022,ShareBasedCompensation,False
14693,BROWN-FORMAN CORPORATION,25000000,0000014693-26-000024,2024-04-30,,,,,,2023,ShareBasedCompensation,False
14693,BROWN-FORMAN CORPORATION,28000000,0000014693-26-000024,2025-04-30,,,,,,2024,ShareBasedCompensation,False
14693,BROWN-FORMAN CORPORATION,32000000,0000014693-26-000024,2026-04-30,,,,,,2025,ShareBasedCompensation,False
16918,"CONSTELLATION BRANDS, INC.",54000000,0000016918-18-000033,2016-02-29,,,,,,2015,ShareBasedCompensation,False
16918,"CONSTELLATION BRANDS, INC.",56100000,0000016918-19-000024,2017-02-28,,,,,,2016,ShareBasedCompensation,False
16918,"CONSTELLATION BRANDS, INC.",60900000,0000016918-20-000078,2018-02-28,,,,,,2017,ShareBasedCompensation,False
16918,"CONSTELLATION BRANDS, INC.",64100000,0000016918-21-000060,2019-02-28,,,,,,2018,ShareBasedCompensation,False
16918,"CONSTELLATION BRANDS, INC.",60400000,0000016918-22-000069,2020-02-29,,,,,,2019,ShareBasedCompensation,False
16918,"CONSTELLATION BRANDS, INC.",63000000,0000016918-23-000045,2021-02-28,,,,,,2020,ShareBasedCompensation,False
16918,"CONSTELLATION BRANDS, INC.",44900000,0000016918-24-000054,2022-02-28,,,,,,2021,ShareBasedCompensation,False
16918,"CONSTELLATION BRANDS, INC.",68500000,0000016918-25-000022,2023-02-28,,,,,,2022,ShareBasedCompensation,False
16918,"CONSTELLATION BRANDS, INC.",63600000,0000016918-26-000011,2024-02-29,,,,,,2023,ShareBasedCompensation,False
16918,"CONSTELLATION BRANDS, INC.",72200000,0000016918-26-000011,2025-02-28,,,,,,2024,ShareBasedCompensation,False
16918,"CONSTELLATION BRANDS, INC.",67700000,0000016918-26-000011,2026-02-28,,,,,,2025,ShareBasedCompensation,False
19617,JPMORGAN CHASE & CO,1987000000,0000019617-18-000057,2015-12-31,,,,,,2015,ShareBasedCompensation,False
19617,JPMORGAN CHASE & CO,1940000000,0000019617-19-000054,2016-12-31,,,,,,2016,ShareBasedCompensation,False
19617,JPMORGAN CHASE & CO,2070000000,0000019617-20-000257,2017-12-31,,,,,,2017,ShareBasedCompensation,False
19617,JPMORGAN CHASE & CO,2322000000,0000019617-21-000236,2018-12-31,,,,,,2018,ShareBasedCompensation,False
19617,JPMorgan Chase & Co,2256000000,0000019617-22-000272,2019-12-31,,,,,,2019,ShareBasedCompensation,False
19617,JPMorgan Chase & Co,2451000000,0000019617-23-000231,2020-12-31,,,,,,2020,ShareBasedCompensation,False
19617,JPMorgan Chase & Co,2929000000,0000019617-24-000225,2021-12-31,,,,,,2021,ShareBasedCompensation,False
19617,JPMorgan Chase & Co,2794000000,0000019617-25-000270,2022-12-31,,,,,,2022,ShareBasedCompensation,False
19617,JPMorgan Chase & Co,3117000000,0001628280-26-008131,2023-12-31,,,,,,2023,ShareBasedCompensation,False
19617,JPMorgan Chase & Co,3504000000,0001628280-26-008131,2024-12-31,,,,,,2024,ShareBasedCompensation,False
19617,JPMorgan Chase & Co,3614000000,0001628280-26-008131,2025-12-31,,,,,,2025,ShareBasedCompensation,False
20286,CINCINNATI FINANCIAL CORP,20000000,0000020286-18-000012,2015-12-31,,,,,,2015,ShareBasedCompensation,False
20286,CINCINNATI FINANCIAL CORP,23000000,0000020286-19-000012,2016-12-31,,,,,,2016,ShareBasedCompensation,False
20286,CINCINNATI FINANCIAL CORP,26000000,0000020286-20-000011,2017-12-31,,,,,,2017,ShareBasedCompensation,False
20286,CINCINNATI FINANCIAL CORP,28000000,0000020286-21-000013,2018-12-31,,,,,,2018,ShareBasedCompensation,False
20286,Cincinnati Financial Corporation,30000000,0000020286-22-000012,2019-12-31,,,,,,2019,ShareBasedCompensation,False
20286,Cincinnati Financial Corporation,31000000,0000020286-22-000012,2020-12-31,,,,,,2020,ShareBasedCompensation,False
20286,Cincinnati Financial Corporation,33000000,0000020286-22-000012,2021-12-31,,,,,,2021,ShareBasedCompensation,False
21076,CLOROX CO /DE/,32000000,0001628280-17-008700,2015-06-30,,,,,,2015,ShareBasedCompensation,False
21076,CLOROX CO /DE/,45000000,0000021076-18-000011,2016-06-30,,,,,,2016,ShareBasedCompensation,False
21076,CLOROX CO /DE/,51000000,0000021076-19-000012,2017-06-30,,,,,,2017,ShareBasedCompensation,False
21076,CLOROX CO /DE/,53000000,0000021076-20-000016,2018-06-30,,,,,,2018,ShareBasedCompensation,False
21076,CLOROX CO /DE/,43000000,0000021076-21-000016,2019-06-30,,,,,,2019,ShareBasedCompensation,False
21076,THE CLOROX COMPANY,50000000,0000021076-22-000026,2020-06-30,,,,,,2020,ShareBasedCompensation,False
21076,THE CLOROX COMPANY,50000000,0000021076-23-000037,2021-06-30,,,,,,2021,ShareBasedCompensation,False
21076,THE CLOROX COMPANY,52000000,0000021076-24-000030,2022-06-30,,,,,,2022,ShareBasedCompensation,False
21076,THE CLOROX COMPANY,73000000,0000021076-25-000039,2023-06-30,,,,,,2023,ShareBasedCompensation,False
21076,THE CLOROX COMPANY,74000000,0000021076-25-000039,2024-06-30,,,,,,2024,ShareBasedCompensation,False
21076,THE CLOROX COMPANY,81000000,0000021076-25-000039,2025-06-30,,,,,,2025,ShareBasedCompensation,False
21344,COCA COLA CO,236000000,0000021344-18-000008,2015-12-31,,,,,,2015,ShareBasedCompensation,False
21344,COCA COLA CO,258000000,0000021344-19-000039,2016-12-31,,,,,,2016,ShareBasedCompensation,False
21344,COCA COLA CO,219000000,0000021344-20-000006,2017-12-31,,,,,,2017,ShareBasedCompensation,False
21344,COCA COLA CO,225000000,0000021344-21-000008,2018-12-31,,,,,,2018,ShareBasedCompensation,False
21344,COCA COLA CO,201000000,0000021344-22-000009,2019-12-31,,,,,,2019,ShareBasedCompensation,False
21344,COCA COLA CO,126000000,0000021344-23-000011,2020-12-31,,,,,,2020,ShareBasedCompensation,False
21344,COCA COLA CO,337000000,0000021344-24-000009,2021-12-31,,,,,,2021,ShareBasedCompensation,False
21344,COCA COLA CO,356000000,0000021344-25-000047,2022-12-31,,,,,,2022,ShareBasedCompensation,False
21344,COCA COLA CO,254000000,0001628280-26-010047,2023-12-31,,,,,,2023,ShareBasedCompensation,False
21344,COCA COLA CO,286000000,0001628280-26-010047,2024-12-31,,,,,,2024,ShareBasedCompensation,False
21344,COCA COLA CO,279000000,0001628280-26-010047,2025-12-31,,,,,,2025,ShareBasedCompensation,False
21665,COLGATE-PALMOLIVE COMPANY,125000000,0000021665-18-000006,2015-12-31,,,,,,2015,ShareBasedCompensation,False
21665,COLGATE-PALMOLIVE COMPANY,123000000,0000021665-19-000003,2016-12-31,,,,,,2016,ShareBasedCompensation,False
21665,COLGATE-PALMOLIVE COMPANY,127000000,0000021665-20-000004,2017-12-31,,,,,,2017,ShareBasedCompensation,False
21665,COLGATE-PALMOLIVE COMPANY,109000000,0000021665-21-000007,2018-12-31,,,,,,2018,ShareBasedCompensation,False
21665,COLGATE-PALMOLIVE COMPANY,100000000,0000021665-22-000003,2019-12-31,,,,,,2019,ShareBasedCompensation,False
21665,COLGATE-PALMOLIVE COMPANY,107000000,0000021665-23-000007,2020-12-31,,,,,,2020,ShareBasedCompensation,False
21665,COLGATE-PALMOLIVE COMPANY,135000000,0000021665-24-000003,2021-12-31,,,,,,2021,ShareBasedCompensation,False
21665,COLGATE-PALMOLIVE COMPANY,125000000,0000021665-25-000008,2022-12-31,,,,,,2022,ShareBasedCompensation,False
21665,COLGATE-PALMOLIVE COMPANY,122000000,0000021665-26-000006,2023-12-31,,,,,,2023,ShareBasedCompensation,False
21665,COLGATE-PALMOLIVE COMPANY,135000000,0000021665-26-000006,2024-12-31,,,,,,2024,ShareBasedCompensation,False
21665,COLGATE-PALMOLIVE COMPANY,155000000,0000021665-26-000006,2025-12-31,,,,,,2025,ShareBasedCompensation,False
24545,MOLSON COORS BEVERAGE COMPANY,18400000,0000024545-18-000009,2015-12-31,,,,,,2015,ShareBasedCompensation,False
24545,MOLSON COORS BEVERAGE COMPANY,29900000,0000024545-19-000007,2016-12-31,,,,,,2016,ShareBasedCompensation,False
24545,MOLSON COORS BEVERAGE COMPANY,58300000,0000024545-20-000005,2017-12-31,,,,,,2017,ShareBasedCompensation,False
24545,MOLSON COORS BEVERAGE COMPANY,42600000,0000024545-21-000004,2018-12-31,,,,,,2018,ShareBasedCompensation,False
24545,MOLSON COORS BEVERAGE COMPANY,8500000,0000024545-22-000005,2019-12-31,,,,,,2019,ShareBasedCompensation,False
24545,MOLSON COORS BEVERAGE COMPANY,24200000,0000024545-23-000006,2020-12-31,,,,,,2020,ShareBasedCompensation,False
24545,Molson Coors Beverage Company,32100000,0000024545-24-000005,2021-12-31,,,,,,2021,ShareBasedCompensation,False
24545,Molson Coors Beverage Company,33600000,0000024545-25-000007,2022-12-31,,,,,,2022,ShareBasedCompensation,False
24545,MOLSON COORS BEVERAGE COMPANY,44900000,0000024545-26-000006,2023-12-31,,,,,,2023,ShareBasedCompensation,False
24545,MOLSON COORS BEVERAGE COMPANY,43100000,0000024545-26-000006,2024-12-31,,,,,,2024,ShareBasedCompensation,False
24545,MOLSON COORS BEVERAGE COMPANY,35000000,0000024545-26-000006,2025-12-31,,,,,,2025,ShareBasedCompensation,False
24741,CORNING INC /NY,46000000,0000024741-17-000011,2015-12-31,,,,,,2015,ShareBasedCompensation,False
24741,CORNING INC /NY,42000000,0000024741-17-000011,2016-12-31,,,,,,2016,ShareBasedCompensation,False
24741,CORNING INC /NY,46000000,0000024741-20-000014,2017-12-31,,,,,,2017,ShareBasedCompensation,False
24741,CORNING INC /NY,51000000,0001562762-21-000023,2018-12-31,,,,,,2018,ShareBasedCompensation,False
24741,CORNING INC /NY,56000000,0001437749-22-003247,2019-12-31,,,,,,2019,ShareBasedCompensation,False
24741,CORNING INC /NY,207000000,0001437749-23-003123,2020-12-31,,,,,,2020,ShareBasedCompensation,False
24741,CORNING INC /NY,190000000,0001437749-24-003735,2021-12-31,,,,,,2021,ShareBasedCompensation,False
24741,CORNING INC /NY,175000000,0001628280-25-005347,2022-12-31,,,,,,2022,ShareBasedCompensation,False
24741,CORNING INC /NY,218000000,0000024741-26-000124,2023-12-31,,,,,,2023,ShareBasedCompensation,False
24741,CORNING INC /NY,273000000,0000024741-26-000124,2024-12-31,,,,,,2024,ShareBasedCompensation,False
24741,CORNING INC /NY,286000000,0000024741-26-000124,2025-12-31,,,,,,2025,ShareBasedCompensation,False
26172,CUMMINS INC.,24000000,0000026172-18-000011,2015-12-31,,,,,,2015,ShareBasedCompensation,False
26172,CUMMINS INC.,32000000,0000026172-19-000009,2016-12-31,,,,,,2016,ShareBasedCompensation,False
26172,CUMMINS INC.,41000000,0000026172-20-000009,2017-12-31,,,,,,2017,ShareBasedCompensation,False
26172,CUMMINS INC.,53000000,0000026172-21-000012,2018-12-31,,,,,,2018,ShareBasedCompensation,False
26172,CUMMINS INC.,49000000,0000026172-22-000008,2019-12-31,,,,,,2019,ShareBasedCompensation,False
26172,CUMMINS INC.,31000000,0000026172-22-000008,2020-12-31,,,,,,2020,ShareBasedCompensation,False
26172,CUMMINS INC.,37000000,0000026172-22-000008,2021-12-31,,,,,,2021,ShareBasedCompensation,False
27419,TARGET CORP,115000000,0000027419-18-000010,2016-01-30,,,,,,2015,ShareBasedCompensation,False
27419,TARGET CORP,113000000,0000027419-19-000006,2017-01-28,,,,,,2016,ShareBasedCompensation,False
27419,TARGET CORP,112000000,0000027419-20-000008,2018-02-03,,,,,,2017,ShareBasedCompensation,False
27419,TARGET CORPORATION,132000000,0000027419-21-000010,2019-02-02,,,,,,2018,ShareBasedCompensation,False
27419,TARGET CORP,147000000,0000027419-22-000007,2020-02-01,,,,,,2019,ShareBasedCompensation,False
27419,TARGET CORPORATION,200000000,0000027419-23-000015,2021-01-30,,,,,,2020,ShareBasedCompensation,False
27419,TARGET CORPORATION,228000000,0000027419-24-000032,2022-01-29,,,,,,2021,ShareBasedCompensation,False
27419,TARGET CORPORATION,220000000,0000027419-25-000018,2023-01-28,,,,,,2022,ShareBasedCompensation,False
27419,TARGET CORPORATION,251000000,0000027419-26-000016,2024-02-03,,,,,,2023,ShareBasedCompensation,False
27419,TARGET CORPORATION,304000000,0000027419-26-000016,2025-02-01,,,,,,2024,ShareBasedCompensation,False
27419,TARGET CORPORATION,281000000,0000027419-26-000016,2026-01-31,,,,,,2025,ShareBasedCompensation,False
27904,"DELTA AIR LINES, INC.",76000000,0000027904-18-000006,2015-12-31,,,,,,2015,ShareBasedCompensation,False
27904,"DELTA AIR LINES, INC.",154000000,0000027904-19-000003,2016-12-31,,,,,,2016,ShareBasedCompensation,False
27904,"DELTA AIR LINES, INC.",169000000,0000027904-20-000004,2017-12-31,,,,,,2017,ShareBasedCompensation,False
27904,"DELTA AIR LINES, INC.",159000000,0000027904-20-000004,2018-12-31,,,,,,2018,ShareBasedCompensation,False
27904,"DELTA AIR LINES, INC.",161000000,0000027904-20-000004,2019-12-31,,,,,,2019,ShareBasedCompensation,False
29534,DOLLAR GENERAL CORPORATION,38547000,0001558370-18-002366,2016-01-29,,,,,,2015,ShareBasedCompensation,False
29534,DOLLAR GENERAL CORPORATION,36967000,0001558370-19-002383,2017-02-03,,,,,,2016,ShareBasedCompensation,False
29534,DOLLAR GENERAL CORPORATION,34323000,0001558370-20-002915,2018-02-02,,,,,,2017,ShareBasedCompensation,False
29534,DOLLAR GENERAL CORPORATION,40879000,0001558370-21-003245,2019-02-01,,,,,,2018,ShareBasedCompensation,False
29534,DOLLAR GENERAL CORPORATION,48589000,0001558370-22-003921,2020-01-31,,,,,,2019,ShareBasedCompensation,False
29534,DOLLAR GENERAL CORPORATION,68609000,0001558370-23-004574,2021-01-29,,,,,,2020,ShareBasedCompensation,False
29534,DOLLAR GENERAL CORPORATION,78178000,0001558370-24-003813,2022-01-28,,,,,,2021,ShareBasedCompensation,False
29534,DOLLAR GENERAL CORPORATION,72712000,0001558370-25-003413,2023-02-03,,,,,,2022,ShareBasedCompensation,False
29534,DOLLAR GENERAL CORPORATION,51891000,0001104659-26-032325,2024-02-02,,,,,,2023,ShareBasedCompensation,False
29534,DOLLAR GENERAL CORPORATION,58738000,0001104659-26-032325,2025-01-31,,,,,,2024,ShareBasedCompensation,False
29534,DOLLAR GENERAL CORPORATION,91453000,0001104659-26-032325,2026-01-30,,,,,,2025,ShareBasedCompensation,False
29905,DOVER Corp,30697000,0000029905-18-000019,2015-12-31,,,,,,2015,ShareBasedCompensation,False
29905,DOVER Corp,18650000,0000029905-19-000019,2016-12-31,,,,,,2016,ShareBasedCompensation,False
29905,DOVER Corp,24073000,0000029905-20-000011,2017-12-31,,,,,,2017,ShareBasedCompensation,False
29905,DOVER Corp,23698000,0000029905-21-000010,2018-12-31,,,,,,2018,ShareBasedCompensation,False
29905,Dover Corporation,29702000,0000029905-22-000009,2019-12-31,,,,,,2019,ShareBasedCompensation,False
29905,Dover Corporation,25026000,0000029905-23-000008,2020-12-31,,,,,,2020,ShareBasedCompensation,False
29905,Dover Corporation,31111000,0000029905-24-000008,2021-12-31,,,,,,2021,ShareBasedCompensation,False
29905,Dover Corporation,30075000,0000029905-25-000006,2022-12-31,,,,,,2022,ShareBasedCompensation,False
29905,Dover Corporation,30766000,0000029905-26-000009,2023-12-31,,,,,,2023,ShareBasedCompensation,False
29905,Dover Corporation,40359000,0000029905-26-000009,2024-12-31,,,,,,2024,ShareBasedCompensation,False
29905,Dover Corporation,43981000,0000029905-26-000009,2025-12-31,,,,,,2025,ShareBasedCompensation,False
29989,OMNICOM GROUP INC.,99400000,0000029989-18-000004,2015-12-31,,,,,,2015,ShareBasedCompensation,False
29989,OMNICOM GROUP INC.,93400000,0000029989-19-000007,2016-12-31,,,,,,2016,ShareBasedCompensation,False
29989,OMNICOM GROUP INC.,80200000,0000029989-20-000005,2017-12-31,,,,,,2017,ShareBasedCompensation,False
29989,OMNICOM GROUP INC.,70500000,0000029989-21-000004,2018-12-31,,,,,,2018,ShareBasedCompensation,False
29989,OMNICOM GROUP INC.,72500000,0000029989-22-000012,2019-12-31,,,,,,2019,ShareBasedCompensation,False
29989,OMNICOM GROUP INC.,70800000,0000029989-23-000005,2020-12-31,,,,,,2020,ShareBasedCompensation,False
29989,OMNICOM GROUP INC.,84700000,0000029989-24-000007,2021-12-31,,,,,,2021,ShareBasedCompensation,False
29989,OMNICOM GROUP INC.,81700000,0000029989-25-000009,2022-12-31,,,,,,2022,ShareBasedCompensation,False
29989,Omnicom Group Inc.,84800000,0000029989-26-000006,2023-12-31,,,,,,2023,ShareBasedCompensation,False
29989,Omnicom Group Inc.,91400000,0000029989-26-000006,2024-12-31,,,,,,2024,ShareBasedCompensation,False
29989,Omnicom Group Inc.,100800000,0000029989-26-000006,2025-12-31,,,,,,2025,ShareBasedCompensation,False
31462,ECOLAB INC.,78200000,0001558370-18-000999,2015-12-31,,,,,,2015,ShareBasedCompensation,False
31462,ECOLAB INC.,85700000,0001558370-19-001379,2016-12-31,,,,,,2016,ShareBasedCompensation,False
31462,ECOLAB INC.,85500000,0001558370-20-011283,2017-12-31,,,,,,2017,ShareBasedCompensation,False
31462,ECOLAB INC.,88000000,0001558370-21-001916,2018-12-31,,,,,,2018,ShareBasedCompensation,False
31462,ECOLAB INC.,84000000,0001558370-22-002059,2019-12-31,,,,,,2019,ShareBasedCompensation,False
31462,ECOLAB INC.,82100000,0001558370-23-001969,2020-12-31,,,,,,2020,ShareBasedCompensation,False
31462,ECOLAB INC.,89500000,0001558370-24-001581,2021-12-31,,,,,,2021,ShareBasedCompensation,False
31462,ECOLAB INC.,87800000,0001558370-25-001263,2022-12-31,,,,,,2022,ShareBasedCompensation,False
31462,ECOLAB INC.,95100000,0001104659-26-018357,2023-12-31,,,,,,2023,ShareBasedCompensation,False
31462,ECOLAB INC.,134800000,0001104659-26-018357,2024-12-31,,,,,,2024,ShareBasedCompensation,False
31462,ECOLAB INC.,136600000,0001104659-26-018357,2025-12-31,,,,,,2025,ShareBasedCompensation,False
31791,"PERKINELMER, INC",17278000,0000031791-18-000004,2016-01-03,,,,,,2015,ShareBasedCompensation,False
31791,"PERKINELMER, INC",17158000,0000031791-19-000003,2017-01-01,,,,,,2016,ShareBasedCompensation,False
31791,"PERKINELMER, INC",25421000,0000031791-20-000003,2017-12-31,,,,,,2017,ShareBasedCompensation,False
31791,"PERKINELMER, INC",28767000,0000031791-21-000003,2018-12-30,,,,,,2018,ShareBasedCompensation,False
31791,"PERKINELMER, INC.",31514000,0000031791-22-000003,2019-12-29,,,,,,2019,ShareBasedCompensation,False
31791,"PERKINELMER, INC.",26904000,0000031791-23-000004,2021-01-03,,,,,,2020,ShareBasedCompensation,False
31791,"REVVITY, INC.",29675000,0000031791-24-000004,2022-01-02,,,,,,2021,ShareBasedCompensation,False
31791,"REVVITY, INC.",51518000,0000031791-25-000009,2023-01-01,,,,,,2022,ShareBasedCompensation,False
31791,"REVVITY, INC.",41410000,0000031791-26-000012,2023-12-31,,,,,,2023,ShareBasedCompensation,False
31791,"REVVITY, INC.",37809000,0000031791-26-000012,2024-12-29,,,,,,2024,ShareBasedCompensation,False
31791,"REVVITY, INC.",22847000,0000031791-26-000012,2025-12-28,,,,,,2025,ShareBasedCompensation,False
32604,EMERSON ELECTRIC CO,110000000,0000032604-19-000048,2017-09-30,,,,,,2017,ShareBasedCompensation,False
32604,EMERSON ELECTRIC CO,216000000,0000032604-20-000041,2018-09-30,,,,,,2018,ShareBasedCompensation,False
32604,EMERSON ELECTRIC CO,120000000,0000032604-21-000038,2019-09-30,,,,,,2019,ShareBasedCompensation,False
32604,EMERSON ELECTRIC CO.,110000000,0000032604-22-000041,2020-09-30,,,,,,2020,ShareBasedCompensation,False
32604,EMERSON ELECTRIC CO.,197000000,0000032604-23-000044,2021-09-30,,,,,,2021,ShareBasedCompensation,False
32604,EMERSON ELECTRIC CO.,125000000,0000032604-24-000041,2022-09-30,,,,,,2022,ShareBasedCompensation,False
32604,EMERSON ELECTRIC CO.,250000000,0000032604-25-000087,2023-09-30,,,,,,2023,ShareBasedCompensation,False
32604,EMERSON ELECTRIC CO.,260000000,0000032604-25-000087,2024-09-30,,,,,,2024,ShareBasedCompensation,False
32604,EMERSON ELECTRIC CO.,263000000,0000032604-25-000087,2025-09-30,,,,,,2025,ShareBasedCompensation,False
33185,EQUIFAX INC,38400000,0000033185-18-000011,2015-12-31,,,,,,2015,ShareBasedCompensation,False
33185,EQUIFAX INC.,37100000,0000033185-19-000007,2016-12-31,,,,,,2016,ShareBasedCompensation,False
33185,EQUIFAX INC,38300000,0000033185-20-000011,2017-12-31,,,,,,2017,ShareBasedCompensation,False
33185,EQUIFAX INC,42500000,0000033185-21-000025,2018-12-31,,,,,,2018,ShareBasedCompensation,False
33185,EQUIFAX INC.,49700000,0000033185-22-000014,2019-12-31,,,,,,2019,ShareBasedCompensation,False
33185,EQUIFAX INC.,54700000,0000033185-23-000012,2020-12-31,,,,,,2020,ShareBasedCompensation,False
33185,EQUIFAX INC.,54900000,0000033185-24-000017,2021-12-31,,,,,,2021,ShareBasedCompensation,False
33185,EQUIFAX INC.,62600000,0000033185-25-000025,2022-12-31,,,,,,2022,ShareBasedCompensation,False
33185,EQUIFAX INC.,71800000,0000033185-26-000010,2023-12-31,,,,,,2023,ShareBasedCompensation,False
33185,EQUIFAX INC.,81600000,0000033185-26-000010,2024-12-31,,,,,,2024,ShareBasedCompensation,False
33185,EQUIFAX INC.,78400000,0000033185-26-000010,2025-12-31,,,,,,2025,ShareBasedCompensation,False
33213,EQT CORPORATION,58629000,0000033213-18-000003,2015-12-31,,,,,,2015,ShareBasedCompensation,False
33213,EQT CORPORATION,44605000,0000033213-19-000006,2016-12-31,,,,,,2016,ShareBasedCompensation,False
33213,EQT CORPORATION,94592000,0000033213-20-000008,2017-12-31,,,,,,2017,ShareBasedCompensation,False
33213,EQT CORPORATION,25189000,0000033213-21-000006,2018-12-31,,,,,,2018,ShareBasedCompensation,False
33213,EQT CORPORATION,31233000,0000033213-22-000015,2019-12-31,,,,,,2019,ShareBasedCompensation,False
33213,EQT CORPORATION,19552000,0000033213-23-000008,2020-12-31,,,,,,2020,ShareBasedCompensation,False
33213,EQT CORPORATION,28169000,0000033213-24-000008,2021-12-31,,,,,,2021,ShareBasedCompensation,False
33213,EQT CORPORATION,45201000,0000033213-25-000011,2022-12-31,,,,,,2022,ShareBasedCompensation,False
33213,EQT CORPORATION,49834000,0000033213-26-000018,2023-12-31,,,,,,2023,ShareBasedCompensation,False
33213,EQT CORPORATION,158344000,0000033213-26-000018,2024-12-31,,,,,,2024,ShareBasedCompensation,False
33213,EQT CORPORATION,60781000,0000033213-26-000018,2025-12-31,,,,,,2025,ShareBasedCompensation,False
34903,Federal Realty Investment Trust,11206000,0000034903-18-000009,2015-12-31,,,,,,2015,ShareBasedCompensation,False
34903,Federal Realty Investment Trust,9917000,0000034903-19-000013,2016-12-31,,,,,,2016,ShareBasedCompensation,False
34903,Federal Realty Investment Trust,10986000,0000034903-20-000008,2017-12-31,,,,,,2017,ShareBasedCompensation,False
34903,Federal Realty Investment Trust,11719000,0000034903-21-000020,2018-12-31,,,,,,2018,ShareBasedCompensation,False
34903,FEDERAL REALTY INVESTMENT TRUST,12276000,0000034903-22-000023,2019-12-31,,,,,,2019,ShareBasedCompensation,False
34903,FEDERAL REALTY INVESTMENT TRUST,11924000,0000034903-23-000020,2020-12-31,,,,,,2020,ShareBasedCompensation,False
34903,FEDERAL REALTY INVESTMENT TRUST,13009000,0000034903-24-000032,2021-12-31,,,,,,2021,ShareBasedCompensation,False
34903,FEDERAL REALTY INVESTMENT TRUST,13704000,0000034903-25-000016,2022-12-31,,,,,,2022,ShareBasedCompensation,False
34903,FEDERAL REALTY INVESTMENT TRUST,14308000,0000034903-26-000017,2023-12-31,,,,,,2023,ShareBasedCompensation,False
34903,FEDERAL REALTY INVESTMENT TRUST,16357000,0000034903-26-000017,2024-12-31,,,,,,2024,ShareBasedCompensation,False
34903,FEDERAL REALTY INVESTMENT TRUST,14608000,0000034903-26-000017,2025-12-31,,,,,,2025,ShareBasedCompensation,False
35527,Fifth Third Bancorp,100000000,0001193125-18-062301,2015-12-31,,,,,,2015,ShareBasedCompensation,False
35527,Fifth Third Bancorp,111000000,0001193125-19-059441,2016-12-31,,,,,,2016,ShareBasedCompensation,False
35527,Fifth Third Bancorp,118000000,0001193125-20-057751,2017-12-31,,,,,,2017,ShareBasedCompensation,False
35527,Fifth Third Bancorp,127000000,0000035527-21-000100,2018-12-31,,,,,,2018,ShareBasedCompensation,False
35527,FIFTH THIRD BANCORP,132000000,0000035527-22-000119,2019-12-31,,,,,,2019,ShareBasedCompensation,False
35527,FIFTH THIRD BANCORP,123000000,0000035527-23-000122,2020-12-31,,,,,,2020,ShareBasedCompensation,False
35527,FIFTH THIRD BANCORP,120000000,0000035527-24-000088,2021-12-31,,,,,,2021,ShareBasedCompensation,False
35527,FIFTH THIRD BANCORP,165000000,0000035527-25-000079,2022-12-31,,,,,,2022,ShareBasedCompensation,False
35527,Fifth Third Bancorp,169000000,0000035527-26-000124,2023-12-31,,,,,,2023,ShareBasedCompensation,False
35527,Fifth Third Bancorp,164000000,0000035527-26-000124,2024-12-31,,,,,,2024,ShareBasedCompensation,False
35527,Fifth Third Bancorp,163000000,0000035527-26-000124,2025-12-31,,,,,,2025,ShareBasedCompensation,False
37996,FORD MOTOR CO,199000000,0000037996-18-000015,2015-12-31,,,,,,2015,ShareBasedCompensation,False
37996,Ford Motor Co,210000000,0000037996-19-000012,2016-12-31,,,,,,2016,ShareBasedCompensation,False
37996,FORD MOTOR CO,246000000,0000037996-20-000010,2017-12-31,,,,,,2017,ShareBasedCompensation,False
37996,FORD MOTOR CO,191000000,0000037996-21-000012,2018-12-31,,,,,,2018,ShareBasedCompensation,False
37996,Ford Motor Co,228000000,0000037996-22-000013,2019-12-31,,,,,,2019,ShareBasedCompensation,False
37996,Ford Motor Co,199000000,0000037996-23-000012,2020-12-31,,,,,,2020,ShareBasedCompensation,False
37996,Ford Motor Co,305000000,0000037996-24-000009,2021-12-31,,,,,,2021,ShareBasedCompensation,False
37996,Ford Motor Co,336000000,0000037996-25-000013,2022-12-31,,,,,,2022,ShareBasedCompensation,False
37996,Ford Motor Co,460000000,0000037996-26-000015,2023-12-31,,,,,,2023,ShareBasedCompensation,False
37996,Ford Motor Co,511000000,0000037996-26-000015,2024-12-31,,,,,,2024,ShareBasedCompensation,False
37996,Ford Motor Co,510000000,0000037996-26-000015,2025-12-31,,,,,,2025,ShareBasedCompensation,False
38777,"FRANKLIN RESOURCES, INC.",140000000,0000038777-17-000268,2015-09-30,,,,,,2015,ShareBasedCompensation,False
38777,"FRANKLIN RESOURCES, INC.",131500000,0000038777-18-000233,2016-09-30,,,,,,2016,ShareBasedCompensation,False
38777,"FRANKLIN RESOURCES, INC.",123400000,0000038777-19-000186,2017-09-30,,,,,,2017,ShareBasedCompensation,False
38777,"FRANKLIN RESOURCES, INC.",117800000,0000038777-20-000203,2018-09-30,,,,,,2018,ShareBasedCompensation,False
38777,"FRANKLIN RESOURCES, INC.",111500000,0000038777-21-000205,2019-09-30,,,,,,2019,ShareBasedCompensation,False
38777,"FRANKLIN RESOURCES, INC.",122300000,0000038777-22-000198,2020-09-30,,,,,,2020,ShareBasedCompensation,False
38777,"FRANKLIN RESOURCES, INC.",171900000,0000038777-23-000169,2021-09-30,,,,,,2021,ShareBasedCompensation,False
38777,"FRANKLIN RESOURCES, INC.",208200000,0000038777-24-000206,2022-09-30,,,,,,2022,ShareBasedCompensation,False
38777,"FRANKLIN RESOURCES, INC.",182600000,0000038777-25-000238,2023-09-30,,,,,,2023,ShareBasedCompensation,False
38777,"FRANKLIN RESOURCES, INC.",246100000,0000038777-25-000238,2024-09-30,,,,,,2024,ShareBasedCompensation,False
38777,"FRANKLIN RESOURCES, INC.",214800000,0000038777-25-000238,2025-09-30,,,,,,2025,ShareBasedCompensation,False
40533,GENERAL DYNAMICS CORPORATION,98000000,0000040533-18-000008,2015-12-31,,,,,,2015,ShareBasedCompensation,False
40533,GENERAL DYNAMICS CORPORATION,95000000,0000040533-19-000010,2016-12-31,,,,,,2016,ShareBasedCompensation,False
40533,GENERAL DYNAMICS CORPORATION,123000000,0000040533-20-000015,2017-12-31,,,,,,2017,ShareBasedCompensation,False
40533,GENERAL DYNAMICS CORPORATION,140000000,0000040533-21-000010,2018-12-31,,,,,,2018,ShareBasedCompensation,False
40533,GENERAL DYNAMICS CORPORATION,133000000,0000040533-22-000007,2019-12-31,,,,,,2019,ShareBasedCompensation,False
40533,GENERAL DYNAMICS CORPORATION,128000000,0000040533-23-000014,2020-12-31,,,,,,2020,ShareBasedCompensation,False
40533,GENERAL DYNAMICS CORPORATION,126000000,0000040533-24-000007,2021-12-31,,,,,,2021,ShareBasedCompensation,False
40533,GENERAL DYNAMICS CORPORATION,165000000,0000040533-25-000008,2022-12-31,,,,,,2022,ShareBasedCompensation,False
40533,GENERAL DYNAMICS CORPORATION,181000000,0000040533-26-000006,2023-12-31,,,,,,2023,ShareBasedCompensation,False
40533,GENERAL DYNAMICS CORPORATION,183000000,0000040533-26-000006,2024-12-31,,,,,,2024,ShareBasedCompensation,False
40533,GENERAL DYNAMICS CORPORATION,196000000,0000040533-26-000006,2025-12-31,,,,,,2025,ShareBasedCompensation,False
40704,GENERAL MILLS INC,89800000,0001193125-18-209377,2016-05-29,,,,,,2015,ShareBasedCompensation,False
40704,GENERAL MILLS INC,95700000,0001193125-19-184675,2017-05-28,,,,,,2016,ShareBasedCompensation,False
40704,GENERAL MILLS INC,77000000,0001193125-20-186469,2018-05-27,,,,,,2017,ShareBasedCompensation,False
40704,GENERAL MILLS INC,84900000,0001193125-21-204830,2019-05-26,,,,,,2018,ShareBasedCompensation,False
40704,"GENERAL MILLS, INC.",94900000,0001193125-22-185257,2020-05-31,,,,,,2019,ShareBasedCompensation,False
40704,"GENERAL MILLS, INC.",89900000,0001193125-23-177500,2021-05-30,,,,,,2020,ShareBasedCompensation,False
40704,"GENERAL MILLS, INC.",98700000,0001193125-24-168943,2022-05-29,,,,,,2021,ShareBasedCompensation,False
40704,"GENERAL MILLS, INC.",111700000,0001193125-25-147079,2023-05-28,,,,,,2022,ShareBasedCompensation,False
40704,"GENERAL MILLS, INC.",95300000,0001628280-26-046466,2024-05-26,,,,,,2023,ShareBasedCompensation,False
40704,"GENERAL MILLS, INC.",91700000,0001628280-26-046466,2025-05-25,,,,,,2024,ShareBasedCompensation,False
40704,"GENERAL MILLS, INC.",79400000,0001628280-26-046466,2026-05-31,,,,,,2025,ShareBasedCompensation,False
40987,GENUINE PARTS CO,17717000,0000040987-18-000002,2015-12-31,,,,,,2015,ShareBasedCompensation,False
40987,GENUINE PARTS CO,19719000,0000040987-19-000015,2016-12-31,,,,,,2016,ShareBasedCompensation,False
40987,GENUINE PARTS CO,14031000,0000040987-20-000048,2017-12-31,,,,,,2017,ShareBasedCompensation,False
40987,GENUINE PARTS CO,17737000,0000040987-21-000009,2018-12-31,,,,,,2018,ShareBasedCompensation,False
40987,GENUINE PARTS CO,28703000,0000040987-22-000013,2019-12-31,,,,,,2019,ShareBasedCompensation,False
40987,GENUINE PARTS CO,22621000,0000040987-23-000008,2020-12-31,,,,,,2020,ShareBasedCompensation,False
40987,GENUINE PARTS CO,25597000,0000040987-24-000024,2021-12-31,,,,,,2021,ShareBasedCompensation,False
40987,GENUINE PARTS CO,38058000,0000040987-25-000026,2022-12-31,,,,,,2022,ShareBasedCompensation,False
40987,GENUINE PARTS CO,57226000,0000040987-26-000003,2023-12-31,,,,,,2023,ShareBasedCompensation,False
40987,GENUINE PARTS CO,40693000,0000040987-26-000003,2024-12-31,,,,,,2024,ShareBasedCompensation,False
40987,GENUINE PARTS CO,48847000,0000040987-26-000003,2025-12-31,,,,,,2025,ShareBasedCompensation,False
46080,"Hasbro, Inc.",53880000,0001193125-18-058659,2015-12-27,,,,,,2015,ShareBasedCompensation,False
46080,"Hasbro, Inc.",61624000,0001193125-19-052025,2016-12-25,,,,,,2016,ShareBasedCompensation,False
46080,"Hasbro, Inc.",56032000,0000046080-20-000028,2017-12-31,,,,,,2017,ShareBasedCompensation,False
46080,"Hasbro, Inc.",27892000,0000046080-21-000035,2018-12-30,,,,,,2018,ShareBasedCompensation,False
46080,"Hasbro, Inc.",28000000,0000046080-22-000023,2019-12-29,,,,,,2019,ShareBasedCompensation,False
46080,"Hasbro, Inc.",49700000,0000046080-23-000017,2020-12-27,,,,,,2020,ShareBasedCompensation,False
46080,"Hasbro, Inc.",97800000,0000046080-24-000034,2021-12-26,,,,,,2021,ShareBasedCompensation,False
46080,"Hasbro, Inc.",83400000,0000046080-25-000027,2022-12-25,,,,,,2022,ShareBasedCompensation,False
46080,"Hasbro, Inc.",72400000,0000046080-26-000011,2023-12-31,,,,,,2023,ShareBasedCompensation,False
46080,"Hasbro, Inc.",50800000,0000046080-26-000011,2024-12-29,,,,,,2024,ShareBasedCompensation,False
46080,"Hasbro, Inc.",80400000,0000046080-26-000011,2025-12-28,,,,,,2025,ShareBasedCompensation,False
47111,HERSHEY CO,51533000,0000047111-18-000029,2015-12-31,,,,,,2015,ShareBasedCompensation,False
47111,HERSHEY CO,54785000,0000047111-19-000010,2016-12-31,,,,,,2016,ShareBasedCompensation,False
47111,HERSHEY CO,51061000,0000047111-20-000007,2017-12-31,,,,,,2017,ShareBasedCompensation,False
47111,HERSHEY CO,49286000,0000047111-21-000007,2018-12-31,,,,,,2018,ShareBasedCompensation,False
47111,HERSHEY CO,51899000,0000047111-22-000017,2019-12-31,,,,,,2019,ShareBasedCompensation,False
47111,HERSHEY CO,57584000,0000047111-23-000012,2020-12-31,,,,,,2020,ShareBasedCompensation,False
47111,HERSHEY CO,66711000,0000047111-24-000009,2021-12-31,,,,,,2021,ShareBasedCompensation,False
47111,HERSHEY CO,65991000,0000047111-25-000014,2022-12-31,,,,,,2022,ShareBasedCompensation,False
47111,THE HERSHEY COMPANY,81021000,0001628280-26-008586,2023-12-31,,,,,,2023,ShareBasedCompensation,False
47111,THE HERSHEY COMPANY,44414000,0001628280-26-008586,2024-12-31,,,,,,2024,ShareBasedCompensation,False
47111,THE HERSHEY COMPANY,65460000,0001628280-26-008586,2025-12-31,,,,,,2025,ShareBasedCompensation,False
47217,HP INC.,709000000,0000047217-17-000045,2015-10-31,,,,,,2015,ShareBasedCompensation,False
47217,HP INC.,182000000,0000047217-18-000052,2016-10-31,,,,,,2016,ShareBasedCompensation,False
47217,HP INC.,224000000,0000047217-19-000071,2017-10-31,,,,,,2017,ShareBasedCompensation,False
47217,HP INC.,268000000,0000047217-20-000045,2018-10-31,,,,,,2018,ShareBasedCompensation,False
47217,HP INC.,297000000,0000047217-21-000060,2019-10-31,,,,,,2019,ShareBasedCompensation,False
47217,HP Inc.,278000000,0000047217-23-000075,2020-10-31,,,,,,2020,ShareBasedCompensation,False
47217,HP Inc.,330000000,0000047217-23-000100,2021-10-31,,,,,,2021,ShareBasedCompensation,False
47217,HP Inc.,343000000,0000047217-24-000080,2022-10-31,,,,,,2022,ShareBasedCompensation,False
47217,HP Inc.,438000000,0000047217-25-000071,2023-10-31,,,,,,2023,ShareBasedCompensation,False
47217,HP Inc.,452000000,0000047217-25-000071,2024-10-31,,,,,,2024,ShareBasedCompensation,False
47217,HP Inc.,522000000,0000047217-25-000071,2025-10-31,,,,,,2025,ShareBasedCompensation,False
48465,HORMEL FOODS CORPORATION,15717000,0001104659-17-074227,2015-10-25,,,,,,2015,ShareBasedCompensation,False
48465,HORMEL FOODS CORPORATION,17829000,0000048465-18-000046,2016-10-30,,,,,,2016,ShareBasedCompensation,False
48465,HORMEL FOODS CORPORATION,15591000,0000048465-19-000057,2017-10-29,,,,,,2017,ShareBasedCompensation,False
48465,HORMEL FOODS CORPORATION,20595000,0000048465-20-000043,2018-10-28,,,,,,2018,ShareBasedCompensation,False
48465,HORMEL FOODS CORPORATION,19707000,0000048465-21-000067,2019-10-27,,,,,,2019,ShareBasedCompensation,False
48465,HORMEL FOODS CORPORATION,22458000,0000048465-22-000051,2020-10-25,,,,,,2020,ShareBasedCompensation,False
48465,HORMEL FOODS CORPORATION,24744000,0000048465-23-000083,2021-10-31,,,,,,2021,ShareBasedCompensation,False
48465,HORMEL FOODS CORPORATION,24943000,0000048465-24-000051,2022-10-30,,,,,,2022,ShareBasedCompensation,False
48465,HORMEL FOODS CORPORATION,24077000,0000048465-25-000059,2023-10-29,,,,,,2023,ShareBasedCompensation,False
48465,HORMEL FOODS CORPORATION,23233000,0000048465-25-000059,2024-10-27,,,,,,2024,ShareBasedCompensation,False
48465,HORMEL FOODS CORPORATION,25602000,0000048465-25-000059,2025-10-26,,,,,,2025,ShareBasedCompensation,False
48898,HUBBELL INC,17000000,0001628280-18-001740,2015-12-31,,,,,,2015,ShareBasedCompensation,False
48898,HUBBELL INC,22300000,0001628280-19-001446,2016-12-31,,,,,,2016,ShareBasedCompensation,False
48898,HUBBELL INC,22300000,0001628280-20-001557,2017-12-31,,,,,,2017,ShareBasedCompensation,False
48898,HUBBELL INC,24200000,0001628280-21-001868,2018-12-31,,,,,,2018,ShareBasedCompensation,False
48898,HUBBELL INC,14500000,0001628280-22-002255,2019-12-31,,,,,,2019,ShareBasedCompensation,False
48898,HUBBELL INC,21900000,0001628280-23-002875,2020-12-31,,,,,,2020,ShareBasedCompensation,False
48898,HUBBELL INC,17500000,0001628280-24-003792,2021-12-31,,,,,,2021,ShareBasedCompensation,False
48898,HUBBELL INC,24500000,0001628280-25-005311,2022-12-31,,,,,,2022,ShareBasedCompensation,False
48898,HUBBELL INC,26500000,0001628280-26-007500,2023-12-31,,,,,,2023,ShareBasedCompensation,False
48898,HUBBELL INC,30600000,0001628280-26-007500,2024-12-31,,,,,,2024,ShareBasedCompensation,False
48898,HUBBELL INC,33000000,0001628280-26-007500,2025-12-31,,,,,,2025,ShareBasedCompensation,False
49071,Humana Inc.,109000000,0000049071-18-000014,2015-12-31,,,,,,2015,ShareBasedCompensation,False
49071,Humana Inc.,115000000,0000049071-19-000023,2016-12-31,,,,,,2016,ShareBasedCompensation,False
49071,Humana Inc.,157000000,0000049071-20-000032,2017-12-31,,,,,,2017,ShareBasedCompensation,False
49071,Humana Inc.,137000000,0000049071-21-000039,2018-12-31,,,,,,2018,ShareBasedCompensation,False
49071,HUMANA INC.,163000000,0000049071-22-000017,2019-12-31,,,,,,2019,ShareBasedCompensation,False
49071,HUMANA INC.,181000000,0000049071-23-000011,2020-12-31,,,,,,2020,ShareBasedCompensation,False
49071,HUMANA INC.,180000000,0000049071-24-000012,2021-12-31,,,,,,2021,ShareBasedCompensation,False
49071,HUMANA INC.,216000000,0000049071-25-000007,2022-12-31,,,,,,2022,ShareBasedCompensation,False
49071,HUMANA INC.,175000000,0000049071-26-000009,2023-12-31,,,,,,2023,ShareBasedCompensation,False
49071,HUMANA INC.,207000000,0000049071-26-000009,2024-12-31,,,,,,2024,ShareBasedCompensation,False
49071,HUMANA INC.,241000000,0000049071-26-000009,2025-12-31,,,,,,2025,ShareBasedCompensation,False
49196,Huntington Bancshares Incorporated,51000000,0000049196-18-000008,2015-12-31,,,,,,2015,ShareBasedCompensation,False
49196,Huntington Bancshares Incorporated,66000000,0000049196-19-000018,2016-12-31,,,,,,2016,ShareBasedCompensation,False
49196,Huntington Bancshares Incorporated,92000000,0000049196-20-000010,2017-12-31,,,,,,2017,ShareBasedCompensation,False
49196,Huntington Bancshares Incorporated,78000000,0000049196-21-000018,2018-12-31,,,,,,2018,ShareBasedCompensation,False
49196,Huntington Bancshares Incorporated,83000000,0000049196-22-000023,2019-12-31,,,,,,2019,ShareBasedCompensation,False
49196,Huntington Bancshares Incorporated,77000000,0000049196-23-000020,2020-12-31,,,,,,2020,ShareBasedCompensation,False
49196,Huntington Bancshares Incorporated,129000000,0000049196-24-000020,2021-12-31,,,,,,2021,ShareBasedCompensation,False
49196,Huntington Bancshares Incorporated,105000000,0000049196-25-000020,2022-12-31,,,,,,2022,ShareBasedCompensation,False
49196,Huntington Bancshares Incorporated,97000000,0000049196-26-000015,2023-12-31,,,,,,2023,ShareBasedCompensation,False
49196,Huntington Bancshares Incorporated,106000000,0000049196-26-000015,2024-12-31,,,,,,2024,ShareBasedCompensation,False
49196,Huntington Bancshares Incorporated,113000000,0000049196-26-000015,2025-12-31,,,,,,2025,ShareBasedCompensation,False
49826,ILLINOIS TOOL WORKS INC.,41000000,0000049826-18-000017,2015-12-31,,,,,,2015,ShareBasedCompensation,False
49826,ILLINOIS TOOL WORKS INC.,39000000,0000049826-19-000021,2016-12-31,,,,,,2016,ShareBasedCompensation,False
49826,ILLINOIS TOOL WORKS INC.,36000000,0000049826-20-000020,2017-12-31,,,,,,2017,ShareBasedCompensation,False
49826,ILLINOIS TOOL WORKS INC.,40000000,0000049826-21-000007,2018-12-31,,,,,,2018,ShareBasedCompensation,False
49826,ILLINOIS TOOL WORKS INC,41000000,0000049826-22-000006,2019-12-31,,,,,,2019,ShareBasedCompensation,False
49826,ILLINOIS TOOL WORKS INC,42000000,0000049826-23-000008,2020-12-31,,,,,,2020,ShareBasedCompensation,False
49826,ILLINOIS TOOL WORKS INC,53000000,0000049826-24-000008,2021-12-31,,,,,,2021,ShareBasedCompensation,False
49826,ILLINOIS TOOL WORKS INC,63000000,0000049826-25-000007,2022-12-31,,,,,,2022,ShareBasedCompensation,False
49826,ILLINOIS TOOL WORKS INC,69000000,0000049826-26-000008,2023-12-31,,,,,,2023,ShareBasedCompensation,False
49826,ILLINOIS TOOL WORKS INC,61000000,0000049826-26-000008,2024-12-31,,,,,,2024,ShareBasedCompensation,False
49826,ILLINOIS TOOL WORKS INC,69000000,0000049826-26-000008,2025-12-31,,,,,,2025,ShareBasedCompensation,False
50863,INTEL CORP,1305000000,0000050863-18-000007,2015-12-26,,,,,,2015,ShareBasedCompensation,False
50863,INTEL CORP,1444000000,0000050863-19-000007,2016-12-31,,,,,,2016,ShareBasedCompensation,False
50863,INTEL CORP,1358000000,0000050863-20-000011,2017-12-30,,,,,,2017,ShareBasedCompensation,False
50863,INTEL CORP,1546000000,0000050863-21-000010,2018-12-29,,,,,,2018,ShareBasedCompensation,False
50863,INTEL CORPORATION,1705000000,0000050863-22-000007,2019-12-28,,,,,,2019,ShareBasedCompensation,False
50863,INTEL CORPORATION,1854000000,0000050863-23-000006,2020-12-26,,,,,,2020,ShareBasedCompensation,False
50863,INTEL CORPORATION,2036000000,0000050863-24-000010,2021-12-25,,,,,,2021,ShareBasedCompensation,False
50863,INTEL CORPORATION,3128000000,0000050863-25-000009,2022-12-31,,,,,,2022,ShareBasedCompensation,False
50863,INTEL CORPORATION,3229000000,0000050863-26-000011,2023-12-30,,,,,,2023,ShareBasedCompensation,False
50863,INTEL CORPORATION,3410000000,0000050863-26-000011,2024-12-28,,,,,,2024,ShareBasedCompensation,False
50863,INTEL CORPORATION,2434000000,0000050863-26-000011,2025-12-27,,,,,,2025,ShareBasedCompensation,False
51143,INTERNATIONAL BUSINESS MACHINES CORPORATION,468000000,0001047469-18-001117,2015-12-31,,,,,,2015,ShareBasedCompensation,False
51143,INTERNATIONAL BUSINESS MACHINES CORPORATION,544000000,0001047469-19-000712,2016-12-31,,,,,,2016,ShareBasedCompensation,False
51143,INTERNATIONAL BUSINESS MACHINES CORPORATION,534000000,0001558370-20-001334,2017-12-31,,,,,,2017,ShareBasedCompensation,False
51143,INTERNATIONAL BUSINESS MACHINES CORPORATION,510000000,0001558370-21-001489,2018-12-31,,,,,,2018,ShareBasedCompensation,False
51143,INTERNATIONAL BUSINESS MACHINES CORPORATION,679000000,0001558370-22-001584,2019-12-31,,,,,,2019,ShareBasedCompensation,False
51143,INTERNATIONAL BUSINESS MACHINES CORPORATION,937000000,0001558370-23-002376,2020-12-31,,,,,,2020,ShareBasedCompensation,False
51143,INTERNATIONAL BUSINESS MACHINES CORPORATION,982000000,0000051143-24-000012,2021-12-31,,,,,,2021,ShareBasedCompensation,False
51143,INTERNATIONAL BUSINESS MACHINES CORPORATION,987000000,0000051143-25-000015,2022-12-31,,,,,,2022,ShareBasedCompensation,False
51143,INTERNATIONAL BUSINESS MACHINES CORPORATION,1133000000,0000051143-26-000010,2023-12-31,,,,,,2023,ShareBasedCompensation,False
51143,INTERNATIONAL BUSINESS MACHINES CORPORATION,1311000000,0000051143-26-000010,2024-12-31,,,,,,2024,ShareBasedCompensation,False
51143,INTERNATIONAL BUSINESS MACHINES CORPORATION,1715000000,0000051143-26-000010,2025-12-31,,,,,,2025,ShareBasedCompensation,False
51253,INTERNATIONAL FLAVORS & FRAGRANCES INC,23160000,0000051253-18-000005,2015-12-31,,,,,,2015,ShareBasedCompensation,False
51253,INTERNATIONAL FLAVORS & FRAGRANCES INC,24587000,0000051253-19-000004,2016-12-31,,,,,,2016,ShareBasedCompensation,False
51253,INTERNATIONAL FLAVORS & FRAGRANCES INC,26567000,0000051253-20-000026,2017-12-31,,,,,,2017,ShareBasedCompensation,False
51253,INTERNATIONAL FLAVORS & FRAGRANCES INC,29401000,0000051253-21-000011,2018-12-31,,,,,,2018,ShareBasedCompensation,False
51253,INTERNATIONAL FLAVORS & FRAGRANCES INC,34000000,0000051253-22-000007,2019-12-31,,,,,,2019,ShareBasedCompensation,False
51253,INTERNATIONAL FLAVORS & FRAGRANCES INC,36000000,0000051253-23-000009,2020-12-31,,,,,,2020,ShareBasedCompensation,False
51253,INTERNATIONAL FLAVORS & FRAGRANCES INC,54000000,0000051253-24-000006,2021-12-31,,,,,,2021,ShareBasedCompensation,False
51253,INTERNATIONAL FLAVORS & FRAGRANCES INC,49000000,0000051253-25-000013,2022-12-31,,,,,,2022,ShareBasedCompensation,False
51253,INTERNATIONAL FLAVORS & FRAGRANCES INC,65000000,0000051253-26-000006,2023-12-31,,,,,,2023,ShareBasedCompensation,False
51253,INTERNATIONAL FLAVORS & FRAGRANCES INC,77000000,0000051253-26-000006,2024-12-31,,,,,,2024,ShareBasedCompensation,False
51253,INTERNATIONAL FLAVORS & FRAGRANCES INC,88000000,0000051253-26-000006,2025-12-31,,,,,,2025,ShareBasedCompensation,False
52988,Jacobs Engineering Group Inc.,41412000,0001564590-17-024192,2015-10-02,,,,,,2015,ShareBasedCompensation,False
52988,Jacobs Solutions Inc.,32370000,0000052988-18-000036,2016-09-30,,,,,,2016,ShareBasedCompensation,False
52988,Jacobs Engineering Group Inc.,38764000,0000052988-19-000069,2017-09-29,,,,,,2017,ShareBasedCompensation,False
52988,Jacobs Solutions Inc.,79242000,0000052988-20-000070,2018-09-28,,,,,,2018,ShareBasedCompensation,False
52988,Jacobs Engineering Group Inc.,69137000,0000052988-21-000065,2019-09-27,,,,,,2019,ShareBasedCompensation,False
52988,Jacobs Solutions Inc.,48150000,0000052988-22-000111,2020-10-02,,,,,,2020,ShareBasedCompensation,False
52988,JACOBS SOLUTIONS INC.,56221000,0000052988-23-000084,2021-10-01,,,,,,2021,ShareBasedCompensation,False
52988,Jacobs Solutions Inc.,53383000,0000052988-24-000065,2022-09-30,,,,,,2022,ShareBasedCompensation,False
52988,Jacobs Solutions Inc.,74337000,0001628280-25-053316,2023-09-29,,,,,,2023,ShareBasedCompensation,False
52988,Jacobs Solutions Inc.,74193000,0001628280-25-053316,2024-09-27,,,,,,2024,ShareBasedCompensation,False
52988,Jacobs Solutions Inc.,60960000,0001628280-25-053316,2025-09-26,,,,,,2025,ShareBasedCompensation,False
55785,KIMBERLY-CLARK CORPORATION,75000000,0000055785-18-000014,2015-12-31,,,,,,2015,ShareBasedCompensation,False
55785,KIMBERLY-CLARK CORPORATION,77000000,0000055785-19-000013,2016-12-31,,,,,,2016,ShareBasedCompensation,False
55785,KIMBERLY-CLARK CORPORATION,76000000,0000055785-20-000016,2017-12-31,,,,,,2017,ShareBasedCompensation,False
55785,KIMBERLY-CLARK CORPORATION,41000000,0000055785-21-000016,2018-12-31,,,,,,2018,ShareBasedCompensation,False
55785,KIMBERLY-CLARK CORPORATION,96000000,0000055785-22-000010,2019-12-31,,,,,,2019,ShareBasedCompensation,False
55785,KIMBERLY-CLARK CORPORATION,147000000,0000055785-23-000012,2020-12-31,,,,,,2020,ShareBasedCompensation,False
55785,KIMBERLY-CLARK CORPORATION,26000000,0000055785-24-000018,2021-12-31,,,,,,2021,ShareBasedCompensation,False
55785,KIMBERLY-CLARK CORPORATION,150000000,0001628280-25-055209,2022-12-31,,,,,,2022,ShareBasedCompensation,False
55785,KIMBERLY-CLARK CORPORATION,169000000,0001628280-26-007567,2023-12-31,,,,,,2023,ShareBasedCompensation,False
55785,KIMBERLY-CLARK CORPORATION,131000000,0001628280-26-007567,2024-12-31,,,,,,2024,ShareBasedCompensation,False
55785,KIMBERLY-CLARK CORPORATION,140000000,0001628280-26-007567,2025-12-31,,,,,,2025,ShareBasedCompensation,False
56873,The Kroger Co.,165000000,0001558370-18-003055,2016-01-30,,,,,,2015,ShareBasedCompensation,False
56873,The Kroger Co.,141000000,0001558370-19-002756,2017-01-28,,,,,,2016,ShareBasedCompensation,False
56873,The Kroger Co.,151000000,0001558370-20-003501,2018-02-03,,,,,,2017,ShareBasedCompensation,False
56873,The Kroger Co.,154000000,0001558370-21-003706,2019-02-02,,,,,,2018,ShareBasedCompensation,False
56873,THE KROGER CO.,155000000,0001558370-22-004595,2020-02-01,,,,,,2019,ShareBasedCompensation,False
56873,THE KROGER CO.,185000000,0001558370-23-004767,2021-01-30,,,,,,2020,ShareBasedCompensation,False
56873,THE KROGER CO.,203000000,0001558370-24-004603,2022-01-29,,,,,,2021,ShareBasedCompensation,False
56873,KROGER CO,190000000,0001558370-25-004267,2023-01-28,,,,,,2022,ShareBasedCompensation,False
56873,KROGER CO,172000000,0001104659-26-037723,2024-02-03,,,,,,2023,ShareBasedCompensation,False
56873,KROGER CO,175000000,0001104659-26-037723,2025-02-01,,,,,,2024,ShareBasedCompensation,False
56873,KROGER CO,157000000,0001104659-26-037723,2026-01-31,,,,,,2025,ShareBasedCompensation,False
59478,ELI LILLY & Co,217800000,0000059478-18-000089,2015-12-31,,,,,,2015,ShareBasedCompensation,False
59478,ELI LILLY AND COMPANY,255300000,0000059478-19-000274,2016-12-31,,,,,,2016,ShareBasedCompensation,False
59478,ELI LILLY AND COMPANY,281300000,0000059478-20-000057,2017-12-31,,,,,,2017,ShareBasedCompensation,False
59478,ELI LILLY & Co,279500000,0000059478-21-000083,2018-12-31,,,,,,2018,ShareBasedCompensation,False
59478,ELI LILLY AND COMPANY,312400000,0000059478-22-000068,2019-12-31,,,,,,2019,ShareBasedCompensation,False
59478,ELI LILLY AND COMPANY,308100000,0000059478-23-000082,2020-12-31,,,,,,2020,ShareBasedCompensation,False
59478,ELI LILLY AND COMPANY,342800000,0000059478-24-000065,2021-12-31,,,,,,2021,ShareBasedCompensation,False
59478,ELI LILLY AND COMPANY,371100000,0000059478-25-000067,2022-12-31,,,,,,2022,ShareBasedCompensation,False
59478,ELI LILLY AND COMPANY,629000000,0000059478-26-000013,2023-12-31,,,,,,2023,ShareBasedCompensation,False
59478,ELI LILLY AND COMPANY,646000000,0000059478-26-000013,2024-12-31,,,,,,2024,ShareBasedCompensation,False
59478,ELI LILLY AND COMPANY,626000000,0000059478-26-000013,2025-12-31,,,,,,2025,ShareBasedCompensation,False
60667,LOWES COMPANIES INC,117000000,0000060667-18-000051,2016-01-29,,,,,,2015,ShareBasedCompensation,False
60667,"LOWE’S COMPANIES, INC",90000000,0000060667-19-000042,2017-02-03,,,,,,2016,ShareBasedCompensation,False
60667,"LOWE’S COMPANIES, INC",99000000,0000060667-20-000036,2018-02-02,,,,,,2017,ShareBasedCompensation,False
60667,LOWES COMPANIES INC,74000000,0000060667-21-000026,2019-02-01,,,,,,2018,ShareBasedCompensation,False
60667,LOWES COMPANIES INC,98000000,0000060667-22-000038,2020-01-31,,,,,,2019,ShareBasedCompensation,False
60667,LOWES COMPANIES INC,155000000,0000060667-23-000034,2021-01-29,,,,,,2020,ShareBasedCompensation,False
60667,LOWES COMPANIES INC,230000000,0000060667-24-000033,2022-01-28,,,,,,2021,ShareBasedCompensation,False
60667,"LOWE’S COMPANIES, INC",223000000,0000060667-25-000049,2023-02-03,,,,,,2022,ShareBasedCompensation,False
60667,"LOWE’S COMPANIES, INC",210000000,0000060667-26-000029,2024-02-02,,,,,,2023,ShareBasedCompensation,False
60667,"LOWE’S COMPANIES, INC",221000000,0000060667-26-000029,2025-01-31,,,,,,2024,ShareBasedCompensation,False
60667,"LOWE’S COMPANIES, INC",247000000,0000060667-26-000029,2026-01-30,,,,,,2025,ShareBasedCompensation,False
62709,"Marsh & McLennan Companies, Inc.",88000000,0000062709-18-000020,2015-12-31,,,,,,2015,ShareBasedCompensation,False
62709,"Marsh & McLennan Companies, Inc.",109000000,0000062709-19-000010,2016-12-31,,,,,,2016,ShareBasedCompensation,False
62709,"Marsh & McLennan Companies, Inc.",149000000,0000062709-20-000010,2017-12-31,,,,,,2017,ShareBasedCompensation,False
62709,"Marsh & McLennan Companies, Inc.",193000000,0000062709-21-000008,2018-12-31,,,,,,2018,ShareBasedCompensation,False
62709,"Marsh & McLennan Companies, Inc.",252000000,0000062709-22-000009,2019-12-31,,,,,,2019,ShareBasedCompensation,False
62709,"Marsh & McLennan Companies, Inc.",290000000,0000062709-23-000014,2020-12-31,,,,,,2020,ShareBasedCompensation,False
62709,"Marsh & McLennan Companies, Inc.",348000000,0000062709-24-000016,2021-12-31,,,,,,2021,ShareBasedCompensation,False
62709,"Marsh & McLennan Companies, Inc.",367000000,0000062709-25-000015,2022-12-31,,,,,,2022,ShareBasedCompensation,False
62709,"Marsh & McLennan Companies, Inc.",363000000,0000062709-26-000022,2023-12-31,,,,,,2023,ShareBasedCompensation,False
62709,"Marsh & McLennan Companies, Inc.",368000000,0000062709-26-000022,2024-12-31,,,,,,2024,ShareBasedCompensation,False
62709,"Marsh & McLennan Companies, Inc.",394000000,0000062709-26-000022,2025-12-31,,,,,,2025,ShareBasedCompensation,False
62996,Masco Corporation,41000000,0000062996-18-000015,2015-12-31,,,,,,2015,ShareBasedCompensation,False
62996,Masco Corporation,29000000,0000062996-19-000011,2016-12-31,,,,,,2016,ShareBasedCompensation,False
62996,Masco Corporation,38000000,0000062996-20-000006,2017-12-31,,,,,,2017,ShareBasedCompensation,False
62996,Masco Corporation,27000000,0000062996-21-000008,2018-12-31,,,,,,2018,ShareBasedCompensation,False
62996,MASCO CORPORATION,35000000,0000062996-22-000011,2019-12-31,,,,,,2019,ShareBasedCompensation,False
62996,MASCO CORPORATION,45000000,0000062996-23-000008,2020-12-31,,,,,,2020,ShareBasedCompensation,False
62996,Masco Corporation,61000000,0000062996-24-000006,2021-12-31,,,,,,2021,ShareBasedCompensation,False
62996,Masco Corporation,49000000,0000062996-25-000004,2022-12-31,,,,,,2022,ShareBasedCompensation,False
62996,Masco Corporation,31000000,0000062996-26-000005,2023-12-31,,,,,,2023,ShareBasedCompensation,False
62996,Masco Corporation,39000000,0000062996-26-000005,2024-12-31,,,,,,2024,ShareBasedCompensation,False
62996,Masco Corporation,30000000,0000062996-26-000005,2025-12-31,,,,,,2025,ShareBasedCompensation,False
63754,"McCORMICK & COMPANY, INCORPORATED",18700000,0000063754-18-000008,2015-11-30,,,,,,2015,ShareBasedCompensation,False
63754,"McCORMICK & COMPANY, INCORPORATED",25600000,0000063754-19-000017,2016-11-30,,,,,,2016,ShareBasedCompensation,False
63754,"McCORMICK & COMPANY, INCORPORATED",23900000,0000063754-20-000022,2017-11-30,,,,,,2017,ShareBasedCompensation,False
63754,"McCORMICK & COMPANY, INCORPORATED",25600000,0000063754-21-000020,2018-11-30,,,,,,2018,ShareBasedCompensation,False
63754,MCCORMICK & CO INC,37200000,0000063754-22-000005,2019-11-30,,,,,,2019,ShareBasedCompensation,False
63754,MCCORMICK & CO INC,46000000,0000063754-23-000005,2020-11-30,,,,,,2020,ShareBasedCompensation,False
63754,MCCORMICK & CO INC,66600000,0000063754-24-000027,2021-11-30,,,,,,2021,ShareBasedCompensation,False
63754,"McCORMICK & COMPANY, INCORPORATED",60300000,0000063754-25-000005,2022-11-30,,,,,,2022,ShareBasedCompensation,False
63754,"McCORMICK & COMPANY, INCORPORATED",63400000,0000063754-26-000037,2023-11-30,,,,,,2023,ShareBasedCompensation,False
63754,"McCORMICK & COMPANY, INCORPORATED",47400000,0000063754-26-000037,2024-11-30,,,,,,2024,ShareBasedCompensation,False
63754,"McCORMICK & COMPANY, INCORPORATED",46200000,0000063754-26-000037,2025-11-30,,,,,,2025,ShareBasedCompensation,False
63908,MCDONALDS CORP,110000000,0000063908-18-000010,2015-12-31,,,,,,2015,ShareBasedCompensation,False
63908,MCDONALDS CORP,131300000,0000063908-19-000010,2016-12-31,,,,,,2016,ShareBasedCompensation,False
63908,MCDONALDS CORP,117500000,0000063908-20-000022,2017-12-31,,,,,,2017,ShareBasedCompensation,False
63908,MCDONALDS CORP,125100000,0000063908-21-000013,2018-12-31,,,,,,2018,ShareBasedCompensation,False
63908,McDONALD’S CORPORATION,109600000,0000063908-22-000011,2019-12-31,,,,,,2019,ShareBasedCompensation,False
63908,McDONALD’S CORPORATION,92400000,0000063908-23-000012,2020-12-31,,,,,,2020,ShareBasedCompensation,False
63908,McDONALD’S CORPORATION,139200000,0000063908-24-000072,2021-12-31,,,,,,2021,ShareBasedCompensation,False
63908,McDONALD’S CORPORATION,167000000,0000063908-25-000012,2022-12-31,,,,,,2022,ShareBasedCompensation,False
63908,McDONALD’S CORPORATION,175000000,0000063908-26-000035,2023-12-31,,,,,,2023,ShareBasedCompensation,False
63908,McDONALD’S CORPORATION,172000000,0000063908-26-000035,2024-12-31,,,,,,2024,ShareBasedCompensation,False
63908,McDONALD’S CORPORATION,165000000,0000063908-26-000035,2025-12-31,,,,,,2025,ShareBasedCompensation,False
64040,S&P Global Inc.,78000000,0000064040-18-000061,2015-12-31,,,,,,2015,ShareBasedCompensation,False
64040,S&P Global Inc.,76000000,0000064040-19-000059,2016-12-31,,,,,,2016,ShareBasedCompensation,False
64040,S&P Global Inc.,99000000,0000064040-20-000055,2017-12-31,,,,,,2017,ShareBasedCompensation,False
64040,S&P Global Inc.,94000000,0000064040-21-000063,2018-12-31,,,,,,2018,ShareBasedCompensation,False
64040,S&P Global Inc.,78000000,0000064040-22-000055,2019-12-31,,,,,,2019,ShareBasedCompensation,False
64040,S&P Global Inc.,90000000,0000064040-23-000058,2020-12-31,,,,,,2020,ShareBasedCompensation,False
64040,S&P Global Inc.,122000000,0000064040-24-000071,2021-12-31,,,,,,2021,ShareBasedCompensation,False
64040,S&P Global Inc.,214000000,0000064040-24-000071,2022-12-31,,,,,,2022,ShareBasedCompensation,False
64040,S&P Global Inc.,171000000,0000064040-26-000013,2023-12-31,,,,,,2023,ShareBasedCompensation,False
64040,S&P Global Inc.,247000000,0000064040-26-000013,2024-12-31,,,,,,2024,ShareBasedCompensation,False
64040,S&P Global Inc.,236000000,0000064040-26-000013,2025-12-31,,,,,,2025,ShareBasedCompensation,False
64803,CVS HEALTH CORPORATION,230000000,0001558370-18-000707,2015-12-31,,,,,,2015,ShareBasedCompensation,False
64803,CVS HEALTH CORPORATION,222000000,0000064803-19-000042,2016-12-31,,,,,,2016,ShareBasedCompensation,False
64803,CVS HEALTH CORPORATION,234000000,0000064803-20-000007,2017-12-31,,,,,,2017,ShareBasedCompensation,False
64803,CVS HEALTH CORPORATION,280000000,0000064803-21-000011,2018-12-31,,,,,,2018,ShareBasedCompensation,False
64803,CVS HEALTH CORPORATION,453000000,0000064803-22-000008,2019-12-31,,,,,,2019,ShareBasedCompensation,False
64803,CVS HEALTH CORP,400000000,0000064803-23-000021,2020-12-31,,,,,,2020,ShareBasedCompensation,False
64803,CVS HEALTH CORPORATION,484000000,0000064803-24-000007,2021-12-31,,,,,,2021,ShareBasedCompensation,False
64803,CVS HEALTH CORPORATION,447000000,0000064803-25-000007,2022-12-31,,,,,,2022,ShareBasedCompensation,False
64803,CVS HEALTH CORPORATION,588000000,0000064803-26-000010,2023-12-31,,,,,,2023,ShareBasedCompensation,False
64803,CVS HEALTH CORPORATION,540000000,0000064803-26-000010,2024-12-31,,,,,,2024,ShareBasedCompensation,False
64803,CVS HEALTH CORPORATION,535000000,0000064803-26-000010,2025-12-31,,,,,,2025,ShareBasedCompensation,False
66740,3M COMPANY,276000000,0001558370-18-004256,2015-12-31,,,,,,2015,ShareBasedCompensation,False
66740,3M COMPANY,298000000,0001558370-19-000470,2016-12-31,,,,,,2016,ShareBasedCompensation,False
66740,3M COMPANY,324000000,0001558370-20-000581,2017-12-31,,,,,,2017,ShareBasedCompensation,False
66740,3M COMPANY,302000000,0001558370-21-000737,2018-12-31,,,,,,2018,ShareBasedCompensation,False
66740,3M COMPANY,278000000,0000066740-22-000038,2019-12-31,,,,,,2019,ShareBasedCompensation,False
66740,3M COMPANY,262000000,0000066740-23-000014,2020-12-31,,,,,,2020,ShareBasedCompensation,False
66740,3M COMPANY,274000000,0000066740-24-000016,2021-12-31,,,,,,2021,ShareBasedCompensation,False
66740,3M COMPANY,263000000,0000066740-25-000006,2022-12-31,,,,,,2022,ShareBasedCompensation,False
66740,3M COMPANY,274000000,0000066740-26-000014,2023-12-31,,,,,,2023,ShareBasedCompensation,False
66740,3M COMPANY,289000000,0000066740-26-000014,2024-12-31,,,,,,2024,ShareBasedCompensation,False
66740,3M COMPANY,225000000,0000066740-26-000014,2025-12-31,,,,,,2025,ShareBasedCompensation,False
68505,"Motorola Solutions, Inc.",78000000,0000068505-18-000009,2015-12-31,,,,,,2015,ShareBasedCompensation,False
68505,"Motorola Solutions, Inc.",68000000,0000068505-19-000006,2016-12-31,,,,,,2016,ShareBasedCompensation,False
68505,"Motorola Solutions, Inc.",66000000,0000068505-20-000006,2017-12-31,,,,,,2017,ShareBasedCompensation,False
68505,"Motorola Solutions, Inc.",73000000,0000068505-21-000008,2018-12-31,,,,,,2018,ShareBasedCompensation,False
68505,"MOTOROLA SOLUTIONS, INC.",118000000,0000068505-22-000010,2019-12-31,,,,,,2019,ShareBasedCompensation,False
68505,"MOTOROLA SOLUTIONS, INC.",129000000,0000068505-23-000015,2020-12-31,,,,,,2020,ShareBasedCompensation,False
68505,"Motorola Solutions, Inc.",129000000,0000068505-24-000008,2021-12-31,,,,,,2021,ShareBasedCompensation,False
68505,"MOTOROLA SOLUTIONS, INC.",172000000,0000068505-25-000012,2022-12-31,,,,,,2022,ShareBasedCompensation,False
68505,"MOTOROLA SOLUTIONS, INC.",212000000,0000068505-26-000010,2023-12-31,,,,,,2023,ShareBasedCompensation,False
68505,"MOTOROLA SOLUTIONS, INC.",243000000,0000068505-26-000010,2024-12-31,,,,,,2024,ShareBasedCompensation,False
68505,"MOTOROLA SOLUTIONS, INC.",293000000,0000068505-26-000010,2025-12-31,,,,,,2025,ShareBasedCompensation,False
70858,Bank of America Corporation,-89000000,0000070858-18-000009,2015-12-31,,,,,,2015,ShareBasedCompensation,False
70858,Bank of America Corporation,1367000000,0000070858-19-000012,2016-12-31,,,,,,2016,ShareBasedCompensation,False
70858,Bank of America Corporation,1649000000,0000070858-20-000011,2017-12-31,,,,,,2017,ShareBasedCompensation,False
70858,Bank of America Corporation,1729000000,0000070858-21-000023,2018-12-31,,,,,,2018,ShareBasedCompensation,False
70858,Bank of America Corporation,1974000000,0000070858-22-000062,2019-12-31,,,,,,2019,ShareBasedCompensation,False
70858,Bank of America Corporation,2031000000,0000070858-23-000092,2020-12-31,,,,,,2020,ShareBasedCompensation,False
70858,Bank of America Corporation,2768000000,0000070858-24-000122,2021-12-31,,,,,,2021,ShareBasedCompensation,False
70858,Bank of America Corporation,2862000000,0000070858-25-000139,2022-12-31,,,,,,2022,ShareBasedCompensation,False
70858,Bank of America Corporation,2942000000,0000070858-26-000157,2023-12-31,,,,,,2023,ShareBasedCompensation,False
70858,Bank of America Corporation,3433000000,0000070858-26-000157,2024-12-31,,,,,,2024,ShareBasedCompensation,False
70858,Bank of America Corporation,4001000000,0000070858-26-000157,2025-12-31,,,,,,2025,ShareBasedCompensation,False
72331,NORDSON CORPORATION,15262000,0001564590-17-024983,2015-10-31,,,,,,2015,ShareBasedCompensation,False
72331,NORDSON CORPORATION,18211000,0001564590-18-030928,2016-10-31,,,,,,2016,ShareBasedCompensation,False
72331,NORDSON CORPORATION,20168000,0001564590-19-045927,2017-10-31,,,,,,2017,ShareBasedCompensation,False
72331,NORDSON CORPORATION,21550000,0000072331-20-000024,2018-10-31,,,,,,2018,ShareBasedCompensation,False
72331,NORDSON CORPORATION,18086000,0000072331-21-000079,2019-10-31,,,,,,2019,ShareBasedCompensation,False
72331,NORDSON CORPORATION,12856000,0000072331-22-000185,2020-10-31,,,,,,2020,ShareBasedCompensation,False
72331,NORDSON CORPORATION,22757000,0000072331-23-000242,2021-10-31,,,,,,2021,ShareBasedCompensation,False
72331,NORDSON CORPORATION,30748000,0000072331-24-000177,2022-10-31,,,,,,2022,ShareBasedCompensation,False
72331,NORDSON CORPORATION,22710000,0000072331-25-000144,2023-10-31,,,,,,2023,ShareBasedCompensation,False
72331,NORDSON CORPORATION,18957000,0000072331-25-000144,2024-10-31,,,,,,2024,ShareBasedCompensation,False
72331,NORDSON CORPORATION,18944000,0000072331-25-000144,2025-10-31,,,,,,2025,ShareBasedCompensation,False
72903,XCEL ENERGY INC,45000000,0000072903-18-000009,2015-12-31,,,,,,2015,ShareBasedCompensation,False
72903,XCEL ENERGY INC,41000000,0000072903-19-000010,2016-12-31,,,,,,2016,ShareBasedCompensation,False
72903,XCEL ENERGY INC,57000000,0000072903-20-000011,2017-12-31,,,,,,2017,ShareBasedCompensation,False
72903,XCEL ENERGY INC,45000000,0000072903-21-000012,2018-12-31,,,,,,2018,ShareBasedCompensation,False
72903,XCEL ENERGY INC,58000000,0000072903-22-000010,2019-12-31,,,,,,2019,ShareBasedCompensation,False
72903,XCEL ENERGY INC,73000000,0000072903-23-000007,2020-12-31,,,,,,2020,ShareBasedCompensation,False
72903,XCEL ENERGY INC,31000000,0000072903-24-000034,2021-12-31,,,,,,2021,ShareBasedCompensation,False
72903,XCEL ENERGY INC,20000000,0000072903-25-000029,2022-12-31,,,,,,2022,ShareBasedCompensation,False
72903,XCEL ENERGY INC,25000000,0000072903-26-000009,2023-12-31,,,,,,2023,ShareBasedCompensation,False
72903,XCEL ENERGY INC,33000000,0000072903-26-000009,2024-12-31,,,,,,2024,ShareBasedCompensation,False
72903,XCEL ENERGY INC,46000000,0000072903-26-000009,2025-12-31,,,,,,2025,ShareBasedCompensation,False
72971,WELLS FARGO & COMPANY/MN,779000000,0000072971-19-000227,2015-12-31,,,,,,2015,ShareBasedCompensation,False
72971,WELLS FARGO & COMPANY/MN,779000000,0000072971-19-000225,2016-12-31,,,,,,2016,ShareBasedCompensation,False
72971,WELLS FARGO & COMPANY/MN,849000000,0000072971-20-000217,2017-12-31,,,,,,2017,ShareBasedCompensation,False
72971,WELLS FARGO & COMPANY/MN,1022000000,0000072971-21-000197,2018-12-31,,,,,,2018,ShareBasedCompensation,False
72971,WELLS FARGO & COMPANY/MN,1217000000,0000072971-22-000096,2019-12-31,,,,,,2019,ShareBasedCompensation,False
72971,WELLS FARGO & COMPANY/MN,622000000,0000072971-23-000071,2020-12-31,,,,,,2020,ShareBasedCompensation,False
72971,WELLS FARGO & COMPANY/MN,1005000000,0000072971-24-000064,2021-12-31,,,,,,2021,ShareBasedCompensation,False
72971,WELLS FARGO & COMPANY/MN,978000000,0000072971-25-000066,2022-12-31,,,,,,2022,ShareBasedCompensation,False
72971,WELLS FARGO & COMPANY/MN,1122000000,0000072971-26-000133,2023-12-31,,,,,,2023,ShareBasedCompensation,False
72971,WELLS FARGO & COMPANY/MN,1281000000,0000072971-26-000133,2024-12-31,,,,,,2024,ShareBasedCompensation,False
72971,WELLS FARGO & COMPANY/MN,1476000000,0000072971-26-000133,2025-12-31,,,,,,2025,ShareBasedCompensation,False
73309,NUCOR CORP,45794000,0001193125-18-064018,2015-12-31,,,,,,2015,ShareBasedCompensation,False
73309,NUCOR CORP,56511000,0001193125-19-057744,2016-12-31,,,,,,2016,ShareBasedCompensation,False
73309,NUCOR CORP,64176000,0001564590-20-007794,2017-12-31,,,,,,2017,ShareBasedCompensation,False
73309,NUCOR CORP,73422000,0001564590-21-009503,2018-12-31,,,,,,2018,ShareBasedCompensation,False
73309,NUCOR CORPORATION,90359000,0001564590-22-007679,2019-12-31,,,,,,2019,ShareBasedCompensation,False
73309,NUCOR CORPORATION,73853000,0001564590-23-002793,2020-12-31,,,,,,2020,ShareBasedCompensation,False
73309,NUCOR CORPORATION,135775000,0000950170-24-021195,2021-12-31,,,,,,2021,ShareBasedCompensation,False
73309,NUCOR CORPORATION,137000000,0000950170-25-028427,2022-12-31,,,,,,2022,ShareBasedCompensation,False
73309,NUCOR CORPORATION,130000000,0001193125-26-071575,2023-12-31,,,,,,2023,ShareBasedCompensation,False
73309,NUCOR CORPORATION,132000000,0001193125-26-071575,2024-12-31,,,,,,2024,ShareBasedCompensation,False
73309,NUCOR CORPORATION,133000000,0001193125-26-071575,2025-12-31,,,,,,2025,ShareBasedCompensation,False
74208,"UDR, Inc.",18017000,0000074208-18-000024,2015-12-31,,,,,,2015,ShareBasedCompensation,False
74208,"UDR, Inc.",13398000,0000074208-19-000028,2016-12-31,,,,,,2016,ShareBasedCompensation,False
74208,"UDR, Inc.",12862000,0000074208-20-000031,2017-12-31,,,,,,2017,ShareBasedCompensation,False
74208,"UDR, Inc.",14244000,0000074208-21-000025,2018-12-31,,,,,,2018,ShareBasedCompensation,False
74208,"UDR, Inc.",24330000,0000074208-22-000010,2019-12-31,,,,,,2019,ShareBasedCompensation,False
74208,"UDR, Inc.",19616000,0000074208-23-000007,2020-12-31,,,,,,2020,ShareBasedCompensation,False
74208,"UDR, Inc.",22052000,0000074208-24-000011,2021-12-31,,,,,,2021,ShareBasedCompensation,False
74208,"UDR, Inc.",27505000,0000074208-25-000010,2022-12-31,,,,,,2022,ShareBasedCompensation,False
74208,"UDR, Inc.",32896000,0000074208-26-000013,2023-12-31,,,,,,2023,ShareBasedCompensation,False
74208,"UDR, Inc.",32625000,0000074208-26-000013,2024-12-31,,,,,,2024,ShareBasedCompensation,False
74208,"UDR, Inc.",26484000,0000074208-26-000013,2025-12-31,,,,,,2025,ShareBasedCompensation,False
75677,PACKAGING CORP OF AMERICA,18200000,0001564590-18-003690,2015-12-31,,,,,,2015,ShareBasedCompensation,False
75677,PACKAGING CORP OF AMERICA,19700000,0001564590-19-005284,2016-12-31,,,,,,2016,ShareBasedCompensation,False
75677,PACKAGING CORP OF AMERICA,20600000,0001564590-20-006774,2017-12-31,,,,,,2017,ShareBasedCompensation,False
75677,PACKAGING CORP OF AMERICA,23500000,0001564590-21-008051,2018-12-31,,,,,,2018,ShareBasedCompensation,False
75677,PACKAGING CORP OF AMERICA,30400000,0000950170-22-001913,2019-12-31,,,,,,2019,ShareBasedCompensation,False
75677,PACKAGING CORP OF AMERICA,30000000,0000950170-23-003990,2020-12-31,,,,,,2020,ShareBasedCompensation,False
75677,PACKAGING CORP OF AMERICA,35500000,0000950170-24-022794,2021-12-31,,,,,,2021,ShareBasedCompensation,False
75677,PACKAGING CORP OF AMERICA,35600000,0000950170-25-028533,2022-12-31,,,,,,2022,ShareBasedCompensation,False
75677,PACKAGING CORP OF AMERICA,40000000,0001193125-26-074129,2023-12-31,,,,,,2023,ShareBasedCompensation,False
75677,PACKAGING CORP OF AMERICA,48800000,0001193125-26-074129,2024-12-31,,,,,,2024,ShareBasedCompensation,False
75677,PACKAGING CORP OF AMERICA,45200000,0001193125-26-074129,2025-12-31,,,,,,2025,ShareBasedCompensation,False
76334,Parker-Hannifin Corp,96093000,0000076334-17-000095,2015-06-30,,,,,,2015,ShareBasedCompensation,False
76334,Parker-Hannifin Corp,71293000,0000076334-18-000087,2016-06-30,,,,,,2016,ShareBasedCompensation,False
76334,PARKER-HANNIFIN CORPORATION,80339000,0000076334-19-000096,2017-06-30,,,,,,2017,ShareBasedCompensation,False
76334,Parker-Hannifin Corp,118831000,0000076334-20-000099,2018-06-30,,,,,,2018,ShareBasedCompensation,False
76334,PARKER-HANNIFIN CORPORATION,104078000,0000076334-21-000187,2019-06-30,,,,,,2019,ShareBasedCompensation,False
76334,PARKER-HANNIFIN CORPORATION,111375000,0000076334-22-000034,2020-06-30,,,,,,2020,ShareBasedCompensation,False
76334,PARKER-HANNIFIN CORPORATION,121483000,0000076334-23-000042,2021-06-30,,,,,,2021,ShareBasedCompensation,False
76334,PARKER-HANNIFIN CORPORATION,137093000,0000076334-24-000044,2022-06-30,,,,,,2022,ShareBasedCompensation,False
76334,PARKER-HANNIFIN CORPORATION,143000000,0000076334-25-000035,2023-06-30,,,,,,2023,ShareBasedCompensation,False
76334,PARKER-HANNIFIN CORPORATION,155000000,0000076334-26-000105,2024-06-30,,,,,,2024,ShareBasedCompensation,False
76334,PARKER-HANNIFIN CORPORATION,159000000,0000076334-26-000105,2025-06-30,,,,,,2025,ShareBasedCompensation,False
76334,PARKER-HANNIFIN CORPORATION,179000000,0000076334-26-000105,2026-06-30,,,,,,2026,ShareBasedCompensation,False
77360,Pentair plc,33000000,0000077360-18-000007,2015-12-31,,,,,,2015,ShareBasedCompensation,False
77360,Pentair plc,34200000,0000077360-19-000006,2016-12-31,,,,,,2016,ShareBasedCompensation,False
77360,Pentair plc,39600000,0000077360-20-000006,2017-12-31,,,,,,2017,ShareBasedCompensation,False
77360,Pentair plc,20900000,0000077360-21-000005,2018-12-31,,,,,,2018,ShareBasedCompensation,False
77360,Pentair plc,21400000,0000077360-22-000006,2019-12-31,,,,,,2019,ShareBasedCompensation,False
77360,Pentair plc,20300000,0000077360-23-000006,2020-12-31,,,,,,2020,ShareBasedCompensation,False
77360,Pentair plc,29800000,0000077360-24-000007,2021-12-31,,,,,,2021,ShareBasedCompensation,False
77360,Pentair plc,24900000,0000077360-25-000006,2022-12-31,,,,,,2022,ShareBasedCompensation,False
77360,Pentair plc,29100000,0000077360-26-000007,2023-12-31,,,,,,2023,ShareBasedCompensation,False
77360,Pentair plc,39700000,0000077360-26-000007,2024-12-31,,,,,,2024,ShareBasedCompensation,False
77360,Pentair plc,37000000,0000077360-26-000007,2025-12-31,,,,,,2025,ShareBasedCompensation,False
77476,"PepsiCo, Inc.",295000000,0000077476-18-000012,2015-12-26,,,,,,2015,ShareBasedCompensation,False
77476,"PepsiCo, Inc.",284000000,0000077476-19-000017,2016-12-31,,,,,,2016,ShareBasedCompensation,False
77476,"PepsiCo, Inc.",292000000,0000077476-20-000015,2017-12-30,,,,,,2017,ShareBasedCompensation,False
77476,"PepsiCo, Inc.",256000000,0000077476-21-000007,2018-12-29,,,,,,2018,ShareBasedCompensation,False
77476,"PepsiCo, Inc.",237000000,0000077476-22-000010,2019-12-28,,,,,,2019,ShareBasedCompensation,False
77476,"PepsiCo, Inc.",264000000,0000077476-23-000007,2020-12-26,,,,,,2020,ShareBasedCompensation,False
77476,"PepsiCo, Inc.",301000000,0000077476-24-000008,2021-12-25,,,,,,2021,ShareBasedCompensation,False
77476,"PepsiCo, Inc.",343000000,0000077476-25-000042,2022-12-31,,,,,,2022,ShareBasedCompensation,False
77476,"PepsiCo, Inc.",380000000,0000077476-26-000007,2023-12-30,,,,,,2023,ShareBasedCompensation,False
77476,"PepsiCo, Inc.",362000000,0000077476-26-000007,2024-12-28,,,,,,2024,ShareBasedCompensation,False
77476,"PepsiCo, Inc.",288000000,0000077476-26-000007,2025-12-27,,,,,,2025,ShareBasedCompensation,False
78003,PFIZER INC,669000000,0000078003-18-000027,2015-12-31,,,,,,2015,ShareBasedCompensation,False
78003,PFIZER INC,691000000,0000078003-19-000015,2016-12-31,,,,,,2016,ShareBasedCompensation,False
78003,PFIZER INC,840000000,0000078003-20-000014,2017-12-31,,,,,,2017,ShareBasedCompensation,False
78003,PFIZER INC,923000000,0000078003-21-000038,2018-12-31,,,,,,2018,ShareBasedCompensation,False
78003,PFIZER INC,687000000,0000078003-22-000027,2019-12-31,,,,,,2019,ShareBasedCompensation,False
78003,PFIZER INC,755000000,0000078003-23-000024,2020-12-31,,,,,,2020,ShareBasedCompensation,False
78003,PFIZER INC,1182000000,0000078003-24-000039,2021-12-31,,,,,,2021,ShareBasedCompensation,False
78003,PFIZER INC,872000000,0000078003-25-000054,2022-12-31,,,,,,2022,ShareBasedCompensation,False
78003,PFIZER INC,525000000,0000078003-26-000026,2023-12-31,,,,,,2023,ShareBasedCompensation,False
78003,PFIZER INC,877000000,0000078003-26-000026,2024-12-31,,,,,,2024,ShareBasedCompensation,False
78003,PFIZER INC,799000000,0000078003-26-000026,2025-12-31,,,,,,2025,ShareBasedCompensation,False
79282,"BROWN & BROWN, INC.",15513000,0000079282-18-000006,2015-12-31,,,,,,2015,ShareBasedCompensation,False
79282,"BROWN & BROWN, INC.",16052000,0000079282-19-000006,2016-12-31,,,,,,2016,ShareBasedCompensation,False
79282,"BROWN & BROWN, INC.",30631000,0001564590-20-006075,2017-12-31,,,,,,2017,ShareBasedCompensation,False
79282,"BROWN & BROWN, INC.",33519000,0001564590-21-007624,2018-12-31,,,,,,2018,ShareBasedCompensation,False
79282,"BROWN & BROWN, INC.",46994000,0000950170-22-001654,2019-12-31,,,,,,2019,ShareBasedCompensation,False
79282,"BROWN & BROWN, INC.",59700000,0000950170-23-004717,2020-12-31,,,,,,2020,ShareBasedCompensation,False
79282,"BROWN & BROWN, INC.",61000000,0000950170-24-018890,2021-12-31,,,,,,2021,ShareBasedCompensation,False
79282,"BROWN & BROWN, INC.",66000000,0000950170-25-019039,2022-12-31,,,,,,2022,ShareBasedCompensation,False
79282,"BROWN & BROWN, INC.",89000000,0001193125-26-046984,2023-12-31,,,,,,2023,ShareBasedCompensation,False
79282,"BROWN & BROWN, INC.",101000000,0001193125-26-046984,2024-12-31,,,,,,2024,ShareBasedCompensation,False
79282,"BROWN & BROWN, INC.",93000000,0001193125-26-046984,2025-12-31,,,,,,2025,ShareBasedCompensation,False
79879,PPG INDUSTRIES INC,54000000,0000079879-18-000039,2015-12-31,,,,,,2015,ShareBasedCompensation,False
79879,PPG INDUSTRIES INC,45000000,0000079879-19-000008,2016-12-31,,,,,,2016,ShareBasedCompensation,False
79879,PPG INDUSTRIES INC,35000000,0000079879-20-000008,2017-12-31,,,,,,2017,ShareBasedCompensation,False
79879,PPG INDUSTRIES INC,37000000,0000079879-21-000008,2018-12-31,,,,,,2018,ShareBasedCompensation,False
79879,"PPG INDUSTRIES, INC.",39000000,0000079879-22-000009,2019-12-31,,,,,,2019,ShareBasedCompensation,False
79879,"PPG INDUSTRIES, INC.",44000000,0000079879-23-000007,2020-12-31,,,,,,2020,ShareBasedCompensation,False
79879,"PPG INDUSTRIES, INC.",57000000,0000079879-24-000040,2021-12-31,,,,,,2021,ShareBasedCompensation,False
79879,"PPG INDUSTRIES, INC.",34000000,0000079879-25-000034,2022-12-31,,,,,,2022,ShareBasedCompensation,False
79879,"PPG INDUSTRIES, INC.",56000000,0000079879-26-000046,2023-12-31,,,,,,2023,ShareBasedCompensation,False
79879,"PPG INDUSTRIES, INC.",42000000,0000079879-26-000046,2024-12-31,,,,,,2024,ShareBasedCompensation,False
79879,"PPG INDUSTRIES, INC.",46000000,0000079879-26-000046,2025-12-31,,,,,,2025,ShareBasedCompensation,False
80424,PROCTER & GAMBLE CO,337000000,0000080424-17-000047,2015-06-30,,,,,,2015,ShareBasedCompensation,False
80424,PROCTER & GAMBLE CO,335000000,0000080424-18-000106,2016-06-30,,,,,,2016,ShareBasedCompensation,False
80424,PROCTER & GAMBLE CO,351000000,0000080424-19-000050,2017-06-30,,,,,,2017,ShareBasedCompensation,False
80424,PROCTER & GAMBLE CO,395000000,0000080424-20-000059,2018-06-30,,,,,,2018,ShareBasedCompensation,False
80424,THE PROCTER & GAMBLE COMPANY,515000000,0000080424-21-000100,2019-06-30,,,,,,2019,ShareBasedCompensation,False
80424,PROCTER & GAMBLE CO,558000000,0000080424-22-000064,2020-06-30,,,,,,2020,ShareBasedCompensation,False
80424,PROCTER & GAMBLE CO,540000000,0000080424-23-000073,2021-06-30,,,,,,2021,ShareBasedCompensation,False
80424,PROCTER & GAMBLE CO,528000000,0000080424-24-000083,2022-06-30,,,,,,2022,ShareBasedCompensation,False
80424,PROCTER & GAMBLE CO,545000000,0000080424-25-000076,2023-06-30,,,,,,2023,ShareBasedCompensation,False
80424,PROCTER & GAMBLE CO,562000000,0000080424-26-000103,2024-06-30,,,,,,2024,ShareBasedCompensation,False
80424,PROCTER & GAMBLE CO,476000000,0000080424-26-000103,2025-06-30,,,,,,2025,ShareBasedCompensation,False
80424,PROCTER & GAMBLE CO,524000000,0000080424-26-000103,2026-06-30,,,,,,2026,ShareBasedCompensation,False
84839,"ROLLINS, INC.",12110000,0000084839-18-000065,2015-12-31,,,,,,2015,ShareBasedCompensation,False
84839,"ROLLINS, INC.",12415000,0001171200-19-000087,2016-12-31,,,,,,2016,ShareBasedCompensation,False
84839,"ROLLINS, INC.",12399000,0001171200-20-000103,2017-12-31,,,,,,2017,ShareBasedCompensation,False
84839,"ROLLINS, INC.",13726000,0001171200-21-000076,2018-12-31,,,,,,2018,ShareBasedCompensation,False
84839,"ROLLINS, INC.",14158000,0000084839-22-000011,2019-12-31,,,,,,2019,ShareBasedCompensation,False
84839,"ROLLINS, INC.",20850000,0000084839-23-000006,2020-12-31,,,,,,2020,ShareBasedCompensation,False
84839,"ROLLINS, INC.",14865000,0000084839-24-000025,2021-12-31,,,,,,2021,ShareBasedCompensation,False
84839,"ROLLINS, INC.",21215000,0000084839-25-000024,2022-12-31,,,,,,2022,ShareBasedCompensation,False
84839,"ROLLINS, INC.",24605000,0000084839-26-000008,2023-12-31,,,,,,2023,ShareBasedCompensation,False
84839,"ROLLINS, INC.",29984000,0000084839-26-000008,2024-12-31,,,,,,2024,ShareBasedCompensation,False
84839,"ROLLINS, INC.",39707000,0000084839-26-000008,2025-12-31,,,,,,2025,ShareBasedCompensation,False
87347,SCHLUMBERGER LIMITED/NV,326000000,0001564590-18-000821,2015-12-31,,,,,,2015,ShareBasedCompensation,False
87347,SCHLUMBERGER LIMITED/NV,267000000,0001564590-19-000928,2016-12-31,,,,,,2016,ShareBasedCompensation,False
87347,SCHLUMBERGER LIMITED/NV,343000000,0001564590-20-001578,2017-12-31,,,,,,2017,ShareBasedCompensation,False
87347,SCHLUMBERGER LIMITED/NV,345000000,0001564590-21-002477,2018-12-31,,,,,,2018,ShareBasedCompensation,False
87347,SCHLUMBERGER LIMITED/NV,405000000,0001564590-22-002421,2019-12-31,,,,,,2019,ShareBasedCompensation,False
87347,SCHLUMBERGER LIMITED/NV,397000000,0001564590-23-000762,2020-12-31,,,,,,2020,ShareBasedCompensation,False
87347,SCHLUMBERGER LIMITED/NV,324000000,0000950170-24-006884,2021-12-31,,,,,,2021,ShareBasedCompensation,False
87347,SCHLUMBERGER LIMITED/NV,313000000,0000950170-25-007638,2022-12-31,,,,,,2022,ShareBasedCompensation,False
87347,SLB LIMITED/NV,293000000,0001193125-26-021017,2023-12-31,,,,,,2023,ShareBasedCompensation,False
87347,SLB LIMITED/NV,316000000,0001193125-26-021017,2024-12-31,,,,,,2024,ShareBasedCompensation,False
87347,SLB LIMITED/NV,332000000,0001193125-26-021017,2025-12-31,,,,,,2025,ShareBasedCompensation,False
89800,SHERWIN WILLIAMS CO,72342000,0000089800-18-000004,2015-12-31,,,,,,2015,ShareBasedCompensation,False
89800,SHERWIN WILLIAMS CO,72109000,0000089800-19-000004,2016-12-31,,,,,,2016,ShareBasedCompensation,False
89800,SHERWIN WILLIAMS CO,90300000,0000089800-20-000005,2017-12-31,,,,,,2017,ShareBasedCompensation,False
89800,SHERWIN WILLIAMS CO,82600000,0000089800-21-000010,2018-12-31,,,,,,2018,ShareBasedCompensation,False
89800,SHERWIN WILLIAMS CO,101700000,0000089800-22-000007,2019-12-31,,,,,,2019,ShareBasedCompensation,False
89800,THE SHERWIN-WILLIAMS COMPANY,95900000,0000089800-23-000007,2020-12-31,,,,,,2020,ShareBasedCompensation,False
89800,THE SHERWIN-WILLIAMS COMPANY,97700000,0000089800-24-000033,2021-12-31,,,,,,2021,ShareBasedCompensation,False
89800,THE SHERWIN-WILLIAMS COMPANY,99700000,0000089800-25-000030,2022-12-31,,,,,,2022,ShareBasedCompensation,False
89800,THE SHERWIN-WILLIAMS COMPANY,115900000,0000089800-26-000008,2023-12-31,,,,,,2023,ShareBasedCompensation,False
89800,THE SHERWIN-WILLIAMS COMPANY,138100000,0000089800-26-000008,2024-12-31,,,,,,2024,ShareBasedCompensation,False
89800,THE SHERWIN-WILLIAMS COMPANY,123500000,0000089800-26-000008,2025-12-31,,,,,,2025,ShareBasedCompensation,False
91419,J M SMUCKER Co,34600000,0000091419-18-000005,2016-04-30,,,,,,2015,ShareBasedCompensation,False
91419,J M SMUCKER Co,22000000,0000091419-19-000005,2017-04-30,,,,,,2016,ShareBasedCompensation,False
91419,J M SMUCKER Co,15400000,0000091419-20-000065,2018-04-30,,,,,,2017,ShareBasedCompensation,False
91419,The J. M. Smucker Company,20700000,0000091419-21-000048,2019-04-30,,,,,,2018,ShareBasedCompensation,False
91419,THE J. M. SMUCKER COMPANY,26800000,0000091419-22-000049,2020-04-30,,,,,,2019,ShareBasedCompensation,False
91419,THE J. M. SMUCKER COMPANY,28700000,0000091419-23-000072,2021-04-30,,,,,,2020,ShareBasedCompensation,False
91419,THE J. M. SMUCKER COMPANY,22300000,0000091419-24-000054,2022-04-30,,,,,,2021,ShareBasedCompensation,False
91419,THE J. M. SMUCKER COMPANY,25600000,0000091419-25-000056,2023-04-30,,,,,,2022,ShareBasedCompensation,False
91419,THE J. M. SMUCKER COMPANY,23900000,0000091419-26-000050,2024-04-30,,,,,,2023,ShareBasedCompensation,False
91419,THE J. M. SMUCKER COMPANY,29900000,0000091419-26-000050,2025-04-30,,,,,,2024,ShareBasedCompensation,False
91419,THE J. M. SMUCKER COMPANY,23600000,0000091419-26-000050,2026-04-30,,,,,,2025,ShareBasedCompensation,False
91440,Snap-on Inc,39800000,0001193125-18-047130,2016-01-02,,,,,,2015,ShareBasedCompensation,False
91440,Snap-on Inc,31000000,0000091440-19-000003,2016-12-31,,,,,,2016,ShareBasedCompensation,False
91440,Snap-on Inc,30300000,0000091440-20-000004,2017-12-30,,,,,,2017,ShareBasedCompensation,False
91440,Snap-on Inc,27200000,0000091440-21-000005,2018-12-29,,,,,,2018,ShareBasedCompensation,False
91440,Snap-on Inc,23800000,0000091440-22-000005,2019-12-28,,,,,,2019,ShareBasedCompensation,False
91440,Snap-on Inc,19500000,0000091440-23-000005,2021-01-02,,,,,,2020,ShareBasedCompensation,False
91440,Snap-on Inc,41400000,0000091440-24-000005,2022-01-01,,,,,,2021,ShareBasedCompensation,False
91440,Snap-on Inc,34000000,0000091440-25-000010,2022-12-31,,,,,,2022,ShareBasedCompensation,False
91440,Snap-on Inc,44700000,0000091440-26-000045,2023-12-30,,,,,,2023,ShareBasedCompensation,False
91440,Snap-on Inc,28600000,0000091440-26-000045,2024-12-28,,,,,,2024,ShareBasedCompensation,False
91440,Snap-on Inc,28900000,0000091440-26-000045,2026-01-03,,,,,,2025,ShareBasedCompensation,False
91576,KeyCorp,58000000,0000091576-18-000011,2015-12-31,,,,,,2015,ShareBasedCompensation,False
91576,KeyCorp,99000000,0000091576-19-000009,2016-12-31,,,,,,2016,ShareBasedCompensation,False
91576,KeyCorp,100000000,0000091576-20-000007,2017-12-31,,,,,,2017,ShareBasedCompensation,False
91576,KeyCorp,99000000,0000091576-21-000044,2018-12-31,,,,,,2018,ShareBasedCompensation,False
91576,KeyCorp,96000000,0000091576-22-000029,2019-12-31,,,,,,2019,ShareBasedCompensation,False
91576,KeyCorp,101000000,0000091576-23-000026,2020-12-31,,,,,,2020,ShareBasedCompensation,False
91576,KeyCorp,104000000,0000091576-24-000040,2021-12-31,,,,,,2021,ShareBasedCompensation,False
91576,KeyCorp,120000000,0000091576-25-000038,2022-12-31,,,,,,2022,ShareBasedCompensation,False
91576,KeyCorp,121000000,0001628280-26-010546,2023-12-31,,,,,,2023,ShareBasedCompensation,False
91576,KeyCorp,104000000,0001628280-26-010546,2024-12-31,,,,,,2024,ShareBasedCompensation,False
91576,KeyCorp,132000000,0001628280-26-010546,2025-12-31,,,,,,2025,ShareBasedCompensation,False
92230,Truist Financial Corporation,106000000,0000092230-18-000021,2015-12-31,,,,,,2015,ShareBasedCompensation,False
92230,Truist Financial Corporation,115000000,0000092230-19-000017,2016-12-31,,,,,,2016,ShareBasedCompensation,False
92230,Truist Financial Corporation,132000000,0000092230-20-000045,2017-12-31,,,,,,2017,ShareBasedCompensation,False
92230,Truist Financial Corporation,141000000,0000092230-21-000032,2018-12-31,,,,,,2018,ShareBasedCompensation,False
92230,TRUIST FINANCIAL CORPORATION,165000000,0000092230-22-000008,2019-12-31,,,,,,2019,ShareBasedCompensation,False
92230,TRUIST FINANCIAL CORPORATION,353000000,0000092230-23-000034,2020-12-31,,,,,,2020,ShareBasedCompensation,False
92230,Truist Financial Corporation,259000000,0000092230-24-000029,2021-12-31,,,,,,2021,ShareBasedCompensation,False
92230,TRUIST FINANCIAL CORPORATION,261000000,0000092230-25-000020,2022-12-31,,,,,,2022,ShareBasedCompensation,False
92230,TRUIST FINANCIAL CORPORATION,298000000,0000092230-26-000030,2023-12-31,,,,,,2023,ShareBasedCompensation,False
92230,TRUIST FINANCIAL CORPORATION,292000000,0000092230-26-000030,2024-12-31,,,,,,2024,ShareBasedCompensation,False
92230,TRUIST FINANCIAL CORPORATION,317000000,0000092230-26-000030,2025-12-31,,,,,,2025,ShareBasedCompensation,False
93556,"STANLEY BLACK & DECKER, INC.",67900000,0000093556-18-000008,2016-01-02,,,,,,2015,ShareBasedCompensation,False
93556,"STANLEY BLACK & DECKER, INC.",81200000,0000093556-19-000011,2016-12-31,,,,,,2016,ShareBasedCompensation,False
93556,"STANLEY BLACK & DECKER, INC.",78700000,0000093556-20-000006,2017-12-30,,,,,,2017,ShareBasedCompensation,False
93556,"STANLEY BLACK & DECKER, INC.",76500000,0000093556-22-000004,2018-12-29,,,,,,2018,ShareBasedCompensation,False
93556,"STANLEY BLACK & DECKER, INC.",88800000,0000093556-22-000015,2019-12-28,,,,,,2019,ShareBasedCompensation,False
93556,"Stanley Black & Decker, Inc.",109100000,0000093556-23-000007,2021-01-02,,,,,,2020,ShareBasedCompensation,False
93556,"STANLEY BLACK & DECKER, INC.",118300000,0000093556-24-000032,2022-01-01,,,,,,2021,ShareBasedCompensation,False
93556,"STANLEY BLACK & DECKER, INC.",90700000,0000093556-25-000007,2022-12-31,,,,,,2022,ShareBasedCompensation,False
93556,"STANLEY BLACK & DECKER, INC.",83800000,0000093556-26-000009,2023-12-30,,,,,,2023,ShareBasedCompensation,False
93556,"STANLEY BLACK & DECKER, INC.",105400000,0000093556-26-000009,2024-12-28,,,,,,2024,ShareBasedCompensation,False
93556,"STANLEY BLACK & DECKER, INC.",94100000,0000093556-26-000009,2026-01-03,,,,,,2025,ShareBasedCompensation,False
96021,SYSCO CORP,79466000,0000096021-18-000126,2016-07-02,,,,,,2016,ShareBasedCompensation,False
96021,SYSCO CORP,83883000,0000096021-19-000093,2017-07-01,,,,,,2017,ShareBasedCompensation,False
96021,SYSCO CORP,104904000,0000096021-21-000093,2019-06-29,,,,,,2018,ShareBasedCompensation,False
96021,Sysco Corporation,42234000,0000096021-22-000151,2020-06-27,,,,,,2019,ShareBasedCompensation,False
96021,Sysco Corporation,95815000,0000096021-23-000117,2021-07-03,,,,,,2021,ShareBasedCompensation,False
96021,Sysco Corporation,122000000,0000096021-24-000128,2022-07-02,,,,,,2022,ShareBasedCompensation,False
96021,Sysco Corporation,96000000,0000096021-25-000099,2023-07-01,,,,,,2023,ShareBasedCompensation,False
96021,Sysco Corporation,93000000,0000096021-26-000033,2025-06-28,,,,,,2024,ShareBasedCompensation,False
96021,Sysco Corporation,118000000,0000096021-26-000033,2026-06-27,,,,,,2025,ShareBasedCompensation,False
97210,"TERADYNE, INC.",30451000,0001193125-18-066579,2015-12-31,,,,,,2015,ShareBasedCompensation,False
97210,"TERADYNE, INC.",30750000,0001193125-19-059974,2016-12-31,,,,,,2016,ShareBasedCompensation,False
97210,"TERADYNE, INC.",34097000,0001193125-20-058676,2017-12-31,,,,,,2017,ShareBasedCompensation,False
97210,"TERADYNE, INC.",33577000,0001193125-21-050735,2018-12-31,,,,,,2018,ShareBasedCompensation,False
97210,"TERADYNE, INC.",37897000,0001193125-22-049828,2019-12-31,,,,,,2019,ShareBasedCompensation,False
97210,"TERADYNE, INC.",44906000,0001193125-23-044711,2020-12-31,,,,,,2020,ShareBasedCompensation,False
97210,"TERADYNE, INC.",45643000,0000950170-24-018701,2021-12-31,,,,,,2021,ShareBasedCompensation,False
97210,"TERADYNE, INC.",48228000,0000950170-25-023784,2022-12-31,,,,,,2022,ShareBasedCompensation,False
97210,"TERADYNE, INC.",57682000,0001193125-26-059002,2023-12-31,,,,,,2023,ShareBasedCompensation,False
97210,"TERADYNE, INC.",60122000,0001193125-26-059002,2024-12-31,,,,,,2024,ShareBasedCompensation,False
97210,"TERADYNE, INC.",63999000,0001193125-26-059002,2025-12-31,,,,,,2025,ShareBasedCompensation,False
97476,TEXAS INSTRUMENTS INCORPORATED,286000000,0001564590-18-002832,2015-12-31,,,,,,2015,ShareBasedCompensation,False
97476,TEXAS INSTRUMENTS INCORPORATED,252000000,0001564590-19-003839,2016-12-31,,,,,,2016,ShareBasedCompensation,False
97476,TEXAS INSTRUMENTS INCORPORATED,242000000,0000097476-20-000009,2017-12-31,,,,,,2017,ShareBasedCompensation,False
97476,TEXAS INSTRUMENTS INCORPORATED,232000000,0000097476-21-000006,2018-12-31,,,,,,2018,ShareBasedCompensation,False
97476,TEXAS INSTRUMENTS INCORPORATED,217000000,0000097476-22-000009,2019-12-31,,,,,,2019,ShareBasedCompensation,False
97476,TEXAS INSTRUMENTS INCORPORATED,224000000,0000097476-23-000007,2020-12-31,,,,,,2020,ShareBasedCompensation,False
97476,TEXAS INSTRUMENTS INCORPORATED,230000000,0000097476-24-000007,2021-12-31,,,,,,2021,ShareBasedCompensation,False
97476,TEXAS INSTRUMENTS INCORPORATED,289000000,0000097476-25-000007,2022-12-31,,,,,,2022,ShareBasedCompensation,False
97476,TEXAS INSTRUMENTS INC,362000000,0000097476-26-000059,2023-12-31,,,,,,2023,ShareBasedCompensation,False
97476,TEXAS INSTRUMENTS INC,387000000,0000097476-26-000059,2024-12-31,,,,,,2024,ShareBasedCompensation,False
97476,TEXAS INSTRUMENTS INC,419000000,0000097476-26-000059,2025-12-31,,,,,,2025,ShareBasedCompensation,False
97745,THERMO FISHER SCIENTIFIC INC.,125000000,0000097745-18-000006,2015-12-31,,,,,,2015,ShareBasedCompensation,False
97745,THERMO FISHER SCIENTIFIC INC.,133000000,0000097745-19-000007,2016-12-31,,,,,,2016,ShareBasedCompensation,False
97745,THERMO FISHER SCIENTIFIC INC.,159000000,0000097745-20-000009,2017-12-31,,,,,,2017,ShareBasedCompensation,False
97745,THERMO FISHER SCIENTIFIC INC.,181000000,0000097745-21-000011,2018-12-31,,,,,,2018,ShareBasedCompensation,False
97745,THERMO FISHER SCIENTIFIC INC.,181000000,0000097745-22-000011,2019-12-31,,,,,,2019,ShareBasedCompensation,False
97745,THERMO FISHER SCIENTIFIC INC.,196000000,0000097745-23-000008,2020-12-31,,,,,,2020,ShareBasedCompensation,False
97745,THERMO FISHER SCIENTIFIC INC.,230000000,0000097745-24-000007,2021-12-31,,,,,,2021,ShareBasedCompensation,False
97745,THERMO FISHER SCIENTIFIC INC.,307000000,0000097745-25-000010,2022-12-31,,,,,,2022,ShareBasedCompensation,False
97745,THERMO FISHER SCIENTIFIC INC.,278000000,0000097745-26-000018,2023-12-31,,,,,,2023,ShareBasedCompensation,False
97745,THERMO FISHER SCIENTIFIC INC.,301000000,0000097745-26-000018,2024-12-31,,,,,,2024,ShareBasedCompensation,False
97745,THERMO FISHER SCIENTIFIC INC.,310000000,0000097745-26-000018,2025-12-31,,,,,,2025,ShareBasedCompensation,False
100493,"TYSON FOODS, INC.",69000000,0000100493-17-000133,2015-10-03,,,,,,2015,ShareBasedCompensation,False
100493,"TYSON FOODS, INC.",81000000,0000100493-18-000108,2016-10-01,,,,,,2016,ShareBasedCompensation,False
100493,"TYSON FOODS, INC.",92000000,0000100493-19-000118,2017-09-30,,,,,,2017,ShareBasedCompensation,False
100493,"TYSON FOODS, INC.",69000000,0000100493-21-000009,2018-09-29,,,,,,2018,ShareBasedCompensation,False
100493,"TYSON FOODS, INC.",77000000,0000100493-21-000122,2019-09-28,,,,,,2019,ShareBasedCompensation,False
100493,"TYSON FOODS, INC.",89000000,0000100493-22-000097,2020-10-03,,,,,,2020,ShareBasedCompensation,False
100493,"TYSON FOODS, INC.",91000000,0000100493-23-000105,2021-10-02,,,,,,2021,ShareBasedCompensation,False
100493,"TYSON FOODS, INC.",93000000,0000100493-24-000119,2022-10-01,,,,,,2022,ShareBasedCompensation,False
100493,"TYSON FOODS, INC.",61000000,0000100493-25-000095,2023-09-30,,,,,,2023,ShareBasedCompensation,False
100493,"TYSON FOODS, INC.",101000000,0000100493-25-000095,2024-09-28,,,,,,2024,ShareBasedCompensation,False
100493,"TYSON FOODS, INC.",100000000,0000100493-25-000095,2025-09-27,,,,,,2025,ShareBasedCompensation,False
100885,UNION PACIFIC CORPORATION,98000000,0000100885-18-000048,2015-12-31,,,,,,2015,ShareBasedCompensation,False
100885,UNION PACIFIC CORPORATION,82000000,0000100885-19-000060,2016-12-31,,,,,,2016,ShareBasedCompensation,False
100885,UNION PACIFIC CORPORATION,103000000,0000100885-20-000065,2017-12-31,,,,,,2017,ShareBasedCompensation,False
100885,UNION PACIFIC CORPORATION,96000000,0000100885-21-000068,2018-12-31,,,,,,2018,ShareBasedCompensation,False
100885,UNION PACIFIC CORP,93000000,0001437749-22-002494,2019-12-31,,,,,,2019,ShareBasedCompensation,False
100885,UNION PACIFIC CORP,73000000,0001437749-23-002959,2020-12-31,,,,,,2020,ShareBasedCompensation,False
100885,UNION PACIFIC CORP,88000000,0001437749-24-003599,2021-12-31,,,,,,2021,ShareBasedCompensation,False
100885,UNION PACIFIC CORP,99000000,0001437749-24-003599,2022-12-31,,,,,,2022,ShareBasedCompensation,False
100885,UNION PACIFIC CORP,107000000,0001437749-24-003599,2023-12-31,,,,,,2023,ShareBasedCompensation,False
101829,RTX CORPORATION,158000000,0000101829-18-000005,2015-12-31,,,,,,2015,ShareBasedCompensation,False
101829,RTX CORPORATION,152000000,0000101829-19-000007,2016-12-31,,,,,,2016,ShareBasedCompensation,False
101829,RTX CORPORATION,129000000,0000101829-20-000072,2017-12-31,,,,,,2017,ShareBasedCompensation,False
101829,RTX CORPORATION,169000000,0000101829-21-000008,2018-12-31,,,,,,2018,ShareBasedCompensation,False
101829,RAYTHEON TECHNOLOGIES CORPORATION,268000000,0000101829-22-000005,2019-12-31,,,,,,2019,ShareBasedCompensation,False
101829,RAYTHEON TECHNOLOGIES CORPORATION,330000000,0000101829-23-000009,2020-12-31,,,,,,2020,ShareBasedCompensation,False
101829,RTX Corporation,442000000,0000101829-24-000008,2021-12-31,,,,,,2021,ShareBasedCompensation,False
101829,RTX CORPORATION,420000000,0000101829-25-000005,2022-12-31,,,,,,2022,ShareBasedCompensation,False
101829,RTX Corporation,425000000,0000101829-26-000006,2023-12-31,,,,,,2023,ShareBasedCompensation,False
101829,RTX Corporation,437000000,0000101829-26-000006,2024-12-31,,,,,,2024,ShareBasedCompensation,False
101829,RTX Corporation,519000000,0000101829-26-000006,2025-12-31,,,,,,2025,ShareBasedCompensation,False
105770,"WEST PHARMACEUTICAL SERVICES, INC.",29600000,0000105770-18-000006,2015-12-31,,,,,,2015,ShareBasedCompensation,False
105770,"WEST PHARMACEUTICAL SERVICES, INC.",19500000,0000105770-19-000012,2016-12-31,,,,,,2016,ShareBasedCompensation,False
105770,"WEST PHARMACEUTICAL SERVICES, INC.",16100000,0000105770-20-000015,2017-12-31,,,,,,2017,ShareBasedCompensation,False
105770,"WEST PHARMACEUTICAL SERVICES, INC.",15100000,0000105770-21-000008,2018-12-31,,,,,,2018,ShareBasedCompensation,False
105770,"WEST PHARMACEUTICAL SERVICES, INC.",24400000,0001628280-22-003342,2019-12-31,,,,,,2019,ShareBasedCompensation,False
105770,"WEST PHARMACEUTICAL SERVICES, INC.",34000000,0000105770-23-000012,2020-12-31,,,,,,2020,ShareBasedCompensation,False
105770,"WEST PHARMACEUTICAL SERVICES, INC.",37500000,0000105770-24-000015,2021-12-31,,,,,,2021,ShareBasedCompensation,False
105770,"WEST PHARMACEUTICAL SERVICES, INC.",23700000,0000105770-25-000013,2022-12-31,,,,,,2022,ShareBasedCompensation,False
105770,"WEST PHARMACEUTICAL SERVICES, INC.",23300000,0000105770-26-000010,2023-12-31,,,,,,2023,ShareBasedCompensation,False
105770,"WEST PHARMACEUTICAL SERVICES, INC.",18700000,0000105770-26-000010,2024-12-31,,,,,,2024,ShareBasedCompensation,False
105770,"WEST PHARMACEUTICAL SERVICES, INC.",23800000,0000105770-26-000010,2025-12-31,,,,,,2025,ShareBasedCompensation,False
106040,WESTERN DIGITAL CORP,162000000,0000106040-17-000027,2015-07-03,,,,,,2015,ShareBasedCompensation,False
106040,WESTERN DIGITAL CORP,191000000,0000106040-18-000029,2016-07-01,,,,,,2016,ShareBasedCompensation,False
106040,WESTERN DIGITAL CORP,377000000,0000106040-20-000049,2018-06-29,,,,,,2017,ShareBasedCompensation,False
106040,WESTERN DIGITAL CORP,306000000,0000106040-21-000040,2019-06-28,,,,,,2018,ShareBasedCompensation,False
106040,WESTERN DIGITAL CORPORATION,308000000,0000106040-22-000055,2020-07-03,,,,,,2020,ShareBasedCompensation,False
106040,WESTERN DIGITAL CORPORATION,318000000,0000106040-23-000024,2021-07-02,,,,,,2021,ShareBasedCompensation,False
106040,WESTERN DIGITAL CORPORATION,326000000,0000106040-24-000031,2022-07-01,,,,,,2022,ShareBasedCompensation,False
106040,WESTERN DIGITAL CORPORATION,295000000,0001628280-26-057139,2024-06-28,,,,,,2023,ShareBasedCompensation,False
106040,WESTERN DIGITAL CORPORATION,265000000,0001628280-26-057139,2025-06-27,,,,,,2024,ShareBasedCompensation,False
106040,WESTERN DIGITAL CORPORATION,204000000,0001628280-26-057139,2026-07-03,,,,,,2026,ShareBasedCompensation,False
106535,WEYERHAEUSER COMPANY,31000000,0000106535-18-000013,2015-12-31,,,,,,2015,ShareBasedCompensation,False
106535,WEYERHAEUSER COMPANY,60000000,0000106535-19-000014,2016-12-31,,,,,,2016,ShareBasedCompensation,False
106535,WEYERHAEUSER COMPANY,40000000,0001564590-20-004822,2017-12-31,,,,,,2017,ShareBasedCompensation,False
106535,WEYERHAEUSER COMPANY,42000000,0001564590-21-006960,2018-12-31,,,,,,2018,ShareBasedCompensation,False
106535,WEYERHAEUSER COMPANY,30000000,0001564590-22-005707,2019-12-31,,,,,,2019,ShareBasedCompensation,False
106535,WEYERHAEUSER COMPANY,30000000,0000950170-23-003217,2020-12-31,,,,,,2020,ShareBasedCompensation,False
106535,WEYERHAEUSER COMPANY,30000000,0000950170-24-016434,2021-12-31,,,,,,2021,ShareBasedCompensation,False
106535,WEYERHAEUSER COMPANY,33000000,0000950170-25-021254,2022-12-31,,,,,,2022,ShareBasedCompensation,False
106535,WEYERHAEUSER COMPANY,36000000,0001193125-26-051422,2023-12-31,,,,,,2023,ShareBasedCompensation,False
106535,WEYERHAEUSER COMPANY,43000000,0001193125-26-051422,2024-12-31,,,,,,2024,ShareBasedCompensation,False
106535,WEYERHAEUSER COMPANY,43000000,0001193125-26-051422,2025-12-31,,,,,,2025,ShareBasedCompensation,False
107263,"Williams Companies, Inc.",82000000,0000107263-18-000015,2015-12-31,,,,,,2015,ShareBasedCompensation,False
107263,"Williams Companies, Inc.",73000000,0000107263-19-000007,2016-12-31,,,,,,2016,ShareBasedCompensation,False
107263,"Williams Companies, Inc.",78000000,0000107263-20-000018,2017-12-31,,,,,,2017,ShareBasedCompensation,False
107263,"Williams Companies, Inc.",55000000,0000107263-21-000006,2018-12-31,,,,,,2018,ShareBasedCompensation,False
107263,"Williams Companies, Inc.",57000000,0000107263-22-000016,2019-12-31,,,,,,2019,ShareBasedCompensation,False
107263,"Williams Companies, Inc.",52000000,0000107263-23-000007,2020-12-31,,,,,,2020,ShareBasedCompensation,False
107263,"Williams Companies, Inc.",81000000,0000107263-24-000019,2021-12-31,,,,,,2021,ShareBasedCompensation,False
107263,"Williams Companies, Inc.",73000000,0000107263-25-000031,2022-12-31,,,,,,2022,ShareBasedCompensation,False
107263,"Williams Companies, Inc.",77000000,0000107263-26-000006,2023-12-31,,,,,,2023,ShareBasedCompensation,False
107263,"Williams Companies, Inc.",99000000,0000107263-26-000006,2024-12-31,,,,,,2024,ShareBasedCompensation,False
107263,"Williams Companies, Inc.",93000000,0000107263-26-000006,2025-12-31,,,,,,2025,ShareBasedCompensation,False
109198,"THE TJX COMPANIES, INC.",94107000,0001193125-18-107423,2016-01-30,,,,,,2015,ShareBasedCompensation,False
109198,"THE TJX COMPANIES, INC.",102251000,0001628280-19-003834,2017-01-28,,,,,,2016,ShareBasedCompensation,False
109198,"THE TJX COMPANIES, INC.",101362000,0000109198-20-000004,2018-02-03,,,,,,2017,ShareBasedCompensation,False
109198,"THE TJX COMPANIES, INC.",103557000,0000109198-21-000006,2019-02-02,,,,,,2018,ShareBasedCompensation,False
109198,"The TJX Companies, Inc.",124957000,0000109198-22-000008,2020-02-01,,,,,,2019,ShareBasedCompensation,False
109198,"The TJX Companies, Inc.",59000000,0000109198-23-000004,2021-01-30,,,,,,2020,ShareBasedCompensation,False
109198,"The TJX Companies, Inc.",189000000,0000109198-24-000014,2022-01-29,,,,,,2021,ShareBasedCompensation,False
109198,"The TJX Companies, Inc.",122000000,0000109198-25-000010,2023-01-28,,,,,,2022,ShareBasedCompensation,False
109198,"The TJX Companies, Inc.",160000000,0000109198-26-000008,2024-02-03,,,,,,2023,ShareBasedCompensation,False
109198,"The TJX Companies, Inc.",183000000,0000109198-26-000008,2025-02-01,,,,,,2024,ShareBasedCompensation,False
109198,"The TJX Companies, Inc.",214000000,0000109198-26-000008,2026-01-31,,,,,,2025,ShareBasedCompensation,False
200406,Johnson & Johnson,874000000,0000200406-18-000005,2016-01-03,,,,,,2015,ShareBasedCompensation,False
200406,Johnson & Johnson,878000000,0000200406-19-000009,2017-01-01,,,,,,2016,ShareBasedCompensation,False
200406,Johnson & Johnson,962000000,0000200406-20-000010,2017-12-31,,,,,,2017,ShareBasedCompensation,False
200406,Johnson & Johnson,978000000,0000200406-21-000008,2018-12-30,,,,,,2018,ShareBasedCompensation,False
200406,JOHNSON & JOHNSON,977000000,0000200406-22-000022,2019-12-29,,,,,,2019,ShareBasedCompensation,False
200406,JOHNSON & JOHNSON,1005000000,0000200406-23-000016,2021-01-03,,,,,,2020,ShareBasedCompensation,False
200406,Johnson & Johnson,1135000000,0000200406-24-000013,2022-01-02,,,,,,2021,ShareBasedCompensation,False
200406,Johnson & Johnson,1138000000,0000200406-25-000038,2023-01-01,,,,,,2022,ShareBasedCompensation,False
200406,Johnson & Johnson,1162000000,0000200406-26-000016,2023-12-31,,,,,,2023,ShareBasedCompensation,False
200406,Johnson & Johnson,1176000000,0000200406-26-000016,2024-12-29,,,,,,2024,ShareBasedCompensation,False
200406,Johnson & Johnson,1354000000,0000200406-26-000016,2025-12-28,,,,,,2025,ShareBasedCompensation,False
202058,"L3HARRIS TECHNOLOGIES, INC.",37000000,0000202058-17-000037,2015-07-03,,,,,,2015,ShareBasedCompensation,False
202058,"L3HARRIS TECHNOLOGIES, INC.",39000000,0000202058-18-000063,2016-07-01,,,,,,2016,ShareBasedCompensation,False
202058,"L3HARRIS TECHNOLOGIES, INC.",51000000,0000202058-21-000008,2018-06-29,,,,,,2017,ShareBasedCompensation,False
202058,"L3HARRIS TECHNOLOGIES, INC.",58000000,0000202058-22-000015,2019-06-28,,,,,,2018,ShareBasedCompensation,False
202058,"L3HARRIS TECHNOLOGIES, INC.",94000000,0000202058-23-000014,2021-01-01,,,,,,2020,ShareBasedCompensation,False
202058,"L3HARRIS TECHNOLOGIES, INC.",129000000,0000202058-24-000029,2021-12-31,,,,,,2021,ShareBasedCompensation,False
202058,"L3HARRIS TECHNOLOGIES, INC.",109000000,0000202058-25-000023,2022-12-30,,,,,,2022,ShareBasedCompensation,False
202058,"L3HARRIS TECHNOLOGIES, INC.",89000000,0000202058-26-000015,2023-12-29,,,,,,2023,ShareBasedCompensation,False
202058,"L3HARRIS TECHNOLOGIES, INC.",97000000,0000202058-26-000015,2025-01-03,,,,,,2024,ShareBasedCompensation,False
202058,"L3HARRIS TECHNOLOGIES, INC.",113000000,0000202058-26-000015,2026-01-02,,,,,,2025,ShareBasedCompensation,False
277135,"W.W. Grainger, Inc.",46861000,0000277135-18-000007,2015-12-31,,,,,,2015,ShareBasedCompensation,False
277135,"W.W. Grainger, Inc.",36000000,0000277135-19-000010,2016-12-31,,,,,,2016,ShareBasedCompensation,False
277135,"W.W. Grainger, Inc.",33000000,0000277135-20-000007,2017-12-31,,,,,,2017,ShareBasedCompensation,False
277135,"W.W. Grainger, Inc.",47000000,0000277135-21-000007,2018-12-31,,,,,,2018,ShareBasedCompensation,False
277135,"W.W. Grainger, Inc.",40000000,0000277135-22-000012,2019-12-31,,,,,,2019,ShareBasedCompensation,False
277135,"W.W. Grainger, Inc.",46000000,0000277135-23-000014,2020-12-31,,,,,,2020,ShareBasedCompensation,False
277135,"W.W. Grainger, Inc.",42000000,0000277135-24-000011,2021-12-31,,,,,,2021,ShareBasedCompensation,False
277135,"W.W. Grainger, Inc.",48000000,0000277135-25-000010,2022-12-31,,,,,,2022,ShareBasedCompensation,False
277135,"W.W. Grainger, Inc.",62000000,0000277135-26-000011,2023-12-31,,,,,,2023,ShareBasedCompensation,False
277135,"W.W. Grainger, Inc.",62000000,0000277135-26-000011,2024-12-31,,,,,,2024,ShareBasedCompensation,False
277135,"W.W. Grainger, Inc.",64000000,0000277135-26-000011,2025-12-31,,,,,,2025,ShareBasedCompensation,False
310158,"Merck & Co., Inc.",299000000,0000310158-18-000005,2015-12-31,,,,,,2015,ShareBasedCompensation,False
310158,"Merck & Co., Inc.",300000000,0000310158-19-000014,2016-12-31,,,,,,2016,ShareBasedCompensation,False
310158,"Merck & Co., Inc.",312000000,0000310158-20-000005,2017-12-31,,,,,,2017,ShareBasedCompensation,False
310158,"Merck & Co., Inc.",348000000,0000310158-21-000004,2018-12-31,,,,,,2018,ShareBasedCompensation,False
310158,"Merck & Co., Inc.",388000000,0000310158-22-000003,2019-12-31,,,,,,2019,ShareBasedCompensation,False
310158,"Merck & Co., Inc.",441000000,0001628280-23-005061,2020-12-31,,,,,,2020,ShareBasedCompensation,False
310158,"Merck & Co., Inc.",479000000,0001628280-24-006850,2021-12-31,,,,,,2021,ShareBasedCompensation,False
310158,"Merck & Co., Inc.",541000000,0001628280-25-007732,2022-12-31,,,,,,2022,ShareBasedCompensation,False
310158,"Merck & Co., Inc.",645000000,0000310158-26-000063,2023-12-31,,,,,,2023,ShareBasedCompensation,False
310158,"Merck & Co., Inc.",761000000,0000310158-26-000063,2024-12-31,,,,,,2024,ShareBasedCompensation,False
310158,"Merck & Co., Inc.",820000000,0000310158-26-000063,2025-12-31,,,,,,2025,ShareBasedCompensation,False
310764,STRYKER CORP,86000000,0000310764-18-000031,2015-12-31,,,,,,2015,ShareBasedCompensation,False
310764,STRYKER CORP,97000000,0000310764-19-000014,2016-12-31,,,,,,2016,ShareBasedCompensation,False
310764,STRYKER CORP,113000000,0000310764-20-000014,2017-12-31,,,,,,2017,ShareBasedCompensation,False
310764,STRYKER CORP,119000000,0000310764-21-000027,2018-12-31,,,,,,2018,ShareBasedCompensation,False
310764,STRYKER CORP,127000000,0000310764-22-000028,2019-12-31,,,,,,2019,ShareBasedCompensation,False
310764,STRYKER CORP,142000000,0000310764-23-000017,2020-12-31,,,,,,2020,ShareBasedCompensation,False
310764,STRYKER CORP,171000000,0000310764-24-000024,2021-12-31,,,,,,2021,ShareBasedCompensation,False
310764,STRYKER CORP,168000000,0000310764-25-000023,2022-12-31,,,,,,2022,ShareBasedCompensation,False
310764,STRYKER CORP,205000000,0000310764-26-000010,2023-12-31,,,,,,2023,ShareBasedCompensation,False
310764,STRYKER CORP,229000000,0000310764-26-000010,2024-12-31,,,,,,2024,ShareBasedCompensation,False
310764,STRYKER CORP,243000000,0000310764-26-000010,2025-12-31,,,,,,2025,ShareBasedCompensation,False
313616,DANAHER CORPORATION,103800000,0000313616-18-000038,2015-12-31,,,,,,2015,ShareBasedCompensation,False
313616,DANAHER CORPORATION,129800000,0000313616-19-000035,2016-12-31,,,,,,2016,ShareBasedCompensation,False
313616,DANAHER CORPORATION,127100000,0000313616-20-000041,2017-12-31,,,,,,2017,ShareBasedCompensation,False
313616,DANAHER CORPORATION,138000000,0000313616-21-000045,2018-12-31,,,,,,2018,ShareBasedCompensation,False
313616,DANAHER CORPORATION,159000000,0000313616-22-000061,2019-12-31,,,,,,2019,ShareBasedCompensation,False
313616,DANAHER CORPORATION,184000000,0000313616-24-000052,2021-12-31,,,,,,2021,ShareBasedCompensation,False
313616,DANAHER CORPORATION,295000000,0000313616-25-000043,2022-12-31,,,,,,2022,ShareBasedCompensation,False
313616,DANAHER CORPORATION,306000000,0000313616-26-000062,2023-12-31,,,,,,2023,ShareBasedCompensation,False
313616,DANAHER CORPORATION,288000000,0000313616-26-000062,2024-12-31,,,,,,2024,ShareBasedCompensation,False
313616,DANAHER CORPORATION,298000000,0000313616-26-000062,2025-12-31,,,,,,2025,ShareBasedCompensation,False
313927,CHURCH & DWIGHT CO INC /DE/,16100000,0001564590-18-002984,2015-12-31,,,,,,2015,ShareBasedCompensation,False
313927,CHURCH & DWIGHT CO INC /DE/,16000000,0001564590-19-003587,2016-12-31,,,,,,2016,ShareBasedCompensation,False
313927,CHURCH & DWIGHT CO INC /DE/,18100000,0001564590-20-004956,2017-12-31,,,,,,2017,ShareBasedCompensation,False
313927,CHURCH & DWIGHT CO INC /DE/,23300000,0001564590-21-006669,2018-12-31,,,,,,2018,ShareBasedCompensation,False
313927,"CHURCH & DWIGHT CO., INC.",20800000,0001564590-22-005528,2019-12-31,,,,,,2019,ShareBasedCompensation,False
313927,"CHURCH & DWIGHT CO., INC.",21500000,0000950170-23-003066,2020-12-31,,,,,,2020,ShareBasedCompensation,False
313927,"CHURCH & DWIGHT CO., INC.",23700000,0000950170-24-015810,2021-12-31,,,,,,2021,ShareBasedCompensation,False
313927,"CHURCH & DWIGHT CO., INC.",32300000,0000950170-25-019801,2022-12-31,,,,,,2022,ShareBasedCompensation,False
313927,"CHURCH & DWIGHT CO., INC.",63600000,0001193125-26-048139,2023-12-31,,,,,,2023,ShareBasedCompensation,False
313927,"CHURCH & DWIGHT CO., INC.",59200000,0001193125-26-048139,2024-12-31,,,,,,2024,ShareBasedCompensation,False
313927,"CHURCH & DWIGHT CO., INC.",58000000,0001193125-26-048139,2025-12-31,,,,,,2025,ShareBasedCompensation,False
315189,DEERE & CO,66100000,0001047469-17-007719,2015-11-01,,,,,,2015,ShareBasedCompensation,False
315189,DEERE & CO,70600000,0001047469-16-017244,2016-10-31,,,,,,2016,ShareBasedCompensation,False
315189,DEERE & CO,68000000,0001558370-19-011614,2017-10-29,,,,,,2017,ShareBasedCompensation,False
315189,DEERE & CO,84000000,0001558370-20-014436,2018-10-28,,,,,,2018,ShareBasedCompensation,False
315189,DEERE & CO,82000000,0001558370-21-016864,2019-11-03,,,,,,2019,ShareBasedCompensation,False
315189,DEERE & CO,81000000,0001558370-22-018703,2020-11-01,,,,,,2020,ShareBasedCompensation,False
315189,DEERE & CO,82000000,0001558370-23-019812,2021-10-31,,,,,,2021,ShareBasedCompensation,False
315189,DEERE & CO,85000000,0001558370-24-016169,2022-10-30,,,,,,2022,ShareBasedCompensation,False
315189,DEERE & CO,130000000,0001104659-25-122321,2023-10-29,,,,,,2023,ShareBasedCompensation,False
315189,DEERE & CO,208000000,0001104659-25-122321,2024-10-27,,,,,,2024,ShareBasedCompensation,False
315189,DEERE & CO,151000000,0001104659-25-122321,2025-11-02,,,,,,2025,ShareBasedCompensation,False
315293,Aon plc,320000000,0001628280-18-001923,2015-12-31,,,,,,2015,ShareBasedCompensation,False
315293,Aon plc,306000000,0001628280-19-001558,2016-12-31,,,,,,2016,ShareBasedCompensation,False
315293,Aon plc,319000000,0001193125-20-094774,2017-12-31,,,,,,2017,ShareBasedCompensation,False
315293,Aon plc,338000000,0001628280-21-002574,2018-12-31,,,,,,2018,ShareBasedCompensation,False
315293,Aon plc,317000000,0001628280-22-003180,2019-12-31,,,,,,2019,ShareBasedCompensation,False
315293,Aon plc,312000000,0001628280-23-004087,2020-12-31,,,,,,2020,ShareBasedCompensation,False
315293,Aon plc,449000000,0001628280-24-005392,2021-12-31,,,,,,2021,ShareBasedCompensation,False
315293,Aon plc,397000000,0001628280-25-006093,2022-12-31,,,,,,2022,ShareBasedCompensation,False
315293,Aon plc,438000000,0001628280-26-008116,2023-12-31,,,,,,2023,ShareBasedCompensation,False
315293,Aon plc,474000000,0001628280-26-008116,2024-12-31,,,,,,2024,ShareBasedCompensation,False
315293,Aon plc,432000000,0001628280-26-008116,2025-12-31,,,,,,2025,ShareBasedCompensation,False
316709,SCHWAB CHARLES CORP,135000000,0000316709-18-000009,2015-12-31,,,,,,2015,ShareBasedCompensation,False
316709,SCHWAB CHARLES CORP,141000000,0000316709-19-000008,2016-12-31,,,,,,2016,ShareBasedCompensation,False
316709,SCHWAB CHARLES CORP,153000000,0000316709-20-000012,2017-12-31,,,,,,2017,ShareBasedCompensation,False
316709,SCHWAB CHARLES CORP,197000000,0000316709-21-000012,2018-12-31,,,,,,2018,ShareBasedCompensation,False
316709,SCHWAB CHARLES CORP,183000000,0000316709-22-000009,2019-12-31,,,,,,2019,ShareBasedCompensation,False
316709,SCHWAB CHARLES CORP,204000000,0000316709-23-000009,2020-12-31,,,,,,2020,ShareBasedCompensation,False
316709,SCHWAB CHARLES CORP,254000000,0000316709-24-000018,2021-12-31,,,,,,2021,ShareBasedCompensation,False
316709,SCHWAB CHARLES CORP,366000000,0000316709-25-000010,2022-12-31,,,,,,2022,ShareBasedCompensation,False
316709,SCHWAB CHARLES CORP,320000000,0000316709-26-000009,2023-12-31,,,,,,2023,ShareBasedCompensation,False
316709,SCHWAB CHARLES CORP,337000000,0000316709-26-000009,2024-12-31,,,,,,2024,ShareBasedCompensation,False
316709,SCHWAB CHARLES CORP,317000000,0000316709-26-000009,2025-12-31,,,,,,2025,ShareBasedCompensation,False
318154,Amgen Inc.,322000000,0000318154-18-000004,2015-12-31,,,,,,2015,ShareBasedCompensation,False
318154,Amgen Inc.,311000000,0000318154-19-000008,2016-12-31,,,,,,2016,ShareBasedCompensation,False
318154,Amgen Inc.,329000000,0000318154-20-000017,2017-12-31,,,,,,2017,ShareBasedCompensation,False
318154,Amgen Inc.,311000000,0000318154-21-000010,2018-12-31,,,,,,2018,ShareBasedCompensation,False
318154,Amgen Inc.,308000000,0000318154-22-000010,2019-12-31,,,,,,2019,ShareBasedCompensation,False
318154,Amgen Inc.,330000000,0000318154-23-000017,2020-12-31,,,,,,2020,ShareBasedCompensation,False
318154,Amgen Inc.,341000000,0000318154-24-000011,2021-12-31,,,,,,2021,ShareBasedCompensation,False
318154,Amgen Inc.,401000000,0000318154-25-000010,2022-12-31,,,,,,2022,ShareBasedCompensation,False
318154,Amgen Inc.,431000000,0000318154-26-000010,2023-12-31,,,,,,2023,ShareBasedCompensation,False
318154,Amgen Inc.,530000000,0000318154-26-000010,2024-12-31,,,,,,2024,ShareBasedCompensation,False
318154,Amgen Inc.,494000000,0000318154-26-000010,2025-12-31,,,,,,2025,ShareBasedCompensation,False
319201,KLA CORPORATION,55302000,0000319201-17-000034,2015-06-30,,,,,,2015,ShareBasedCompensation,False
319201,KLA CORPORATION,45050000,0000319201-18-000045,2016-06-30,,,,,,2016,ShareBasedCompensation,False
319201,KLA CORPORATION,50943000,0000319201-19-000031,2017-06-30,,,,,,2017,ShareBasedCompensation,False
319201,KLA CORPORATION,62784000,0000319201-20-000047,2018-06-30,,,,,,2018,ShareBasedCompensation,False
319201,KLA CORPORATION,94194000,0000319201-21-000029,2019-06-30,,,,,,2019,ShareBasedCompensation,False
319201,KLA CORP,111381000,0000319201-22-000023,2020-06-30,,,,,,2020,ShareBasedCompensation,False
319201,KLA CORP,111836000,0000319201-23-000031,2021-06-30,,,,,,2021,ShareBasedCompensation,False
319201,KLA CORP,126918000,0000319201-24-000021,2022-06-30,,,,,,2022,ShareBasedCompensation,False
319201,KLA CORP,171424000,0000319201-25-000024,2023-06-30,,,,,,2023,ShareBasedCompensation,False
319201,KLA CORP,212695000,0000319201-26-000027,2024-06-30,,,,,,2024,ShareBasedCompensation,False
319201,KLA CORP,265011000,0000319201-26-000027,2025-06-30,,,,,,2025,ShareBasedCompensation,False
319201,KLA CORP,310171000,0000319201-26-000027,2026-06-30,,,,,,2026,ShareBasedCompensation,False
320187,"NIKE, Inc.",236000000,0000320187-18-000142,2016-05-31,,,,,,2015,ShareBasedCompensation,False
320187,"NIKE, Inc.",215000000,0000320187-19-000051,2017-05-31,,,,,,2016,ShareBasedCompensation,False
320187,"NIKE, Inc.",218000000,0000320187-20-000047,2018-05-31,,,,,,2017,ShareBasedCompensation,False
320187,"NIKE, Inc.",325000000,0000320187-21-000028,2019-05-31,,,,,,2018,ShareBasedCompensation,False
320187,"NIKE, Inc.",429000000,0000320187-22-000038,2020-05-31,,,,,,2019,ShareBasedCompensation,False
320187,"NIKE, Inc.",611000000,0000320187-23-000039,2021-05-31,,,,,,2020,ShareBasedCompensation,False
320187,"NIKE, Inc.",638000000,0000320187-24-000044,2022-05-31,,,,,,2021,ShareBasedCompensation,False
320187,"NIKE, Inc.",755000000,0000320187-25-000047,2023-05-31,,,,,,2022,ShareBasedCompensation,False
320187,"NIKE, Inc.",804000000,0000320187-26-000088,2024-05-31,,,,,,2023,ShareBasedCompensation,False
320187,"NIKE, Inc.",709000000,0000320187-26-000088,2025-05-31,,,,,,2024,ShareBasedCompensation,False
320187,"NIKE, Inc.",715000000,0000320187-26-000088,2026-05-31,,,,,,2025,ShareBasedCompensation,False
320193,Apple Inc.,3586000000,0000320193-17-000070,2015-09-26,,,,,,2015,ShareBasedCompensation,False
320193,Apple Inc.,4210000000,0000320193-18-000145,2016-09-24,,,,,,2016,ShareBasedCompensation,False
320193,Apple Inc.,4840000000,0000320193-19-000119,2017-09-30,,,,,,2017,ShareBasedCompensation,False
320193,Apple Inc.,5340000000,0000320193-20-000096,2018-09-29,,,,,,2018,ShareBasedCompensation,False
320193,Apple Inc.,6068000000,0000320193-21-000105,2019-09-28,,,,,,2019,ShareBasedCompensation,False
320193,Apple Inc.,6829000000,0000320193-22-000108,2020-09-26,,,,,,2020,ShareBasedCompensation,False
320193,Apple Inc.,7906000000,0000320193-23-000106,2021-09-25,,,,,,2021,ShareBasedCompensation,False
320193,Apple Inc.,9038000000,0000320193-24-000123,2022-09-24,,,,,,2022,ShareBasedCompensation,False
320193,Apple Inc.,10833000000,0000320193-25-000079,2023-09-30,,,,,,2023,ShareBasedCompensation,False
320193,Apple Inc.,11688000000,0000320193-25-000079,2024-09-28,,,,,,2024,ShareBasedCompensation,False
320193,Apple Inc.,12863000000,0000320193-25-000079,2025-09-27,,,,,,2025,ShareBasedCompensation,False
320335,GLOBE LIFE INC.,28664000,0000320335-18-000006,2015-12-31,,,,,,2015,ShareBasedCompensation,False
320335,GLOBE LIFE INC.,26326000,0000320335-19-000006,2016-12-31,,,,,,2016,ShareBasedCompensation,False
320335,GLOBE LIFE INC.,37034000,0000320335-20-000008,2017-12-31,,,,,,2017,ShareBasedCompensation,False
320335,GLOBE LIFE INC.,39792000,0000320335-21-000010,2018-12-31,,,,,,2018,ShareBasedCompensation,False
320335,GLOBE LIFE INC.,44843000,0000320335-22-000006,2019-12-31,,,,,,2019,ShareBasedCompensation,False
320335,GLOBE LIFE INC.,35892000,0000320335-23-000008,2020-12-31,,,,,,2020,ShareBasedCompensation,False
320335,GLOBE LIFE INC.,30272000,0000320335-24-000006,2021-12-31,,,,,,2021,ShareBasedCompensation,False
320335,GLOBE LIFE INC.,35650000,0000320335-25-000013,2022-12-31,,,,,,2022,ShareBasedCompensation,False
320335,GLOBE LIFE INC.,30736000,0000320335-26-000090,2023-12-31,,,,,,2023,ShareBasedCompensation,False
320335,GLOBE LIFE INC.,40118000,0000320335-26-000090,2024-12-31,,,,,,2024,ShareBasedCompensation,False
320335,GLOBE LIFE INC.,53355000,0000320335-26-000090,2025-12-31,,,,,,2025,ShareBasedCompensation,False
352915,"UNIVERSAL HEALTH SERVICES, INC.",39971000,0001564590-18-003808,2015-12-31,,,,,,2015,ShareBasedCompensation,False
352915,"UNIVERSAL HEALTH SERVICES, INC.",48109000,0001564590-19-004919,2016-12-31,,,,,,2016,ShareBasedCompensation,False
352915,"UNIVERSAL HEALTH SERVICES, INC.",56738000,0001564590-20-006793,2017-12-31,,,,,,2017,ShareBasedCompensation,False
352915,"UNIVERSAL HEALTH SERVICES, INC.",66581000,0001564590-21-008851,2018-12-31,,,,,,2018,ShareBasedCompensation,False
352915,"UNIVERSAL HEALTH SERVICES, INC.",69431000,0001564590-22-006717,2019-12-31,,,,,,2019,ShareBasedCompensation,False
352915,"UNIVERSAL HEALTH SERVICES, INC.",65837000,0000950170-23-004656,2020-12-31,,,,,,2020,ShareBasedCompensation,False
352915,"UNIVERSAL HEALTH SERVICES, INC.",73686000,0000950170-24-021175,2021-12-31,,,,,,2021,ShareBasedCompensation,False
352915,"UNIVERSAL HEALTH SERVICES, INC.",85378000,0000950170-25-027785,2022-12-31,,,,,,2022,ShareBasedCompensation,False
352915,"UNIVERSAL HEALTH SERVICES, INC.",87720000,0001193125-26-071676,2023-12-31,,,,,,2023,ShareBasedCompensation,False
352915,"UNIVERSAL HEALTH SERVICES, INC.",99349000,0001193125-26-071676,2024-12-31,,,,,,2024,ShareBasedCompensation,False
352915,"UNIVERSAL HEALTH SERVICES, INC.",95688000,0001193125-26-071676,2025-12-31,,,,,,2025,ShareBasedCompensation,False
354190,ARTHUR J. GALLAGHER & CO.,11200000,0001193125-18-038261,2015-12-31,,,,,,2015,ShareBasedCompensation,False
354190,ARTHUR J. GALLAGHER & CO.,14700000,0001193125-19-032304,2016-12-31,,,,,,2016,ShareBasedCompensation,False
354190,ARTHUR J. GALLAGHER & CO.,17300000,0001193125-20-028191,2017-12-31,,,,,,2017,ShareBasedCompensation,False
354190,ARTHUR J. GALLAGHER & CO.,13700000,0001564590-21-004555,2018-12-31,,,,,,2018,ShareBasedCompensation,False
354190,ARTHUR J. GALLAGHER & CO.,14000000,0001564590-22-005714,2019-12-31,,,,,,2019,ShareBasedCompensation,False
354190,ARTHUR J. GALLAGHER & CO.,13600000,0000950170-23-002456,2020-12-31,,,,,,2020,ShareBasedCompensation,False
354190,ARTHUR J. GALLAGHER & CO.,13400000,0000950170-24-013370,2021-12-31,,,,,,2021,ShareBasedCompensation,False
354190,ARTHUR J. GALLAGHER & CO.,24400000,0000950170-25-021775,2022-12-31,,,,,,2022,ShareBasedCompensation,False
354190,ARTHUR J. GALLAGHER & CO.,31000000,0001628280-26-008662,2023-12-31,,,,,,2023,ShareBasedCompensation,False
354190,ARTHUR J. GALLAGHER & CO.,42000000,0001628280-26-008662,2024-12-31,,,,,,2024,ShareBasedCompensation,False
354190,ARTHUR J. GALLAGHER & CO.,49000000,0001628280-26-008662,2025-12-31,,,,,,2025,ShareBasedCompensation,False
354950,"HOME DEPOT, INC.",244000000,0000354950-18-000019,2016-01-31,,,,,,2015,ShareBasedCompensation,False
354950,"HOME DEPOT, INC.",267000000,0000354950-19-000010,2017-01-29,,,,,,2016,ShareBasedCompensation,False
354950,"HOME DEPOT, INC.",273000000,0000354950-20-000015,2018-01-28,,,,,,2017,ShareBasedCompensation,False
354950,"HOME DEPOT, INC.",282000000,0000354950-21-000089,2019-02-03,,,,,,2018,ShareBasedCompensation,False
354950,"HOME DEPOT, INC.",251000000,0000354950-22-000070,2020-02-02,,,,,,2019,ShareBasedCompensation,False
354950,"HOME DEPOT, INC.",310000000,0000354950-23-000059,2021-01-31,,,,,,2020,ShareBasedCompensation,False
354950,"HOME DEPOT, INC.",399000000,0000354950-24-000062,2022-01-30,,,,,,2021,ShareBasedCompensation,False
354950,"HOME DEPOT, INC.",366000000,0000354950-25-000085,2023-01-29,,,,,,2022,ShareBasedCompensation,False
354950,"HOME DEPOT, INC.",380000000,0001628280-26-019436,2024-01-28,,,,,,2023,ShareBasedCompensation,False
354950,"HOME DEPOT, INC.",442000000,0001628280-26-019436,2025-02-02,,,,,,2024,ShareBasedCompensation,False
354950,"HOME DEPOT, INC.",522000000,0001628280-26-019436,2026-02-01,,,,,,2025,ShareBasedCompensation,False
707549,LAM RESEARCH CORPORATION,142348000,0000707549-18-000115,2016-06-26,,,,,,2015,ShareBasedCompensation,False
707549,LAM RESEARCH CORPORATION,149975000,0000707549-19-000124,2017-06-25,,,,,,2016,ShareBasedCompensation,False
707549,LAM RESEARCH CORPORATION,172216000,0000707549-20-000138,2018-06-24,,,,,,2017,ShareBasedCompensation,False
707549,LAM RESEARCH CORPORATION,189197000,0000707549-22-000107,2020-06-28,,,,,,2019,ShareBasedCompensation,False
707549,LAM RESEARCH CORPORATION,220164000,0000707549-23-000102,2021-06-27,,,,,,2020,ShareBasedCompensation,False
707549,LAM RESEARCH CORPORATION,259064000,0000707549-24-000106,2022-06-26,,,,,,2021,ShareBasedCompensation,False
707549,LAM RESEARCH CORPORATION,286600000,0000707549-25-000075,2023-06-25,,,,,,2022,ShareBasedCompensation,False
707549,LAM RESEARCH CORPORATION,343371000,0000707549-26-000037,2025-06-29,,,,,,2024,ShareBasedCompensation,False
707549,LAM RESEARCH CORPORATION,386381000,0000707549-26-000037,2026-06-28,,,,,,2025,ShareBasedCompensation,False
711404,"The Cooper Companies, Inc.",32900000,0000711404-17-000044,2015-10-31,,,,,,2015,ShareBasedCompensation,False
711404,"The Cooper Companies, Inc.",29900000,0000711404-18-000047,2016-10-31,,,,,,2016,ShareBasedCompensation,False
711404,"The Cooper Companies, Inc.",37200000,0000711404-19-000051,2017-10-31,,,,,,2017,ShareBasedCompensation,False
711404,"The Cooper Companies, Inc.",43200000,0000711404-20-000042,2018-10-31,,,,,,2018,ShareBasedCompensation,False
711404,"COOPER COMPANIES, INC.",35100000,0000711404-21-000038,2019-10-31,,,,,,2019,ShareBasedCompensation,False
711404,"THE COOPER COMPANIES, INC.",37600000,0000711404-22-000053,2020-10-31,,,,,,2020,ShareBasedCompensation,False
711404,"THE COOPER COMPANIES, INC.",43800000,0000711404-23-000072,2021-10-31,,,,,,2021,ShareBasedCompensation,False
711404,"THE COOPER COMPANIES, INC.",54200000,0000711404-24-000074,2022-10-31,,,,,,2022,ShareBasedCompensation,False
711404,"THE COOPER COMPANIES, INC.",62100000,0001628280-25-055615,2023-10-31,,,,,,2023,ShareBasedCompensation,False
711404,"THE COOPER COMPANIES, INC.",75100000,0001628280-25-055615,2024-10-31,,,,,,2024,ShareBasedCompensation,False
711404,"THE COOPER COMPANIES, INC.",70500000,0001628280-25-055615,2025-10-31,,,,,,2025,ShareBasedCompensation,False
713676,"PNC FINANCIAL SERVICES GROUP, INC.",200000000,0000713676-18-000032,2015-12-31,,,,,,2015,ShareBasedCompensation,False
713676,"PNC FINANCIAL SERVICES GROUP, INC.",200000000,0000713676-18-000032,2016-12-31,,,,,,2016,ShareBasedCompensation,False
713676,"PNC FINANCIAL SERVICES GROUP, INC.",200000000,0000713676-18-000032,2017-12-31,,,,,,2017,ShareBasedCompensation,False
719955,"Williams-Sonoma, Inc.",41357000,0001193125-18-102232,2016-01-31,,,,,,2015,ShareBasedCompensation,False
719955,"Williams-Sonoma, Inc.",51116000,0001193125-19-097973,2017-01-29,,,,,,2016,ShareBasedCompensation,False
719955,"Williams-Sonoma, Inc.",42988000,0001193125-20-088937,2018-01-28,,,,,,2017,ShareBasedCompensation,False
719955,"Williams-Sonoma, Inc.",59802000,0001193125-21-100319,2019-02-03,,,,,,2018,ShareBasedCompensation,False
719955,"WILLIAMS-SONOMA, INC.",64163000,0001628280-22-007494,2020-02-02,,,,,,2019,ShareBasedCompensation,False
719955,"WILLIAMS-SONOMA, INC.",73185000,0001628280-23-009175,2021-01-31,,,,,,2020,ShareBasedCompensation,False
719955,"WILLIAMS-SONOMA, INC.",95240000,0001628280-24-012221,2022-01-30,,,,,,2021,ShareBasedCompensation,False
719955,"WILLIAMS-SONOMA, INC.",90268000,0001628280-25-015037,2023-01-29,,,,,,2022,ShareBasedCompensation,False
719955,"WILLIAMS-SONOMA, INC.",84754000,0000719955-26-000059,2024-01-28,,,,,,2023,ShareBasedCompensation,False
719955,"WILLIAMS-SONOMA, INC.",98983000,0000719955-26-000059,2025-02-02,,,,,,2024,ShareBasedCompensation,False
719955,"WILLIAMS-SONOMA, INC.",106522000,0000719955-26-000059,2026-02-01,,,,,,2025,ShareBasedCompensation,False
720005,"RAYMOND JAMES FINANCIAL, INC.",71488000,0000720005-17-000089,2015-09-30,,,,,,2015,ShareBasedCompensation,False
720005,"RAYMOND JAMES FINANCIAL, INC.",78528000,0000720005-18-000083,2016-09-30,,,,,,2016,ShareBasedCompensation,False
720005,"RAYMOND JAMES FINANCIAL, INC.",109000000,0000720005-19-000086,2017-09-30,,,,,,2017,ShareBasedCompensation,False
720005,"RAYMOND JAMES FINANCIAL, INC.",99000000,0000720005-20-000063,2018-09-30,,,,,,2018,ShareBasedCompensation,False
720005,"RAYMOND JAMES FINANCIAL, INC.",112000000,0000720005-21-000106,2019-09-30,,,,,,2019,ShareBasedCompensation,False
720005,"RAYMOND JAMES FINANCIAL, INC.",120000000,0000720005-22-000066,2020-09-30,,,,,,2020,ShareBasedCompensation,False
720005,"RAYMOND JAMES FINANCIAL, INC.",132000000,0000720005-23-000079,2021-09-30,,,,,,2021,ShareBasedCompensation,False
720005,"RAYMOND JAMES FINANCIAL, INC.",192000000,0000720005-24-000069,2022-09-30,,,,,,2022,ShareBasedCompensation,False
720005,"RAYMOND JAMES FINANCIAL, INC.",237000000,0000720005-25-000093,2023-09-30,,,,,,2023,ShareBasedCompensation,False
720005,"RAYMOND JAMES FINANCIAL, INC.",254000000,0000720005-25-000093,2024-09-30,,,,,,2024,ShareBasedCompensation,False
720005,"RAYMOND JAMES FINANCIAL, INC.",254000000,0000720005-25-000093,2025-09-30,,,,,,2025,ShareBasedCompensation,False
721371,"Cardinal Health, Inc.",110000000,0000721371-17-000083,2015-06-30,,,,,,2015,ShareBasedCompensation,False
721371,"Cardinal Health, Inc.",111000000,0000721371-18-000077,2016-06-30,,,,,,2016,ShareBasedCompensation,False
721371,"Cardinal Health, Inc.",96000000,0000721371-19-000090,2017-06-30,,,,,,2017,ShareBasedCompensation,False
721371,"Cardinal Health, Inc.",85000000,0000721371-20-000089,2018-06-30,,,,,,2018,ShareBasedCompensation,False
721371,"Cardinal Health, Inc.",82000000,0000721371-21-000080,2019-06-30,,,,,,2019,ShareBasedCompensation,False
721371,"Cardinal Health, Inc.",90000000,0000721371-22-000058,2020-06-30,,,,,,2020,ShareBasedCompensation,False
721371,"Cardinal Health, Inc.",89000000,0000721371-23-000060,2021-06-30,,,,,,2021,ShareBasedCompensation,False
721371,"Cardinal Health, Inc.",81000000,0000721371-24-000056,2022-06-30,,,,,,2022,ShareBasedCompensation,False
721371,"Cardinal Health, Inc.",96000000,0000721371-25-000079,2023-06-30,,,,,,2023,ShareBasedCompensation,False
721371,"Cardinal Health, Inc.",121000000,0000721371-26-000038,2024-06-30,,,,,,2024,ShareBasedCompensation,False
721371,"Cardinal Health, Inc.",244000000,0000721371-26-000038,2025-06-30,,,,,,2025,ShareBasedCompensation,False
721371,"Cardinal Health, Inc.",367000000,0000721371-26-000038,2026-06-30,,,,,,2026,ShareBasedCompensation,False
723125,"Micron Technology, Inc.",168000000,0000723125-17-000131,2015-09-03,,,,,,2015,ShareBasedCompensation,False
723125,"Micron Technology, Inc.",191000000,0000723125-18-000092,2016-09-01,,,,,,2016,ShareBasedCompensation,False
723125,"Micron Technology, Inc.",215000000,0000723125-19-000094,2017-08-31,,,,,,2017,ShareBasedCompensation,False
723125,"Micron Technology, Inc.",198000000,0000723125-20-000082,2018-08-30,,,,,,2018,ShareBasedCompensation,False
723125,"Micron Technology, Inc.",243000000,0000723125-21-000065,2019-08-29,,,,,,2019,ShareBasedCompensation,False
723125,"Micron Technology, Inc.",328000000,0000723125-22-000048,2020-09-03,,,,,,2020,ShareBasedCompensation,False
723125,"Micron Technology, Inc.",378000000,0000723125-23-000054,2021-09-02,,,,,,2021,ShareBasedCompensation,False
723125,"Micron Technology, Inc.",514000000,0000723125-24-000027,2022-09-01,,,,,,2022,ShareBasedCompensation,False
723125,"Micron Technology, Inc.",596000000,0000723125-25-000028,2023-08-31,,,,,,2023,ShareBasedCompensation,False
723125,"Micron Technology, Inc.",833000000,0000723125-25-000028,2024-08-29,,,,,,2024,ShareBasedCompensation,False
723125,"Micron Technology, Inc.",972000000,0000723125-25-000028,2025-08-28,,,,,,2025,ShareBasedCompensation,False
723254,Cintas Corporation,79293000,0000723254-18-000015,2016-05-31,,,,,,2015,ShareBasedCompensation,False
723254,Cintas Corporation,88868000,0000723254-19-000021,2017-05-31,,,,,,2016,ShareBasedCompensation,False
723254,Cintas Corporation,112835000,0000723254-20-000025,2018-05-31,,,,,,2017,ShareBasedCompensation,False
723254,Cintas Corp,139210000,0000723254-21-000021,2019-05-31,,,,,,2018,ShareBasedCompensation,False
723254,Cintas Corp,115435000,0000723254-22-000019,2020-05-31,,,,,,2019,ShareBasedCompensation,False
723254,Cintas Corp,112035000,0000723254-23-000025,2021-05-31,,,,,,2020,ShareBasedCompensation,False
723254,Cintas Corporation,109308000,0000723254-24-000036,2022-05-31,,,,,,2021,ShareBasedCompensation,False
723254,Cintas Corporation,103621000,0000723254-25-000017,2023-05-31,,,,,,2022,ShareBasedCompensation,False
723254,Cintas Corporation,116986000,0000723254-26-000028,2024-05-31,,,,,,2023,ShareBasedCompensation,False
723254,Cintas Corporation,128329000,0000723254-26-000028,2025-05-31,,,,,,2024,ShareBasedCompensation,False
723254,Cintas Corporation,128076000,0000723254-26-000028,2026-05-31,,,,,,2025,ShareBasedCompensation,False
723531,"PAYCHEX, INC.",34600000,0000723531-18-000026,2016-05-31,,,,,,2015,ShareBasedCompensation,False
723531,"PAYCHEX, INC.",35400000,0000723531-19-000032,2017-05-31,,,,,,2016,ShareBasedCompensation,False
723531,"PAYCHEX, INC.",44600000,0000723531-20-000048,2018-05-31,,,,,,2017,ShareBasedCompensation,False
723531,"PAYCHEX, INC.",46200000,0000723531-21-000035,2019-05-31,,,,,,2018,ShareBasedCompensation,False
723531,"Paychex, Inc.",47400000,0000950170-22-012734,2020-05-31,,,,,,2019,ShareBasedCompensation,False
723531,"Paychex, Inc.",52500000,0000950170-23-032988,2021-05-31,,,,,,2020,ShareBasedCompensation,False
723531,"Paychex, Inc.",52800000,0000950170-24-082958,2022-05-31,,,,,,2021,ShareBasedCompensation,False
723531,"Paychex, Inc.",62600000,0000950170-25-095300,2023-05-31,,,,,,2022,ShareBasedCompensation,False
723531,"Paychex, Inc.",61100000,0001193125-26-307785,2024-05-31,,,,,,2023,ShareBasedCompensation,False
723531,"Paychex, Inc.",111800000,0001193125-26-307785,2025-05-31,,,,,,2024,ShareBasedCompensation,False
723531,"Paychex, Inc.",96100000,0001193125-26-307785,2026-05-31,,,,,,2025,ShareBasedCompensation,False
726728,REALTY INCOME CORPORATION,10391000,0001104659-18-011376,2015-12-31,,,,,,2015,ShareBasedCompensation,False
726728,REALTY INCOME CORPORATION,12007000,0000726728-19-000041,2016-12-31,,,,,,2016,ShareBasedCompensation,False
726728,REALTY INCOME CORPORATION,13946000,0000726728-20-000033,2017-12-31,,,,,,2017,ShareBasedCompensation,False
726728,REALTY INCOME CORPORATION,27267000,0000726728-21-000043,2018-12-31,,,,,,2018,ShareBasedCompensation,False
726728,REALTY INCOME CORPORATION,13662000,0000726728-22-000046,2019-12-31,,,,,,2019,ShareBasedCompensation,False
726728,REALTY INCOME CORPORATION,16503000,0000726728-23-000044,2020-12-31,,,,,,2020,ShareBasedCompensation,False
726728,REALTY INCOME CORPORATION,41773000,0000726728-24-000047,2021-12-31,,,,,,2021,ShareBasedCompensation,False
726728,REALTY INCOME CORPORATION,21617000,0000726728-25-000055,2022-12-31,,,,,,2022,ShareBasedCompensation,False
726728,REALTY INCOME CORPORATION,26227000,0000726728-26-000011,2023-12-31,,,,,,2023,ShareBasedCompensation,False
726728,REALTY INCOME CORPORATION,57493000,0000726728-26-000011,2024-12-31,,,,,,2024,ShareBasedCompensation,False
726728,REALTY INCOME CORPORATION,30770000,0000726728-26-000011,2025-12-31,,,,,,2025,ShareBasedCompensation,False
726958,"CASEY'S GENERAL STORES, INC.",7413000,0000726958-18-000097,2016-04-30,,,,,,2015,ShareBasedCompensation,False
726958,"CASEY'S GENERAL STORES, INC.",10697000,0000726958-19-000078,2017-04-30,,,,,,2016,ShareBasedCompensation,False
726958,"CASEY'S GENERAL STORES, INC.",18800000,0000726958-20-000085,2018-04-30,,,,,,2017,ShareBasedCompensation,False
726958,"CASEY'S GENERAL STORES, INC.",16410000,0000726958-21-000078,2019-04-30,,,,,,2018,ShareBasedCompensation,False
726958,"CASEY’S GENERAL STORES, INC.",18129000,0000726958-22-000065,2020-04-30,,,,,,2019,ShareBasedCompensation,False
726958,"CASEY’S GENERAL STORES, INC.",31986000,0000726958-23-000059,2021-04-30,,,,,,2020,ShareBasedCompensation,False
726958,"CASEY’S GENERAL STORES, INC.",37976000,0000726958-24-000046,2022-04-30,,,,,,2021,ShareBasedCompensation,False
726958,"CASEY’S GENERAL STORES, INC.",47024000,0000726958-25-000065,2023-04-30,,,,,,2022,ShareBasedCompensation,False
726958,"CASEY’S GENERAL STORES, INC.",41379000,0000726958-26-000046,2024-04-30,,,,,,2023,ShareBasedCompensation,False
726958,"CASEY’S GENERAL STORES, INC.",47732000,0000726958-26-000046,2025-04-30,,,,,,2024,ShareBasedCompensation,False
726958,"CASEY’S GENERAL STORES, INC.",63407000,0000726958-26-000046,2026-04-30,,,,,,2025,ShareBasedCompensation,False
728535,"J.B. HUNT TRANSPORT SERVICES, INC.",37228000,0001437749-18-003239,2015-12-31,,,,,,2015,ShareBasedCompensation,False
728535,"J.B. HUNT TRANSPORT SERVICES, INC.",40625000,0001437749-19-003134,2016-12-31,,,,,,2016,ShareBasedCompensation,False
728535,"J.B. HUNT TRANSPORT SERVICES, INC.",38291000,0001437749-20-004119,2017-12-31,,,,,,2017,ShareBasedCompensation,False
728535,"J.B. HUNT TRANSPORT SERVICES, INC.",47369000,0001437749-21-003667,2018-12-31,,,,,,2018,ShareBasedCompensation,False
728535,HUNT J B TRANSPORT SERVICES INC,53324000,0001437749-22-004457,2019-12-31,,,,,,2019,ShareBasedCompensation,False
728535,"J.B. HUNT TRANSPORT SERVICES, INC.",60698000,0001437749-23-004530,2020-12-31,,,,,,2020,ShareBasedCompensation,False
728535,"J.B. HUNT TRANSPORT SERVICES, INC.",61505000,0001437749-24-005368,2021-12-31,,,,,,2021,ShareBasedCompensation,False
728535,"J.B. HUNT TRANSPORT SERVICES, INC.",77535000,0001437749-25-004736,2022-12-31,,,,,,2022,ShareBasedCompensation,False
728535,"J.B. HUNT TRANSPORT SERVICES, INC.",79189000,0001437749-26-005294,2023-12-31,,,,,,2023,ShareBasedCompensation,False
728535,"J.B. HUNT TRANSPORT SERVICES, INC.",65686000,0001437749-26-005294,2024-12-31,,,,,,2024,ShareBasedCompensation,False
728535,"J.B. HUNT TRANSPORT SERVICES, INC.",71753000,0001437749-26-005294,2025-12-31,,,,,,2025,ShareBasedCompensation,False
731766,UnitedHealth Group Incorporated,406000000,0000731766-18-000005,2015-12-31,,,,,,2015,ShareBasedCompensation,False
731766,UnitedHealth Group Incorporated,485000000,0000731766-19-000005,2016-12-31,,,,,,2016,ShareBasedCompensation,False
731766,UnitedHealth Group Incorporated,597000000,0000731766-20-000006,2017-12-31,,,,,,2017,ShareBasedCompensation,False
731766,UnitedHealth Group Incorporated,638000000,0000731766-21-000013,2018-12-31,,,,,,2018,ShareBasedCompensation,False
731766,UnitedHealth Group Incorporated,697000000,0000731766-22-000008,2019-12-31,,,,,,2019,ShareBasedCompensation,False
731766,UnitedHealth Group Incorporated,679000000,0000731766-23-000008,2020-12-31,,,,,,2020,ShareBasedCompensation,False
731766,UnitedHealth Group Incorporated,800000000,0000731766-24-000081,2021-12-31,,,,,,2021,ShareBasedCompensation,False
731766,UnitedHealth Group Incorporated,925000000,0000731766-25-000063,2022-12-31,,,,,,2022,ShareBasedCompensation,False
731766,UnitedHealth Group Incorporated,1059000000,0000731766-26-000062,2023-12-31,,,,,,2023,ShareBasedCompensation,False
731766,UnitedHealth Group Incorporated,1018000000,0000731766-26-000062,2024-12-31,,,,,,2024,ShareBasedCompensation,False
731766,UnitedHealth Group Incorporated,971000000,0000731766-26-000062,2025-12-31,,,,,,2025,ShareBasedCompensation,False
731802,ATMOS ENERGY CORP,15980000,0000731802-17-000041,2015-09-30,,,,,,2015,ShareBasedCompensation,False
731802,ATMOS ENERGY CORP,14760000,0000731802-18-000039,2016-09-30,,,,,,2016,ShareBasedCompensation,False
731802,ATMOS ENERGY CORP,14064000,0000731802-19-000037,2017-09-30,,,,,,2017,ShareBasedCompensation,False
731802,ATMOS ENERGY CORP,12863000,0000731802-20-000040,2018-09-30,,,,,,2018,ShareBasedCompensation,False
731802,ATMOS ENERGY CORP,11121000,0000731802-21-000040,2019-09-30,,,,,,2019,ShareBasedCompensation,False
731802,Atmos Energy Corp,9583000,0000731802-22-000037,2020-09-30,,,,,,2020,ShareBasedCompensation,False
731802,Atmos Energy Corp,11255000,0000731802-23-000028,2021-09-30,,,,,,2021,ShareBasedCompensation,False
731802,Atmos Energy Corp,10743000,0000731802-24-000030,2022-09-30,,,,,,2022,ShareBasedCompensation,False
731802,Atmos Energy Corp,10178000,0000731802-25-000056,2023-09-30,,,,,,2023,ShareBasedCompensation,False
731802,Atmos Energy Corp,10709000,0000731802-25-000056,2024-09-30,,,,,,2024,ShareBasedCompensation,False
731802,Atmos Energy Corp,12731000,0000731802-25-000056,2025-09-30,,,,,,2025,ShareBasedCompensation,False
732712,Verizon Communications Inc.,300000000,0001193125-17-050292,2015-12-31,,,,,,2015,ShareBasedCompensation,False
732712,Verizon Communications Inc.,400000000,0001193125-17-050292,2016-12-31,,,,,,2016,ShareBasedCompensation,False
740260,"Ventas, Inc.",19537000,0000740260-18-000054,2015-12-31,,,,,,2015,ShareBasedCompensation,False
740260,"Ventas, Inc.",20958000,0000740260-19-000037,2016-12-31,,,,,,2016,ShareBasedCompensation,False
740260,"Ventas, Inc.",26543000,0000740260-20-000042,2017-12-31,,,,,,2017,ShareBasedCompensation,False
740260,"Ventas, Inc.",29963000,0000740260-21-000048,2018-12-31,,,,,,2018,ShareBasedCompensation,False
740260,"Ventas, Inc.",33923000,0000740260-22-000057,2019-12-31,,,,,,2019,ShareBasedCompensation,False
740260,"Ventas, Inc.",21487000,0000740260-23-000070,2020-12-31,,,,,,2020,ShareBasedCompensation,False
740260,"Ventas, Inc.",31966000,0000740260-24-000067,2021-12-31,,,,,,2021,ShareBasedCompensation,False
740260,"Ventas, Inc.",30715000,0000740260-25-000052,2022-12-31,,,,,,2022,ShareBasedCompensation,False
740260,"Ventas, Inc.",30987000,0000740260-26-000006,2023-12-31,,,,,,2023,ShareBasedCompensation,False
740260,"Ventas, Inc.",30991000,0000740260-26-000006,2024-12-31,,,,,,2024,ShareBasedCompensation,False
740260,"Ventas, Inc.",38733000,0000740260-26-000006,2025-12-31,,,,,,2025,ShareBasedCompensation,False
745732,"ROSS STORES, INC.",70937000,0000745732-18-000004,2016-01-30,,,,,,2015,ShareBasedCompensation,False
745732,"ROSS STORES, INC.",74554000,0000745732-19-000009,2017-01-28,,,,,,2016,ShareBasedCompensation,False
745732,"ROSS STORES, INC.",87417000,0000745732-20-000016,2018-02-03,,,,,,2017,ShareBasedCompensation,False
745732,"ROSS STORES, INC.",95585000,0000745732-21-000017,2019-02-02,,,,,,2018,ShareBasedCompensation,False
745732,"Ross Stores, Inc.",95438000,0000745732-22-000014,2020-02-01,,,,,,2019,ShareBasedCompensation,False
745732,"Ross Stores, Inc.",101568000,0000745732-23-000013,2021-01-30,,,,,,2020,ShareBasedCompensation,False
745732,"Ross Stores, Inc.",134217000,0000745732-24-000009,2022-01-29,,,,,,2021,ShareBasedCompensation,False
745732,"Ross Stores, Inc.",121936000,0000745732-25-000010,2023-01-28,,,,,,2022,ShareBasedCompensation,False
745732,"Ross Stores, Inc.",145490000,0000745732-26-000006,2024-02-03,,,,,,2023,ShareBasedCompensation,False
745732,"Ross Stores, Inc.",156298000,0000745732-26-000006,2025-02-01,,,,,,2024,ShareBasedCompensation,False
745732,"Ross Stores, Inc.",175354000,0000745732-26-000006,2026-01-31,,,,,,2025,ShareBasedCompensation,False
746515,"EXPEDITORS INTERNATIONAL OF WASHINGTON, INC.",43415000,0000746515-18-000004,2015-12-31,,,,,,2015,ShareBasedCompensation,False
746515,"EXPEDITORS INTERNATIONAL OF WASHINGTON, INC.",45217000,0000746515-19-000004,2016-12-31,,,,,,2016,ShareBasedCompensation,False
746515,"EXPEDITORS INTERNATIONAL OF WASHINGTON, INC.",50908000,0001564590-20-005719,2017-12-31,,,,,,2017,ShareBasedCompensation,False
746515,"EXPEDITORS INTERNATIONAL OF WASHINGTON, INC.",56147000,0001564590-21-006925,2018-12-31,,,,,,2018,ShareBasedCompensation,False
746515,"EXPEDITORS INTERNATIONAL OF WASHINGTON, INC.",61543000,0001564590-22-010381,2019-12-31,,,,,,2019,ShareBasedCompensation,False
746515,"EXPEDITORS INTERNATIONAL OF WASHINGTON, INC.",62498000,0000950170-23-005412,2020-12-31,,,,,,2020,ShareBasedCompensation,False
746515,"EXPEDITORS INTERNATIONAL OF WASHINGTON, INC.",69385000,0000950170-24-019394,2021-12-31,,,,,,2021,ShareBasedCompensation,False
746515,"EXPEDITORS INTERNATIONAL OF WASHINGTON, INC.",64397000,0000950170-25-024750,2022-12-31,,,,,,2022,ShareBasedCompensation,False
746515,"EXPEDITORS INTERNATIONAL OF WASHINGTON, INC.",58399000,0001193125-26-071569,2023-12-31,,,,,,2023,ShareBasedCompensation,False
746515,"EXPEDITORS INTERNATIONAL OF WASHINGTON, INC.",64364000,0001193125-26-071569,2024-12-31,,,,,,2024,ShareBasedCompensation,False
746515,"EXPEDITORS INTERNATIONAL OF WASHINGTON, INC.",69231000,0001193125-26-071569,2025-12-31,,,,,,2025,ShareBasedCompensation,False
749251,"GARTNER, INC.",46149000,0000749251-18-000004,2015-12-31,,,,,,2015,ShareBasedCompensation,False
749251,"GARTNER, INC.",46661000,0000749251-19-000005,2016-12-31,,,,,,2016,ShareBasedCompensation,False
749251,"GARTNER, INC.",78943000,0000749251-20-000008,2017-12-31,,,,,,2017,ShareBasedCompensation,False
749251,"Gartner, Inc.",66172000,0000749251-21-000010,2018-12-31,,,,,,2018,ShareBasedCompensation,False
749251,"GARTNER, INC.",69008000,0000749251-22-000006,2019-12-31,,,,,,2019,ShareBasedCompensation,False
749251,"GARTNER, INC.",62540000,0000749251-23-000006,2020-12-31,,,,,,2020,ShareBasedCompensation,False
749251,"GARTNER, INC.",98570000,0000749251-24-000006,2021-12-31,,,,,,2021,ShareBasedCompensation,False
749251,"GARTNER, INC.",90566000,0000749251-25-000008,2022-12-31,,,,,,2022,ShareBasedCompensation,False
749251,"GARTNER, INC.",129841000,0000749251-26-000112,2023-12-31,,,,,,2023,ShareBasedCompensation,False
749251,"GARTNER, INC.",154784000,0000749251-26-000112,2024-12-31,,,,,,2024,ShareBasedCompensation,False
749251,"GARTNER, INC.",155877000,0000749251-26-000112,2025-12-31,,,,,,2025,ShareBasedCompensation,False
764478,"BEST BUY CO., INC.",104000000,0000764478-18-000013,2016-01-30,,,,,,2015,ShareBasedCompensation,False
764478,"BEST BUY CO., INC.",108000000,0000764478-19-000009,2017-01-28,,,,,,2016,ShareBasedCompensation,False
764478,"BEST BUY CO., INC.",129000000,0000764478-20-000017,2018-02-03,,,,,,2017,ShareBasedCompensation,False
764478,"BEST BUY CO., INC.",123000000,0000764478-21-000024,2019-02-02,,,,,,2018,ShareBasedCompensation,False
764478,"BEST BUY CO., INC.",143000000,0000764478-22-000008,2020-02-01,,,,,,2019,ShareBasedCompensation,False
764478,"BEST BUY CO., INC.",135000000,0000764478-23-000006,2021-01-30,,,,,,2020,ShareBasedCompensation,False
764478,"BEST BUY CO., INC.",141000000,0000764478-24-000010,2022-01-29,,,,,,2021,ShareBasedCompensation,False
764478,"BEST BUY CO., INC.",138000000,0000764478-25-000007,2023-01-28,,,,,,2022,ShareBasedCompensation,False
764478,"BEST BUY CO., INC.",145000000,0000764478-26-000009,2024-02-03,,,,,,2023,ShareBasedCompensation,False
764478,"BEST BUY CO., INC.",139000000,0000764478-26-000009,2025-02-01,,,,,,2024,ShareBasedCompensation,False
764478,"BEST BUY CO., INC.",139000000,0000764478-26-000009,2026-01-31,,,,,,2025,ShareBasedCompensation,False
764622,PINNACLE WEST CAPITAL CORPORATION,18756000,0000764622-18-000018,2015-12-31,,,,,,2015,ShareBasedCompensation,False
764622,PINNACLE WEST CAPITAL CORPORATION,18883000,0000764622-19-000019,2016-12-31,,,,,,2016,ShareBasedCompensation,False
764622,PINNACLE WEST CAPITAL CORPORATION,20502000,0000764622-20-000017,2017-12-31,,,,,,2017,ShareBasedCompensation,False
764622,PINNACLE WEST CAPITAL CORPORATION,19547000,0000764622-21-000013,2018-12-31,,,,,,2018,ShareBasedCompensation,False
764622,PINNACLE WEST CAPITAL CORPORATION,18376000,0000764622-22-000014,2019-12-31,,,,,,2019,ShareBasedCompensation,False
764622,PINNACLE WEST CAPITAL CORPORATION,18292000,0000764622-23-000023,2020-12-31,,,,,,2020,ShareBasedCompensation,False
764622,PINNACLE WEST CAPITAL CORPORATION,18460000,0000764622-24-000016,2021-12-31,,,,,,2021,ShareBasedCompensation,False
764622,PINNACLE WEST CAPITAL CORPORATION,15942000,0000764622-25-000023,2022-12-31,,,,,,2022,ShareBasedCompensation,False
764622,PINNACLE WEST CAPITAL CORPORATION,17341000,0000764622-26-000011,2023-12-31,,,,,,2023,ShareBasedCompensation,False
764622,PINNACLE WEST CAPITAL CORPORATION,23532000,0000764622-26-000011,2024-12-31,,,,,,2024,ShareBasedCompensation,False
764622,PINNACLE WEST CAPITAL CORPORATION,27457000,0000764622-26-000011,2025-12-31,,,,,,2025,ShareBasedCompensation,False
765880,"Healthpeak Properties, Inc.",26127000,0001628280-18-001552,2015-12-31,,,,,,2015,ShareBasedCompensation,False
765880,"Healthpeak Properties, Inc.",22884000,0001628280-19-001407,2016-12-31,,,,,,2016,ShareBasedCompensation,False
765880,"Healthpeak Properties, Inc.",14258000,0001628280-20-001456,2017-12-31,,,,,,2017,ShareBasedCompensation,False
765880,"Healthpeak Properties, Inc.",16563000,0001628280-21-001804,2018-12-31,,,,,,2018,ShareBasedCompensation,False
765880,"Healthpeak Properties, Inc.",18162000,0001628280-22-002117,2019-12-31,,,,,,2019,ShareBasedCompensation,False
765880,"Healthpeak Properties, Inc.",17368000,0001628280-23-002794,2020-12-31,,,,,,2020,ShareBasedCompensation,False
765880,"Healthpeak Properties, Inc.",18202000,0001628280-24-004094,2021-12-31,,,,,,2021,ShareBasedCompensation,False
765880,"Healthpeak Properties, Inc.",26456000,0001628280-25-003748,2022-12-31,,,,,,2022,ShareBasedCompensation,False
765880,"Healthpeak Properties, Inc.",14480000,0001628280-26-005044,2023-12-31,,,,,,2023,ShareBasedCompensation,False
765880,"Healthpeak Properties, Inc.",15543000,0001628280-26-005044,2024-12-31,,,,,,2024,ShareBasedCompensation,False
765880,"Healthpeak Properties, Inc.",14410000,0001628280-26-005044,2025-12-31,,,,,,2025,ShareBasedCompensation,False
766704,WELLTOWER INC.,30844000,0000766704-18-000012,2015-12-31,,,,,,2015,ShareBasedCompensation,False
766704,WELLTOWER INC.,28869000,0000766704-19-000014,2016-12-31,,,,,,2016,ShareBasedCompensation,False
766704,WELLTOWER INC.,19102000,0000766704-20-000015,2017-12-31,,,,,,2017,ShareBasedCompensation,False
766704,WELLTOWER INC.,27646000,0000766704-21-000018,2018-12-31,,,,,,2018,ShareBasedCompensation,False
766704,WELLTOWER INC.,25047000,0000766704-22-000013,2019-12-31,,,,,,2019,ShareBasedCompensation,False
766704,WELLTOWER INC.,28318000,0000766704-23-000010,2020-12-31,,,,,,2020,ShareBasedCompensation,False
766704,WELLTOWER INC.,17812000,0000766704-24-000008,2021-12-31,,,,,,2021,ShareBasedCompensation,False
766704,WELLTOWER INC.,26149000,0000766704-25-000009,2022-12-31,,,,,,2022,ShareBasedCompensation,False
766704,WELLTOWER INC.,37199000,0000766704-26-000010,2023-12-31,,,,,,2023,ShareBasedCompensation,False
766704,WELLTOWER INC.,75821000,0000766704-26-000010,2024-12-31,,,,,,2024,ShareBasedCompensation,False
766704,WELLTOWER INC.,1556732000,0000766704-26-000010,2025-12-31,,,,,,2025,ShareBasedCompensation,False
769397,"AUTODESK, INC.",197200000,0000769397-18-000011,2016-01-31,,,,,,2015,ShareBasedCompensation,False
769397,"AUTODESK, INC.",221800000,0000769397-19-000016,2017-01-31,,,,,,2016,ShareBasedCompensation,False
769397,"AUTODESK, INC.",261400000,0000769397-20-000013,2018-01-31,,,,,,2017,ShareBasedCompensation,False
769397,"AUTODESK, INC.",249500000,0000769397-21-000014,2019-01-31,,,,,,2018,ShareBasedCompensation,False
769397,"AUTODESK, INC.",362400000,0000769397-22-000019,2020-01-31,,,,,,2019,ShareBasedCompensation,False
769397,"AUTODESK, INC.",398000000,0000769397-23-000036,2021-01-31,,,,,,2020,ShareBasedCompensation,False
769397,"AUTODESK, INC.",555000000,0000769397-24-000090,2022-01-31,,,,,,2021,ShareBasedCompensation,False
769397,"AUTODESK, INC.",657000000,0000769397-25-000019,2023-01-31,,,,,,2022,ShareBasedCompensation,False
769397,"AUTODESK, INC.",703000000,0000769397-26-000015,2024-01-31,,,,,,2023,ShareBasedCompensation,False
769397,"AUTODESK, INC.",683000000,0000769397-26-000015,2025-01-31,,,,,,2024,ShareBasedCompensation,False
769397,"AUTODESK, INC.",788000000,0000769397-26-000015,2026-01-31,,,,,,2025,ShareBasedCompensation,False
773840,HONEYWELL INTERNATIONAL INC,175000000,0000930413-18-000292,2015-12-31,,,,,,2015,ShareBasedCompensation,False
773840,HONEYWELL INTERNATIONAL INC,184000000,0000930413-19-000366,2016-12-31,,,,,,2016,ShareBasedCompensation,False
773840,HONEYWELL INTERNATIONAL INC,176000000,0000773840-20-000009,2017-12-31,,,,,,2017,ShareBasedCompensation,False
773840,HONEYWELL INTERNATIONAL INC,175000000,0000773840-21-000015,2018-12-31,,,,,,2018,ShareBasedCompensation,False
773840,Honeywell International Inc.,153000000,0000773840-22-000018,2019-12-31,,,,,,2019,ShareBasedCompensation,False
773840,Honeywell International Inc.,168000000,0000773840-23-000013,2020-12-31,,,,,,2020,ShareBasedCompensation,False
773840,HONEYWELL INTERNATIONAL INC,217000000,0000773840-24-000054,2021-12-31,,,,,,2021,ShareBasedCompensation,False
773840,Honeywell International Inc.,188000000,0000773840-25-000010,2022-12-31,,,,,,2022,ShareBasedCompensation,False
773840,HONEYWELL INTERNATIONAL INC,197000000,0000773840-26-000013,2023-12-31,,,,,,2023,ShareBasedCompensation,False
773840,HONEYWELL INTERNATIONAL INC,189000000,0000773840-26-000013,2024-12-31,,,,,,2024,ShareBasedCompensation,False
773840,HONEYWELL INTERNATIONAL INC,196000000,0000773840-26-000013,2025-12-31,,,,,,2025,ShareBasedCompensation,False
779152,"JACK HENRY & ASSOCIATES, INC.",10112000,0000779152-17-000040,2015-06-30,,,,,,2015,ShareBasedCompensation,False
779152,"JACK HENRY & ASSOCIATES, INC.",10720000,0000779152-18-000060,2016-06-30,,,,,,2016,ShareBasedCompensation,False
779152,"JACK HENRY & ASSOCIATES, INC.",11129000,0000779152-19-000048,2017-06-30,,,,,,2017,ShareBasedCompensation,False
779152,"JACK HENRY & ASSOCIATES, INC.",11758000,0000779152-20-000064,2018-06-30,,,,,,2018,ShareBasedCompensation,False
779152,HENRY JACK & ASSOCIATES INC,12589000,0000779152-21-000073,2019-06-30,,,,,,2019,ShareBasedCompensation,False
779152,HENRY JACK & ASSOCIATES INC,16883000,0000779152-22-000076,2020-06-30,,,,,,2020,ShareBasedCompensation,False
779152,"JACK HENRY & ASSOCIATES, INC.",20746000,0000779152-23-000062,2021-06-30,,,,,,2021,ShareBasedCompensation,False
779152,"JACK HENRY & ASSOCIATES, INC.",24780000,0000779152-24-000079,2022-06-30,,,,,,2022,ShareBasedCompensation,False
779152,"JACK HENRY & ASSOCIATES, INC.",28611000,0000779152-25-000055,2023-06-30,,,,,,2023,ShareBasedCompensation,False
779152,"JACK HENRY & ASSOCIATES, INC.",28873000,0000779152-26-000067,2024-06-30,,,,,,2024,ShareBasedCompensation,False
779152,"JACK HENRY & ASSOCIATES, INC.",28392000,0000779152-26-000067,2025-06-30,,,,,,2025,ShareBasedCompensation,False
779152,"JACK HENRY & ASSOCIATES, INC.",32460000,0000779152-26-000067,2026-06-30,,,,,,2026,ShareBasedCompensation,False
789019,MICROSOFT CORPORATION,2574000000,0001564590-17-014900,2015-06-30,,,,,,2015,ShareBasedCompensation,False
789019,MICROSOFT CORPORATION,2668000000,0001564590-18-019062,2016-06-30,,,,,,2016,ShareBasedCompensation,False
789019,MICROSOFT CORPORATION,3266000000,0001564590-19-027952,2017-06-30,,,,,,2017,ShareBasedCompensation,False
789019,MICROSOFT CORPORATION,3940000000,0001564590-20-034944,2018-06-30,,,,,,2018,ShareBasedCompensation,False
789019,Microsoft Corporation,4652000000,0001564590-21-039151,2019-06-30,,,,,,2019,ShareBasedCompensation,False
789019,MICROSOFT CORPORATION,5289000000,0001564590-22-026876,2020-06-30,,,,,,2020,ShareBasedCompensation,False
789019,MICROSOFT CORPORATION,6118000000,0000950170-23-035122,2021-06-30,,,,,,2021,ShareBasedCompensation,False
789019,Microsoft Corporation,7502000000,0000950170-24-132722,2022-06-30,,,,,,2022,ShareBasedCompensation,False
789019,MICROSOFT CORPORATION,9611000000,0000950170-25-100235,2023-06-30,,,,,,2023,ShareBasedCompensation,False
789019,MICROSOFT CORPORATION,10734000000,0001193125-26-323660,2024-06-30,,,,,,2024,ShareBasedCompensation,False
789019,MICROSOFT CORPORATION,11974000000,0001193125-26-323660,2025-06-30,,,,,,2025,ShareBasedCompensation,False
789019,MICROSOFT CORPORATION,12405000000,0001193125-26-323660,2026-06-30,,,,,,2026,ShareBasedCompensation,False
789570,MGM Resorts International,42872000,0000950123-18-006505,2015-12-31,,,,,,2015,ShareBasedCompensation,False
789570,MGM Resorts International,55487000,0001564590-19-004807,2016-12-31,,,,,,2016,ShareBasedCompensation,False
789570,MGM Resorts International,62494000,0001564590-20-007393,2017-12-31,,,,,,2017,ShareBasedCompensation,False
789570,MGM Resorts International,70177000,0001564590-21-009205,2018-12-31,,,,,,2018,ShareBasedCompensation,False
789570,MGM Resorts International,88838000,0000789570-22-000005,2019-12-31,,,,,,2019,ShareBasedCompensation,False
789570,MGM Resorts International,106956000,0000789570-23-000008,2020-12-31,,,,,,2020,ShareBasedCompensation,False
789570,MGM Resorts International,65183000,0000789570-24-000005,2021-12-31,,,,,,2021,ShareBasedCompensation,False
789570,MGM Resorts International,71296000,0000789570-25-000008,2022-12-31,,,,,,2022,ShareBasedCompensation,False
789570,MGM Resorts International,73607000,0000789570-26-000018,2023-12-31,,,,,,2023,ShareBasedCompensation,False
789570,MGM Resorts International,80224000,0000789570-26-000018,2024-12-31,,,,,,2024,ShareBasedCompensation,False
789570,MGM Resorts International,90471000,0000789570-26-000018,2025-12-31,,,,,,2025,ShareBasedCompensation,False
796343,ADOBE INC.,335859000,0000796343-18-000015,2015-11-27,,,,,,2015,ShareBasedCompensation,False
796343,ADOBE INC.,349297000,0000796343-19-000019,2016-12-02,,,,,,2016,ShareBasedCompensation,False
796343,ADOBE INC.,454472000,0000796343-20-000013,2017-12-01,,,,,,2017,ShareBasedCompensation,False
796343,ADOBE INC.,610000000,0000796343-21-000004,2018-11-30,,,,,,2018,ShareBasedCompensation,False
796343,ADOBE INC.,788000000,0000796343-22-000032,2019-11-29,,,,,,2019,ShareBasedCompensation,False
796343,ADOBE INC.,909000000,0000796343-23-000007,2020-11-27,,,,,,2020,ShareBasedCompensation,False
796343,ADOBE INC.,1069000000,0000796343-24-000006,2021-12-03,,,,,,2021,ShareBasedCompensation,False
796343,ADOBE INC.,1440000000,0000796343-25-000004,2022-12-02,,,,,,2022,ShareBasedCompensation,False
796343,ADOBE INC.,1718000000,0000796343-26-000003,2023-12-01,,,,,,2023,ShareBasedCompensation,False
796343,ADOBE INC.,1833000000,0000796343-26-000003,2024-11-29,,,,,,2024,ShareBasedCompensation,False
796343,ADOBE INC.,1942000000,0000796343-26-000003,2025-11-28,,,,,,2025,ShareBasedCompensation,False
798354,FISERV INC,65000000,0000798354-18-000005,2015-12-31,,,,,,2015,ShareBasedCompensation,False
798354,FISERV INC,68000000,0000798354-19-000005,2016-12-31,,,,,,2016,ShareBasedCompensation,False
798354,FISERV INC,63000000,0000798354-20-000006,2017-12-31,,,,,,2017,ShareBasedCompensation,False
798354,FISERV INC,73000000,0000798354-21-000004,2018-12-31,,,,,,2018,ShareBasedCompensation,False
798354,"Fiserv, Inc.",229000000,0000798354-22-000004,2019-12-31,,,,,,2019,ShareBasedCompensation,False
798354,"Fiserv, Inc.",369000000,0000798354-23-000004,2020-12-31,,,,,,2020,ShareBasedCompensation,False
798354,"Fiserv, Inc.",239000000,0000798354-24-000037,2021-12-31,,,,,,2021,ShareBasedCompensation,False
798354,"Fiserv, Inc.",323000000,0000798354-25-000047,2022-12-31,,,,,,2022,ShareBasedCompensation,False
798354,"Fiserv, Inc.",342000000,0000798354-26-000009,2023-12-31,,,,,,2023,ShareBasedCompensation,False
798354,"Fiserv, Inc.",367000000,0000798354-26-000009,2024-12-31,,,,,,2024,ShareBasedCompensation,False
798354,"Fiserv, Inc.",357000000,0000798354-26-000009,2025-12-31,,,,,,2025,ShareBasedCompensation,False
804328,QUALCOMM INC/DE,1026000000,0001234452-17-000190,2015-09-27,,,,,,2015,ShareBasedCompensation,False
804328,QUALCOMM INC/DE,943000000,0001728949-18-000095,2016-09-25,,,,,,2016,ShareBasedCompensation,False
804328,QUALCOMM INC/DE,914000000,0001728949-19-000072,2017-09-24,,,,,,2017,ShareBasedCompensation,False
804328,QUALCOMM INC/DE,883000000,0001728949-20-000067,2018-09-30,,,,,,2018,ShareBasedCompensation,False
804328,QUALCOMM INC/DE,1037000000,0001728949-21-000076,2019-09-29,,,,,,2019,ShareBasedCompensation,False
804328,QUALCOMM INC/DE,1212000000,0000804328-22-000021,2020-09-27,,,,,,2020,ShareBasedCompensation,False
804328,QUALCOMM INC/DE,1663000000,0000804328-23-000055,2021-09-26,,,,,,2021,ShareBasedCompensation,False
804328,QUALCOMM INC/DE,2031000000,0000804328-24-000075,2022-09-25,,,,,,2022,ShareBasedCompensation,False
804328,QUALCOMM INC/DE,2484000000,0000804328-25-000085,2023-09-24,,,,,,2023,ShareBasedCompensation,False
804328,QUALCOMM INC/DE,2648000000,0000804328-25-000085,2024-09-29,,,,,,2024,ShareBasedCompensation,False
804328,QUALCOMM INC/DE,2783000000,0000804328-25-000085,2025-09-28,,,,,,2025,ShareBasedCompensation,False
813672,"CADENCE DESIGN SYSTEMS, INC.",92341000,0000813672-18-000008,2016-01-02,,,,,,2015,ShareBasedCompensation,False
813672,"CADENCE DESIGN SYSTEMS, INC.",109217000,0000813672-19-000008,2016-12-31,,,,,,2016,ShareBasedCompensation,False
813672,"CADENCE DESIGN SYSTEMS, INC.",130023000,0000813672-20-000007,2017-12-30,,,,,,2017,ShareBasedCompensation,False
813672,"CADENCE DESIGN SYSTEMS, INC.",167715000,0000813672-21-000021,2018-12-29,,,,,,2018,ShareBasedCompensation,False
813672,"CADENCE DESIGN SYSTEMS, INC.",181547000,0000813672-22-000012,2019-12-28,,,,,,2019,ShareBasedCompensation,False
813672,"CADENCE DESIGN SYSTEMS, INC.",197268000,0000813672-23-000011,2021-01-02,,,,,,2020,ShareBasedCompensation,False
813672,"CADENCE DESIGN SYSTEMS, INC.",210090000,0000813672-24-000034,2022-01-01,,,,,,2021,ShareBasedCompensation,False
813672,"CADENCE DESIGN SYSTEMS, INC.",270439000,0000813672-25-000024,2022-12-31,,,,,,2022,ShareBasedCompensation,False
813672,"CADENCE DESIGN SYSTEMS, INC.",325611000,0000813672-26-000016,2023-12-31,,,,,,2023,ShareBasedCompensation,False
813672,"CADENCE DESIGN SYSTEMS, INC.",391219000,0000813672-26-000016,2024-12-31,,,,,,2024,ShareBasedCompensation,False
813672,"CADENCE DESIGN SYSTEMS, INC.",455175000,0000813672-26-000016,2025-12-31,,,,,,2025,ShareBasedCompensation,False
814547,FAIR ISAAC CORP,45308000,0000814547-17-000014,2015-09-30,,,,,,2015,ShareBasedCompensation,False
814547,FAIR ISAAC CORP,55509000,0000814547-18-000010,2016-09-30,,,,,,2016,ShareBasedCompensation,False
814547,FAIR ISAAC CORP,61222000,0000814547-19-000016,2017-09-30,,,,,,2017,ShareBasedCompensation,False
814547,FAIR ISAAC CORP,74814000,0000814547-20-000012,2018-09-30,,,,,,2018,ShareBasedCompensation,False
814547,FAIR ISAAC CORP,82973000,0000814547-21-000019,2019-09-30,,,,,,2019,ShareBasedCompensation,False
814547,FAIR ISAAC CORPORATION,93681000,0000814547-22-000016,2020-09-30,,,,,,2020,ShareBasedCompensation,False
814547,FAIR ISAAC CORPORATION,112457000,0000814547-23-000022,2021-09-30,,,,,,2021,ShareBasedCompensation,False
814547,FAIR ISAAC CORP,115355000,0001628280-24-045719,2022-09-30,,,,,,2022,ShareBasedCompensation,False
814547,Fair Isaac Corp,123847000,0000814547-25-000030,2023-09-30,,,,,,2023,ShareBasedCompensation,False
814547,Fair Isaac Corp,149439000,0000814547-25-000030,2024-09-30,,,,,,2024,ShareBasedCompensation,False
814547,Fair Isaac Corp,156667000,0000814547-25-000030,2025-09-30,,,,,,2025,ShareBasedCompensation,False
815097,Carnival Corporation,55000000,0000815097-18-000005,2015-11-30,,,,,,2015,ShareBasedCompensation,False
815097,Carnival Corporation,55000000,0000815097-19-000004,2016-11-30,,,,,,2016,ShareBasedCompensation,False
815097,Carnival Corporation,63000000,0000815097-20-000022,2017-11-30,,,,,,2017,ShareBasedCompensation,False
815097,Carnival Corporation,65000000,0000815097-21-000027,2018-11-30,,,,,,2018,ShareBasedCompensation,False
815097,Carnival Corporation,46000000,0000815097-22-000009,2019-11-30,,,,,,2019,ShareBasedCompensation,False
815097,Carnival Corporation,105000000,0000815097-23-000012,2020-11-30,,,,,,2020,ShareBasedCompensation,False
815097,Carnival Corporation,121000000,0000815097-24-000011,2021-11-30,,,,,,2021,ShareBasedCompensation,False
815097,Carnival Corporation,101000000,0000815097-25-000007,2022-11-30,,,,,,2022,ShareBasedCompensation,False
815097,Carnival Corporation,53000000,0000815097-26-000007,2023-11-30,,,,,,2023,ShareBasedCompensation,False
815097,Carnival Corporation,62000000,0000815097-26-000007,2024-11-30,,,,,,2024,ShareBasedCompensation,False
815097,Carnival Corporation,98000000,0000815097-26-000007,2025-11-30,,,,,,2025,ShareBasedCompensation,False
815556,FASTENAL CO,5800000,0000815556-18-000010,2015-12-31,,,,,,2015,ShareBasedCompensation,False
815556,FASTENAL CO,4100000,0000815556-19-000015,2016-12-31,,,,,,2016,ShareBasedCompensation,False
815556,FASTENAL CO,5200000,0000815556-20-000011,2017-12-31,,,,,,2017,ShareBasedCompensation,False
815556,FASTENAL CO,5100000,0000815556-21-000008,2018-12-31,,,,,,2018,ShareBasedCompensation,False
815556,FASTENAL CO,5700000,0000815556-22-000009,2019-12-31,,,,,,2019,ShareBasedCompensation,False
815556,FASTENAL CO,5700000,0000815556-23-000009,2020-12-31,,,,,,2020,ShareBasedCompensation,False
815556,FASTENAL CO,5600000,0000815556-24-000009,2021-12-31,,,,,,2021,ShareBasedCompensation,False
815556,FASTENAL CO,7200000,0000815556-25-000065,2022-12-31,,,,,,2022,ShareBasedCompensation,False
815556,FASTENAL CO,7300000,0000815556-26-000009,2023-12-31,,,,,,2023,ShareBasedCompensation,False
815556,FASTENAL CO,8000000,0000815556-26-000009,2024-12-31,,,,,,2024,ShareBasedCompensation,False
815556,FASTENAL CO,8400000,0000815556-26-000009,2025-12-31,,,,,,2025,ShareBasedCompensation,False
820027,AMERIPRISE FINANCIAL INC,145000000,0000820027-18-000008,2015-12-31,,,,,,2015,ShareBasedCompensation,False
820027,AMERIPRISE FINANCIAL INC,134000000,0000820027-19-000010,2016-12-31,,,,,,2016,ShareBasedCompensation,False
820027,AMERIPRISE FINANCIAL INC,121000000,0000820027-20-000010,2017-12-31,,,,,,2017,ShareBasedCompensation,False
820027,AMERIPRISE FINANCIAL INC,144000000,0000820027-21-000012,2018-12-31,,,,,,2018,ShareBasedCompensation,False
820027,"AMERIPRISE FINANCIAL, INC.",135000000,0000820027-22-000016,2019-12-31,,,,,,2019,ShareBasedCompensation,False
820027,"AMERIPRISE FINANCIAL, INC.",146000000,0000820027-23-000014,2020-12-31,,,,,,2020,ShareBasedCompensation,False
820027,"AMERIPRISE FINANCIAL, INC.",152000000,0000820027-24-000015,2021-12-31,,,,,,2021,ShareBasedCompensation,False
820027,"AMERIPRISE FINANCIAL, INC.",170000000,0000820027-25-000013,2022-12-31,,,,,,2022,ShareBasedCompensation,False
820027,"AMERIPRISE FINANCIAL, INC.",187000000,0000820027-26-000016,2023-12-31,,,,,,2023,ShareBasedCompensation,False
820027,"AMERIPRISE FINANCIAL, INC.",193000000,0000820027-26-000016,2024-12-31,,,,,,2024,ShareBasedCompensation,False
820027,"AMERIPRISE FINANCIAL, INC.",206000000,0000820027-26-000016,2025-12-31,,,,,,2025,ShareBasedCompensation,False
820313,AMPHENOL CORPORATION,44200000,0001558370-18-000871,2015-12-31,,,,,,2015,ShareBasedCompensation,False
820313,AMPHENOL CORPORATION,47600000,0001558370-19-000636,2016-12-31,,,,,,2016,ShareBasedCompensation,False
820313,AMPHENOL CORPORATION,49700000,0001558370-20-000728,2017-12-31,,,,,,2017,ShareBasedCompensation,False
820313,AMPHENOL CORPORATION,55600000,0001558370-21-000881,2018-12-31,,,,,,2018,ShareBasedCompensation,False
820313,AMPHENOL CORPORATION,63000000,0001558370-22-000961,2019-12-31,,,,,,2019,ShareBasedCompensation,False
820313,AMPHENOL CORPORATION,70500000,0001558370-23-001036,2020-12-31,,,,,,2020,ShareBasedCompensation,False
820313,AMPHENOL CORPORATION,83000000,0001558370-24-000866,2021-12-31,,,,,,2021,ShareBasedCompensation,False
820313,AMPHENOL CORPORATION,89500000,0001558370-25-000714,2022-12-31,,,,,,2022,ShareBasedCompensation,False
820313,AMPHENOL CORPORATION,99000000,0001104659-26-013549,2023-12-31,,,,,,2023,ShareBasedCompensation,False
820313,AMPHENOL CORPORATION,109500000,0001104659-26-013549,2024-12-31,,,,,,2024,ShareBasedCompensation,False
820313,AMPHENOL CORPORATION,135400000,0001104659-26-013549,2025-12-31,,,,,,2025,ShareBasedCompensation,False
820318,Coherent Corp.,11340000,0001564590-17-017901,2015-06-30,,,,,,2015,ShareBasedCompensation,False
820318,Coherent Corp.,9675000,0001193125-18-358638,2016-06-30,,,,,,2016,ShareBasedCompensation,False
820318,Coherent Corp.,11756000,0000820318-20-000016,2017-06-30,,,,,,2017,ShareBasedCompensation,False
820318,Coherent Corp.,15312000,0000820318-20-000023,2018-06-30,,,,,,2018,ShareBasedCompensation,False
820318,II-VI INC,21946000,0000820318-21-000017,2019-06-30,,,,,,2019,ShareBasedCompensation,False
820318,II-VI INCORPORATED,68480000,0000820318-22-000019,2020-06-30,,,,,,2020,ShareBasedCompensation,False
820318,COHERENT CORP.,70953000,0000820318-23-000016,2021-06-30,,,,,,2021,ShareBasedCompensation,False
820318,COHERENT CORP.,73214000,0000820318-24-000016,2022-06-30,,,,,,2022,ShareBasedCompensation,False
820318,COHERENT CORP.,148872000,0000820318-25-000014,2023-06-30,,,,,,2023,ShareBasedCompensation,False
820318,COHERENT CORP.,126049000,0000820318-26-000020,2024-06-30,,,,,,2024,ShareBasedCompensation,False
820318,COHERENT CORP.,160239000,0000820318-26-000020,2025-06-30,,,,,,2025,ShareBasedCompensation,False
820318,COHERENT CORP.,186468000,0000820318-26-000020,2026-06-30,,,,,,2026,ShareBasedCompensation,False
821189,"EOG RESOURCES, INC.",130577000,0000821189-18-000012,2015-12-31,,,,,,2015,ShareBasedCompensation,False
821189,"EOG RESOURCES, INC.",128090000,0000821189-19-000009,2016-12-31,,,,,,2016,ShareBasedCompensation,False
821189,"EOG RESOURCES, INC.",133849000,0000821189-20-000010,2017-12-31,,,,,,2017,ShareBasedCompensation,False
821189,"EOG RESOURCES, INC.",155337000,0000821189-21-000017,2018-12-31,,,,,,2018,ShareBasedCompensation,False
821189,"EOG RESOURCES, INC.",175000000,0000821189-22-000017,2019-12-31,,,,,,2019,ShareBasedCompensation,False
821189,"EOG RESOURCES, INC.",146000000,0000821189-23-000015,2020-12-31,,,,,,2020,ShareBasedCompensation,False
821189,"EOG RESOURCES, INC.",152000000,0000821189-24-000011,2021-12-31,,,,,,2021,ShareBasedCompensation,False
821189,"EOG RESOURCES, INC.",133000000,0000821189-25-000011,2022-12-31,,,,,,2022,ShareBasedCompensation,False
821189,"EOG RESOURCES, INC.",177000000,0000821189-26-000054,2023-12-31,,,,,,2023,ShareBasedCompensation,False
821189,"EOG RESOURCES, INC.",199000000,0000821189-26-000054,2024-12-31,,,,,,2024,ShareBasedCompensation,False
821189,"EOG RESOURCES, INC.",216000000,0000821189-26-000054,2025-12-31,,,,,,2025,ShareBasedCompensation,False
822416,"PULTEGROUP, INC.",24752000,0000822416-18-000009,2015-12-31,,,,,,2015,ShareBasedCompensation,False
822416,"PULTEGROUP, INC.",22228000,0000822416-19-000008,2016-12-31,,,,,,2016,ShareBasedCompensation,False
822416,"PULTEGROUP, INC.",33683000,0000822416-20-000007,2017-12-31,,,,,,2017,ShareBasedCompensation,False
822416,"PULTEGROUP, INC.",28290000,0000822416-21-000007,2018-12-31,,,,,,2018,ShareBasedCompensation,False
822416,PULTEGROUP INC/MI/,28368000,0000822416-22-000007,2019-12-31,,,,,,2019,ShareBasedCompensation,False
822416,PULTEGROUP INC/MI/,32843000,0000822416-23-000007,2020-12-31,,,,,,2020,ShareBasedCompensation,False
822416,PULTEGROUP INC/MI/,36745000,0000822416-24-000010,2021-12-31,,,,,,2021,ShareBasedCompensation,False
822416,PULTEGROUP INC/MI/,42989000,0000822416-25-000007,2022-12-31,,,,,,2022,ShareBasedCompensation,False
822416,"PULTEGROUP, INC.",48200000,0000822416-26-000007,2023-12-31,,,,,,2023,ShareBasedCompensation,False
822416,"PULTEGROUP, INC.",54690000,0000822416-26-000007,2024-12-31,,,,,,2024,ShareBasedCompensation,False
822416,"PULTEGROUP, INC.",54823000,0000822416-26-000007,2025-12-31,,,,,,2025,ShareBasedCompensation,False
823768,WASTE MANAGEMENT INC,72000000,0001558370-18-000716,2015-12-31,,,,,,2015,ShareBasedCompensation,False
823768,WASTE MANAGEMENT INC,90000000,0001558370-19-000662,2016-12-31,,,,,,2016,ShareBasedCompensation,False
823768,WASTE MANAGEMENT INC,101000000,0001558370-20-000762,2017-12-31,,,,,,2017,ShareBasedCompensation,False
823768,WASTE MANAGEMENT INC,89000000,0001558370-21-001348,2018-12-31,,,,,,2018,ShareBasedCompensation,False
823768,"Waste Management, Inc",86000000,0001558370-22-001179,2019-12-31,,,,,,2019,ShareBasedCompensation,False
823768,"Waste Management, Inc",94000000,0001558370-23-000964,2020-12-31,,,,,,2020,ShareBasedCompensation,False
823768,"Waste Management, Inc",108000000,0001558370-24-001049,2021-12-31,,,,,,2021,ShareBasedCompensation,False
823768,"Waste Management, Inc",84000000,0001558370-25-001132,2022-12-31,,,,,,2022,ShareBasedCompensation,False
823768,"Waste Management, Inc",93000000,0001104659-26-012049,2023-12-31,,,,,,2023,ShareBasedCompensation,False
823768,"Waste Management, Inc",118000000,0001104659-26-012049,2024-12-31,,,,,,2024,ShareBasedCompensation,False
823768,"Waste Management, Inc",169000000,0001104659-26-012049,2025-12-31,,,,,,2025,ShareBasedCompensation,False
827054,MICROCHIP TECHNOLOGY INC,71400000,0001628280-18-006982,2016-03-31,,,,,,2015,ShareBasedCompensation,False
827054,MICROCHIP TECHNOLOGY INC,128100000,0000827054-19-000143,2017-03-31,,,,,,2016,ShareBasedCompensation,False
827054,MICROCHIP TECHNOLOGY INC,93200000,0000827054-20-000119,2018-03-31,,,,,,2017,ShareBasedCompensation,False
827054,MICROCHIP TECHNOLOGY INCORPORATED,166400000,0000827054-21-000106,2019-03-31,,,,,,2018,ShareBasedCompensation,False
827054,MICROCHIP TECHNOLOGY INCORPORATED,170200000,0000827054-22-000094,2020-03-31,,,,,,2019,ShareBasedCompensation,False
827054,MICROCHIP TECHNOLOGY INCORPORATED,198300000,0000827054-23-000080,2021-03-31,,,,,,2020,ShareBasedCompensation,False
827054,MICROCHIP TECHNOLOGY INCORPORATED,210200000,0000827054-24-000098,2022-03-31,,,,,,2021,ShareBasedCompensation,False
827054,MICROCHIP TECHNOLOGY INCORPORATED,170400000,0000827054-25-000077,2023-03-31,,,,,,2022,ShareBasedCompensation,False
827054,MICROCHIP TECHNOLOGY INCORPORATED,177500000,0000827054-26-000016,2024-03-31,,,,,,2023,ShareBasedCompensation,False
827054,MICROCHIP TECHNOLOGY INCORPORATED,180400000,0000827054-26-000016,2025-03-31,,,,,,2024,ShareBasedCompensation,False
827054,MICROCHIP TECHNOLOGY INCORPORATED,255400000,0000827054-26-000016,2026-03-31,,,,,,2025,ShareBasedCompensation,False
829224,Starbucks Corporation,209800000,0000829224-17-000049,2015-09-27,,,,,,2015,ShareBasedCompensation,False
829224,Starbucks Corporation,218100000,0000829224-18-000052,2016-10-02,,,,,,2016,ShareBasedCompensation,False
829224,Starbucks Corporation,176000000,0000829224-19-000051,2017-10-01,,,,,,2017,ShareBasedCompensation,False
829224,Starbucks Corporation,250300000,0000829224-20-000078,2018-09-30,,,,,,2018,ShareBasedCompensation,False
829224,Starbucks Corporation,308000000,0000829224-21-000086,2019-09-29,,,,,,2019,ShareBasedCompensation,False
829224,Starbucks Corporation,248600000,0000829224-22-000058,2020-09-27,,,,,,2020,ShareBasedCompensation,False
829224,Starbucks Corporation,319100000,0000829224-23-000058,2021-10-03,,,,,,2021,ShareBasedCompensation,False
829224,Starbucks Corporation,271500000,0000829224-24-000057,2022-10-02,,,,,,2022,ShareBasedCompensation,False
829224,Starbucks Corporation,302700000,0000829224-25-000114,2023-10-01,,,,,,2023,ShareBasedCompensation,False
829224,Starbucks Corporation,308300000,0000829224-25-000114,2024-09-29,,,,,,2024,ShareBasedCompensation,False
829224,Starbucks Corporation,318300000,0000829224-25-000114,2025-09-28,,,,,,2025,ShareBasedCompensation,False
831259,Freeport-McMoRan Inc.,85000000,0000831259-18-000008,2015-12-31,,,,,,2015,ShareBasedCompensation,False
831259,Freeport-McMoRan Inc.,86000000,0000831259-19-000009,2016-12-31,,,,,,2016,ShareBasedCompensation,False
831259,Freeport-McMoRan Inc.,71000000,0000831259-20-000004,2017-12-31,,,,,,2017,ShareBasedCompensation,False
831259,Freeport-McMoRan Inc.,76000000,0000831259-21-000009,2018-12-31,,,,,,2018,ShareBasedCompensation,False
831259,Freeport-McMoRan Inc.,63000000,0000831259-22-000009,2019-12-31,,,,,,2019,ShareBasedCompensation,False
831259,Freeport-McMoRan Inc.,99000000,0000831259-23-000013,2020-12-31,,,,,,2020,ShareBasedCompensation,False
831259,Freeport-McMoRan Inc.,98000000,0000831259-24-000011,2021-12-31,,,,,,2021,ShareBasedCompensation,False
831259,Freeport-McMoRan Inc.,95000000,0000831259-25-000006,2022-12-31,,,,,,2022,ShareBasedCompensation,False
831259,Freeport-McMoRan Inc.,109000000,0000831259-26-000012,2023-12-31,,,,,,2023,ShareBasedCompensation,False
831259,Freeport-McMoRan Inc.,109000000,0000831259-26-000012,2024-12-31,,,,,,2024,ShareBasedCompensation,False
831259,Freeport-McMoRan Inc.,121000000,0000831259-26-000012,2025-12-31,,,,,,2025,ShareBasedCompensation,False
832101,IDEX CORP,20048000,0000832101-18-000019,2015-12-31,,,,,,2015,ShareBasedCompensation,False
832101,IDEX CORP,20326000,0000832101-19-000005,2016-12-31,,,,,,2016,ShareBasedCompensation,False
832101,IDEX CORP,24405000,0000832101-20-000007,2017-12-31,,,,,,2017,ShareBasedCompensation,False
832101,IDEX CORP,24754000,0000832101-21-000017,2018-12-31,,,,,,2018,ShareBasedCompensation,False
832101,IDEX CORP,22100000,0000832101-22-000008,2019-12-31,,,,,,2019,ShareBasedCompensation,False
832101,IDEX CORP,14800000,0000832101-23-000013,2020-12-31,,,,,,2020,ShareBasedCompensation,False
832101,IDEX CORP,20400000,0000832101-24-000009,2021-12-31,,,,,,2021,ShareBasedCompensation,False
832101,IDEX CORP,21600000,0000832101-25-000010,2022-12-31,,,,,,2022,ShareBasedCompensation,False
832101,IDEX CORP,21800000,0000832101-26-000003,2023-12-31,,,,,,2023,ShareBasedCompensation,False
832101,IDEX CORP,25800000,0000832101-26-000003,2024-12-31,,,,,,2024,ShareBasedCompensation,False
832101,IDEX CORP,27300000,0000832101-26-000003,2025-12-31,,,,,,2025,ShareBasedCompensation,False
833444,JOHNSON CONTROLS INTERNATIONAL PLC,90000000,0000833444-17-000060,2015-09-30,,,,,,2015,ShareBasedCompensation,False
833444,JOHNSON CONTROLS INTERNATIONAL PLC,142000000,0000833444-18-000053,2016-09-30,,,,,,2016,ShareBasedCompensation,False
833444,JOHNSON CONTROLS INTERNATIONAL PLC,134000000,0000833444-19-000051,2017-09-30,,,,,,2017,ShareBasedCompensation,False
833444,JOHNSON CONTROLS INTERNATIONAL PLC,106000000,0000833444-20-000048,2018-09-30,,,,,,2018,ShareBasedCompensation,False
833444,JOHNSON CONTROLS INTERNATIONAL PLC,95000000,0000833444-21-000046,2019-09-30,,,,,,2019,ShareBasedCompensation,False
833444,JOHNSON CONTROLS INTERNATIONAL PLC,74000000,0000833444-22-000043,2020-09-30,,,,,,2020,ShareBasedCompensation,False
833444,JOHNSON CONTROLS INTERNATIONAL PLC,76000000,0000833444-23-000048,2021-09-30,,,,,,2021,ShareBasedCompensation,False
833444,JOHNSON CONTROLS INTERNATIONAL PLC,98000000,0000833444-24-000064,2022-09-30,,,,,,2022,ShareBasedCompensation,False
833444,JOHNSON CONTROLS INTERNATIONAL PLC,107000000,0000833444-25-000097,2023-09-30,,,,,,2023,ShareBasedCompensation,False
833444,JOHNSON CONTROLS INTERNATIONAL PLC,107000000,0000833444-25-000097,2024-09-30,,,,,,2024,ShareBasedCompensation,False
833444,JOHNSON CONTROLS INTERNATIONAL PLC,140000000,0000833444-25-000097,2025-09-30,,,,,,2025,ShareBasedCompensation,False
842023,BIO-TECHNE CORPORATION,5957000,0001437749-17-015711,2015-06-30,,,,,,2015,ShareBasedCompensation,False
842023,BIO-TECHNE CORPORATION,9430000,0001437749-18-016190,2016-06-30,,,,,,2016,ShareBasedCompensation,False
842023,BIO-TECHNE CORPORATION,14631000,0001437749-19-021760,2017-06-30,,,,,,2017,ShareBasedCompensation,False
842023,BIO-TECHNE CORPORATION,28240000,0001437749-20-018754,2018-06-30,,,,,,2018,ShareBasedCompensation,False
842023,BIO-TECHNE Corp,32280000,0001437749-21-020980,2019-06-30,,,,,,2019,ShareBasedCompensation,False
842023,BIO-TECHNE Corp,32367000,0001558370-22-013935,2020-06-30,,,,,,2020,ShareBasedCompensation,False
842023,BIO-TECHNE Corp,48982000,0001558370-23-015226,2021-06-30,,,,,,2021,ShareBasedCompensation,False
842023,BIO-TECHNE Corp,42183000,0001558370-24-012430,2022-06-30,,,,,,2022,ShareBasedCompensation,False
842023,BIO-TECHNE Corp,39230000,0001558370-25-011716,2023-06-30,,,,,,2023,ShareBasedCompensation,False
842023,BIO-TECHNE Corp,38042000,0001104659-26-100322,2024-06-30,,,,,,2024,ShareBasedCompensation,False
842023,BIO-TECHNE Corp,40833000,0001104659-26-100322,2025-06-30,,,,,,2025,ShareBasedCompensation,False
842023,BIO-TECHNE Corp,41365000,0001104659-26-100322,2026-06-30,,,,,,2026,ShareBasedCompensation,False
849395,CRH public limited company,110000000,0001628280-24-007773,2021-12-31,,,,,,2021,ShareBasedCompensation,False
849395,CRH public limited company,101000000,0001628280-25-008179,2022-12-31,,,,,,2022,ShareBasedCompensation,False
849395,CRH public limited company,123000000,0001628280-26-009043,2023-12-31,,,,,,2023,ShareBasedCompensation,False
849395,CRH public limited company,125000000,0001628280-26-009043,2024-12-31,,,,,,2024,ShareBasedCompensation,False
849395,CRH public limited company,143000000,0001628280-26-009043,2025-12-31,,,,,,2025,ShareBasedCompensation,False
849399,Gen Digital Inc.,161000000,0001193125-18-309091,2016-04-01,,,,,,2015,ShareBasedCompensation,False
849399,Gen Digital Inc.,440000000,0000849399-19-000005,2017-03-31,,,,,,2016,ShareBasedCompensation,False
849399,Gen Digital Inc.,610000000,0000849399-20-000004,2018-03-30,,,,,,2017,ShareBasedCompensation,False
849399,NortonLifeLock Inc.,352000000,0000849399-21-000010,2019-03-29,,,,,,2018,ShareBasedCompensation,False
849399,NortonLifeLock Inc.,312000000,0000849399-22-000013,2020-04-03,,,,,,2019,ShareBasedCompensation,False
849399,Gen Digital Inc.,81000000,0000849399-23-000014,2021-04-02,,,,,,2020,ShareBasedCompensation,False
849399,Gen Digital Inc.,70000000,0000849399-24-000036,2022-04-01,,,,,,2021,ShareBasedCompensation,False
849399,Gen Digital Inc.,134000000,0000849399-25-000033,2023-03-31,,,,,,2022,ShareBasedCompensation,False
849399,Gen Digital Inc.,138000000,0000849399-26-000017,2024-03-29,,,,,,2023,ShareBasedCompensation,False
849399,Gen Digital Inc.,133000000,0000849399-26-000017,2025-03-28,,,,,,2024,ShareBasedCompensation,False
849399,Gen Digital Inc.,237000000,0000849399-26-000017,2026-04-03,,,,,,2025,ShareBasedCompensation,False
857005,PTC Inc.,50182000,0000857005-17-000021,2015-09-30,,,,,,2015,ShareBasedCompensation,False
857005,PTC Inc.,65996000,0000857005-18-000025,2016-09-30,,,,,,2016,ShareBasedCompensation,False
857005,PTC Inc.,76708000,0000857005-19-000040,2017-09-30,,,,,,2017,ShareBasedCompensation,False
857005,PTC Inc.,82939000,0001564590-20-054803,2018-09-30,,,,,,2018,ShareBasedCompensation,False
857005,PTC Inc.,86400000,0001564590-21-057806,2019-09-30,,,,,,2019,ShareBasedCompensation,False
857005,PTC Inc.,115149000,0000950170-22-025211,2020-09-30,,,,,,2020,ShareBasedCompensation,False
857005,PTC Inc.,177289000,0000950123-23-011049,2021-09-30,,,,,,2021,ShareBasedCompensation,False
857005,PTC Inc.,174863000,0000950170-24-127231,2022-09-30,,,,,,2022,ShareBasedCompensation,False
857005,PTC Inc.,206459000,0001193125-25-291326,2023-09-30,,,,,,2023,ShareBasedCompensation,False
857005,PTC Inc.,223461000,0001193125-25-291326,2024-09-30,,,,,,2024,ShareBasedCompensation,False
857005,PTC Inc.,216205000,0001193125-25-291326,2025-09-30,,,,,,2025,ShareBasedCompensation,False
858877,"CISCO SYSTEMS, INC.",1440000000,0000858877-17-000016,2015-07-25,,,,,,2015,ShareBasedCompensation,False
858877,"CISCO SYSTEMS, INC.",1458000000,0000858877-18-000011,2016-07-30,,,,,,2016,ShareBasedCompensation,False
858877,"CISCO SYSTEMS, INC.",1526000000,0000858877-19-000012,2017-07-29,,,,,,2017,ShareBasedCompensation,False
858877,"CISCO SYSTEMS, INC.",1576000000,0000858877-20-000010,2018-07-28,,,,,,2018,ShareBasedCompensation,False
858877,"CISCO SYSTEMS, INC.",1570000000,0000858877-21-000013,2019-07-27,,,,,,2019,ShareBasedCompensation,False
858877,"CISCO SYSTEMS, INC.",1569000000,0000858877-22-000013,2020-07-25,,,,,,2020,ShareBasedCompensation,False
858877,"CISCO SYSTEMS, INC.",1761000000,0000858877-23-000023,2021-07-31,,,,,,2021,ShareBasedCompensation,False
858877,"CISCO SYSTEMS, INC.",1886000000,0000858877-24-000017,2022-07-30,,,,,,2022,ShareBasedCompensation,False
858877,"CISCO SYSTEMS, INC.",2353000000,0000858877-25-000111,2023-07-29,,,,,,2023,ShareBasedCompensation,False
858877,"CISCO SYSTEMS, INC.",3074000000,0000858877-26-000132,2024-07-27,,,,,,2024,ShareBasedCompensation,False
858877,"CISCO SYSTEMS, INC.",3641000000,0000858877-26-000132,2025-07-26,,,,,,2025,ShareBasedCompensation,False
858877,"CISCO SYSTEMS, INC.",3830000000,0000858877-26-000132,2026-07-25,,,,,,2026,ShareBasedCompensation,False
860730,"HCA Healthcare, Inc.",239000000,0001193125-18-056057,2015-12-31,,,,,,2015,ShareBasedCompensation,False
860730,"HCA Healthcare, Inc.",251000000,0001193125-19-047078,2016-12-31,,,,,,2016,ShareBasedCompensation,False
860730,"HCA Healthcare, Inc.",270000000,0001193125-20-043524,2017-12-31,,,,,,2017,ShareBasedCompensation,False
860730,"HCA Healthcare, Inc.",268000000,0001193125-21-048994,2018-12-31,,,,,,2018,ShareBasedCompensation,False
860730,"HCA Healthcare, Inc.",347000000,0001193125-22-046707,2019-12-31,,,,,,2019,ShareBasedCompensation,False
860730,"HCA Healthcare, Inc.",362000000,0001193125-23-155487,2020-12-31,,,,,,2020,ShareBasedCompensation,False
860730,"HCA Healthcare, Inc.",440000000,0000950170-24-016524,2021-12-31,,,,,,2021,ShareBasedCompensation,False
860730,"HCA Healthcare, Inc.",341000000,0000950170-25-020134,2022-12-31,,,,,,2022,ShareBasedCompensation,False
860730,"HCA Healthcare, Inc.",262000000,0001193125-26-044769,2023-12-31,,,,,,2023,ShareBasedCompensation,False
860730,"HCA Healthcare, Inc.",360000000,0001193125-26-044769,2024-12-31,,,,,,2024,ShareBasedCompensation,False
860730,"HCA Healthcare, Inc.",401000000,0001193125-26-044769,2025-12-31,,,,,,2025,ShareBasedCompensation,False
860731,"TYLER TECHNOLOGIES, INC",20182000,0000860731-18-000011,2015-12-31,,,,,,2015,ShareBasedCompensation,False
860731,"TYLER TECHNOLOGIES, INC",29747000,0000860731-19-000009,2016-12-31,,,,,,2016,ShareBasedCompensation,False
860731,"TYLER TECHNOLOGIES, INC",37348000,0000860731-20-000008,2017-12-31,,,,,,2017,ShareBasedCompensation,False
860731,"TYLER TECHNOLOGIES, INC",52740000,0000860731-21-000014,2018-12-31,,,,,,2018,ShareBasedCompensation,False
860731,"TYLER TECHNOLOGIES, INC.",59967000,0000860731-22-000011,2019-12-31,,,,,,2019,ShareBasedCompensation,False
860731,"TYLER TECHNOLOGIES, INC.",67365000,0000860731-23-000009,2020-12-31,,,,,,2020,ShareBasedCompensation,False
860731,"TYLER TECHNOLOGIES, INC.",104726000,0000860731-24-000006,2021-12-31,,,,,,2021,ShareBasedCompensation,False
860731,"TYLER TECHNOLOGIES, INC.",102985000,0000860731-25-000007,2022-12-31,,,,,,2022,ShareBasedCompensation,False
860731,"TYLER TECHNOLOGIES, INC.",108338000,0000860731-26-000016,2023-12-31,,,,,,2023,ShareBasedCompensation,False
860731,"TYLER TECHNOLOGIES, INC.",122813000,0000860731-26-000016,2024-12-31,,,,,,2024,ShareBasedCompensation,False
860731,"TYLER TECHNOLOGIES, INC.",151276000,0000860731-26-000016,2025-12-31,,,,,,2025,ShareBasedCompensation,False
864749,Trimble Inc.,50100000,0000864749-18-000010,2016-01-01,,,,,,2015,ShareBasedCompensation,False
864749,Trimble Inc.,52600000,0000864749-19-000006,2016-12-30,,,,,,2016,ShareBasedCompensation,False
864749,Trimble Inc.,64800000,0000864749-20-000029,2017-12-29,,,,,,2017,ShareBasedCompensation,False
864749,Trimble Inc.,76900000,0000864749-21-000029,2018-12-28,,,,,,2018,ShareBasedCompensation,False
864749,TRIMBLE INC.,75000000,0000864749-22-000044,2020-01-03,,,,,,2019,ShareBasedCompensation,False
864749,TRIMBLE INC.,83000000,0000864749-23-000012,2021-01-01,,,,,,2020,ShareBasedCompensation,False
864749,TRIMBLE INC.,122600000,0000864749-25-000011,2021-12-31,,,,,,2021,ShareBasedCompensation,False
864749,TRIMBLE INC.,120400000,0000864749-25-000090,2022-12-30,,,,,,2022,ShareBasedCompensation,False
864749,TRIMBLE INC.,145400000,0000864749-26-000015,2023-12-29,,,,,,2023,ShareBasedCompensation,False
864749,TRIMBLE INC.,158600000,0000864749-26-000015,2025-01-03,,,,,,2024,ShareBasedCompensation,False
864749,TRIMBLE INC.,146500000,0000864749-26-000015,2026-01-02,,,,,,2025,ShareBasedCompensation,False
865752,Monster Beverage Corporation,32719000,0001104659-18-014057,2015-12-31,,,,,,2015,ShareBasedCompensation,False
865752,Monster Beverage Corporation,45848000,0001104659-19-011581,2016-12-31,,,,,,2016,ShareBasedCompensation,False
865752,Monster Beverage Corporation,52282000,0001104659-20-027209,2017-12-31,,,,,,2017,ShareBasedCompensation,False
865752,Monster Beverage Corporation,57111000,0001104659-21-029943,2018-12-31,,,,,,2018,ShareBasedCompensation,False
865752,MONSTER BEVERAGE CORPORATION,63356000,0001104659-22-028182,2019-12-31,,,,,,2019,ShareBasedCompensation,False
865752,MONSTER BEVERAGE CORPORATION,70289000,0001104659-23-027245,2020-12-31,,,,,,2020,ShareBasedCompensation,False
865752,MONSTER BEVERAGE CORPORATION,70483000,0001104659-24-029425,2021-12-31,,,,,,2021,ShareBasedCompensation,False
865752,MONSTER BEVERAGE CORPORATION,64109000,0001410578-25-000248,2022-12-31,,,,,,2022,ShareBasedCompensation,False
865752,Monster Beverage Corp,68836000,0001104659-26-020831,2023-12-31,,,,,,2023,ShareBasedCompensation,False
865752,Monster Beverage Corp,90985000,0001104659-26-020831,2024-12-31,,,,,,2024,ShareBasedCompensation,False
865752,Monster Beverage Corp,125687000,0001104659-26-020831,2025-12-31,,,,,,2025,ShareBasedCompensation,False
866374,FLEX LTD.,77580000,0000866374-18-000007,2016-03-31,,,,,,2015,ShareBasedCompensation,False
866374,FLEX LTD.,77330000,0000866374-19-000006,2017-03-31,,,,,,2016,ShareBasedCompensation,False
866374,FLEX LTD.,81346000,0000866374-20-000009,2018-03-31,,,,,,2017,ShareBasedCompensation,False
866374,FLEX LTD.,76000000,0000866374-21-000030,2019-03-31,,,,,,2018,ShareBasedCompensation,False
866374,FLEX LTD.,71000000,0000866374-22-000035,2020-03-31,,,,,,2019,ShareBasedCompensation,False
866374,FLEX LTD.,79000000,0000866374-23-000028,2021-03-31,,,,,,2020,ShareBasedCompensation,False
866374,FLEX LTD.,91000000,0000866374-24-000021,2022-03-31,,,,,,2021,ShareBasedCompensation,False
866374,FLEX LTD.,133000000,0000866374-25-000027,2023-03-31,,,,,,2022,ShareBasedCompensation,False
866374,FLEX LTD.,152000000,0000866374-26-000012,2024-03-31,,,,,,2023,ShareBasedCompensation,False
866374,FLEX LTD.,125000000,0000866374-26-000012,2025-03-31,,,,,,2024,ShareBasedCompensation,False
866374,FLEX LTD.,142000000,0000866374-26-000012,2026-03-31,,,,,,2025,ShareBasedCompensation,False
872589,"REGENERON PHARMACEUTICALS, INC.",459049000,0001532176-18-000013,2015-12-31,,,,,,2015,ShareBasedCompensation,False
872589,"REGENERON PHARMACEUTICALS, INC.",559900000,0001532176-19-000009,2016-12-31,,,,,,2016,ShareBasedCompensation,False
872589,"REGENERON PHARMACEUTICALS, INC.",507300000,0001532176-20-000008,2017-12-31,,,,,,2017,ShareBasedCompensation,False
872589,"REGENERON PHARMACEUTICALS, INC.",427400000,0001804220-21-000008,2018-12-31,,,,,,2018,ShareBasedCompensation,False
872589,"REGENERON PHARMACEUTICALS, INC.",464300000,0001804220-22-000007,2019-12-31,,,,,,2019,ShareBasedCompensation,False
872589,"REGENERON PHARMACEUTICALS, INC.",432000000,0001804220-23-000008,2020-12-31,,,,,,2020,ShareBasedCompensation,False
872589,"REGENERON PHARMACEUTICALS, INC.",601700000,0001804220-24-000009,2021-12-31,,,,,,2021,ShareBasedCompensation,False
872589,"REGENERON PHARMACEUTICALS, INC.",725000000,0001804220-25-000011,2022-12-31,,,,,,2022,ShareBasedCompensation,False
872589,"REGENERON PHARMACEUTICALS, INC.",885000000,0000872589-26-000008,2023-12-31,,,,,,2023,ShareBasedCompensation,False
872589,"REGENERON PHARMACEUTICALS, INC.",982800000,0000872589-26-000008,2024-12-31,,,,,,2024,ShareBasedCompensation,False
872589,"REGENERON PHARMACEUTICALS, INC.",993700000,0000872589-26-000008,2025-12-31,,,,,,2025,ShareBasedCompensation,False
874716,IDEXX LABORATORIES INC /DE,19884000,0000874716-18-000005,2015-12-31,,,,,,2015,ShareBasedCompensation,False
874716,IDEXX LABORATORIES INC /DE,19891000,0000874716-19-000004,2016-12-31,,,,,,2016,ShareBasedCompensation,False
874716,IDEXX LABORATORIES INC /DE,23517000,0000874716-20-000006,2017-12-31,,,,,,2017,ShareBasedCompensation,False
874716,IDEXX LABORATORIES INC /DE,25157000,0000874716-21-000008,2018-12-31,,,,,,2018,ShareBasedCompensation,False
874716,IDEXX LABORATORIES INC /DE,39278000,0000874716-22-000007,2019-12-31,,,,,,2019,ShareBasedCompensation,False
874716,IDEXX LABORATORIES INC /DE,30951000,0000874716-23-000006,2020-12-31,,,,,,2020,ShareBasedCompensation,False
874716,IDEXX LABORATORIES INC /DE,37755000,0000874716-24-000057,2021-12-31,,,,,,2021,ShareBasedCompensation,False
874716,IDEXX LABORATORIES INC /DE,49770000,0000874716-25-000037,2022-12-31,,,,,,2022,ShareBasedCompensation,False
874716,IDEXX LABORATORIES INC /DE,59739000,0000874716-26-000038,2023-12-31,,,,,,2023,ShareBasedCompensation,False
874716,IDEXX LABORATORIES INC /DE,60295000,0000874716-26-000038,2024-12-31,,,,,,2024,ShareBasedCompensation,False
874716,IDEXX LABORATORIES INC /DE,60013000,0000874716-26-000038,2025-12-31,,,,,,2025,ShareBasedCompensation,False
874766,"The Hartford Insurance Group, Inc.",7000000,0000874766-16-000046,2015-12-31,,,,,,2015,ShareBasedCompensation,False
875045,BIOGEN INC.,161400000,0000875045-18-000005,2015-12-31,,,,,,2015,ShareBasedCompensation,False
875045,BIOGEN INC.,154800000,0000875045-19-000006,2016-12-31,,,,,,2016,ShareBasedCompensation,False
875045,BIOGEN INC.,128000000,0000875045-20-000005,2017-12-31,,,,,,2017,ShareBasedCompensation,False
875045,BIOGEN INC.,157500000,0000875045-21-000010,2018-12-31,,,,,,2018,ShareBasedCompensation,False
875045,BIOGEN INC.,182300000,0000875045-22-000007,2019-12-31,,,,,,2019,ShareBasedCompensation,False
875045,BIOGEN INC.,198300000,0000875045-23-000009,2020-12-31,,,,,,2020,ShareBasedCompensation,False
875045,BIOGEN INC.,238600000,0000875045-24-000009,2021-12-31,,,,,,2021,ShareBasedCompensation,False
875045,BIOGEN INC.,254100000,0000875045-25-000009,2022-12-31,,,,,,2022,ShareBasedCompensation,False
875045,BIOGEN INC.,264200000,0000875045-26-000013,2023-12-31,,,,,,2023,ShareBasedCompensation,False
875045,BIOGEN INC.,291200000,0000875045-26-000013,2024-12-31,,,,,,2024,ShareBasedCompensation,False
875045,BIOGEN INC.,290800000,0000875045-26-000013,2025-12-31,,,,,,2025,ShareBasedCompensation,False
875320,VERTEX PHARMACEUTICALS INC / MA,231025000,0000875320-18-000009,2015-12-31,,,,,,2015,ShareBasedCompensation,False
875320,VERTEX PHARMACEUTICALS INC / MA,240623000,0000875320-19-000006,2016-12-31,,,,,,2016,ShareBasedCompensation,False
875320,VERTEX PHARMACEUTICALS INC / MA,293236000,0000875320-20-000007,2017-12-31,,,,,,2017,ShareBasedCompensation,False
875320,VERTEX PHARMACEUTICALS INC / MA,325047000,0000875320-21-000006,2018-12-31,,,,,,2018,ShareBasedCompensation,False
875320,VERTEX PHARMACEUTICALS INC / MA,360500000,0000875320-22-000007,2019-12-31,,,,,,2019,ShareBasedCompensation,False
875320,VERTEX PHARMACEUTICALS INC / MA,429500000,0000875320-23-000007,2020-12-31,,,,,,2020,ShareBasedCompensation,False
875320,VERTEX PHARMACEUTICALS INC / MA,441400000,0000875320-24-000062,2021-12-31,,,,,,2021,ShareBasedCompensation,False
875320,VERTEX PHARMACEUTICALS INC / MA,491300000,0000875320-25-000053,2022-12-31,,,,,,2022,ShareBasedCompensation,False
875320,VERTEX PHARMACEUTICALS INC / MA,581200000,0000875320-26-000056,2023-12-31,,,,,,2023,ShareBasedCompensation,False
875320,VERTEX PHARMACEUTICALS INC / MA,698500000,0000875320-26-000056,2024-12-31,,,,,,2024,ShareBasedCompensation,False
875320,VERTEX PHARMACEUTICALS INC / MA,685900000,0000875320-26-000056,2025-12-31,,,,,,2025,ShareBasedCompensation,False
877212,Zebra Technologies Corporation,31000000,0000877212-18-000011,2015-12-31,,,,,,2015,ShareBasedCompensation,False
877212,Zebra Technologies Corporation,27000000,0000877212-19-000011,2016-12-31,,,,,,2016,ShareBasedCompensation,False
877212,Zebra Technologies Corporation,35000000,0000877212-20-000006,2017-12-31,,,,,,2017,ShareBasedCompensation,False
877212,Zebra Technologies Corporation,45000000,0000877212-21-000008,2018-12-31,,,,,,2018,ShareBasedCompensation,False
877212,Zebra Technologies Corporation,48000000,0000877212-22-000026,2019-12-31,,,,,,2019,ShareBasedCompensation,False
877212,Zebra Technologies Corporation,51000000,0000877212-23-000025,2020-12-31,,,,,,2020,ShareBasedCompensation,False
877212,Zebra Technologies Corporation,76000000,0000877212-24-000029,2021-12-31,,,,,,2021,ShareBasedCompensation,False
877212,Zebra Technologies Corporation,88000000,0000877212-25-000027,2022-12-31,,,,,,2022,ShareBasedCompensation,False
877212,Zebra Technologies Corporation,55000000,0001628280-26-007668,2023-12-31,,,,,,2023,ShareBasedCompensation,False
877212,Zebra Technologies Corporation,89000000,0001628280-26-007668,2024-12-31,,,,,,2024,ShareBasedCompensation,False
877212,Zebra Technologies Corporation,163000000,0001628280-26-007668,2025-12-31,,,,,,2025,ShareBasedCompensation,False
878927,"OLD DOMINION FREIGHT LINE, INC.",0,0000878927-18-000005,2015-12-31,,,,,,2015,ShareBasedCompensation,False
878927,"OLD DOMINION FREIGHT LINE, INC.",1410000,0001564590-19-004755,2016-12-31,,,,,,2016,ShareBasedCompensation,False
878927,"OLD DOMINION FREIGHT LINE, INC.",3242000,0001564590-20-006626,2017-12-31,,,,,,2017,ShareBasedCompensation,False
878927,"OLD DOMINION FREIGHT LINE, INC.",4894000,0001564590-21-008056,2018-12-31,,,,,,2018,ShareBasedCompensation,False
878927,"OLD DOMINION FREIGHT LINE, INC.",16717000,0001564590-22-006303,2019-12-31,,,,,,2019,ShareBasedCompensation,False
878927,"OLD DOMINION FREIGHT LINE, INC.",11337000,0000950170-23-003783,2020-12-31,,,,,,2020,ShareBasedCompensation,False
878927,"OLD DOMINION FREIGHT LINE, INC.",15039000,0000950170-24-020176,2021-12-31,,,,,,2021,ShareBasedCompensation,False
878927,"OLD DOMINION FREIGHT LINE, INC.",15893000,0000950170-25-026661,2022-12-31,,,,,,2022,ShareBasedCompensation,False
878927,"OLD DOMINION FREIGHT LINE, INC.",11080000,0001193125-26-067161,2023-12-31,,,,,,2023,ShareBasedCompensation,False
878927,"OLD DOMINION FREIGHT LINE, INC.",11349000,0001193125-26-067161,2024-12-31,,,,,,2024,ShareBasedCompensation,False
878927,"OLD DOMINION FREIGHT LINE, INC.",12854000,0001193125-26-067161,2025-12-31,,,,,,2025,ShareBasedCompensation,False
879101,KIMCO REALTY CORPORATION,18465000,0001437749-18-003230,2015-12-31,,,,,,2015,ShareBasedCompensation,False
879101,KIMCO REALTY CORPORATION,19071000,0001437749-19-002746,2016-12-31,,,,,,2016,ShareBasedCompensation,False
879101,KIMCO REALTY CORPORATION,21563000,0001437749-20-003500,2017-12-31,,,,,,2017,ShareBasedCompensation,False
879101,KIMCO REALTY CORPORATION,18221000,0001437749-21-003766,2018-12-31,,,,,,2018,ShareBasedCompensation,False
879101,KIMCO REALTY CORP,20200000,0001437749-22-004700,2019-12-31,,,,,,2019,ShareBasedCompensation,False
879101,KIMCO REALTY CORPORATION,23685000,0001437749-23-004541,2020-12-31,,,,,,2020,ShareBasedCompensation,False
879101,KIMCO REALTY CORPORATION,23150000,0001437749-24-005407,2021-12-31,,,,,,2021,ShareBasedCompensation,False
879101,KIMCO REALTY CORPORATION,26639000,0000950170-25-024723,2022-12-31,,,,,,2022,ShareBasedCompensation,False
879101,KIMCO REALTY CORPORATION,33054000,0001193125-26-060760,2023-12-31,,,,,,2023,ShareBasedCompensation,False
879101,KIMCO REALTY CORPORATION,34900000,0001193125-26-060760,2024-12-31,,,,,,2024,ShareBasedCompensation,False
879101,KIMCO REALTY CORPORATION,33225000,0001193125-26-060760,2025-12-31,,,,,,2025,ShareBasedCompensation,False
879169,INCYTE CORPORATION,69872000,0001558370-18-000722,2015-12-31,,,,,,2015,ShareBasedCompensation,False
879169,INCYTE CORPORATION,96201000,0001558370-19-000682,2016-12-31,,,,,,2016,ShareBasedCompensation,False
879169,INCYTE CORPORATION,133055000,0001558370-20-000774,2017-12-31,,,,,,2017,ShareBasedCompensation,False
879169,INCYTE CORPORATION,148153000,0001558370-21-000825,2018-12-31,,,,,,2018,ShareBasedCompensation,False
879169,INCYTE CORPORATION,166589000,0001558370-22-000902,2019-12-31,,,,,,2019,ShareBasedCompensation,False
879169,INCYTE CORPORATION,177877000,0000879169-23-000008,2020-12-31,,,,,,2020,ShareBasedCompensation,False
879169,INCYTE CORPORATION,183006000,0000879169-24-000045,2021-12-31,,,,,,2021,ShareBasedCompensation,False
879169,INCYTE CORPORATION,188420000,0001628280-25-004633,2022-12-31,,,,,,2022,ShareBasedCompensation,False
879169,INCYTE CORPORATION,215889000,0000879169-26-000010,2023-12-31,,,,,,2023,ShareBasedCompensation,False
879169,INCYTE CORPORATION,266058000,0000879169-26-000010,2024-12-31,,,,,,2024,ShareBasedCompensation,False
879169,INCYTE CORPORATION,249346000,0000879169-26-000010,2025-12-31,,,,,,2025,ShareBasedCompensation,False
882095,"GILEAD SCIENCES, INC.",382000000,0000882095-18-000008,2015-12-31,,,,,,2015,ShareBasedCompensation,False
882095,"GILEAD SCIENCES, INC.",380000000,0000882095-19-000006,2016-12-31,,,,,,2016,ShareBasedCompensation,False
882095,"GILEAD SCIENCES, INC.",638000000,0000882095-20-000006,2017-12-31,,,,,,2017,ShareBasedCompensation,False
882095,"GILEAD SCIENCES, INC.",845000000,0000882095-21-000008,2018-12-31,,,,,,2018,ShareBasedCompensation,False
882095,"GILEAD SCIENCES, INC.",636000000,0000882095-22-000007,2019-12-31,,,,,,2019,ShareBasedCompensation,False
882095,"GILEAD SCIENCES, INC.",643000000,0000882095-23-000007,2020-12-31,,,,,,2020,ShareBasedCompensation,False
882095,"GILEAD SCIENCES, INC.",635000000,0000882095-24-000007,2021-12-31,,,,,,2021,ShareBasedCompensation,False
882095,"GILEAD SCIENCES, INC.",637000000,0000882095-25-000006,2022-12-31,,,,,,2022,ShareBasedCompensation,False
882095,"GILEAD SCIENCES, INC.",766000000,0000882095-26-000006,2023-12-31,,,,,,2023,ShareBasedCompensation,False
882095,"GILEAD SCIENCES, INC.",835000000,0000882095-26-000006,2024-12-31,,,,,,2024,ShareBasedCompensation,False
882095,"GILEAD SCIENCES, INC.",894000000,0000882095-26-000006,2025-12-31,,,,,,2025,ShareBasedCompensation,False
882184,HORTON D R INC /DE/,42200000,0000882184-17-000103,2015-09-30,,,,,,2015,ShareBasedCompensation,False
882184,HORTON D R INC /DE/,49000000,0000882184-18-000120,2016-09-30,,,,,,2016,ShareBasedCompensation,False
882184,HORTON D R INC /DE/,59200000,0000882184-19-000147,2017-09-30,,,,,,2017,ShareBasedCompensation,False
882184,HORTON D R INC /DE/,55800000,0000882184-20-000143,2018-09-30,,,,,,2018,ShareBasedCompensation,False
882184,"D.R. Horton, Inc.",73200000,0000882184-21-000190,2019-09-30,,,,,,2019,ShareBasedCompensation,False
882184,"D.R. Horton, Inc.",77800000,0000882184-22-000184,2020-09-30,,,,,,2020,ShareBasedCompensation,False
882184,"D.R. Horton, Inc.",91400000,0000882184-23-000115,2021-09-30,,,,,,2021,ShareBasedCompensation,False
882184,"D.R. Horton, Inc.",105100000,0000882184-24-000057,2022-09-30,,,,,,2022,ShareBasedCompensation,False
882184,"D.R. Horton, Inc.",111200000,0000882184-25-000081,2023-09-30,,,,,,2023,ShareBasedCompensation,False
882184,"D.R. Horton, Inc.",118100000,0000882184-25-000081,2024-09-30,,,,,,2024,ShareBasedCompensation,False
882184,"D.R. Horton, Inc.",131000000,0000882184-25-000081,2025-09-30,,,,,,2025,ShareBasedCompensation,False
882835,"ROPER TECHNOLOGIES, INC.",61766000,0000882835-18-000011,2015-12-31,,,,,,2015,ShareBasedCompensation,False
882835,"ROPER TECHNOLOGIES, INC.",78800000,0000882835-19-000010,2016-12-31,,,,,,2016,ShareBasedCompensation,False
882835,"ROPER TECHNOLOGIES, INC.",83100000,0000882835-20-000006,2017-12-31,,,,,,2017,ShareBasedCompensation,False
882835,"ROPER TECHNOLOGIES, INC.",133800000,0000882835-21-000011,2018-12-31,,,,,,2018,ShareBasedCompensation,False
882835,"ROPER TECHNOLOGIES, INC.",101200000,0000882835-22-000012,2019-12-31,,,,,,2019,ShareBasedCompensation,False
882835,"ROPER TECHNOLOGIES, INC.",108300000,0000882835-23-000016,2020-12-31,,,,,,2020,ShareBasedCompensation,False
882835,"ROPER TECHNOLOGIES, INC.",123000000,0000882835-24-000008,2021-12-31,,,,,,2021,ShareBasedCompensation,False
882835,"ROPER TECHNOLOGIES, INC.",118500000,0000882835-25-000008,2022-12-31,,,,,,2022,ShareBasedCompensation,False
882835,"ROPER TECHNOLOGIES, INC.",123500000,0000882835-26-000009,2023-12-31,,,,,,2023,ShareBasedCompensation,False
882835,"ROPER TECHNOLOGIES, INC.",145900000,0000882835-26-000009,2024-12-31,,,,,,2024,ShareBasedCompensation,False
882835,"ROPER TECHNOLOGIES, INC.",166300000,0000882835-26-000009,2025-12-31,,,,,,2025,ShareBasedCompensation,False
883241,"SYNOPSYS, INC",86400000,0000883241-17-000014,2015-10-31,,,,,,2015,ShareBasedCompensation,False
883241,"SYNOPSYS, INC",97583000,0000883241-18-000012,2016-10-31,,,,,,2016,ShareBasedCompensation,False
883241,"SYNOPSYS, INC",108294000,0000883241-19-000019,2017-10-31,,,,,,2017,ShareBasedCompensation,False
883241,"SYNOPSYS, INC",140032000,0000883241-20-000015,2018-10-31,,,,,,2018,ShareBasedCompensation,False
883241,SYNOPSYS INC,155001000,0000883241-21-000022,2019-10-31,,,,,,2019,ShareBasedCompensation,False
883241,"SYNOPSYS, INC.",248584000,0000883241-22-000017,2020-10-31,,,,,,2020,ShareBasedCompensation,False
883241,"SYNOPSYS, INC.",345272000,0000883241-23-000019,2021-10-31,,,,,,2021,ShareBasedCompensation,False
883241,"SYNOPSYS, INC.",459029000,0000883241-24-000024,2022-10-31,,,,,,2022,ShareBasedCompensation,False
883241,"SYNOPSYS, INC.",563292000,0000883241-25-000028,2023-10-31,,,,,,2023,ShareBasedCompensation,False
883241,"SYNOPSYS, INC.",692316000,0000883241-25-000028,2024-10-31,,,,,,2024,ShareBasedCompensation,False
883241,"SYNOPSYS, INC.",893294000,0000883241-25-000028,2025-10-31,,,,,,2025,ShareBasedCompensation,False
884887,ROYAL CARIBBEAN CRUISES LTD.,36073000,0000884887-18-000017,2015-12-31,,,,,,2015,ShareBasedCompensation,False
884887,ROYAL CARIBBEAN CRUISES LTD.,32659000,0000884887-19-000017,2016-12-31,,,,,,2016,ShareBasedCompensation,False
884887,ROYAL CARIBBEAN CRUISES LTD.,69459000,0000884887-20-000014,2017-12-31,,,,,,2017,ShareBasedCompensation,False
884887,ROYAL CARIBBEAN CRUISES LTD.,46061000,0000884887-21-000006,2018-12-31,,,,,,2018,ShareBasedCompensation,False
884887,ROYAL CARIBBEAN CRUISES LTD,75930000,0000884887-22-000008,2019-12-31,,,,,,2019,ShareBasedCompensation,False
884887,ROYAL CARIBBEAN CRUISES LTD,39779000,0000884887-23-000006,2020-12-31,,,,,,2020,ShareBasedCompensation,False
884887,ROYAL CARIBBEAN CRUISES LTD,64000000,0000884887-24-000075,2021-12-31,,,,,,2021,ShareBasedCompensation,False
884887,ROYAL CARIBBEAN CRUISES LTD,36000000,0000884887-25-000050,2022-12-31,,,,,,2022,ShareBasedCompensation,False
884887,ROYAL CARIBBEAN CRUISES LTD,126000000,0000884887-26-000007,2023-12-31,,,,,,2023,ShareBasedCompensation,False
884887,ROYAL CARIBBEAN CRUISES LTD,267000000,0000884887-26-000007,2024-12-31,,,,,,2024,ShareBasedCompensation,False
884887,ROYAL CARIBBEAN CRUISES LTD,175000000,0000884887-26-000007,2025-12-31,,,,,,2025,ShareBasedCompensation,False
885725,BOSTON SCIENTIFIC CORPORATION,107000000,0000885725-18-000010,2015-12-31,,,,,,2015,ShareBasedCompensation,False
885725,BOSTON SCIENTIFIC CORPORATION,116000000,0000885725-19-000011,2016-12-31,,,,,,2016,ShareBasedCompensation,False
885725,BOSTON SCIENTIFIC CORPORATION,127000000,0000885725-20-000012,2017-12-31,,,,,,2017,ShareBasedCompensation,False
885725,BOSTON SCIENTIFIC CORPORATION,140000000,0000885725-21-000008,2018-12-31,,,,,,2018,ShareBasedCompensation,False
885725,BOSTON SCIENTIFIC CORPORATION,157000000,0000885725-22-000006,2019-12-31,,,,,,2019,ShareBasedCompensation,False
885725,BOSTON SCIENTIFIC CORPORATION,170000000,0000885725-23-000008,2020-12-31,,,,,,2020,ShareBasedCompensation,False
885725,BOSTON SCIENTIFIC CORPORATION,194000000,0000885725-24-000017,2021-12-31,,,,,,2021,ShareBasedCompensation,False
885725,BOSTON SCIENTIFIC CORPORATION,220000000,0000885725-25-000011,2022-12-31,,,,,,2022,ShareBasedCompensation,False
885725,BOSTON SCIENTIFIC CORPORATION,233000000,0000885725-26-000010,2023-12-31,,,,,,2023,ShareBasedCompensation,False
885725,BOSTON SCIENTIFIC CORPORATION,266000000,0000885725-26-000010,2024-12-31,,,,,,2024,ShareBasedCompensation,False
885725,BOSTON SCIENTIFIC CORPORATION,299000000,0000885725-26-000010,2025-12-31,,,,,,2025,ShareBasedCompensation,False
886982,"The Goldman Sachs Group, Inc.",2272000000,0001193125-18-056383,2015-12-31,,,,,,2015,ShareBasedCompensation,False
886982,"The Goldman Sachs Group, Inc.",2111000000,0001193125-19-050198,2016-12-31,,,,,,2016,ShareBasedCompensation,False
886982,"The Goldman Sachs Group, Inc.",1769000000,0001193125-20-043853,2017-12-31,,,,,,2017,ShareBasedCompensation,False
886982,"The Goldman Sachs Group, Inc.",1831000000,0001193125-21-049380,2018-12-31,,,,,,2018,ShareBasedCompensation,False
886982,"The Goldman Sachs Group, Inc.",2018000000,0001193125-22-052682,2019-12-31,,,,,,2019,ShareBasedCompensation,False
886982,"The Goldman Sachs Group, Inc.",1920000000,0000886982-23-000003,2020-12-31,,,,,,2020,ShareBasedCompensation,False
886982,"The Goldman Sachs Group, Inc.",2348000000,0000886982-24-000006,2021-12-31,,,,,,2021,ShareBasedCompensation,False
886982,"The Goldman Sachs Group, Inc.",4083000000,0000886982-25-000005,2022-12-31,,,,,,2022,ShareBasedCompensation,False
886982,"The Goldman Sachs Group, Inc.",2085000000,0000886982-26-000091,2023-12-31,,,,,,2023,ShareBasedCompensation,False
886982,"The Goldman Sachs Group, Inc.",2663000000,0000886982-26-000091,2024-12-31,,,,,,2024,ShareBasedCompensation,False
886982,"The Goldman Sachs Group, Inc.",3445000000,0000886982-26-000091,2025-12-31,,,,,,2025,ShareBasedCompensation,False
895126,EXPAND ENERGY CORPORATION,78000000,0000895126-18-000060,2015-12-31,,,,,,2015,ShareBasedCompensation,False
895126,EXPAND ENERGY CORPORATION,52000000,0000895126-19-000146,2016-12-31,,,,,,2016,ShareBasedCompensation,False
895126,EXPAND ENERGY CORPORATION,49000000,0000895126-21-000022,2017-12-31,,,,,,2017,ShareBasedCompensation,False
895126,EXPAND ENERGY CORPORATION,32000000,0000895126-21-000078,2018-12-31,,,,,,2018,ShareBasedCompensation,False
895126,CHESAPEAKE ENERGY CORPORATION,30000000,0000895126-22-000029,2019-12-31,,,,,,2019,ShareBasedCompensation,False
895126,CHESAPEAKE ENERGY CORPORATION,21000000,0000895126-23-000022,2020-12-31,,,,,,2020,ShareBasedCompensation,False
895126,CHESAPEAKE ENERGY CORPORATION,9000000,0000895126-24-000013,2021-12-31,,,,,,2021,ShareBasedCompensation,False
895126,EXPAND ENERGY CORPORATION,22000000,0000895126-25-000021,2022-12-31,,,,,,2022,ShareBasedCompensation,False
895126,EXPAND ENERGY CORPORATION,33000000,0000895126-26-000011,2023-12-31,,,,,,2023,ShareBasedCompensation,False
895126,EXPAND ENERGY CORPORATION,38000000,0000895126-26-000011,2024-12-31,,,,,,2024,ShareBasedCompensation,False
895126,EXPAND ENERGY CORPORATION,46000000,0000895126-26-000011,2025-12-31,,,,,,2025,ShareBasedCompensation,False
895421,MORGAN STANLEY,1104000000,0001193125-18-060831,2015-12-31,,,,,,2015,ShareBasedCompensation,False
895421,MORGAN STANLEY,1136000000,0001193125-19-051943,2016-12-31,,,,,,2016,ShareBasedCompensation,False
895421,MORGAN STANLEY,1026000000,0000895421-20-000265,2017-12-31,,,,,,2017,ShareBasedCompensation,False
895421,MORGAN STANLEY,920000000,0000895421-21-000286,2018-12-31,,,,,,2018,ShareBasedCompensation,False
895421,MORGAN STANLEY,1153000000,0000895421-22-000400,2019-12-31,,,,,,2019,ShareBasedCompensation,False
895421,MORGAN STANLEY,1312000000,0000895421-23-000284,2020-12-31,,,,,,2020,ShareBasedCompensation,False
895421,MORGAN STANLEY,2085000000,0000895421-24-000300,2021-12-31,,,,,,2021,ShareBasedCompensation,False
895421,MORGAN STANLEY,1875000000,0000895421-25-000304,2022-12-31,,,,,,2022,ShareBasedCompensation,False
895421,MORGAN STANLEY,1709000000,0000895421-26-000086,2023-12-31,,,,,,2023,ShareBasedCompensation,False
895421,MORGAN STANLEY,1622000000,0000895421-26-000086,2024-12-31,,,,,,2024,ShareBasedCompensation,False
895421,MORGAN STANLEY,1926000000,0000895421-26-000086,2025-12-31,,,,,,2025,ShareBasedCompensation,False
896878,INTUIT INC.,257000000,0000896878-17-000130,2015-07-31,,,,,,2015,ShareBasedCompensation,False
896878,INTUIT INC.,281000000,0000896878-18-000171,2016-07-31,,,,,,2016,ShareBasedCompensation,False
896878,INTUIT INC.,326000000,0000896878-19-000132,2017-07-31,,,,,,2017,ShareBasedCompensation,False
896878,INTUIT INC.,382000000,0000896878-20-000148,2018-07-31,,,,,,2018,ShareBasedCompensation,False
896878,INTUIT INC,401000000,0000896878-21-000233,2019-07-31,,,,,,2019,ShareBasedCompensation,False
896878,INTUIT INC,435000000,0000896878-22-000028,2020-07-31,,,,,,2020,ShareBasedCompensation,False
896878,INTUIT INC.,753000000,0000896878-23-000034,2021-07-31,,,,,,2021,ShareBasedCompensation,False
896878,INTUIT INC.,1308000000,0000896878-24-000039,2022-07-31,,,,,,2022,ShareBasedCompensation,False
896878,INTUIT INC.,1712000000,0000896878-25-000050,2023-07-31,,,,,,2023,ShareBasedCompensation,False
896878,INTUIT INC.,1940000000,0000896878-26-000037,2024-07-31,,,,,,2024,ShareBasedCompensation,False
896878,INTUIT INC.,1968000000,0000896878-26-000037,2025-07-31,,,,,,2025,ShareBasedCompensation,False
896878,INTUIT INC.,2056000000,0000896878-26-000037,2026-07-31,,,,,,2026,ShareBasedCompensation,False
898173,O Reilly Automotive Inc,21899000,0000898173-18-000077,2015-12-31,,,,,,2015,ShareBasedCompensation,False
898173,O Reilly Automotive Inc,18859000,0000898173-19-000060,2016-12-31,,,,,,2016,ShareBasedCompensation,False
898173,O Reilly Automotive Inc,19401000,0000898173-20-000007,2017-12-31,,,,,,2017,ShareBasedCompensation,False
898173,O Reilly Automotive Inc,20176000,0000898173-21-000012,2018-12-31,,,,,,2018,ShareBasedCompensation,False
898173,O Reilly Automotive Inc,21921000,0000898173-22-000012,2019-12-31,,,,,,2019,ShareBasedCompensation,False
898173,O Reilly Automotive Inc,22747000,0000898173-23-000011,2020-12-31,,,,,,2020,ShareBasedCompensation,False
898173,O Reilly Automotive Inc,24656000,0000898173-24-000009,2021-12-31,,,,,,2021,ShareBasedCompensation,False
898173,O Reilly Automotive Inc,26458000,0000898173-25-000008,2022-12-31,,,,,,2022,ShareBasedCompensation,False
898173,O Reilly Automotive Inc,27511000,0000898173-26-000009,2023-12-31,,,,,,2023,ShareBasedCompensation,False
898173,O Reilly Automotive Inc,28931000,0000898173-26-000009,2024-12-31,,,,,,2024,ShareBasedCompensation,False
898173,O Reilly Automotive Inc,35115000,0000898173-26-000009,2025-12-31,,,,,,2025,ShareBasedCompensation,False
900075,"COPART, INC.",18154000,0000900075-17-000044,2015-07-31,,,,,,2015,ShareBasedCompensation,False
900075,"COPART, INC.",20864000,0000900075-18-000048,2016-07-31,,,,,,2016,ShareBasedCompensation,False
900075,"COPART, INC.",20840000,0000900075-19-000022,2017-07-31,,,,,,2017,ShareBasedCompensation,False
900075,"COPART, INC.",23221000,0000900075-20-000021,2018-07-31,,,,,,2018,ShareBasedCompensation,False
900075,COPART INC,23445000,0000900075-21-000022,2019-07-31,,,,,,2019,ShareBasedCompensation,False
900075,COPART INC,23322000,0000900075-22-000050,2020-07-31,,,,,,2020,ShareBasedCompensation,False
900075,"COPART, INC.",40922000,0000900075-23-000034,2021-07-31,,,,,,2021,ShareBasedCompensation,False
900075,"COPART, INC.",38965000,0000900075-24-000024,2022-07-31,,,,,,2022,ShareBasedCompensation,False
900075,"COPART, INC.",39673000,0001628280-25-042946,2023-07-31,,,,,,2023,ShareBasedCompensation,False
900075,"COPART, INC.",35234000,0001628280-25-042946,2024-07-31,,,,,,2024,ShareBasedCompensation,False
900075,"COPART, INC.",38004000,0001628280-25-042946,2025-07-31,,,,,,2025,ShareBasedCompensation,False
906107,EQUITY RESIDENTIAL,34607000,0001564590-18-002873,2015-12-31,,,,,,2015,ShareBasedCompensation,False
906107,EQUITY RESIDENTIAL,30530000,0001564590-19-003683,2016-12-31,,,,,,2016,ShareBasedCompensation,False
906107,EQUITY RESIDENTIAL,24997000,0001564590-20-005562,2017-12-31,,,,,,2017,ShareBasedCompensation,False
906107,EQUITY RESIDENTIAL,27132000,0001564590-21-006679,2018-12-31,,,,,,2018,ShareBasedCompensation,False
906107,EQUITY RESIDENTIAL,24449000,0001564590-22-005566,2019-12-31,,,,,,2019,ShareBasedCompensation,False
906107,EQUITY RESIDENTIAL,23174000,0000950170-23-003060,2020-12-31,,,,,,2020,ShareBasedCompensation,False
906107,EQUITY RESIDENTIAL,27810000,0000950170-24-015907,2021-12-31,,,,,,2021,ShareBasedCompensation,False
906107,EQUITY RESIDENTIAL,29513000,0000950170-25-019894,2022-12-31,,,,,,2022,ShareBasedCompensation,False
906107,EQUITY RESIDENTIAL,31815000,0001193125-26-051433,2023-12-31,,,,,,2023,ShareBasedCompensation,False
906107,EQUITY RESIDENTIAL,31287000,0001193125-26-051433,2024-12-31,,,,,,2024,ShareBasedCompensation,False
906107,EQUITY RESIDENTIAL,32210000,0001193125-26-051433,2025-12-31,,,,,,2025,ShareBasedCompensation,False
906163,"NVR, Inc.",54091000,0000906163-18-000007,2015-12-31,,,,,,2015,ShareBasedCompensation,False
906163,"NVR, Inc.",43598000,0000906163-19-000029,2016-12-31,,,,,,2016,ShareBasedCompensation,False
906163,"NVR, Inc.",44562000,0000906163-20-000026,2017-12-31,,,,,,2017,ShareBasedCompensation,False
906163,"NVR, Inc.",75701000,0000906163-21-000017,2018-12-31,,,,,,2018,ShareBasedCompensation,False
906163,"NVR, Inc.",78532000,0000906163-22-000008,2019-12-31,,,,,,2019,ShareBasedCompensation,False
906163,"NVR, Inc.",50794000,0000906163-23-000023,2020-12-31,,,,,,2020,ShareBasedCompensation,False
906163,"NVR, Inc.",58234000,0000906163-24-000033,2021-12-31,,,,,,2021,ShareBasedCompensation,False
906163,"NVR, Inc.",82537000,0000906163-25-000011,2022-12-31,,,,,,2022,ShareBasedCompensation,False
906163,"NVR, Inc.",99507000,0000906163-26-000018,2023-12-31,,,,,,2023,ShareBasedCompensation,False
906163,"NVR, Inc.",73925000,0000906163-26-000018,2024-12-31,,,,,,2024,ShareBasedCompensation,False
906163,"NVR, Inc.",69213000,0000906163-26-000018,2025-12-31,,,,,,2025,ShareBasedCompensation,False
906345,CAMDEN PROPERTY TRUST,17674000,0000906345-18-000007,2015-12-31,,,,,,2015,ShareBasedCompensation,False
906345,CAMDEN PROPERTY TRUST,20123000,0000906345-19-000006,2016-12-31,,,,,,2016,ShareBasedCompensation,False
906345,CAMDEN PROPERTY TRUST,17547000,0000906345-20-000008,2017-12-31,,,,,,2017,ShareBasedCompensation,False
906345,CAMDEN PROPERTY TRUST,16749000,0000906345-21-000010,2018-12-31,,,,,,2018,ShareBasedCompensation,False
906345,CAMDEN PROPERTY TRUST,15235000,0000906345-22-000009,2019-12-31,,,,,,2019,ShareBasedCompensation,False
906345,CAMDEN PROPERTY TRUST,13942000,0000906345-23-000008,2020-12-31,,,,,,2020,ShareBasedCompensation,False
906345,CAMDEN PROPERTY TRUST,15397000,0000906345-24-000007,2021-12-31,,,,,,2021,ShareBasedCompensation,False
906345,CAMDEN PROPERTY TRUST,12822000,0000906345-25-000008,2022-12-31,,,,,,2022,ShareBasedCompensation,False
906345,CAMDEN PROPERTY TRUST,14512000,0001628280-26-007697,2023-12-31,,,,,,2023,ShareBasedCompensation,False
906345,CAMDEN PROPERTY TRUST,15166000,0001628280-26-007697,2024-12-31,,,,,,2024,ShareBasedCompensation,False
906345,CAMDEN PROPERTY TRUST,16959000,0001628280-26-007697,2025-12-31,,,,,,2025,ShareBasedCompensation,False
909832,COSTCO WHOLESALE CORP /NEW,394000000,0000909832-17-000014,2015-08-30,,,,,,2015,ShareBasedCompensation,False
909832,COSTCO WHOLESALE CORP /NEW,459000000,0000909832-18-000013,2016-08-28,,,,,,2016,ShareBasedCompensation,False
909832,COSTCO WHOLESALE CORP /NEW,514000000,0000909832-19-000019,2017-09-03,,,,,,2017,ShareBasedCompensation,False
909832,COSTCO WHOLESALE CORP /NEW,544000000,0000909832-20-000017,2018-09-02,,,,,,2018,ShareBasedCompensation,False
909832,COSTCO WHOLESALE CORP /NEW,595000000,0000909832-21-000014,2019-09-01,,,,,,2019,ShareBasedCompensation,False
909832,COSTCO WHOLESALE CORP /NEW,619000000,0000909832-22-000021,2020-08-30,,,,,,2020,ShareBasedCompensation,False
909832,COSTCO WHOLESALE CORP /NEW,665000000,0000909832-23-000042,2021-08-29,,,,,,2021,ShareBasedCompensation,False
909832,COSTCO WHOLESALE CORP /NEW,724000000,0000909832-24-000049,2022-08-28,,,,,,2022,ShareBasedCompensation,False
909832,COSTCO WHOLESALE CORP /NEW,774000000,0000909832-25-000101,2023-09-03,,,,,,2023,ShareBasedCompensation,False
909832,COSTCO WHOLESALE CORP /NEW,818000000,0000909832-25-000101,2024-09-01,,,,,,2024,ShareBasedCompensation,False
909832,COSTCO WHOLESALE CORP /NEW,860000000,0000909832-25-000101,2025-08-31,,,,,,2025,ShareBasedCompensation,False
910521,DECKERS OUTDOOR CORP,6622000,0000910521-18-000015,2016-03-31,,,,,,2015,ShareBasedCompensation,False
910521,DECKERS OUTDOOR CORP,6011000,0000910521-19-000011,2017-03-31,,,,,,2016,ShareBasedCompensation,False
910521,DECKERS OUTDOOR CORP,14306000,0000910521-20-000016,2018-03-31,,,,,,2017,ShareBasedCompensation,False
910521,DECKERS OUTDOOR CORP,14774000,0000910521-21-000017,2019-03-31,,,,,,2018,ShareBasedCompensation,False
910521,DECKERS OUTDOOR CORP,14477000,0000910521-22-000017,2020-03-31,,,,,,2019,ShareBasedCompensation,False
910521,DECKERS OUTDOOR CORP,22701000,0000910521-23-000016,2021-03-31,,,,,,2020,ShareBasedCompensation,False
910521,DECKERS OUTDOOR CORP,26816000,0000910521-24-000017,2022-03-31,,,,,,2021,ShareBasedCompensation,False
910521,DECKERS OUTDOOR CORP,26897000,0000910521-25-000017,2023-03-31,,,,,,2022,ShareBasedCompensation,False
910521,DECKERS OUTDOOR CORP,37288000,0001628280-26-037664,2024-03-31,,,,,,2023,ShareBasedCompensation,False
910521,DECKERS OUTDOOR CORP,37943000,0001628280-26-037664,2025-03-31,,,,,,2024,ShareBasedCompensation,False
910521,DECKERS OUTDOOR CORP,44835000,0001628280-26-037664,2026-03-31,,,,,,2025,ShareBasedCompensation,False
910606,REGENCY CENTERS CORPORATION,20549000,0001564590-20-004859,2017-12-31,,,,,,2017,ShareBasedCompensation,False
910606,REGENCY CENTERS CORPORATION,13635000,0001564590-21-006390,2018-12-31,,,,,,2018,ShareBasedCompensation,False
910606,REGENCY CENTERS CORPORATION,14339000,0000950170-22-001418,2019-12-31,,,,,,2019,ShareBasedCompensation,False
910606,REGENCY CENTERS CORPORATION,13581000,0000950170-23-003160,2020-12-31,,,,,,2020,ShareBasedCompensation,False
910606,REGENCY CENTERS CORPORATION,12515000,0000950170-24-016260,2021-12-31,,,,,,2021,ShareBasedCompensation,False
910606,REGENCY CENTERS CORPORATION,16521000,0000950170-25-021359,2022-12-31,,,,,,2022,ShareBasedCompensation,False
910606,REGENCY CENTERS CORPORATION,20075000,0001193125-26-051668,2023-12-31,,,,,,2023,ShareBasedCompensation,False
910606,REGENCY CENTERS CORPORATION,23504000,0001193125-26-051668,2024-12-31,,,,,,2024,ShareBasedCompensation,False
910606,REGENCY CENTERS CORPORATION,19459000,0001193125-26-051668,2025-12-31,,,,,,2025,ShareBasedCompensation,False
912595,"MID-AMERICA APARTMENT COMMUNITIES, INC.",10570000,0001564590-20-005582,2017-12-31,,,,,,2017,ShareBasedCompensation,False
912595,"MID-AMERICA APARTMENT COMMUNITIES, INC.",12444000,0001564590-21-006666,2018-12-31,,,,,,2018,ShareBasedCompensation,False
912595,"MID-AMERICA APARTMENT COMMUNITIES, INC.",13654000,0000950170-22-001423,2019-12-31,,,,,,2019,ShareBasedCompensation,False
912595,"MID-AMERICA APARTMENT COMMUNITIES, INC.",14329000,0000950170-23-002778,2020-12-31,,,,,,2020,ShareBasedCompensation,False
912595,"MID-AMERICA APARTMENT COMMUNITIES, INC.",16665000,0000950170-24-013275,2021-12-31,,,,,,2021,ShareBasedCompensation,False
912595,"MID-AMERICA APARTMENT COMMUNITIES, INC.",18798000,0000950170-25-016287,2022-12-31,,,,,,2022,ShareBasedCompensation,False
912595,"MID-AMERICA APARTMENT COMMUNITIES, INC.",15699000,0001193125-26-041208,2023-12-31,,,,,,2023,ShareBasedCompensation,False
912595,"MID-AMERICA APARTMENT COMMUNITIES, INC.",15789000,0001193125-26-041208,2024-12-31,,,,,,2024,ShareBasedCompensation,False
912595,"MID-AMERICA APARTMENT COMMUNITIES, INC.",16839000,0001193125-26-041208,2025-12-31,,,,,,2025,ShareBasedCompensation,False
914208,Invesco Ltd.,150300000,0000914208-18-000255,2015-12-31,,,,,,2015,ShareBasedCompensation,False
914208,Invesco Ltd.,159700000,0000914208-19-000195,2016-12-31,,,,,,2016,ShareBasedCompensation,False
914208,Invesco Ltd.,175300000,0000914208-20-000245,2017-12-31,,,,,,2017,ShareBasedCompensation,False
914208,Invesco Ltd.,172400000,0000914208-21-000331,2018-12-31,,,,,,2018,ShareBasedCompensation,False
914208,Invesco Ltd.,207500000,0000914208-22-000319,2019-12-31,,,,,,2019,ShareBasedCompensation,False
914208,Invesco Ltd.,188500000,0000914208-23-000297,2020-12-31,,,,,,2020,ShareBasedCompensation,False
914208,Invesco Ltd.,140100000,0000914208-24-000219,2021-12-31,,,,,,2021,ShareBasedCompensation,False
914208,Invesco Ltd.,106200000,0000914208-25-000114,2022-12-31,,,,,,2022,ShareBasedCompensation,False
914208,Invesco Ltd.,114600000,0000914208-26-000079,2023-12-31,,,,,,2023,ShareBasedCompensation,False
914208,Invesco Ltd.,104600000,0000914208-26-000079,2024-12-31,,,,,,2024,ShareBasedCompensation,False
914208,Invesco Ltd.,80000000,0000914208-26-000079,2025-12-31,,,,,,2025,ShareBasedCompensation,False
915913,ALBEMARLE CORPORATION,15188000,0000915913-18-000005,2015-12-31,,,,,,2015,ShareBasedCompensation,False
915913,ALBEMARLE CORPORATION,17031000,0000915913-19-000021,2016-12-31,,,,,,2016,ShareBasedCompensation,False
915913,ALBEMARLE CORPORATION,19404000,0000915913-20-000040,2017-12-31,,,,,,2017,ShareBasedCompensation,False
915913,ALBEMARLE CORPORATION,15228000,0000915913-21-000018,2018-12-31,,,,,,2018,ShareBasedCompensation,False
915913,ALBEMARLE CORPORATION,19680000,0000915913-22-000027,2019-12-31,,,,,,2019,ShareBasedCompensation,False
915913,ALBEMARLE CORPORATION,22837000,0000915913-23-000039,2020-12-31,,,,,,2020,ShareBasedCompensation,False
915913,ALBEMARLE CORPORATION,20120000,0000915913-24-000016,2021-12-31,,,,,,2021,ShareBasedCompensation,False
915913,ALBEMARLE CORPORATION,30474000,0000915913-25-000026,2022-12-31,,,,,,2022,ShareBasedCompensation,False
915913,ALBEMARLE CORPORATION,36545000,0000915913-26-000018,2023-12-31,,,,,,2023,ShareBasedCompensation,False
915913,ALBEMARLE CORPORATION,32141000,0000915913-26-000018,2024-12-31,,,,,,2024,ShareBasedCompensation,False
915913,ALBEMARLE CORPORATION,40271000,0000915913-26-000018,2025-12-31,,,,,,2025,ShareBasedCompensation,False
916076,"MARTIN MARIETTA MATERIALS, INC.",13589000,0001193125-18-055887,2015-12-31,,,,,,2015,ShareBasedCompensation,False
916076,"MARTIN MARIETTA MATERIALS, INC.",20481000,0001193125-19-049961,2016-12-31,,,,,,2016,ShareBasedCompensation,False
916076,"MARTIN MARIETTA MATERIALS, INC.",30500000,0001564590-20-005784,2017-12-31,,,,,,2017,ShareBasedCompensation,False
916076,"MARTIN MARIETTA MATERIALS, INC.",29300000,0001564590-21-006959,2018-12-31,,,,,,2018,ShareBasedCompensation,False
916076,"MARTIN MARIETTA MATERIALS, INC.",34100000,0001564590-22-005965,2019-12-31,,,,,,2019,ShareBasedCompensation,False
916076,"MARTIN MARIETTA MATERIALS, INC.",30000000,0000950170-23-004361,2020-12-31,,,,,,2020,ShareBasedCompensation,False
916076,"MARTIN MARIETTA MATERIALS, INC.",43000000,0000950170-24-019275,2021-12-31,,,,,,2021,ShareBasedCompensation,False
916076,"MARTIN MARIETTA MATERIALS, INC.",43000000,0000950170-25-024770,2022-12-31,,,,,,2022,ShareBasedCompensation,False
916076,"MARTIN MARIETTA MATERIALS, INC.",50000000,0001193125-26-059193,2023-12-31,,,,,,2023,ShareBasedCompensation,False
916076,"MARTIN MARIETTA MATERIALS, INC.",58000000,0001193125-26-059193,2024-12-31,,,,,,2024,ShareBasedCompensation,False
916076,"MARTIN MARIETTA MATERIALS, INC.",46000000,0001193125-26-059193,2025-12-31,,,,,,2025,ShareBasedCompensation,False
916365,TRACTOR SUPPLY CO /DE/,19420000,0000916365-18-000031,2015-12-26,,,,,,2015,ShareBasedCompensation,False
916365,TRACTOR SUPPLY CO /DE/,23554000,0000916365-19-000035,2016-12-31,,,,,,2016,ShareBasedCompensation,False
916365,TRACTOR SUPPLY CO /DE/,29202000,0000916365-20-000050,2017-12-30,,,,,,2017,ShareBasedCompensation,False
916365,TRACTOR SUPPLY CO /DE/,28921000,0000916365-21-000052,2018-12-29,,,,,,2018,ShareBasedCompensation,False
916365,TRACTOR SUPPLY CO /DE/,31136000,0000916365-22-000049,2019-12-28,,,,,,2019,ShareBasedCompensation,False
916365,TRACTOR SUPPLY CO /DE/,37273000,0000916365-23-000045,2020-12-26,,,,,,2020,ShareBasedCompensation,False
916365,TRACTOR SUPPLY CO /DE/,47649000,0000916365-24-000046,2021-12-25,,,,,,2021,ShareBasedCompensation,False
916365,TRACTOR SUPPLY CO /DE/,53832000,0000916365-25-000076,2022-12-31,,,,,,2022,ShareBasedCompensation,False
916365,TRACTOR SUPPLY CO /DE/,57015000,0000916365-26-000014,2023-12-30,,,,,,2023,ShareBasedCompensation,False
916365,TRACTOR SUPPLY CO /DE/,48367000,0000916365-26-000014,2024-12-28,,,,,,2024,ShareBasedCompensation,False
916365,TRACTOR SUPPLY CO /DE/,57063000,0000916365-26-000014,2025-12-27,,,,,,2025,ShareBasedCompensation,False
920148,LABCORP HOLDINGS INC.,102100000,0000920148-18-000024,2015-12-31,,,,,,2015,ShareBasedCompensation,False
920148,LABCORP HOLDINGS INC.,109600000,0000920148-19-000033,2016-12-31,,,,,,2016,ShareBasedCompensation,False
920148,LABCORP HOLDINGS INC.,109700000,0000920148-20-000011,2017-12-31,,,,,,2017,ShareBasedCompensation,False
920148,LABCORP HOLDINGS INC.,91600000,0000920148-21-000018,2018-12-31,,,,,,2018,ShareBasedCompensation,False
920148,LABORATORY CORPORATION OF AMERICA HOLDINGS,107000000,0000920148-22-000015,2019-12-31,,,,,,2019,ShareBasedCompensation,False
920148,LABORATORY CORPORATION OF AMERICA HOLDINGS,111700000,0000920148-23-000017,2020-12-31,,,,,,2020,ShareBasedCompensation,False
920148,LABORATORY CORPORATION OF AMERICA HOLDINGS,132900000,0000920148-24-000014,2021-12-31,,,,,,2021,ShareBasedCompensation,False
920148,LABCORP HOLDINGS INC.,116800000,0000920148-25-000032,2022-12-31,,,,,,2022,ShareBasedCompensation,False
920148,LABCORP HOLDINGS INC.,128700000,0000920148-26-000111,2023-12-31,,,,,,2023,ShareBasedCompensation,False
920148,LABCORP HOLDINGS INC.,116700000,0000920148-26-000111,2024-12-31,,,,,,2024,ShareBasedCompensation,False
920148,LABCORP HOLDINGS INC.,125800000,0000920148-26-000111,2025-12-31,,,,,,2025,ShareBasedCompensation,False
920522,"ESSEX PROPERTY TRUST, INC.",6061000,0000920522-18-000011,2015-12-31,,,,,,2015,ShareBasedCompensation,False
920522,"ESSEX PROPERTY TRUST, INC.",9811000,0000920522-19-000009,2016-12-31,,,,,,2016,ShareBasedCompensation,False
920522,"ESSEX PROPERTY TRUST, INC.",9286000,0000920522-20-000026,2017-12-31,,,,,,2017,ShareBasedCompensation,False
920522,"ESSEX PROPERTY TRUST, INC.",7135000,0000920522-21-000015,2018-12-31,,,,,,2018,ShareBasedCompensation,False
920522,"ESSEX PROPERTY TRUST, INC.",7010000,0000920522-22-000019,2019-12-31,,,,,,2019,ShareBasedCompensation,False
920522,"ESSEX PROPERTY TRUST, INC.",8157000,0000920522-23-000005,2020-12-31,,,,,,2020,ShareBasedCompensation,False
920522,"ESSEX PROPERTY TRUST, INC.",7308000,0000920522-24-000033,2021-12-31,,,,,,2021,ShareBasedCompensation,False
920522,"ESSEX PROPERTY TRUST, INC.",7206000,0000920522-25-000024,2022-12-31,,,,,,2022,ShareBasedCompensation,False
920522,"ESSEX PROPERTY TRUST, INC.",8031000,0000920522-26-000003,2023-12-31,,,,,,2023,ShareBasedCompensation,False
920522,"ESSEX PROPERTY TRUST, INC.",7158000,0000920522-26-000003,2024-12-31,,,,,,2024,ShareBasedCompensation,False
920522,"ESSEX PROPERTY TRUST, INC.",9640000,0000920522-26-000003,2025-12-31,,,,,,2025,ShareBasedCompensation,False
920760,LENNAR CORP /NEW/,43873000,0001628280-18-000562,2015-11-30,,,,,,2015,ShareBasedCompensation,False
920760,LENNAR CORP /NEW/,55516000,0001628280-19-000598,2016-11-30,,,,,,2016,ShareBasedCompensation,False
920760,LENNAR CORP /NEW/,61356000,0001628280-20-000559,2017-11-30,,,,,,2017,ShareBasedCompensation,False
920760,LENNAR CORP /NEW/,72655000,0001628280-21-000722,2018-11-30,,,,,,2018,ShareBasedCompensation,False
920760,LENNAR CORP /NEW/,86940000,0001628280-22-001450,2019-11-30,,,,,,2019,ShareBasedCompensation,False
920760,LENNAR CORP /NEW/,107131000,0001628280-23-001606,2020-11-30,,,,,,2020,ShareBasedCompensation,False
920760,LENNAR CORP /NEW/,134621000,0001628280-24-002371,2021-11-30,,,,,,2021,ShareBasedCompensation,False
920760,LENNAR CORP /NEW/,184086000,0001628280-25-002404,2022-11-30,,,,,,2022,ShareBasedCompensation,False
920760,LENNAR CORP /NEW/,160720000,0001628280-26-003870,2023-11-30,,,,,,2023,ShareBasedCompensation,False
920760,LENNAR CORP /NEW/,176676000,0001628280-26-003870,2024-11-30,,,,,,2024,ShareBasedCompensation,False
920760,LENNAR CORP /NEW/,163494000,0001628280-26-003870,2025-11-30,,,,,,2025,ShareBasedCompensation,False
922224,PPL Corporation,31000000,0000922224-18-000023,2015-12-31,,,,,,2015,ShareBasedCompensation,False
922224,PPL Corporation,28000000,0000922224-19-000015,2016-12-31,,,,,,2016,ShareBasedCompensation,False
922224,PPL Corporation,38000000,0000922224-20-000005,2017-12-31,,,,,,2017,ShareBasedCompensation,False
922224,PPL Corporation,26000000,0000922224-21-000006,2018-12-31,,,,,,2018,ShareBasedCompensation,False
922224,PPL Corporation,36000000,0000922224-21-000006,2019-12-31,,,,,,2019,ShareBasedCompensation,False
922224,PPL Corporation,29000000,0000922224-21-000006,2020-12-31,,,,,,2020,ShareBasedCompensation,False
922224,PPL Corporation,37000000,0000922224-24-000008,2021-12-31,,,,,,2021,ShareBasedCompensation,False
922224,PPL Corporation,37000000,0000922224-25-000009,2022-12-31,,,,,,2022,ShareBasedCompensation,False
922224,PPL Corporation,33000000,0000922224-26-000008,2023-12-31,,,,,,2023,ShareBasedCompensation,False
922224,PPL Corporation,46000000,0000922224-26-000008,2024-12-31,,,,,,2024,ShareBasedCompensation,False
922224,PPL Corporation,49000000,0000922224-26-000008,2025-12-31,,,,,,2025,ShareBasedCompensation,False
927066,DAVITA INC.,56664000,0000927066-18-000030,2015-12-31,,,,,,2015,ShareBasedCompensation,False
927066,DAVITA INC.,38338000,0000927066-19-000025,2016-12-31,,,,,,2016,ShareBasedCompensation,False
927066,DAVITA INC.,35092000,0000927066-20-000014,2017-12-31,,,,,,2017,ShareBasedCompensation,False
927066,DAVITA INC.,73061000,0000927066-21-000008,2018-12-31,,,,,,2018,ShareBasedCompensation,False
927066,DAVITA INC.,67850000,0000927066-22-000012,2019-12-31,,,,,,2019,ShareBasedCompensation,False
927066,DAVITA INC.,91458000,0000927066-23-000011,2020-12-31,,,,,,2020,ShareBasedCompensation,False
927066,DAVITA INC.,102209000,0000927066-24-000013,2021-12-31,,,,,,2021,ShareBasedCompensation,False
927066,DAVITA INC.,95427000,0000927066-25-000012,2022-12-31,,,,,,2022,ShareBasedCompensation,False
927066,DAVITA INC.,112375000,0000927066-26-000012,2023-12-31,,,,,,2023,ShareBasedCompensation,False
927066,DAVITA INC.,102788000,0000927066-26-000012,2024-12-31,,,,,,2024,ShareBasedCompensation,False
927066,DAVITA INC.,139953000,0000927066-26-000012,2025-12-31,,,,,,2025,ShareBasedCompensation,False
927628,CAPITAL ONE FINANCIAL CORP,161000000,0000927628-18-000107,2015-12-31,,,,,,2015,ShareBasedCompensation,False
927628,CAPITAL ONE FINANCIAL CORP,239000000,0000927628-19-000093,2016-12-31,,,,,,2016,ShareBasedCompensation,False
927628,CAPITAL ONE FINANCIAL CORP,244000000,0000927628-20-000102,2017-12-31,,,,,,2017,ShareBasedCompensation,False
927628,CAPITAL ONE FINANCIAL CORP,170000000,0000927628-21-000094,2018-12-31,,,,,,2018,ShareBasedCompensation,False
927628,CAPITAL ONE FINANCIAL CORP,239000000,0000927628-22-000106,2019-12-31,,,,,,2019,ShareBasedCompensation,False
927628,CAPITAL ONE FINANCIAL CORP,203000000,0000927628-23-000117,2020-12-31,,,,,,2020,ShareBasedCompensation,False
927628,CAPITAL ONE FINANCIAL CORP,331000000,0000927628-24-000094,2021-12-31,,,,,,2021,ShareBasedCompensation,False
927628,CAPITAL ONE FINANCIAL CORP,314000000,0000927628-25-000092,2022-12-31,,,,,,2022,ShareBasedCompensation,False
927628,CAPITAL ONE FINANCIAL CORP,513000000,0000927628-26-000024,2023-12-31,,,,,,2023,ShareBasedCompensation,False
927628,CAPITAL ONE FINANCIAL CORP,569000000,0000927628-26-000024,2024-12-31,,,,,,2024,ShareBasedCompensation,False
927628,CAPITAL ONE FINANCIAL CORP,776000000,0000927628-26-000024,2025-12-31,,,,,,2025,ShareBasedCompensation,False
927653,McKESSON CORPORATION,123000000,0000927653-18-000010,2016-03-31,,,,,,2015,ShareBasedCompensation,False
927653,McKESSON CORPORATION,115000000,0000927653-18-000010,2017-03-31,,,,,,2016,ShareBasedCompensation,False
927653,McKESSON CORPORATION,69000000,0000927653-18-000010,2018-03-31,,,,,,2017,ShareBasedCompensation,False
935703,"DOLLAR TREE, INC.",53200000,0000935703-18-000016,2016-01-30,,,,,,2015,ShareBasedCompensation,False
935703,"DOLLAR TREE, INC.",61600000,0000935703-19-000024,2017-01-28,,,,,,2016,ShareBasedCompensation,False
935703,"DOLLAR TREE, INC.",65700000,0000935703-20-000006,2018-02-03,,,,,,2017,ShareBasedCompensation,False
935703,"DOLLAR TREE, INC.",63100000,0000935703-21-000014,2019-02-02,,,,,,2018,ShareBasedCompensation,False
935703,"DOLLAR TREE, INC.",61400000,0000935703-22-000020,2020-02-01,,,,,,2019,ShareBasedCompensation,False
935703,"DOLLAR TREE, INC.",83900000,0000935703-23-000016,2021-01-30,,,,,,2020,ShareBasedCompensation,False
935703,"DOLLAR TREE, INC.",79900000,0000935703-24-000011,2022-01-29,,,,,,2021,ShareBasedCompensation,False
935703,"DOLLAR TREE, INC.",91500000,0000935703-25-000015,2023-01-28,,,,,,2022,ShareBasedCompensation,False
935703,"DOLLAR TREE, INC.",76300000,0000935703-26-000025,2024-02-03,,,,,,2023,ShareBasedCompensation,False
935703,"DOLLAR TREE, INC.",106900000,0000935703-26-000025,2025-02-01,,,,,,2024,ShareBasedCompensation,False
935703,"DOLLAR TREE, INC.",58900000,0000935703-26-000025,2026-01-31,,,,,,2025,ShareBasedCompensation,False
936395,Ciena Corp,55340000,0000936395-17-000064,2015-10-31,,,,,,2015,ShareBasedCompensation,False
936395,Ciena Corp,51993000,0000936395-18-000048,2016-10-31,,,,,,2016,ShareBasedCompensation,False
936395,Ciena Corp,48360000,0000936395-19-000056,2017-10-31,,,,,,2017,ShareBasedCompensation,False
936395,Ciena Corp,52972000,0000936395-20-000042,2018-11-03,,,,,,2018,ShareBasedCompensation,False
936395,Ciena Corp,59736000,0000936395-21-000054,2019-11-02,,,,,,2019,ShareBasedCompensation,False
936395,Ciena Corp,67758000,0000936395-22-000065,2020-10-31,,,,,,2020,ShareBasedCompensation,False
936395,Ciena Corp,84336000,0000936395-23-000044,2021-10-30,,,,,,2021,ShareBasedCompensation,False
936395,Ciena Corp,105131000,0000936395-24-000044,2022-10-29,,,,,,2022,ShareBasedCompensation,False
936395,Ciena Corp,130455000,0001628280-25-056698,2023-10-28,,,,,,2023,ShareBasedCompensation,False
936395,Ciena Corp,156404000,0001628280-25-056698,2024-11-02,,,,,,2024,ShareBasedCompensation,False
936395,Ciena Corp,184525000,0001628280-25-056698,2025-11-01,,,,,,2025,ShareBasedCompensation,False
936468,LOCKHEED MARTIN CORPORATION,138000000,0000936468-18-000013,2015-12-31,,,,,,2015,ShareBasedCompensation,False
936468,LOCKHEED MARTIN CORPORATION,149000000,0000936468-19-000009,2016-12-31,,,,,,2016,ShareBasedCompensation,False
936468,LOCKHEED MARTIN CORPORATION,158000000,0000936468-20-000016,2017-12-31,,,,,,2017,ShareBasedCompensation,False
936468,LOCKHEED MARTIN CORPORATION,173000000,0000936468-21-000013,2018-12-31,,,,,,2018,ShareBasedCompensation,False
936468,LOCKHEED MARTIN CORPORATION,189000000,0000936468-22-000008,2019-12-31,,,,,,2019,ShareBasedCompensation,False
936468,LOCKHEED MARTIN CORPORATION,221000000,0000936468-23-000009,2020-12-31,,,,,,2020,ShareBasedCompensation,False
936468,LOCKHEED MARTIN CORPORATION,227000000,0000936468-24-000010,2021-12-31,,,,,,2021,ShareBasedCompensation,False
936468,LOCKHEED MARTIN CORPORATION,238000000,0000936468-25-000009,2022-12-31,,,,,,2022,ShareBasedCompensation,False
936468,LOCKHEED MARTIN CORPORATION,265000000,0001628280-26-004195,2023-12-31,,,,,,2023,ShareBasedCompensation,False
936468,LOCKHEED MARTIN CORPORATION,277000000,0001628280-26-004195,2024-12-31,,,,,,2024,ShareBasedCompensation,False
936468,LOCKHEED MARTIN CORPORATION,304000000,0001628280-26-004195,2025-12-31,,,,,,2025,ShareBasedCompensation,False
940944,DARDEN RESTAURANTS INC,37300000,0000940944-18-000050,2016-05-29,,,,,,2015,ShareBasedCompensation,False
940944,DARDEN RESTAURANTS INC,40700000,0000940944-19-000025,2017-05-28,,,,,,2016,ShareBasedCompensation,False
940944,DARDEN RESTAURANTS INC,42800000,0000940944-20-000046,2018-05-27,,,,,,2017,ShareBasedCompensation,False
940944,DARDEN RESTAURANTS INC,59800000,0000940944-21-000041,2019-05-26,,,,,,2018,ShareBasedCompensation,False
940944,"DARDEN RESTAURANTS, INC.",53000000,0000940944-22-000042,2020-05-31,,,,,,2019,ShareBasedCompensation,False
940944,"DARDEN RESTAURANTS, INC.",72400000,0000940944-23-000037,2021-05-30,,,,,,2020,ShareBasedCompensation,False
940944,"DARDEN RESTAURANTS, INC.",60500000,0000940944-24-000035,2022-05-29,,,,,,2021,ShareBasedCompensation,False
940944,"DARDEN RESTAURANTS, INC.",67500000,0000940944-25-000038,2023-05-28,,,,,,2022,ShareBasedCompensation,False
940944,"DARDEN RESTAURANTS, INC.",68500000,0000940944-26-000025,2024-05-26,,,,,,2023,ShareBasedCompensation,False
940944,"DARDEN RESTAURANTS, INC.",79100000,0000940944-26-000025,2025-05-25,,,,,,2024,ShareBasedCompensation,False
940944,"DARDEN RESTAURANTS, INC.",79100000,0000940944-26-000025,2026-05-31,,,,,,2025,ShareBasedCompensation,False
943452,WESTINGHOUSE AIR BRAKE TECHNOLOGIES CORP,26019000,0001140361-18-038105,2015-12-31,,,,,,2015,ShareBasedCompensation,False
943452,WESTINGHOUSE AIR BRAKE TECHNOLOGIES CORP,20813000,0001628280-19-002095,2016-12-31,,,,,,2016,ShareBasedCompensation,False
943452,WESTINGHOUSE AIR BRAKE TECHNOLOGIES CORP,21300000,0001628280-20-002098,2017-12-31,,,,,,2017,ShareBasedCompensation,False
943452,WESTINGHOUSE AIR BRAKE TECHNOLOGIES CORP,25300000,0001628280-21-002557,2018-12-31,,,,,,2018,ShareBasedCompensation,False
943452,WESTINGHOUSE AIR BRAKE TECHNOLOGIES CORP,50000000,0001628280-22-002997,2019-12-31,,,,,,2019,ShareBasedCompensation,False
943452,WESTINGHOUSE AIR BRAKE TECHNOLOGIES CORPORATION,20000000,0001628280-23-003675,2020-12-31,,,,,,2020,ShareBasedCompensation,False
943452,WESTINGHOUSE AIR BRAKE TECHNOLOGIES CORPORATION,46000000,0001628280-24-004774,2021-12-31,,,,,,2021,ShareBasedCompensation,False
943452,WESTINGHOUSE AIR BRAKE TECHNOLOGIES CORPORATION,41000000,0001628280-25-005100,2022-12-31,,,,,,2022,ShareBasedCompensation,False
943452,WESTINGHOUSE AIR BRAKE TECHNOLOGIES CORPORATION,47000000,0001628280-26-008067,2023-12-31,,,,,,2023,ShareBasedCompensation,False
943452,WESTINGHOUSE AIR BRAKE TECHNOLOGIES CORPORATION,66000000,0001628280-26-008067,2024-12-31,,,,,,2024,ShareBasedCompensation,False
943452,WESTINGHOUSE AIR BRAKE TECHNOLOGIES CORPORATION,80000000,0001628280-26-008067,2025-12-31,,,,,,2025,ShareBasedCompensation,False
943819,ResMed Inc.,47855000,0001193125-17-248016,2015-06-30,,,,,,2015,ShareBasedCompensation,False
943819,ResMed Inc.,46408000,0000943819-18-000013,2016-06-30,,,,,,2016,ShareBasedCompensation,False
943819,ResMed Inc.,45925000,0000943819-19-000017,2017-06-30,,,,,,2017,ShareBasedCompensation,False
943819,ResMed Inc.,48412000,0000943819-20-000013,2018-06-30,,,,,,2018,ShareBasedCompensation,False
943819,RESMED INC,52073000,0000943819-21-000017,2019-06-30,,,,,,2019,ShareBasedCompensation,False
943819,RESMED INC,57559000,0000943819-22-000010,2020-06-30,,,,,,2020,ShareBasedCompensation,False
943819,ResMed Inc.,63927000,0000943819-23-000011,2021-06-30,,,,,,2021,ShareBasedCompensation,False
943819,ResMed Inc.,65257000,0000943819-24-000013,2022-06-30,,,,,,2022,ShareBasedCompensation,False
943819,ResMed Inc.,71142000,0000943819-25-000035,2023-06-30,,,,,,2023,ShareBasedCompensation,False
943819,ResMed Inc.,80184000,0000943819-26-000047,2024-06-30,,,,,,2024,ShareBasedCompensation,False
943819,ResMed Inc.,91661000,0000943819-26-000047,2025-06-30,,,,,,2025,ShareBasedCompensation,False
943819,ResMed Inc.,104348000,0000943819-26-000047,2026-06-30,,,,,,2026,ShareBasedCompensation,False
946581,"TAKE-TWO INTERACTIVE SOFTWARE, INC.",69996000,0001628280-18-006877,2016-03-31,,,,,,2015,ShareBasedCompensation,False
946581,"TAKE-TWO INTERACTIVE SOFTWARE, INC.",81879000,0001628280-19-006691,2017-03-31,,,,,,2016,ShareBasedCompensation,False
946581,"TAKE-TWO INTERACTIVE SOFTWARE, INC.",116349000,0001628280-20-008291,2018-03-31,,,,,,2017,ShareBasedCompensation,False
946581,"TAKE-TWO INTERACTIVE SOFTWARE, INC.",247700000,0001628280-21-010627,2019-03-31,,,,,,2018,ShareBasedCompensation,False
946581,"TAKE-TWO INTERACTIVE SOFTWARE, INC.",257881000,0001628280-22-014580,2020-03-31,,,,,,2019,ShareBasedCompensation,False
946581,"TAKE-TWO INTERACTIVE SOFTWARE, INC.",110500000,0001628280-23-019851,2021-03-31,,,,,,2020,ShareBasedCompensation,False
946581,"TAKE-TWO INTERACTIVE SOFTWARE, INC.",183000000,0001628280-24-024623,2022-03-31,,,,,,2021,ShareBasedCompensation,False
946581,"TAKE-TWO INTERACTIVE SOFTWARE, INC.",317800000,0001628280-25-026694,2023-03-31,,,,,,2022,ShareBasedCompensation,False
946581,"TAKE-TWO INTERACTIVE SOFTWARE, INC.",335600000,0001628280-26-037434,2024-03-31,,,,,,2023,ShareBasedCompensation,False
946581,"TAKE-TWO INTERACTIVE SOFTWARE, INC.",324000000,0001628280-26-037434,2025-03-31,,,,,,2024,ShareBasedCompensation,False
946581,"TAKE-TWO INTERACTIVE SOFTWARE, INC.",305300000,0001628280-26-037434,2026-03-31,,,,,,2025,ShareBasedCompensation,False
947484,Arch Capital Group Ltd.,56096000,0000947484-18-000012,2015-12-31,,,,,,2015,ShareBasedCompensation,False
947484,Arch Capital Group Ltd.,56581000,0000947484-19-000008,2016-12-31,,,,,,2016,ShareBasedCompensation,False
947484,Arch Capital Group Ltd.,67798000,0000947484-20-000012,2017-12-31,,,,,,2017,ShareBasedCompensation,False
947484,Arch Capital Group Ltd.,55776000,0000947484-21-000028,2018-12-31,,,,,,2018,ShareBasedCompensation,False
947484,ARCH CAPITAL GROUP LTD.,66417000,0000947484-22-000015,2019-12-31,,,,,,2019,ShareBasedCompensation,False
947484,ARCH CAPITAL GROUP LTD.,71262000,0000947484-23-000015,2020-12-31,,,,,,2020,ShareBasedCompensation,False
947484,Arch Capital Group Ltd.,88000000,0000947484-24-000020,2021-12-31,,,,,,2021,ShareBasedCompensation,False
947484,ARCH CAPITAL GROUP LTD.,88000000,0000947484-25-000017,2022-12-31,,,,,,2022,ShareBasedCompensation,False
947484,ARCH CAPITAL GROUP LTD.,93000000,0000947484-26-000017,2023-12-31,,,,,,2023,ShareBasedCompensation,False
947484,ARCH CAPITAL GROUP LTD.,133000000,0000947484-26-000017,2024-12-31,,,,,,2024,ShareBasedCompensation,False
947484,ARCH CAPITAL GROUP LTD.,148000000,0000947484-26-000017,2025-12-31,,,,,,2025,ShareBasedCompensation,False
1000228,HENRY SCHEIN INC,44614000,0001000228-18-000012,2015-12-26,,,,,,2015,ShareBasedCompensation,False
1000228,HENRY SCHEIN INC,58246000,0001000228-19-000015,2016-12-31,,,,,,2016,ShareBasedCompensation,False
1000228,HENRY SCHEIN INC,36845000,0001000228-20-000018,2017-12-30,,,,,,2017,ShareBasedCompensation,False
1000228,HENRY SCHEIN INC,32621000,0001000228-21-000019,2018-12-29,,,,,,2018,ShareBasedCompensation,False
1000228,HENRY SCHEIN INC,44920000,0001000228-22-000016,2019-12-28,,,,,,2019,ShareBasedCompensation,False
1000228,HENRY SCHEIN INC,9000000,0001000228-23-000011,2020-12-26,,,,,,2020,ShareBasedCompensation,False
1000228,HENRY SCHEIN INC,78000000,0001000228-24-000011,2021-12-25,,,,,,2021,ShareBasedCompensation,False
1000228,"HENRY SCHEIN, INC.",54000000,0001000228-25-000014,2022-12-31,,,,,,2022,ShareBasedCompensation,False
1000228,"HENRY SCHEIN, INC.",39000000,0001000228-26-000013,2023-12-30,,,,,,2023,ShareBasedCompensation,False
1000228,"HENRY SCHEIN, INC.",39000000,0001000228-26-000013,2024-12-28,,,,,,2024,ShareBasedCompensation,False
1000228,"HENRY SCHEIN, INC.",39000000,0001000228-26-000013,2025-12-27,,,,,,2025,ShareBasedCompensation,False
1000697,Waters Corporation,33368000,0001193125-18-060830,2015-12-31,,,,,,2015,ShareBasedCompensation,False
1000697,Waters Corporation,40998000,0001193125-19-060858,2016-12-31,,,,,,2016,ShareBasedCompensation,False
1000697,Waters Corporation,39436000,0001193125-20-048303,2017-12-31,,,,,,2017,ShareBasedCompensation,False
1000697,Waters Corporation,37541000,0001193125-21-054385,2018-12-31,,,,,,2018,ShareBasedCompensation,False
1000697,Waters Corporation,38577000,0001193125-22-051509,2019-12-31,,,,,,2019,ShareBasedCompensation,False
1000697,Waters Corporation,36865000,0001193125-23-050827,2020-12-31,,,,,,2020,ShareBasedCompensation,False
1000697,Waters Corporation,29918000,0001193125-24-047491,2021-12-31,,,,,,2021,ShareBasedCompensation,False
1000697,Waters Corporation,42564000,0001193125-25-034579,2022-12-31,,,,,,2022,ShareBasedCompensation,False
1000697,Waters Corporation,36868000,0001193125-26-062604,2023-12-31,,,,,,2023,ShareBasedCompensation,False
1000697,Waters Corporation,44709000,0001193125-26-062604,2024-12-31,,,,,,2024,ShareBasedCompensation,False
1000697,Waters Corporation,54127000,0001193125-26-062604,2025-12-31,,,,,,2025,ShareBasedCompensation,False
1001250,The Estee Lauder Companies Inc.,165000000,0001104659-17-053604,2015-06-30,,,,,,2015,ShareBasedCompensation,False
1001250,The Estee Lauder Companies Inc.,184000000,0001104659-18-053494,2016-06-30,,,,,,2016,ShareBasedCompensation,False
1001250,The Estee Lauder Companies Inc.,219000000,0001104659-19-047085,2017-06-30,,,,,,2017,ShareBasedCompensation,False
1001250,The Estee Lauder Companies Inc.,236000000,0001001250-20-000065,2018-06-30,,,,,,2018,ShareBasedCompensation,False
1001250,The Estee Lauder Companies Inc.,243000000,0001001250-21-000127,2019-06-30,,,,,,2019,ShareBasedCompensation,False
1001250,Estee Lauder Companies Inc,213000000,0001001250-22-000122,2020-06-30,,,,,,2020,ShareBasedCompensation,False
1001250,Estee Lauder Companies Inc,327000000,0001001250-23-000112,2021-06-30,,,,,,2021,ShareBasedCompensation,False
1001250,Estee Lauder Companies Inc,331000000,0001001250-24-000116,2022-06-30,,,,,,2022,ShareBasedCompensation,False
1001250,Estee Lauder Companies Inc,267000000,0001001250-25-000099,2023-06-30,,,,,,2023,ShareBasedCompensation,False
1001250,Estee Lauder Companies Inc,325000000,0001001250-26-000041,2024-06-30,,,,,,2024,ShareBasedCompensation,False
1001250,Estee Lauder Companies Inc,304000000,0001001250-26-000041,2025-06-30,,,,,,2025,ShareBasedCompensation,False
1001250,Estee Lauder Companies Inc,310000000,0001001250-26-000041,2026-06-30,,,,,,2026,ShareBasedCompensation,False
1002047,"NetApp, Inc.",260000000,0001564590-18-015820,2016-04-29,,,,,,2015,ShareBasedCompensation,False
1002047,"NetApp, Inc.",195000000,0001564590-19-022779,2017-04-28,,,,,,2016,ShareBasedCompensation,False
1002047,"NetApp, Inc.",161000000,0001564590-20-029349,2018-04-27,,,,,,2017,ShareBasedCompensation,False
1002047,"NetApp, Inc.",158000000,0001564590-21-033645,2019-04-26,,,,,,2018,ShareBasedCompensation,False
1002047,"NetApp, Inc.",153000000,0000950170-22-011708,2020-04-24,,,,,,2019,ShareBasedCompensation,False
1002047,"NetApp, Inc.",197000000,0000950170-23-027948,2021-04-30,,,,,,2020,ShareBasedCompensation,False
1002047,"NetApp, Inc.",245000000,0000950170-24-071327,2022-04-29,,,,,,2021,ShareBasedCompensation,False
1002047,"NetApp, Inc.",312000000,0000950170-25-083705,2023-04-28,,,,,,2022,ShareBasedCompensation,False
1002047,"NetApp, Inc.",357000000,0001193125-26-259683,2024-04-26,,,,,,2023,ShareBasedCompensation,False
1002047,"NetApp, Inc.",386000000,0001193125-26-259683,2025-04-25,,,,,,2024,ShareBasedCompensation,False
1002047,"NetApp, Inc.",382000000,0001193125-26-259683,2026-04-24,,,,,,2025,ShareBasedCompensation,False
1002910,AMEREN CORPORATION,24000000,0001002910-18-000069,2015-12-31,,,,,,2015,ShareBasedCompensation,False
1002910,AMEREN CORPORATION,17000000,0001002910-19-000094,2016-12-31,,,,,,2016,ShareBasedCompensation,False
1002910,AMEREN CORPORATION,17000000,0001002910-20-000077,2017-12-31,,,,,,2017,ShareBasedCompensation,False
1002910,AMEREN CORPORATION,20000000,0001002910-21-000065,2018-12-31,,,,,,2018,ShareBasedCompensation,False
1002910,Ameren Corporation,20000000,0001002910-22-000038,2019-12-31,,,,,,2019,ShareBasedCompensation,False
1002910,Ameren Corporation,21000000,0001002910-23-000053,2020-12-31,,,,,,2020,ShareBasedCompensation,False
1002910,Ameren Corporation,22000000,0001002910-24-000056,2021-12-31,,,,,,2021,ShareBasedCompensation,False
1002910,Ameren Corporation,24000000,0001002910-25-000055,2022-12-31,,,,,,2022,ShareBasedCompensation,False
1002910,Ameren Corporation,26000000,0001002910-26-000009,2023-12-31,,,,,,2023,ShareBasedCompensation,False
1002910,Ameren Corporation,28000000,0001002910-26-000009,2024-12-31,,,,,,2024,ShareBasedCompensation,False
1002910,Ameren Corporation,28000000,0001002910-26-000009,2025-12-31,,,,,,2025,ShareBasedCompensation,False
1013237,FactSet Research Systems Inc.,26371000,0001437749-17-017840,2015-08-31,,,,,,2015,ShareBasedCompensation,False
1013237,FactSet Research Systems Inc.,29793000,0001437749-18-019028,2016-08-31,,,,,,2016,ShareBasedCompensation,False
1013237,FactSet Research Systems Inc.,34183000,0001437749-19-020894,2017-08-31,,,,,,2017,ShareBasedCompensation,False
1013237,FactSet Research Systems Inc.,31516000,0001013237-20-000153,2018-08-31,,,,,,2018,ShareBasedCompensation,False
1013237,FactSet Research Systems Inc.,32400000,0001013237-21-000142,2019-08-31,,,,,,2019,ShareBasedCompensation,False
1013237,FACTSET RESEARCH SYSTEMS INC,36579000,0001013237-22-000159,2020-08-31,,,,,,2020,ShareBasedCompensation,False
1013237,FACTSET RESEARCH SYSTEMS INC,45065000,0001013237-23-000128,2021-08-31,,,,,,2021,ShareBasedCompensation,False
1013237,FACTSET RESEARCH SYSTEMS INC.,56003000,0001013237-24-000141,2022-08-31,,,,,,2022,ShareBasedCompensation,False
1013237,FACTSET RESEARCH SYSTEMS INC.,62038000,0001628280-25-045769,2023-08-31,,,,,,2023,ShareBasedCompensation,False
1013237,FACTSET RESEARCH SYSTEMS INC.,63501000,0001628280-25-045769,2024-08-31,,,,,,2024,ShareBasedCompensation,False
1013237,FACTSET RESEARCH SYSTEMS INC.,61229000,0001628280-25-045769,2025-08-31,,,,,,2025,ShareBasedCompensation,False
1013871,"NRG Energy, Inc",39000000,0001013871-18-000011,2015-12-31,,,,,,2015,ShareBasedCompensation,False
1013871,"NRG Energy, Inc",10000000,0001013871-19-000007,2016-12-31,,,,,,2016,ShareBasedCompensation,False
1013871,"NRG Energy, Inc",35000000,0001013871-20-000027,2017-12-31,,,,,,2017,ShareBasedCompensation,False
1013871,"NRG Energy, Inc",25000000,0001013871-21-000005,2018-12-31,,,,,,2018,ShareBasedCompensation,False
1013871,"NRG Energy, Inc",20000000,0001013871-22-000010,2019-12-31,,,,,,2019,ShareBasedCompensation,False
1013871,"NRG Energy, Inc",22000000,0001013871-23-000004,2020-12-31,,,,,,2020,ShareBasedCompensation,False
1013871,"NRG Energy, Inc",21000000,0001013871-24-000005,2021-12-31,,,,,,2021,ShareBasedCompensation,False
1013871,"NRG Energy, Inc",28000000,0001013871-25-000006,2022-12-31,,,,,,2022,ShareBasedCompensation,False
1013871,"NRG Energy, Inc",101000000,0001013871-26-000004,2023-12-31,,,,,,2023,ShareBasedCompensation,False
1013871,"NRG Energy, Inc",102000000,0001013871-26-000004,2024-12-31,,,,,,2024,ShareBasedCompensation,False
1013871,"NRG Energy, Inc",134000000,0001013871-26-000004,2025-12-31,,,,,,2025,ShareBasedCompensation,False
1014473,VERISIGN INC/CA,46075000,0001014473-18-000018,2015-12-31,,,,,,2015,ShareBasedCompensation,False
1014473,VERISIGN INC/CA,50044000,0001014473-19-000005,2016-12-31,,,,,,2016,ShareBasedCompensation,False
1014473,VERISIGN INC/CA,52907000,0001014473-20-000006,2017-12-31,,,,,,2017,ShareBasedCompensation,False
1014473,VERISIGN INC/CA,52504000,0001014473-21-000005,2018-12-31,,,,,,2018,ShareBasedCompensation,False
1014473,VERISIGN INC/CA,50626000,0001014473-22-000007,2019-12-31,,,,,,2019,ShareBasedCompensation,False
1014473,VERISIGN INC/CA,48200000,0001014473-23-000005,2020-12-31,,,,,,2020,ShareBasedCompensation,False
1014473,VERISIGN INC/CA,53400000,0001014473-24-000006,2021-12-31,,,,,,2021,ShareBasedCompensation,False
1014473,VERISIGN INC/CA,58600000,0001014473-25-000006,2022-12-31,,,,,,2022,ShareBasedCompensation,False
1014473,VERISIGN INC/CA,59700000,0001014473-26-000006,2023-12-31,,,,,,2023,ShareBasedCompensation,False
1014473,VERISIGN INC/CA,61100000,0001014473-26-000006,2024-12-31,,,,,,2024,ShareBasedCompensation,False
1014473,VERISIGN INC/CA,69700000,0001014473-26-000006,2025-12-31,,,,,,2025,ShareBasedCompensation,False
1018724,"AMAZON.COM, INC.",2119000000,0001018724-18-000005,2015-12-31,,,,,,2015,ShareBasedCompensation,False
1018724,"AMAZON.COM, INC.",2975000000,0001018724-19-000004,2016-12-31,,,,,,2016,ShareBasedCompensation,False
1018724,"AMAZON.COM, INC.",4215000000,0001018724-20-000004,2017-12-31,,,,,,2017,ShareBasedCompensation,False
1018724,"AMAZON.COM, INC.",5418000000,0001018724-21-000004,2018-12-31,,,,,,2018,ShareBasedCompensation,False
1018724,"AMAZON.COM, INC.",6864000000,0001018724-22-000005,2019-12-31,,,,,,2019,ShareBasedCompensation,False
1018724,"AMAZON.COM, INC.",9208000000,0001018724-23-000004,2020-12-31,,,,,,2020,ShareBasedCompensation,False
1018724,"AMAZON.COM, INC.",12757000000,0001018724-24-000008,2021-12-31,,,,,,2021,ShareBasedCompensation,False
1018724,"AMAZON.COM, INC.",19621000000,0001018724-25-000004,2022-12-31,,,,,,2022,ShareBasedCompensation,False
1018724,"AMAZON.COM, INC.",24023000000,0001018724-26-000004,2023-12-31,,,,,,2023,ShareBasedCompensation,False
1018724,"AMAZON.COM, INC.",22011000000,0001018724-26-000004,2024-12-31,,,,,,2024,ShareBasedCompensation,False
1018724,"AMAZON.COM, INC.",19467000000,0001018724-26-000004,2025-12-31,,,,,,2025,ShareBasedCompensation,False
1018724,"AMAZON.COM, INC.",19314000000,0001018724-26-000026,2026-06-30,,,,,,2026,ShareBasedCompensation,False
1020569,IRON MOUNTAIN INCORPORATED,27585000,0001020569-18-000006,2015-12-31,,,,,,2015,ShareBasedCompensation,False
1020569,IRON MOUNTAIN INCORPORATED,28976000,0001020569-19-000018,2016-12-31,,,,,,2016,ShareBasedCompensation,False
1020569,IRON MOUNTAIN INCORPORATED,30019000,0001020569-20-000029,2017-12-31,,,,,,2017,ShareBasedCompensation,False
1020569,IRON MOUNTAIN INCORPORATED,31167000,0001020569-21-000067,2018-12-31,,,,,,2018,ShareBasedCompensation,False
1020569,IRON MOUNTAIN INC,35654000,0001020569-22-000169,2019-12-31,,,,,,2019,ShareBasedCompensation,False
1020569,IRON MOUNTAIN INC,37674000,0001020569-23-000043,2020-12-31,,,,,,2020,ShareBasedCompensation,False
1020569,IRON MOUNTAIN INC,61001000,0001020569-24-000040,2021-12-31,,,,,,2021,ShareBasedCompensation,False
1020569,IRON MOUNTAIN INC,56861000,0001020569-25-000040,2022-12-31,,,,,,2022,ShareBasedCompensation,False
1020569,IRON MOUNTAIN INC,73799000,0001020569-26-000013,2023-12-31,,,,,,2023,ShareBasedCompensation,False
1020569,IRON MOUNTAIN INC,118138000,0001020569-26-000013,2024-12-31,,,,,,2024,ShareBasedCompensation,False
1020569,IRON MOUNTAIN INC,140280000,0001020569-26-000013,2025-12-31,,,,,,2025,ShareBasedCompensation,False
1022079,Quest Diagnostics Incorporated,52000000,0001022079-18-000038,2015-12-31,,,,,,2015,ShareBasedCompensation,False
1022079,Quest Diagnostics Incorporated,69000000,0001022079-19-000030,2016-12-31,,,,,,2016,ShareBasedCompensation,False
1022079,Quest Diagnostics Incorporated,79000000,0001022079-20-000017,2017-12-31,,,,,,2017,ShareBasedCompensation,False
1022079,Quest Diagnostics Incorporated,61000000,0001022079-21-000029,2018-12-31,,,,,,2018,ShareBasedCompensation,False
1022079,Quest Diagnostics Inc,56000000,0001022079-22-000027,2019-12-31,,,,,,2019,ShareBasedCompensation,False
1022079,Quest Diagnostics Inc,97000000,0001022079-23-000018,2020-12-31,,,,,,2020,ShareBasedCompensation,False
1022079,Quest Diagnostics Inc,79000000,0001022079-24-000041,2021-12-31,,,,,,2021,ShareBasedCompensation,False
1022079,Quest Diagnostics Inc,77000000,0001022079-25-000044,2022-12-31,,,,,,2022,ShareBasedCompensation,False
1022079,Quest Diagnostics Inc,77000000,0001022079-26-000015,2023-12-31,,,,,,2023,ShareBasedCompensation,False
1022079,Quest Diagnostics Inc,88000000,0001022079-26-000015,2024-12-31,,,,,,2024,ShareBasedCompensation,False
1022079,Quest Diagnostics Inc,88000000,0001022079-26-000015,2025-12-31,,,,,,2025,ShareBasedCompensation,False
1022671,"STEEL DYNAMICS, INC.",30181000,0001144204-18-011155,2015-12-31,,,,,,2015,ShareBasedCompensation,False
1022671,"STEEL DYNAMICS, INC.",31656000,0001144204-19-010579,2016-12-31,,,,,,2016,ShareBasedCompensation,False
1022671,"STEEL DYNAMICS, INC.",36197000,0001558370-20-001641,2017-12-31,,,,,,2017,ShareBasedCompensation,False
1022671,"STEEL DYNAMICS, INC.",43317000,0001558370-21-002129,2018-12-31,,,,,,2018,ShareBasedCompensation,False
1022671,"Steel Dynamics, Inc.",47631000,0001558370-22-002377,2019-12-31,,,,,,2019,ShareBasedCompensation,False
1022671,"Steel Dynamics, Inc.",55598000,0001558370-23-002303,2020-12-31,,,,,,2020,ShareBasedCompensation,False
1022671,"Steel Dynamics, Inc.",57715000,0001558370-24-002152,2021-12-31,,,,,,2021,ShareBasedCompensation,False
1022671,"Steel Dynamics, Inc.",59240000,0001558370-25-001886,2022-12-31,,,,,,2022,ShareBasedCompensation,False
1022671,"Steel Dynamics, Inc.",61744000,0001104659-26-021395,2023-12-31,,,,,,2023,ShareBasedCompensation,False
1022671,"Steel Dynamics, Inc.",66589000,0001104659-26-021395,2024-12-31,,,,,,2024,ShareBasedCompensation,False
1022671,"Steel Dynamics, Inc.",68983000,0001104659-26-021395,2025-12-31,,,,,,2025,ShareBasedCompensation,False
1024478,"Rockwell Automation, Inc.",41500000,0001024478-17-000034,2015-09-30,,,,,,2015,ShareBasedCompensation,False
1024478,"Rockwell Automation, Inc.",40500000,0001024478-18-000032,2016-09-30,,,,,,2016,ShareBasedCompensation,False
1024478,"Rockwell Automation, Inc.",38500000,0001024478-19-000044,2017-09-30,,,,,,2017,ShareBasedCompensation,False
1024478,"Rockwell Automation, Inc.",38500000,0001024478-20-000038,2018-09-30,,,,,,2018,ShareBasedCompensation,False
1024478,"ROCKWELL AUTOMATION, INC",43100000,0001024478-21-000083,2019-09-30,,,,,,2019,ShareBasedCompensation,False
1024478,"Rockwell Automation, Inc",46100000,0001024478-22-000093,2020-09-30,,,,,,2020,ShareBasedCompensation,False
1024478,"Rockwell Automation, Inc",51700000,0001024478-23-000126,2021-09-30,,,,,,2021,ShareBasedCompensation,False
1024478,"Rockwell Automation, Inc",68100000,0001024478-24-000107,2022-09-30,,,,,,2022,ShareBasedCompensation,False
1024478,"Rockwell Automation, Inc",88000000,0001024478-25-000116,2023-09-30,,,,,,2023,ShareBasedCompensation,False
1024478,"Rockwell Automation, Inc",100000000,0001024478-25-000116,2024-09-30,,,,,,2024,ShareBasedCompensation,False
1024478,"Rockwell Automation, Inc",85000000,0001024478-25-000116,2025-09-30,,,,,,2025,ShareBasedCompensation,False
1032208,SEMPRA,52000000,0000086521-19-000014,2016-12-31,,,,,,2016,ShareBasedCompensation,False
1032208,SEMPRA,82000000,0001032208-20-000006,2017-12-31,,,,,,2017,ShareBasedCompensation,False
1032208,SEMPRA,83000000,0001032208-21-000007,2018-12-31,,,,,,2018,ShareBasedCompensation,False
1032208,SEMPRA ENERGY,75000000,0001032208-22-000007,2019-12-31,,,,,,2019,ShareBasedCompensation,False
1032208,SEMPRA ENERGY,71000000,0001032208-23-000008,2020-12-31,,,,,,2020,ShareBasedCompensation,False
1032208,SEMPRA,63000000,0001032208-24-000007,2021-12-31,,,,,,2021,ShareBasedCompensation,False
1032208,SEMPRA,71000000,0001032208-25-000012,2022-12-31,,,,,,2022,ShareBasedCompensation,False
1032208,SEMPRA,80000000,0001032208-26-000010,2023-12-31,,,,,,2023,ShareBasedCompensation,False
1032208,SEMPRA,86000000,0001032208-26-000010,2024-12-31,,,,,,2024,ShareBasedCompensation,False
1032208,SEMPRA,64000000,0001032208-26-000010,2025-12-31,,,,,,2025,ShareBasedCompensation,False
1034054,SBA COMMUNICATIONS CORPORATION,28747000,0001034054-18-000003,2015-12-31,,,,,,2015,ShareBasedCompensation,False
1034054,SBA COMMUNICATIONS CORPORATION,32915000,0001034054-19-000002,2016-12-31,,,,,,2016,ShareBasedCompensation,False
1034054,SBA COMMUNICATIONS CORPORATION,38249000,0001034054-20-000003,2017-12-31,,,,,,2017,ShareBasedCompensation,False
1034054,SBA COMMUNICATIONS CORPORATION,42327000,0001034054-21-000003,2018-12-31,,,,,,2018,ShareBasedCompensation,False
1034054,SBA COMMUNICATIONS CORPORATION,73214000,0001034054-22-000002,2019-12-31,,,,,,2019,ShareBasedCompensation,False
1034054,SBA COMMUNICATIONS CORPORATION,68890000,0001034054-23-000002,2020-12-31,,,,,,2020,ShareBasedCompensation,False
1034054,SBA COMMUNICATIONS CORPORATION,84402000,0001034054-24-000002,2021-12-31,,,,,,2021,ShareBasedCompensation,False
1034054,SBA COMMUNICATIONS CORPORATION,99909000,0001034054-25-000002,2022-12-31,,,,,,2022,ShareBasedCompensation,False
1034054,SBA COMMUNICATIONS CORPORATION,87919000,0001034054-26-000002,2023-12-31,,,,,,2023,ShareBasedCompensation,False
1034054,SBA COMMUNICATIONS CORPORATION,74374000,0001034054-26-000002,2024-12-31,,,,,,2024,ShareBasedCompensation,False
1034054,SBA COMMUNICATIONS CORPORATION,75734000,0001034054-26-000002,2025-12-31,,,,,,2025,ShareBasedCompensation,False
1035002,VALERO ENERGY CORP/TX,59000000,0001035002-18-000010,2015-12-31,,,,,,2015,ShareBasedCompensation,False
1035002,VALERO ENERGY CORP/TX,68000000,0001035002-19-000008,2016-12-31,,,,,,2016,ShareBasedCompensation,False
1035002,VALERO ENERGY CORP/TX,77000000,0001035002-20-000007,2017-12-31,,,,,,2017,ShareBasedCompensation,False
1035002,VALERO ENERGY CORP/TX,86000000,0001035002-21-000051,2018-12-31,,,,,,2018,ShareBasedCompensation,False
1035002,VALERO ENERGY CORP/TX,89000000,0001035002-22-000007,2019-12-31,,,,,,2019,ShareBasedCompensation,False
1035002,VALERO ENERGY CORP/TX,80000000,0001035002-23-000027,2020-12-31,,,,,,2020,ShareBasedCompensation,False
1035002,VALERO ENERGY CORP/TX,88000000,0001035002-24-000007,2021-12-31,,,,,,2021,ShareBasedCompensation,False
1035002,VALERO ENERGY CORP/TX,103000000,0001035002-25-000005,2022-12-31,,,,,,2022,ShareBasedCompensation,False
1035002,VALERO ENERGY CORP/TX,107000000,0001628280-26-011499,2023-12-31,,,,,,2023,ShareBasedCompensation,False
1035002,VALERO ENERGY CORP/TX,100000000,0001628280-26-011499,2024-12-31,,,,,,2024,ShareBasedCompensation,False
1035002,VALERO ENERGY CORP/TX,117000000,0001628280-26-011499,2025-12-31,,,,,,2025,ShareBasedCompensation,False
1035267,"Intuitive Surgical, Inc.",167900000,0001035267-18-000013,2015-12-31,,,,,,2015,ShareBasedCompensation,False
1035267,"Intuitive Surgical, Inc.",177600000,0001035267-19-000012,2016-12-31,,,,,,2016,ShareBasedCompensation,False
1035267,"Intuitive Surgical, Inc.",209100000,0001035267-20-000032,2017-12-31,,,,,,2017,ShareBasedCompensation,False
1035267,"Intuitive Surgical, Inc.",261200000,0001035267-21-000028,2018-12-31,,,,,,2018,ShareBasedCompensation,False
1035267,"Intuitive Surgical, Inc.",335800000,0001035267-22-000014,2019-12-31,,,,,,2019,ShareBasedCompensation,False
1035267,"Intuitive Surgical, Inc.",395400000,0001035267-23-000019,2020-12-31,,,,,,2020,ShareBasedCompensation,False
1035267,"Intuitive Surgical, Inc.",449200000,0001035267-24-000021,2021-12-31,,,,,,2021,ShareBasedCompensation,False
1035267,"Intuitive Surgical, Inc.",513200000,0001035267-25-000017,2022-12-31,,,,,,2022,ShareBasedCompensation,False
1035267,"Intuitive Surgical, Inc.",592800000,0001035267-26-000010,2023-12-31,,,,,,2023,ShareBasedCompensation,False
1035267,"Intuitive Surgical, Inc.",676800000,0001035267-26-000010,2024-12-31,,,,,,2024,ShareBasedCompensation,False
1035267,"Intuitive Surgical, Inc.",788200000,0001035267-26-000010,2025-12-31,,,,,,2025,ShareBasedCompensation,False
1035443,"ALEXANDRIA REAL ESTATE EQUITIES, INC.",17512000,0001035443-18-000028,2015-12-31,,,,,,2015,ShareBasedCompensation,False
1035443,"ALEXANDRIA REAL ESTATE EQUITIES, INC.",25433000,0001035443-19-000041,2016-12-31,,,,,,2016,ShareBasedCompensation,False
1035443,"ALEXANDRIA REAL ESTATE EQUITIES, INC.",25610000,0001035443-20-000042,2017-12-31,,,,,,2017,ShareBasedCompensation,False
1035443,"ALEXANDRIA REAL ESTATE EQUITIES, INC.",35019000,0001035443-21-000044,2018-12-31,,,,,,2018,ShareBasedCompensation,False
1035443,"ALEXANDRIA REAL ESTATE EQUITIES, INC.",43640000,0001035443-22-000040,2019-12-31,,,,,,2019,ShareBasedCompensation,False
1035443,"ALEXANDRIA REAL ESTATE EQUITIES, INC.",43502000,0001035443-23-000099,2020-12-31,,,,,,2020,ShareBasedCompensation,False
1035443,"ALEXANDRIA REAL ESTATE EQUITIES, INC.",48669000,0001035443-24-000072,2021-12-31,,,,,,2021,ShareBasedCompensation,False
1035443,"ALEXANDRIA REAL ESTATE EQUITIES, INC.",57740000,0001035443-25-000067,2022-12-31,,,,,,2022,ShareBasedCompensation,False
1035443,"ALEXANDRIA REAL ESTATE EQUITIES, INC.",82858000,0001035443-26-000013,2023-12-31,,,,,,2023,ShareBasedCompensation,False
1035443,"ALEXANDRIA REAL ESTATE EQUITIES, INC.",59634000,0001035443-26-000013,2024-12-31,,,,,,2024,ShareBasedCompensation,False
1035443,"ALEXANDRIA REAL ESTATE EQUITIES, INC.",41119000,0001035443-26-000013,2025-12-31,,,,,,2025,ShareBasedCompensation,False
1035983,"Comfort Systems USA, Inc.",5609000,0001558370-18-000936,2015-12-31,,,,,,2015,ShareBasedCompensation,False
1035983,"Comfort Systems USA, Inc.",5041000,0001558370-19-000857,2016-12-31,,,,,,2016,ShareBasedCompensation,False
1035983,"Comfort Systems USA, Inc.",6377000,0001558370-20-001491,2017-12-31,,,,,,2017,ShareBasedCompensation,False
1035983,"Comfort Systems USA, Inc.",7161000,0001558370-21-001828,2018-12-31,,,,,,2018,ShareBasedCompensation,False
1035983,"Comfort Systems USA, Inc.",5878000,0001558370-22-001753,2019-12-31,,,,,,2019,ShareBasedCompensation,False
1035983,"Comfort Systems USA, Inc.",6934000,0001558370-23-001757,2020-12-31,,,,,,2020,ShareBasedCompensation,False
1035983,"Comfort Systems USA, Inc.",10593000,0001558370-24-001529,2021-12-31,,,,,,2021,ShareBasedCompensation,False
1035983,"Comfort Systems USA, Inc.",10532000,0001558370-25-001222,2022-12-31,,,,,,2022,ShareBasedCompensation,False
1035983,"Comfort Systems USA, Inc.",12939000,0001104659-26-017530,2023-12-31,,,,,,2023,ShareBasedCompensation,False
1035983,"Comfort Systems USA, Inc.",16646000,0001104659-26-017530,2024-12-31,,,,,,2024,ShareBasedCompensation,False
1035983,"Comfort Systems USA, Inc.",21809000,0001104659-26-017530,2025-12-31,,,,,,2025,ShareBasedCompensation,False
1037038,Ralph Lauren Corporation,97000000,0001037038-18-000007,2016-04-02,,,,,,2015,ShareBasedCompensation,False
1037038,Ralph Lauren Corporation,63600000,0001037038-19-000005,2017-04-01,,,,,,2016,ShareBasedCompensation,False
1037038,Ralph Lauren Corporation,74500000,0001037038-20-000014,2018-03-31,,,,,,2017,ShareBasedCompensation,False
1037038,Ralph Lauren Corporation,88600000,0001037038-21-000022,2019-03-30,,,,,,2018,ShareBasedCompensation,False
1037038,RALPH LAUREN CORPORATION,100600000,0001037038-22-000014,2020-03-28,,,,,,2019,ShareBasedCompensation,False
1037038,RALPH LAUREN CORPORATION,72700000,0001037038-23-000015,2021-03-27,,,,,,2020,ShareBasedCompensation,False
1037038,RALPH LAUREN CORPORATION,81700000,0001037038-24-000014,2022-04-02,,,,,,2021,ShareBasedCompensation,False
1037038,RALPH LAUREN CORPORATION,75500000,0001037038-25-000011,2023-04-01,,,,,,2022,ShareBasedCompensation,False
1037038,RALPH LAUREN CORPORATION,99500000,0001628280-26-037074,2024-03-30,,,,,,2023,ShareBasedCompensation,False
1037038,RALPH LAUREN CORPORATION,107900000,0001628280-26-037074,2025-03-29,,,,,,2024,ShareBasedCompensation,False
1037038,RALPH LAUREN CORPORATION,111000000,0001628280-26-037074,2026-03-28,,,,,,2025,ShareBasedCompensation,False
1037540,"BXP, INC.",29183000,0001656423-18-000004,2015-12-31,,,,,,2015,ShareBasedCompensation,False
1037540,"BXP, INC.",32911000,0001656423-19-000006,2016-12-31,,,,,,2016,ShareBasedCompensation,False
1037540,"BXP, INC.",35361000,0001656423-20-000007,2017-12-31,,,,,,2017,ShareBasedCompensation,False
1037540,"BXP, INC.",40117000,0001656423-21-000006,2018-12-31,,,,,,2018,ShareBasedCompensation,False
1037540,"BOSTON PROPERTIES, INC.",40958000,0001656423-22-000013,2019-12-31,,,,,,2019,ShareBasedCompensation,False
1037540,"BOSTON PROPERTIES, INC.",44142000,0001656423-23-000013,2020-12-31,,,,,,2020,ShareBasedCompensation,False
1037540,"BOSTON PROPERTIES, INC.",50860000,0001656423-24-000007,2021-12-31,,,,,,2021,ShareBasedCompensation,False
1037540,"BXP, INC.",52026000,0001656423-25-000009,2022-12-31,,,,,,2022,ShareBasedCompensation,False
1037540,"BXP, INC.",51478000,0001037540-26-000006,2023-12-31,,,,,,2023,ShareBasedCompensation,False
1037540,"BXP, INC.",43949000,0001037540-26-000006,2024-12-31,,,,,,2024,ShareBasedCompensation,False
1037540,"BXP, INC.",44334000,0001037540-26-000006,2025-12-31,,,,,,2025,ShareBasedCompensation,False
1037646,Mettler-Toledo International Inc.,14223000,0001037646-18-000006,2015-12-31,,,,,,2015,ShareBasedCompensation,False
1037646,Mettler-Toledo International Inc.,15306000,0001037646-19-000010,2016-12-31,,,,,,2016,ShareBasedCompensation,False
1037646,Mettler-Toledo International Inc.,16582000,0001037646-20-000005,2017-12-31,,,,,,2017,ShareBasedCompensation,False
1037646,Mettler-Toledo International Inc.,17579000,0001037646-21-000008,2018-12-31,,,,,,2018,ShareBasedCompensation,False
1037646,Mettler-Toledo International Inc.,18285000,0001037646-22-000008,2019-12-31,,,,,,2019,ShareBasedCompensation,False
1037646,Mettler-Toledo International Inc.,18687000,0001037646-23-000005,2020-12-31,,,,,,2020,ShareBasedCompensation,False
1037646,Mettler-Toledo International Inc.,19595000,0001037646-24-000007,2021-12-31,,,,,,2021,ShareBasedCompensation,False
1037646,Mettler-Toledo International Inc.,19661000,0001037646-25-000012,2022-12-31,,,,,,2022,ShareBasedCompensation,False
1037646,Mettler-Toledo International Inc.,17928000,0001037646-26-000011,2023-12-31,,,,,,2023,ShareBasedCompensation,False
1037646,Mettler-Toledo International Inc.,19979000,0001037646-26-000011,2024-12-31,,,,,,2024,ShareBasedCompensation,False
1037646,Mettler-Toledo International Inc.,22512000,0001037646-26-000011,2025-12-31,,,,,,2025,ShareBasedCompensation,False
1037868,"AMETEK, Inc.",23762000,0001193125-18-053631,2015-12-31,,,,,,2015,ShareBasedCompensation,False
1037868,"AMETEK, Inc.",22030000,0001193125-19-046947,2016-12-31,,,,,,2016,ShareBasedCompensation,False
1037868,"AMETEK, Inc.",25091000,0001193125-20-043133,2017-12-31,,,,,,2017,ShareBasedCompensation,False
1037868,"AMETEK, Inc.",27315000,0001037868-21-000007,2018-12-31,,,,,,2018,ShareBasedCompensation,False
1037868,"AMETEK, Inc.",40394000,0001037868-22-000009,2019-12-31,,,,,,2019,ShareBasedCompensation,False
1037868,"AMETEK, Inc.",41565000,0001037868-23-000012,2020-12-31,,,,,,2020,ShareBasedCompensation,False
1037868,"AMETEK, Inc.",46103000,0001037868-24-000009,2021-12-31,,,,,,2021,ShareBasedCompensation,False
1037868,"AMETEK, Inc.",47375000,0001037868-25-000012,2022-12-31,,,,,,2022,ShareBasedCompensation,False
1037868,"AMETEK, Inc.",46199000,0001037868-26-000016,2023-12-31,,,,,,2023,ShareBasedCompensation,False
1037868,"AMETEK, Inc.",47863000,0001037868-26-000016,2024-12-31,,,,,,2024,ShareBasedCompensation,False
1037868,"AMETEK, Inc.",47767000,0001037868-26-000016,2025-12-31,,,,,,2025,ShareBasedCompensation,False
1039684,"ONEOK, Inc.",16435000,0001039684-18-000021,2015-12-31,,,,,,2015,ShareBasedCompensation,False
1039684,"ONEOK, Inc.",40563000,0001039684-19-000016,2016-12-31,,,,,,2016,ShareBasedCompensation,False
1039684,"ONEOK, Inc.",26262000,0001039684-20-000012,2017-12-31,,,,,,2017,ShareBasedCompensation,False
1039684,"ONEOK, Inc.",31664000,0001039684-20-000012,2018-12-31,,,,,,2018,ShareBasedCompensation,False
1039684,"ONEOK, Inc.",37147000,0001039684-20-000012,2019-12-31,,,,,,2019,ShareBasedCompensation,False
1041061,"YUM! BRANDS, INC.",57000000,0001041061-16-000056,2015-12-26,,,,,,2015,ShareBasedCompensation,False
1041061,"YUM! BRANDS, INC.",65000000,0001041061-20-000015,2017-12-31,,,,,,2017,ShareBasedCompensation,False
1041061,"YUM! BRANDS, INC.",50000000,0001041061-21-000012,2018-12-31,,,,,,2018,ShareBasedCompensation,False
1041061,"YUM! BRANDS, INC.",59000000,0001041061-22-000009,2019-12-31,,,,,,2019,ShareBasedCompensation,False
1041061,"YUM! BRANDS, INC.",97000000,0001041061-23-000009,2020-12-31,,,,,,2020,ShareBasedCompensation,False
1041061,"YUM! BRANDS, INC.",75000000,0001041061-24-000011,2021-12-31,,,,,,2021,ShareBasedCompensation,False
1041061,"YUM! BRANDS, INC.",84000000,0001041061-25-000013,2022-12-31,,,,,,2022,ShareBasedCompensation,False
1041061,"YUM! BRANDS, INC.",95000000,0001041061-26-000084,2023-12-31,,,,,,2023,ShareBasedCompensation,False
1041061,"YUM! BRANDS, INC.",69000000,0001041061-26-000084,2024-12-31,,,,,,2024,ShareBasedCompensation,False
1041061,"YUM! BRANDS, INC.",70000000,0001041061-26-000084,2025-12-31,,,,,,2025,ShareBasedCompensation,False
1043277,"C.H. ROBINSON WORLDWIDE, INC.",57661000,0001043277-18-000007,2015-12-31,,,,,,2015,ShareBasedCompensation,False
1043277,"C.H. ROBINSON WORLDWIDE, INC.",37565000,0001043277-19-000006,2016-12-31,,,,,,2016,ShareBasedCompensation,False
1043277,"C.H. ROBINSON WORLDWIDE, INC.",41805000,0001043277-20-000016,2017-12-31,,,,,,2017,ShareBasedCompensation,False
1043277,"C.H. ROBINSON WORLDWIDE, INC.",87791000,0001043277-21-000009,2018-12-31,,,,,,2018,ShareBasedCompensation,False
1043277,"C.H. ROBINSON WORLDWIDE, INC.",39083000,0001043277-22-000006,2019-12-31,,,,,,2019,ShareBasedCompensation,False
1043277,"C.H. ROBINSON WORLDWIDE, INC.",43995000,0001043277-23-000005,2020-12-31,,,,,,2020,ShareBasedCompensation,False
1043277,"C.H. ROBINSON WORLDWIDE, INC.",129977000,0001043277-24-000011,2021-12-31,,,,,,2021,ShareBasedCompensation,False
1043277,"C.H. ROBINSON WORLDWIDE, INC.",90677000,0001043277-25-000012,2022-12-31,,,,,,2022,ShareBasedCompensation,False
1043277,"C.H. ROBINSON WORLDWIDE, INC.",58169000,0001043277-26-000009,2023-12-31,,,,,,2023,ShareBasedCompensation,False
1043277,"C.H. ROBINSON WORLDWIDE, INC.",84590000,0001043277-26-000009,2024-12-31,,,,,,2024,ShareBasedCompensation,False
1043277,"C.H. ROBINSON WORLDWIDE, INC.",80070000,0001043277-26-000009,2025-12-31,,,,,,2025,ShareBasedCompensation,False
1045609,"PROLOGIS, INC.",53665000,0001564590-18-002228,2015-12-31,,,,,,2015,ShareBasedCompensation,False
1045609,"PROLOGIS, INC.",60341000,0001564590-19-002872,2016-12-31,,,,,,2016,ShareBasedCompensation,False
1045609,"PROLOGIS, INC.",76640000,0001564590-20-004096,2017-12-31,,,,,,2017,ShareBasedCompensation,False
1045609,"PROLOGIS, INC.",76093000,0001564590-21-005312,2018-12-31,,,,,,2018,ShareBasedCompensation,False
1045609,"Prologis, Inc.",97557000,0001564590-22-004436,2019-12-31,,,,,,2019,ShareBasedCompensation,False
1045609,"Prologis, Inc.",109831000,0001564590-23-001902,2020-12-31,,,,,,2020,ShareBasedCompensation,False
1045609,"Prologis, Inc.",113028000,0000950170-24-014539,2021-12-31,,,,,,2021,ShareBasedCompensation,False
1045609,"Prologis, Inc.",175356000,0000950170-25-021272,2022-12-31,,,,,,2022,ShareBasedCompensation,False
1045609,"Prologis, Inc.",267648000,0001193125-26-051453,2023-12-31,,,,,,2023,ShareBasedCompensation,False
1045609,"Prologis, Inc.",231747000,0001193125-26-051453,2024-12-31,,,,,,2024,ShareBasedCompensation,False
1045609,"Prologis, Inc.",185466000,0001193125-26-051453,2025-12-31,,,,,,2025,ShareBasedCompensation,False
1045810,NVIDIA CORP,204000000,0001045810-18-000010,2016-01-31,,,,,,2015,ShareBasedCompensation,False
1045810,NVIDIA CORP,247000000,0001045810-19-000023,2017-01-29,,,,,,2016,ShareBasedCompensation,False
1045810,NVIDIA CORP,391000000,0001045810-20-000010,2018-01-28,,,,,,2017,ShareBasedCompensation,False
1045810,NVIDIA CORP,557000000,0001045810-21-000010,2019-01-27,,,,,,2018,ShareBasedCompensation,False
1045810,NVIDIA CORP,844000000,0001045810-22-000036,2020-01-26,,,,,,2019,ShareBasedCompensation,False
1045810,NVIDIA CORP,1397000000,0001045810-23-000017,2021-01-31,,,,,,2020,ShareBasedCompensation,False
1045810,NVIDIA CORP,2004000000,0001045810-24-000029,2022-01-30,,,,,,2021,ShareBasedCompensation,False
1045810,NVIDIA CORP,2709000000,0001045810-25-000023,2023-01-29,,,,,,2022,ShareBasedCompensation,False
1045810,NVIDIA CORP,3549000000,0001045810-26-000021,2024-01-28,,,,,,2023,ShareBasedCompensation,False
1045810,NVIDIA CORP,4737000000,0001045810-26-000021,2025-01-26,,,,,,2024,ShareBasedCompensation,False
1045810,NVIDIA CORP,6386000000,0001045810-26-000021,2026-01-25,,,,,,2025,ShareBasedCompensation,False
1048286,MARRIOTT INTERNATIONAL INC /MD/,113000000,0001628280-18-001756,2015-12-31,,,,,,2015,ShareBasedCompensation,False
1048286,MARRIOTT INTERNATIONAL INC /MD/,212000000,0001628280-19-002337,2016-12-31,,,,,,2016,ShareBasedCompensation,False
1048286,MARRIOTT INTERNATIONAL INC /MD/,181000000,0001628280-20-002376,2017-12-31,,,,,,2017,ShareBasedCompensation,False
1048286,MARRIOTT INTERNATIONAL INC /MD/,184000000,0001628280-21-002433,2018-12-31,,,,,,2018,ShareBasedCompensation,False
1048286,MARRIOTT INTERNATIONAL INC /MD/,187000000,0001628280-22-002666,2019-12-31,,,,,,2019,ShareBasedCompensation,False
1048286,MARRIOTT INTERNATIONAL INC /MD/,201000000,0001628280-23-003485,2020-12-31,,,,,,2020,ShareBasedCompensation,False
1048286,MARRIOTT INTERNATIONAL INC /MD/,182000000,0001628280-24-004372,2021-12-31,,,,,,2021,ShareBasedCompensation,False
1048286,MARRIOTT INTERNATIONAL INC /MD/,192000000,0001628280-25-004818,2022-12-31,,,,,,2022,ShareBasedCompensation,False
1048286,MARRIOTT INTERNATIONAL INC /MD/,205000000,0001048286-26-000007,2023-12-31,,,,,,2023,ShareBasedCompensation,False
1048286,MARRIOTT INTERNATIONAL INC /MD/,237000000,0001048286-26-000007,2024-12-31,,,,,,2024,ShareBasedCompensation,False
1048286,MARRIOTT INTERNATIONAL INC /MD/,236000000,0001048286-26-000007,2025-12-31,,,,,,2025,ShareBasedCompensation,False
1048695,"F5, Inc.",145553000,0001048695-17-000028,2015-09-30,,,,,,2015,ShareBasedCompensation,False
1048695,"F5, Inc.",156760000,0001048695-18-000031,2016-09-30,,,,,,2016,ShareBasedCompensation,False
1048695,"F5, Inc.",175326000,0001048695-19-000034,2017-09-30,,,,,,2017,ShareBasedCompensation,False
1048695,"F5, Inc.",157855000,0001048695-20-000041,2018-09-30,,,,,,2018,ShareBasedCompensation,False
1048695,"F5, Inc.",162914000,0001048695-21-000044,2019-09-30,,,,,,2019,ShareBasedCompensation,False
1048695,"F5, Inc.",201948000,0001048695-22-000033,2020-09-30,,,,,,2020,ShareBasedCompensation,False
1048695,"F5, Inc.",243279000,0001048695-23-000039,2021-09-30,,,,,,2021,ShareBasedCompensation,False
1048695,"F5, Inc.",249216000,0001048695-24-000185,2022-09-30,,,,,,2022,ShareBasedCompensation,False
1048695,"F5, Inc.",236650000,0001048695-25-000157,2023-09-30,,,,,,2023,ShareBasedCompensation,False
1048695,"F5, Inc.",219108000,0001048695-25-000157,2024-09-30,,,,,,2024,ShareBasedCompensation,False
1048695,"F5, Inc.",231491000,0001048695-25-000157,2025-09-30,,,,,,2025,ShareBasedCompensation,False
1048911,FedEx Corporation,144000000,0001564590-18-016877,2016-05-31,,,,,,2015,ShareBasedCompensation,False
1048911,FedEx Corporation,154000000,0001564590-19-025065,2017-05-31,,,,,,2016,ShareBasedCompensation,False
1048911,FedEx Corporation,167000000,0001564590-20-032775,2018-05-31,,,,,,2017,ShareBasedCompensation,False
1048911,FedEx Corporation,174000000,0001564590-21-037031,2019-05-31,,,,,,2018,ShareBasedCompensation,False
1048911,FedEx Corporation,168000000,0000950170-22-012762,2020-05-31,,,,,,2019,ShareBasedCompensation,False
1048911,FedEx Corporation,200000000,0000950170-23-033201,2021-05-31,,,,,,2020,ShareBasedCompensation,False
1048911,FedEx Corporation,190000000,0000950170-24-083577,2022-05-31,,,,,,2021,ShareBasedCompensation,False
1048911,FedEx Corporation,182000000,0001048911-25-000011,2023-05-31,,,,,,2022,ShareBasedCompensation,False
1048911,FedEx Corporation,163000000,0001048911-26-000105,2024-05-31,,,,,,2023,ShareBasedCompensation,False
1048911,FedEx Corporation,154000000,0001048911-26-000105,2025-05-31,,,,,,2024,ShareBasedCompensation,False
1048911,FedEx Corporation,177000000,0001048911-26-000105,2026-05-31,,,,,,2025,ShareBasedCompensation,False
1050915,"Quanta Services, Inc.",36939000,0001050915-18-000003,2015-12-31,,,,,,2015,ShareBasedCompensation,False
1050915,"Quanta Services, Inc.",42843000,0001050915-19-000014,2016-12-31,,,,,,2016,ShareBasedCompensation,False
1050915,"Quanta Services, Inc.",46448000,0001050915-20-000020,2017-12-31,,,,,,2017,ShareBasedCompensation,False
1050915,"Quanta Services, Inc.",52484000,0001050915-21-000009,2018-12-31,,,,,,2018,ShareBasedCompensation,False
1050915,"Quanta Services, Inc.",52013000,0001050915-22-000008,2019-12-31,,,,,,2019,ShareBasedCompensation,False
1050915,"Quanta Services, Inc.",91641000,0001050915-23-000010,2020-12-31,,,,,,2020,ShareBasedCompensation,False
1050915,"Quanta Services, Inc.",88259000,0001050915-24-000009,2021-12-31,,,,,,2021,ShareBasedCompensation,False
1050915,"Quanta Services, Inc.",105600000,0001050915-25-000005,2022-12-31,,,,,,2022,ShareBasedCompensation,False
1050915,"Quanta Services, Inc.",126762000,0001050915-26-000006,2023-12-31,,,,,,2023,ShareBasedCompensation,False
1050915,"Quanta Services, Inc.",150526000,0001050915-26-000006,2024-12-31,,,,,,2024,ShareBasedCompensation,False
1050915,"Quanta Services, Inc.",181947000,0001050915-26-000006,2025-12-31,,,,,,2025,ShareBasedCompensation,False
1051470,Crown Castle Inc.,60773000,0001051470-18-000082,2015-12-31,,,,,,2015,ShareBasedCompensation,False
1051470,Crown Castle Inc.,79000000,0001051470-19-000046,2016-12-31,,,,,,2016,ShareBasedCompensation,False
1051470,Crown Castle Inc.,92000000,0001051470-20-000077,2017-12-31,,,,,,2017,ShareBasedCompensation,False
1051470,Crown Castle Inc.,103000000,0001051470-21-000031,2018-12-31,,,,,,2018,ShareBasedCompensation,False
1051470,CROWN CASTLE INTERNATIONAL CORP,117000000,0001051470-22-000019,2019-12-31,,,,,,2019,ShareBasedCompensation,False
1051470,CROWN CASTLE INC,138000000,0001051470-23-000041,2020-12-31,,,,,,2020,ShareBasedCompensation,False
1051470,CROWN CASTLE INC,129000000,0001051470-24-000062,2021-12-31,,,,,,2021,ShareBasedCompensation,False
1051470,CROWN CASTLE INC,156000000,0001051470-25-000089,2022-12-31,,,,,,2022,ShareBasedCompensation,False
1051470,CROWN CASTLE INC,102000000,0001051470-26-000016,2023-12-31,,,,,,2023,ShareBasedCompensation,False
1051470,CROWN CASTLE INC,84000000,0001051470-26-000016,2024-12-31,,,,,,2024,ShareBasedCompensation,False
1051470,CROWN CASTLE INC,73000000,0001051470-26-000016,2025-12-31,,,,,,2025,ShareBasedCompensation,False
1053507,AMERICAN TOWER CORP /MA/,90500000,0001053507-18-000006,2015-12-31,,,,,,2015,ShareBasedCompensation,False
1053507,AMERICAN TOWER CORP /MA/,89900000,0001053507-19-000012,2016-12-31,,,,,,2016,ShareBasedCompensation,False
1053507,AMERICAN TOWER CORP /MA/,108500000,0001053507-20-000028,2017-12-31,,,,,,2017,ShareBasedCompensation,False
1053507,AMERICAN TOWER CORP /MA/,137500000,0001053507-21-000026,2018-12-31,,,,,,2018,ShareBasedCompensation,False
1053507,American Tower Corporation,111400000,0001053507-22-000017,2019-12-31,,,,,,2019,ShareBasedCompensation,False
1053507,American Tower Corporation,120800000,0001053507-23-000023,2020-12-31,,,,,,2020,ShareBasedCompensation,False
1053507,American Tower Corporation,119500000,0001053507-24-000011,2021-12-31,,,,,,2021,ShareBasedCompensation,False
1053507,American Tower Corporation,169300000,0001053507-25-000025,2022-12-31,,,,,,2022,ShareBasedCompensation,False
1053507,American Tower Corporation,195700000,0001053507-26-000035,2023-12-31,,,,,,2023,ShareBasedCompensation,False
1053507,American Tower Corporation,203600000,0001053507-26-000035,2024-12-31,,,,,,2024,ShareBasedCompensation,False
1053507,American Tower Corporation,174200000,0001053507-26-000035,2025-12-31,,,,,,2025,ShareBasedCompensation,False
1057352,"COSTAR GROUP, INC.",34537000,0001057352-18-000011,2015-12-31,,,,,,2015,ShareBasedCompensation,False
1057352,"COSTAR GROUP, INC.",36349000,0001057352-19-000017,2016-12-31,,,,,,2016,ShareBasedCompensation,False
1057352,"COSTAR GROUP, INC.",39030000,0001057352-20-000036,2017-12-31,,,,,,2017,ShareBasedCompensation,False
1057352,"COSTAR GROUP, INC.",41214000,0001057352-21-000032,2018-12-31,,,,,,2018,ShareBasedCompensation,False
1057352,"CoStar Group, Inc.",52255000,0001057352-22-000027,2019-12-31,,,,,,2019,ShareBasedCompensation,False
1057352,"CoStar Group, Inc.",53450000,0001057352-23-000030,2020-12-31,,,,,,2020,ShareBasedCompensation,False
1057352,"CoStar Group, Inc.",63700000,0001057352-24-000013,2021-12-31,,,,,,2021,ShareBasedCompensation,False
1057352,"CoStar Group, Inc.",75200000,0001057352-25-000016,2022-12-31,,,,,,2022,ShareBasedCompensation,False
1057352,"CoStar Group, Inc.",85000000,0001057352-26-000020,2023-12-31,,,,,,2023,ShareBasedCompensation,False
1057352,"CoStar Group, Inc.",89000000,0001057352-26-000020,2024-12-31,,,,,,2024,ShareBasedCompensation,False
1057352,"CoStar Group, Inc.",194000000,0001057352-26-000020,2025-12-31,,,,,,2025,ShareBasedCompensation,False
1058090,"CHIPOTLE MEXICAN GRILL, INC.",57911000,0001058090-18-000018,2015-12-31,,,,,,2015,ShareBasedCompensation,False
1058090,"CHIPOTLE MEXICAN GRILL, INC.",64166000,0001058090-19-000007,2016-12-31,,,,,,2016,ShareBasedCompensation,False
1058090,"CHIPOTLE MEXICAN GRILL, INC.",65255000,0001058090-20-000010,2017-12-31,,,,,,2017,ShareBasedCompensation,False
1058090,"CHIPOTLE MEXICAN GRILL, INC.",69164000,0001058090-21-000010,2018-12-31,,,,,,2018,ShareBasedCompensation,False
1058090,"CHIPOTLE MEXICAN GRILL, INC.",91396000,0001058090-22-000011,2019-12-31,,,,,,2019,ShareBasedCompensation,False
1058090,"CHIPOTLE MEXICAN GRILL, INC.",82626000,0001058090-23-000010,2020-12-31,,,,,,2020,ShareBasedCompensation,False
1058090,"CHIPOTLE MEXICAN GRILL, INC.",176392000,0001562762-24-000023,2021-12-31,,,,,,2021,ShareBasedCompensation,False
1058090,"CHIPOTLE MEXICAN GRILL, INC.",98030000,0001058090-25-000014,2022-12-31,,,,,,2022,ShareBasedCompensation,False
1058090,"CHIPOTLE MEXICAN GRILL, INC.",124016000,0001058090-26-000009,2023-12-31,,,,,,2023,ShareBasedCompensation,False
1058090,"CHIPOTLE MEXICAN GRILL, INC.",131730000,0001058090-26-000009,2024-12-31,,,,,,2024,ShareBasedCompensation,False
1058090,"CHIPOTLE MEXICAN GRILL, INC.",119543000,0001058090-26-000009,2025-12-31,,,,,,2025,ShareBasedCompensation,False
1058290,Cognizant Technology Solutions Corporation,192000000,0001058290-18-000009,2015-12-31,,,,,,2015,ShareBasedCompensation,False
1058290,Cognizant Technology Solutions Corporation,217000000,0001058290-19-000009,2016-12-31,,,,,,2016,ShareBasedCompensation,False
1058290,Cognizant Technology Solutions Corporation,221000000,0001058290-20-000008,2017-12-31,,,,,,2017,ShareBasedCompensation,False
1058290,Cognizant Technology Solutions Corporation,267000000,0001058290-21-000031,2018-12-31,,,,,,2018,ShareBasedCompensation,False
1058290,COGNIZANT TECHNOLOGY SOLUTIONS CORPORATION,217000000,0001058290-22-000023,2019-12-31,,,,,,2019,ShareBasedCompensation,False
1058290,COGNIZANT TECHNOLOGY SOLUTIONS CORPORATION,232000000,0001058290-23-000027,2020-12-31,,,,,,2020,ShareBasedCompensation,False
1058290,COGNIZANT TECHNOLOGY SOLUTIONS CORPORATION,246000000,0001058290-24-000017,2021-12-31,,,,,,2021,ShareBasedCompensation,False
1058290,COGNIZANT TECHNOLOGY SOLUTIONS CORPORATION,261000000,0001058290-25-000017,2022-12-31,,,,,,2022,ShareBasedCompensation,False
1058290,COGNIZANT TECHNOLOGY SOLUTIONS CORPORATION,176000000,0001058290-26-000008,2023-12-31,,,,,,2023,ShareBasedCompensation,False
1058290,COGNIZANT TECHNOLOGY SOLUTIONS CORPORATION,175000000,0001058290-26-000008,2024-12-31,,,,,,2024,ShareBasedCompensation,False
1058290,COGNIZANT TECHNOLOGY SOLUTIONS CORPORATION,181000000,0001058290-26-000008,2025-12-31,,,,,,2025,ShareBasedCompensation,False
1059556,MOODY’S CORPORATION,87200000,0001193125-18-058986,2015-12-31,,,,,,2015,ShareBasedCompensation,False
1059556,MOODY’S CORPORATION,98100000,0001193125-19-048576,2016-12-31,,,,,,2016,ShareBasedCompensation,False
1059556,MOODY’S CORPORATION,123000000,0001059556-20-000005,2017-12-31,,,,,,2017,ShareBasedCompensation,False
1059556,MOODY’S CORPORATION,130000000,0001059556-21-000010,2018-12-31,,,,,,2018,ShareBasedCompensation,False
1059556,MOODY’S CORPORATION,136000000,0001059556-22-000012,2019-12-31,,,,,,2019,ShareBasedCompensation,False
1059556,MOODY’S CORPORATION,154000000,0001059556-23-000016,2020-12-31,,,,,,2020,ShareBasedCompensation,False
1059556,MOODY’S CORPORATION,175000000,0001059556-24-000017,2021-12-31,,,,,,2021,ShareBasedCompensation,False
1059556,MOODY’S CORPORATION,169000000,0001059556-25-000025,2022-12-31,,,,,,2022,ShareBasedCompensation,False
1059556,MOODY’S CORPORATION,193000000,0001628280-26-009136,2023-12-31,,,,,,2023,ShareBasedCompensation,False
1059556,MOODY’S CORPORATION,220000000,0001628280-26-009136,2024-12-31,,,,,,2024,ShareBasedCompensation,False
1059556,MOODY’S CORPORATION,232000000,0001628280-26-009136,2025-12-31,,,,,,2025,ShareBasedCompensation,False
1060391,"Republic Services, Inc.",18900000,0001060391-18-000005,2015-12-31,,,,,,2015,ShareBasedCompensation,False
1060391,"Republic Services, Inc.",23200000,0001060391-19-000008,2016-12-31,,,,,,2016,ShareBasedCompensation,False
1060391,"Republic Services, Inc.",34600000,0001060391-20-000016,2017-12-31,,,,,,2017,ShareBasedCompensation,False
1060391,"Republic Services, Inc.",39000000,0001060391-21-000014,2018-12-31,,,,,,2018,ShareBasedCompensation,False
1060391,"REPUBLIC SERVICES, INC.",39500000,0001060391-22-000007,2019-12-31,,,,,,2019,ShareBasedCompensation,False
1060391,"REPUBLIC SERVICES, INC.",37300000,0001060391-23-000008,2020-12-31,,,,,,2020,ShareBasedCompensation,False
1060391,"REPUBLIC SERVICES, INC.",57000000,0001060391-24-000142,2021-12-31,,,,,,2021,ShareBasedCompensation,False
1060391,"REPUBLIC SERVICES, INC.",39000000,0001060391-25-000091,2022-12-31,,,,,,2022,ShareBasedCompensation,False
1060391,"REPUBLIC SERVICES, INC.",41000000,0001060391-25-000091,2023-12-31,,,,,,2023,ShareBasedCompensation,False
1060391,"REPUBLIC SERVICES, INC.",42000000,0001060391-25-000091,2024-12-31,,,,,,2024,ShareBasedCompensation,False
1065088,eBay Inc.,379000000,0001065088-18-000009,2015-12-31,,,,,,2015,ShareBasedCompensation,False
1065088,eBay Inc.,416000000,0001065088-19-000006,2016-12-31,,,,,,2016,ShareBasedCompensation,False
1065088,eBay Inc.,483000000,0001065088-20-000006,2017-12-31,,,,,,2017,ShareBasedCompensation,False
1065088,eBay Inc.,465000000,0001065088-21-000006,2018-12-31,,,,,,2018,ShareBasedCompensation,False
1065088,eBay Inc.,415000000,0001065088-22-000006,2019-12-31,,,,,,2019,ShareBasedCompensation,False
1065088,eBay Inc.,417000000,0001065088-23-000006,2020-12-31,,,,,,2020,ShareBasedCompensation,False
1065088,eBay Inc.,477000000,0001065088-24-000036,2021-12-31,,,,,,2021,ShareBasedCompensation,False
1065088,eBay Inc.,494000000,0001065088-25-000037,2022-12-31,,,,,,2022,ShareBasedCompensation,False
1065088,eBay Inc.,575000000,0001065088-26-000027,2023-12-31,,,,,,2023,ShareBasedCompensation,False
1065088,eBay Inc.,588000000,0001065088-26-000027,2024-12-31,,,,,,2024,ShareBasedCompensation,False
1065088,eBay Inc.,607000000,0001065088-26-000027,2025-12-31,,,,,,2025,ShareBasedCompensation,False
1065280,"Netflix, Inc.",124725000,0001628280-18-000941,2015-12-31,,,,,,2015,ShareBasedCompensation,False
1065280,"Netflix, Inc.",173675000,0001065280-19-000043,2016-12-31,,,,,,2016,ShareBasedCompensation,False
1065280,"Netflix, Inc.",182209000,0001065280-20-000040,2017-12-31,,,,,,2017,ShareBasedCompensation,False
1065280,"Netflix, Inc.",320657000,0001065280-21-000040,2018-12-31,,,,,,2018,ShareBasedCompensation,False
1065280,"Netflix, Inc.",405376000,0001065280-22-000036,2019-12-31,,,,,,2019,ShareBasedCompensation,False
1065280,"Netflix, Inc.",415180000,0001065280-23-000035,2020-12-31,,,,,,2020,ShareBasedCompensation,False
1065280,"Netflix, Inc.",403220000,0001065280-24-000030,2021-12-31,,,,,,2021,ShareBasedCompensation,False
1065280,"Netflix, Inc.",575452000,0001065280-25-000044,2022-12-31,,,,,,2022,ShareBasedCompensation,False
1065280,"Netflix, Inc.",339368000,0001065280-26-000034,2023-12-31,,,,,,2023,ShareBasedCompensation,False
1065280,"Netflix, Inc.",272588000,0001065280-26-000034,2024-12-31,,,,,,2024,ShareBasedCompensation,False
1065280,"Netflix, Inc.",368449000,0001065280-26-000034,2025-12-31,,,,,,2025,ShareBasedCompensation,False
1067701,"UNITED RENTALS, INC.",49000000,0001067701-18-000006,2015-12-31,,,,,,2015,ShareBasedCompensation,False
1067701,"UNITED RENTALS, INC.",45000000,0001067701-19-000007,2016-12-31,,,,,,2016,ShareBasedCompensation,False
1067701,"UNITED RENTALS, INC.",87000000,0001067701-20-000008,2017-12-31,,,,,,2017,ShareBasedCompensation,False
1067701,"UNITED RENTALS, INC.",102000000,0001067701-21-000008,2018-12-31,,,,,,2018,ShareBasedCompensation,False
1067701,"United Rentals, Inc.",61000000,0001067701-22-000008,2019-12-31,,,,,,2019,ShareBasedCompensation,False
1067701,"United Rentals, Inc.",70000000,0001067701-23-000010,2020-12-31,,,,,,2020,ShareBasedCompensation,False
1067701,"United Rentals, Inc.",119000000,0001067701-24-000007,2021-12-31,,,,,,2021,ShareBasedCompensation,False
1067701,"United Rentals, Inc.",127000000,0001067701-25-000008,2022-12-31,,,,,,2022,ShareBasedCompensation,False
1067701,"United Rentals, Inc.",94000000,0001067701-26-000007,2023-12-31,,,,,,2023,ShareBasedCompensation,False
1067701,"United Rentals, Inc.",112000000,0001067701-26-000007,2024-12-31,,,,,,2024,ShareBasedCompensation,False
1067701,"United Rentals, Inc.",134000000,0001067701-26-000007,2025-12-31,,,,,,2025,ShareBasedCompensation,False
1069183,"Axon Enterprise, Inc.",7263000,0001069183-18-000020,2015-12-31,,,,,,2015,ShareBasedCompensation,False
1069183,"Axon Enterprise, Inc.",9369000,0001069183-19-000023,2016-12-31,,,,,,2016,ShareBasedCompensation,False
1069183,"Axon Enterprise, Inc.",15610000,0001069183-20-000016,2017-12-31,,,,,,2017,ShareBasedCompensation,False
1069183,"Axon Enterprise, Inc.",21879000,0001558370-21-001873,2018-12-31,,,,,,2018,ShareBasedCompensation,False
1069183,"Axon Enterprise, Inc.",78495000,0001558370-22-002006,2019-12-31,,,,,,2019,ShareBasedCompensation,False
1069183,"Axon Enterprise, Inc.",133572000,0001558370-23-002413,2020-12-31,,,,,,2020,ShareBasedCompensation,False
1069183,"Axon Enterprise, Inc.",303331000,0001069183-24-000006,2021-12-31,,,,,,2021,ShareBasedCompensation,False
1069183,"Axon Enterprise, Inc.",106176000,0001069183-25-000075,2022-12-31,,,,,,2022,ShareBasedCompensation,False
1069183,"Axon Enterprise, Inc.",131358000,0001628280-26-011360,2023-12-31,,,,,,2023,ShareBasedCompensation,False
1069183,"Axon Enterprise, Inc.",382604000,0001628280-26-011360,2024-12-31,,,,,,2024,ShareBasedCompensation,False
1069183,"Axon Enterprise, Inc.",634231000,0001628280-26-011360,2025-12-31,,,,,,2025,ShareBasedCompensation,False
1069202,LENNOX INTERNATIONAL INC,26600000,0001069202-18-000004,2015-12-31,,,,,,2015,ShareBasedCompensation,False
1069202,LENNOX INTERNATIONAL INC,31700000,0001069202-19-000008,2016-12-31,,,,,,2016,ShareBasedCompensation,False
1069202,LENNOX INTERNATIONAL INC,24900000,0001069202-20-000004,2017-12-31,,,,,,2017,ShareBasedCompensation,False
1069202,LENNOX INTERNATIONAL INC,26300000,0001069202-21-000007,2018-12-31,,,,,,2018,ShareBasedCompensation,False
1069202,LENNOX INTERNATIONAL INC.,21300000,0001628280-22-002664,2019-12-31,,,,,,2019,ShareBasedCompensation,False
1069202,LENNOX INTERNATIONAL INC.,24300000,0001628280-23-004257,2020-12-31,,,,,,2020,ShareBasedCompensation,False
1069202,LENNOX INTERNATIONAL INC.,24300000,0001628280-24-004446,2021-12-31,,,,,,2021,ShareBasedCompensation,False
1069202,LENNOX INTERNATIONAL INC.,21800000,0001628280-25-004859,2022-12-31,,,,,,2022,ShareBasedCompensation,False
1069202,LENNOX INTERNATIONAL INC.,30100000,0001069202-26-000028,2023-12-31,,,,,,2023,ShareBasedCompensation,False
1069202,LENNOX INTERNATIONAL INC.,28500000,0001069202-26-000028,2024-12-31,,,,,,2024,ShareBasedCompensation,False
1069202,LENNOX INTERNATIONAL INC.,29100000,0001069202-26-000028,2025-12-31,,,,,,2025,ShareBasedCompensation,False
1070750,"HOST HOTELS & RESORTS, INC.",11000000,0001564590-18-003330,2015-12-31,,,,,,2015,ShareBasedCompensation,False
1070750,"HOST HOTELS & RESORTS, INC.",12000000,0001564590-19-004191,2016-12-31,,,,,,2016,ShareBasedCompensation,False
1070750,"HOST HOTELS & RESORTS, INC.",11000000,0001564590-20-006404,2017-12-31,,,,,,2017,ShareBasedCompensation,False
1070750,"HOST HOTELS & RESORTS, INC.",14000000,0001564590-21-008676,2018-12-31,,,,,,2018,ShareBasedCompensation,False
1070750,"HOST HOTELS & RESORTS, INC.",15000000,0000950170-22-001965,2019-12-31,,,,,,2019,ShareBasedCompensation,False
1070750,"HOST HOTELS & RESORTS, INC.",17000000,0000950170-23-003778,2020-12-31,,,,,,2020,ShareBasedCompensation,False
1070750,"HOST HOTELS & RESORTS, INC.",18000000,0001070750-24-000081,2021-12-31,,,,,,2021,ShareBasedCompensation,False
1070750,"HOST HOTELS & RESORTS, INC.",26000000,0001070750-25-000071,2022-12-31,,,,,,2022,ShareBasedCompensation,False
1070750,"HOST HOTELS & RESORTS, INC.",30000000,0001070750-26-000054,2023-12-31,,,,,,2023,ShareBasedCompensation,False
1070750,"HOST HOTELS & RESORTS, INC.",24000000,0001070750-26-000054,2024-12-31,,,,,,2024,ShareBasedCompensation,False
1070750,"HOST HOTELS & RESORTS, INC.",26000000,0001070750-26-000054,2025-12-31,,,,,,2025,ShareBasedCompensation,False
1071739,CENTENE CORPORATION,71000000,0001071739-18-000030,2015-12-31,,,,,,2015,ShareBasedCompensation,False
1071739,CENTENE CORPORATION,148000000,0001071739-19-000032,2016-12-31,,,,,,2016,ShareBasedCompensation,False
1071739,CENTENE CORPORATION,135000000,0001071739-20-000060,2017-12-31,,,,,,2017,ShareBasedCompensation,False
1071739,CENTENE CORPORATION,145000000,0001071739-21-000039,2018-12-31,,,,,,2018,ShareBasedCompensation,False
1071739,Centene Corporation,177000000,0001071739-22-000071,2019-12-31,,,,,,2019,ShareBasedCompensation,False
1071739,Centene Corporation,281000000,0001071739-23-000047,2020-12-31,,,,,,2020,ShareBasedCompensation,False
1071739,Centene Corporation,203000000,0001071739-24-000037,2021-12-31,,,,,,2021,ShareBasedCompensation,False
1071739,Centene Corporation,234000000,0001071739-25-000027,2022-12-31,,,,,,2022,ShareBasedCompensation,False
1071739,Centene Corporation,216000000,0001071739-26-000049,2023-12-31,,,,,,2023,ShareBasedCompensation,False
1071739,Centene Corporation,212000000,0001071739-26-000049,2024-12-31,,,,,,2024,ShareBasedCompensation,False
1071739,Centene Corporation,204000000,0001071739-26-000049,2025-12-31,,,,,,2025,ShareBasedCompensation,False
1086222,"AKAMAI TECHNOLOGIES, INC.",126677000,0001086222-18-000052,2015-12-31,,,,,,2015,ShareBasedCompensation,False
1086222,"AKAMAI TECHNOLOGIES, INC.",144506000,0001086222-19-000066,2016-12-31,,,,,,2016,ShareBasedCompensation,False
1086222,"AKAMAI TECHNOLOGIES, INC.",164308000,0001086222-20-000045,2017-12-31,,,,,,2017,ShareBasedCompensation,False
1086222,"AKAMAI TECHNOLOGIES, INC.",183813000,0001086222-21-000075,2018-12-31,,,,,,2018,ShareBasedCompensation,False
1086222,"Akamai Technologies, Inc.",187140000,0001086222-22-000058,2019-12-31,,,,,,2019,ShareBasedCompensation,False
1086222,"Akamai Technologies, Inc.",197411000,0001086222-23-000078,2020-12-31,,,,,,2020,ShareBasedCompensation,False
1086222,"Akamai Technologies, Inc.",202759000,0001086222-24-000040,2021-12-31,,,,,,2021,ShareBasedCompensation,False
1086222,"Akamai Technologies, Inc.",217185000,0001086222-25-000028,2022-12-31,,,,,,2022,ShareBasedCompensation,False
1086222,"Akamai Technologies, Inc.",328467000,0001086222-26-000022,2023-12-31,,,,,,2023,ShareBasedCompensation,False
1086222,"Akamai Technologies, Inc.",393378000,0001086222-26-000022,2024-12-31,,,,,,2024,ShareBasedCompensation,False
1086222,"Akamai Technologies, Inc.",459402000,0001086222-26-000022,2025-12-31,,,,,,2025,ShareBasedCompensation,False
1090012,DEVON ENERGY CORP/DE,244000000,0001564590-18-002582,2015-12-31,,,,,,2015,ShareBasedCompensation,False
1090012,DEVON ENERGY CORP/DE,203000000,0001564590-19-003382,2016-12-31,,,,,,2016,ShareBasedCompensation,False
1090012,DEVON ENERGY CORP/DE,126000000,0001564590-20-005182,2017-12-31,,,,,,2017,ShareBasedCompensation,False
1090012,DEVON ENERGY CORP/DE,137000000,0001564590-21-006239,2018-12-31,,,,,,2018,ShareBasedCompensation,False
1090012,DEVON ENERGY CORP/DE,115000000,0001564590-22-005321,2019-12-31,,,,,,2019,ShareBasedCompensation,False
1090012,DEVON ENERGY CORP/DE,88000000,0000950170-23-002852,2020-12-31,,,,,,2020,ShareBasedCompensation,False
1090012,DEVON ENERGY CORP/DE,99000000,0000950170-24-021781,2021-12-31,,,,,,2021,ShareBasedCompensation,False
1090012,DEVON ENERGY CORP/DE,88000000,0000950170-25-022844,2022-12-31,,,,,,2022,ShareBasedCompensation,False
1090012,DEVON ENERGY CORP/DE,93000000,0001193125-26-056485,2023-12-31,,,,,,2023,ShareBasedCompensation,False
1090012,DEVON ENERGY CORP/DE,99000000,0001193125-26-056485,2024-12-31,,,,,,2024,ShareBasedCompensation,False
1090012,DEVON ENERGY CORP/DE,99000000,0001193125-26-056485,2025-12-31,,,,,,2025,ShareBasedCompensation,False
1090727,"United Parcel Service, Inc.",574000000,0001090727-18-000009,2015-12-31,,,,,,2015,ShareBasedCompensation,False
1090727,"United Parcel Service, Inc.",591000000,0001090727-19-000006,2016-12-31,,,,,,2016,ShareBasedCompensation,False
1090727,"United Parcel Service, Inc.",584000000,0001090727-20-000005,2017-12-31,,,,,,2017,ShareBasedCompensation,False
1090727,"United Parcel Service, Inc.",634000000,0001090727-21-000013,2018-12-31,,,,,,2018,ShareBasedCompensation,False
1090727,"United Parcel Service, Inc.",915000000,0001090727-22-000007,2019-12-31,,,,,,2019,ShareBasedCompensation,False
1090727,"United Parcel Service, Inc.",796000000,0001090727-23-000006,2020-12-31,,,,,,2020,ShareBasedCompensation,False
1090727,"United Parcel Service, Inc.",878000000,0001090727-24-000008,2021-12-31,,,,,,2021,ShareBasedCompensation,False
1090727,"United Parcel Service, Inc.",1568000000,0001090727-25-000019,2022-12-31,,,,,,2022,ShareBasedCompensation,False
1090727,"United Parcel Service, Inc.",220000000,0001628280-26-008432,2023-12-31,,,,,,2023,ShareBasedCompensation,False
1090727,"United Parcel Service, Inc.",24000000,0001628280-26-008432,2024-12-31,,,,,,2024,ShareBasedCompensation,False
1090727,"United Parcel Service, Inc.",73000000,0001628280-26-008432,2025-12-31,,,,,,2025,ShareBasedCompensation,False
1090872,"AGILENT TECHNOLOGIES, INC.",54000000,0001090872-17-000018,2015-10-31,,,,,,2015,ShareBasedCompensation,False
1090872,"AGILENT TECHNOLOGIES, INC.",58000000,0001090872-18-000019,2016-10-31,,,,,,2016,ShareBasedCompensation,False
1090872,"AGILENT TECHNOLOGIES, INC.",60000000,0001090872-19-000022,2017-10-31,,,,,,2017,ShareBasedCompensation,False
1090872,"AGILENT TECHNOLOGIES, INC.",70000000,0001090872-20-000020,2018-10-31,,,,,,2018,ShareBasedCompensation,False
1090872,"Agilent Technologies, Inc.",72000000,0001090872-21-000027,2019-10-31,,,,,,2019,ShareBasedCompensation,False
1090872,"Agilent Technologies, Inc.",83000000,0001090872-22-000026,2020-10-31,,,,,,2020,ShareBasedCompensation,False
1090872,"AGILENT TECHNOLOGIES, INC.",110000000,0001090872-24-000036,2021-10-31,,,,,,2021,ShareBasedCompensation,False
1090872,"AGILENT TECHNOLOGIES, INC.",125000000,0001090872-25-000010,2022-10-31,,,,,,2022,ShareBasedCompensation,False
1090872,"Agilent Technologies, Inc.",111000000,0001090872-25-000087,2023-10-31,,,,,,2023,ShareBasedCompensation,False
1090872,"Agilent Technologies, Inc.",129000000,0001090872-25-000087,2024-10-31,,,,,,2024,ShareBasedCompensation,False
1090872,"Agilent Technologies, Inc.",128000000,0001090872-25-000087,2025-10-31,,,,,,2025,ShareBasedCompensation,False
1091667,"Charter Communications, Inc.",78000000,0001091667-18-000025,2015-12-31,,,,,,2015,ShareBasedCompensation,False
1091667,"Charter Communications, Inc.",244000000,0001091667-19-000029,2016-12-31,,,,,,2016,ShareBasedCompensation,False
1091667,"Charter Communications, Inc.",261000000,0001091667-20-000024,2017-12-31,,,,,,2017,ShareBasedCompensation,False
1091667,"Charter Communications, Inc.",285000000,0001091667-21-000022,2018-12-31,,,,,,2018,ShareBasedCompensation,False
1091667,"Charter Communications, Inc.",315000000,0001091667-22-000024,2019-12-31,,,,,,2019,ShareBasedCompensation,False
1091667,"Charter Communications, Inc.",351000000,0001091667-23-000024,2020-12-31,,,,,,2020,ShareBasedCompensation,False
1091667,"Charter Communications, Inc.",430000000,0001091667-24-000028,2021-12-31,,,,,,2021,ShareBasedCompensation,False
1091667,"Charter Communications, Inc.",470000000,0001091667-25-000034,2022-12-31,,,,,,2022,ShareBasedCompensation,False
1091667,"Charter Communications, Inc.",692000000,0001091667-26-000017,2023-12-31,,,,,,2023,ShareBasedCompensation,False
1091667,"Charter Communications, Inc.",651000000,0001091667-26-000017,2024-12-31,,,,,,2024,ShareBasedCompensation,False
1091667,"Charter Communications, Inc.",673000000,0001091667-26-000017,2025-12-31,,,,,,2025,ShareBasedCompensation,False
1093557,"DEXCOM, INC.",82700000,0001093557-18-000018,2015-12-31,,,,,,2015,ShareBasedCompensation,False
1093557,"DEXCOM, INC.",110800000,0001093557-19-000041,2016-12-31,,,,,,2016,ShareBasedCompensation,False
1093557,"DEXCOM, INC.",106200000,0001093557-20-000029,2017-12-31,,,,,,2017,ShareBasedCompensation,False
1093557,"DEXCOM, INC.",101900000,0001093557-21-000024,2018-12-31,,,,,,2018,ShareBasedCompensation,False
1093557,"DEXCOM, INC.",102700000,0001093557-22-000014,2019-12-31,,,,,,2019,ShareBasedCompensation,False
1093557,"DEXCOM, INC.",119400000,0001093557-23-000024,2020-12-31,,,,,,2020,ShareBasedCompensation,False
1093557,"DEXCOM, INC.",113400000,0001093557-24-000021,2021-12-31,,,,,,2021,ShareBasedCompensation,False
1093557,"DEXCOM, INC.",126500000,0001093557-25-000036,2022-12-31,,,,,,2022,ShareBasedCompensation,False
1093557,"DEXCOM, INC.",150800000,0001093557-26-000027,2023-12-31,,,,,,2023,ShareBasedCompensation,False
1093557,"DEXCOM, INC.",170400000,0001093557-26-000027,2024-12-31,,,,,,2024,ShareBasedCompensation,False
1093557,"DEXCOM, INC.",159600000,0001093557-26-000027,2025-12-31,,,,,,2025,ShareBasedCompensation,False
1095073,"Everest Group, Ltd.",21237000,0001095073-18-000008,2015-12-31,,,,,,2015,ShareBasedCompensation,False
1095073,"Everest Group, Ltd.",26398000,0001095073-19-000011,2016-12-31,,,,,,2016,ShareBasedCompensation,False
1095073,"Everest Group, Ltd.",30297000,0001095073-20-000006,2017-12-31,,,,,,2017,ShareBasedCompensation,False
1095073,"Everest Group, Ltd.",32369000,0001095073-21-000006,2018-12-31,,,,,,2018,ShareBasedCompensation,False
1095073,"EVEREST RE GROUP, LTD.",34018000,0001095073-22-000005,2019-12-31,,,,,,2019,ShareBasedCompensation,False
1095073,"EVEREST RE GROUP, LTD.",39000000,0001095073-23-000007,2020-12-31,,,,,,2020,ShareBasedCompensation,False
1095073,"EVEREST GROUP, LTD.",43000000,0001095073-24-000009,2021-12-31,,,,,,2021,ShareBasedCompensation,False
1095073,"EVEREST GROUP, LTD.",45000000,0001095073-25-000015,2022-12-31,,,,,,2022,ShareBasedCompensation,False
1095073,"EVEREST GROUP, LTD.",49000000,0001095073-26-000006,2023-12-31,,,,,,2023,ShareBasedCompensation,False
1095073,"EVEREST GROUP, LTD.",63000000,0001095073-26-000006,2024-12-31,,,,,,2024,ShareBasedCompensation,False
1095073,"EVEREST GROUP, LTD.",61000000,0001095073-26-000006,2025-12-31,,,,,,2025,ShareBasedCompensation,False
1097149,"ALIGN TECHNOLOGY, INC.",52943000,0001097149-18-000010,2015-12-31,,,,,,2015,ShareBasedCompensation,False
1097149,"ALIGN TECHNOLOGY, INC.",54148000,0001097149-19-000009,2016-12-31,,,,,,2016,ShareBasedCompensation,False
1097149,"ALIGN TECHNOLOGY, INC.",58854000,0001097149-20-000008,2017-12-31,,,,,,2017,ShareBasedCompensation,False
1097149,"ALIGN TECHNOLOGY, INC.",70763000,0001097149-21-000007,2018-12-31,,,,,,2018,ShareBasedCompensation,False
1097149,"ALIGN TECHNOLOGY, INC.",88184000,0001097149-22-000011,2019-12-31,,,,,,2019,ShareBasedCompensation,False
1097149,"ALIGN TECHNOLOGY, INC.",98427000,0001097149-23-000013,2020-12-31,,,,,,2020,ShareBasedCompensation,False
1097149,"ALIGN TECHNOLOGY, INC.",114336000,0001097149-24-000011,2021-12-31,,,,,,2021,ShareBasedCompensation,False
1097149,"ALIGN TECHNOLOGY, INC.",133367000,0001097149-25-000012,2022-12-31,,,,,,2022,ShareBasedCompensation,False
1097149,"ALIGN TECHNOLOGY, INC.",154026000,0001097149-26-000014,2023-12-31,,,,,,2023,ShareBasedCompensation,False
1097149,"ALIGN TECHNOLOGY, INC.",173703000,0001097149-26-000014,2024-12-31,,,,,,2024,ShareBasedCompensation,False
1097149,"ALIGN TECHNOLOGY, INC.",185870000,0001097149-26-000014,2025-12-31,,,,,,2025,ShareBasedCompensation,False
1097864,ON SEMICONDUCTOR CORP,46900000,0001193125-18-051397,2015-12-31,,,,,,2015,ShareBasedCompensation,False
1097864,ON SEMICONDUCTOR CORP,56100000,0001193125-19-045025,2016-12-31,,,,,,2016,ShareBasedCompensation,False
1097864,ON SEMICONDUCTOR CORP,69800000,0001193125-20-041751,2017-12-31,,,,,,2017,ShareBasedCompensation,False
1097864,ON SEMICONDUCTOR CORP,78300000,0001628280-21-002219,2018-12-31,,,,,,2018,ShareBasedCompensation,False
1097864,ON SEMICONDUCTOR CORP,79400000,0001628280-22-002416,2019-12-31,,,,,,2019,ShareBasedCompensation,False
1097864,ON SEMICONDUCTOR CORP,67700000,0001628280-23-002350,2020-12-31,,,,,,2020,ShareBasedCompensation,False
1097864,ON SEMICONDUCTOR CORPORATION,101300000,0001628280-24-003201,2021-12-31,,,,,,2021,ShareBasedCompensation,False
1097864,ON SEMICONDUCTOR CORPORATION,100800000,0001628280-25-004557,2022-12-31,,,,,,2022,ShareBasedCompensation,False
1097864,ON Semiconductor Corporation,121100000,0001097864-26-000006,2023-12-31,,,,,,2023,ShareBasedCompensation,False
1097864,ON Semiconductor Corporation,136100000,0001097864-26-000006,2024-12-31,,,,,,2024,ShareBasedCompensation,False
1097864,ON Semiconductor Corporation,144300000,0001097864-26-000006,2025-12-31,,,,,,2025,ShareBasedCompensation,False
1099800,EDWARDS LIFESCIENCES CORPORATION,49900000,0001099800-18-000007,2015-12-31,,,,,,2015,ShareBasedCompensation,False
1099800,EDWARDS LIFESCIENCES CORPORATION,56900000,0001099800-19-000004,2016-12-31,,,,,,2016,ShareBasedCompensation,False
1099800,EDWARDS LIFESCIENCES CORPORATION,61600000,0001099800-20-000005,2017-12-31,,,,,,2017,ShareBasedCompensation,False
1099800,EDWARDS LIFESCIENCES CORPORATION,71000000,0001099800-21-000007,2018-12-31,,,,,,2018,ShareBasedCompensation,False
1099800,EDWARDS LIFESCIENCES CORPORATION,81300000,0001099800-22-000005,2019-12-31,,,,,,2019,ShareBasedCompensation,False
1099800,EDWARDS LIFESCIENCES CORPORATION,92600000,0001099800-23-000005,2020-12-31,,,,,,2020,ShareBasedCompensation,False
1099800,EDWARDS LIFESCIENCES CORPORATION,109300000,0001099800-24-000004,2021-12-31,,,,,,2021,ShareBasedCompensation,False
1099800,EDWARDS LIFESCIENCES CORPORATION,126800000,0001099800-25-000005,2022-12-31,,,,,,2022,ShareBasedCompensation,False
1099800,EDWARDS LIFESCIENCES CORPORATION,139400000,0001099800-26-000009,2023-12-31,,,,,,2023,ShareBasedCompensation,False
1099800,EDWARDS LIFESCIENCES CORPORATION,162300000,0001099800-26-000009,2024-12-31,,,,,,2024,ShareBasedCompensation,False
1099800,EDWARDS LIFESCIENCES CORPORATION,158100000,0001099800-26-000009,2025-12-31,,,,,,2025,ShareBasedCompensation,False
1100682,"CHARLES RIVER LABORATORIES INTERNATIONAL, INC.",40122000,0001100682-18-000005,2015-12-26,,,,,,2015,ShareBasedCompensation,False
1100682,"CHARLES RIVER LABORATORIES INTERNATIONAL, INC.",43642000,0001100682-19-000004,2016-12-31,,,,,,2016,ShareBasedCompensation,False
1100682,"CHARLES RIVER LABORATORIES INTERNATIONAL, INC.",44003000,0001100682-20-000005,2017-12-30,,,,,,2017,ShareBasedCompensation,False
1100682,"CHARLES RIVER LABORATORIES INTERNATIONAL, INC.",47346000,0001100682-21-000005,2018-12-29,,,,,,2018,ShareBasedCompensation,False
1100682,"CHARLES RIVER LABORATORIES INTERNATIONAL, INC.",57271000,0001100682-22-000007,2019-12-28,,,,,,2019,ShareBasedCompensation,False
1100682,"CHARLES RIVER LABORATORIES INTERNATIONAL, INC.",56341000,0001100682-23-000006,2020-12-26,,,,,,2020,ShareBasedCompensation,False
1100682,"CHARLES RIVER LABORATORIES INTERNATIONAL, INC.",71474000,0001100682-24-000007,2021-12-25,,,,,,2021,ShareBasedCompensation,False
1100682,"CHARLES RIVER LABORATORIES INTERNATIONAL, INC.",73617000,0001100682-25-000011,2022-12-31,,,,,,2022,ShareBasedCompensation,False
1100682,"CHARLES RIVER LABORATORIES INTERNATIONAL, INC.",72048000,0001100682-26-000022,2023-12-30,,,,,,2023,ShareBasedCompensation,False
1100682,"CHARLES RIVER LABORATORIES INTERNATIONAL, INC.",69891000,0001100682-26-000022,2024-12-28,,,,,,2024,ShareBasedCompensation,False
1100682,"CHARLES RIVER LABORATORIES INTERNATIONAL, INC.",71083000,0001100682-26-000022,2025-12-27,,,,,,2025,ShareBasedCompensation,False
1101239,"EQUINIX, INC.",132443000,0001628280-18-002212,2015-12-31,,,,,,2015,ShareBasedCompensation,False
1101239,"EQUINIX, INC.",155567000,0001628280-19-001771,2016-12-31,,,,,,2016,ShareBasedCompensation,False
1101239,"EQUINIX, INC.",175500000,0001628280-20-001947,2017-12-31,,,,,,2017,ShareBasedCompensation,False
1101239,"EQUINIX, INC.",180716000,0001628280-21-002563,2018-12-31,,,,,,2018,ShareBasedCompensation,False
1101239,"EQUINIX, INC.",236539000,0001628280-22-003171,2019-12-31,,,,,,2019,ShareBasedCompensation,False
1101239,"EQUINIX, INC.",294952000,0001628280-23-004039,2020-12-31,,,,,,2020,ShareBasedCompensation,False
1101239,"EQUINIX, INC.",363774000,0001628280-24-005350,2021-12-31,,,,,,2021,ShareBasedCompensation,False
1101239,"EQUINIX, INC.",404000000,0001628280-25-005126,2022-12-31,,,,,,2022,ShareBasedCompensation,False
1101239,"EQUINIX, INC.",407000000,0001101239-26-000032,2023-12-31,,,,,,2023,ShareBasedCompensation,False
1101239,"EQUINIX, INC.",462000000,0001101239-26-000032,2024-12-31,,,,,,2024,ShareBasedCompensation,False
1101239,"EQUINIX, INC.",498000000,0001101239-26-000032,2025-12-31,,,,,,2025,ShareBasedCompensation,False
1103982,"MONDELEZ INTERNATIONAL, INC.",136000000,0001193125-18-037332,2015-12-31,,,,,,2015,ShareBasedCompensation,False
1103982,"MONDELEZ INTERNATIONAL, INC.",140000000,0001103982-19-000005,2016-12-31,,,,,,2016,ShareBasedCompensation,False
1103982,"MONDELEZ INTERNATIONAL, INC.",137000000,0001103982-20-000003,2017-12-31,,,,,,2017,ShareBasedCompensation,False
1103982,"MONDELEZ INTERNATIONAL, INC.",128000000,0001103982-21-000004,2018-12-31,,,,,,2018,ShareBasedCompensation,False
1103982,"Mondelez International, Inc.",135000000,0001103982-22-000003,2019-12-31,,,,,,2019,ShareBasedCompensation,False
1103982,"Mondelez International, Inc.",126000000,0001103982-23-000006,2020-12-31,,,,,,2020,ShareBasedCompensation,False
1103982,"Mondelez International, Inc.",121000000,0001103982-24-000019,2021-12-31,,,,,,2021,ShareBasedCompensation,False
1103982,"Mondelez International, Inc.",120000000,0001103982-25-000030,2022-12-31,,,,,,2022,ShareBasedCompensation,False
1103982,"Mondelez International, Inc.",146000000,0001628280-26-005345,2023-12-31,,,,,,2023,ShareBasedCompensation,False
1103982,"Mondelez International, Inc.",147000000,0001628280-26-005345,2024-12-31,,,,,,2024,ShareBasedCompensation,False
1103982,"Mondelez International, Inc.",114000000,0001628280-26-005345,2025-12-31,,,,,,2025,ShareBasedCompensation,False
1108524,"Salesforce, Inc.",593628000,0001108524-18-000011,2016-01-31,,,,,,2015,ShareBasedCompensation,False
1108524,"Salesforce, Inc.",820000000,0001108524-19-000009,2017-01-31,,,,,,2016,ShareBasedCompensation,False
1108524,"Salesforce, Inc.",997000000,0001108524-20-000014,2018-01-31,,,,,,2017,ShareBasedCompensation,False
1108524,"salesforce.com, inc.",1283000000,0001108524-22-000008,2019-01-31,,,,,,2018,ShareBasedCompensation,False
1108524,"salesforce.com, inc.",1785000000,0001108524-22-000013,2020-01-31,,,,,,2019,ShareBasedCompensation,False
1108524,"Salesforce, Inc.",2190000000,0001108524-23-000011,2021-01-31,,,,,,2020,ShareBasedCompensation,False
1108524,"Salesforce, Inc.",2779000000,0001108524-24-000005,2022-01-31,,,,,,2021,ShareBasedCompensation,False
1108524,"Salesforce, Inc.",3279000000,0001108524-25-000006,2023-01-31,,,,,,2022,ShareBasedCompensation,False
1108524,"Salesforce, Inc.",2787000000,0001108524-26-000060,2024-01-31,,,,,,2023,ShareBasedCompensation,False
1108524,"Salesforce, Inc.",3183000000,0001108524-26-000060,2025-01-31,,,,,,2024,ShareBasedCompensation,False
1108524,"Salesforce, Inc.",3509000000,0001108524-26-000060,2026-01-31,,,,,,2025,ShareBasedCompensation,False
1109357,EXELON CORPORATION,97000000,0001628280-18-001324,2015-12-31,,,,,,2015,ShareBasedCompensation,False
1109357,EXELON CORPORATION,111000000,0001628280-19-001107,2016-12-31,,,,,,2016,ShareBasedCompensation,False
1109357,EXELON CORPORATION,88000000,0001628280-19-001107,2017-12-31,,,,,,2017,ShareBasedCompensation,False
1109357,EXELON CORPORATION,75000000,0001628280-19-001107,2018-12-31,,,,,,2018,ShareBasedCompensation,False
1111711,NiSource Inc.,50700000,0001111711-18-000008,2015-12-31,,,,,,2015,ShareBasedCompensation,False
1111711,NiSource Inc.,46500000,0001111711-19-000008,2016-12-31,,,,,,2016,ShareBasedCompensation,False
1111711,NiSource Inc.,40100000,0001111711-20-000013,2017-12-31,,,,,,2017,ShareBasedCompensation,False
1111711,NiSource Inc.,28600000,0001111711-21-000010,2018-12-31,,,,,,2018,ShareBasedCompensation,False
1111711,NiSource Inc.,25900000,0001111711-22-000007,2019-12-31,,,,,,2019,ShareBasedCompensation,False
1111711,NiSource Inc.,17400000,0001111711-23-000006,2020-12-31,,,,,,2020,ShareBasedCompensation,False
1111711,NiSource Inc.,24300000,0001111711-24-000011,2021-12-31,,,,,,2021,ShareBasedCompensation,False
1111711,NiSource Inc.,24900000,0001111711-25-000008,2022-12-31,,,,,,2022,ShareBasedCompensation,False
1111711,NiSource Inc.,33500000,0001111711-26-000027,2023-12-31,,,,,,2023,ShareBasedCompensation,False
1111711,NiSource Inc.,43600000,0001111711-26-000027,2024-12-31,,,,,,2024,ShareBasedCompensation,False
1111711,NiSource Inc.,50900000,0001111711-26-000027,2025-12-31,,,,,,2025,ShareBasedCompensation,False
1113169,PRICE T ROWE GROUP INC,149000000,0001113169-18-000009,2015-12-31,,,,,,2015,ShareBasedCompensation,False
1113169,PRICE T ROWE GROUP INC,161600000,0001113169-19-000011,2016-12-31,,,,,,2016,ShareBasedCompensation,False
1113169,PRICE T ROWE GROUP INC,152000000,0001113169-20-000008,2017-12-31,,,,,,2017,ShareBasedCompensation,False
1113169,PRICE T ROWE GROUP INC,197100000,0001113169-21-000006,2018-12-31,,,,,,2018,ShareBasedCompensation,False
1113169,PRICE T ROWE GROUP INC,206600000,0001113169-22-000005,2019-12-31,,,,,,2019,ShareBasedCompensation,False
1113169,PRICE T ROWE GROUP INC,246200000,0001113169-23-000007,2020-12-31,,,,,,2020,ShareBasedCompensation,False
1113169,PRICE T ROWE GROUP INC,274600000,0001113169-24-000007,2021-12-31,,,,,,2021,ShareBasedCompensation,False
1113169,PRICE T ROWE GROUP INC,285400000,0001113169-25-000007,2022-12-31,,,,,,2022,ShareBasedCompensation,False
1113169,PRICE T ROWE GROUP INC,265600000,0001628280-26-008002,2023-12-31,,,,,,2023,ShareBasedCompensation,False
1113169,PRICE T ROWE GROUP INC,247300000,0001628280-26-008002,2024-12-31,,,,,,2024,ShareBasedCompensation,False
1113169,PRICE T ROWE GROUP INC,216900000,0001628280-26-008002,2025-12-31,,,,,,2025,ShareBasedCompensation,False
1116132,"Tapestry, Inc.",86800000,0001116132-18-000021,2016-07-02,,,,,,2016,ShareBasedCompensation,False
1116132,"Tapestry, Inc.",73600000,0001116132-19-000016,2017-07-01,,,,,,2017,ShareBasedCompensation,False
1116132,"Tapestry, Inc.",84800000,0001116132-21-000020,2019-06-29,,,,,,2018,ShareBasedCompensation,False
1116132,"Tapestry, Inc.",53100000,0001116132-22-000018,2020-06-27,,,,,,2019,ShareBasedCompensation,False
1116132,"Tapestry, Inc.",64100000,0001116132-23-000020,2021-07-03,,,,,,2021,ShareBasedCompensation,False
1116132,"Tapestry, Inc.",72200000,0001116132-24-000018,2022-07-02,,,,,,2022,ShareBasedCompensation,False
1116132,"Tapestry, Inc.",78800000,0001116132-25-000019,2023-07-01,,,,,,2023,ShareBasedCompensation,False
1116132,"Tapestry, Inc.",87300000,0001116132-26-000018,2025-06-28,,,,,,2024,ShareBasedCompensation,False
1116132,"Tapestry, Inc.",104500000,0001116132-26-000018,2026-06-27,,,,,,2025,ShareBasedCompensation,False
1120193,"Nasdaq, Inc.",68000000,0001120193-18-000003,2015-12-31,,,,,,2015,ShareBasedCompensation,False
1120193,"Nasdaq, Inc.",86000000,0001120193-19-000002,2016-12-31,,,,,,2016,ShareBasedCompensation,False
1120193,"Nasdaq, Inc.",70000000,0001120193-20-000004,2017-12-31,,,,,,2017,ShareBasedCompensation,False
1120193,"Nasdaq, Inc.",69000000,0001120193-21-000011,2018-12-31,,,,,,2018,ShareBasedCompensation,False
1120193,"Nasdaq, Inc.",79000000,0001120193-22-000007,2019-12-31,,,,,,2019,ShareBasedCompensation,False
1120193,"Nasdaq, Inc.",87000000,0001120193-23-000014,2020-12-31,,,,,,2020,ShareBasedCompensation,False
1120193,"Nasdaq, Inc.",90000000,0001120193-24-000006,2021-12-31,,,,,,2021,ShareBasedCompensation,False
1120193,"Nasdaq, Inc.",106000000,0001120193-25-000008,2022-12-31,,,,,,2022,ShareBasedCompensation,False
1120193,"Nasdaq, Inc.",122000000,0001628280-26-007703,2023-12-31,,,,,,2023,ShareBasedCompensation,False
1120193,"Nasdaq, Inc.",141000000,0001628280-26-007703,2024-12-31,,,,,,2024,ShareBasedCompensation,False
1120193,"Nasdaq, Inc.",165000000,0001628280-26-007703,2025-12-31,,,,,,2025,ShareBasedCompensation,False
1121788,GARMIN LTD,26290000,0001615774-18-001344,2015-12-26,,,,,,2015,ShareBasedCompensation,False
1121788,GARMIN LTD,41250000,0001615774-19-002739,2016-12-31,,,,,,2016,ShareBasedCompensation,False
1121788,GARMIN LTD,44735000,0001564590-20-005133,2017-12-30,,,,,,2017,ShareBasedCompensation,False
1121788,GARMIN LTD,56391000,0001564590-21-006192,2018-12-29,,,,,,2018,ShareBasedCompensation,False
1121788,GARMIN LTD.,63400000,0000950170-22-001303,2019-12-28,,,,,,2019,ShareBasedCompensation,False
1121788,GARMIN LTD,80885000,0000950170-23-003566,2020-12-26,,,,,,2020,ShareBasedCompensation,False
1121788,GARMIN LTD,92522000,0000950170-24-017559,2021-12-25,,,,,,2021,ShareBasedCompensation,False
1121788,GARMIN LTD,76801000,0000950170-25-022760,2022-12-31,,,,,,2022,ShareBasedCompensation,False
1121788,GARMIN LTD,101422000,0001193125-26-056028,2023-12-30,,,,,,2023,ShareBasedCompensation,False
1121788,GARMIN LTD,137162000,0001193125-26-056028,2024-12-28,,,,,,2024,ShareBasedCompensation,False
1121788,GARMIN LTD,166003000,0001193125-26-056028,2025-12-27,,,,,,2025,ShareBasedCompensation,False
1123360,GLOBAL PAYMENTS INC,30809000,0001123360-19-000008,2016-05-31,,,,,,2015,ShareBasedCompensation,False
1123360,GLOBAL PAYMENTS INC,39095000,0001123360-20-000009,2017-12-31,,,,,,2017,ShareBasedCompensation,False
1123360,GLOBAL PAYMENTS INC,57826000,0001123360-21-000009,2018-12-31,,,,,,2018,ShareBasedCompensation,False
1123360,GLOBAL PAYMENTS INC,89634000,0001123360-22-000007,2019-12-31,,,,,,2019,ShareBasedCompensation,False
1123360,GLOBAL PAYMENTS INC,148792000,0001123360-23-000009,2020-12-31,,,,,,2020,ShareBasedCompensation,False
1123360,GLOBAL PAYMENTS INC,180779000,0001123360-24-000004,2021-12-31,,,,,,2021,ShareBasedCompensation,False
1123360,GLOBAL PAYMENTS INC.,163261000,0001123360-25-000080,2022-12-31,,,,,,2022,ShareBasedCompensation,False
1123360,GLOBAL PAYMENTS INC,208994000,0001123360-26-000008,2023-12-31,,,,,,2023,ShareBasedCompensation,False
1123360,GLOBAL PAYMENTS INC,164244000,0001123360-26-000008,2024-12-31,,,,,,2024,ShareBasedCompensation,False
1123360,GLOBAL PAYMENTS INC,153647000,0001123360-26-000008,2025-12-31,,,,,,2025,ShareBasedCompensation,False
1126328,"PRINCIPAL FINANCIAL GROUP, INC.",84500000,0001047469-18-000695,2015-12-31,,,,,,2015,ShareBasedCompensation,False
1126328,"PRINCIPAL FINANCIAL GROUP, INC.",84400000,0001047469-19-000469,2016-12-31,,,,,,2016,ShareBasedCompensation,False
1126328,"PRINCIPAL FINANCIAL GROUP, INC.",82700000,0001104659-20-021174,2017-12-31,,,,,,2017,ShareBasedCompensation,False
1126328,"PRINCIPAL FINANCIAL GROUP, INC.",77400000,0001104659-21-022074,2018-12-31,,,,,,2018,ShareBasedCompensation,False
1126328,"PRINCIPAL FINANCIAL GROUP, INC",82600000,0001104659-22-020401,2019-12-31,,,,,,2019,ShareBasedCompensation,False
1126328,"PRINCIPAL FINANCIAL GROUP, INC",87200000,0001104659-23-022860,2020-12-31,,,,,,2020,ShareBasedCompensation,False
1126328,"PRINCIPAL FINANCIAL GROUP, INC",96100000,0001104659-24-025516,2021-12-31,,,,,,2021,ShareBasedCompensation,False
1126328,"PRINCIPAL FINANCIAL GROUP, INC",91300000,0001410578-25-000160,2022-12-31,,,,,,2022,ShareBasedCompensation,False
1126328,"PRINCIPAL FINANCIAL GROUP, INC",99400000,0001104659-26-017031,2023-12-31,,,,,,2023,ShareBasedCompensation,False
1126328,"PRINCIPAL FINANCIAL GROUP, INC",108700000,0001104659-26-017031,2024-12-31,,,,,,2024,ShareBasedCompensation,False
1126328,"PRINCIPAL FINANCIAL GROUP, INC",109900000,0001104659-26-017031,2025-12-31,,,,,,2025,ShareBasedCompensation,False
1133421,NORTHROP GRUMMAN CORP /DE/,99000000,0001133421-18-000005,2015-12-31,,,,,,2015,ShareBasedCompensation,False
1133421,NORTHROP GRUMMAN CORP /DE/,93000000,0001133421-19-000007,2016-12-31,,,,,,2016,ShareBasedCompensation,False
1133421,NORTHROP GRUMMAN CORP /DE/,94000000,0001133421-20-000020,2017-12-31,,,,,,2017,ShareBasedCompensation,False
1133421,NORTHROP GRUMMAN CORP /DE/,86000000,0001133421-21-000006,2018-12-31,,,,,,2018,ShareBasedCompensation,False
1133421,NORTHROP GRUMMAN CORP /DE/,127000000,0001133421-22-000004,2019-12-31,,,,,,2019,ShareBasedCompensation,False
1133421,NORTHROP GRUMMAN CORP /DE/,90000000,0001133421-23-000006,2020-12-31,,,,,,2020,ShareBasedCompensation,False
1133421,NORTHROP GRUMMAN CORP /DE/,94000000,0001133421-24-000006,2021-12-31,,,,,,2021,ShareBasedCompensation,False
1133421,NORTHROP GRUMMAN CORP /DE/,99000000,0001133421-25-000006,2022-12-31,,,,,,2022,ShareBasedCompensation,False
1133421,NORTHROP GRUMMAN CORP /DE/,87000000,0001133421-26-000003,2023-12-31,,,,,,2023,ShareBasedCompensation,False
1133421,NORTHROP GRUMMAN CORP /DE/,101000000,0001133421-26-000003,2024-12-31,,,,,,2024,ShareBasedCompensation,False
1133421,NORTHROP GRUMMAN CORP /DE/,119000000,0001133421-26-000003,2025-12-31,,,,,,2025,ShareBasedCompensation,False
1136869,"ZIMMER BIOMET HOLDINGS, INC.",46400000,0001564590-18-003549,2015-12-31,,,,,,2015,ShareBasedCompensation,False
1136869,"ZIMMER BIOMET HOLDINGS, INC.",57300000,0001564590-19-004283,2016-12-31,,,,,,2016,ShareBasedCompensation,False
1136869,"ZIMMER BIOMET HOLDINGS, INC.",53700000,0001564590-20-005657,2017-12-31,,,,,,2017,ShareBasedCompensation,False
1136869,"ZIMMER BIOMET HOLDINGS, INC.",65500000,0001564590-21-007163,2018-12-31,,,,,,2018,ShareBasedCompensation,False
1136869,"ZIMMER BIOMET HOLDINGS, INC.",77200000,0001193125-22-178777,2019-12-31,,,,,,2019,ShareBasedCompensation,False
1136869,"ZIMMER BIOMET HOLDINGS, INC.",73800000,0000950170-23-004264,2020-12-31,,,,,,2020,ShareBasedCompensation,False
1136869,"ZIMMER BIOMET HOLDINGS, INC.",76000000,0000950170-24-092996,2021-12-31,,,,,,2021,ShareBasedCompensation,False
1136869,"ZIMMER BIOMET HOLDINGS, INC.",105000000,0000950170-25-026604,2022-12-31,,,,,,2022,ShareBasedCompensation,False
1136869,"ZIMMER BIOMET HOLDINGS, INC.",99800000,0001193125-26-059853,2023-12-31,,,,,,2023,ShareBasedCompensation,False
1136869,"ZIMMER BIOMET HOLDINGS, INC.",101000000,0001193125-26-059853,2024-12-31,,,,,,2024,ShareBasedCompensation,False
1136869,"ZIMMER BIOMET HOLDINGS, INC.",90200000,0001193125-26-059853,2025-12-31,,,,,,2025,ShareBasedCompensation,False
1136893,"Fidelity National Information Services, Inc.",98000000,0001136893-18-000028,2015-12-31,,,,,,2015,ShareBasedCompensation,False
1136893,"Fidelity National Information Services, Inc.",137000000,0001136893-19-000008,2016-12-31,,,,,,2016,ShareBasedCompensation,False
1136893,"Fidelity National Information Services, Inc.",107000000,0001136893-20-000032,2017-12-31,,,,,,2017,ShareBasedCompensation,False
1136893,"Fidelity National Information Services, Inc.",84000000,0001136893-21-000025,2018-12-31,,,,,,2018,ShareBasedCompensation,False
1136893,"Fidelity National Information Services, Inc.",402000000,0001136893-22-000038,2019-12-31,,,,,,2019,ShareBasedCompensation,False
1136893,"Fidelity National Information Services, Inc.",283000000,0001136893-23-000028,2020-12-31,,,,,,2020,ShareBasedCompensation,False
1136893,"Fidelity National Information Services, Inc.",383000000,0001136893-24-000015,2021-12-31,,,,,,2021,ShareBasedCompensation,False
1136893,"Fidelity National Information Services, Inc.",189000000,0001136893-25-000014,2022-12-31,,,,,,2022,ShareBasedCompensation,False
1136893,"Fidelity National Information Services, Inc.",120000000,0001136893-26-000013,2023-12-31,,,,,,2023,ShareBasedCompensation,False
1136893,"Fidelity National Information Services, Inc.",186000000,0001136893-26-000013,2024-12-31,,,,,,2024,ShareBasedCompensation,False
1136893,"Fidelity National Information Services, Inc.",181000000,0001136893-26-000013,2025-12-31,,,,,,2025,ShareBasedCompensation,False
1137789,Seagate Technology Holdings plc,137000000,0001193125-17-248796,2015-07-03,,,,,,2015,ShareBasedCompensation,False
1137789,Seagate Technology Holdings plc,120000000,0001193125-18-238271,2016-07-01,,,,,,2016,ShareBasedCompensation,False
1137789,Seagate Technology Holdings plc,112000000,0001137789-20-000057,2018-06-29,,,,,,2017,ShareBasedCompensation,False
1137789,Seagate Technology Holdings plc,99000000,0001137789-21-000049,2019-06-28,,,,,,2018,ShareBasedCompensation,False
1137789,Seagate Technology Holdings plc,109000000,0001137789-22-000055,2020-07-03,,,,,,2020,ShareBasedCompensation,False
1137789,Seagate Technology Holdings plc,112000000,0001137789-23-000049,2021-07-02,,,,,,2021,ShareBasedCompensation,False
1137789,Seagate Technology Holdings plc,145000000,0001137789-24-000068,2022-07-01,,,,,,2022,ShareBasedCompensation,False
1137789,Seagate Technology Holdings plc,127000000,0001137789-26-000159,2024-06-28,,,,,,2023,ShareBasedCompensation,False
1137789,Seagate Technology Holdings plc,200000000,0001137789-26-000159,2025-06-27,,,,,,2024,ShareBasedCompensation,False
1137789,Seagate Technology Holdings plc,213000000,0001137789-26-000159,2026-07-03,,,,,,2026,ShareBasedCompensation,False
1138118,"CBRE GROUP, INC.",74709000,0001564590-18-003991,2015-12-31,,,,,,2015,ShareBasedCompensation,False
1138118,"CBRE GROUP, INC.",63484000,0001564590-19-005666,2016-12-31,,,,,,2016,ShareBasedCompensation,False
1138118,"CBRE GROUP, INC.",93087000,0001564590-20-008056,2017-12-31,,,,,,2017,ShareBasedCompensation,False
1138118,"CBRE GROUP, INC.",128171000,0001138118-21-000012,2018-12-31,,,,,,2018,ShareBasedCompensation,False
1138118,"CBRE GROUP, INC.",127738000,0001138118-22-000010,2019-12-31,,,,,,2019,ShareBasedCompensation,False
1138118,"CBRE GROUP, INC.",60391000,0001138118-23-000009,2020-12-31,,,,,,2020,ShareBasedCompensation,False
1138118,"CBRE GROUP, INC.",185000000,0001138118-24-000006,2021-12-31,,,,,,2021,ShareBasedCompensation,False
1138118,"CBRE GROUP, INC.",160000000,0001138118-25-000005,2022-12-31,,,,,,2022,ShareBasedCompensation,False
1138118,"CBRE GROUP, INC.",96000000,0001138118-26-000005,2023-12-31,,,,,,2023,ShareBasedCompensation,False
1138118,"CBRE GROUP, INC.",146000000,0001138118-26-000005,2024-12-31,,,,,,2024,ShareBasedCompensation,False
1138118,"CBRE GROUP, INC.",120000000,0001138118-26-000005,2025-12-31,,,,,,2025,ShareBasedCompensation,False
1140536,WILLIS TOWERS WATSON PLC,64000000,0001140536-18-000016,2015-12-31,,,,,,2015,ShareBasedCompensation,False
1140536,WILLIS TOWERS WATSON PLC,123000000,0001564590-19-004912,2016-12-31,,,,,,2016,ShareBasedCompensation,False
1140536,WILLIS TOWERS WATSON PLC,67000000,0001564590-20-006736,2017-12-31,,,,,,2017,ShareBasedCompensation,False
1140536,WILLIS TOWERS WATSON PLC,50000000,0001564590-21-007578,2018-12-31,,,,,,2018,ShareBasedCompensation,False
1140536,WILLIS TOWERS WATSON PLC,74000000,0000950170-22-001932,2019-12-31,,,,,,2019,ShareBasedCompensation,False
1140536,WILLIS TOWERS WATSON PLC,90000000,0000950170-23-004303,2020-12-31,,,,,,2020,ShareBasedCompensation,False
1140536,WILLIS TOWERS WATSON PLC,101000000,0000950170-24-018575,2021-12-31,,,,,,2021,ShareBasedCompensation,False
1140536,WILLIS TOWERS WATSON PLC,99000000,0000950170-25-026278,2022-12-31,,,,,,2022,ShareBasedCompensation,False
1140536,WILLIS TOWERS WATSON PLC,125000000,0001193125-26-069307,2023-12-31,,,,,,2023,ShareBasedCompensation,False
1140536,WILLIS TOWERS WATSON PLC,121000000,0001193125-26-069307,2024-12-31,,,,,,2024,ShareBasedCompensation,False
1140536,WILLIS TOWERS WATSON PLC,153000000,0001193125-26-069307,2025-12-31,,,,,,2025,ShareBasedCompensation,False
1140859,"Cencora, Inc.",60944000,0001140859-17-000047,2015-09-30,,,,,,2015,ShareBasedCompensation,False
1140859,"Cencora, Inc.",64992000,0001140859-18-000053,2016-09-30,,,,,,2016,ShareBasedCompensation,False
1140859,"Cencora, Inc.",62206000,0001140859-19-000040,2017-09-30,,,,,,2017,ShareBasedCompensation,False
1140859,"Cencora, Inc.",62316000,0001140859-20-000050,2018-09-30,,,,,,2018,ShareBasedCompensation,False
1140859,AMERISOURCEBERGEN CORP,58874000,0001140859-21-000058,2019-09-30,,,,,,2019,ShareBasedCompensation,False
1140859,AMERISOURCEBERGEN CORP,74411000,0001140859-22-000098,2020-09-30,,,,,,2020,ShareBasedCompensation,False
1140859,"CENCORA, INC.",99594000,0001140859-23-000197,2021-09-30,,,,,,2021,ShareBasedCompensation,False
1140859,"CENCORA, INC.",93400000,0001140859-24-000177,2022-09-30,,,,,,2022,ShareBasedCompensation,False
1140859,"Cencora, Inc.",124624000,0001140859-26-000012,2023-09-30,,,,,,2023,ShareBasedCompensation,False
1140859,"Cencora, Inc.",147998000,0001140859-26-000012,2024-09-30,,,,,,2024,ShareBasedCompensation,False
1140859,"Cencora, Inc.",147963000,0001140859-26-000012,2025-09-30,,,,,,2025,ShareBasedCompensation,False
1141391,Mastercard Inc,122000000,0001141391-18-000009,2015-12-31,,,,,,2015,ShareBasedCompensation,False
1141391,Mastercard Inc,149000000,0001141391-19-000013,2016-12-31,,,,,,2016,ShareBasedCompensation,False
1141391,Mastercard Inc,176000000,0001141391-20-000032,2017-12-31,,,,,,2017,ShareBasedCompensation,False
1141391,Mastercard Inc,196000000,0001141391-21-000018,2018-12-31,,,,,,2018,ShareBasedCompensation,False
1141391,Mastercard Incorporated,250000000,0001141391-22-000023,2019-12-31,,,,,,2019,ShareBasedCompensation,False
1141391,Mastercard Incorporated,254000000,0001141391-23-000020,2020-12-31,,,,,,2020,ShareBasedCompensation,False
1141391,Mastercard Incorporated,273000000,0001141391-24-000022,2021-12-31,,,,,,2021,ShareBasedCompensation,False
1141391,Mastercard Incorporated,295000000,0001141391-25-000011,2022-12-31,,,,,,2022,ShareBasedCompensation,False
1141391,Mastercard Incorporated,460000000,0001141391-26-000013,2023-12-31,,,,,,2023,ShareBasedCompensation,False
1141391,Mastercard Incorporated,526000000,0001141391-26-000013,2024-12-31,,,,,,2024,ShareBasedCompensation,False
1141391,Mastercard Incorporated,597000000,0001141391-26-000013,2025-12-31,,,,,,2025,ShareBasedCompensation,False
1145197,INSULET CORP,19178000,0001145197-18-000004,2015-12-31,,,,,,2015,ShareBasedCompensation,False
1145197,INSULET CORP,23617000,0001145197-19-000003,2016-12-31,,,,,,2016,ShareBasedCompensation,False
1145197,INSULET CORP,31900000,0001145197-20-000004,2017-12-31,,,,,,2017,ShareBasedCompensation,False
1145197,INSULET CORP,37500000,0001145197-21-000009,2018-12-31,,,,,,2018,ShareBasedCompensation,False
1145197,INSULET CORPORATION,28700000,0001145197-22-000012,2019-12-31,,,,,,2019,ShareBasedCompensation,False
1145197,INSULET CORPORATION,35900000,0001145197-23-000020,2020-12-31,,,,,,2020,ShareBasedCompensation,False
1145197,INSULET CORPORATION,34400000,0001145197-24-000011,2021-12-31,,,,,,2021,ShareBasedCompensation,False
1145197,INSULET CORPORATION,40900000,0001145197-25-000007,2022-12-31,,,,,,2022,ShareBasedCompensation,False
1145197,INSULET CORPORATION,48400000,0001145197-26-000028,2023-12-31,,,,,,2023,ShareBasedCompensation,False
1145197,INSULET CORPORATION,69300000,0001145197-26-000028,2024-12-31,,,,,,2024,ShareBasedCompensation,False
1145197,INSULET CORPORATION,62700000,0001145197-26-000028,2025-12-31,,,,,,2025,ShareBasedCompensation,False
1156039,"Elevance Health, Inc.",148200000,0001156039-18-000003,2015-12-31,,,,,,2015,ShareBasedCompensation,False
1156039,"Elevance Health, Inc.",165000000,0001156039-19-000004,2016-12-31,,,,,,2016,ShareBasedCompensation,False
1156039,"Elevance Health, Inc.",170000000,0001156039-20-000003,2017-12-31,,,,,,2017,ShareBasedCompensation,False
1156039,"Elevance Health, Inc.",226000000,0001156039-21-000012,2018-12-31,,,,,,2018,ShareBasedCompensation,False
1156039,"ANTHEM, INC.",294000000,0001156039-22-000009,2019-12-31,,,,,,2019,ShareBasedCompensation,False
1156039,"Elevance Health, Inc.",283000000,0001156039-23-000109,2020-12-31,,,,,,2020,ShareBasedCompensation,False
1156039,"ELEVANCE HEALTH, INC.",255000000,0001156039-24-000015,2021-12-31,,,,,,2021,ShareBasedCompensation,False
1156039,"ELEVANCE HEALTH, INC.",264000000,0001156039-25-000010,2022-12-31,,,,,,2022,ShareBasedCompensation,False
1156039,"ELEVANCE HEALTH, INC.",289000000,0001156039-26-000013,2023-12-31,,,,,,2023,ShareBasedCompensation,False
1156039,"ELEVANCE HEALTH, INC.",191000000,0001156039-26-000013,2024-12-31,,,,,,2024,ShareBasedCompensation,False
1156039,"ELEVANCE HEALTH, INC.",276000000,0001156039-26-000013,2025-12-31,,,,,,2025,ShareBasedCompensation,False
1156375,CME GROUP INC.,60800000,0001156375-18-000026,2015-12-31,,,,,,2015,ShareBasedCompensation,False
1156375,CME GROUP INC.,66200000,0001156375-19-000010,2016-12-31,,,,,,2016,ShareBasedCompensation,False
1156375,CME GROUP INC.,58000000,0001156375-20-000013,2017-12-31,,,,,,2017,ShareBasedCompensation,False
1156375,CME GROUP INC.,96500000,0001156375-21-000020,2018-12-31,,,,,,2018,ShareBasedCompensation,False
1156375,CME GROUP INC.,73100000,0001156375-22-000076,2019-12-31,,,,,,2019,ShareBasedCompensation,False
1156375,CME GROUP INC.,96000000,0001156375-23-000020,2020-12-31,,,,,,2020,ShareBasedCompensation,False
1156375,CME GROUP INC.,75200000,0001156375-24-000010,2021-12-31,,,,,,2021,ShareBasedCompensation,False
1156375,CME GROUP INC.,84300000,0001156375-25-000021,2022-12-31,,,,,,2022,ShareBasedCompensation,False
1156375,CME GROUP INC.,82900000,0001156375-26-000009,2023-12-31,,,,,,2023,ShareBasedCompensation,False
1156375,CME GROUP INC.,89500000,0001156375-26-000009,2024-12-31,,,,,,2024,ShareBasedCompensation,False
1156375,CME GROUP INC.,94800000,0001156375-26-000009,2025-12-31,,,,,,2025,ShareBasedCompensation,False
1166691,Comcast Corporation,567000000,0001166691-18-000004,2015-12-31,,,,,,2015,ShareBasedCompensation,False
1166691,Comcast Corporation,640000000,0001166691-19-000005,2016-12-31,,,,,,2016,ShareBasedCompensation,False
1166691,Comcast Corporation,751000000,0001166691-20-000008,2017-12-31,,,,,,2017,ShareBasedCompensation,False
1166691,Comcast Corporation,826000000,0001166691-21-000008,2018-12-31,,,,,,2018,ShareBasedCompensation,False
1166691,COMCAST CORPORATION,1021000000,0001166691-22-000009,2019-12-31,,,,,,2019,ShareBasedCompensation,False
1166691,COMCAST CORPORATION,1193000000,0001166691-23-000010,2020-12-31,,,,,,2020,ShareBasedCompensation,False
1166691,COMCAST CORPORATION,1315000000,0001166691-24-000011,2021-12-31,,,,,,2021,ShareBasedCompensation,False
1166691,COMCAST CORPORATION,1336000000,0001166691-25-000011,2022-12-31,,,,,,2022,ShareBasedCompensation,False
1166691,COMCAST CORPORATION,1241000000,0001628280-26-004994,2023-12-31,,,,,,2023,ShareBasedCompensation,False
1166691,COMCAST CORPORATION,1288000000,0001628280-26-004994,2024-12-31,,,,,,2024,ShareBasedCompensation,False
1166691,COMCAST CORPORATION,1288000000,0001628280-26-004994,2025-12-31,,,,,,2025,ShareBasedCompensation,False
1174922,"WYNN RESORTS, LIMITED",38286000,0001174922-18-000019,2015-12-31,,,,,,2015,ShareBasedCompensation,False
1174922,"WYNN RESORTS, LIMITED",43218000,0001174922-19-000021,2016-12-31,,,,,,2016,ShareBasedCompensation,False
1174922,"WYNN RESORTS, LIMITED",43971000,0001174922-20-000024,2017-12-31,,,,,,2017,ShareBasedCompensation,False
1174922,"WYNN RESORTS, LIMITED",36491000,0001174922-21-000029,2018-12-31,,,,,,2018,ShareBasedCompensation,False
1174922,"WYNN RESORTS, LIMITED",39702000,0001174922-22-000031,2019-12-31,,,,,,2019,ShareBasedCompensation,False
1174922,"WYNN RESORTS, LIMITED",62254000,0001174922-23-000048,2020-12-31,,,,,,2020,ShareBasedCompensation,False
1174922,"WYNN RESORTS, LIMITED",95238000,0001174922-24-000046,2021-12-31,,,,,,2021,ShareBasedCompensation,False
1174922,"WYNN RESORTS, LIMITED",67627000,0001174922-25-000039,2022-12-31,,,,,,2022,ShareBasedCompensation,False
1174922,"WYNN RESORTS, LIMITED",64515000,0001174922-26-000013,2023-12-31,,,,,,2023,ShareBasedCompensation,False
1174922,"WYNN RESORTS, LIMITED",59029000,0001174922-26-000013,2024-12-31,,,,,,2024,ShareBasedCompensation,False
1174922,"WYNN RESORTS, LIMITED",91927000,0001174922-26-000013,2025-12-31,,,,,,2025,ShareBasedCompensation,False
1175454,"Corpay, Inc.",90122000,0001175454-18-000007,2015-12-31,,,,,,2015,ShareBasedCompensation,False
1175454,"Corpay, Inc.",63946000,0001175454-19-000004,2016-12-31,,,,,,2016,ShareBasedCompensation,False
1175454,"Corpay, Inc.",93297000,0001175454-20-000008,2017-12-31,,,,,,2017,ShareBasedCompensation,False
1175454,"Corpay, Inc.",69939000,0001175454-21-000022,2018-12-31,,,,,,2018,ShareBasedCompensation,False
1175454,"FLEETCOR Technologies, Inc.",60953000,0001628280-22-004531,2019-12-31,,,,,,2019,ShareBasedCompensation,False
1175454,"FLEETCOR Technologies, Inc.",43384000,0001628280-23-005444,2020-12-31,,,,,,2020,ShareBasedCompensation,False
1175454,"FLEETCOR Technologies, Inc.",80071000,0001628280-24-008060,2021-12-31,,,,,,2021,ShareBasedCompensation,False
1175454,"Corpay, Inc.",121416000,0001628280-25-008746,2022-12-31,,,,,,2022,ShareBasedCompensation,False
1175454,"Corpay, Inc.",116086000,0001175454-26-000018,2023-12-31,,,,,,2023,ShareBasedCompensation,False
1175454,"Corpay, Inc.",116724000,0001175454-26-000018,2024-12-31,,,,,,2024,ShareBasedCompensation,False
1175454,"Corpay, Inc.",102637000,0001175454-26-000018,2025-12-31,,,,,,2025,ShareBasedCompensation,False
1260221,TransDigm Group Incorporated,31500000,0001260221-17-000060,2015-09-30,,,,,,2015,ShareBasedCompensation,False
1260221,TransDigm Group Incorporated,48306000,0001260221-18-000070,2016-09-30,,,,,,2016,ShareBasedCompensation,False
1260221,TransDigm Group Incorporated,45524000,0001260221-19-000043,2017-09-30,,,,,,2017,ShareBasedCompensation,False
1260221,TransDigm Group Incorporated,58500000,0001260221-20-000099,2018-09-30,,,,,,2018,ShareBasedCompensation,False
1260221,TransDigm Group Incorporated,93000000,0001260221-21-000134,2019-09-30,,,,,,2019,ShareBasedCompensation,False
1260221,TransDigm Group Incorporated,93000000,0001260221-22-000065,2020-09-30,,,,,,2020,ShareBasedCompensation,False
1260221,TransDigm Group Incorporated,129000000,0001260221-23-000081,2021-09-30,,,,,,2021,ShareBasedCompensation,False
1260221,TransDigm Group Incorporated,153000000,0001260221-24-000083,2022-09-30,,,,,,2022,ShareBasedCompensation,False
1260221,TransDigm Group Incorporated,135000000,0001260221-25-000081,2023-09-30,,,,,,2023,ShareBasedCompensation,False
1260221,TransDigm Group Incorporated,188000000,0001260221-25-000081,2024-09-30,,,,,,2024,ShareBasedCompensation,False
1260221,TransDigm Group Incorporated,152000000,0001260221-25-000081,2025-09-30,,,,,,2025,ShareBasedCompensation,False
1262039,"FORTINET, INC.",95088000,0001262039-18-000009,2015-12-31,,,,,,2015,ShareBasedCompensation,False
1262039,"FORTINET, INC.",122400000,0001262039-19-000006,2016-12-31,,,,,,2016,ShareBasedCompensation,False
1262039,"FORTINET, INC.",137200000,0001262039-20-000011,2017-12-31,,,,,,2017,ShareBasedCompensation,False
1262039,"FORTINET, INC.",162900000,0001262039-21-000008,2018-12-31,,,,,,2018,ShareBasedCompensation,False
1262039,"FORTINET, INC.",174100000,0001262039-22-000008,2019-12-31,,,,,,2019,ShareBasedCompensation,False
1262039,"FORTINET, INC.",191700000,0001262039-23-000010,2020-12-31,,,,,,2020,ShareBasedCompensation,False
1262039,"FORTINET, INC.",207900000,0001262039-24-000014,2021-12-31,,,,,,2021,ShareBasedCompensation,False
1262039,"FORTINET, INC.",217300000,0001262039-25-000011,2022-12-31,,,,,,2022,ShareBasedCompensation,False
1262039,"FORTINET, INC.",249000000,0001262039-26-000007,2023-12-31,,,,,,2023,ShareBasedCompensation,False
1262039,"FORTINET, INC.",257900000,0001262039-26-000007,2024-12-31,,,,,,2024,ShareBasedCompensation,False
1262039,"FORTINET, INC.",279500000,0001262039-26-000007,2025-12-31,,,,,,2025,ShareBasedCompensation,False
1267238,"Assurant, Inc.",38800000,0001628280-18-001695,2015-12-31,,,,,,2015,ShareBasedCompensation,False
1267238,"Assurant, Inc.",41600000,0001628280-19-001767,2016-12-31,,,,,,2016,ShareBasedCompensation,False
1267238,"Assurant, Inc.",35500000,0001267238-20-000004,2017-12-31,,,,,,2017,ShareBasedCompensation,False
1267238,"Assurant, Inc.",57100000,0001267238-21-000010,2018-12-31,,,,,,2018,ShareBasedCompensation,False
1267238,"Assurant, Inc.",55900000,0001267238-22-000006,2019-12-31,,,,,,2019,ShareBasedCompensation,False
1267238,"Assurant, Inc.",57900000,0001267238-23-000007,2020-12-31,,,,,,2020,ShareBasedCompensation,False
1267238,"Assurant, Inc.",66700000,0001267238-24-000008,2021-12-31,,,,,,2021,ShareBasedCompensation,False
1267238,"Assurant, Inc.",62600000,0001267238-25-000008,2022-12-31,,,,,,2022,ShareBasedCompensation,False
1267238,"Assurant, Inc.",75100000,0001267238-26-000010,2023-12-31,,,,,,2023,ShareBasedCompensation,False
1267238,"Assurant, Inc.",81100000,0001267238-26-000010,2024-12-31,,,,,,2024,ShareBasedCompensation,False
1267238,"Assurant, Inc.",85700000,0001267238-26-000010,2025-12-31,,,,,,2025,ShareBasedCompensation,False
1274494,"FIRST SOLAR, INC.",44899000,0001274494-18-000011,2015-12-31,,,,,,2015,ShareBasedCompensation,False
1274494,"FIRST SOLAR, INC.",28712000,0001274494-19-000004,2016-12-31,,,,,,2016,ShareBasedCompensation,False
1274494,"FIRST SOLAR, INC.",35121000,0001274494-20-000011,2017-12-31,,,,,,2017,ShareBasedCompensation,False
1274494,"FIRST SOLAR, INC.",34154000,0001628280-21-003343,2018-12-31,,,,,,2018,ShareBasedCompensation,False
1274494,"First Solar, Inc.",37429000,0001274494-22-000009,2019-12-31,,,,,,2019,ShareBasedCompensation,False
1274494,"First Solar, Inc.",29267000,0001274494-23-000002,2020-12-31,,,,,,2020,ShareBasedCompensation,False
1274494,"First Solar, Inc.",20902000,0001274494-24-000004,2021-12-31,,,,,,2021,ShareBasedCompensation,False
1274494,"First Solar, Inc.",28656000,0001274494-25-000010,2022-12-31,,,,,,2022,ShareBasedCompensation,False
1274494,"First Solar, Inc.",34219000,0001274494-26-000021,2023-12-31,,,,,,2023,ShareBasedCompensation,False
1274494,"First Solar, Inc.",28104000,0001274494-26-000021,2024-12-31,,,,,,2024,ShareBasedCompensation,False
1274494,"First Solar, Inc.",19223000,0001274494-26-000021,2025-12-31,,,,,,2025,ShareBasedCompensation,False
1280452,"MONOLITHIC POWER SYSTEMS, INC.",41563000,0001437749-18-003639,2015-12-31,,,,,,2015,ShareBasedCompensation,False
1280452,"MONOLITHIC POWER SYSTEMS, INC.",44989000,0001437749-19-003798,2016-12-31,,,,,,2016,ShareBasedCompensation,False
1280452,"MONOLITHIC POWER SYSTEMS, INC.",52617000,0001437749-20-003943,2017-12-31,,,,,,2017,ShareBasedCompensation,False
1280452,"MONOLITHIC POWER SYSTEMS, INC.",60607000,0001437749-21-004587,2018-12-31,,,,,,2018,ShareBasedCompensation,False
1280452,MONOLITHIC POWER SYSTEMS INC,78699000,0001437749-22-004460,2019-12-31,,,,,,2019,ShareBasedCompensation,False
1280452,MONOLITHIC POWER SYSTEMS INC,85551000,0001437749-23-004540,2020-12-31,,,,,,2020,ShareBasedCompensation,False
1280452,MONOLITHIC POWER SYSTEMS INC,123479000,0001437749-24-006133,2021-12-31,,,,,,2021,ShareBasedCompensation,False
1280452,MONOLITHIC POWER SYSTEMS INC,160992000,0001437749-25-005903,2022-12-31,,,,,,2022,ShareBasedCompensation,False
1280452,MONOLITHIC POWER SYSTEMS INC,149711000,0001437749-26-006113,2023-12-31,,,,,,2023,ShareBasedCompensation,False
1280452,MONOLITHIC POWER SYSTEMS INC,205640000,0001437749-26-006113,2024-12-31,,,,,,2024,ShareBasedCompensation,False
1280452,MONOLITHIC POWER SYSTEMS INC,227491000,0001437749-26-006113,2025-12-31,,,,,,2025,ShareBasedCompensation,False
1283699,"T-MOBILE US, INC.",201000000,0001283699-18-000036,2015-12-31,,,,,,2015,ShareBasedCompensation,False
1283699,"T-MOBILE US, INC.",235000000,0001283699-19-000015,2016-12-31,,,,,,2016,ShareBasedCompensation,False
1283699,"T-MOBILE US, INC.",306000000,0001283699-20-000026,2017-12-31,,,,,,2017,ShareBasedCompensation,False
1283699,"T-MOBILE US, INC.",424000000,0001283699-21-000039,2018-12-31,,,,,,2018,ShareBasedCompensation,False
1283699,"T-MOBILE US, INC.",495000000,0001283699-22-000018,2019-12-31,,,,,,2019,ShareBasedCompensation,False
1283699,"T-MOBILE US, INC.",694000000,0001283699-23-000016,2020-12-31,,,,,,2020,ShareBasedCompensation,False
1283699,"T-MOBILE US, INC.",540000000,0001283699-24-000008,2021-12-31,,,,,,2021,ShareBasedCompensation,False
1283699,"T-MOBILE US, INC.",595000000,0001283699-25-000012,2022-12-31,,,,,,2022,ShareBasedCompensation,False
1283699,"T-MOBILE US, INC.",667000000,0001283699-26-000010,2023-12-31,,,,,,2023,ShareBasedCompensation,False
1283699,"T-MOBILE US, INC.",649000000,0001283699-26-000010,2024-12-31,,,,,,2024,ShareBasedCompensation,False
1283699,"T-MOBILE US, INC.",829000000,0001283699-26-000010,2025-12-31,,,,,,2025,ShareBasedCompensation,False
1285785,Mosaic Co,41300000,0001618034-18-000003,2015-12-31,,,,,,2015,ShareBasedCompensation,False
1285785,Mosaic Co,30500000,0001618034-19-000004,2016-12-31,,,,,,2016,ShareBasedCompensation,False
1285785,Mosaic Co,28000000,0001618034-20-000003,2017-12-31,,,,,,2017,ShareBasedCompensation,False
1285785,Mosaic Co,27500000,0001618034-21-000003,2018-12-31,,,,,,2018,ShareBasedCompensation,False
1285785,Mosaic Co,27900000,0001618034-22-000004,2019-12-31,,,,,,2019,ShareBasedCompensation,False
1285785,Mosaic Co,17800000,0001618034-23-000003,2020-12-31,,,,,,2020,ShareBasedCompensation,False
1285785,Mosaic Co,29500000,0001618034-24-000004,2021-12-31,,,,,,2021,ShareBasedCompensation,False
1285785,Mosaic Co,27900000,0001618034-25-000003,2022-12-31,,,,,,2022,ShareBasedCompensation,False
1285785,Mosaic Co,33000000,0001285785-26-000017,2023-12-31,,,,,,2023,ShareBasedCompensation,False
1285785,Mosaic Co,31800000,0001285785-26-000017,2024-12-31,,,,,,2024,ShareBasedCompensation,False
1285785,Mosaic Co,30700000,0001285785-26-000017,2025-12-31,,,,,,2025,ShareBasedCompensation,False
1286681,DOMINOS PIZZA INC,17623000,0001193125-18-049576,2016-01-03,,,,,,2015,ShareBasedCompensation,False
1286681,DOMINOS PIZZA INC,18564000,0001193125-19-046191,2017-01-01,,,,,,2016,ShareBasedCompensation,False
1286681,DOMINOS PIZZA INC,20713000,0001193125-20-042675,2017-12-31,,,,,,2017,ShareBasedCompensation,False
1286681,DOMINOS PIZZA INC,22792000,0001193125-21-055734,2018-12-30,,,,,,2018,ShareBasedCompensation,False
1286681,DOMINOS PIZZA INC,20265000,0000950170-22-002426,2019-12-29,,,,,,2019,ShareBasedCompensation,False
1286681,"Domino’s Pizza, Inc.",24244000,0000950170-23-003938,2021-01-03,,,,,,2020,ShareBasedCompensation,False
1286681,"Domino’s Pizza, Inc.",28670000,0000950170-24-019725,2022-01-02,,,,,,2021,ShareBasedCompensation,False
1286681,"Domino’s Pizza, Inc.",28709000,0000950170-25-025223,2022-12-31,,,,,,2022,ShareBasedCompensation,False
1286681,"Domino’s Pizza, Inc.",37514000,0001193125-26-062321,2023-12-31,,,,,,2023,ShareBasedCompensation,False
1286681,"Domino’s Pizza, Inc.",43255000,0001193125-26-062321,2024-12-29,,,,,,2024,ShareBasedCompensation,False
1286681,"Domino’s Pizza, Inc.",44640000,0001193125-26-062321,2025-12-28,,,,,,2025,ShareBasedCompensation,False
1289490,EXTRA SPACE STORAGE INC.,6055000,0001628280-18-002649,2015-12-31,,,,,,2015,ShareBasedCompensation,False
1289490,EXTRA SPACE STORAGE INC.,8045000,0001628280-19-001968,2016-12-31,,,,,,2016,ShareBasedCompensation,False
1289490,EXTRA SPACE STORAGE INC.,9561000,0001628280-20-002202,2017-12-31,,,,,,2017,ShareBasedCompensation,False
1289490,EXTRA SPACE STORAGE INC.,11176000,0001628280-21-003458,2018-12-31,,,,,,2018,ShareBasedCompensation,False
1289490,EXTRA SPACE STORAGE INC.,13051000,0001628280-22-004274,2019-12-31,,,,,,2019,ShareBasedCompensation,False
1289490,EXTRA SPACE STORAGE INC.,16281000,0001628280-23-005628,2020-12-31,,,,,,2020,ShareBasedCompensation,False
1289490,EXTRA SPACE STORAGE INC.,17303000,0001628280-24-008044,2021-12-31,,,,,,2021,ShareBasedCompensation,False
1289490,EXTRA SPACE STORAGE INC.,21386000,0001628280-25-009060,2022-12-31,,,,,,2022,ShareBasedCompensation,False
1289490,EXTRA SPACE STORAGE INC.,26484000,0001289490-26-000011,2023-12-31,,,,,,2023,ShareBasedCompensation,False
1289490,EXTRA SPACE STORAGE INC.,28991000,0001289490-26-000011,2024-12-31,,,,,,2024,ShareBasedCompensation,False
1289490,EXTRA SPACE STORAGE INC.,35537000,0001289490-26-000011,2025-12-31,,,,,,2025,ShareBasedCompensation,False
1300514,LAS VEGAS SANDS CORP.,46000000,0001300514-18-000022,2015-12-31,,,,,,2015,ShareBasedCompensation,False
1300514,LAS VEGAS SANDS CORP.,34000000,0001300514-19-000021,2016-12-31,,,,,,2016,ShareBasedCompensation,False
1300514,LAS VEGAS SANDS CORP.,34000000,0001300514-20-000011,2017-12-31,,,,,,2017,ShareBasedCompensation,False
1300514,LAS VEGAS SANDS CORP.,30000000,0001300514-21-000033,2018-12-31,,,,,,2018,ShareBasedCompensation,False
1300514,LAS VEGAS SANDS CORP.,35000000,0001300514-22-000007,2019-12-31,,,,,,2019,ShareBasedCompensation,False
1300514,LAS VEGAS SANDS CORP.,22000000,0001300514-23-000021,2020-12-31,,,,,,2020,ShareBasedCompensation,False
1300514,LAS VEGAS SANDS CORP.,22000000,0001300514-24-000048,2021-12-31,,,,,,2021,ShareBasedCompensation,False
1300514,LAS VEGAS SANDS CORP.,39000000,0001300514-25-000040,2022-12-31,,,,,,2022,ShareBasedCompensation,False
1300514,LAS VEGAS SANDS CORP.,44000000,0001300514-26-000013,2023-12-31,,,,,,2023,ShareBasedCompensation,False
1300514,LAS VEGAS SANDS CORP.,55000000,0001300514-26-000013,2024-12-31,,,,,,2024,ShareBasedCompensation,False
1300514,LAS VEGAS SANDS CORP.,54000000,0001300514-26-000013,2025-12-31,,,,,,2025,ShareBasedCompensation,False
1316835,"BUILDERS FIRSTSOURCE, INC.",6848000,0001564590-18-004035,2015-12-31,,,,,,2015,ShareBasedCompensation,False
1316835,"BUILDERS FIRSTSOURCE, INC.",10549000,0001564590-19-005770,2016-12-31,,,,,,2016,ShareBasedCompensation,False
1316835,"BUILDERS FIRSTSOURCE, INC.",13508000,0001564590-20-005717,2017-12-31,,,,,,2017,ShareBasedCompensation,False
1316835,"BUILDERS FIRSTSOURCE, INC.",14420000,0001564590-21-009308,2018-12-31,,,,,,2018,ShareBasedCompensation,False
1316835,"BUILDERS FIRSTSOURCE, INC.",12239000,0001564590-22-007980,2019-12-31,,,,,,2019,ShareBasedCompensation,False
1316835,"BUILDERS FIRSTSOURCE, INC.",17022000,0000950170-23-004939,2020-12-31,,,,,,2020,ShareBasedCompensation,False
1316835,"BUILDERS FIRSTSOURCE, INC.",31486000,0000950170-24-018584,2021-12-31,,,,,,2021,ShareBasedCompensation,False
1316835,"BUILDERS FIRSTSOURCE, INC.",31337000,0000950170-25-023953,2022-12-31,,,,,,2022,ShareBasedCompensation,False
1316835,"BUILDERS FIRSTSOURCE, INC.",48522000,0001193125-26-054643,2023-12-31,,,,,,2023,ShareBasedCompensation,False
1316835,"BUILDERS FIRSTSOURCE, INC.",63111000,0001193125-26-054643,2024-12-31,,,,,,2024,ShareBasedCompensation,False
1316835,"BUILDERS FIRSTSOURCE, INC.",53512000,0001193125-26-054643,2025-12-31,,,,,,2025,ShareBasedCompensation,False
1318605,"Tesla, Inc.",197999000,0001564590-18-002956,2015-12-31,,,,,,2015,ShareBasedCompensation,False
1318605,"Tesla, Inc.",334225000,0001564590-19-003165,2016-12-31,,,,,,2016,ShareBasedCompensation,False
1318605,"Tesla, Inc.",467000000,0001564590-20-004475,2017-12-31,,,,,,2017,ShareBasedCompensation,False
1318605,"Tesla, Inc.",749000000,0001564590-21-004599,2018-12-31,,,,,,2018,ShareBasedCompensation,False
1318605,"Tesla, Inc.",898000000,0000950170-22-000796,2019-12-31,,,,,,2019,ShareBasedCompensation,False
1318605,"Tesla, Inc.",1734000000,0000950170-23-001409,2020-12-31,,,,,,2020,ShareBasedCompensation,False
1318605,"Tesla, Inc.",2121000000,0001628280-24-002390,2021-12-31,,,,,,2021,ShareBasedCompensation,False
1318605,"Tesla, Inc.",1560000000,0001628280-25-003063,2022-12-31,,,,,,2022,ShareBasedCompensation,False
1318605,"Tesla, Inc.",1812000000,0001628280-26-003952,2023-12-31,,,,,,2023,ShareBasedCompensation,False
1318605,"Tesla, Inc.",1999000000,0001628280-26-003952,2024-12-31,,,,,,2024,ShareBasedCompensation,False
1318605,"Tesla, Inc.",2825000000,0001628280-26-003952,2025-12-31,,,,,,2025,ShareBasedCompensation,False
1321655,Palantir Technologies Inc.,248503000,0001193125-21-060650,2018-12-31,,,,,,2018,ShareBasedCompensation,False
1321655,Palantir Technologies Inc.,241970000,0001193125-22-050913,2019-12-31,,,,,,2019,ShareBasedCompensation,False
1321655,Palantir Technologies Inc.,1270702000,0001321655-23-000011,2020-12-31,,,,,,2020,ShareBasedCompensation,False
1321655,Palantir Technologies Inc.,778215000,0001321655-24-000022,2021-12-31,,,,,,2021,ShareBasedCompensation,False
1321655,Palantir Technologies Inc.,564798000,0001321655-25-000022,2022-12-31,,,,,,2022,ShareBasedCompensation,False
1321655,Palantir Technologies Inc.,475903000,0001321655-26-000011,2023-12-31,,,,,,2023,ShareBasedCompensation,False
1321655,Palantir Technologies Inc.,691638000,0001321655-26-000011,2024-12-31,,,,,,2024,ShareBasedCompensation,False
1321655,Palantir Technologies Inc.,684033000,0001321655-26-000011,2025-12-31,,,,,,2025,ShareBasedCompensation,False
1324404,"CF INDUSTRIES HOLDINGS, INC.",17000000,0001324404-18-000006,2015-12-31,,,,,,2015,ShareBasedCompensation,False
1324404,"CF INDUSTRIES HOLDINGS, INC.",19000000,0001324404-19-000006,2016-12-31,,,,,,2016,ShareBasedCompensation,False
1324404,"CF INDUSTRIES HOLDINGS, INC.",17000000,0001324404-20-000006,2017-12-31,,,,,,2017,ShareBasedCompensation,False
1324404,"CF INDUSTRIES HOLDINGS, INC.",22000000,0001324404-21-000008,2018-12-31,,,,,,2018,ShareBasedCompensation,False
1324404,"CF INDUSTRIES HOLDINGS, INC.",28000000,0001324404-22-000008,2019-12-31,,,,,,2019,ShareBasedCompensation,False
1324404,"CF INDUSTRIES HOLDINGS, INC.",25000000,0001324404-23-000006,2020-12-31,,,,,,2020,ShareBasedCompensation,False
1324404,"CF INDUSTRIES HOLDINGS, INC.",30000000,0001324404-24-000008,2021-12-31,,,,,,2021,ShareBasedCompensation,False
1324404,"CF INDUSTRIES HOLDINGS, INC.",41000000,0001324404-25-000006,2022-12-31,,,,,,2022,ShareBasedCompensation,False
1324404,"CF INDUSTRIES HOLDINGS, INC.",37000000,0001324404-26-000007,2023-12-31,,,,,,2023,ShareBasedCompensation,False
1324404,"CF INDUSTRIES HOLDINGS, INC.",36000000,0001324404-26-000007,2024-12-31,,,,,,2024,ShareBasedCompensation,False
1324404,"CF INDUSTRIES HOLDINGS, INC.",45000000,0001324404-26-000007,2025-12-31,,,,,,2025,ShareBasedCompensation,False
1324424,"Expedia Group, Inc.",178068000,0001324424-18-000006,2015-12-31,,,,,,2015,ShareBasedCompensation,False
1324424,"Expedia Group, Inc.",242000000,0001324424-19-000006,2016-12-31,,,,,,2016,ShareBasedCompensation,False
1324424,"Expedia Group, Inc.",149000000,0001324424-20-000009,2017-12-31,,,,,,2017,ShareBasedCompensation,False
1324424,"Expedia Group, Inc.",203000000,0001324424-21-000015,2018-12-31,,,,,,2018,ShareBasedCompensation,False
1324424,"EXPEDIA GROUP, INC.",241000000,0001324424-22-000009,2019-12-31,,,,,,2019,ShareBasedCompensation,False
1324424,"EXPEDIA GROUP, INC.",205000000,0001324424-23-000007,2020-12-31,,,,,,2020,ShareBasedCompensation,False
1324424,"EXPEDIA GROUP, INC.",418000000,0001324424-24-000007,2021-12-31,,,,,,2021,ShareBasedCompensation,False
1324424,"EXPEDIA GROUP, INC.",374000000,0001324424-25-000008,2022-12-31,,,,,,2022,ShareBasedCompensation,False
1324424,"EXPEDIA GROUP, INC.",413000000,0001324424-26-000008,2023-12-31,,,,,,2023,ShareBasedCompensation,False
1324424,"EXPEDIA GROUP, INC.",458000000,0001324424-26-000008,2024-12-31,,,,,,2024,ShareBasedCompensation,False
1324424,"EXPEDIA GROUP, INC.",398000000,0001324424-26-000008,2025-12-31,,,,,,2025,ShareBasedCompensation,False
1326801,"Meta Platforms, Inc.",2960000000,0001326801-18-000009,2015-12-31,,,,,,2015,ShareBasedCompensation,False
1326801,"Meta Platforms, Inc.",3218000000,0001326801-19-000009,2016-12-31,,,,,,2016,ShareBasedCompensation,False
1326801,"Meta Platforms, Inc.",3723000000,0001326801-20-000013,2017-12-31,,,,,,2017,ShareBasedCompensation,False
1326801,"Meta Platforms, Inc.",4152000000,0001326801-21-000014,2018-12-31,,,,,,2018,ShareBasedCompensation,False
1326801,"Meta Platforms, Inc.",4836000000,0001326801-22-000018,2019-12-31,,,,,,2019,ShareBasedCompensation,False
1326801,"Meta Platforms, Inc.",6536000000,0001326801-23-000013,2020-12-31,,,,,,2020,ShareBasedCompensation,False
1326801,"Meta Platforms, Inc.",9164000000,0001326801-24-000012,2021-12-31,,,,,,2021,ShareBasedCompensation,False
1326801,"Meta Platforms, Inc.",11992000000,0001326801-25-000017,2022-12-31,,,,,,2022,ShareBasedCompensation,False
1326801,"Meta Platforms, Inc.",14027000000,0001628280-26-003942,2023-12-31,,,,,,2023,ShareBasedCompensation,False
1326801,"Meta Platforms, Inc.",16690000000,0001628280-26-003942,2024-12-31,,,,,,2024,ShareBasedCompensation,False
1326801,"Meta Platforms, Inc.",20427000000,0001628280-26-003942,2025-12-31,,,,,,2025,ShareBasedCompensation,False
1327567,"PALO ALTO NETWORKS, INC",221300000,0001327567-17-000027,2015-07-31,,,,,,2015,ShareBasedCompensation,False
1327567,"PALO ALTO NETWORKS, INC",392800000,0001327567-18-000024,2016-07-31,,,,,,2016,ShareBasedCompensation,False
1327567,"PALO ALTO NETWORKS, INC",474500000,0001327567-19-000032,2017-07-31,,,,,,2017,ShareBasedCompensation,False
1327567,"PALO ALTO NETWORKS, INC",496700000,0001327567-20-000032,2018-07-31,,,,,,2018,ShareBasedCompensation,False
1327567,Palo Alto Networks Inc,567700000,0001327567-21-000029,2019-07-31,,,,,,2019,ShareBasedCompensation,False
1327567,"Palo Alto Networks, Inc",658400000,0001327567-22-000028,2020-07-31,,,,,,2020,ShareBasedCompensation,False
1327567,"Palo Alto Networks, Inc",894500000,0001327567-23-000024,2021-07-31,,,,,,2021,ShareBasedCompensation,False
1327567,"Palo Alto Networks, Inc",1011100000,0001327567-24-000029,2022-07-31,,,,,,2022,ShareBasedCompensation,False
1327567,"Palo Alto Networks, Inc",1074500000,0001327567-25-000027,2023-07-31,,,,,,2023,ShareBasedCompensation,False
1327567,"Palo Alto Networks, Inc",1076000000,0001327567-26-000023,2024-07-31,,,,,,2024,ShareBasedCompensation,False
1327567,"Palo Alto Networks, Inc",1295000000,0001327567-26-000023,2025-07-31,,,,,,2025,ShareBasedCompensation,False
1327567,"Palo Alto Networks, Inc",1774000000,0001327567-26-000023,2026-07-31,,,,,,2026,ShareBasedCompensation,False
1327811,"WORKDAY, INC.",249970000,0001327811-18-000009,2016-01-31,,,,,,2015,ShareBasedCompensation,False
1327811,"WORKDAY, INC.",372272000,0001327811-19-000038,2017-01-31,,,,,,2016,ShareBasedCompensation,False
1327811,"WORKDAY, INC.",478425000,0001327811-20-000022,2018-01-31,,,,,,2017,ShareBasedCompensation,False
1327811,"WORKDAY, INC.",652465000,0001327811-21-000020,2019-01-31,,,,,,2018,ShareBasedCompensation,False
1327811,"WORKDAY, INC.",859571000,0001327811-22-000030,2020-01-31,,,,,,2019,ShareBasedCompensation,False
1327811,"WORKDAY, INC.",1004854000,0001327811-23-000024,2021-01-31,,,,,,2020,ShareBasedCompensation,False
1327811,"WORKDAY, INC.",1101000000,0001327811-24-000044,2022-01-31,,,,,,2021,ShareBasedCompensation,False
1327811,"WORKDAY, INC.",1295000000,0001327811-25-000056,2023-01-31,,,,,,2022,ShareBasedCompensation,False
1327811,"WORKDAY, INC.",1416000000,0001327811-26-000014,2024-01-31,,,,,,2023,ShareBasedCompensation,False
1327811,"WORKDAY, INC.",1519000000,0001327811-26-000014,2025-01-31,,,,,,2024,ShareBasedCompensation,False
1327811,"WORKDAY, INC.",1626000000,0001327811-26-000014,2026-01-31,,,,,,2025,ShareBasedCompensation,False
1335258,"LIVE NATION ENTERTAINMENT, INC.",33361000,0001335258-18-000023,2015-12-31,,,,,,2015,ShareBasedCompensation,False
1335258,"LIVE NATION ENTERTAINMENT, INC.",32723000,0001335258-19-000024,2016-12-31,,,,,,2016,ShareBasedCompensation,False
1335258,"LIVE NATION ENTERTAINMENT, INC.",42755000,0001335258-20-000028,2017-12-31,,,,,,2017,ShareBasedCompensation,False
1335258,"LIVE NATION ENTERTAINMENT, INC.",45582000,0001335258-21-000009,2018-12-31,,,,,,2018,ShareBasedCompensation,False
1335258,"LIVE NATION ENTERTAINMENT, INC.",48785000,0001335258-22-000019,2019-12-31,,,,,,2019,ShareBasedCompensation,False
1335258,"LIVE NATION ENTERTAINMENT, INC.",116889000,0001335258-23-000014,2020-12-31,,,,,,2020,ShareBasedCompensation,False
1335258,"LIVE NATION ENTERTAINMENT, INC.",209337000,0001335258-24-000017,2021-12-31,,,,,,2021,ShareBasedCompensation,False
1335258,"LIVE NATION ENTERTAINMENT, INC.",110049000,0001335258-25-000028,2022-12-31,,,,,,2022,ShareBasedCompensation,False
1335258,"LIVE NATION ENTERTAINMENT, INC.",115959000,0001335258-26-000009,2023-12-31,,,,,,2023,ShareBasedCompensation,False
1335258,"LIVE NATION ENTERTAINMENT, INC.",110348000,0001335258-26-000009,2024-12-31,,,,,,2024,ShareBasedCompensation,False
1335258,"LIVE NATION ENTERTAINMENT, INC.",155219000,0001335258-26-000009,2025-12-31,,,,,,2025,ShareBasedCompensation,False
1336920,"LEIDOS HOLDINGS, INC.",30000000,0001336920-18-000008,2016-01-01,,,,,,2015,ShareBasedCompensation,False
1336920,"LEIDOS HOLDINGS, INC.",35000000,0001336920-19-000004,2016-12-30,,,,,,2016,ShareBasedCompensation,False
1336920,"LEIDOS HOLDINGS, INC.",43000000,0001336920-20-000023,2017-12-29,,,,,,2017,ShareBasedCompensation,False
1336920,"LEIDOS HOLDINGS, INC.",44000000,0001336920-21-000010,2018-12-28,,,,,,2018,ShareBasedCompensation,False
1336920,"Leidos Holdings, Inc.",52000000,0001336920-22-000007,2020-01-03,,,,,,2019,ShareBasedCompensation,False
1336920,"Leidos Holdings, Inc.",62000000,0001336920-23-000015,2021-01-01,,,,,,2020,ShareBasedCompensation,False
1336920,"Leidos Holdings, Inc.",67000000,0001336920-24-000008,2021-12-31,,,,,,2021,ShareBasedCompensation,False
1336920,"Leidos Holdings, Inc.",73000000,0001336920-25-000006,2022-12-30,,,,,,2022,ShareBasedCompensation,False
1336920,"Leidos Holdings, Inc.",77000000,0001336920-26-000030,2023-12-29,,,,,,2023,ShareBasedCompensation,False
1336920,"Leidos Holdings, Inc.",85000000,0001336920-26-000030,2025-01-03,,,,,,2024,ShareBasedCompensation,False
1336920,"Leidos Holdings, Inc.",95000000,0001336920-26-000030,2026-01-02,,,,,,2025,ShareBasedCompensation,False
1341439,Oracle Corporation,1037000000,0001193125-18-201034,2016-05-31,,,,,,2015,ShareBasedCompensation,False
1341439,Oracle Corporation,1350000000,0001564590-19-023119,2017-05-31,,,,,,2016,ShareBasedCompensation,False
1341439,Oracle Corporation,1607000000,0001564590-20-030125,2018-05-31,,,,,,2017,ShareBasedCompensation,False
1341439,Oracle Corporation,1653000000,0001564590-21-033616,2019-05-31,,,,,,2018,ShareBasedCompensation,False
1341439,Oracle Corporation,1590000000,0001564590-22-023675,2020-05-31,,,,,,2019,ShareBasedCompensation,False
1341439,Oracle Corporation,1837000000,0000950170-23-028914,2021-05-31,,,,,,2020,ShareBasedCompensation,False
1341439,Oracle Corporation,2613000000,0000950170-24-075605,2022-05-31,,,,,,2021,ShareBasedCompensation,False
1341439,Oracle Corporation,3547000000,0000950170-25-087926,2023-05-31,,,,,,2022,ShareBasedCompensation,False
1341439,Oracle Corporation,3974000000,0001193125-26-277521,2024-05-31,,,,,,2023,ShareBasedCompensation,False
1341439,Oracle Corporation,4674000000,0001193125-26-277521,2025-05-31,,,,,,2024,ShareBasedCompensation,False
1341439,Oracle Corporation,4811000000,0001193125-26-277521,2026-05-31,,,,,,2025,ShareBasedCompensation,False
1373715,"SERVICENOW, INC.",257713000,0001373715-18-000058,2015-12-31,,,,,,2015,ShareBasedCompensation,False
1373715,"SERVICENOW, INC.",317654000,0001373715-19-000070,2016-12-31,,,,,,2016,ShareBasedCompensation,False
1373715,"SERVICENOW, INC.",394004000,0001373715-20-000072,2017-12-31,,,,,,2017,ShareBasedCompensation,False
1373715,"SERVICENOW, INC.",543953000,0001373715-21-000061,2018-12-31,,,,,,2018,ShareBasedCompensation,False
1373715,"SERVICENOW, INC.",662000000,0001373715-22-000024,2019-12-31,,,,,,2019,ShareBasedCompensation,False
1373715,"SERVICENOW, INC.",870000000,0001373715-23-000035,2020-12-31,,,,,,2020,ShareBasedCompensation,False
1373715,"SERVICENOW, INC.",1131000000,0001373715-24-000030,2021-12-31,,,,,,2021,ShareBasedCompensation,False
1373715,"SERVICENOW, INC.",1401000000,0001373715-25-000010,2022-12-31,,,,,,2022,ShareBasedCompensation,False
1373715,"SERVICENOW, INC.",1604000000,0001373715-26-000007,2023-12-31,,,,,,2023,ShareBasedCompensation,False
1373715,"SERVICENOW, INC.",1746000000,0001373715-26-000007,2024-12-31,,,,,,2024,ShareBasedCompensation,False
1373715,"SERVICENOW, INC.",1955000000,0001373715-26-000007,2025-12-31,,,,,,2025,ShareBasedCompensation,False
1374310,"Cboe Global Markets, Inc.",12200000,0001558370-18-000953,2015-12-31,,,,,,2015,ShareBasedCompensation,False
1374310,"Cboe Global Markets, Inc.",14500000,0001558370-19-000884,2016-12-31,,,,,,2016,ShareBasedCompensation,False
1374310,"Cboe Global Markets, Inc.",52600000,0001558370-20-001127,2017-12-31,,,,,,2017,ShareBasedCompensation,False
1374310,"Cboe Global Markets, Inc.",35100000,0001558370-21-001286,2018-12-31,,,,,,2018,ShareBasedCompensation,False
1374310,"Cboe Global Markets, Inc.",21800000,0001558370-22-001386,2019-12-31,,,,,,2019,ShareBasedCompensation,False
1374310,"Cboe Global Markets, Inc.",21700000,0001558370-23-001489,2020-12-31,,,,,,2020,ShareBasedCompensation,False
1374310,"Cboe Global Markets, Inc.",26600000,0001558370-24-001277,2021-12-31,,,,,,2021,ShareBasedCompensation,False
1374310,"Cboe Global Markets, Inc.",30700000,0001628280-25-006984,2022-12-31,,,,,,2022,ShareBasedCompensation,False
1374310,"Cboe Global Markets, Inc.",41300000,0001628280-26-010013,2023-12-31,,,,,,2023,ShareBasedCompensation,False
1374310,"Cboe Global Markets, Inc.",41800000,0001628280-26-010013,2024-12-31,,,,,,2024,ShareBasedCompensation,False
1374310,"Cboe Global Markets, Inc.",50400000,0001628280-26-010013,2025-12-31,,,,,,2025,ShareBasedCompensation,False
1375365,"SUPER MICRO COMPUTER, INC.",14436000,0001375365-19-000039,2015-06-30,,,,,,2015,ShareBasedCompensation,False
1375365,"SUPER MICRO COMPUTER, INC.",16930000,0001375365-19-000039,2016-06-30,,,,,,2016,ShareBasedCompensation,False
1375365,"SUPER MICRO COMPUTER, INC.",19665000,0001375365-19-000079,2017-06-30,,,,,,2017,ShareBasedCompensation,False
1375365,"SUPER MICRO COMPUTER, INC.",24656000,0001375365-20-000064,2018-06-30,,,,,,2018,ShareBasedCompensation,False
1375365,"SUPER MICRO COMPUTER, INC.",21184000,0001375365-21-000060,2019-06-30,,,,,,2019,ShareBasedCompensation,False
1375365,"Super Micro Computer, Inc.",20189000,0001375365-22-000103,2020-06-30,,,,,,2020,ShareBasedCompensation,False
1375365,"Super Micro Computer, Inc.",28549000,0001375365-23-000036,2021-06-30,,,,,,2021,ShareBasedCompensation,False
1375365,"Super Micro Computer, Inc.",32816000,0001375365-25-000004,2022-06-30,,,,,,2022,ShareBasedCompensation,False
1375365,"Super Micro Computer, Inc.",54433000,0001375365-25-000027,2023-06-30,,,,,,2023,ShareBasedCompensation,False
1375365,"Super Micro Computer, Inc.",231507000,0001375365-26-000022,2024-06-30,,,,,,2024,ShareBasedCompensation,False
1375365,"Super Micro Computer, Inc.",314452000,0001375365-26-000022,2025-06-30,,,,,,2025,ShareBasedCompensation,False
1375365,"Super Micro Computer, Inc.",412115000,0001375365-26-000022,2026-06-30,,,,,,2026,ShareBasedCompensation,False
1381197,"INTERACTIVE BROKERS GROUP, INC.",50000000,0001047469-18-001166,2015-12-31,,,,,,2015,ShareBasedCompensation,False
1381197,"INTERACTIVE BROKERS GROUP, INC.",51000000,0001140361-19-004097,2016-12-31,,,,,,2016,ShareBasedCompensation,False
1381197,"INTERACTIVE BROKERS GROUP, INC.",53000000,0001381197-20-000006,2017-12-31,,,,,,2017,ShareBasedCompensation,False
1381197,"INTERACTIVE BROKERS GROUP, INC.",58000000,0001381197-21-000008,2018-12-31,,,,,,2018,ShareBasedCompensation,False
1381197,"INTERACTIVE BROKERS GROUP, INC.",60000000,0001381197-22-000010,2019-12-31,,,,,,2019,ShareBasedCompensation,False
1381197,"INTERACTIVE BROKERS GROUP, INC.",65000000,0001381197-23-000014,2020-12-31,,,,,,2020,ShareBasedCompensation,False
1381197,"INTERACTIVE BROKERS GROUP, INC.",80000000,0001381197-24-000083,2021-12-31,,,,,,2021,ShareBasedCompensation,False
1381197,"INTERACTIVE BROKERS GROUP, INC.",92000000,0001381197-25-000036,2022-12-31,,,,,,2022,ShareBasedCompensation,False
1381197,"INTERACTIVE BROKERS GROUP, INC.",100000000,0001381197-26-000062,2023-12-31,,,,,,2023,ShareBasedCompensation,False
1381197,"INTERACTIVE BROKERS GROUP, INC.",112000000,0001381197-26-000062,2024-12-31,,,,,,2024,ShareBasedCompensation,False
1381197,"INTERACTIVE BROKERS GROUP, INC.",118000000,0001381197-26-000062,2025-12-31,,,,,,2025,ShareBasedCompensation,False
1383312,"BROADRIDGE FINANCIAL SOLUTIONS, INC.",38600000,0001383312-17-000053,2015-06-30,,,,,,2015,ShareBasedCompensation,False
1383312,"BROADRIDGE FINANCIAL SOLUTIONS, INC.",43100000,0001383312-18-000041,2016-06-30,,,,,,2016,ShareBasedCompensation,False
1383312,"BROADRIDGE FINANCIAL SOLUTIONS, INC.",46100000,0001383312-19-000042,2017-06-30,,,,,,2017,ShareBasedCompensation,False
1383312,"BROADRIDGE FINANCIAL SOLUTIONS, INC.",55100000,0001383312-20-000055,2018-06-30,,,,,,2018,ShareBasedCompensation,False
1383312,"BROADRIDGE FINANCIAL SOLUTIONS, INC.",58400000,0001383312-21-000047,2019-06-30,,,,,,2019,ShareBasedCompensation,False
1383312,"BROADRIDGE FINANCIAL SOLUTIONS, INC.",60800000,0001383312-22-000037,2020-06-30,,,,,,2020,ShareBasedCompensation,False
1383312,"BROADRIDGE FINANCIAL SOLUTIONS, INC.",58600000,0001383312-23-000037,2021-06-30,,,,,,2021,ShareBasedCompensation,False
1383312,"BROADRIDGE FINANCIAL SOLUTIONS, INC.",68400000,0001383312-24-000039,2022-06-30,,,,,,2022,ShareBasedCompensation,False
1383312,"BROADRIDGE FINANCIAL SOLUTIONS, INC.",73100000,0001383312-24-000039,2023-06-30,,,,,,2023,ShareBasedCompensation,False
1383312,"BROADRIDGE FINANCIAL SOLUTIONS, INC.",70600000,0001383312-24-000039,2024-06-30,,,,,,2024,ShareBasedCompensation,False
1385157,TE CONNECTIVITY PLC,89000000,0001047469-17-007037,2015-09-25,,,,,,2015,ShareBasedCompensation,False
1385157,TE CONNECTIVITY LTD.,87000000,0001047469-18-007210,2016-09-30,,,,,,2016,ShareBasedCompensation,False
1385157,TE CONNECTIVITY PLC,95000000,0001558370-19-010758,2017-09-29,,,,,,2017,ShareBasedCompensation,False
1385157,TE CONNECTIVITY PLC,95000000,0001558370-20-013511,2018-09-28,,,,,,2018,ShareBasedCompensation,False
1385157,TE CONNECTIVITY LTD.,75000000,0001558370-21-015228,2019-09-27,,,,,,2019,ShareBasedCompensation,False
1385157,TE CONNECTIVITY LTD.,74000000,0001558370-22-017931,2020-09-25,,,,,,2020,ShareBasedCompensation,False
1385157,TE CONNECTIVITY LTD.,94000000,0001558370-23-018833,2021-09-24,,,,,,2021,ShareBasedCompensation,False
1385157,TE CONNECTIVITY PLC,119000000,0001558370-24-015227,2022-09-30,,,,,,2022,ShareBasedCompensation,False
1385157,TE CONNECTIVITY PLC,123000000,0001104659-25-109150,2023-09-29,,,,,,2023,ShareBasedCompensation,False
1385157,TE CONNECTIVITY PLC,127000000,0001104659-25-109150,2024-09-27,,,,,,2024,ShareBasedCompensation,False
1385157,TE CONNECTIVITY PLC,149000000,0001104659-25-109150,2025-09-26,,,,,,2025,ShareBasedCompensation,False
1389170,TARGA RESOURCES CORP.,25000000,0001564590-18-002330,2015-12-31,,,,,,2015,ShareBasedCompensation,False
1389170,TARGA RESOURCES CORP.,29700000,0001564590-19-005727,2016-12-31,,,,,,2016,ShareBasedCompensation,False
1389170,TARGA RESOURCES CORP.,42300000,0001564590-20-005592,2017-12-31,,,,,,2017,ShareBasedCompensation,False
1389170,TARGA RESOURCES CORP.,56300000,0001564590-21-006640,2018-12-31,,,,,,2018,ShareBasedCompensation,False
1389170,TARGA RESOURCES CORP.,60300000,0001564590-22-006563,2019-12-31,,,,,,2019,ShareBasedCompensation,False
1389170,TARGA RESOURCES CORP.,66200000,0000950170-23-003797,2020-12-31,,,,,,2020,ShareBasedCompensation,False
1389170,TARGA RESOURCES CORP.,59200000,0000950170-24-015841,2021-12-31,,,,,,2021,ShareBasedCompensation,False
1389170,TARGA RESOURCES CORP.,57500000,0000950170-25-023983,2022-12-31,,,,,,2022,ShareBasedCompensation,False
1389170,TARGA RESOURCES CORP.,62400000,0001193125-26-059296,2023-12-31,,,,,,2023,ShareBasedCompensation,False
1389170,TARGA RESOURCES CORP.,63200000,0001193125-26-059296,2024-12-31,,,,,,2024,ShareBasedCompensation,False
1389170,TARGA RESOURCES CORP.,69500000,0001193125-26-059296,2025-12-31,,,,,,2025,ShareBasedCompensation,False
1393052,Veeva Systems Inc.,76425000,0001393052-21-000015,2019-01-31,,,,,,2018,ShareBasedCompensation,False
1393052,Veeva Systems Inc.,115906000,0001393052-22-000017,2020-01-31,,,,,,2019,ShareBasedCompensation,False
1393052,Veeva Systems Inc.,185001000,0001393052-23-000025,2021-01-31,,,,,,2020,ShareBasedCompensation,False
1393052,Veeva Systems Inc.,234636000,0001393052-24-000013,2022-01-31,,,,,,2021,ShareBasedCompensation,False
1393052,Veeva Systems Inc.,351907000,0001393052-25-000022,2023-01-31,,,,,,2022,ShareBasedCompensation,False
1393052,Veeva Systems Inc.,393733000,0001393052-26-000014,2024-01-31,,,,,,2023,ShareBasedCompensation,False
1393052,Veeva Systems Inc.,437350000,0001393052-26-000014,2025-01-31,,,,,,2024,ShareBasedCompensation,False
1393052,Veeva Systems Inc.,472703000,0001393052-26-000014,2026-01-31,,,,,,2025,ShareBasedCompensation,False
1393311,PUBLIC STORAGE,32570000,0001393311-18-000004,2015-12-31,,,,,,2015,ShareBasedCompensation,False
1393311,PUBLIC STORAGE,37483000,0001393311-19-000004,2016-12-31,,,,,,2016,ShareBasedCompensation,False
1393311,PUBLIC STORAGE,37548000,0001393311-20-000008,2017-12-31,,,,,,2017,ShareBasedCompensation,False
1393311,PUBLIC STORAGE,69936000,0001562762-21-000058,2018-12-31,,,,,,2018,ShareBasedCompensation,False
1393311,PUBLIC STORAGE,25833000,0001393311-22-000010,2019-12-31,,,,,,2019,ShareBasedCompensation,False
1393311,PUBLIC STORAGE,33363000,0001393311-23-000012,2020-12-31,,,,,,2020,ShareBasedCompensation,False
1393311,PUBLIC STORAGE,59815000,0001393311-24-000043,2021-12-31,,,,,,2021,ShareBasedCompensation,False
1393311,PUBLIC STORAGE,56703000,0001393311-25-000036,2022-12-31,,,,,,2022,ShareBasedCompensation,False
1393311,PUBLIC STORAGE,41566000,0001628280-26-007696,2023-12-31,,,,,,2023,ShareBasedCompensation,False
1393311,PUBLIC STORAGE,44747000,0001628280-26-007696,2024-12-31,,,,,,2024,ShareBasedCompensation,False
1393311,PUBLIC STORAGE,39902000,0001628280-26-007696,2025-12-31,,,,,,2025,ShareBasedCompensation,False
1393818,Blackstone Inc.,629642000,0001193125-18-067079,2015-12-31,,,,,,2015,ShareBasedCompensation,False
1393818,Blackstone Inc.,323651000,0001193125-19-061011,2016-12-31,,,,,,2016,ShareBasedCompensation,False
1393818,Blackstone Inc.,338687000,0001193125-20-056733,2017-12-31,,,,,,2017,ShareBasedCompensation,False
1393818,Blackstone Inc.,366928000,0001193125-21-060361,2018-12-31,,,,,,2018,ShareBasedCompensation,False
1393818,Blackstone Inc,417092000,0001193125-22-054433,2019-12-31,,,,,,2019,ShareBasedCompensation,False
1393818,Blackstone Inc,438341000,0001193125-23-048733,2020-12-31,,,,,,2020,ShareBasedCompensation,False
1393818,Blackstone Inc.,637441000,0001193125-24-264461,2021-12-31,,,,,,2021,ShareBasedCompensation,False
1393818,Blackstone Inc.,846349000,0001193125-25-042469,2022-12-31,,,,,,2022,ShareBasedCompensation,False
1393818,Blackstone Inc.,987549000,0001193125-26-082531,2023-12-31,,,,,,2023,ShareBasedCompensation,False
1393818,Blackstone Inc.,1168435000,0001193125-26-082531,2024-12-31,,,,,,2024,ShareBasedCompensation,False
1393818,Blackstone Inc.,1445352000,0001193125-26-082531,2025-12-31,,,,,,2025,ShareBasedCompensation,False
1396009,VULCAN MATERIALS COMPANY,18248000,0001396009-18-000011,2015-12-31,,,,,,2015,ShareBasedCompensation,False
1396009,VULCAN MATERIALS COMPANY,20670000,0001396009-19-000021,2016-12-31,,,,,,2016,ShareBasedCompensation,False
1396009,VULCAN MATERIALS COMPANY,26635000,0001396009-20-000006,2017-12-31,,,,,,2017,ShareBasedCompensation,False
1396009,VULCAN MATERIALS COMPANY,25215000,0001396009-21-000009,2018-12-31,,,,,,2018,ShareBasedCompensation,False
1396009,VULCAN MATERIALS COMPANY,31800000,0001396009-22-000010,2019-12-31,,,,,,2019,ShareBasedCompensation,False
1396009,VULCAN MATERIALS COMPANY,33000000,0001396009-23-000007,2020-12-31,,,,,,2020,ShareBasedCompensation,False
1396009,VULCAN MATERIALS COMPANY,34700000,0001396009-24-000006,2021-12-31,,,,,,2021,ShareBasedCompensation,False
1396009,VULCAN MATERIALS COMPANY,41100000,0001396009-25-000005,2022-12-31,,,,,,2022,ShareBasedCompensation,False
1396009,VULCAN MATERIALS COMPANY,63200000,0001628280-26-009546,2023-12-31,,,,,,2023,ShareBasedCompensation,False
1396009,VULCAN MATERIALS COMPANY,53400000,0001628280-26-009546,2024-12-31,,,,,,2024,ShareBasedCompensation,False
1396009,VULCAN MATERIALS COMPANY,63100000,0001628280-26-009546,2025-12-31,,,,,,2025,ShareBasedCompensation,False
1397187,lululemon athletica inc.,10356000,0001397187-18-000013,2016-01-31,,,,,,2015,ShareBasedCompensation,False
1397187,lululemon athletica inc.,16822000,0001397187-19-000011,2017-01-29,,,,,,2016,ShareBasedCompensation,False
1397187,lululemon athletica inc.,17610000,0001397187-20-000012,2018-01-28,,,,,,2017,ShareBasedCompensation,False
1397187,lululemon athletica inc.,28568000,0001397187-21-000009,2019-02-03,,,,,,2018,ShareBasedCompensation,False
1397187,lululemon athletica inc.,45593000,0001397187-22-000014,2020-02-02,,,,,,2019,ShareBasedCompensation,False
1397187,lululemon athletica inc.,50797000,0001397187-23-000012,2021-01-31,,,,,,2020,ShareBasedCompensation,False
1397187,lululemon athletica inc.,69137000,0001397187-24-000010,2022-01-30,,,,,,2021,ShareBasedCompensation,False
1397187,lululemon athletica inc.,78075000,0001397187-25-000013,2023-01-29,,,,,,2022,ShareBasedCompensation,False
1397187,lululemon athletica inc.,93560000,0001397187-26-000020,2024-01-28,,,,,,2023,ShareBasedCompensation,False
1397187,lululemon athletica inc.,90011000,0001397187-26-000020,2025-02-02,,,,,,2024,ShareBasedCompensation,False
1397187,lululemon athletica inc.,62203000,0001397187-26-000020,2026-02-01,,,,,,2025,ShareBasedCompensation,False
1403161,VISA INC.,187000000,0001403161-17-000044,2015-09-30,,,,,,2015,ShareBasedCompensation,False
1403161,VISA INC.,221000000,0001403161-18-000055,2016-09-30,,,,,,2016,ShareBasedCompensation,False
1403161,VISA INC.,235000000,0001403161-19-000050,2017-09-30,,,,,,2017,ShareBasedCompensation,False
1403161,VISA INC.,327000000,0001403161-20-000070,2018-09-30,,,,,,2018,ShareBasedCompensation,False
1403161,VISA INC.,407000000,0001403161-21-000060,2019-09-30,,,,,,2019,ShareBasedCompensation,False
1403161,VISA INC.,416000000,0001403161-22-000081,2020-09-30,,,,,,2020,ShareBasedCompensation,False
1403161,VISA INC.,542000000,0001403161-23-000099,2021-09-30,,,,,,2021,ShareBasedCompensation,False
1403161,VISA INC.,602000000,0001403161-24-000058,2022-09-30,,,,,,2022,ShareBasedCompensation,False
1403161,VISA INC.,765000000,0001403161-25-000089,2023-09-30,,,,,,2023,ShareBasedCompensation,False
1403161,VISA INC.,850000000,0001403161-25-000089,2024-09-30,,,,,,2024,ShareBasedCompensation,False
1403161,VISA INC.,897000000,0001403161-25-000089,2025-09-30,,,,,,2025,ShareBasedCompensation,False
1403568,"ULTA BEAUTY, INC.",15594000,0001558370-18-002733,2016-01-30,,,,,,2015,ShareBasedCompensation,False
1403568,"ULTA BEAUTY, INC.",19340000,0001558370-19-002739,2017-01-28,,,,,,2016,ShareBasedCompensation,False
1403568,"ULTA BEAUTY, INC.",24399000,0001558370-20-003272,2018-02-03,,,,,,2017,ShareBasedCompensation,False
1403568,"ULTA BEAUTY, INC.",27489000,0001558370-21-003523,2019-02-02,,,,,,2018,ShareBasedCompensation,False
1403568,"ULTA BEAUTY, INC.",25642000,0001558370-22-004330,2020-02-01,,,,,,2019,ShareBasedCompensation,False
1403568,"ULTA BEAUTY, INC.",27583000,0001558370-23-004581,2021-01-30,,,,,,2020,ShareBasedCompensation,False
1403568,"ULTA BEAUTY, INC.",47259000,0001558370-24-003941,2022-01-29,,,,,,2021,ShareBasedCompensation,False
1403568,"ULTA BEAUTY, INC.",43044000,0001558370-25-003810,2023-01-28,,,,,,2022,ShareBasedCompensation,False
1403568,"ULTA BEAUTY, INC.",48246000,0001104659-26-035243,2024-02-03,,,,,,2023,ShareBasedCompensation,False
1403568,"ULTA BEAUTY, INC.",42787000,0001104659-26-035243,2025-02-01,,,,,,2024,ShareBasedCompensation,False
1403568,"ULTA BEAUTY, INC.",37426000,0001104659-26-035243,2026-01-31,,,,,,2025,ShareBasedCompensation,False
1404912,KKR & Co. Inc.,261579000,0001404912-18-000005,2015-12-31,,,,,,2015,ShareBasedCompensation,False
1404912,KKR & Co. Inc.,264890000,0001404912-19-000006,2016-12-31,,,,,,2016,ShareBasedCompensation,False
1404912,KKR & Co. Inc.,334820000,0001404912-20-000006,2017-12-31,,,,,,2017,ShareBasedCompensation,False
1404912,KKR & Co. Inc.,331708000,0001404912-21-000008,2018-12-31,,,,,,2018,ShareBasedCompensation,False
1404912,KKR & CO. INC.,297708000,0001404912-22-000004,2019-12-31,,,,,,2019,ShareBasedCompensation,False
1404912,KKR & CO. INC.,326758000,0001404912-23-000005,2020-12-31,,,,,,2020,ShareBasedCompensation,False
1404912,KKR & CO. INC.,529816000,0001404912-24-000005,2021-12-31,,,,,,2021,ShareBasedCompensation,False
1404912,KKR & CO. INC.,730236000,0001404912-25-000015,2022-12-31,,,,,,2022,ShareBasedCompensation,False
1404912,KKR & CO. INC.,618469000,0001404912-26-000007,2023-12-31,,,,,,2023,ShareBasedCompensation,False
1404912,KKR & CO. INC.,746443000,0001404912-26-000007,2024-12-31,,,,,,2024,ShareBasedCompensation,False
1404912,KKR & CO. INC.,722109000,0001404912-26-000007,2025-12-31,,,,,,2025,ShareBasedCompensation,False
1408198,MSCI Inc.,28558000,0001564590-18-003147,2015-12-31,,,,,,2015,ShareBasedCompensation,False
1408198,MSCI Inc.,32001000,0001564590-19-003885,2016-12-31,,,,,,2016,ShareBasedCompensation,False
1408198,MSCI Inc.,36576000,0001564590-20-004992,2017-12-31,,,,,,2017,ShareBasedCompensation,False
1408198,MSCI Inc.,38897000,0001564590-21-005811,2018-12-31,,,,,,2018,ShareBasedCompensation,False
1408198,MSCI INC.,41199000,0001564590-22-004803,2019-12-31,,,,,,2019,ShareBasedCompensation,False
1408198,MSCI INC.,51094000,0001408198-23-000011,2020-12-31,,,,,,2020,ShareBasedCompensation,False
1408198,MSCI INC.,54917000,0001408198-24-000030,2021-12-31,,,,,,2021,ShareBasedCompensation,False
1408198,MSCI INC.,58094000,0001408198-25-000053,2022-12-31,,,,,,2022,ShareBasedCompensation,False
1408198,MSCI INC.,71653000,0001408198-26-000011,2023-12-31,,,,,,2023,ShareBasedCompensation,False
1408198,MSCI INC.,95204000,0001408198-26-000011,2024-12-31,,,,,,2024,ShareBasedCompensation,False
1408198,MSCI INC.,111343000,0001408198-26-000011,2025-12-31,,,,,,2025,ShareBasedCompensation,False
1413447,NXP Semiconductors N.V.,216000000,0001193125-18-114230,2015-12-31,,,,,,2015,ShareBasedCompensation,False
1413447,NXP Semiconductors N.V.,338000000,0001564590-19-005657,2016-12-31,,,,,,2016,ShareBasedCompensation,False
1413447,NXP Semiconductors N.V.,281000000,0001413447-20-000009,2017-12-31,,,,,,2017,ShareBasedCompensation,False
1413447,NXP Semiconductors N.V.,314000000,0001413447-21-000011,2018-12-31,,,,,,2018,ShareBasedCompensation,False
1413447,NXP Semiconductors N.V.,346000000,0001413447-22-000008,2019-12-31,,,,,,2019,ShareBasedCompensation,False
1413447,NXP Semiconductors N.V.,384000000,0001413447-23-000006,2020-12-31,,,,,,2020,ShareBasedCompensation,False
1413447,NXP Semiconductors N.V.,353000000,0001413447-24-000013,2021-12-31,,,,,,2021,ShareBasedCompensation,False
1413447,NXP Semiconductors N.V.,364000000,0001413447-25-000019,2022-12-31,,,,,,2022,ShareBasedCompensation,False
1413447,NXP Semiconductors N.V.,411000000,0001413447-26-000008,2023-12-31,,,,,,2023,ShareBasedCompensation,False
1413447,NXP Semiconductors N.V.,461000000,0001413447-26-000008,2024-12-31,,,,,,2024,ShareBasedCompensation,False
1413447,NXP Semiconductors N.V.,462000000,0001413447-26-000008,2025-12-31,,,,,,2025,ShareBasedCompensation,False
1415404,EchoStar Corporation,21839000,0001415404-17-000010,2015-12-31,,,,,,2015,ShareBasedCompensation,False
1415404,EchoStar Corporation,15234000,0001415404-19-000003,2016-12-31,,,,,,2016,ShareBasedCompensation,False
1415404,EchoStar Corporation,10103000,0001415404-20-000005,2017-12-31,,,,,,2017,ShareBasedCompensation,False
1415404,EchoStar Corporation,9990000,0001415404-21-000005,2018-12-31,,,,,,2018,ShareBasedCompensation,False
1415404,EchoStar Corporation,9353000,0001415404-22-000005,2019-12-31,,,,,,2019,ShareBasedCompensation,False
1415404,EchoStar Corporation,8887000,0001415404-23-000005,2020-12-31,,,,,,2020,ShareBasedCompensation,False
1415404,EchoStar Corporation,59379000,0001558370-24-002209,2021-12-31,,,,,,2021,ShareBasedCompensation,False
1415404,EchoStar Corporation,82994000,0001558370-25-001663,2022-12-31,,,,,,2022,ShareBasedCompensation,False
1415404,EchoStar Corporation,51514000,0001104659-26-021817,2023-12-31,,,,,,2023,ShareBasedCompensation,False
1415404,EchoStar Corporation,36383000,0001104659-26-021817,2024-12-31,,,,,,2024,ShareBasedCompensation,False
1415404,EchoStar Corporation,36272000,0001104659-26-021817,2025-12-31,,,,,,2025,ShareBasedCompensation,False
1418135,Keurig Dr Pepper Inc.,44000000,0001418135-18-000006,2015-12-31,,,,,,2015,ShareBasedCompensation,False
1418135,Keurig Dr Pepper Inc.,45000000,0001418135-18-000006,2016-12-31,,,,,,2016,ShareBasedCompensation,False
1418135,Keurig Dr Pepper Inc.,36000000,0001418135-18-000006,2017-12-31,,,,,,2017,ShareBasedCompensation,False
1418135,Keurig Dr Pepper Inc.,35000000,0001418135-21-000005,2018-12-31,,,,,,2018,ShareBasedCompensation,False
1418135,Keurig Dr Pepper Inc.,64000000,0001418135-22-000005,2019-12-31,,,,,,2019,ShareBasedCompensation,False
1418135,Keurig Dr Pepper Inc.,85000000,0001418135-23-000003,2020-12-31,,,,,,2020,ShareBasedCompensation,False
1418135,Keurig Dr Pepper Inc.,88000000,0001418135-24-000007,2021-12-31,,,,,,2021,ShareBasedCompensation,False
1418135,Keurig Dr Pepper Inc.,52000000,0001418135-25-000013,2022-12-31,,,,,,2022,ShareBasedCompensation,False
1418135,Keurig Dr Pepper Inc.,116000000,0001418135-26-000016,2023-12-31,,,,,,2023,ShareBasedCompensation,False
1418135,Keurig Dr Pepper Inc.,98000000,0001418135-26-000016,2024-12-31,,,,,,2024,ShareBasedCompensation,False
1418135,Keurig Dr Pepper Inc.,97000000,0001418135-26-000016,2025-12-31,,,,,,2025,ShareBasedCompensation,False
1437107,"Warner Bros. Discovery, Inc.",35000000,0001437107-18-000028,2015-12-31,,,,,,2015,ShareBasedCompensation,False
1437107,"Warner Bros. Discovery, Inc.",69000000,0001437107-19-000013,2016-12-31,,,,,,2016,ShareBasedCompensation,False
1437107,"Warner Bros. Discovery, Inc.",39000000,0001437107-20-000006,2017-12-31,,,,,,2017,ShareBasedCompensation,False
1437107,"Warner Bros. Discovery, Inc.",80000000,0001437107-21-000018,2018-12-31,,,,,,2018,ShareBasedCompensation,False
1437107,"Discovery, Inc.",142000000,0001437107-22-000031,2019-12-31,,,,,,2019,ShareBasedCompensation,False
1437107,"Warner Bros. Discovery, Inc.",110000000,0001437107-23-000019,2020-12-31,,,,,,2020,ShareBasedCompensation,False
1437107,"Warner Bros. Discovery, Inc.",178000000,0001437107-24-000017,2021-12-31,,,,,,2021,ShareBasedCompensation,False
1437107,"Warner Bros. Discovery, Inc.",412000000,0001437107-25-000031,2022-12-31,,,,,,2022,ShareBasedCompensation,False
1437107,"Warner Bros. Discovery, Inc.",500000000,0001437107-26-000020,2023-12-31,,,,,,2023,ShareBasedCompensation,False
1437107,"Warner Bros. Discovery, Inc.",557000000,0001437107-26-000020,2024-12-31,,,,,,2024,ShareBasedCompensation,False
1437107,"Warner Bros. Discovery, Inc.",769000000,0001437107-26-000020,2025-12-31,,,,,,2025,ShareBasedCompensation,False
1442145,"VERISK ANALYTICS, INC.",30500000,0001442145-18-000008,2015-12-31,,,,,,2015,ShareBasedCompensation,False
1442145,"VERISK ANALYTICS, INC.",30000000,0001442145-19-000012,2016-12-31,,,,,,2016,ShareBasedCompensation,False
1442145,"VERISK ANALYTICS, INC.",31800000,0001442145-20-000012,2017-12-31,,,,,,2017,ShareBasedCompensation,False
1442145,"VERISK ANALYTICS, INC.",38500000,0001437749-21-003789,2018-12-31,,,,,,2018,ShareBasedCompensation,False
1442145,"Verisk Analytics, Inc.",42700000,0001437749-22-004083,2019-12-31,,,,,,2019,ShareBasedCompensation,False
1442145,"Verisk Analytics, Inc.",47600000,0001437749-23-004945,2020-12-31,,,,,,2020,ShareBasedCompensation,False
1442145,"Verisk Analytics, Inc.",55700000,0001437749-24-004939,2021-12-31,,,,,,2021,ShareBasedCompensation,False
1442145,"Verisk Analytics, Inc.",56500000,0001437749-25-005160,2022-12-31,,,,,,2022,ShareBasedCompensation,False
1442145,"Verisk Analytics, Inc.",54000000,0001437749-26-004452,2023-12-31,,,,,,2023,ShareBasedCompensation,False
1442145,"Verisk Analytics, Inc.",47900000,0001437749-26-004452,2024-12-31,,,,,,2024,ShareBasedCompensation,False
1442145,"Verisk Analytics, Inc.",54200000,0001437749-26-004452,2025-12-31,,,,,,2025,ShareBasedCompensation,False
1466258,TRANE TECHNOLOGIES PLC,70800000,0001466258-20-000064,2017-12-31,,,,,,2017,ShareBasedCompensation,False
1466258,TRANE TECHNOLOGIES PLC,78800000,0001466258-21-000027,2018-12-31,,,,,,2018,ShareBasedCompensation,False
1466258,TRANE TECHNOLOGIES PLC,66400000,0001466258-22-000031,2019-12-31,,,,,,2019,ShareBasedCompensation,False
1466258,TRANE TECHNOLOGIES PLC,69500000,0001466258-23-000058,2020-12-31,,,,,,2020,ShareBasedCompensation,False
1466258,TRANE TECHNOLOGIES PLC,66500000,0001466258-24-000047,2021-12-31,,,,,,2021,ShareBasedCompensation,False
1466258,TRANE TECHNOLOGIES PLC,56300000,0001466258-25-000039,2022-12-31,,,,,,2022,ShareBasedCompensation,False
1466258,TRANE TECHNOLOGIES PLC,64300000,0001628280-26-005731,2023-12-31,,,,,,2023,ShareBasedCompensation,False
1466258,TRANE TECHNOLOGIES PLC,82900000,0001628280-26-005731,2024-12-31,,,,,,2024,ShareBasedCompensation,False
1466258,TRANE TECHNOLOGIES PLC,86600000,0001628280-26-005731,2025-12-31,,,,,,2025,ShareBasedCompensation,False
1467373,Accenture plc,680329000,0001467373-17-000430,2015-08-31,,,,,,2015,ShareBasedCompensation,False
1467373,Accenture plc,758176000,0001467373-18-000318,2016-08-31,,,,,,2016,ShareBasedCompensation,False
1467373,Accenture plc,795235000,0001467373-19-000339,2017-08-31,,,,,,2017,ShareBasedCompensation,False
1467373,Accenture plc,976908000,0001467373-20-000376,2018-08-31,,,,,,2018,ShareBasedCompensation,False
1467373,Accenture plc,1093253000,0001467373-21-000229,2019-08-31,,,,,,2019,ShareBasedCompensation,False
1467373,Accenture plc,1197806000,0001467373-22-000295,2020-08-31,,,,,,2020,ShareBasedCompensation,False
1467373,Accenture plc,1342951000,0001467373-24-000268,2021-08-31,,,,,,2021,ShareBasedCompensation,False
1467373,Accenture plc,1679789000,0001467373-24-000278,2022-08-31,,,,,,2022,ShareBasedCompensation,False
1467373,Accenture plc,1913051000,0001467373-25-000217,2023-08-31,,,,,,2023,ShareBasedCompensation,False
1467373,Accenture plc,1941590000,0001467373-25-000217,2024-08-31,,,,,,2024,ShareBasedCompensation,False
1467373,Accenture plc,2093878000,0001467373-25-000217,2025-08-31,,,,,,2025,ShareBasedCompensation,False
1474735,GENERAC HOLDINGS INC.,8241000,0001437749-18-003334,2015-12-31,,,,,,2015,ShareBasedCompensation,False
1474735,GENERAC HOLDINGS INC.,9493000,0001437749-19-003397,2016-12-31,,,,,,2016,ShareBasedCompensation,False
1474735,GENERAC HOLDINGS INC.,10205000,0001437749-20-003516,2017-12-31,,,,,,2017,ShareBasedCompensation,False
1474735,GENERAC HOLDINGS INC.,14563000,0001437749-21-003793,2018-12-31,,,,,,2018,ShareBasedCompensation,False
1474735,GENERAC HOLDINGS INC.,16694000,0001437749-22-004080,2019-12-31,,,,,,2019,ShareBasedCompensation,False
1474735,GENERAC HOLDINGS INC.,20882000,0001437749-23-004153,2020-12-31,,,,,,2020,ShareBasedCompensation,False
1474735,GENERAC HOLDINGS INC.,23954000,0001437749-24-005040,2021-12-31,,,,,,2021,ShareBasedCompensation,False
1474735,GENERAC HOLDINGS INC.,29481000,0001437749-25-004353,2022-12-31,,,,,,2022,ShareBasedCompensation,False
1474735,GENERAC HOLDINGS INC.,35492000,0001437749-26-004568,2023-12-31,,,,,,2023,ShareBasedCompensation,False
1474735,GENERAC HOLDINGS INC.,49248000,0001437749-26-004568,2024-12-31,,,,,,2024,ShareBasedCompensation,False
1474735,GENERAC HOLDINGS INC.,49947000,0001437749-26-004568,2025-12-31,,,,,,2025,ShareBasedCompensation,False
1478242,IQVIA HOLDINGS INC.,38000000,0001564590-18-002340,2015-12-31,,,,,,2015,ShareBasedCompensation,False
1478242,IQVIA HOLDINGS INC.,106000000,0001564590-20-004901,2016-12-31,,,,,,2016,ShareBasedCompensation,False
1478242,IQVIA HOLDINGS INC.,106000000,0001564590-20-004901,2017-12-31,,,,,,2017,ShareBasedCompensation,False
1478242,IQVIA HOLDINGS INC.,113000000,0001478242-21-000020,2018-12-31,,,,,,2018,ShareBasedCompensation,False
1478242,IQVIA HOLDINGS INC.,146000000,0001478242-22-000041,2019-12-31,,,,,,2019,ShareBasedCompensation,False
1478242,IQVIA HOLDINGS INC.,95000000,0001478242-23-000044,2020-12-31,,,,,,2020,ShareBasedCompensation,False
1478242,IQVIA HOLDINGS INC.,170000000,0001478242-24-000038,2021-12-31,,,,,,2021,ShareBasedCompensation,False
1478242,IQVIA HOLDINGS INC.,194000000,0001478242-25-000045,2022-12-31,,,,,,2022,ShareBasedCompensation,False
1478242,IQVIA HOLDINGS INC.,217000000,0001628280-26-008322,2023-12-31,,,,,,2023,ShareBasedCompensation,False
1478242,IQVIA HOLDINGS INC.,206000000,0001628280-26-008322,2024-12-31,,,,,,2024,ShareBasedCompensation,False
1478242,IQVIA HOLDINGS INC.,247000000,0001628280-26-008322,2025-12-31,,,,,,2025,ShareBasedCompensation,False
1489393,LYONDELLBASELL INDUSTRIES N.V.,53000000,0001193125-18-054181,2015-12-31,,,,,,2015,ShareBasedCompensation,False
1489393,LYONDELLBASELL INDUSTRIES N.V.,38000000,0001489393-19-000011,2016-12-31,,,,,,2016,ShareBasedCompensation,False
1489393,LYONDELLBASELL INDUSTRIES N.V.,55000000,0001489393-20-000009,2017-12-31,,,,,,2017,ShareBasedCompensation,False
1489393,LYONDELLBASELL INDUSTRIES N.V.,39000000,0001489393-21-000007,2018-12-31,,,,,,2018,ShareBasedCompensation,False
1489393,LyondellBasell Industries N.V.,48000000,0001489393-22-000009,2019-12-31,,,,,,2019,ShareBasedCompensation,False
1489393,LYONDELLBASELL INDUSTRIES N.V.,55000000,0001489393-23-000028,2020-12-31,,,,,,2020,ShareBasedCompensation,False
1489393,LyondellBasell Industries N.V.,66000000,0001489393-24-000012,2021-12-31,,,,,,2021,ShareBasedCompensation,False
1489393,LyondellBasell Industries N.V.,70000000,0001489393-25-000008,2022-12-31,,,,,,2022,ShareBasedCompensation,False
1489393,LyondellBasell Industries N.V.,91000000,0001489393-26-000012,2023-12-31,,,,,,2023,ShareBasedCompensation,False
1489393,LyondellBasell Industries N.V.,91000000,0001489393-26-000012,2024-12-31,,,,,,2024,ShareBasedCompensation,False
1489393,LyondellBasell Industries N.V.,91000000,0001489393-26-000012,2025-12-31,,,,,,2025,ShareBasedCompensation,False
1501585,"HUNTINGTON INGALLS INDUSTRIES, INC.",43000000,0001501585-18-000006,2015-12-31,,,,,,2015,ShareBasedCompensation,False
1501585,"HUNTINGTON INGALLS INDUSTRIES, INC.",36000000,0001501585-19-000005,2016-12-31,,,,,,2016,ShareBasedCompensation,False
1501585,"HUNTINGTON INGALLS INDUSTRIES, INC.",34000000,0001501585-20-000011,2017-12-31,,,,,,2017,ShareBasedCompensation,False
1501585,"HUNTINGTON INGALLS INDUSTRIES, INC.",36000000,0001501585-21-000008,2018-12-31,,,,,,2018,ShareBasedCompensation,False
1501585,"HUNTINGTON INGALLS INDUSTRIES, INC.",30000000,0001501585-22-000007,2019-12-31,,,,,,2019,ShareBasedCompensation,False
1501585,"HUNTINGTON INGALLS INDUSTRIES, INC.",23000000,0001501585-23-000010,2020-12-31,,,,,,2020,ShareBasedCompensation,False
1501585,"HUNTINGTON INGALLS INDUSTRIES, INC.",33000000,0001501585-24-000007,2021-12-31,,,,,,2021,ShareBasedCompensation,False
1501585,"HUNTINGTON INGALLS INDUSTRIES, INC.",36000000,0001501585-25-000006,2022-12-31,,,,,,2022,ShareBasedCompensation,False
1501585,"HUNTINGTON INGALLS INDUSTRIES, INC.",34000000,0001501585-26-000006,2023-12-31,,,,,,2023,ShareBasedCompensation,False
1501585,"HUNTINGTON INGALLS INDUSTRIES, INC.",23000000,0001501585-26-000006,2024-12-31,,,,,,2024,ShareBasedCompensation,False
1501585,"HUNTINGTON INGALLS INDUSTRIES, INC.",54000000,0001501585-26-000006,2025-12-31,,,,,,2025,ShareBasedCompensation,False
1510295,Marathon Petroleum Corporation,42000000,0001510295-18-000024,2015-12-31,,,,,,2015,ShareBasedCompensation,False
1510295,Marathon Petroleum Corporation,45000000,0001510295-19-000014,2016-12-31,,,,,,2016,ShareBasedCompensation,False
1510295,Marathon Petroleum Corporation,51000000,0001510295-20-000006,2017-12-31,,,,,,2017,ShareBasedCompensation,False
1510295,Marathon Petroleum Corporation,127000000,0001510295-21-000027,2018-12-31,,,,,,2018,ShareBasedCompensation,False
1510295,Marathon Petroleum Corporation,153000000,0001510295-22-000011,2019-12-31,,,,,,2019,ShareBasedCompensation,False
1510295,Marathon Petroleum Corporation,100000000,0001510295-23-000012,2020-12-31,,,,,,2020,ShareBasedCompensation,False
1510295,Marathon Petroleum Corporation,88000000,0001510295-24-000015,2021-12-31,,,,,,2021,ShareBasedCompensation,False
1510295,Marathon Petroleum Corporation,153000000,0001510295-25-000012,2022-12-31,,,,,,2022,ShareBasedCompensation,False
1510295,Marathon Petroleum Corporation,211000000,0001510295-26-000009,2023-12-31,,,,,,2023,ShareBasedCompensation,False
1510295,Marathon Petroleum Corporation,137000000,0001510295-26-000009,2024-12-31,,,,,,2024,ShareBasedCompensation,False
1510295,Marathon Petroleum Corporation,160000000,0001510295-26-000009,2025-12-31,,,,,,2025,ShareBasedCompensation,False
1512673,"BLOCK, INC.",82292000,0001512673-18-000004,2015-12-31,,,,,,2015,ShareBasedCompensation,False
1512673,"BLOCK, INC.",138786000,0001512673-19-000003,2016-12-31,,,,,,2016,ShareBasedCompensation,False
1512673,"BLOCK, INC.",155836000,0001628280-20-002303,2017-12-31,,,,,,2017,ShareBasedCompensation,False
1512673,"BLOCK, INC.",216881000,0001512673-21-000008,2018-12-31,,,,,,2018,ShareBasedCompensation,False
1512673,"BLOCK, INC.",297863000,0001628280-22-003825,2019-12-31,,,,,,2019,ShareBasedCompensation,False
1512673,"BLOCK, INC.",397800000,0001628280-23-004840,2020-12-31,,,,,,2020,ShareBasedCompensation,False
1512673,"BLOCK, INC.",608040000,0001628280-24-006354,2021-12-31,,,,,,2021,ShareBasedCompensation,False
1512673,"BLOCK, INC.",1071278000,0001628280-25-007376,2022-12-31,,,,,,2022,ShareBasedCompensation,False
1512673,"BLOCK, INC.",1276097000,0001628280-26-012254,2023-12-31,,,,,,2023,ShareBasedCompensation,False
1512673,"BLOCK, INC.",1272779000,0001628280-26-012254,2024-12-31,,,,,,2024,ShareBasedCompensation,False
1512673,"BLOCK, INC.",1215480000,0001628280-26-012254,2025-12-31,,,,,,2025,ShareBasedCompensation,False
1513761,NORWEGIAN CRUISE LINE HOLDINGS LTD.,42209000,0001144204-18-011097,2015-12-31,,,,,,2015,ShareBasedCompensation,False
1513761,NORWEGIAN CRUISE LINE HOLDINGS LTD.,66414000,0001144204-19-010508,2016-12-31,,,,,,2016,ShareBasedCompensation,False
1513761,NORWEGIAN CRUISE LINE HOLDINGS LTD.,87039000,0001558370-20-008069,2017-12-31,,,,,,2017,ShareBasedCompensation,False
1513761,NORWEGIAN CRUISE LINE HOLDINGS LTD.,115983000,0001558370-21-001998,2018-12-31,,,,,,2018,ShareBasedCompensation,False
1513761,NORWEGIAN CRUISE LINE HOLDINGS LTD.,95055000,0001558370-22-002516,2019-12-31,,,,,,2019,ShareBasedCompensation,False
1513761,NORWEGIAN CRUISE LINE HOLDINGS LTD.,111297000,0001558370-23-002361,2020-12-31,,,,,,2020,ShareBasedCompensation,False
1513761,NORWEGIAN CRUISE LINE HOLDINGS LTD.,124077000,0001558370-24-001935,2021-12-31,,,,,,2021,ShareBasedCompensation,False
1513761,NORWEGIAN CRUISE LINE HOLDINGS LTD.,113563000,0001558370-25-001743,2022-12-31,,,,,,2022,ShareBasedCompensation,False
1513761,NORWEGIAN CRUISE LINE HOLDINGS LTD.,118940000,0001104659-26-022067,2023-12-31,,,,,,2023,ShareBasedCompensation,False
1513761,NORWEGIAN CRUISE LINE HOLDINGS LTD.,91781000,0001104659-26-022067,2024-12-31,,,,,,2024,ShareBasedCompensation,False
1513761,NORWEGIAN CRUISE LINE HOLDINGS LTD.,88393000,0001104659-26-022067,2025-12-31,,,,,,2025,ShareBasedCompensation,False
1521332,APTIV PLC,67000000,0001521332-18-000013,2015-12-31,,,,,,2015,ShareBasedCompensation,False
1521332,APTIV PLC,62000000,0001521332-19-000007,2016-12-31,,,,,,2016,ShareBasedCompensation,False
1521332,APTIV PLC,62000000,0001521332-20-000012,2017-12-31,,,,,,2017,ShareBasedCompensation,False
1521332,APTIV PLC,58000000,0001521332-21-000009,2018-12-31,,,,,,2018,ShareBasedCompensation,False
1521332,APTIV PLC,66000000,0001521332-22-000010,2019-12-31,,,,,,2019,ShareBasedCompensation,False
1521332,APTIV PLC,60000000,0001521332-23-000013,2020-12-31,,,,,,2020,ShareBasedCompensation,False
1521332,APTIV PLC,87000000,0001521332-24-000011,2021-12-31,,,,,,2021,ShareBasedCompensation,False
1521332,APTIV PLC,86000000,0001521332-25-000010,2022-12-31,,,,,,2022,ShareBasedCompensation,False
1521332,APTIV PLC,115000000,0001521332-26-000009,2023-12-31,,,,,,2023,ShareBasedCompensation,False
1521332,APTIV PLC,120000000,0001521332-26-000009,2024-12-31,,,,,,2024,ShareBasedCompensation,False
1521332,APTIV PLC,139000000,0001521332-26-000009,2025-12-31,,,,,,2025,ShareBasedCompensation,False
1524472,Xylem Inc.,15000000,0001524472-18-000006,2015-12-31,,,,,,2015,ShareBasedCompensation,False
1524472,Xylem Inc.,18000000,0001524472-19-000009,2016-12-31,,,,,,2016,ShareBasedCompensation,False
1524472,Xylem Inc.,21000000,0001524472-20-000006,2017-12-31,,,,,,2017,ShareBasedCompensation,False
1524472,Xylem Inc.,30000000,0001524472-21-000008,2018-12-31,,,,,,2018,ShareBasedCompensation,False
1524472,Xylem Inc.,29000000,0001524472-22-000009,2019-12-31,,,,,,2019,ShareBasedCompensation,False
1524472,Xylem Inc.,26000000,0001524472-23-000009,2020-12-31,,,,,,2020,ShareBasedCompensation,False
1524472,Xylem Inc.,33000000,0001524472-24-000006,2021-12-31,,,,,,2021,ShareBasedCompensation,False
1524472,Xylem Inc.,37000000,0001524472-25-000013,2022-12-31,,,,,,2022,ShareBasedCompensation,False
1524472,Xylem Inc.,60000000,0001524472-26-000012,2023-12-31,,,,,,2023,ShareBasedCompensation,False
1524472,Xylem Inc.,56000000,0001524472-26-000012,2024-12-31,,,,,,2024,ShareBasedCompensation,False
1524472,Xylem Inc.,53000000,0001524472-26-000012,2025-12-31,,,,,,2025,ShareBasedCompensation,False
1535527,"CROWDSTRIKE HOLDINGS, INC.",12343000,0001535527-20-000006,2018-01-31,,,,,,2017,ShareBasedCompensation,False
1535527,"CROWDSTRIKE HOLDINGS, INC.",20505000,0001535527-21-000007,2019-01-31,,,,,,2018,ShareBasedCompensation,False
1535527,"CROWDSTRIKE HOLDINGS, INC.",79940000,0001535527-22-000006,2020-01-31,,,,,,2019,ShareBasedCompensation,False
1535527,"CROWDSTRIKE HOLDINGS, INC.",149675000,0001535527-23-000008,2021-01-31,,,,,,2020,ShareBasedCompensation,False
1535527,"CROWDSTRIKE HOLDINGS, INC.",309952000,0001535527-24-000007,2022-01-31,,,,,,2021,ShareBasedCompensation,False
1535527,"CROWDSTRIKE HOLDINGS, INC.",526504000,0001535527-25-000009,2023-01-31,,,,,,2022,ShareBasedCompensation,False
1535527,"CROWDSTRIKE HOLDINGS, INC.",648665000,0001535527-26-000010,2024-01-31,,,,,,2023,ShareBasedCompensation,False
1535527,"CROWDSTRIKE HOLDINGS, INC.",861391000,0001535527-26-000010,2025-01-31,,,,,,2024,ShareBasedCompensation,False
1535527,"CROWDSTRIKE HOLDINGS, INC.",1096679000,0001535527-26-000010,2026-01-31,,,,,,2025,ShareBasedCompensation,False
1539838,"DIAMONDBACK ENERGY, INC.",18529000,0001539838-18-000014,2015-12-31,,,,,,2015,ShareBasedCompensation,False
1539838,"DIAMONDBACK ENERGY, INC.",26453000,0001539838-19-000008,2016-12-31,,,,,,2016,ShareBasedCompensation,False
1539838,"DIAMONDBACK ENERGY, INC.",26000000,0001539838-20-000021,2017-12-31,,,,,,2017,ShareBasedCompensation,False
1539838,"DIAMONDBACK ENERGY, INC.",27000000,0001539838-21-000015,2018-12-31,,,,,,2018,ShareBasedCompensation,False
1539838,"Diamondback Energy, Inc.",48000000,0001539838-22-000008,2019-12-31,,,,,,2019,ShareBasedCompensation,False
1539838,"Diamondback Energy, Inc.",37000000,0001539838-23-000022,2020-12-31,,,,,,2020,ShareBasedCompensation,False
1539838,"Diamondback Energy, Inc.",51000000,0001539838-24-000019,2021-12-31,,,,,,2021,ShareBasedCompensation,False
1539838,"Diamondback Energy, Inc.",55000000,0001539838-25-000021,2022-12-31,,,,,,2022,ShareBasedCompensation,False
1539838,"Diamondback Energy, Inc.",54000000,0001539838-25-000021,2023-12-31,,,,,,2023,ShareBasedCompensation,False
1539838,"Diamondback Energy, Inc.",65000000,0001539838-25-000021,2024-12-31,,,,,,2024,ShareBasedCompensation,False
1543151,"UBER TECHNOLOGIES, INC.",124000000,0001543151-20-000010,2017-12-31,,,,,,2017,ShareBasedCompensation,False
1543151,"UBER TECHNOLOGIES, INC.",170000000,0001543151-21-000014,2018-12-31,,,,,,2018,ShareBasedCompensation,False
1543151,"UBER TECHNOLOGIES, INC.",4596000000,0001543151-22-000008,2019-12-31,,,,,,2019,ShareBasedCompensation,False
1543151,"UBER TECHNOLOGIES, INC.",827000000,0001543151-23-000010,2020-12-31,,,,,,2020,ShareBasedCompensation,False
1543151,"UBER TECHNOLOGIES, INC.",1168000000,0001543151-24-000012,2021-12-31,,,,,,2021,ShareBasedCompensation,False
1543151,"UBER TECHNOLOGIES, INC.",1793000000,0001543151-25-000008,2022-12-31,,,,,,2022,ShareBasedCompensation,False
1543151,"UBER TECHNOLOGIES, INC.",1935000000,0001543151-26-000015,2023-12-31,,,,,,2023,ShareBasedCompensation,False
1543151,"UBER TECHNOLOGIES, INC.",1796000000,0001543151-26-000015,2024-12-31,,,,,,2024,ShareBasedCompensation,False
1543151,"UBER TECHNOLOGIES, INC.",1826000000,0001543151-26-000015,2025-12-31,,,,,,2025,ShareBasedCompensation,False
1551152,ABBVIE INC.,282000000,0001551152-18-000014,2015-12-31,,,,,,2015,ShareBasedCompensation,False
1551152,ABBVIE INC.,353000000,0001551152-19-000008,2016-12-31,,,,,,2016,ShareBasedCompensation,False
1551152,ABBVIE INC.,365000000,0001551152-20-000007,2017-12-31,,,,,,2017,ShareBasedCompensation,False
1551152,ABBVIE INC.,421000000,0001551152-21-000008,2018-12-31,,,,,,2018,ShareBasedCompensation,False
1551152,AbbVie Inc.,430000000,0001551152-22-000007,2019-12-31,,,,,,2019,ShareBasedCompensation,False
1551152,AbbVie Inc.,753000000,0001551152-23-000011,2020-12-31,,,,,,2020,ShareBasedCompensation,False
1551152,AbbVie Inc.,692000000,0001551152-24-000011,2021-12-31,,,,,,2021,ShareBasedCompensation,False
1551152,AbbVie Inc.,671000000,0001551152-25-000020,2022-12-31,,,,,,2022,ShareBasedCompensation,False
1551152,AbbVie Inc.,747000000,0001551152-26-000008,2023-12-31,,,,,,2023,ShareBasedCompensation,False
1551152,AbbVie Inc.,911000000,0001551152-26-000008,2024-12-31,,,,,,2024,ShareBasedCompensation,False
1551152,AbbVie Inc.,955000000,0001551152-26-000008,2025-12-31,,,,,,2025,ShareBasedCompensation,False
1555280,Zoetis Inc.,43000000,0001555280-18-000053,2015-12-31,,,,,,2015,ShareBasedCompensation,False
1555280,Zoetis Inc.,37000000,0001555280-19-000041,2016-12-31,,,,,,2016,ShareBasedCompensation,False
1555280,Zoetis Inc.,44000000,0001555280-20-000054,2017-12-31,,,,,,2017,ShareBasedCompensation,False
1555280,Zoetis Inc.,53000000,0001555280-21-000098,2018-12-31,,,,,,2018,ShareBasedCompensation,False
1555280,Zoetis Inc.,67000000,0001555280-22-000078,2019-12-31,,,,,,2019,ShareBasedCompensation,False
1555280,Zoetis Inc.,59000000,0001555280-23-000074,2020-12-31,,,,,,2020,ShareBasedCompensation,False
1555280,Zoetis Inc.,58000000,0001555280-24-000143,2021-12-31,,,,,,2021,ShareBasedCompensation,False
1555280,Zoetis Inc.,62000000,0001555280-25-000102,2022-12-31,,,,,,2022,ShareBasedCompensation,False
1555280,Zoetis Inc.,60000000,0001555280-26-000011,2023-12-31,,,,,,2023,ShareBasedCompensation,False
1555280,Zoetis Inc.,74000000,0001555280-26-000011,2024-12-31,,,,,,2024,ShareBasedCompensation,False
1555280,Zoetis Inc.,83000000,0001555280-26-000011,2025-12-31,,,,,,2025,ShareBasedCompensation,False
1559720,"Airbnb, Inc.",97547000,0001559720-22-000006,2019-12-31,,,,,,2019,ShareBasedCompensation,False
1559720,"Airbnb, Inc.",3003000000,0001559720-23-000003,2020-12-31,,,,,,2020,ShareBasedCompensation,False
1559720,"Airbnb, Inc.",899000000,0001559720-24-000006,2021-12-31,,,,,,2021,ShareBasedCompensation,False
1559720,"Airbnb, Inc.",930000000,0001559720-25-000010,2022-12-31,,,,,,2022,ShareBasedCompensation,False
1559720,"Airbnb, Inc.",1120000000,0001559720-26-000004,2023-12-31,,,,,,2023,ShareBasedCompensation,False
1559720,"Airbnb, Inc.",1407000000,0001559720-26-000004,2024-12-31,,,,,,2024,ShareBasedCompensation,False
1559720,"Airbnb, Inc.",1592000000,0001559720-26-000004,2025-12-31,,,,,,2025,ShareBasedCompensation,False
1561550,"Datadog, Inc.",3068000,0001564590-20-006422,2017-12-31,,,,,,2017,ShareBasedCompensation,False
1561550,"Datadog, Inc.",5244000,0001564590-21-009770,2018-12-31,,,,,,2018,ShareBasedCompensation,False
1561550,"Datadog, Inc.",19034000,0001561550-22-000009,2019-12-31,,,,,,2019,ShareBasedCompensation,False
1561550,"Datadog, Inc.",74374000,0001561550-23-000006,2020-12-31,,,,,,2020,ShareBasedCompensation,False
1561550,"Datadog, Inc.",163737000,0001561550-24-000009,2021-12-31,,,,,,2021,ShareBasedCompensation,False
1561550,"Datadog, Inc.",363154000,0001561550-25-000025,2022-12-31,,,,,,2022,ShareBasedCompensation,False
1561550,"Datadog, Inc.",482300000,0001628280-26-008819,2023-12-31,,,,,,2023,ShareBasedCompensation,False
1561550,"Datadog, Inc.",570336000,0001628280-26-008819,2024-12-31,,,,,,2024,ShareBasedCompensation,False
1561550,"Datadog, Inc.",750671000,0001628280-26-008819,2025-12-31,,,,,,2025,ShareBasedCompensation,False
1571949,"INTERCONTINENTAL EXCHANGE, INC.",111000000,0001571949-18-000003,2015-12-31,,,,,,2015,ShareBasedCompensation,False
1571949,"INTERCONTINENTAL EXCHANGE, INC.",124000000,0001571949-19-000003,2016-12-31,,,,,,2016,ShareBasedCompensation,False
1571949,"INTERCONTINENTAL EXCHANGE, INC.",135000000,0001571949-20-000003,2017-12-31,,,,,,2017,ShareBasedCompensation,False
1571949,"INTERCONTINENTAL EXCHANGE, INC.",130000000,0001571949-21-000003,2018-12-31,,,,,,2018,ShareBasedCompensation,False
1571949,"INTERCONTINENTAL EXCHANGE, INC.",139000000,0001571949-22-000006,2019-12-31,,,,,,2019,ShareBasedCompensation,False
1571949,"INTERCONTINENTAL EXCHANGE, INC.",139000000,0001571949-23-000006,2020-12-31,,,,,,2020,ShareBasedCompensation,False
1571949,"INTERCONTINENTAL EXCHANGE, INC.",188000000,0001571949-24-000007,2021-12-31,,,,,,2021,ShareBasedCompensation,False
1571949,"INTERCONTINENTAL EXCHANGE, INC.",155000000,0001571949-25-000003,2022-12-31,,,,,,2022,ShareBasedCompensation,False
1571949,"INTERCONTINENTAL EXCHANGE, INC.",257000000,0001571949-26-000004,2023-12-31,,,,,,2023,ShareBasedCompensation,False
1571949,"INTERCONTINENTAL EXCHANGE, INC.",231000000,0001571949-26-000004,2024-12-31,,,,,,2024,ShareBasedCompensation,False
1571949,"INTERCONTINENTAL EXCHANGE, INC.",238000000,0001571949-26-000004,2025-12-31,,,,,,2025,ShareBasedCompensation,False
1571996,Dell Technologies Inc.,72000000,0001571996-18-000004,2016-01-29,,,,,,2015,ShareBasedCompensation,False
1571996,Dell Technologies Inc.,398000000,0001571996-19-000008,2017-02-03,,,,,,2016,ShareBasedCompensation,False
1571996,Dell Technologies Inc.,835000000,0001571996-20-000017,2018-02-02,,,,,,2017,ShareBasedCompensation,False
1571996,Dell Technologies Inc.,918000000,0001571996-21-000007,2019-02-01,,,,,,2018,ShareBasedCompensation,False
1571996,Dell Technologies Inc.,1262000000,0001571996-22-000009,2020-01-31,,,,,,2019,ShareBasedCompensation,False
1571996,Dell Technologies Inc.,1609000000,0001571996-23-000007,2021-01-29,,,,,,2020,ShareBasedCompensation,False
1571996,Dell Technologies Inc.,1622000000,0001571996-24-000036,2022-01-28,,,,,,2021,ShareBasedCompensation,False
1571996,Dell Technologies Inc.,931000000,0001571996-25-000034,2023-02-03,,,,,,2022,ShareBasedCompensation,False
1571996,Dell Technologies Inc.,878000000,0001571996-26-000008,2024-02-02,,,,,,2023,ShareBasedCompensation,False
1571996,Dell Technologies Inc.,785000000,0001571996-26-000008,2025-01-31,,,,,,2024,ShareBasedCompensation,False
1571996,Dell Technologies Inc.,723000000,0001571996-26-000008,2026-01-30,,,,,,2025,ShareBasedCompensation,False
1579241,Allegion plc,14600000,0001579241-18-000007,2015-12-31,,,,,,2015,ShareBasedCompensation,False
1579241,Allegion plc,16600000,0001579241-19-000006,2016-12-31,,,,,,2016,ShareBasedCompensation,False
1579241,Allegion plc,16200000,0001579241-20-000013,2017-12-31,,,,,,2017,ShareBasedCompensation,False
1579241,Allegion plc,19600000,0001579241-21-000020,2018-12-31,,,,,,2018,ShareBasedCompensation,False
1579241,Allegion plc,20400000,0001579241-22-000019,2019-12-31,,,,,,2019,ShareBasedCompensation,False
1579241,Allegion plc,20800000,0001579241-23-000006,2020-12-31,,,,,,2020,ShareBasedCompensation,False
1579241,Allegion plc,23400000,0001579241-24-000006,2021-12-31,,,,,,2021,ShareBasedCompensation,False
1579241,Allegion plc,24500000,0001579241-25-000008,2022-12-31,,,,,,2022,ShareBasedCompensation,False
1579241,Allegion plc,26400000,0001579241-26-000007,2023-12-31,,,,,,2023,ShareBasedCompensation,False
1579241,Allegion plc,28200000,0001579241-26-000007,2024-12-31,,,,,,2024,ShareBasedCompensation,False
1579241,Allegion plc,29800000,0001579241-26-000007,2025-12-31,,,,,,2025,ShareBasedCompensation,False
1585689,Hilton Worldwide Holdings Inc.,124000000,0001585689-18-000033,2015-12-31,,,,,,2015,ShareBasedCompensation,False
1585689,Hilton Worldwide Holdings Inc.,91000000,0001585689-19-000034,2016-12-31,,,,,,2016,ShareBasedCompensation,False
1585689,Hilton Worldwide Holdings Inc.,121000000,0001585689-20-000013,2017-12-31,,,,,,2017,ShareBasedCompensation,False
1585689,Hilton Worldwide Holdings Inc.,127000000,0001585689-21-000016,2018-12-31,,,,,,2018,ShareBasedCompensation,False
1585689,Hilton Worldwide Holdings Inc.,154000000,0001585689-22-000013,2019-12-31,,,,,,2019,ShareBasedCompensation,False
1585689,Hilton Worldwide Holdings Inc.,97000000,0001585689-23-000036,2020-12-31,,,,,,2020,ShareBasedCompensation,False
1585689,Hilton Worldwide Holdings Inc.,193000000,0001585689-24-000027,2021-12-31,,,,,,2021,ShareBasedCompensation,False
1585689,Hilton Worldwide Holdings Inc.,162000000,0001585689-25-000008,2022-12-31,,,,,,2022,ShareBasedCompensation,False
1585689,Hilton Worldwide Holdings Inc.,169000000,0001585689-26-000007,2023-12-31,,,,,,2023,ShareBasedCompensation,False
1585689,Hilton Worldwide Holdings Inc.,176000000,0001585689-26-000007,2024-12-31,,,,,,2024,ShareBasedCompensation,False
1585689,Hilton Worldwide Holdings Inc.,170000000,0001585689-26-000007,2025-12-31,,,,,,2025,ShareBasedCompensation,False
1596532,"ARISTA NETWORKS, INC.",45303000,0001596532-18-000018,2015-12-31,,,,,,2015,ShareBasedCompensation,False
1596532,"ARISTA NETWORKS, INC.",59032000,0001596532-19-000027,2016-12-31,,,,,,2016,ShareBasedCompensation,False
1596532,"ARISTA NETWORKS, INC.",75427000,0001596532-20-000024,2017-12-31,,,,,,2017,ShareBasedCompensation,False
1596532,"ARISTA NETWORKS, INC.",91202000,0001596532-21-000049,2018-12-31,,,,,,2018,ShareBasedCompensation,False
1596532,"ARISTA NETWORKS, INC.",101280000,0001596532-22-000026,2019-12-31,,,,,,2019,ShareBasedCompensation,False
1596532,"ARISTA NETWORKS, INC.",137042000,0001596532-23-000016,2020-12-31,,,,,,2020,ShareBasedCompensation,False
1596532,"ARISTA NETWORKS, INC.",186875000,0001596532-24-000043,2021-12-31,,,,,,2021,ShareBasedCompensation,False
1596532,"ARISTA NETWORKS, INC.",230934000,0001596532-25-000028,2022-12-31,,,,,,2022,ShareBasedCompensation,False
1596532,"ARISTA NETWORKS, INC.",296800000,0001596532-26-000013,2023-12-31,,,,,,2023,ShareBasedCompensation,False
1596532,"ARISTA NETWORKS, INC.",355400000,0001596532-26-000013,2024-12-31,,,,,,2024,ShareBasedCompensation,False
1596532,"ARISTA NETWORKS, INC.",439200000,0001596532-26-000013,2025-12-31,,,,,,2025,ShareBasedCompensation,False
1601046,"KEYSIGHT TECHNOLOGIES, INC.",55000000,0001601046-17-000033,2015-10-31,,,,,,2015,ShareBasedCompensation,False
1601046,"KEYSIGHT TECHNOLOGIES, INC.",49000000,0001601046-19-000033,2016-10-31,,,,,,2016,ShareBasedCompensation,False
1601046,"KEYSIGHT TECHNOLOGIES, INC.",56000000,0001601046-19-000110,2017-10-31,,,,,,2017,ShareBasedCompensation,False
1601046,"KEYSIGHT TECHNOLOGIES, INC.",59000000,0001601046-20-000154,2018-10-31,,,,,,2018,ShareBasedCompensation,False
1601046,"KEYSIGHT TECHNOLOGIES, INC.",82000000,0001601046-21-000197,2019-10-31,,,,,,2019,ShareBasedCompensation,False
1601046,"KEYSIGHT TECHNOLOGIES, INC.",92000000,0001601046-22-000161,2020-10-31,,,,,,2020,ShareBasedCompensation,False
1601046,"KEYSIGHT TECHNOLOGIES, INC.",103000000,0001601046-23-000134,2021-10-31,,,,,,2021,ShareBasedCompensation,False
1601046,"KEYSIGHT TECHNOLOGIES, INC.",125000000,0001601046-24-000159,2022-10-31,,,,,,2022,ShareBasedCompensation,False
1601046,"KEYSIGHT TECHNOLOGIES, INC.",135000000,0001601046-25-000127,2023-10-31,,,,,,2023,ShareBasedCompensation,False
1601046,"KEYSIGHT TECHNOLOGIES, INC.",137000000,0001601046-25-000127,2024-10-31,,,,,,2024,ShareBasedCompensation,False
1601046,"KEYSIGHT TECHNOLOGIES, INC.",162000000,0001601046-25-000127,2025-10-31,,,,,,2025,ShareBasedCompensation,False
1609711,GoDaddy Inc.,40400000,0001609711-18-000035,2015-12-31,,,,,,2015,ShareBasedCompensation,False
1609711,GoDaddy Inc.,56800000,0001609711-19-000012,2016-12-31,,,,,,2016,ShareBasedCompensation,False
1609711,GoDaddy Inc.,76400000,0001609711-20-000022,2017-12-31,,,,,,2017,ShareBasedCompensation,False
1609711,GoDaddy Inc.,125500000,0001609711-21-000017,2018-12-31,,,,,,2018,ShareBasedCompensation,False
1609711,GoDaddy Inc.,147000000,0001609711-22-000024,2019-12-31,,,,,,2019,ShareBasedCompensation,False
1609711,GoDaddy Inc.,191500000,0001609711-23-000031,2020-12-31,,,,,,2020,ShareBasedCompensation,False
1609711,GoDaddy Inc.,207900000,0001609711-24-000022,2021-12-31,,,,,,2021,ShareBasedCompensation,False
1609711,GoDaddy Inc.,264400000,0001609711-25-000023,2022-12-31,,,,,,2022,ShareBasedCompensation,False
1609711,GoDaddy Inc.,296300000,0001609711-26-000010,2023-12-31,,,,,,2023,ShareBasedCompensation,False
1609711,GoDaddy Inc.,299900000,0001609711-26-000010,2024-12-31,,,,,,2024,ShareBasedCompensation,False
1609711,GoDaddy Inc.,317800000,0001609711-26-000010,2025-12-31,,,,,,2025,ShareBasedCompensation,False
1613103,Medtronic plc,375000000,0001613103-18-000024,2016-04-29,,,,,,2015,ShareBasedCompensation,False
1613103,Medtronic plc,348000000,0001613103-19-000028,2017-04-28,,,,,,2016,ShareBasedCompensation,False
1613103,Medtronic plc,344000000,0001613103-20-000021,2018-04-27,,,,,,2017,ShareBasedCompensation,False
1613103,Medtronic plc,290000000,0001613103-21-000027,2019-04-26,,,,,,2018,ShareBasedCompensation,False
1613103,Medtronic plc,297000000,0001613103-22-000023,2020-04-24,,,,,,2019,ShareBasedCompensation,False
1613103,Medtronic plc,344000000,0001613103-23-000040,2021-04-30,,,,,,2020,ShareBasedCompensation,False
1613103,Medtronic plc,359000000,0001613103-24-000072,2022-04-29,,,,,,2021,ShareBasedCompensation,False
1613103,Medtronic plc,355000000,0001613103-25-000091,2023-04-28,,,,,,2022,ShareBasedCompensation,False
1613103,Medtronic plc,393000000,0001628280-26-044354,2024-04-26,,,,,,2023,ShareBasedCompensation,False
1613103,Medtronic plc,429000000,0001628280-26-044354,2025-04-25,,,,,,2024,ShareBasedCompensation,False
1613103,Medtronic plc,457000000,0001628280-26-044354,2026-04-24,,,,,,2025,ShareBasedCompensation,False
1633917,"PayPal Holdings, Inc.",346000000,0001633917-18-000029,2015-12-31,,,,,,2015,ShareBasedCompensation,False
1633917,"PayPal Holdings, Inc.",438000000,0001633917-19-000200,2016-12-31,,,,,,2016,ShareBasedCompensation,False
1633917,"PayPal Holdings, Inc.",733000000,0001633917-20-000028,2017-12-31,,,,,,2017,ShareBasedCompensation,False
1633917,"PayPal Holdings, Inc.",853000000,0001633917-21-000018,2018-12-31,,,,,,2018,ShareBasedCompensation,False
1633917,"PayPal Holdings, Inc.",1021000000,0001633917-22-000027,2019-12-31,,,,,,2019,ShareBasedCompensation,False
1633917,"PayPal Holdings, Inc.",1376000000,0001633917-23-000033,2020-12-31,,,,,,2020,ShareBasedCompensation,False
1633917,"PayPal Holdings, Inc.",1376000000,0001633917-24-000024,2021-12-31,,,,,,2021,ShareBasedCompensation,False
1633917,"PayPal Holdings, Inc.",1261000000,0001633917-25-000019,2022-12-31,,,,,,2022,ShareBasedCompensation,False
1633917,"PayPal Holdings, Inc.",1475000000,0001633917-26-000024,2023-12-31,,,,,,2023,ShareBasedCompensation,False
1633917,"PayPal Holdings, Inc.",1230000000,0001633917-26-000024,2024-12-31,,,,,,2024,ShareBasedCompensation,False
1633917,"PayPal Holdings, Inc.",1002000000,0001633917-26-000024,2025-12-31,,,,,,2025,ShareBasedCompensation,False
1633978,Lumentum Holdings Inc.,24900000,0001633978-18-000108,2016-07-02,,,,,,2016,ShareBasedCompensation,False
1633978,Lumentum Holdings Inc.,32700000,0001633978-19-000069,2017-07-01,,,,,,2017,ShareBasedCompensation,False
1633978,Lumentum Holdings Inc.,60700000,0001628280-21-017799,2019-06-29,,,,,,2018,ShareBasedCompensation,False
1633978,Lumentum Holdings Inc.,73200000,0001628280-22-023617,2020-06-27,,,,,,2019,ShareBasedCompensation,False
1633978,Lumentum Holdings Inc.,92900000,0001628280-23-030374,2021-07-03,,,,,,2021,ShareBasedCompensation,False
1633978,Lumentum Holdings Inc.,103100000,0001628280-24-038024,2022-07-02,,,,,,2022,ShareBasedCompensation,False
1633978,Lumentum Holdings Inc.,148400000,0001628280-25-040830,2023-07-01,,,,,,2023,ShareBasedCompensation,False
1633978,Lumentum Holdings Inc.,177200000,0001628280-26-057358,2025-06-28,,,,,,2024,ShareBasedCompensation,False
1633978,Lumentum Holdings Inc.,170200000,0001628280-26-057358,2026-06-27,,,,,,2025,ShareBasedCompensation,False
1637459,Kraft Heinz Co,133000000,0001637459-18-000015,2016-01-03,,,,,,2015,ShareBasedCompensation,False
1637459,Kraft Heinz Co,46000000,0001637459-19-000049,2016-12-31,,,,,,2016,ShareBasedCompensation,False
1637459,Kraft Heinz Co,46000000,0001637459-20-000168,2017-12-30,,,,,,2017,ShareBasedCompensation,False
1637459,Kraft Heinz Co,33000000,0001637459-21-000009,2018-12-29,,,,,,2018,ShareBasedCompensation,False
1637459,Kraft Heinz Co,46000000,0001637459-22-000018,2019-12-28,,,,,,2019,ShareBasedCompensation,False
1637459,Kraft Heinz Co,156000000,0001637459-23-000009,2020-12-26,,,,,,2020,ShareBasedCompensation,False
1637459,Kraft Heinz Co,197000000,0001637459-24-000018,2021-12-25,,,,,,2021,ShareBasedCompensation,False
1637459,Kraft Heinz Co,148000000,0001637459-25-000011,2022-12-31,,,,,,2022,ShareBasedCompensation,False
1637459,Kraft Heinz Co,141000000,0001637459-26-000009,2023-12-30,,,,,,2023,ShareBasedCompensation,False
1637459,Kraft Heinz Co,109000000,0001637459-26-000009,2024-12-28,,,,,,2024,ShareBasedCompensation,False
1637459,Kraft Heinz Co,95000000,0001637459-26-000009,2025-12-27,,,,,,2025,ShareBasedCompensation,False
1645590,HEWLETT PACKARD ENTERPRISE COMPANY,565000000,0001628280-17-012383,2015-10-31,,,,,,2015,ShareBasedCompensation,False
1645590,HEWLETT PACKARD ENTERPRISE COMPANY,558000000,0001628280-18-015054,2016-10-31,,,,,,2016,ShareBasedCompensation,False
1645590,HEWLETT PACKARD ENTERPRISE COMPANY,428000000,0001645590-19-000044,2017-10-31,,,,,,2017,ShareBasedCompensation,False
1645590,HEWLETT PACKARD ENTERPRISE COMPANY,286000000,0001645590-20-000056,2018-10-31,,,,,,2018,ShareBasedCompensation,False
1645590,HEWLETT PACKARD ENTERPRISE CO,268000000,0001645590-21-000068,2019-10-31,,,,,,2019,ShareBasedCompensation,False
1645590,HEWLETT PACKARD ENTERPRISE CO,274000000,0001645590-22-000071,2020-10-31,,,,,,2020,ShareBasedCompensation,False
1645590,HEWLETT PACKARD ENTERPRISE COMPANY,382000000,0001645590-23-000117,2021-10-31,,,,,,2021,ShareBasedCompensation,False
1645590,HEWLETT PACKARD ENTERPRISE COMPANY,391000000,0001645590-24-000139,2022-10-31,,,,,,2022,ShareBasedCompensation,False
1645590,HEWLETT PACKARD ENTERPRISE COMPANY,428000000,0001645590-25-000130,2023-10-31,,,,,,2023,ShareBasedCompensation,False
1645590,HEWLETT PACKARD ENTERPRISE COMPANY,430000000,0001645590-25-000130,2024-10-31,,,,,,2024,ShareBasedCompensation,False
1645590,HEWLETT PACKARD ENTERPRISE COMPANY,643000000,0001645590-25-000130,2025-10-31,,,,,,2025,ShareBasedCompensation,False
1652044,ALPHABET INC.,5203000000,0001652044-18-000007,2015-12-31,,,,,,2015,ShareBasedCompensation,False
1652044,ALPHABET INC.,6703000000,0001652044-19-000004,2016-12-31,,,,,,2016,ShareBasedCompensation,False
1652044,ALPHABET INC.,7679000000,0001652044-20-000008,2017-12-31,,,,,,2017,ShareBasedCompensation,False
1652044,ALPHABET INC.,9353000000,0001652044-21-000010,2018-12-31,,,,,,2018,ShareBasedCompensation,False
1652044,Alphabet Inc.,10794000000,0001652044-22-000019,2019-12-31,,,,,,2019,ShareBasedCompensation,False
1652044,Alphabet Inc.,12991000000,0001652044-23-000016,2020-12-31,,,,,,2020,ShareBasedCompensation,False
1652044,Alphabet Inc.,15376000000,0001652044-24-000022,2021-12-31,,,,,,2021,ShareBasedCompensation,False
1652044,Alphabet Inc.,19362000000,0001652044-25-000014,2022-12-31,,,,,,2022,ShareBasedCompensation,False
1652044,Alphabet Inc.,22460000000,0001652044-26-000018,2023-12-31,,,,,,2023,ShareBasedCompensation,False
1652044,Alphabet Inc.,22785000000,0001652044-26-000018,2024-12-31,,,,,,2024,ShareBasedCompensation,False
1652044,Alphabet Inc.,24953000000,0001652044-26-000018,2025-12-31,,,,,,2025,ShareBasedCompensation,False
1659166,Fortive Corp,35200000,0001659166-18-000100,2015-12-31,,,,,,2015,ShareBasedCompensation,False
1659166,Fortive Corp,40700000,0001659166-19-000085,2016-12-31,,,,,,2016,ShareBasedCompensation,False
1659166,Fortive Corp,44200000,0001659166-20-000071,2017-12-31,,,,,,2017,ShareBasedCompensation,False
1659166,Fortive Corp,40600000,0001659166-21-000062,2018-12-31,,,,,,2018,ShareBasedCompensation,False
1659166,FORTIVE CORPORATION,52500000,0001659166-22-000054,2019-12-31,,,,,,2019,ShareBasedCompensation,False
1659166,FORTIVE CORPORATION,62600000,0001659166-23-000080,2020-12-31,,,,,,2020,ShareBasedCompensation,False
1659166,FORTIVE CORPORATION,77400000,0001659166-24-000046,2021-12-31,,,,,,2021,ShareBasedCompensation,False
1659166,FORTIVE CORPORATION,93800000,0001659166-25-000024,2022-12-31,,,,,,2022,ShareBasedCompensation,False
1659166,FORTIVE CORPORATION,94500000,0001659166-26-000007,2023-12-31,,,,,,2023,ShareBasedCompensation,False
1659166,FORTIVE CORPORATION,90100000,0001659166-26-000007,2024-12-31,,,,,,2024,ShareBasedCompensation,False
1659166,FORTIVE CORPORATION,116800000,0001659166-26-000007,2025-12-31,,,,,,2025,ShareBasedCompensation,False
1666700,"DuPont de Nemours, Inc.",75000000,0001666700-25-000021,2022-12-31,,,,,,2022,ShareBasedCompensation,False
1666700,"DUPONT DE NEMOURS, INC.",57000000,0001666700-26-000013,2023-12-31,,,,,,2023,ShareBasedCompensation,False
1666700,"DUPONT DE NEMOURS, INC.",56000000,0001666700-26-000013,2024-12-31,,,,,,2024,ShareBasedCompensation,False
1666700,"DUPONT DE NEMOURS, INC.",38000000,0001666700-26-000013,2025-12-31,,,,,,2025,ShareBasedCompensation,False
1671933,"TRADE DESK, INC.",374000,0001564590-18-003611,2015-12-31,,,,,,2015,ShareBasedCompensation,False
1671933,"TRADE DESK, INC.",5056000,0001564590-19-003906,2016-12-31,,,,,,2016,ShareBasedCompensation,False
1671933,"TRADE DESK, INC.",21317000,0001564590-20-007498,2017-12-31,,,,,,2017,ShareBasedCompensation,False
1671933,"TRADE DESK, INC.",42210000,0001564590-21-006726,2018-12-31,,,,,,2018,ShareBasedCompensation,False
1671933,"TRADE DESK, INC.",80758000,0001564590-22-005385,2019-12-31,,,,,,2019,ShareBasedCompensation,False
1671933,"TRADE DESK, INC.",111775000,0001671933-23-000007,2020-12-31,,,,,,2020,ShareBasedCompensation,False
1671933,"TRADE DESK, INC.",337413000,0001671933-24-000014,2021-12-31,,,,,,2021,ShareBasedCompensation,False
1671933,"TRADE DESK, INC.",498642000,0001671933-25-000029,2022-12-31,,,,,,2022,ShareBasedCompensation,False
1671933,"TRADE DESK, INC.",491621000,0001671933-26-000014,2023-12-31,,,,,,2023,ShareBasedCompensation,False
1671933,"TRADE DESK, INC.",494699000,0001671933-26-000014,2024-12-31,,,,,,2024,ShareBasedCompensation,False
1671933,"TRADE DESK, INC.",490627000,0001671933-26-000014,2025-12-31,,,,,,2025,ShareBasedCompensation,False
1674101,VERTIV HOLDINGS CO,0,0001628280-21-008318,2018-12-31,,,,,,2018,ShareBasedCompensation,False
1674101,Vertiv Holdings Co,0,0001628280-22-004533,2019-12-31,,,,,,2019,ShareBasedCompensation,False
1674101,Vertiv Holdings Co,13000000,0001628280-23-005248,2020-12-31,,,,,,2020,ShareBasedCompensation,False
1674101,Vertiv Holdings Co,23200000,0001628280-24-006498,2021-12-31,,,,,,2021,ShareBasedCompensation,False
1674101,Vertiv Holdings Co,24700000,0001628280-25-005905,2022-12-31,,,,,,2022,ShareBasedCompensation,False
1674101,Vertiv Holdings Co,25000000,0001674101-26-000008,2023-12-31,,,,,,2023,ShareBasedCompensation,False
1674101,Vertiv Holdings Co,34600000,0001674101-26-000008,2024-12-31,,,,,,2024,ShareBasedCompensation,False
1674101,Vertiv Holdings Co,45900000,0001674101-26-000008,2025-12-31,,,,,,2025,ShareBasedCompensation,False
1679788,"Coinbase Global, Inc.",31147000,0001679788-22-000031,2019-12-31,,,,,,2019,ShareBasedCompensation,False
1679788,"Coinbase Global, Inc.",70548000,0001679788-23-000031,2020-12-31,,,,,,2020,ShareBasedCompensation,False
1679788,"Coinbase Global, Inc.",820685000,0001679788-24-000022,2021-12-31,,,,,,2021,ShareBasedCompensation,False
1679788,"Coinbase Global, Inc.",1565823000,0001679788-25-000022,2022-12-31,,,,,,2022,ShareBasedCompensation,False
1679788,"Coinbase Global, Inc.",780668000,0001679788-26-000015,2023-12-31,,,,,,2023,ShareBasedCompensation,False
1679788,"Coinbase Global, Inc.",912838000,0001679788-26-000015,2024-12-31,,,,,,2024,ShareBasedCompensation,False
1679788,"Coinbase Global, Inc.",839440000,0001679788-26-000015,2025-12-31,,,,,,2025,ShareBasedCompensation,False
1682852,"Moderna, Inc.",39360000,0001682852-19-000009,2016-12-31,,,,,,2016,ShareBasedCompensation,False
1682852,"Moderna, Inc.",40055000,0001682852-20-000006,2017-12-31,,,,,,2017,ShareBasedCompensation,False
1682852,"Moderna, Inc.",72565000,0001682852-21-000006,2018-12-31,,,,,,2018,ShareBasedCompensation,False
1682852,"Moderna, Inc.",81000000,0001682852-22-000012,2019-12-31,,,,,,2019,ShareBasedCompensation,False
1682852,"Moderna, Inc.",93000000,0001682852-23-000011,2020-12-31,,,,,,2020,ShareBasedCompensation,False
1682852,"Moderna, Inc.",142000000,0001682852-24-000015,2021-12-31,,,,,,2021,ShareBasedCompensation,False
1682852,"Moderna, Inc.",226000000,0001682852-25-000022,2022-12-31,,,,,,2022,ShareBasedCompensation,False
1682852,"Moderna, Inc.",305000000,0001682852-26-000033,2023-12-31,,,,,,2023,ShareBasedCompensation,False
1682852,"Moderna, Inc.",429000000,0001682852-26-000033,2024-12-31,,,,,,2024,ShareBasedCompensation,False
1682852,"Moderna, Inc.",483000000,0001682852-26-000033,2025-12-31,,,,,,2025,ShareBasedCompensation,False
1687229,Invitation Homes Inc.,27924000,0001687229-18-000018,2015-12-31,,,,,,2015,ShareBasedCompensation,False
1687229,Invitation Homes Inc.,10210000,0001687229-19-000014,2016-12-31,,,,,,2016,ShareBasedCompensation,False
1687229,Invitation Homes Inc.,81203000,0001687229-20-000004,2017-12-31,,,,,,2017,ShareBasedCompensation,False
1687229,Invitation Homes Inc.,29499000,0001687229-21-000005,2018-12-31,,,,,,2018,ShareBasedCompensation,False
1687229,Invitation Homes Inc.,18158000,0001687229-22-000002,2019-12-31,,,,,,2019,ShareBasedCompensation,False
1687229,Invitation Homes Inc.,17090000,0001687229-23-000029,2020-12-31,,,,,,2020,ShareBasedCompensation,False
1687229,Invitation Homes Inc.,27170000,0001687229-24-000013,2021-12-31,,,,,,2021,ShareBasedCompensation,False
1687229,Invitation Homes Inc.,28962000,0001687229-25-000008,2022-12-31,,,,,,2022,ShareBasedCompensation,False
1687229,Invitation Homes Inc.,29503000,0001687229-26-000016,2023-12-31,,,,,,2023,ShareBasedCompensation,False
1687229,Invitation Homes Inc.,27918000,0001687229-26-000016,2024-12-31,,,,,,2024,ShareBasedCompensation,False
1687229,Invitation Homes Inc.,27830000,0001687229-26-000016,2025-12-31,,,,,,2025,ShareBasedCompensation,False
1690820,CARVANA CO.,490000,0001690820-18-000005,2015-12-31,,,,,,2015,ShareBasedCompensation,False
1690820,CARVANA CO.,555000,0001690820-19-000024,2016-12-31,,,,,,2016,ShareBasedCompensation,False
1690820,CARVANA CO.,5611000,0001690820-20-000052,2017-12-31,,,,,,2017,ShareBasedCompensation,False
1690820,CARVANA CO.,24095000,0001690820-21-000069,2018-12-31,,,,,,2018,ShareBasedCompensation,False
1690820,CARVANA CO.,33000000,0001690820-22-000080,2019-12-31,,,,,,2019,ShareBasedCompensation,False
1690820,CARVANA CO.,25000000,0001690820-23-000052,2020-12-31,,,,,,2020,ShareBasedCompensation,False
1690820,CARVANA CO.,39000000,0001690820-24-000093,2021-12-31,,,,,,2021,ShareBasedCompensation,False
1690820,CARVANA CO.,69000000,0001690820-25-000074,2022-12-31,,,,,,2022,ShareBasedCompensation,False
1690820,CARVANA CO.,73000000,0001690820-26-000009,2023-12-31,,,,,,2023,ShareBasedCompensation,False
1690820,CARVANA CO.,91000000,0001690820-26-000009,2024-12-31,,,,,,2024,ShareBasedCompensation,False
1690820,CARVANA CO.,96000000,0001690820-26-000009,2025-12-31,,,,,,2025,ShareBasedCompensation,False
1692819,Vistra Corp.,0,0001692819-20-000005,2017-12-31,,,,,,2017,ShareBasedCompensation,False
1692819,Vistra Corp.,73000000,0001692819-21-000004,2018-12-31,,,,,,2018,ShareBasedCompensation,False
1692819,Vistra Corp.,47000000,0001692819-22-000005,2019-12-31,,,,,,2019,ShareBasedCompensation,False
1692819,Vistra Corp.,65000000,0001692819-23-000005,2020-12-31,,,,,,2020,ShareBasedCompensation,False
1692819,Vistra Corp.,47000000,0001692819-24-000012,2021-12-31,,,,,,2021,ShareBasedCompensation,False
1692819,Vistra Corp.,63000000,0001692819-25-000013,2022-12-31,,,,,,2022,ShareBasedCompensation,False
1692819,Vistra Corp.,77000000,0001692819-26-000006,2023-12-31,,,,,,2023,ShareBasedCompensation,False
1692819,Vistra Corp.,100000000,0001692819-26-000006,2024-12-31,,,,,,2024,ShareBasedCompensation,False
1692819,Vistra Corp.,113000000,0001692819-26-000006,2025-12-31,,,,,,2025,ShareBasedCompensation,False
1699150,Ingersoll Rand Inc.,0,0001140361-18-008833,2015-12-31,,,,,,2015,ShareBasedCompensation,False
1699150,Ingersoll Rand Inc.,0,0001140361-19-004014,2016-12-31,,,,,,2016,ShareBasedCompensation,False
1699150,Ingersoll Rand Inc.,175000000,0001140361-20-013202,2017-12-31,,,,,,2017,ShareBasedCompensation,False
1699150,Ingersoll Rand Inc.,2800000,0001628280-21-003454,2018-12-31,,,,,,2018,ShareBasedCompensation,False
1699150,Ingersoll Rand Inc.,18700000,0001628280-22-003991,2019-12-31,,,,,,2019,ShareBasedCompensation,False
1699150,Ingersoll Rand Inc.,47500000,0001628280-23-004287,2020-12-31,,,,,,2020,ShareBasedCompensation,False
1699150,Ingersoll Rand Inc.,87200000,0001628280-24-006642,2021-12-31,,,,,,2021,ShareBasedCompensation,False
1699150,Ingersoll Rand Inc.,78900000,0001628280-25-006391,2022-12-31,,,,,,2022,ShareBasedCompensation,False
1699150,Ingersoll Rand Inc.,51900000,0001628280-26-008617,2023-12-31,,,,,,2023,ShareBasedCompensation,False
1699150,Ingersoll Rand Inc.,58800000,0001628280-26-008617,2024-12-31,,,,,,2024,ShareBasedCompensation,False
1699150,Ingersoll Rand Inc.,53000000,0001628280-26-008617,2025-12-31,,,,,,2025,ShareBasedCompensation,False
1701605,Baker Hughes Company,210000000,0001701605-23-000044,2020-12-31,,,,,,2020,ShareBasedCompensation,False
1701605,Baker Hughes Company,205000000,0001701605-24-000033,2021-12-31,,,,,,2021,ShareBasedCompensation,False
1701605,Baker Hughes Company,207000000,0001701605-25-000035,2022-12-31,,,,,,2022,ShareBasedCompensation,False
1701605,Baker Hughes Company,197000000,0001701605-26-000007,2023-12-31,,,,,,2023,ShareBasedCompensation,False
1701605,Baker Hughes Company,202000000,0001701605-26-000007,2024-12-31,,,,,,2024,ShareBasedCompensation,False
1701605,Baker Hughes Company,203000000,0001701605-26-000007,2025-12-31,,,,,,2025,ShareBasedCompensation,False
1705696,VICI Properties Inc.,2342000,0001705696-21-000030,2018-12-31,,,,,,2018,ShareBasedCompensation,False
1705696,VICI PROPERTIES INC.,5223000,0001705696-22-000046,2019-12-31,,,,,,2019,ShareBasedCompensation,False
1705696,VICI Properties Inc.,7388000,0001705696-23-000035,2020-12-31,,,,,,2020,ShareBasedCompensation,False
1705696,VICI Properties Inc.,9371000,0001705696-24-000033,2021-12-31,,,,,,2021,ShareBasedCompensation,False
1705696,VICI Properties Inc.,12986000,0001705696-25-000033,2022-12-31,,,,,,2022,ShareBasedCompensation,False
1705696,VICI Properties Inc.,15536000,0001705696-26-000034,2023-12-31,,,,,,2023,ShareBasedCompensation,False
1705696,VICI Properties Inc.,17511000,0001705696-26-000034,2024-12-31,,,,,,2024,ShareBasedCompensation,False
1705696,VICI Properties Inc.,16195000,0001705696-26-000034,2025-12-31,,,,,,2025,ShareBasedCompensation,False
1707925,LINDE PLC,39000000,0001628280-19-003050,2016-12-31,,,,,,2016,ShareBasedCompensation,False
1707925,LINDE PLC,59000000,0001707925-20-000015,2017-12-31,,,,,,2017,ShareBasedCompensation,False
1707925,LINDE PLC,62000000,0001628280-21-003574,2018-12-31,,,,,,2018,ShareBasedCompensation,False
1707925,LINDE PLC,95000000,0001628280-22-004180,2019-12-31,,,,,,2019,ShareBasedCompensation,False
1707925,LINDE PLC,133000000,0001628280-23-005434,2020-12-31,,,,,,2020,ShareBasedCompensation,False
1707925,LINDE PLC,128000000,0001628280-23-005434,2021-12-31,,,,,,2021,ShareBasedCompensation,False
1707925,LINDE PLC,107000000,0001628280-23-005434,2022-12-31,,,,,,2022,ShareBasedCompensation,False
1711269,"Evergy, Inc.",9300000,0001711269-19-000013,2016-12-31,,,,,,2016,ShareBasedCompensation,False
1711269,"Evergy, Inc.",8800000,0001711269-20-000012,2017-12-31,,,,,,2017,ShareBasedCompensation,False
1711269,"Evergy, Inc.",29900000,0001711269-21-000023,2018-12-31,,,,,,2018,ShareBasedCompensation,False
1711269,"Evergy, Inc.",16300000,0001711269-22-000008,2019-12-31,,,,,,2019,ShareBasedCompensation,False
1711269,"EVERGY, INC.",16000000,0001711269-23-000011,2020-12-31,,,,,,2020,ShareBasedCompensation,False
1711269,"EVERGY, INC.",15600000,0001711269-24-000007,2021-12-31,,,,,,2021,ShareBasedCompensation,False
1711269,"EVERGY, INC.",18800000,0001711269-25-000004,2022-12-31,,,,,,2022,ShareBasedCompensation,False
1711269,"EVERGY, INC.",17700000,0001711269-26-000017,2023-12-31,,,,,,2023,ShareBasedCompensation,False
1711269,"EVERGY, INC.",15200000,0001711269-26-000017,2024-12-31,,,,,,2024,ShareBasedCompensation,False
1711269,"EVERGY, INC.",20700000,0001711269-26-000017,2025-12-31,,,,,,2025,ShareBasedCompensation,False
1713445,"Reddit, Inc.",55310000,0001713445-25-000018,2022-12-31,,,,,,2022,ShareBasedCompensation,False
1713445,"Reddit, Inc.",47598000,0001713445-26-000022,2023-12-31,,,,,,2023,ShareBasedCompensation,False
1713445,"Reddit, Inc.",801646000,0001713445-26-000022,2024-12-31,,,,,,2024,ShareBasedCompensation,False
1713445,"Reddit, Inc.",343180000,0001713445-26-000022,2025-12-31,,,,,,2025,ShareBasedCompensation,False
1730168,Broadcom Inc.,679000000,0001730168-18-000084,2016-10-30,,,,,,2016,ShareBasedCompensation,False
1730168,Broadcom Inc.,921000000,0001730168-20-000126,2017-10-29,,,,,,2017,ShareBasedCompensation,False
1730168,Broadcom Inc.,1227000000,0001730168-20-000226,2018-11-04,,,,,,2018,ShareBasedCompensation,False
1730168,Broadcom Inc.,2185000000,0001730168-21-000153,2019-11-03,,,,,,2019,ShareBasedCompensation,False
1730168,Broadcom Inc.,1976000000,0001730168-22-000118,2020-11-01,,,,,,2020,ShareBasedCompensation,False
1730168,Broadcom Inc.,1704000000,0001730168-23-000096,2021-10-31,,,,,,2021,ShareBasedCompensation,False
1730168,Broadcom Inc.,1533000000,0001730168-24-000139,2022-10-30,,,,,,2022,ShareBasedCompensation,False
1730168,Broadcom Inc.,2171000000,0001730168-25-000121,2023-10-29,,,,,,2023,ShareBasedCompensation,False
1730168,Broadcom Inc.,5741000000,0001730168-25-000121,2024-11-03,,,,,,2024,ShareBasedCompensation,False
1730168,Broadcom Inc.,7568000000,0001730168-25-000121,2025-11-02,,,,,,2025,ShareBasedCompensation,False
1744489,Walt Disney Co,393000000,0001744489-19-000173,2016-10-01,,,,,,2016,ShareBasedCompensation,False
1744489,Walt Disney Co,364000000,0001744489-19-000225,2017-09-30,,,,,,2017,ShareBasedCompensation,False
1744489,WALT DISNEY CO/,393000000,0001744489-21-000074,2018-09-29,,,,,,2018,ShareBasedCompensation,False
1744489,WALT DISNEY CO/,711000000,0001744489-21-000220,2019-09-28,,,,,,2019,ShareBasedCompensation,False
1744489,WALT DISNEY CO/,525000000,0001744489-22-000213,2020-10-03,,,,,,2020,ShareBasedCompensation,False
1744489,WALT DISNEY CO/,600000000,0001744489-23-000216,2021-10-02,,,,,,2021,ShareBasedCompensation,False
1744489,WALT DISNEY CO/,977000000,0001744489-24-000276,2022-10-01,,,,,,2022,ShareBasedCompensation,False
1744489,WALT DISNEY CO/,1143000000,0001744489-25-000155,2023-09-30,,,,,,2023,ShareBasedCompensation,False
1744489,WALT DISNEY CO/,1366000000,0001744489-25-000155,2024-09-28,,,,,,2024,ShareBasedCompensation,False
1744489,WALT DISNEY CO/,1363000000,0001744489-25-000155,2025-09-27,,,,,,2025,ShareBasedCompensation,False
1748790,AMCOR PLC,26500000,0001748790-19-000003,2017-06-30,,,,,,2017,ShareBasedCompensation,False
1748790,AMCOR PLC,21000000,0001748790-20-000025,2018-06-30,,,,,,2018,ShareBasedCompensation,False
1748790,AMCOR PLC,19000000,0001748790-21-000031,2019-06-30,,,,,,2019,ShareBasedCompensation,False
1748790,AMCOR PLC,34000000,0001748790-22-000024,2020-06-30,,,,,,2020,ShareBasedCompensation,False
1748790,AMCOR PLC,58000000,0001748790-23-000030,2021-06-30,,,,,,2021,ShareBasedCompensation,False
1748790,AMCOR PLC,63000000,0001748790-24-000022,2022-06-30,,,,,,2022,ShareBasedCompensation,False
1748790,AMCOR PLC,35000000,0001104659-25-041417,2023-09-30,,,,,,2023,ShareBasedCompensation,False
1748790,AMCOR PLC,39000000,0001104659-25-041417,2024-09-28,,,,,,2024,ShareBasedCompensation,False
1748790,AMCOR PLC,74000000,0001748790-26-000022,2025-06-30,,,,,,2025,ShareBasedCompensation,False
1748790,AMCOR PLC,83000000,0001748790-26-000022,2026-06-30,,,,,,2026,ShareBasedCompensation,False
1751008,AppLovin Corporation,10222000,0001751008-22-000005,2019-12-31,,,,,,2019,ShareBasedCompensation,False
1751008,AppLovin Corporation,62387000,0001751008-23-000006,2020-12-31,,,,,,2020,ShareBasedCompensation,False
1751008,AppLovin Corporation,133177000,0001751008-24-000012,2021-12-31,,,,,,2021,ShareBasedCompensation,False
1751008,AppLovin Corporation,191612000,0001751008-25-000018,2022-12-31,,,,,,2022,ShareBasedCompensation,False
1751008,AppLovin Corporation,363107000,0001751008-26-000010,2023-12-31,,,,,,2023,ShareBasedCompensation,False
1751008,AppLovin Corporation,369367000,0001751008-26-000010,2024-12-31,,,,,,2024,ShareBasedCompensation,False
1751008,AppLovin Corporation,210421000,0001751008-26-000010,2025-12-31,,,,,,2025,ShareBasedCompensation,False
1754301,Fox Corp,0,0001564590-19-031285,2017-06-30,,,,,,2017,ShareBasedCompensation,False
1754301,Fox Corp,0,0001564590-20-038975,2018-06-30,,,,,,2018,ShareBasedCompensation,False
1754301,Fox Corp,36000000,0001564590-21-043103,2019-06-30,,,,,,2019,ShareBasedCompensation,False
1754301,FOX CORPORATION,137000000,0001628280-22-022584,2020-06-30,,,,,,2020,ShareBasedCompensation,False
1754301,FOX CORPORATION,147000000,0001628280-23-029065,2021-06-30,,,,,,2021,ShareBasedCompensation,False
1754301,FOX CORPORATION,102000000,0001628280-24-036123,2022-06-30,,,,,,2022,ShareBasedCompensation,False
1754301,FOX CORPORATION,74000000,0001628280-25-038077,2023-06-30,,,,,,2023,ShareBasedCompensation,False
1754301,FOX CORPORATION,90000000,0001628280-26-053960,2024-06-30,,,,,,2024,ShareBasedCompensation,False
1754301,FOX CORPORATION,135000000,0001628280-26-053960,2025-06-30,,,,,,2025,ShareBasedCompensation,False
1754301,FOX CORPORATION,132000000,0001628280-26-053960,2026-06-30,,,,,,2026,ShareBasedCompensation,False
1757898,STERIS plc,18794000,0001757898-19-000005,2017-03-31,,,,,,2016,ShareBasedCompensation,False
1757898,STERIS plc,22187000,0001757898-21-000010,2018-03-31,,,,,,2017,ShareBasedCompensation,False
1757898,STERIS plc,23965000,0001757898-21-000017,2019-03-31,,,,,,2018,ShareBasedCompensation,False
1757898,STERIS plc,23811000,0001757898-22-000011,2020-03-31,,,,,,2019,ShareBasedCompensation,False
1757898,STERIS plc,25966000,0001757898-23-000005,2021-03-31,,,,,,2020,ShareBasedCompensation,False
1757898,STERIS plc,57660000,0001757898-24-000008,2022-03-31,,,,,,2021,ShareBasedCompensation,False
1757898,STERIS plc,38951000,0001757898-25-000005,2023-03-31,,,,,,2022,ShareBasedCompensation,False
1757898,STERIS plc,56500000,0001628280-26-039136,2024-03-31,,,,,,2023,ShareBasedCompensation,False
1757898,STERIS plc,57400000,0001628280-26-039136,2025-03-31,,,,,,2024,ShareBasedCompensation,False
1757898,STERIS plc,61700000,0001628280-26-039136,2026-03-31,,,,,,2025,ShareBasedCompensation,False
1781335,OTIS WORLDWIDE CORPORATION,38000000,0001781335-21-000023,2018-12-31,,,,,,2018,ShareBasedCompensation,False
1781335,OTIS WORLDWIDE CORPORATION,37000000,0001781335-22-000007,2019-12-31,,,,,,2019,ShareBasedCompensation,False
1781335,OTIS WORLDWIDE CORPORATION,63000000,0001781335-23-000009,2020-12-31,,,,,,2020,ShareBasedCompensation,False
1781335,OTIS WORLDWIDE CORPORATION,65000000,0001781335-24-000013,2021-12-31,,,,,,2021,ShareBasedCompensation,False
1781335,OTIS WORLDWIDE CORPORATION,67000000,0001781335-25-000010,2022-12-31,,,,,,2022,ShareBasedCompensation,False
1781335,OTIS WORLDWIDE CORPORATION,64000000,0001781335-26-000011,2023-12-31,,,,,,2023,ShareBasedCompensation,False
1781335,OTIS WORLDWIDE CORPORATION,73000000,0001781335-26-000011,2024-12-31,,,,,,2024,ShareBasedCompensation,False
1781335,OTIS WORLDWIDE CORPORATION,80000000,0001781335-26-000011,2025-12-31,,,,,,2025,ShareBasedCompensation,False
1783180,CARRIER GLOBAL CORPORATION,44000000,0001783180-21-000011,2018-12-31,,,,,,2018,ShareBasedCompensation,False
1783180,CARRIER GLOBAL CORPORATION,52000000,0001783180-22-000010,2019-12-31,,,,,,2019,ShareBasedCompensation,False
1783180,CARRIER GLOBAL CORPORATION,77000000,0001783180-23-000012,2020-12-31,,,,,,2020,ShareBasedCompensation,False
1783180,CARRIER GLOBAL CORPORATION,92000000,0001783180-24-000009,2021-12-31,,,,,,2021,ShareBasedCompensation,False
1783180,CARRIER GLOBAL CORPORATION,77000000,0001783180-25-000058,2022-12-31,,,,,,2022,ShareBasedCompensation,False
1783180,CARRIER GLOBAL CORPORATION,81000000,0001783180-26-000008,2023-12-31,,,,,,2023,ShareBasedCompensation,False
1783180,CARRIER GLOBAL CORPORATION,98000000,0001783180-26-000008,2024-12-31,,,,,,2024,ShareBasedCompensation,False
1783180,CARRIER GLOBAL CORPORATION,74000000,0001783180-26-000008,2025-12-31,,,,,,2025,ShareBasedCompensation,False
1783879,"Robinhood Markets, Inc.",26667000,0001783879-22-000044,2019-12-31,,,,,,2019,ShareBasedCompensation,False
1783879,"Robinhood Markets, Inc.",24000000,0001783879-23-000045,2020-12-31,,,,,,2020,ShareBasedCompensation,False
1783879,"Robinhood Markets, Inc.",1572000000,0001783879-24-000054,2021-12-31,,,,,,2021,ShareBasedCompensation,False
1783879,"Robinhood Markets, Inc.",654000000,0001783879-25-000049,2022-12-31,,,,,,2022,ShareBasedCompensation,False
1783879,"Robinhood Markets, Inc.",871000000,0001783879-26-000029,2023-12-31,,,,,,2023,ShareBasedCompensation,False
1783879,"Robinhood Markets, Inc.",304000000,0001783879-26-000029,2024-12-31,,,,,,2024,ShareBasedCompensation,False
1783879,"Robinhood Markets, Inc.",305000000,0001783879-26-000029,2025-12-31,,,,,,2025,ShareBasedCompensation,False
1792044,VIATRIS INC.,-3300000,0001792044-21-000009,2018-12-31,,,,,,2018,ShareBasedCompensation,False
1792044,VIATRIS INC.,56800000,0001792044-22-000010,2019-12-31,,,,,,2019,ShareBasedCompensation,False
1792044,VIATRIS INC.,79200000,0001792044-23-000008,2020-12-31,,,,,,2020,ShareBasedCompensation,False
1792044,VIATRIS INC.,111200000,0001792044-24-000008,2021-12-31,,,,,,2021,ShareBasedCompensation,False
1792044,VIATRIS INC.,116400000,0001792044-25-000008,2022-12-31,,,,,,2022,ShareBasedCompensation,False
1792044,VIATRIS INC.,180700000,0001792044-26-000013,2023-12-31,,,,,,2023,ShareBasedCompensation,False
1792044,VIATRIS INC.,146100000,0001792044-26-000013,2024-12-31,,,,,,2024,ShareBasedCompensation,False
1792044,VIATRIS INC.,177700000,0001792044-26-000013,2025-12-31,,,,,,2025,ShareBasedCompensation,False
1792789,"DOORDASH, INC.",24000000,0001628280-21-004032,2018-12-31,,,,,,2018,ShareBasedCompensation,False
1792789,"DOORDASH, INC.",18000000,0001628280-22-004350,2019-12-31,,,,,,2019,ShareBasedCompensation,False
1792789,"DOORDASH, INC.",322000000,0001628280-23-005131,2020-12-31,,,,,,2020,ShareBasedCompensation,False
1792789,"DOORDASH, INC.",486000000,0001628280-24-005600,2021-12-31,,,,,,2021,ShareBasedCompensation,False
1792789,"DOORDASH, INC.",889000000,0001628280-25-005715,2022-12-31,,,,,,2022,ShareBasedCompensation,False
1792789,"DOORDASH, INC.",1088000000,0001792789-26-000035,2023-12-31,,,,,,2023,ShareBasedCompensation,False
1792789,"DOORDASH, INC.",1099000000,0001792789-26-000035,2024-12-31,,,,,,2024,ShareBasedCompensation,False
1792789,"DOORDASH, INC.",1051000000,0001792789-26-000035,2025-12-31,,,,,,2025,ShareBasedCompensation,False
1811074,Texas Pacific Land Corporation,0,0001811074-22-000014,2019-12-31,,,,,,2019,ShareBasedCompensation,False
1811074,Texas Pacific Land Corporation,0,0001811074-23-000014,2020-12-31,,,,,,2020,ShareBasedCompensation,False
1811074,Texas Pacific Land Corporation,28000,0001811074-24-000015,2021-12-31,,,,,,2021,ShareBasedCompensation,False
1811074,Texas Pacific Land Corporation,8432000,0001811074-25-000044,2022-12-31,,,,,,2022,ShareBasedCompensation,False
1811074,Texas Pacific Land Corporation,10343000,0001811074-26-000018,2023-12-31,,,,,,2023,ShareBasedCompensation,False
1811074,Texas Pacific Land Corporation,12498000,0001811074-26-000018,2024-12-31,,,,,,2024,ShareBasedCompensation,False
1811074,Texas Pacific Land Corporation,15131000,0001811074-26-000018,2025-12-31,,,,,,2025,ShareBasedCompensation,False
1835632,"MARVELL TECHNOLOGY, INC",242207000,0001835632-22-000016,2020-02-01,,,,,,2019,ShareBasedCompensation,False
1835632,"MARVELL TECHNOLOGY, INC",241500000,0001835632-23-000013,2021-01-30,,,,,,2020,ShareBasedCompensation,False
1835632,"MARVELL TECHNOLOGY, INC",460700000,0001835632-24-000009,2022-01-29,,,,,,2021,ShareBasedCompensation,False
1835632,"MARVELL TECHNOLOGY, INC",552400000,0001835632-25-000057,2023-01-28,,,,,,2022,ShareBasedCompensation,False
1835632,"MARVELL TECHNOLOGY, INC",609800000,0001835632-26-000011,2024-02-03,,,,,,2023,ShareBasedCompensation,False
1835632,"MARVELL TECHNOLOGY, INC",597400000,0001835632-26-000011,2025-02-01,,,,,,2024,ShareBasedCompensation,False
1835632,"MARVELL TECHNOLOGY, INC",590800000,0001835632-26-000011,2026-01-31,,,,,,2025,ShareBasedCompensation,False
1841666,APA CORPORATION,138000000,0001784031-22-000009,2019-12-31,,,,,,2019,ShareBasedCompensation,False
1841666,APA CORPORATION,47000000,0001784031-23-000007,2020-12-31,,,,,,2020,ShareBasedCompensation,False
1841666,APA CORPORATION,175000000,0001784031-23-000007,2021-12-31,,,,,,2021,ShareBasedCompensation,False
1841666,APA CORPORATION,348000000,0001784031-23-000007,2022-12-31,,,,,,2022,ShareBasedCompensation,False
1858681,"APOLLO GLOBAL MANAGEMENT, INC.",213000000,0001858681-23-000007,2020-12-31,,,,,,2020,ShareBasedCompensation,False
1858681,"APOLLO GLOBAL MANAGEMENT, INC.",1181000000,0001858681-24-000031,2021-12-31,,,,,,2021,ShareBasedCompensation,False
1858681,"APOLLO GLOBAL MANAGEMENT, INC.",540000000,0001858681-25-000034,2022-12-31,,,,,,2022,ShareBasedCompensation,False
1858681,"APOLLO GLOBAL MANAGEMENT, INC.",1026000000,0001858681-26-000013,2023-12-31,,,,,,2023,ShareBasedCompensation,False
1858681,"APOLLO GLOBAL MANAGEMENT, INC.",721000000,0001858681-26-000013,2024-12-31,,,,,,2024,ShareBasedCompensation,False
1858681,"APOLLO GLOBAL MANAGEMENT, INC.",789000000,0001858681-26-000013,2025-12-31,,,,,,2025,ShareBasedCompensation,False
1932393,GE HEALTHCARE TECHNOLOGIES INC.,76000000,0001932393-24-000013,2021-12-31,,,,,,2021,ShareBasedCompensation,False
1932393,GE HEALTHCARE TECHNOLOGIES INC.,67000000,0001932393-25-000005,2022-12-31,,,,,,2022,ShareBasedCompensation,False
1932393,GE HEALTHCARE TECHNOLOGIES INC.,114000000,0001932393-26-000007,2023-12-31,,,,,,2023,ShareBasedCompensation,False
1932393,GE HEALTHCARE TECHNOLOGIES INC.,125000000,0001932393-26-000007,2024-12-31,,,,,,2024,ShareBasedCompensation,False
1932393,GE HEALTHCARE TECHNOLOGIES INC.,130000000,0001932393-26-000007,2025-12-31,,,,,,2025,ShareBasedCompensation,False
1944048,Kenvue Inc.,141000000,0001944048-24-000057,2022-01-02,,,,,,2021,ShareBasedCompensation,False
1944048,Kenvue Inc.,137000000,0001944048-25-000033,2023-01-01,,,,,,2022,ShareBasedCompensation,False
1944048,Kenvue Inc.,188000000,0001944048-26-000030,2023-12-31,,,,,,2023,ShareBasedCompensation,False
1944048,Kenvue Inc.,254000000,0001944048-26-000030,2024-12-29,,,,,,2024,ShareBasedCompensation,False
1944048,Kenvue Inc.,136000000,0001944048-26-000030,2025-12-28,,,,,,2025,ShareBasedCompensation,False
1964738,SOLVENTUM CORPORATION,37000000,0001964738-25-000019,2022-12-31,,,,,,2022,ShareBasedCompensation,False
1964738,SOLVENTUM CORPORATION,39000000,0001964738-26-000007,2023-12-31,,,,,,2023,ShareBasedCompensation,False
1964738,SOLVENTUM CORPORATION,112000000,0001964738-26-000007,2024-12-31,,,,,,2024,ShareBasedCompensation,False
1964738,SOLVENTUM CORPORATION,161000000,0001964738-26-000007,2025-12-31,,,,,,2025,ShareBasedCompensation,False
1967680,VERALTO CORPORATION,34000000,0001967680-24-000033,2021-12-31,,,,,,2021,ShareBasedCompensation,False
1967680,VERALTO CORPORATION,41000000,0001967680-25-000008,2022-12-31,,,,,,2022,ShareBasedCompensation,False
1967680,VERALTO CORPORATION,55000000,0001967680-26-000011,2023-12-31,,,,,,2023,ShareBasedCompensation,False
1967680,VERALTO CORPORATION,65000000,0001967680-26-000011,2024-12-31,,,,,,2024,ShareBasedCompensation,False
1967680,VERALTO CORPORATION,74000000,0001967680-26-000011,2025-12-31,,,,,,2025,ShareBasedCompensation,False
1973266,"TKO Group Holdings, Inc.",63855000,0001562762-24-000038,2021-12-31,,,,,,2021,ShareBasedCompensation,False
1973266,"TKO GROUP HOLDINGS, INC.",31598000,0000950170-25-067188,2022-12-31,,,,,,2022,ShareBasedCompensation,False
1973266,"TKO GROUP HOLDINGS, INC.",64512000,0001193125-26-071651,2023-12-31,,,,,,2023,ShareBasedCompensation,False
1973266,"TKO GROUP HOLDINGS, INC.",103466000,0001193125-26-071651,2024-12-31,,,,,,2024,ShareBasedCompensation,False
1973266,"TKO GROUP HOLDINGS, INC.",117588000,0001193125-26-071651,2025-12-31,,,,,,2025,ShareBasedCompensation,False
2005951,Smurfit Westrock plc,68000000,0002005951-25-000005,2022-12-31,,,,,,2022,ShareBasedCompensation,False
2005951,Smurfit Westrock plc,66000000,0001628280-26-012555,2023-12-31,,,,,,2023,ShareBasedCompensation,False
2005951,Smurfit Westrock plc,206000000,0001628280-26-012555,2024-12-31,,,,,,2024,ShareBasedCompensation,False
2005951,Smurfit Westrock plc,139000000,0001628280-26-012555,2025-12-31,,,,,,2025,ShareBasedCompensation,False
2011641,Ferguson Enterprises Inc.,57000000,0002011641-24-000005,2022-07-31,,,,,,2022,ShareBasedCompensation,False
2011641,Ferguson Enterprises Inc.,51000000,0002011641-26-000006,2023-07-31,,,,,,2023,ShareBasedCompensation,False
2011641,Ferguson Enterprises Inc.,49000000,0002011641-26-000006,2024-07-31,,,,,,2024,ShareBasedCompensation,False
2011641,Ferguson Enterprises Inc.,28000000,0002011641-26-000006,2025-07-31,,,,,,2025,ShareBasedCompensation,False
2012383,"BlackRock, Inc.",708000000,0000950170-25-026584,2022-12-31,,,,,,2022,ShareBasedCompensation,False
2012383,"BlackRock, Inc.",630000000,0001193125-26-071966,2023-12-31,,,,,,2023,ShareBasedCompensation,False
2012383,"BlackRock, Inc.",753000000,0001193125-26-071966,2024-12-31,,,,,,2024,ShareBasedCompensation,False
2012383,"BlackRock, Inc.",1307000000,0001193125-26-071966,2025-12-31,,,,,,2025,ShareBasedCompensation,False
2023554,Sandisk Corporation,149000000,0001628280-26-057406,2024-06-28,,,,,,2023,ShareBasedCompensation,False
2023554,Sandisk Corporation,182000000,0001628280-26-057406,2025-06-27,,,,,,2024,ShareBasedCompensation,False
2023554,Sandisk Corporation,232000000,0001628280-26-057406,2026-07-03,,,,,,2026,ShareBasedCompensation,False
2041610,Paramount Skydance Corporation,177000000,0002041610-26-000011,2023-12-31,,,,,,2023,ShareBasedCompensation,False
2041610,Paramount Skydance Corporation,245000000,0002041610-26-000011,2024-12-31,,,,,,2024,ShareBasedCompensation,False
2058873,"QNITY ELECTRONICS, INC.",13000000,0002058873-26-000010,2023-12-31,,,,,,2023,ShareBasedCompensation,False
2058873,"QNITY ELECTRONICS, INC.",13000000,0002058873-26-000010,2024-12-31,,,,,,2024,ShareBasedCompensation,False
2058873,"QNITY ELECTRONICS, INC.",20000000,0002058873-26-000010,2025-12-31,,,,,,2025,ShareBasedCompensation,False
2082247,"FedEx Freight Holding Company, Inc.",12000000,0001628280-26-053359,2024-05-31,,,,,,2023,ShareBasedCompensation,False
2082247,"FedEx Freight Holding Company, Inc.",10000000,0001628280-26-053359,2025-05-31,,,,,,2024,ShareBasedCompensation,False
2082247,"FedEx Freight Holding Company, Inc.",13000000,0001628280-26-053359,2026-05-31,,,,,,2025,ShareBasedCompensation,False
