quarter,wealth_group,wealth_group_label,level_bn,share_pct_of_household_total,series_source,source_url,note
2015:Q1,TopPt1,Top 0.1%,4787.5,23.49,"DFA 'networth' distribution, dfa-networth-levels-detail.csv, column 'Corporate equities and mutual fund shares'",https://www.federalreserve.gov/releases/z1/dataviz/download/zips/dfa.zip,"STOCK (level, $bn), NOT a flow -- DFA publishes wealth LEVELS only, no flow/valuation split by wealth group. Definition excludes equities/MF shares owned through DC pensions (matches Z.1 household corporate-equities+MF concept). DFA lags Z.1: latest available quarter is 2026:Q1, not 2026:Q2 (DFA 'Last Update' on the Fed site was 18 Jun 2026; next EFA update scheduled 18 Sep 2026 per the Sept-2026 Z.1 Recent Developments page)."
2015:Q1,RemainingTop1,Next 0.9% (99-99.9th pct),5493.1,26.95,"DFA 'networth' distribution, dfa-networth-levels-detail.csv, column 'Corporate equities and mutual fund shares'",https://www.federalreserve.gov/releases/z1/dataviz/download/zips/dfa.zip,"STOCK (level, $bn), NOT a flow -- DFA publishes wealth LEVELS only, no flow/valuation split by wealth group. Definition excludes equities/MF shares owned through DC pensions (matches Z.1 household corporate-equities+MF concept). DFA lags Z.1: latest available quarter is 2026:Q1, not 2026:Q2 (DFA 'Last Update' on the Fed site was 18 Jun 2026; next EFA update scheduled 18 Sep 2026 per the Sept-2026 Z.1 Recent Developments page)."
2015:Q1,Next9,Next 9% (90-99th pct),7349.9,36.07,"DFA 'networth' distribution, dfa-networth-levels-detail.csv, column 'Corporate equities and mutual fund shares'",https://www.federalreserve.gov/releases/z1/dataviz/download/zips/dfa.zip,"STOCK (level, $bn), NOT a flow -- DFA publishes wealth LEVELS only, no flow/valuation split by wealth group. Definition excludes equities/MF shares owned through DC pensions (matches Z.1 household corporate-equities+MF concept). DFA lags Z.1: latest available quarter is 2026:Q1, not 2026:Q2 (DFA 'Last Update' on the Fed site was 18 Jun 2026; next EFA update scheduled 18 Sep 2026 per the Sept-2026 Z.1 Recent Developments page)."
2015:Q1,Next40,Next 40% (50-90th pct),2594.2,12.73,"DFA 'networth' distribution, dfa-networth-levels-detail.csv, column 'Corporate equities and mutual fund shares'",https://www.federalreserve.gov/releases/z1/dataviz/download/zips/dfa.zip,"STOCK (level, $bn), NOT a flow -- DFA publishes wealth LEVELS only, no flow/valuation split by wealth group. Definition excludes equities/MF shares owned through DC pensions (matches Z.1 household corporate-equities+MF concept). DFA lags Z.1: latest available quarter is 2026:Q1, not 2026:Q2 (DFA 'Last Update' on the Fed site was 18 Jun 2026; next EFA update scheduled 18 Sep 2026 per the Sept-2026 Z.1 Recent Developments page)."
2015:Q1,Bottom50,Bottom 50%,154.7,0.76,"DFA 'networth' distribution, dfa-networth-levels-detail.csv, column 'Corporate equities and mutual fund shares'",https://www.federalreserve.gov/releases/z1/dataviz/download/zips/dfa.zip,"STOCK (level, $bn), NOT a flow -- DFA publishes wealth LEVELS only, no flow/valuation split by wealth group. Definition excludes equities/MF shares owned through DC pensions (matches Z.1 household corporate-equities+MF concept). DFA lags Z.1: latest available quarter is 2026:Q1, not 2026:Q2 (DFA 'Last Update' on the Fed site was 18 Jun 2026; next EFA update scheduled 18 Sep 2026 per the Sept-2026 Z.1 Recent Developments page)."
2015:Q2,TopPt1,Top 0.1%,4806.0,23.51,"DFA 'networth' distribution, dfa-networth-levels-detail.csv, column 'Corporate equities and mutual fund shares'",https://www.federalreserve.gov/releases/z1/dataviz/download/zips/dfa.zip,"STOCK (level, $bn), NOT a flow -- DFA publishes wealth LEVELS only, no flow/valuation split by wealth group. Definition excludes equities/MF shares owned through DC pensions (matches Z.1 household corporate-equities+MF concept). DFA lags Z.1: latest available quarter is 2026:Q1, not 2026:Q2 (DFA 'Last Update' on the Fed site was 18 Jun 2026; next EFA update scheduled 18 Sep 2026 per the Sept-2026 Z.1 Recent Developments page)."
2015:Q2,RemainingTop1,Next 0.9% (99-99.9th pct),5552.0,27.15,"DFA 'networth' distribution, dfa-networth-levels-detail.csv, column 'Corporate equities and mutual fund shares'",https://www.federalreserve.gov/releases/z1/dataviz/download/zips/dfa.zip,"STOCK (level, $bn), NOT a flow -- DFA publishes wealth LEVELS only, no flow/valuation split by wealth group. Definition excludes equities/MF shares owned through DC pensions (matches Z.1 household corporate-equities+MF concept). DFA lags Z.1: latest available quarter is 2026:Q1, not 2026:Q2 (DFA 'Last Update' on the Fed site was 18 Jun 2026; next EFA update scheduled 18 Sep 2026 per the Sept-2026 Z.1 Recent Developments page)."
2015:Q2,Next9,Next 9% (90-99th pct),7351.2,35.95,"DFA 'networth' distribution, dfa-networth-levels-detail.csv, column 'Corporate equities and mutual fund shares'",https://www.federalreserve.gov/releases/z1/dataviz/download/zips/dfa.zip,"STOCK (level, $bn), NOT a flow -- DFA publishes wealth LEVELS only, no flow/valuation split by wealth group. Definition excludes equities/MF shares owned through DC pensions (matches Z.1 household corporate-equities+MF concept). DFA lags Z.1: latest available quarter is 2026:Q1, not 2026:Q2 (DFA 'Last Update' on the Fed site was 18 Jun 2026; next EFA update scheduled 18 Sep 2026 per the Sept-2026 Z.1 Recent Developments page)."
2015:Q2,Next40,Next 40% (50-90th pct),2584.3,12.64,"DFA 'networth' distribution, dfa-networth-levels-detail.csv, column 'Corporate equities and mutual fund shares'",https://www.federalreserve.gov/releases/z1/dataviz/download/zips/dfa.zip,"STOCK (level, $bn), NOT a flow -- DFA publishes wealth LEVELS only, no flow/valuation split by wealth group. Definition excludes equities/MF shares owned through DC pensions (matches Z.1 household corporate-equities+MF concept). DFA lags Z.1: latest available quarter is 2026:Q1, not 2026:Q2 (DFA 'Last Update' on the Fed site was 18 Jun 2026; next EFA update scheduled 18 Sep 2026 per the Sept-2026 Z.1 Recent Developments page)."
2015:Q2,Bottom50,Bottom 50%,152.2,0.74,"DFA 'networth' distribution, dfa-networth-levels-detail.csv, column 'Corporate equities and mutual fund shares'",https://www.federalreserve.gov/releases/z1/dataviz/download/zips/dfa.zip,"STOCK (level, $bn), NOT a flow -- DFA publishes wealth LEVELS only, no flow/valuation split by wealth group. Definition excludes equities/MF shares owned through DC pensions (matches Z.1 household corporate-equities+MF concept). DFA lags Z.1: latest available quarter is 2026:Q1, not 2026:Q2 (DFA 'Last Update' on the Fed site was 18 Jun 2026; next EFA update scheduled 18 Sep 2026 per the Sept-2026 Z.1 Recent Developments page)."
2015:Q3,TopPt1,Top 0.1%,4383.1,23.29,"DFA 'networth' distribution, dfa-networth-levels-detail.csv, column 'Corporate equities and mutual fund shares'",https://www.federalreserve.gov/releases/z1/dataviz/download/zips/dfa.zip,"STOCK (level, $bn), NOT a flow -- DFA publishes wealth LEVELS only, no flow/valuation split by wealth group. Definition excludes equities/MF shares owned through DC pensions (matches Z.1 household corporate-equities+MF concept). DFA lags Z.1: latest available quarter is 2026:Q1, not 2026:Q2 (DFA 'Last Update' on the Fed site was 18 Jun 2026; next EFA update scheduled 18 Sep 2026 per the Sept-2026 Z.1 Recent Developments page)."
2015:Q3,RemainingTop1,Next 0.9% (99-99.9th pct),5169.2,27.46,"DFA 'networth' distribution, dfa-networth-levels-detail.csv, column 'Corporate equities and mutual fund shares'",https://www.federalreserve.gov/releases/z1/dataviz/download/zips/dfa.zip,"STOCK (level, $bn), NOT a flow -- DFA publishes wealth LEVELS only, no flow/valuation split by wealth group. Definition excludes equities/MF shares owned through DC pensions (matches Z.1 household corporate-equities+MF concept). DFA lags Z.1: latest available quarter is 2026:Q1, not 2026:Q2 (DFA 'Last Update' on the Fed site was 18 Jun 2026; next EFA update scheduled 18 Sep 2026 per the Sept-2026 Z.1 Recent Developments page)."
2015:Q3,Next9,Next 9% (90-99th pct),6738.9,35.8,"DFA 'networth' distribution, dfa-networth-levels-detail.csv, column 'Corporate equities and mutual fund shares'",https://www.federalreserve.gov/releases/z1/dataviz/download/zips/dfa.zip,"STOCK (level, $bn), NOT a flow -- DFA publishes wealth LEVELS only, no flow/valuation split by wealth group. Definition excludes equities/MF shares owned through DC pensions (matches Z.1 household corporate-equities+MF concept). DFA lags Z.1: latest available quarter is 2026:Q1, not 2026:Q2 (DFA 'Last Update' on the Fed site was 18 Jun 2026; next EFA update scheduled 18 Sep 2026 per the Sept-2026 Z.1 Recent Developments page)."
2015:Q3,Next40,Next 40% (50-90th pct),2400.4,12.75,"DFA 'networth' distribution, dfa-networth-levels-detail.csv, column 'Corporate equities and mutual fund shares'",https://www.federalreserve.gov/releases/z1/dataviz/download/zips/dfa.zip,"STOCK (level, $bn), NOT a flow -- DFA publishes wealth LEVELS only, no flow/valuation split by wealth group. Definition excludes equities/MF shares owned through DC pensions (matches Z.1 household corporate-equities+MF concept). DFA lags Z.1: latest available quarter is 2026:Q1, not 2026:Q2 (DFA 'Last Update' on the Fed site was 18 Jun 2026; next EFA update scheduled 18 Sep 2026 per the Sept-2026 Z.1 Recent Developments page)."
2015:Q3,Bottom50,Bottom 50%,130.5,0.69,"DFA 'networth' distribution, dfa-networth-levels-detail.csv, column 'Corporate equities and mutual fund shares'",https://www.federalreserve.gov/releases/z1/dataviz/download/zips/dfa.zip,"STOCK (level, $bn), NOT a flow -- DFA publishes wealth LEVELS only, no flow/valuation split by wealth group. Definition excludes equities/MF shares owned through DC pensions (matches Z.1 household corporate-equities+MF concept). DFA lags Z.1: latest available quarter is 2026:Q1, not 2026:Q2 (DFA 'Last Update' on the Fed site was 18 Jun 2026; next EFA update scheduled 18 Sep 2026 per the Sept-2026 Z.1 Recent Developments page)."
2015:Q4,TopPt1,Top 0.1%,4571.5,23.4,"DFA 'networth' distribution, dfa-networth-levels-detail.csv, column 'Corporate equities and mutual fund shares'",https://www.federalreserve.gov/releases/z1/dataviz/download/zips/dfa.zip,"STOCK (level, $bn), NOT a flow -- DFA publishes wealth LEVELS only, no flow/valuation split by wealth group. Definition excludes equities/MF shares owned through DC pensions (matches Z.1 household corporate-equities+MF concept). DFA lags Z.1: latest available quarter is 2026:Q1, not 2026:Q2 (DFA 'Last Update' on the Fed site was 18 Jun 2026; next EFA update scheduled 18 Sep 2026 per the Sept-2026 Z.1 Recent Developments page)."
2015:Q4,RemainingTop1,Next 0.9% (99-99.9th pct),5395.3,27.61,"DFA 'networth' distribution, dfa-networth-levels-detail.csv, column 'Corporate equities and mutual fund shares'",https://www.federalreserve.gov/releases/z1/dataviz/download/zips/dfa.zip,"STOCK (level, $bn), NOT a flow -- DFA publishes wealth LEVELS only, no flow/valuation split by wealth group. Definition excludes equities/MF shares owned through DC pensions (matches Z.1 household corporate-equities+MF concept). DFA lags Z.1: latest available quarter is 2026:Q1, not 2026:Q2 (DFA 'Last Update' on the Fed site was 18 Jun 2026; next EFA update scheduled 18 Sep 2026 per the Sept-2026 Z.1 Recent Developments page)."
2015:Q4,Next9,Next 9% (90-99th pct),6977.3,35.71,"DFA 'networth' distribution, dfa-networth-levels-detail.csv, column 'Corporate equities and mutual fund shares'",https://www.federalreserve.gov/releases/z1/dataviz/download/zips/dfa.zip,"STOCK (level, $bn), NOT a flow -- DFA publishes wealth LEVELS only, no flow/valuation split by wealth group. Definition excludes equities/MF shares owned through DC pensions (matches Z.1 household corporate-equities+MF concept). DFA lags Z.1: latest available quarter is 2026:Q1, not 2026:Q2 (DFA 'Last Update' on the Fed site was 18 Jun 2026; next EFA update scheduled 18 Sep 2026 per the Sept-2026 Z.1 Recent Developments page)."
2015:Q4,Next40,Next 40% (50-90th pct),2458.2,12.58,"DFA 'networth' distribution, dfa-networth-levels-detail.csv, column 'Corporate equities and mutual fund shares'",https://www.federalreserve.gov/releases/z1/dataviz/download/zips/dfa.zip,"STOCK (level, $bn), NOT a flow -- DFA publishes wealth LEVELS only, no flow/valuation split by wealth group. Definition excludes equities/MF shares owned through DC pensions (matches Z.1 household corporate-equities+MF concept). DFA lags Z.1: latest available quarter is 2026:Q1, not 2026:Q2 (DFA 'Last Update' on the Fed site was 18 Jun 2026; next EFA update scheduled 18 Sep 2026 per the Sept-2026 Z.1 Recent Developments page)."
2015:Q4,Bottom50,Bottom 50%,135.7,0.69,"DFA 'networth' distribution, dfa-networth-levels-detail.csv, column 'Corporate equities and mutual fund shares'",https://www.federalreserve.gov/releases/z1/dataviz/download/zips/dfa.zip,"STOCK (level, $bn), NOT a flow -- DFA publishes wealth LEVELS only, no flow/valuation split by wealth group. Definition excludes equities/MF shares owned through DC pensions (matches Z.1 household corporate-equities+MF concept). DFA lags Z.1: latest available quarter is 2026:Q1, not 2026:Q2 (DFA 'Last Update' on the Fed site was 18 Jun 2026; next EFA update scheduled 18 Sep 2026 per the Sept-2026 Z.1 Recent Developments page)."
2016:Q1,TopPt1,Top 0.1%,4648.7,23.45,"DFA 'networth' distribution, dfa-networth-levels-detail.csv, column 'Corporate equities and mutual fund shares'",https://www.federalreserve.gov/releases/z1/dataviz/download/zips/dfa.zip,"STOCK (level, $bn), NOT a flow -- DFA publishes wealth LEVELS only, no flow/valuation split by wealth group. Definition excludes equities/MF shares owned through DC pensions (matches Z.1 household corporate-equities+MF concept). DFA lags Z.1: latest available quarter is 2026:Q1, not 2026:Q2 (DFA 'Last Update' on the Fed site was 18 Jun 2026; next EFA update scheduled 18 Sep 2026 per the Sept-2026 Z.1 Recent Developments page)."
2016:Q1,RemainingTop1,Next 0.9% (99-99.9th pct),5509.5,27.79,"DFA 'networth' distribution, dfa-networth-levels-detail.csv, column 'Corporate equities and mutual fund shares'",https://www.federalreserve.gov/releases/z1/dataviz/download/zips/dfa.zip,"STOCK (level, $bn), NOT a flow -- DFA publishes wealth LEVELS only, no flow/valuation split by wealth group. Definition excludes equities/MF shares owned through DC pensions (matches Z.1 household corporate-equities+MF concept). DFA lags Z.1: latest available quarter is 2026:Q1, not 2026:Q2 (DFA 'Last Update' on the Fed site was 18 Jun 2026; next EFA update scheduled 18 Sep 2026 per the Sept-2026 Z.1 Recent Developments page)."
2016:Q1,Next9,Next 9% (90-99th pct),7061.4,35.61,"DFA 'networth' distribution, dfa-networth-levels-detail.csv, column 'Corporate equities and mutual fund shares'",https://www.federalreserve.gov/releases/z1/dataviz/download/zips/dfa.zip,"STOCK (level, $bn), NOT a flow -- DFA publishes wealth LEVELS only, no flow/valuation split by wealth group. Definition excludes equities/MF shares owned through DC pensions (matches Z.1 household corporate-equities+MF concept). DFA lags Z.1: latest available quarter is 2026:Q1, not 2026:Q2 (DFA 'Last Update' on the Fed site was 18 Jun 2026; next EFA update scheduled 18 Sep 2026 per the Sept-2026 Z.1 Recent Developments page)."
2016:Q1,Next40,Next 40% (50-90th pct),2472.5,12.47,"DFA 'networth' distribution, dfa-networth-levels-detail.csv, column 'Corporate equities and mutual fund shares'",https://www.federalreserve.gov/releases/z1/dataviz/download/zips/dfa.zip,"STOCK (level, $bn), NOT a flow -- DFA publishes wealth LEVELS only, no flow/valuation split by wealth group. Definition excludes equities/MF shares owned through DC pensions (matches Z.1 household corporate-equities+MF concept). DFA lags Z.1: latest available quarter is 2026:Q1, not 2026:Q2 (DFA 'Last Update' on the Fed site was 18 Jun 2026; next EFA update scheduled 18 Sep 2026 per the Sept-2026 Z.1 Recent Developments page)."
2016:Q1,Bottom50,Bottom 50%,136.0,0.69,"DFA 'networth' distribution, dfa-networth-levels-detail.csv, column 'Corporate equities and mutual fund shares'",https://www.federalreserve.gov/releases/z1/dataviz/download/zips/dfa.zip,"STOCK (level, $bn), NOT a flow -- DFA publishes wealth LEVELS only, no flow/valuation split by wealth group. Definition excludes equities/MF shares owned through DC pensions (matches Z.1 household corporate-equities+MF concept). DFA lags Z.1: latest available quarter is 2026:Q1, not 2026:Q2 (DFA 'Last Update' on the Fed site was 18 Jun 2026; next EFA update scheduled 18 Sep 2026 per the Sept-2026 Z.1 Recent Developments page)."
2016:Q2,TopPt1,Top 0.1%,4794.6,23.52,"DFA 'networth' distribution, dfa-networth-levels-detail.csv, column 'Corporate equities and mutual fund shares'",https://www.federalreserve.gov/releases/z1/dataviz/download/zips/dfa.zip,"STOCK (level, $bn), NOT a flow -- DFA publishes wealth LEVELS only, no flow/valuation split by wealth group. Definition excludes equities/MF shares owned through DC pensions (matches Z.1 household corporate-equities+MF concept). DFA lags Z.1: latest available quarter is 2026:Q1, not 2026:Q2 (DFA 'Last Update' on the Fed site was 18 Jun 2026; next EFA update scheduled 18 Sep 2026 per the Sept-2026 Z.1 Recent Developments page)."
2016:Q2,RemainingTop1,Next 0.9% (99-99.9th pct),5692.2,27.93,"DFA 'networth' distribution, dfa-networth-levels-detail.csv, column 'Corporate equities and mutual fund shares'",https://www.federalreserve.gov/releases/z1/dataviz/download/zips/dfa.zip,"STOCK (level, $bn), NOT a flow -- DFA publishes wealth LEVELS only, no flow/valuation split by wealth group. Definition excludes equities/MF shares owned through DC pensions (matches Z.1 household corporate-equities+MF concept). DFA lags Z.1: latest available quarter is 2026:Q1, not 2026:Q2 (DFA 'Last Update' on the Fed site was 18 Jun 2026; next EFA update scheduled 18 Sep 2026 per the Sept-2026 Z.1 Recent Developments page)."
2016:Q2,Next9,Next 9% (90-99th pct),7241.5,35.53,"DFA 'networth' distribution, dfa-networth-levels-detail.csv, column 'Corporate equities and mutual fund shares'",https://www.federalreserve.gov/releases/z1/dataviz/download/zips/dfa.zip,"STOCK (level, $bn), NOT a flow -- DFA publishes wealth LEVELS only, no flow/valuation split by wealth group. Definition excludes equities/MF shares owned through DC pensions (matches Z.1 household corporate-equities+MF concept). DFA lags Z.1: latest available quarter is 2026:Q1, not 2026:Q2 (DFA 'Last Update' on the Fed site was 18 Jun 2026; next EFA update scheduled 18 Sep 2026 per the Sept-2026 Z.1 Recent Developments page)."
2016:Q2,Next40,Next 40% (50-90th pct),2514.5,12.34,"DFA 'networth' distribution, dfa-networth-levels-detail.csv, column 'Corporate equities and mutual fund shares'",https://www.federalreserve.gov/releases/z1/dataviz/download/zips/dfa.zip,"STOCK (level, $bn), NOT a flow -- DFA publishes wealth LEVELS only, no flow/valuation split by wealth group. Definition excludes equities/MF shares owned through DC pensions (matches Z.1 household corporate-equities+MF concept). DFA lags Z.1: latest available quarter is 2026:Q1, not 2026:Q2 (DFA 'Last Update' on the Fed site was 18 Jun 2026; next EFA update scheduled 18 Sep 2026 per the Sept-2026 Z.1 Recent Developments page)."
2016:Q2,Bottom50,Bottom 50%,139.4,0.68,"DFA 'networth' distribution, dfa-networth-levels-detail.csv, column 'Corporate equities and mutual fund shares'",https://www.federalreserve.gov/releases/z1/dataviz/download/zips/dfa.zip,"STOCK (level, $bn), NOT a flow -- DFA publishes wealth LEVELS only, no flow/valuation split by wealth group. Definition excludes equities/MF shares owned through DC pensions (matches Z.1 household corporate-equities+MF concept). DFA lags Z.1: latest available quarter is 2026:Q1, not 2026:Q2 (DFA 'Last Update' on the Fed site was 18 Jun 2026; next EFA update scheduled 18 Sep 2026 per the Sept-2026 Z.1 Recent Developments page)."
2016:Q3,TopPt1,Top 0.1%,4955.3,23.6,"DFA 'networth' distribution, dfa-networth-levels-detail.csv, column 'Corporate equities and mutual fund shares'",https://www.federalreserve.gov/releases/z1/dataviz/download/zips/dfa.zip,"STOCK (level, $bn), NOT a flow -- DFA publishes wealth LEVELS only, no flow/valuation split by wealth group. Definition excludes equities/MF shares owned through DC pensions (matches Z.1 household corporate-equities+MF concept). DFA lags Z.1: latest available quarter is 2026:Q1, not 2026:Q2 (DFA 'Last Update' on the Fed site was 18 Jun 2026; next EFA update scheduled 18 Sep 2026 per the Sept-2026 Z.1 Recent Developments page)."
2016:Q3,RemainingTop1,Next 0.9% (99-99.9th pct),5889.3,28.05,"DFA 'networth' distribution, dfa-networth-levels-detail.csv, column 'Corporate equities and mutual fund shares'",https://www.federalreserve.gov/releases/z1/dataviz/download/zips/dfa.zip,"STOCK (level, $bn), NOT a flow -- DFA publishes wealth LEVELS only, no flow/valuation split by wealth group. Definition excludes equities/MF shares owned through DC pensions (matches Z.1 household corporate-equities+MF concept). DFA lags Z.1: latest available quarter is 2026:Q1, not 2026:Q2 (DFA 'Last Update' on the Fed site was 18 Jun 2026; next EFA update scheduled 18 Sep 2026 per the Sept-2026 Z.1 Recent Developments page)."
2016:Q3,Next9,Next 9% (90-99th pct),7442.4,35.45,"DFA 'networth' distribution, dfa-networth-levels-detail.csv, column 'Corporate equities and mutual fund shares'",https://www.federalreserve.gov/releases/z1/dataviz/download/zips/dfa.zip,"STOCK (level, $bn), NOT a flow -- DFA publishes wealth LEVELS only, no flow/valuation split by wealth group. Definition excludes equities/MF shares owned through DC pensions (matches Z.1 household corporate-equities+MF concept). DFA lags Z.1: latest available quarter is 2026:Q1, not 2026:Q2 (DFA 'Last Update' on the Fed site was 18 Jun 2026; next EFA update scheduled 18 Sep 2026 per the Sept-2026 Z.1 Recent Developments page)."
2016:Q3,Next40,Next 40% (50-90th pct),2563.0,12.21,"DFA 'networth' distribution, dfa-networth-levels-detail.csv, column 'Corporate equities and mutual fund shares'",https://www.federalreserve.gov/releases/z1/dataviz/download/zips/dfa.zip,"STOCK (level, $bn), NOT a flow -- DFA publishes wealth LEVELS only, no flow/valuation split by wealth group. Definition excludes equities/MF shares owned through DC pensions (matches Z.1 household corporate-equities+MF concept). DFA lags Z.1: latest available quarter is 2026:Q1, not 2026:Q2 (DFA 'Last Update' on the Fed site was 18 Jun 2026; next EFA update scheduled 18 Sep 2026 per the Sept-2026 Z.1 Recent Developments page)."
2016:Q3,Bottom50,Bottom 50%,143.3,0.68,"DFA 'networth' distribution, dfa-networth-levels-detail.csv, column 'Corporate equities and mutual fund shares'",https://www.federalreserve.gov/releases/z1/dataviz/download/zips/dfa.zip,"STOCK (level, $bn), NOT a flow -- DFA publishes wealth LEVELS only, no flow/valuation split by wealth group. Definition excludes equities/MF shares owned through DC pensions (matches Z.1 household corporate-equities+MF concept). DFA lags Z.1: latest available quarter is 2026:Q1, not 2026:Q2 (DFA 'Last Update' on the Fed site was 18 Jun 2026; next EFA update scheduled 18 Sep 2026 per the Sept-2026 Z.1 Recent Developments page)."
2016:Q4,TopPt1,Top 0.1%,4955.0,23.37,"DFA 'networth' distribution, dfa-networth-levels-detail.csv, column 'Corporate equities and mutual fund shares'",https://www.federalreserve.gov/releases/z1/dataviz/download/zips/dfa.zip,"STOCK (level, $bn), NOT a flow -- DFA publishes wealth LEVELS only, no flow/valuation split by wealth group. Definition excludes equities/MF shares owned through DC pensions (matches Z.1 household corporate-equities+MF concept). DFA lags Z.1: latest available quarter is 2026:Q1, not 2026:Q2 (DFA 'Last Update' on the Fed site was 18 Jun 2026; next EFA update scheduled 18 Sep 2026 per the Sept-2026 Z.1 Recent Developments page)."
2016:Q4,RemainingTop1,Next 0.9% (99-99.9th pct),6010.6,28.35,"DFA 'networth' distribution, dfa-networth-levels-detail.csv, column 'Corporate equities and mutual fund shares'",https://www.federalreserve.gov/releases/z1/dataviz/download/zips/dfa.zip,"STOCK (level, $bn), NOT a flow -- DFA publishes wealth LEVELS only, no flow/valuation split by wealth group. Definition excludes equities/MF shares owned through DC pensions (matches Z.1 household corporate-equities+MF concept). DFA lags Z.1: latest available quarter is 2026:Q1, not 2026:Q2 (DFA 'Last Update' on the Fed site was 18 Jun 2026; next EFA update scheduled 18 Sep 2026 per the Sept-2026 Z.1 Recent Developments page)."
2016:Q4,Next9,Next 9% (90-99th pct),7525.1,35.49,"DFA 'networth' distribution, dfa-networth-levels-detail.csv, column 'Corporate equities and mutual fund shares'",https://www.federalreserve.gov/releases/z1/dataviz/download/zips/dfa.zip,"STOCK (level, $bn), NOT a flow -- DFA publishes wealth LEVELS only, no flow/valuation split by wealth group. Definition excludes equities/MF shares owned through DC pensions (matches Z.1 household corporate-equities+MF concept). DFA lags Z.1: latest available quarter is 2026:Q1, not 2026:Q2 (DFA 'Last Update' on the Fed site was 18 Jun 2026; next EFA update scheduled 18 Sep 2026 per the Sept-2026 Z.1 Recent Developments page)."
2016:Q4,Next40,Next 40% (50-90th pct),2569.2,12.12,"DFA 'networth' distribution, dfa-networth-levels-detail.csv, column 'Corporate equities and mutual fund shares'",https://www.federalreserve.gov/releases/z1/dataviz/download/zips/dfa.zip,"STOCK (level, $bn), NOT a flow -- DFA publishes wealth LEVELS only, no flow/valuation split by wealth group. Definition excludes equities/MF shares owned through DC pensions (matches Z.1 household corporate-equities+MF concept). DFA lags Z.1: latest available quarter is 2026:Q1, not 2026:Q2 (DFA 'Last Update' on the Fed site was 18 Jun 2026; next EFA update scheduled 18 Sep 2026 per the Sept-2026 Z.1 Recent Developments page)."
2016:Q4,Bottom50,Bottom 50%,140.9,0.66,"DFA 'networth' distribution, dfa-networth-levels-detail.csv, column 'Corporate equities and mutual fund shares'",https://www.federalreserve.gov/releases/z1/dataviz/download/zips/dfa.zip,"STOCK (level, $bn), NOT a flow -- DFA publishes wealth LEVELS only, no flow/valuation split by wealth group. Definition excludes equities/MF shares owned through DC pensions (matches Z.1 household corporate-equities+MF concept). DFA lags Z.1: latest available quarter is 2026:Q1, not 2026:Q2 (DFA 'Last Update' on the Fed site was 18 Jun 2026; next EFA update scheduled 18 Sep 2026 per the Sept-2026 Z.1 Recent Developments page)."
2017:Q1,TopPt1,Top 0.1%,5218.9,23.27,"DFA 'networth' distribution, dfa-networth-levels-detail.csv, column 'Corporate equities and mutual fund shares'",https://www.federalreserve.gov/releases/z1/dataviz/download/zips/dfa.zip,"STOCK (level, $bn), NOT a flow -- DFA publishes wealth LEVELS only, no flow/valuation split by wealth group. Definition excludes equities/MF shares owned through DC pensions (matches Z.1 household corporate-equities+MF concept). DFA lags Z.1: latest available quarter is 2026:Q1, not 2026:Q2 (DFA 'Last Update' on the Fed site was 18 Jun 2026; next EFA update scheduled 18 Sep 2026 per the Sept-2026 Z.1 Recent Developments page)."
2017:Q1,RemainingTop1,Next 0.9% (99-99.9th pct),6401.6,28.54,"DFA 'networth' distribution, dfa-networth-levels-detail.csv, column 'Corporate equities and mutual fund shares'",https://www.federalreserve.gov/releases/z1/dataviz/download/zips/dfa.zip,"STOCK (level, $bn), NOT a flow -- DFA publishes wealth LEVELS only, no flow/valuation split by wealth group. Definition excludes equities/MF shares owned through DC pensions (matches Z.1 household corporate-equities+MF concept). DFA lags Z.1: latest available quarter is 2026:Q1, not 2026:Q2 (DFA 'Last Update' on the Fed site was 18 Jun 2026; next EFA update scheduled 18 Sep 2026 per the Sept-2026 Z.1 Recent Developments page)."
2017:Q1,Next9,Next 9% (90-99th pct),7977.7,35.57,"DFA 'networth' distribution, dfa-networth-levels-detail.csv, column 'Corporate equities and mutual fund shares'",https://www.federalreserve.gov/releases/z1/dataviz/download/zips/dfa.zip,"STOCK (level, $bn), NOT a flow -- DFA publishes wealth LEVELS only, no flow/valuation split by wealth group. Definition excludes equities/MF shares owned through DC pensions (matches Z.1 household corporate-equities+MF concept). DFA lags Z.1: latest available quarter is 2026:Q1, not 2026:Q2 (DFA 'Last Update' on the Fed site was 18 Jun 2026; next EFA update scheduled 18 Sep 2026 per the Sept-2026 Z.1 Recent Developments page)."
2017:Q1,Next40,Next 40% (50-90th pct),2679.5,11.95,"DFA 'networth' distribution, dfa-networth-levels-detail.csv, column 'Corporate equities and mutual fund shares'",https://www.federalreserve.gov/releases/z1/dataviz/download/zips/dfa.zip,"STOCK (level, $bn), NOT a flow -- DFA publishes wealth LEVELS only, no flow/valuation split by wealth group. Definition excludes equities/MF shares owned through DC pensions (matches Z.1 household corporate-equities+MF concept). DFA lags Z.1: latest available quarter is 2026:Q1, not 2026:Q2 (DFA 'Last Update' on the Fed site was 18 Jun 2026; next EFA update scheduled 18 Sep 2026 per the Sept-2026 Z.1 Recent Developments page)."
2017:Q1,Bottom50,Bottom 50%,149.8,0.67,"DFA 'networth' distribution, dfa-networth-levels-detail.csv, column 'Corporate equities and mutual fund shares'",https://www.federalreserve.gov/releases/z1/dataviz/download/zips/dfa.zip,"STOCK (level, $bn), NOT a flow -- DFA publishes wealth LEVELS only, no flow/valuation split by wealth group. Definition excludes equities/MF shares owned through DC pensions (matches Z.1 household corporate-equities+MF concept). DFA lags Z.1: latest available quarter is 2026:Q1, not 2026:Q2 (DFA 'Last Update' on the Fed site was 18 Jun 2026; next EFA update scheduled 18 Sep 2026 per the Sept-2026 Z.1 Recent Developments page)."
2017:Q2,TopPt1,Top 0.1%,5341.2,23.11,"DFA 'networth' distribution, dfa-networth-levels-detail.csv, column 'Corporate equities and mutual fund shares'",https://www.federalreserve.gov/releases/z1/dataviz/download/zips/dfa.zip,"STOCK (level, $bn), NOT a flow -- DFA publishes wealth LEVELS only, no flow/valuation split by wealth group. Definition excludes equities/MF shares owned through DC pensions (matches Z.1 household corporate-equities+MF concept). DFA lags Z.1: latest available quarter is 2026:Q1, not 2026:Q2 (DFA 'Last Update' on the Fed site was 18 Jun 2026; next EFA update scheduled 18 Sep 2026 per the Sept-2026 Z.1 Recent Developments page)."
2017:Q2,RemainingTop1,Next 0.9% (99-99.9th pct),6651.8,28.78,"DFA 'networth' distribution, dfa-networth-levels-detail.csv, column 'Corporate equities and mutual fund shares'",https://www.federalreserve.gov/releases/z1/dataviz/download/zips/dfa.zip,"STOCK (level, $bn), NOT a flow -- DFA publishes wealth LEVELS only, no flow/valuation split by wealth group. Definition excludes equities/MF shares owned through DC pensions (matches Z.1 household corporate-equities+MF concept). DFA lags Z.1: latest available quarter is 2026:Q1, not 2026:Q2 (DFA 'Last Update' on the Fed site was 18 Jun 2026; next EFA update scheduled 18 Sep 2026 per the Sept-2026 Z.1 Recent Developments page)."
2017:Q2,Next9,Next 9% (90-99th pct),8234.8,35.63,"DFA 'networth' distribution, dfa-networth-levels-detail.csv, column 'Corporate equities and mutual fund shares'",https://www.federalreserve.gov/releases/z1/dataviz/download/zips/dfa.zip,"STOCK (level, $bn), NOT a flow -- DFA publishes wealth LEVELS only, no flow/valuation split by wealth group. Definition excludes equities/MF shares owned through DC pensions (matches Z.1 household corporate-equities+MF concept). DFA lags Z.1: latest available quarter is 2026:Q1, not 2026:Q2 (DFA 'Last Update' on the Fed site was 18 Jun 2026; next EFA update scheduled 18 Sep 2026 per the Sept-2026 Z.1 Recent Developments page)."
2017:Q2,Next40,Next 40% (50-90th pct),2733.6,11.83,"DFA 'networth' distribution, dfa-networth-levels-detail.csv, column 'Corporate equities and mutual fund shares'",https://www.federalreserve.gov/releases/z1/dataviz/download/zips/dfa.zip,"STOCK (level, $bn), NOT a flow -- DFA publishes wealth LEVELS only, no flow/valuation split by wealth group. Definition excludes equities/MF shares owned through DC pensions (matches Z.1 household corporate-equities+MF concept). DFA lags Z.1: latest available quarter is 2026:Q1, not 2026:Q2 (DFA 'Last Update' on the Fed site was 18 Jun 2026; next EFA update scheduled 18 Sep 2026 per the Sept-2026 Z.1 Recent Developments page)."
2017:Q2,Bottom50,Bottom 50%,152.7,0.66,"DFA 'networth' distribution, dfa-networth-levels-detail.csv, column 'Corporate equities and mutual fund shares'",https://www.federalreserve.gov/releases/z1/dataviz/download/zips/dfa.zip,"STOCK (level, $bn), NOT a flow -- DFA publishes wealth LEVELS only, no flow/valuation split by wealth group. Definition excludes equities/MF shares owned through DC pensions (matches Z.1 household corporate-equities+MF concept). DFA lags Z.1: latest available quarter is 2026:Q1, not 2026:Q2 (DFA 'Last Update' on the Fed site was 18 Jun 2026; next EFA update scheduled 18 Sep 2026 per the Sept-2026 Z.1 Recent Developments page)."
2017:Q3,TopPt1,Top 0.1%,5481.8,22.96,"DFA 'networth' distribution, dfa-networth-levels-detail.csv, column 'Corporate equities and mutual fund shares'",https://www.federalreserve.gov/releases/z1/dataviz/download/zips/dfa.zip,"STOCK (level, $bn), NOT a flow -- DFA publishes wealth LEVELS only, no flow/valuation split by wealth group. Definition excludes equities/MF shares owned through DC pensions (matches Z.1 household corporate-equities+MF concept). DFA lags Z.1: latest available quarter is 2026:Q1, not 2026:Q2 (DFA 'Last Update' on the Fed site was 18 Jun 2026; next EFA update scheduled 18 Sep 2026 per the Sept-2026 Z.1 Recent Developments page)."
2017:Q3,RemainingTop1,Next 0.9% (99-99.9th pct),6922.7,29.0,"DFA 'networth' distribution, dfa-networth-levels-detail.csv, column 'Corporate equities and mutual fund shares'",https://www.federalreserve.gov/releases/z1/dataviz/download/zips/dfa.zip,"STOCK (level, $bn), NOT a flow -- DFA publishes wealth LEVELS only, no flow/valuation split by wealth group. Definition excludes equities/MF shares owned through DC pensions (matches Z.1 household corporate-equities+MF concept). DFA lags Z.1: latest available quarter is 2026:Q1, not 2026:Q2 (DFA 'Last Update' on the Fed site was 18 Jun 2026; next EFA update scheduled 18 Sep 2026 per the Sept-2026 Z.1 Recent Developments page)."
2017:Q3,Next9,Next 9% (90-99th pct),8519.2,35.68,"DFA 'networth' distribution, dfa-networth-levels-detail.csv, column 'Corporate equities and mutual fund shares'",https://www.federalreserve.gov/releases/z1/dataviz/download/zips/dfa.zip,"STOCK (level, $bn), NOT a flow -- DFA publishes wealth LEVELS only, no flow/valuation split by wealth group. Definition excludes equities/MF shares owned through DC pensions (matches Z.1 household corporate-equities+MF concept). DFA lags Z.1: latest available quarter is 2026:Q1, not 2026:Q2 (DFA 'Last Update' on the Fed site was 18 Jun 2026; next EFA update scheduled 18 Sep 2026 per the Sept-2026 Z.1 Recent Developments page)."
2017:Q3,Next40,Next 40% (50-90th pct),2794.4,11.7,"DFA 'networth' distribution, dfa-networth-levels-detail.csv, column 'Corporate equities and mutual fund shares'",https://www.federalreserve.gov/releases/z1/dataviz/download/zips/dfa.zip,"STOCK (level, $bn), NOT a flow -- DFA publishes wealth LEVELS only, no flow/valuation split by wealth group. Definition excludes equities/MF shares owned through DC pensions (matches Z.1 household corporate-equities+MF concept). DFA lags Z.1: latest available quarter is 2026:Q1, not 2026:Q2 (DFA 'Last Update' on the Fed site was 18 Jun 2026; next EFA update scheduled 18 Sep 2026 per the Sept-2026 Z.1 Recent Developments page)."
2017:Q3,Bottom50,Bottom 50%,156.3,0.65,"DFA 'networth' distribution, dfa-networth-levels-detail.csv, column 'Corporate equities and mutual fund shares'",https://www.federalreserve.gov/releases/z1/dataviz/download/zips/dfa.zip,"STOCK (level, $bn), NOT a flow -- DFA publishes wealth LEVELS only, no flow/valuation split by wealth group. Definition excludes equities/MF shares owned through DC pensions (matches Z.1 household corporate-equities+MF concept). DFA lags Z.1: latest available quarter is 2026:Q1, not 2026:Q2 (DFA 'Last Update' on the Fed site was 18 Jun 2026; next EFA update scheduled 18 Sep 2026 per the Sept-2026 Z.1 Recent Developments page)."
2017:Q4,TopPt1,Top 0.1%,5767.4,22.89,"DFA 'networth' distribution, dfa-networth-levels-detail.csv, column 'Corporate equities and mutual fund shares'",https://www.federalreserve.gov/releases/z1/dataviz/download/zips/dfa.zip,"STOCK (level, $bn), NOT a flow -- DFA publishes wealth LEVELS only, no flow/valuation split by wealth group. Definition excludes equities/MF shares owned through DC pensions (matches Z.1 household corporate-equities+MF concept). DFA lags Z.1: latest available quarter is 2026:Q1, not 2026:Q2 (DFA 'Last Update' on the Fed site was 18 Jun 2026; next EFA update scheduled 18 Sep 2026 per the Sept-2026 Z.1 Recent Developments page)."
2017:Q4,RemainingTop1,Next 0.9% (99-99.9th pct),7341.6,29.14,"DFA 'networth' distribution, dfa-networth-levels-detail.csv, column 'Corporate equities and mutual fund shares'",https://www.federalreserve.gov/releases/z1/dataviz/download/zips/dfa.zip,"STOCK (level, $bn), NOT a flow -- DFA publishes wealth LEVELS only, no flow/valuation split by wealth group. Definition excludes equities/MF shares owned through DC pensions (matches Z.1 household corporate-equities+MF concept). DFA lags Z.1: latest available quarter is 2026:Q1, not 2026:Q2 (DFA 'Last Update' on the Fed site was 18 Jun 2026; next EFA update scheduled 18 Sep 2026 per the Sept-2026 Z.1 Recent Developments page)."
2017:Q4,Next9,Next 9% (90-99th pct),9006.8,35.75,"DFA 'networth' distribution, dfa-networth-levels-detail.csv, column 'Corporate equities and mutual fund shares'",https://www.federalreserve.gov/releases/z1/dataviz/download/zips/dfa.zip,"STOCK (level, $bn), NOT a flow -- DFA publishes wealth LEVELS only, no flow/valuation split by wealth group. Definition excludes equities/MF shares owned through DC pensions (matches Z.1 household corporate-equities+MF concept). DFA lags Z.1: latest available quarter is 2026:Q1, not 2026:Q2 (DFA 'Last Update' on the Fed site was 18 Jun 2026; next EFA update scheduled 18 Sep 2026 per the Sept-2026 Z.1 Recent Developments page)."
2017:Q4,Next40,Next 40% (50-90th pct),2911.0,11.55,"DFA 'networth' distribution, dfa-networth-levels-detail.csv, column 'Corporate equities and mutual fund shares'",https://www.federalreserve.gov/releases/z1/dataviz/download/zips/dfa.zip,"STOCK (level, $bn), NOT a flow -- DFA publishes wealth LEVELS only, no flow/valuation split by wealth group. Definition excludes equities/MF shares owned through DC pensions (matches Z.1 household corporate-equities+MF concept). DFA lags Z.1: latest available quarter is 2026:Q1, not 2026:Q2 (DFA 'Last Update' on the Fed site was 18 Jun 2026; next EFA update scheduled 18 Sep 2026 per the Sept-2026 Z.1 Recent Developments page)."
2017:Q4,Bottom50,Bottom 50%,166.3,0.66,"DFA 'networth' distribution, dfa-networth-levels-detail.csv, column 'Corporate equities and mutual fund shares'",https://www.federalreserve.gov/releases/z1/dataviz/download/zips/dfa.zip,"STOCK (level, $bn), NOT a flow -- DFA publishes wealth LEVELS only, no flow/valuation split by wealth group. Definition excludes equities/MF shares owned through DC pensions (matches Z.1 household corporate-equities+MF concept). DFA lags Z.1: latest available quarter is 2026:Q1, not 2026:Q2 (DFA 'Last Update' on the Fed site was 18 Jun 2026; next EFA update scheduled 18 Sep 2026 per the Sept-2026 Z.1 Recent Developments page)."
2018:Q1,TopPt1,Top 0.1%,5688.2,22.64,"DFA 'networth' distribution, dfa-networth-levels-detail.csv, column 'Corporate equities and mutual fund shares'",https://www.federalreserve.gov/releases/z1/dataviz/download/zips/dfa.zip,"STOCK (level, $bn), NOT a flow -- DFA publishes wealth LEVELS only, no flow/valuation split by wealth group. Definition excludes equities/MF shares owned through DC pensions (matches Z.1 household corporate-equities+MF concept). DFA lags Z.1: latest available quarter is 2026:Q1, not 2026:Q2 (DFA 'Last Update' on the Fed site was 18 Jun 2026; next EFA update scheduled 18 Sep 2026 per the Sept-2026 Z.1 Recent Developments page)."
2018:Q1,RemainingTop1,Next 0.9% (99-99.9th pct),7395.9,29.44,"DFA 'networth' distribution, dfa-networth-levels-detail.csv, column 'Corporate equities and mutual fund shares'",https://www.federalreserve.gov/releases/z1/dataviz/download/zips/dfa.zip,"STOCK (level, $bn), NOT a flow -- DFA publishes wealth LEVELS only, no flow/valuation split by wealth group. Definition excludes equities/MF shares owned through DC pensions (matches Z.1 household corporate-equities+MF concept). DFA lags Z.1: latest available quarter is 2026:Q1, not 2026:Q2 (DFA 'Last Update' on the Fed site was 18 Jun 2026; next EFA update scheduled 18 Sep 2026 per the Sept-2026 Z.1 Recent Developments page)."
2018:Q1,Next9,Next 9% (90-99th pct),8989.3,35.79,"DFA 'networth' distribution, dfa-networth-levels-detail.csv, column 'Corporate equities and mutual fund shares'",https://www.federalreserve.gov/releases/z1/dataviz/download/zips/dfa.zip,"STOCK (level, $bn), NOT a flow -- DFA publishes wealth LEVELS only, no flow/valuation split by wealth group. Definition excludes equities/MF shares owned through DC pensions (matches Z.1 household corporate-equities+MF concept). DFA lags Z.1: latest available quarter is 2026:Q1, not 2026:Q2 (DFA 'Last Update' on the Fed site was 18 Jun 2026; next EFA update scheduled 18 Sep 2026 per the Sept-2026 Z.1 Recent Developments page)."
2018:Q1,Next40,Next 40% (50-90th pct),2886.2,11.49,"DFA 'networth' distribution, dfa-networth-levels-detail.csv, column 'Corporate equities and mutual fund shares'",https://www.federalreserve.gov/releases/z1/dataviz/download/zips/dfa.zip,"STOCK (level, $bn), NOT a flow -- DFA publishes wealth LEVELS only, no flow/valuation split by wealth group. Definition excludes equities/MF shares owned through DC pensions (matches Z.1 household corporate-equities+MF concept). DFA lags Z.1: latest available quarter is 2026:Q1, not 2026:Q2 (DFA 'Last Update' on the Fed site was 18 Jun 2026; next EFA update scheduled 18 Sep 2026 per the Sept-2026 Z.1 Recent Developments page)."
2018:Q1,Bottom50,Bottom 50%,160.1,0.64,"DFA 'networth' distribution, dfa-networth-levels-detail.csv, column 'Corporate equities and mutual fund shares'",https://www.federalreserve.gov/releases/z1/dataviz/download/zips/dfa.zip,"STOCK (level, $bn), NOT a flow -- DFA publishes wealth LEVELS only, no flow/valuation split by wealth group. Definition excludes equities/MF shares owned through DC pensions (matches Z.1 household corporate-equities+MF concept). DFA lags Z.1: latest available quarter is 2026:Q1, not 2026:Q2 (DFA 'Last Update' on the Fed site was 18 Jun 2026; next EFA update scheduled 18 Sep 2026 per the Sept-2026 Z.1 Recent Developments page)."
2018:Q2,TopPt1,Top 0.1%,5731.5,22.46,"DFA 'networth' distribution, dfa-networth-levels-detail.csv, column 'Corporate equities and mutual fund shares'",https://www.federalreserve.gov/releases/z1/dataviz/download/zips/dfa.zip,"STOCK (level, $bn), NOT a flow -- DFA publishes wealth LEVELS only, no flow/valuation split by wealth group. Definition excludes equities/MF shares owned through DC pensions (matches Z.1 household corporate-equities+MF concept). DFA lags Z.1: latest available quarter is 2026:Q1, not 2026:Q2 (DFA 'Last Update' on the Fed site was 18 Jun 2026; next EFA update scheduled 18 Sep 2026 per the Sept-2026 Z.1 Recent Developments page)."
2018:Q2,RemainingTop1,Next 0.9% (99-99.9th pct),7575.7,29.69,"DFA 'networth' distribution, dfa-networth-levels-detail.csv, column 'Corporate equities and mutual fund shares'",https://www.federalreserve.gov/releases/z1/dataviz/download/zips/dfa.zip,"STOCK (level, $bn), NOT a flow -- DFA publishes wealth LEVELS only, no flow/valuation split by wealth group. Definition excludes equities/MF shares owned through DC pensions (matches Z.1 household corporate-equities+MF concept). DFA lags Z.1: latest available quarter is 2026:Q1, not 2026:Q2 (DFA 'Last Update' on the Fed site was 18 Jun 2026; next EFA update scheduled 18 Sep 2026 per the Sept-2026 Z.1 Recent Developments page)."
2018:Q2,Next9,Next 9% (90-99th pct),9143.8,35.83,"DFA 'networth' distribution, dfa-networth-levels-detail.csv, column 'Corporate equities and mutual fund shares'",https://www.federalreserve.gov/releases/z1/dataviz/download/zips/dfa.zip,"STOCK (level, $bn), NOT a flow -- DFA publishes wealth LEVELS only, no flow/valuation split by wealth group. Definition excludes equities/MF shares owned through DC pensions (matches Z.1 household corporate-equities+MF concept). DFA lags Z.1: latest available quarter is 2026:Q1, not 2026:Q2 (DFA 'Last Update' on the Fed site was 18 Jun 2026; next EFA update scheduled 18 Sep 2026 per the Sept-2026 Z.1 Recent Developments page)."
2018:Q2,Next40,Next 40% (50-90th pct),2908.8,11.4,"DFA 'networth' distribution, dfa-networth-levels-detail.csv, column 'Corporate equities and mutual fund shares'",https://www.federalreserve.gov/releases/z1/dataviz/download/zips/dfa.zip,"STOCK (level, $bn), NOT a flow -- DFA publishes wealth LEVELS only, no flow/valuation split by wealth group. Definition excludes equities/MF shares owned through DC pensions (matches Z.1 household corporate-equities+MF concept). DFA lags Z.1: latest available quarter is 2026:Q1, not 2026:Q2 (DFA 'Last Update' on the Fed site was 18 Jun 2026; next EFA update scheduled 18 Sep 2026 per the Sept-2026 Z.1 Recent Developments page)."
2018:Q2,Bottom50,Bottom 50%,159.4,0.62,"DFA 'networth' distribution, dfa-networth-levels-detail.csv, column 'Corporate equities and mutual fund shares'",https://www.federalreserve.gov/releases/z1/dataviz/download/zips/dfa.zip,"STOCK (level, $bn), NOT a flow -- DFA publishes wealth LEVELS only, no flow/valuation split by wealth group. Definition excludes equities/MF shares owned through DC pensions (matches Z.1 household corporate-equities+MF concept). DFA lags Z.1: latest available quarter is 2026:Q1, not 2026:Q2 (DFA 'Last Update' on the Fed site was 18 Jun 2026; next EFA update scheduled 18 Sep 2026 per the Sept-2026 Z.1 Recent Developments page)."
2018:Q3,TopPt1,Top 0.1%,5962.1,22.38,"DFA 'networth' distribution, dfa-networth-levels-detail.csv, column 'Corporate equities and mutual fund shares'",https://www.federalreserve.gov/releases/z1/dataviz/download/zips/dfa.zip,"STOCK (level, $bn), NOT a flow -- DFA publishes wealth LEVELS only, no flow/valuation split by wealth group. Definition excludes equities/MF shares owned through DC pensions (matches Z.1 household corporate-equities+MF concept). DFA lags Z.1: latest available quarter is 2026:Q1, not 2026:Q2 (DFA 'Last Update' on the Fed site was 18 Jun 2026; next EFA update scheduled 18 Sep 2026 per the Sept-2026 Z.1 Recent Developments page)."
2018:Q3,RemainingTop1,Next 0.9% (99-99.9th pct),7945.2,29.83,"DFA 'networth' distribution, dfa-networth-levels-detail.csv, column 'Corporate equities and mutual fund shares'",https://www.federalreserve.gov/releases/z1/dataviz/download/zips/dfa.zip,"STOCK (level, $bn), NOT a flow -- DFA publishes wealth LEVELS only, no flow/valuation split by wealth group. Definition excludes equities/MF shares owned through DC pensions (matches Z.1 household corporate-equities+MF concept). DFA lags Z.1: latest available quarter is 2026:Q1, not 2026:Q2 (DFA 'Last Update' on the Fed site was 18 Jun 2026; next EFA update scheduled 18 Sep 2026 per the Sept-2026 Z.1 Recent Developments page)."
2018:Q3,Next9,Next 9% (90-99th pct),9559.5,35.89,"DFA 'networth' distribution, dfa-networth-levels-detail.csv, column 'Corporate equities and mutual fund shares'",https://www.federalreserve.gov/releases/z1/dataviz/download/zips/dfa.zip,"STOCK (level, $bn), NOT a flow -- DFA publishes wealth LEVELS only, no flow/valuation split by wealth group. Definition excludes equities/MF shares owned through DC pensions (matches Z.1 household corporate-equities+MF concept). DFA lags Z.1: latest available quarter is 2026:Q1, not 2026:Q2 (DFA 'Last Update' on the Fed site was 18 Jun 2026; next EFA update scheduled 18 Sep 2026 per the Sept-2026 Z.1 Recent Developments page)."
2018:Q3,Next40,Next 40% (50-90th pct),3002.8,11.27,"DFA 'networth' distribution, dfa-networth-levels-detail.csv, column 'Corporate equities and mutual fund shares'",https://www.federalreserve.gov/releases/z1/dataviz/download/zips/dfa.zip,"STOCK (level, $bn), NOT a flow -- DFA publishes wealth LEVELS only, no flow/valuation split by wealth group. Definition excludes equities/MF shares owned through DC pensions (matches Z.1 household corporate-equities+MF concept). DFA lags Z.1: latest available quarter is 2026:Q1, not 2026:Q2 (DFA 'Last Update' on the Fed site was 18 Jun 2026; next EFA update scheduled 18 Sep 2026 per the Sept-2026 Z.1 Recent Developments page)."
2018:Q3,Bottom50,Bottom 50%,166.9,0.63,"DFA 'networth' distribution, dfa-networth-levels-detail.csv, column 'Corporate equities and mutual fund shares'",https://www.federalreserve.gov/releases/z1/dataviz/download/zips/dfa.zip,"STOCK (level, $bn), NOT a flow -- DFA publishes wealth LEVELS only, no flow/valuation split by wealth group. Definition excludes equities/MF shares owned through DC pensions (matches Z.1 household corporate-equities+MF concept). DFA lags Z.1: latest available quarter is 2026:Q1, not 2026:Q2 (DFA 'Last Update' on the Fed site was 18 Jun 2026; next EFA update scheduled 18 Sep 2026 per the Sept-2026 Z.1 Recent Developments page)."
2018:Q4,TopPt1,Top 0.1%,4965.3,21.52,"DFA 'networth' distribution, dfa-networth-levels-detail.csv, column 'Corporate equities and mutual fund shares'",https://www.federalreserve.gov/releases/z1/dataviz/download/zips/dfa.zip,"STOCK (level, $bn), NOT a flow -- DFA publishes wealth LEVELS only, no flow/valuation split by wealth group. Definition excludes equities/MF shares owned through DC pensions (matches Z.1 household corporate-equities+MF concept). DFA lags Z.1: latest available quarter is 2026:Q1, not 2026:Q2 (DFA 'Last Update' on the Fed site was 18 Jun 2026; next EFA update scheduled 18 Sep 2026 per the Sept-2026 Z.1 Recent Developments page)."
2018:Q4,RemainingTop1,Next 0.9% (99-99.9th pct),7088.4,30.72,"DFA 'networth' distribution, dfa-networth-levels-detail.csv, column 'Corporate equities and mutual fund shares'",https://www.federalreserve.gov/releases/z1/dataviz/download/zips/dfa.zip,"STOCK (level, $bn), NOT a flow -- DFA publishes wealth LEVELS only, no flow/valuation split by wealth group. Definition excludes equities/MF shares owned through DC pensions (matches Z.1 household corporate-equities+MF concept). DFA lags Z.1: latest available quarter is 2026:Q1, not 2026:Q2 (DFA 'Last Update' on the Fed site was 18 Jun 2026; next EFA update scheduled 18 Sep 2026 per the Sept-2026 Z.1 Recent Developments page)."
2018:Q4,Next9,Next 9% (90-99th pct),8276.1,35.86,"DFA 'networth' distribution, dfa-networth-levels-detail.csv, column 'Corporate equities and mutual fund shares'",https://www.federalreserve.gov/releases/z1/dataviz/download/zips/dfa.zip,"STOCK (level, $bn), NOT a flow -- DFA publishes wealth LEVELS only, no flow/valuation split by wealth group. Definition excludes equities/MF shares owned through DC pensions (matches Z.1 household corporate-equities+MF concept). DFA lags Z.1: latest available quarter is 2026:Q1, not 2026:Q2 (DFA 'Last Update' on the Fed site was 18 Jun 2026; next EFA update scheduled 18 Sep 2026 per the Sept-2026 Z.1 Recent Developments page)."
2018:Q4,Next40,Next 40% (50-90th pct),2627.1,11.38,"DFA 'networth' distribution, dfa-networth-levels-detail.csv, column 'Corporate equities and mutual fund shares'",https://www.federalreserve.gov/releases/z1/dataviz/download/zips/dfa.zip,"STOCK (level, $bn), NOT a flow -- DFA publishes wealth LEVELS only, no flow/valuation split by wealth group. Definition excludes equities/MF shares owned through DC pensions (matches Z.1 household corporate-equities+MF concept). DFA lags Z.1: latest available quarter is 2026:Q1, not 2026:Q2 (DFA 'Last Update' on the Fed site was 18 Jun 2026; next EFA update scheduled 18 Sep 2026 per the Sept-2026 Z.1 Recent Developments page)."
2018:Q4,Bottom50,Bottom 50%,119.9,0.52,"DFA 'networth' distribution, dfa-networth-levels-detail.csv, column 'Corporate equities and mutual fund shares'",https://www.federalreserve.gov/releases/z1/dataviz/download/zips/dfa.zip,"STOCK (level, $bn), NOT a flow -- DFA publishes wealth LEVELS only, no flow/valuation split by wealth group. Definition excludes equities/MF shares owned through DC pensions (matches Z.1 household corporate-equities+MF concept). DFA lags Z.1: latest available quarter is 2026:Q1, not 2026:Q2 (DFA 'Last Update' on the Fed site was 18 Jun 2026; next EFA update scheduled 18 Sep 2026 per the Sept-2026 Z.1 Recent Developments page)."
2019:Q1,TopPt1,Top 0.1%,5828.4,21.9,"DFA 'networth' distribution, dfa-networth-levels-detail.csv, column 'Corporate equities and mutual fund shares'",https://www.federalreserve.gov/releases/z1/dataviz/download/zips/dfa.zip,"STOCK (level, $bn), NOT a flow -- DFA publishes wealth LEVELS only, no flow/valuation split by wealth group. Definition excludes equities/MF shares owned through DC pensions (matches Z.1 household corporate-equities+MF concept). DFA lags Z.1: latest available quarter is 2026:Q1, not 2026:Q2 (DFA 'Last Update' on the Fed site was 18 Jun 2026; next EFA update scheduled 18 Sep 2026 per the Sept-2026 Z.1 Recent Developments page)."
2019:Q1,RemainingTop1,Next 0.9% (99-99.9th pct),8097.0,30.42,"DFA 'networth' distribution, dfa-networth-levels-detail.csv, column 'Corporate equities and mutual fund shares'",https://www.federalreserve.gov/releases/z1/dataviz/download/zips/dfa.zip,"STOCK (level, $bn), NOT a flow -- DFA publishes wealth LEVELS only, no flow/valuation split by wealth group. Definition excludes equities/MF shares owned through DC pensions (matches Z.1 household corporate-equities+MF concept). DFA lags Z.1: latest available quarter is 2026:Q1, not 2026:Q2 (DFA 'Last Update' on the Fed site was 18 Jun 2026; next EFA update scheduled 18 Sep 2026 per the Sept-2026 Z.1 Recent Developments page)."
2019:Q1,Next9,Next 9% (90-99th pct),9572.6,35.96,"DFA 'networth' distribution, dfa-networth-levels-detail.csv, column 'Corporate equities and mutual fund shares'",https://www.federalreserve.gov/releases/z1/dataviz/download/zips/dfa.zip,"STOCK (level, $bn), NOT a flow -- DFA publishes wealth LEVELS only, no flow/valuation split by wealth group. Definition excludes equities/MF shares owned through DC pensions (matches Z.1 household corporate-equities+MF concept). DFA lags Z.1: latest available quarter is 2026:Q1, not 2026:Q2 (DFA 'Last Update' on the Fed site was 18 Jun 2026; next EFA update scheduled 18 Sep 2026 per the Sept-2026 Z.1 Recent Developments page)."
2019:Q1,Next40,Next 40% (50-90th pct),2963.1,11.13,"DFA 'networth' distribution, dfa-networth-levels-detail.csv, column 'Corporate equities and mutual fund shares'",https://www.federalreserve.gov/releases/z1/dataviz/download/zips/dfa.zip,"STOCK (level, $bn), NOT a flow -- DFA publishes wealth LEVELS only, no flow/valuation split by wealth group. Definition excludes equities/MF shares owned through DC pensions (matches Z.1 household corporate-equities+MF concept). DFA lags Z.1: latest available quarter is 2026:Q1, not 2026:Q2 (DFA 'Last Update' on the Fed site was 18 Jun 2026; next EFA update scheduled 18 Sep 2026 per the Sept-2026 Z.1 Recent Developments page)."
2019:Q1,Bottom50,Bottom 50%,155.4,0.58,"DFA 'networth' distribution, dfa-networth-levels-detail.csv, column 'Corporate equities and mutual fund shares'",https://www.federalreserve.gov/releases/z1/dataviz/download/zips/dfa.zip,"STOCK (level, $bn), NOT a flow -- DFA publishes wealth LEVELS only, no flow/valuation split by wealth group. Definition excludes equities/MF shares owned through DC pensions (matches Z.1 household corporate-equities+MF concept). DFA lags Z.1: latest available quarter is 2026:Q1, not 2026:Q2 (DFA 'Last Update' on the Fed site was 18 Jun 2026; next EFA update scheduled 18 Sep 2026 per the Sept-2026 Z.1 Recent Developments page)."
2019:Q2,TopPt1,Top 0.1%,5984.4,21.79,"DFA 'networth' distribution, dfa-networth-levels-detail.csv, column 'Corporate equities and mutual fund shares'",https://www.federalreserve.gov/releases/z1/dataviz/download/zips/dfa.zip,"STOCK (level, $bn), NOT a flow -- DFA publishes wealth LEVELS only, no flow/valuation split by wealth group. Definition excludes equities/MF shares owned through DC pensions (matches Z.1 household corporate-equities+MF concept). DFA lags Z.1: latest available quarter is 2026:Q1, not 2026:Q2 (DFA 'Last Update' on the Fed site was 18 Jun 2026; next EFA update scheduled 18 Sep 2026 per the Sept-2026 Z.1 Recent Developments page)."
2019:Q2,RemainingTop1,Next 0.9% (99-99.9th pct),8398.7,30.58,"DFA 'networth' distribution, dfa-networth-levels-detail.csv, column 'Corporate equities and mutual fund shares'",https://www.federalreserve.gov/releases/z1/dataviz/download/zips/dfa.zip,"STOCK (level, $bn), NOT a flow -- DFA publishes wealth LEVELS only, no flow/valuation split by wealth group. Definition excludes equities/MF shares owned through DC pensions (matches Z.1 household corporate-equities+MF concept). DFA lags Z.1: latest available quarter is 2026:Q1, not 2026:Q2 (DFA 'Last Update' on the Fed site was 18 Jun 2026; next EFA update scheduled 18 Sep 2026 per the Sept-2026 Z.1 Recent Developments page)."
2019:Q2,Next9,Next 9% (90-99th pct),9890.1,36.02,"DFA 'networth' distribution, dfa-networth-levels-detail.csv, column 'Corporate equities and mutual fund shares'",https://www.federalreserve.gov/releases/z1/dataviz/download/zips/dfa.zip,"STOCK (level, $bn), NOT a flow -- DFA publishes wealth LEVELS only, no flow/valuation split by wealth group. Definition excludes equities/MF shares owned through DC pensions (matches Z.1 household corporate-equities+MF concept). DFA lags Z.1: latest available quarter is 2026:Q1, not 2026:Q2 (DFA 'Last Update' on the Fed site was 18 Jun 2026; next EFA update scheduled 18 Sep 2026 per the Sept-2026 Z.1 Recent Developments page)."
2019:Q2,Next40,Next 40% (50-90th pct),3027.9,11.03,"DFA 'networth' distribution, dfa-networth-levels-detail.csv, column 'Corporate equities and mutual fund shares'",https://www.federalreserve.gov/releases/z1/dataviz/download/zips/dfa.zip,"STOCK (level, $bn), NOT a flow -- DFA publishes wealth LEVELS only, no flow/valuation split by wealth group. Definition excludes equities/MF shares owned through DC pensions (matches Z.1 household corporate-equities+MF concept). DFA lags Z.1: latest available quarter is 2026:Q1, not 2026:Q2 (DFA 'Last Update' on the Fed site was 18 Jun 2026; next EFA update scheduled 18 Sep 2026 per the Sept-2026 Z.1 Recent Developments page)."
2019:Q2,Bottom50,Bottom 50%,159.6,0.58,"DFA 'networth' distribution, dfa-networth-levels-detail.csv, column 'Corporate equities and mutual fund shares'",https://www.federalreserve.gov/releases/z1/dataviz/download/zips/dfa.zip,"STOCK (level, $bn), NOT a flow -- DFA publishes wealth LEVELS only, no flow/valuation split by wealth group. Definition excludes equities/MF shares owned through DC pensions (matches Z.1 household corporate-equities+MF concept). DFA lags Z.1: latest available quarter is 2026:Q1, not 2026:Q2 (DFA 'Last Update' on the Fed site was 18 Jun 2026; next EFA update scheduled 18 Sep 2026 per the Sept-2026 Z.1 Recent Developments page)."
2019:Q3,TopPt1,Top 0.1%,5870.6,21.52,"DFA 'networth' distribution, dfa-networth-levels-detail.csv, column 'Corporate equities and mutual fund shares'",https://www.federalreserve.gov/releases/z1/dataviz/download/zips/dfa.zip,"STOCK (level, $bn), NOT a flow -- DFA publishes wealth LEVELS only, no flow/valuation split by wealth group. Definition excludes equities/MF shares owned through DC pensions (matches Z.1 household corporate-equities+MF concept). DFA lags Z.1: latest available quarter is 2026:Q1, not 2026:Q2 (DFA 'Last Update' on the Fed site was 18 Jun 2026; next EFA update scheduled 18 Sep 2026 per the Sept-2026 Z.1 Recent Developments page)."
2019:Q3,RemainingTop1,Next 0.9% (99-99.9th pct),8435.5,30.92,"DFA 'networth' distribution, dfa-networth-levels-detail.csv, column 'Corporate equities and mutual fund shares'",https://www.federalreserve.gov/releases/z1/dataviz/download/zips/dfa.zip,"STOCK (level, $bn), NOT a flow -- DFA publishes wealth LEVELS only, no flow/valuation split by wealth group. Definition excludes equities/MF shares owned through DC pensions (matches Z.1 household corporate-equities+MF concept). DFA lags Z.1: latest available quarter is 2026:Q1, not 2026:Q2 (DFA 'Last Update' on the Fed site was 18 Jun 2026; next EFA update scheduled 18 Sep 2026 per the Sept-2026 Z.1 Recent Developments page)."
2019:Q3,Next9,Next 9% (90-99th pct),9837.2,36.05,"DFA 'networth' distribution, dfa-networth-levels-detail.csv, column 'Corporate equities and mutual fund shares'",https://www.federalreserve.gov/releases/z1/dataviz/download/zips/dfa.zip,"STOCK (level, $bn), NOT a flow -- DFA publishes wealth LEVELS only, no flow/valuation split by wealth group. Definition excludes equities/MF shares owned through DC pensions (matches Z.1 household corporate-equities+MF concept). DFA lags Z.1: latest available quarter is 2026:Q1, not 2026:Q2 (DFA 'Last Update' on the Fed site was 18 Jun 2026; next EFA update scheduled 18 Sep 2026 per the Sept-2026 Z.1 Recent Developments page)."
2019:Q3,Next40,Next 40% (50-90th pct),2990.3,10.96,"DFA 'networth' distribution, dfa-networth-levels-detail.csv, column 'Corporate equities and mutual fund shares'",https://www.federalreserve.gov/releases/z1/dataviz/download/zips/dfa.zip,"STOCK (level, $bn), NOT a flow -- DFA publishes wealth LEVELS only, no flow/valuation split by wealth group. Definition excludes equities/MF shares owned through DC pensions (matches Z.1 household corporate-equities+MF concept). DFA lags Z.1: latest available quarter is 2026:Q1, not 2026:Q2 (DFA 'Last Update' on the Fed site was 18 Jun 2026; next EFA update scheduled 18 Sep 2026 per the Sept-2026 Z.1 Recent Developments page)."
2019:Q3,Bottom50,Bottom 50%,151.6,0.56,"DFA 'networth' distribution, dfa-networth-levels-detail.csv, column 'Corporate equities and mutual fund shares'",https://www.federalreserve.gov/releases/z1/dataviz/download/zips/dfa.zip,"STOCK (level, $bn), NOT a flow -- DFA publishes wealth LEVELS only, no flow/valuation split by wealth group. Definition excludes equities/MF shares owned through DC pensions (matches Z.1 household corporate-equities+MF concept). DFA lags Z.1: latest available quarter is 2026:Q1, not 2026:Q2 (DFA 'Last Update' on the Fed site was 18 Jun 2026; next EFA update scheduled 18 Sep 2026 per the Sept-2026 Z.1 Recent Developments page)."
2019:Q4,TopPt1,Top 0.1%,6410.6,21.91,"DFA 'networth' distribution, dfa-networth-levels-detail.csv, column 'Corporate equities and mutual fund shares'",https://www.federalreserve.gov/releases/z1/dataviz/download/zips/dfa.zip,"STOCK (level, $bn), NOT a flow -- DFA publishes wealth LEVELS only, no flow/valuation split by wealth group. Definition excludes equities/MF shares owned through DC pensions (matches Z.1 household corporate-equities+MF concept). DFA lags Z.1: latest available quarter is 2026:Q1, not 2026:Q2 (DFA 'Last Update' on the Fed site was 18 Jun 2026; next EFA update scheduled 18 Sep 2026 per the Sept-2026 Z.1 Recent Developments page)."
2019:Q4,RemainingTop1,Next 0.9% (99-99.9th pct),8815.0,30.13,"DFA 'networth' distribution, dfa-networth-levels-detail.csv, column 'Corporate equities and mutual fund shares'",https://www.federalreserve.gov/releases/z1/dataviz/download/zips/dfa.zip,"STOCK (level, $bn), NOT a flow -- DFA publishes wealth LEVELS only, no flow/valuation split by wealth group. Definition excludes equities/MF shares owned through DC pensions (matches Z.1 household corporate-equities+MF concept). DFA lags Z.1: latest available quarter is 2026:Q1, not 2026:Q2 (DFA 'Last Update' on the Fed site was 18 Jun 2026; next EFA update scheduled 18 Sep 2026 per the Sept-2026 Z.1 Recent Developments page)."
2019:Q4,Next9,Next 9% (90-99th pct),10602.6,36.24,"DFA 'networth' distribution, dfa-networth-levels-detail.csv, column 'Corporate equities and mutual fund shares'",https://www.federalreserve.gov/releases/z1/dataviz/download/zips/dfa.zip,"STOCK (level, $bn), NOT a flow -- DFA publishes wealth LEVELS only, no flow/valuation split by wealth group. Definition excludes equities/MF shares owned through DC pensions (matches Z.1 household corporate-equities+MF concept). DFA lags Z.1: latest available quarter is 2026:Q1, not 2026:Q2 (DFA 'Last Update' on the Fed site was 18 Jun 2026; next EFA update scheduled 18 Sep 2026 per the Sept-2026 Z.1 Recent Developments page)."
2019:Q4,Next40,Next 40% (50-90th pct),3239.8,11.07,"DFA 'networth' distribution, dfa-networth-levels-detail.csv, column 'Corporate equities and mutual fund shares'",https://www.federalreserve.gov/releases/z1/dataviz/download/zips/dfa.zip,"STOCK (level, $bn), NOT a flow -- DFA publishes wealth LEVELS only, no flow/valuation split by wealth group. Definition excludes equities/MF shares owned through DC pensions (matches Z.1 household corporate-equities+MF concept). DFA lags Z.1: latest available quarter is 2026:Q1, not 2026:Q2 (DFA 'Last Update' on the Fed site was 18 Jun 2026; next EFA update scheduled 18 Sep 2026 per the Sept-2026 Z.1 Recent Developments page)."
2019:Q4,Bottom50,Bottom 50%,185.9,0.64,"DFA 'networth' distribution, dfa-networth-levels-detail.csv, column 'Corporate equities and mutual fund shares'",https://www.federalreserve.gov/releases/z1/dataviz/download/zips/dfa.zip,"STOCK (level, $bn), NOT a flow -- DFA publishes wealth LEVELS only, no flow/valuation split by wealth group. Definition excludes equities/MF shares owned through DC pensions (matches Z.1 household corporate-equities+MF concept). DFA lags Z.1: latest available quarter is 2026:Q1, not 2026:Q2 (DFA 'Last Update' on the Fed site was 18 Jun 2026; next EFA update scheduled 18 Sep 2026 per the Sept-2026 Z.1 Recent Developments page)."
2020:Q1,TopPt1,Top 0.1%,4666.6,20.73,"DFA 'networth' distribution, dfa-networth-levels-detail.csv, column 'Corporate equities and mutual fund shares'",https://www.federalreserve.gov/releases/z1/dataviz/download/zips/dfa.zip,"STOCK (level, $bn), NOT a flow -- DFA publishes wealth LEVELS only, no flow/valuation split by wealth group. Definition excludes equities/MF shares owned through DC pensions (matches Z.1 household corporate-equities+MF concept). DFA lags Z.1: latest available quarter is 2026:Q1, not 2026:Q2 (DFA 'Last Update' on the Fed site was 18 Jun 2026; next EFA update scheduled 18 Sep 2026 per the Sept-2026 Z.1 Recent Developments page)."
2020:Q1,RemainingTop1,Next 0.9% (99-99.9th pct),6915.4,30.72,"DFA 'networth' distribution, dfa-networth-levels-detail.csv, column 'Corporate equities and mutual fund shares'",https://www.federalreserve.gov/releases/z1/dataviz/download/zips/dfa.zip,"STOCK (level, $bn), NOT a flow -- DFA publishes wealth LEVELS only, no flow/valuation split by wealth group. Definition excludes equities/MF shares owned through DC pensions (matches Z.1 household corporate-equities+MF concept). DFA lags Z.1: latest available quarter is 2026:Q1, not 2026:Q2 (DFA 'Last Update' on the Fed site was 18 Jun 2026; next EFA update scheduled 18 Sep 2026 per the Sept-2026 Z.1 Recent Developments page)."
2020:Q1,Next9,Next 9% (90-99th pct),8198.7,36.42,"DFA 'networth' distribution, dfa-networth-levels-detail.csv, column 'Corporate equities and mutual fund shares'",https://www.federalreserve.gov/releases/z1/dataviz/download/zips/dfa.zip,"STOCK (level, $bn), NOT a flow -- DFA publishes wealth LEVELS only, no flow/valuation split by wealth group. Definition excludes equities/MF shares owned through DC pensions (matches Z.1 household corporate-equities+MF concept). DFA lags Z.1: latest available quarter is 2026:Q1, not 2026:Q2 (DFA 'Last Update' on the Fed site was 18 Jun 2026; next EFA update scheduled 18 Sep 2026 per the Sept-2026 Z.1 Recent Developments page)."
2020:Q1,Next40,Next 40% (50-90th pct),2612.3,11.6,"DFA 'networth' distribution, dfa-networth-levels-detail.csv, column 'Corporate equities and mutual fund shares'",https://www.federalreserve.gov/releases/z1/dataviz/download/zips/dfa.zip,"STOCK (level, $bn), NOT a flow -- DFA publishes wealth LEVELS only, no flow/valuation split by wealth group. Definition excludes equities/MF shares owned through DC pensions (matches Z.1 household corporate-equities+MF concept). DFA lags Z.1: latest available quarter is 2026:Q1, not 2026:Q2 (DFA 'Last Update' on the Fed site was 18 Jun 2026; next EFA update scheduled 18 Sep 2026 per the Sept-2026 Z.1 Recent Developments page)."
2020:Q1,Bottom50,Bottom 50%,118.2,0.53,"DFA 'networth' distribution, dfa-networth-levels-detail.csv, column 'Corporate equities and mutual fund shares'",https://www.federalreserve.gov/releases/z1/dataviz/download/zips/dfa.zip,"STOCK (level, $bn), NOT a flow -- DFA publishes wealth LEVELS only, no flow/valuation split by wealth group. Definition excludes equities/MF shares owned through DC pensions (matches Z.1 household corporate-equities+MF concept). DFA lags Z.1: latest available quarter is 2026:Q1, not 2026:Q2 (DFA 'Last Update' on the Fed site was 18 Jun 2026; next EFA update scheduled 18 Sep 2026 per the Sept-2026 Z.1 Recent Developments page)."
2020:Q2,TopPt1,Top 0.1%,5941.1,21.75,"DFA 'networth' distribution, dfa-networth-levels-detail.csv, column 'Corporate equities and mutual fund shares'",https://www.federalreserve.gov/releases/z1/dataviz/download/zips/dfa.zip,"STOCK (level, $bn), NOT a flow -- DFA publishes wealth LEVELS only, no flow/valuation split by wealth group. Definition excludes equities/MF shares owned through DC pensions (matches Z.1 household corporate-equities+MF concept). DFA lags Z.1: latest available quarter is 2026:Q1, not 2026:Q2 (DFA 'Last Update' on the Fed site was 18 Jun 2026; next EFA update scheduled 18 Sep 2026 per the Sept-2026 Z.1 Recent Developments page)."
2020:Q2,RemainingTop1,Next 0.9% (99-99.9th pct),8051.9,29.48,"DFA 'networth' distribution, dfa-networth-levels-detail.csv, column 'Corporate equities and mutual fund shares'",https://www.federalreserve.gov/releases/z1/dataviz/download/zips/dfa.zip,"STOCK (level, $bn), NOT a flow -- DFA publishes wealth LEVELS only, no flow/valuation split by wealth group. Definition excludes equities/MF shares owned through DC pensions (matches Z.1 household corporate-equities+MF concept). DFA lags Z.1: latest available quarter is 2026:Q1, not 2026:Q2 (DFA 'Last Update' on the Fed site was 18 Jun 2026; next EFA update scheduled 18 Sep 2026 per the Sept-2026 Z.1 Recent Developments page)."
2020:Q2,Next9,Next 9% (90-99th pct),9989.8,36.58,"DFA 'networth' distribution, dfa-networth-levels-detail.csv, column 'Corporate equities and mutual fund shares'",https://www.federalreserve.gov/releases/z1/dataviz/download/zips/dfa.zip,"STOCK (level, $bn), NOT a flow -- DFA publishes wealth LEVELS only, no flow/valuation split by wealth group. Definition excludes equities/MF shares owned through DC pensions (matches Z.1 household corporate-equities+MF concept). DFA lags Z.1: latest available quarter is 2026:Q1, not 2026:Q2 (DFA 'Last Update' on the Fed site was 18 Jun 2026; next EFA update scheduled 18 Sep 2026 per the Sept-2026 Z.1 Recent Developments page)."
2020:Q2,Next40,Next 40% (50-90th pct),3144.3,11.51,"DFA 'networth' distribution, dfa-networth-levels-detail.csv, column 'Corporate equities and mutual fund shares'",https://www.federalreserve.gov/releases/z1/dataviz/download/zips/dfa.zip,"STOCK (level, $bn), NOT a flow -- DFA publishes wealth LEVELS only, no flow/valuation split by wealth group. Definition excludes equities/MF shares owned through DC pensions (matches Z.1 household corporate-equities+MF concept). DFA lags Z.1: latest available quarter is 2026:Q1, not 2026:Q2 (DFA 'Last Update' on the Fed site was 18 Jun 2026; next EFA update scheduled 18 Sep 2026 per the Sept-2026 Z.1 Recent Developments page)."
2020:Q2,Bottom50,Bottom 50%,184.0,0.67,"DFA 'networth' distribution, dfa-networth-levels-detail.csv, column 'Corporate equities and mutual fund shares'",https://www.federalreserve.gov/releases/z1/dataviz/download/zips/dfa.zip,"STOCK (level, $bn), NOT a flow -- DFA publishes wealth LEVELS only, no flow/valuation split by wealth group. Definition excludes equities/MF shares owned through DC pensions (matches Z.1 household corporate-equities+MF concept). DFA lags Z.1: latest available quarter is 2026:Q1, not 2026:Q2 (DFA 'Last Update' on the Fed site was 18 Jun 2026; next EFA update scheduled 18 Sep 2026 per the Sept-2026 Z.1 Recent Developments page)."
2020:Q3,TopPt1,Top 0.1%,6618.5,22.19,"DFA 'networth' distribution, dfa-networth-levels-detail.csv, column 'Corporate equities and mutual fund shares'",https://www.federalreserve.gov/releases/z1/dataviz/download/zips/dfa.zip,"STOCK (level, $bn), NOT a flow -- DFA publishes wealth LEVELS only, no flow/valuation split by wealth group. Definition excludes equities/MF shares owned through DC pensions (matches Z.1 household corporate-equities+MF concept). DFA lags Z.1: latest available quarter is 2026:Q1, not 2026:Q2 (DFA 'Last Update' on the Fed site was 18 Jun 2026; next EFA update scheduled 18 Sep 2026 per the Sept-2026 Z.1 Recent Developments page)."
2020:Q3,RemainingTop1,Next 0.9% (99-99.9th pct),8592.1,28.8,"DFA 'networth' distribution, dfa-networth-levels-detail.csv, column 'Corporate equities and mutual fund shares'",https://www.federalreserve.gov/releases/z1/dataviz/download/zips/dfa.zip,"STOCK (level, $bn), NOT a flow -- DFA publishes wealth LEVELS only, no flow/valuation split by wealth group. Definition excludes equities/MF shares owned through DC pensions (matches Z.1 household corporate-equities+MF concept). DFA lags Z.1: latest available quarter is 2026:Q1, not 2026:Q2 (DFA 'Last Update' on the Fed site was 18 Jun 2026; next EFA update scheduled 18 Sep 2026 per the Sept-2026 Z.1 Recent Developments page)."
2020:Q3,Next9,Next 9% (90-99th pct),10950.7,36.71,"DFA 'networth' distribution, dfa-networth-levels-detail.csv, column 'Corporate equities and mutual fund shares'",https://www.federalreserve.gov/releases/z1/dataviz/download/zips/dfa.zip,"STOCK (level, $bn), NOT a flow -- DFA publishes wealth LEVELS only, no flow/valuation split by wealth group. Definition excludes equities/MF shares owned through DC pensions (matches Z.1 household corporate-equities+MF concept). DFA lags Z.1: latest available quarter is 2026:Q1, not 2026:Q2 (DFA 'Last Update' on the Fed site was 18 Jun 2026; next EFA update scheduled 18 Sep 2026 per the Sept-2026 Z.1 Recent Developments page)."
2020:Q3,Next40,Next 40% (50-90th pct),3446.1,11.55,"DFA 'networth' distribution, dfa-networth-levels-detail.csv, column 'Corporate equities and mutual fund shares'",https://www.federalreserve.gov/releases/z1/dataviz/download/zips/dfa.zip,"STOCK (level, $bn), NOT a flow -- DFA publishes wealth LEVELS only, no flow/valuation split by wealth group. Definition excludes equities/MF shares owned through DC pensions (matches Z.1 household corporate-equities+MF concept). DFA lags Z.1: latest available quarter is 2026:Q1, not 2026:Q2 (DFA 'Last Update' on the Fed site was 18 Jun 2026; next EFA update scheduled 18 Sep 2026 per the Sept-2026 Z.1 Recent Developments page)."
2020:Q3,Bottom50,Bottom 50%,223.1,0.75,"DFA 'networth' distribution, dfa-networth-levels-detail.csv, column 'Corporate equities and mutual fund shares'",https://www.federalreserve.gov/releases/z1/dataviz/download/zips/dfa.zip,"STOCK (level, $bn), NOT a flow -- DFA publishes wealth LEVELS only, no flow/valuation split by wealth group. Definition excludes equities/MF shares owned through DC pensions (matches Z.1 household corporate-equities+MF concept). DFA lags Z.1: latest available quarter is 2026:Q1, not 2026:Q2 (DFA 'Last Update' on the Fed site was 18 Jun 2026; next EFA update scheduled 18 Sep 2026 per the Sept-2026 Z.1 Recent Developments page)."
2020:Q4,TopPt1,Top 0.1%,7919.3,22.8,"DFA 'networth' distribution, dfa-networth-levels-detail.csv, column 'Corporate equities and mutual fund shares'",https://www.federalreserve.gov/releases/z1/dataviz/download/zips/dfa.zip,"STOCK (level, $bn), NOT a flow -- DFA publishes wealth LEVELS only, no flow/valuation split by wealth group. Definition excludes equities/MF shares owned through DC pensions (matches Z.1 household corporate-equities+MF concept). DFA lags Z.1: latest available quarter is 2026:Q1, not 2026:Q2 (DFA 'Last Update' on the Fed site was 18 Jun 2026; next EFA update scheduled 18 Sep 2026 per the Sept-2026 Z.1 Recent Developments page)."
2020:Q4,RemainingTop1,Next 0.9% (99-99.9th pct),9758.4,28.09,"DFA 'networth' distribution, dfa-networth-levels-detail.csv, column 'Corporate equities and mutual fund shares'",https://www.federalreserve.gov/releases/z1/dataviz/download/zips/dfa.zip,"STOCK (level, $bn), NOT a flow -- DFA publishes wealth LEVELS only, no flow/valuation split by wealth group. Definition excludes equities/MF shares owned through DC pensions (matches Z.1 household corporate-equities+MF concept). DFA lags Z.1: latest available quarter is 2026:Q1, not 2026:Q2 (DFA 'Last Update' on the Fed site was 18 Jun 2026; next EFA update scheduled 18 Sep 2026 per the Sept-2026 Z.1 Recent Developments page)."
2020:Q4,Next9,Next 9% (90-99th pct),12779.6,36.79,"DFA 'networth' distribution, dfa-networth-levels-detail.csv, column 'Corporate equities and mutual fund shares'",https://www.federalreserve.gov/releases/z1/dataviz/download/zips/dfa.zip,"STOCK (level, $bn), NOT a flow -- DFA publishes wealth LEVELS only, no flow/valuation split by wealth group. Definition excludes equities/MF shares owned through DC pensions (matches Z.1 household corporate-equities+MF concept). DFA lags Z.1: latest available quarter is 2026:Q1, not 2026:Q2 (DFA 'Last Update' on the Fed site was 18 Jun 2026; next EFA update scheduled 18 Sep 2026 per the Sept-2026 Z.1 Recent Developments page)."
2020:Q4,Next40,Next 40% (50-90th pct),3989.2,11.48,"DFA 'networth' distribution, dfa-networth-levels-detail.csv, column 'Corporate equities and mutual fund shares'",https://www.federalreserve.gov/releases/z1/dataviz/download/zips/dfa.zip,"STOCK (level, $bn), NOT a flow -- DFA publishes wealth LEVELS only, no flow/valuation split by wealth group. Definition excludes equities/MF shares owned through DC pensions (matches Z.1 household corporate-equities+MF concept). DFA lags Z.1: latest available quarter is 2026:Q1, not 2026:Q2 (DFA 'Last Update' on the Fed site was 18 Jun 2026; next EFA update scheduled 18 Sep 2026 per the Sept-2026 Z.1 Recent Developments page)."
2020:Q4,Bottom50,Bottom 50%,289.8,0.83,"DFA 'networth' distribution, dfa-networth-levels-detail.csv, column 'Corporate equities and mutual fund shares'",https://www.federalreserve.gov/releases/z1/dataviz/download/zips/dfa.zip,"STOCK (level, $bn), NOT a flow -- DFA publishes wealth LEVELS only, no flow/valuation split by wealth group. Definition excludes equities/MF shares owned through DC pensions (matches Z.1 household corporate-equities+MF concept). DFA lags Z.1: latest available quarter is 2026:Q1, not 2026:Q2 (DFA 'Last Update' on the Fed site was 18 Jun 2026; next EFA update scheduled 18 Sep 2026 per the Sept-2026 Z.1 Recent Developments page)."
2021:Q1,TopPt1,Top 0.1%,8693.1,23.1,"DFA 'networth' distribution, dfa-networth-levels-detail.csv, column 'Corporate equities and mutual fund shares'",https://www.federalreserve.gov/releases/z1/dataviz/download/zips/dfa.zip,"STOCK (level, $bn), NOT a flow -- DFA publishes wealth LEVELS only, no flow/valuation split by wealth group. Definition excludes equities/MF shares owned through DC pensions (matches Z.1 household corporate-equities+MF concept). DFA lags Z.1: latest available quarter is 2026:Q1, not 2026:Q2 (DFA 'Last Update' on the Fed site was 18 Jun 2026; next EFA update scheduled 18 Sep 2026 per the Sept-2026 Z.1 Recent Developments page)."
2021:Q1,RemainingTop1,Next 0.9% (99-99.9th pct),10400.4,27.64,"DFA 'networth' distribution, dfa-networth-levels-detail.csv, column 'Corporate equities and mutual fund shares'",https://www.federalreserve.gov/releases/z1/dataviz/download/zips/dfa.zip,"STOCK (level, $bn), NOT a flow -- DFA publishes wealth LEVELS only, no flow/valuation split by wealth group. Definition excludes equities/MF shares owned through DC pensions (matches Z.1 household corporate-equities+MF concept). DFA lags Z.1: latest available quarter is 2026:Q1, not 2026:Q2 (DFA 'Last Update' on the Fed site was 18 Jun 2026; next EFA update scheduled 18 Sep 2026 per the Sept-2026 Z.1 Recent Developments page)."
2021:Q1,Next9,Next 9% (90-99th pct),13876.4,36.87,"DFA 'networth' distribution, dfa-networth-levels-detail.csv, column 'Corporate equities and mutual fund shares'",https://www.federalreserve.gov/releases/z1/dataviz/download/zips/dfa.zip,"STOCK (level, $bn), NOT a flow -- DFA publishes wealth LEVELS only, no flow/valuation split by wealth group. Definition excludes equities/MF shares owned through DC pensions (matches Z.1 household corporate-equities+MF concept). DFA lags Z.1: latest available quarter is 2026:Q1, not 2026:Q2 (DFA 'Last Update' on the Fed site was 18 Jun 2026; next EFA update scheduled 18 Sep 2026 per the Sept-2026 Z.1 Recent Developments page)."
2021:Q1,Next40,Next 40% (50-90th pct),4329.0,11.5,"DFA 'networth' distribution, dfa-networth-levels-detail.csv, column 'Corporate equities and mutual fund shares'",https://www.federalreserve.gov/releases/z1/dataviz/download/zips/dfa.zip,"STOCK (level, $bn), NOT a flow -- DFA publishes wealth LEVELS only, no flow/valuation split by wealth group. Definition excludes equities/MF shares owned through DC pensions (matches Z.1 household corporate-equities+MF concept). DFA lags Z.1: latest available quarter is 2026:Q1, not 2026:Q2 (DFA 'Last Update' on the Fed site was 18 Jun 2026; next EFA update scheduled 18 Sep 2026 per the Sept-2026 Z.1 Recent Developments page)."
2021:Q1,Bottom50,Bottom 50%,332.7,0.88,"DFA 'networth' distribution, dfa-networth-levels-detail.csv, column 'Corporate equities and mutual fund shares'",https://www.federalreserve.gov/releases/z1/dataviz/download/zips/dfa.zip,"STOCK (level, $bn), NOT a flow -- DFA publishes wealth LEVELS only, no flow/valuation split by wealth group. Definition excludes equities/MF shares owned through DC pensions (matches Z.1 household corporate-equities+MF concept). DFA lags Z.1: latest available quarter is 2026:Q1, not 2026:Q2 (DFA 'Last Update' on the Fed site was 18 Jun 2026; next EFA update scheduled 18 Sep 2026 per the Sept-2026 Z.1 Recent Developments page)."
2021:Q2,TopPt1,Top 0.1%,9532.8,23.38,"DFA 'networth' distribution, dfa-networth-levels-detail.csv, column 'Corporate equities and mutual fund shares'",https://www.federalreserve.gov/releases/z1/dataviz/download/zips/dfa.zip,"STOCK (level, $bn), NOT a flow -- DFA publishes wealth LEVELS only, no flow/valuation split by wealth group. Definition excludes equities/MF shares owned through DC pensions (matches Z.1 household corporate-equities+MF concept). DFA lags Z.1: latest available quarter is 2026:Q1, not 2026:Q2 (DFA 'Last Update' on the Fed site was 18 Jun 2026; next EFA update scheduled 18 Sep 2026 per the Sept-2026 Z.1 Recent Developments page)."
2021:Q2,RemainingTop1,Next 0.9% (99-99.9th pct),11109.7,27.24,"DFA 'networth' distribution, dfa-networth-levels-detail.csv, column 'Corporate equities and mutual fund shares'",https://www.federalreserve.gov/releases/z1/dataviz/download/zips/dfa.zip,"STOCK (level, $bn), NOT a flow -- DFA publishes wealth LEVELS only, no flow/valuation split by wealth group. Definition excludes equities/MF shares owned through DC pensions (matches Z.1 household corporate-equities+MF concept). DFA lags Z.1: latest available quarter is 2026:Q1, not 2026:Q2 (DFA 'Last Update' on the Fed site was 18 Jun 2026; next EFA update scheduled 18 Sep 2026 per the Sept-2026 Z.1 Recent Developments page)."
2021:Q2,Next9,Next 9% (90-99th pct),15065.1,36.94,"DFA 'networth' distribution, dfa-networth-levels-detail.csv, column 'Corporate equities and mutual fund shares'",https://www.federalreserve.gov/releases/z1/dataviz/download/zips/dfa.zip,"STOCK (level, $bn), NOT a flow -- DFA publishes wealth LEVELS only, no flow/valuation split by wealth group. Definition excludes equities/MF shares owned through DC pensions (matches Z.1 household corporate-equities+MF concept). DFA lags Z.1: latest available quarter is 2026:Q1, not 2026:Q2 (DFA 'Last Update' on the Fed site was 18 Jun 2026; next EFA update scheduled 18 Sep 2026 per the Sept-2026 Z.1 Recent Developments page)."
2021:Q2,Next40,Next 40% (50-90th pct),4694.4,11.51,"DFA 'networth' distribution, dfa-networth-levels-detail.csv, column 'Corporate equities and mutual fund shares'",https://www.federalreserve.gov/releases/z1/dataviz/download/zips/dfa.zip,"STOCK (level, $bn), NOT a flow -- DFA publishes wealth LEVELS only, no flow/valuation split by wealth group. Definition excludes equities/MF shares owned through DC pensions (matches Z.1 household corporate-equities+MF concept). DFA lags Z.1: latest available quarter is 2026:Q1, not 2026:Q2 (DFA 'Last Update' on the Fed site was 18 Jun 2026; next EFA update scheduled 18 Sep 2026 per the Sept-2026 Z.1 Recent Developments page)."
2021:Q2,Bottom50,Bottom 50%,378.5,0.93,"DFA 'networth' distribution, dfa-networth-levels-detail.csv, column 'Corporate equities and mutual fund shares'",https://www.federalreserve.gov/releases/z1/dataviz/download/zips/dfa.zip,"STOCK (level, $bn), NOT a flow -- DFA publishes wealth LEVELS only, no flow/valuation split by wealth group. Definition excludes equities/MF shares owned through DC pensions (matches Z.1 household corporate-equities+MF concept). DFA lags Z.1: latest available quarter is 2026:Q1, not 2026:Q2 (DFA 'Last Update' on the Fed site was 18 Jun 2026; next EFA update scheduled 18 Sep 2026 per the Sept-2026 Z.1 Recent Developments page)."
2021:Q3,TopPt1,Top 0.1%,9674.9,23.44,"DFA 'networth' distribution, dfa-networth-levels-detail.csv, column 'Corporate equities and mutual fund shares'",https://www.federalreserve.gov/releases/z1/dataviz/download/zips/dfa.zip,"STOCK (level, $bn), NOT a flow -- DFA publishes wealth LEVELS only, no flow/valuation split by wealth group. Definition excludes equities/MF shares owned through DC pensions (matches Z.1 household corporate-equities+MF concept). DFA lags Z.1: latest available quarter is 2026:Q1, not 2026:Q2 (DFA 'Last Update' on the Fed site was 18 Jun 2026; next EFA update scheduled 18 Sep 2026 per the Sept-2026 Z.1 Recent Developments page)."
2021:Q3,RemainingTop1,Next 0.9% (99-99.9th pct),11130.7,26.97,"DFA 'networth' distribution, dfa-networth-levels-detail.csv, column 'Corporate equities and mutual fund shares'",https://www.federalreserve.gov/releases/z1/dataviz/download/zips/dfa.zip,"STOCK (level, $bn), NOT a flow -- DFA publishes wealth LEVELS only, no flow/valuation split by wealth group. Definition excludes equities/MF shares owned through DC pensions (matches Z.1 household corporate-equities+MF concept). DFA lags Z.1: latest available quarter is 2026:Q1, not 2026:Q2 (DFA 'Last Update' on the Fed site was 18 Jun 2026; next EFA update scheduled 18 Sep 2026 per the Sept-2026 Z.1 Recent Developments page)."
2021:Q3,Next9,Next 9% (90-99th pct),15286.9,37.04,"DFA 'networth' distribution, dfa-networth-levels-detail.csv, column 'Corporate equities and mutual fund shares'",https://www.federalreserve.gov/releases/z1/dataviz/download/zips/dfa.zip,"STOCK (level, $bn), NOT a flow -- DFA publishes wealth LEVELS only, no flow/valuation split by wealth group. Definition excludes equities/MF shares owned through DC pensions (matches Z.1 household corporate-equities+MF concept). DFA lags Z.1: latest available quarter is 2026:Q1, not 2026:Q2 (DFA 'Last Update' on the Fed site was 18 Jun 2026; next EFA update scheduled 18 Sep 2026 per the Sept-2026 Z.1 Recent Developments page)."
2021:Q3,Next40,Next 40% (50-90th pct),4790.5,11.61,"DFA 'networth' distribution, dfa-networth-levels-detail.csv, column 'Corporate equities and mutual fund shares'",https://www.federalreserve.gov/releases/z1/dataviz/download/zips/dfa.zip,"STOCK (level, $bn), NOT a flow -- DFA publishes wealth LEVELS only, no flow/valuation split by wealth group. Definition excludes equities/MF shares owned through DC pensions (matches Z.1 household corporate-equities+MF concept). DFA lags Z.1: latest available quarter is 2026:Q1, not 2026:Q2 (DFA 'Last Update' on the Fed site was 18 Jun 2026; next EFA update scheduled 18 Sep 2026 per the Sept-2026 Z.1 Recent Developments page)."
2021:Q3,Bottom50,Bottom 50%,392.8,0.95,"DFA 'networth' distribution, dfa-networth-levels-detail.csv, column 'Corporate equities and mutual fund shares'",https://www.federalreserve.gov/releases/z1/dataviz/download/zips/dfa.zip,"STOCK (level, $bn), NOT a flow -- DFA publishes wealth LEVELS only, no flow/valuation split by wealth group. Definition excludes equities/MF shares owned through DC pensions (matches Z.1 household corporate-equities+MF concept). DFA lags Z.1: latest available quarter is 2026:Q1, not 2026:Q2 (DFA 'Last Update' on the Fed site was 18 Jun 2026; next EFA update scheduled 18 Sep 2026 per the Sept-2026 Z.1 Recent Developments page)."
2021:Q4,TopPt1,Top 0.1%,10215.4,23.6,"DFA 'networth' distribution, dfa-networth-levels-detail.csv, column 'Corporate equities and mutual fund shares'",https://www.federalreserve.gov/releases/z1/dataviz/download/zips/dfa.zip,"STOCK (level, $bn), NOT a flow -- DFA publishes wealth LEVELS only, no flow/valuation split by wealth group. Definition excludes equities/MF shares owned through DC pensions (matches Z.1 household corporate-equities+MF concept). DFA lags Z.1: latest available quarter is 2026:Q1, not 2026:Q2 (DFA 'Last Update' on the Fed site was 18 Jun 2026; next EFA update scheduled 18 Sep 2026 per the Sept-2026 Z.1 Recent Developments page)."
2021:Q4,RemainingTop1,Next 0.9% (99-99.9th pct),11548.3,26.68,"DFA 'networth' distribution, dfa-networth-levels-detail.csv, column 'Corporate equities and mutual fund shares'",https://www.federalreserve.gov/releases/z1/dataviz/download/zips/dfa.zip,"STOCK (level, $bn), NOT a flow -- DFA publishes wealth LEVELS only, no flow/valuation split by wealth group. Definition excludes equities/MF shares owned through DC pensions (matches Z.1 household corporate-equities+MF concept). DFA lags Z.1: latest available quarter is 2026:Q1, not 2026:Q2 (DFA 'Last Update' on the Fed site was 18 Jun 2026; next EFA update scheduled 18 Sep 2026 per the Sept-2026 Z.1 Recent Developments page)."
2021:Q4,Next9,Next 9% (90-99th pct),16061.5,37.1,"DFA 'networth' distribution, dfa-networth-levels-detail.csv, column 'Corporate equities and mutual fund shares'",https://www.federalreserve.gov/releases/z1/dataviz/download/zips/dfa.zip,"STOCK (level, $bn), NOT a flow -- DFA publishes wealth LEVELS only, no flow/valuation split by wealth group. Definition excludes equities/MF shares owned through DC pensions (matches Z.1 household corporate-equities+MF concept). DFA lags Z.1: latest available quarter is 2026:Q1, not 2026:Q2 (DFA 'Last Update' on the Fed site was 18 Jun 2026; next EFA update scheduled 18 Sep 2026 per the Sept-2026 Z.1 Recent Developments page)."
2021:Q4,Next40,Next 40% (50-90th pct),5040.2,11.64,"DFA 'networth' distribution, dfa-networth-levels-detail.csv, column 'Corporate equities and mutual fund shares'",https://www.federalreserve.gov/releases/z1/dataviz/download/zips/dfa.zip,"STOCK (level, $bn), NOT a flow -- DFA publishes wealth LEVELS only, no flow/valuation split by wealth group. Definition excludes equities/MF shares owned through DC pensions (matches Z.1 household corporate-equities+MF concept). DFA lags Z.1: latest available quarter is 2026:Q1, not 2026:Q2 (DFA 'Last Update' on the Fed site was 18 Jun 2026; next EFA update scheduled 18 Sep 2026 per the Sept-2026 Z.1 Recent Developments page)."
2021:Q4,Bottom50,Bottom 50%,424.8,0.98,"DFA 'networth' distribution, dfa-networth-levels-detail.csv, column 'Corporate equities and mutual fund shares'",https://www.federalreserve.gov/releases/z1/dataviz/download/zips/dfa.zip,"STOCK (level, $bn), NOT a flow -- DFA publishes wealth LEVELS only, no flow/valuation split by wealth group. Definition excludes equities/MF shares owned through DC pensions (matches Z.1 household corporate-equities+MF concept). DFA lags Z.1: latest available quarter is 2026:Q1, not 2026:Q2 (DFA 'Last Update' on the Fed site was 18 Jun 2026; next EFA update scheduled 18 Sep 2026 per the Sept-2026 Z.1 Recent Developments page)."
2022:Q1,TopPt1,Top 0.1%,9683.6,23.49,"DFA 'networth' distribution, dfa-networth-levels-detail.csv, column 'Corporate equities and mutual fund shares'",https://www.federalreserve.gov/releases/z1/dataviz/download/zips/dfa.zip,"STOCK (level, $bn), NOT a flow -- DFA publishes wealth LEVELS only, no flow/valuation split by wealth group. Definition excludes equities/MF shares owned through DC pensions (matches Z.1 household corporate-equities+MF concept). DFA lags Z.1: latest available quarter is 2026:Q1, not 2026:Q2 (DFA 'Last Update' on the Fed site was 18 Jun 2026; next EFA update scheduled 18 Sep 2026 per the Sept-2026 Z.1 Recent Developments page)."
2022:Q1,RemainingTop1,Next 0.9% (99-99.9th pct),10908.7,26.46,"DFA 'networth' distribution, dfa-networth-levels-detail.csv, column 'Corporate equities and mutual fund shares'",https://www.federalreserve.gov/releases/z1/dataviz/download/zips/dfa.zip,"STOCK (level, $bn), NOT a flow -- DFA publishes wealth LEVELS only, no flow/valuation split by wealth group. Definition excludes equities/MF shares owned through DC pensions (matches Z.1 household corporate-equities+MF concept). DFA lags Z.1: latest available quarter is 2026:Q1, not 2026:Q2 (DFA 'Last Update' on the Fed site was 18 Jun 2026; next EFA update scheduled 18 Sep 2026 per the Sept-2026 Z.1 Recent Developments page)."
2022:Q1,Next9,Next 9% (90-99th pct),15346.3,37.23,"DFA 'networth' distribution, dfa-networth-levels-detail.csv, column 'Corporate equities and mutual fund shares'",https://www.federalreserve.gov/releases/z1/dataviz/download/zips/dfa.zip,"STOCK (level, $bn), NOT a flow -- DFA publishes wealth LEVELS only, no flow/valuation split by wealth group. Definition excludes equities/MF shares owned through DC pensions (matches Z.1 household corporate-equities+MF concept). DFA lags Z.1: latest available quarter is 2026:Q1, not 2026:Q2 (DFA 'Last Update' on the Fed site was 18 Jun 2026; next EFA update scheduled 18 Sep 2026 per the Sept-2026 Z.1 Recent Developments page)."
2022:Q1,Next40,Next 40% (50-90th pct),4872.8,11.82,"DFA 'networth' distribution, dfa-networth-levels-detail.csv, column 'Corporate equities and mutual fund shares'",https://www.federalreserve.gov/releases/z1/dataviz/download/zips/dfa.zip,"STOCK (level, $bn), NOT a flow -- DFA publishes wealth LEVELS only, no flow/valuation split by wealth group. Definition excludes equities/MF shares owned through DC pensions (matches Z.1 household corporate-equities+MF concept). DFA lags Z.1: latest available quarter is 2026:Q1, not 2026:Q2 (DFA 'Last Update' on the Fed site was 18 Jun 2026; next EFA update scheduled 18 Sep 2026 per the Sept-2026 Z.1 Recent Developments page)."
2022:Q1,Bottom50,Bottom 50%,408.3,0.99,"DFA 'networth' distribution, dfa-networth-levels-detail.csv, column 'Corporate equities and mutual fund shares'",https://www.federalreserve.gov/releases/z1/dataviz/download/zips/dfa.zip,"STOCK (level, $bn), NOT a flow -- DFA publishes wealth LEVELS only, no flow/valuation split by wealth group. Definition excludes equities/MF shares owned through DC pensions (matches Z.1 household corporate-equities+MF concept). DFA lags Z.1: latest available quarter is 2026:Q1, not 2026:Q2 (DFA 'Last Update' on the Fed site was 18 Jun 2026; next EFA update scheduled 18 Sep 2026 per the Sept-2026 Z.1 Recent Developments page)."
2022:Q2,TopPt1,Top 0.1%,7873.0,23.0,"DFA 'networth' distribution, dfa-networth-levels-detail.csv, column 'Corporate equities and mutual fund shares'",https://www.federalreserve.gov/releases/z1/dataviz/download/zips/dfa.zip,"STOCK (level, $bn), NOT a flow -- DFA publishes wealth LEVELS only, no flow/valuation split by wealth group. Definition excludes equities/MF shares owned through DC pensions (matches Z.1 household corporate-equities+MF concept). DFA lags Z.1: latest available quarter is 2026:Q1, not 2026:Q2 (DFA 'Last Update' on the Fed site was 18 Jun 2026; next EFA update scheduled 18 Sep 2026 per the Sept-2026 Z.1 Recent Developments page)."
2022:Q2,RemainingTop1,Next 0.9% (99-99.9th pct),9000.5,26.29,"DFA 'networth' distribution, dfa-networth-levels-detail.csv, column 'Corporate equities and mutual fund shares'",https://www.federalreserve.gov/releases/z1/dataviz/download/zips/dfa.zip,"STOCK (level, $bn), NOT a flow -- DFA publishes wealth LEVELS only, no flow/valuation split by wealth group. Definition excludes equities/MF shares owned through DC pensions (matches Z.1 household corporate-equities+MF concept). DFA lags Z.1: latest available quarter is 2026:Q1, not 2026:Q2 (DFA 'Last Update' on the Fed site was 18 Jun 2026; next EFA update scheduled 18 Sep 2026 per the Sept-2026 Z.1 Recent Developments page)."
2022:Q2,Next9,Next 9% (90-99th pct),12834.3,37.49,"DFA 'networth' distribution, dfa-networth-levels-detail.csv, column 'Corporate equities and mutual fund shares'",https://www.federalreserve.gov/releases/z1/dataviz/download/zips/dfa.zip,"STOCK (level, $bn), NOT a flow -- DFA publishes wealth LEVELS only, no flow/valuation split by wealth group. Definition excludes equities/MF shares owned through DC pensions (matches Z.1 household corporate-equities+MF concept). DFA lags Z.1: latest available quarter is 2026:Q1, not 2026:Q2 (DFA 'Last Update' on the Fed site was 18 Jun 2026; next EFA update scheduled 18 Sep 2026 per the Sept-2026 Z.1 Recent Developments page)."
2022:Q2,Next40,Next 40% (50-90th pct),4194.5,12.25,"DFA 'networth' distribution, dfa-networth-levels-detail.csv, column 'Corporate equities and mutual fund shares'",https://www.federalreserve.gov/releases/z1/dataviz/download/zips/dfa.zip,"STOCK (level, $bn), NOT a flow -- DFA publishes wealth LEVELS only, no flow/valuation split by wealth group. Definition excludes equities/MF shares owned through DC pensions (matches Z.1 household corporate-equities+MF concept). DFA lags Z.1: latest available quarter is 2026:Q1, not 2026:Q2 (DFA 'Last Update' on the Fed site was 18 Jun 2026; next EFA update scheduled 18 Sep 2026 per the Sept-2026 Z.1 Recent Developments page)."
2022:Q2,Bottom50,Bottom 50%,334.0,0.98,"DFA 'networth' distribution, dfa-networth-levels-detail.csv, column 'Corporate equities and mutual fund shares'",https://www.federalreserve.gov/releases/z1/dataviz/download/zips/dfa.zip,"STOCK (level, $bn), NOT a flow -- DFA publishes wealth LEVELS only, no flow/valuation split by wealth group. Definition excludes equities/MF shares owned through DC pensions (matches Z.1 household corporate-equities+MF concept). DFA lags Z.1: latest available quarter is 2026:Q1, not 2026:Q2 (DFA 'Last Update' on the Fed site was 18 Jun 2026; next EFA update scheduled 18 Sep 2026 per the Sept-2026 Z.1 Recent Developments page)."
2022:Q3,TopPt1,Top 0.1%,7443.8,22.88,"DFA 'networth' distribution, dfa-networth-levels-detail.csv, column 'Corporate equities and mutual fund shares'",https://www.federalreserve.gov/releases/z1/dataviz/download/zips/dfa.zip,"STOCK (level, $bn), NOT a flow -- DFA publishes wealth LEVELS only, no flow/valuation split by wealth group. Definition excludes equities/MF shares owned through DC pensions (matches Z.1 household corporate-equities+MF concept). DFA lags Z.1: latest available quarter is 2026:Q1, not 2026:Q2 (DFA 'Last Update' on the Fed site was 18 Jun 2026; next EFA update scheduled 18 Sep 2026 per the Sept-2026 Z.1 Recent Developments page)."
2022:Q3,RemainingTop1,Next 0.9% (99-99.9th pct),8465.6,26.02,"DFA 'networth' distribution, dfa-networth-levels-detail.csv, column 'Corporate equities and mutual fund shares'",https://www.federalreserve.gov/releases/z1/dataviz/download/zips/dfa.zip,"STOCK (level, $bn), NOT a flow -- DFA publishes wealth LEVELS only, no flow/valuation split by wealth group. Definition excludes equities/MF shares owned through DC pensions (matches Z.1 household corporate-equities+MF concept). DFA lags Z.1: latest available quarter is 2026:Q1, not 2026:Q2 (DFA 'Last Update' on the Fed site was 18 Jun 2026; next EFA update scheduled 18 Sep 2026 per the Sept-2026 Z.1 Recent Developments page)."
2022:Q3,Next9,Next 9% (90-99th pct),12245.8,37.64,"DFA 'networth' distribution, dfa-networth-levels-detail.csv, column 'Corporate equities and mutual fund shares'",https://www.federalreserve.gov/releases/z1/dataviz/download/zips/dfa.zip,"STOCK (level, $bn), NOT a flow -- DFA publishes wealth LEVELS only, no flow/valuation split by wealth group. Definition excludes equities/MF shares owned through DC pensions (matches Z.1 household corporate-equities+MF concept). DFA lags Z.1: latest available quarter is 2026:Q1, not 2026:Q2 (DFA 'Last Update' on the Fed site was 18 Jun 2026; next EFA update scheduled 18 Sep 2026 per the Sept-2026 Z.1 Recent Developments page)."
2022:Q3,Next40,Next 40% (50-90th pct),4054.2,12.46,"DFA 'networth' distribution, dfa-networth-levels-detail.csv, column 'Corporate equities and mutual fund shares'",https://www.federalreserve.gov/releases/z1/dataviz/download/zips/dfa.zip,"STOCK (level, $bn), NOT a flow -- DFA publishes wealth LEVELS only, no flow/valuation split by wealth group. Definition excludes equities/MF shares owned through DC pensions (matches Z.1 household corporate-equities+MF concept). DFA lags Z.1: latest available quarter is 2026:Q1, not 2026:Q2 (DFA 'Last Update' on the Fed site was 18 Jun 2026; next EFA update scheduled 18 Sep 2026 per the Sept-2026 Z.1 Recent Developments page)."
2022:Q3,Bottom50,Bottom 50%,321.6,0.99,"DFA 'networth' distribution, dfa-networth-levels-detail.csv, column 'Corporate equities and mutual fund shares'",https://www.federalreserve.gov/releases/z1/dataviz/download/zips/dfa.zip,"STOCK (level, $bn), NOT a flow -- DFA publishes wealth LEVELS only, no flow/valuation split by wealth group. Definition excludes equities/MF shares owned through DC pensions (matches Z.1 household corporate-equities+MF concept). DFA lags Z.1: latest available quarter is 2026:Q1, not 2026:Q2 (DFA 'Last Update' on the Fed site was 18 Jun 2026; next EFA update scheduled 18 Sep 2026 per the Sept-2026 Z.1 Recent Developments page)."
2022:Q4,TopPt1,Top 0.1%,7871.3,23.02,"DFA 'networth' distribution, dfa-networth-levels-detail.csv, column 'Corporate equities and mutual fund shares'",https://www.federalreserve.gov/releases/z1/dataviz/download/zips/dfa.zip,"STOCK (level, $bn), NOT a flow -- DFA publishes wealth LEVELS only, no flow/valuation split by wealth group. Definition excludes equities/MF shares owned through DC pensions (matches Z.1 household corporate-equities+MF concept). DFA lags Z.1: latest available quarter is 2026:Q1, not 2026:Q2 (DFA 'Last Update' on the Fed site was 18 Jun 2026; next EFA update scheduled 18 Sep 2026 per the Sept-2026 Z.1 Recent Developments page)."
2022:Q4,RemainingTop1,Next 0.9% (99-99.9th pct),8894.5,26.02,"DFA 'networth' distribution, dfa-networth-levels-detail.csv, column 'Corporate equities and mutual fund shares'",https://www.federalreserve.gov/releases/z1/dataviz/download/zips/dfa.zip,"STOCK (level, $bn), NOT a flow -- DFA publishes wealth LEVELS only, no flow/valuation split by wealth group. Definition excludes equities/MF shares owned through DC pensions (matches Z.1 household corporate-equities+MF concept). DFA lags Z.1: latest available quarter is 2026:Q1, not 2026:Q2 (DFA 'Last Update' on the Fed site was 18 Jun 2026; next EFA update scheduled 18 Sep 2026 per the Sept-2026 Z.1 Recent Developments page)."
2022:Q4,Next9,Next 9% (90-99th pct),12853.5,37.6,"DFA 'networth' distribution, dfa-networth-levels-detail.csv, column 'Corporate equities and mutual fund shares'",https://www.federalreserve.gov/releases/z1/dataviz/download/zips/dfa.zip,"STOCK (level, $bn), NOT a flow -- DFA publishes wealth LEVELS only, no flow/valuation split by wealth group. Definition excludes equities/MF shares owned through DC pensions (matches Z.1 household corporate-equities+MF concept). DFA lags Z.1: latest available quarter is 2026:Q1, not 2026:Q2 (DFA 'Last Update' on the Fed site was 18 Jun 2026; next EFA update scheduled 18 Sep 2026 per the Sept-2026 Z.1 Recent Developments page)."
2022:Q4,Next40,Next 40% (50-90th pct),4229.0,12.37,"DFA 'networth' distribution, dfa-networth-levels-detail.csv, column 'Corporate equities and mutual fund shares'",https://www.federalreserve.gov/releases/z1/dataviz/download/zips/dfa.zip,"STOCK (level, $bn), NOT a flow -- DFA publishes wealth LEVELS only, no flow/valuation split by wealth group. Definition excludes equities/MF shares owned through DC pensions (matches Z.1 household corporate-equities+MF concept). DFA lags Z.1: latest available quarter is 2026:Q1, not 2026:Q2 (DFA 'Last Update' on the Fed site was 18 Jun 2026; next EFA update scheduled 18 Sep 2026 per the Sept-2026 Z.1 Recent Developments page)."
2022:Q4,Bottom50,Bottom 50%,340.8,1.0,"DFA 'networth' distribution, dfa-networth-levels-detail.csv, column 'Corporate equities and mutual fund shares'",https://www.federalreserve.gov/releases/z1/dataviz/download/zips/dfa.zip,"STOCK (level, $bn), NOT a flow -- DFA publishes wealth LEVELS only, no flow/valuation split by wealth group. Definition excludes equities/MF shares owned through DC pensions (matches Z.1 household corporate-equities+MF concept). DFA lags Z.1: latest available quarter is 2026:Q1, not 2026:Q2 (DFA 'Last Update' on the Fed site was 18 Jun 2026; next EFA update scheduled 18 Sep 2026 per the Sept-2026 Z.1 Recent Developments page)."
2023:Q1,TopPt1,Top 0.1%,8410.1,23.18,"DFA 'networth' distribution, dfa-networth-levels-detail.csv, column 'Corporate equities and mutual fund shares'",https://www.federalreserve.gov/releases/z1/dataviz/download/zips/dfa.zip,"STOCK (level, $bn), NOT a flow -- DFA publishes wealth LEVELS only, no flow/valuation split by wealth group. Definition excludes equities/MF shares owned through DC pensions (matches Z.1 household corporate-equities+MF concept). DFA lags Z.1: latest available quarter is 2026:Q1, not 2026:Q2 (DFA 'Last Update' on the Fed site was 18 Jun 2026; next EFA update scheduled 18 Sep 2026 per the Sept-2026 Z.1 Recent Developments page)."
2023:Q1,RemainingTop1,Next 0.9% (99-99.9th pct),9434.1,26.01,"DFA 'networth' distribution, dfa-networth-levels-detail.csv, column 'Corporate equities and mutual fund shares'",https://www.federalreserve.gov/releases/z1/dataviz/download/zips/dfa.zip,"STOCK (level, $bn), NOT a flow -- DFA publishes wealth LEVELS only, no flow/valuation split by wealth group. Definition excludes equities/MF shares owned through DC pensions (matches Z.1 household corporate-equities+MF concept). DFA lags Z.1: latest available quarter is 2026:Q1, not 2026:Q2 (DFA 'Last Update' on the Fed site was 18 Jun 2026; next EFA update scheduled 18 Sep 2026 per the Sept-2026 Z.1 Recent Developments page)."
2023:Q1,Next9,Next 9% (90-99th pct),13617.8,37.54,"DFA 'networth' distribution, dfa-networth-levels-detail.csv, column 'Corporate equities and mutual fund shares'",https://www.federalreserve.gov/releases/z1/dataviz/download/zips/dfa.zip,"STOCK (level, $bn), NOT a flow -- DFA publishes wealth LEVELS only, no flow/valuation split by wealth group. Definition excludes equities/MF shares owned through DC pensions (matches Z.1 household corporate-equities+MF concept). DFA lags Z.1: latest available quarter is 2026:Q1, not 2026:Q2 (DFA 'Last Update' on the Fed site was 18 Jun 2026; next EFA update scheduled 18 Sep 2026 per the Sept-2026 Z.1 Recent Developments page)."
2023:Q1,Next40,Next 40% (50-90th pct),4448.4,12.26,"DFA 'networth' distribution, dfa-networth-levels-detail.csv, column 'Corporate equities and mutual fund shares'",https://www.federalreserve.gov/releases/z1/dataviz/download/zips/dfa.zip,"STOCK (level, $bn), NOT a flow -- DFA publishes wealth LEVELS only, no flow/valuation split by wealth group. Definition excludes equities/MF shares owned through DC pensions (matches Z.1 household corporate-equities+MF concept). DFA lags Z.1: latest available quarter is 2026:Q1, not 2026:Q2 (DFA 'Last Update' on the Fed site was 18 Jun 2026; next EFA update scheduled 18 Sep 2026 per the Sept-2026 Z.1 Recent Developments page)."
2023:Q1,Bottom50,Bottom 50%,365.1,1.01,"DFA 'networth' distribution, dfa-networth-levels-detail.csv, column 'Corporate equities and mutual fund shares'",https://www.federalreserve.gov/releases/z1/dataviz/download/zips/dfa.zip,"STOCK (level, $bn), NOT a flow -- DFA publishes wealth LEVELS only, no flow/valuation split by wealth group. Definition excludes equities/MF shares owned through DC pensions (matches Z.1 household corporate-equities+MF concept). DFA lags Z.1: latest available quarter is 2026:Q1, not 2026:Q2 (DFA 'Last Update' on the Fed site was 18 Jun 2026; next EFA update scheduled 18 Sep 2026 per the Sept-2026 Z.1 Recent Developments page)."
2023:Q2,TopPt1,Top 0.1%,8955.9,23.34,"DFA 'networth' distribution, dfa-networth-levels-detail.csv, column 'Corporate equities and mutual fund shares'",https://www.federalreserve.gov/releases/z1/dataviz/download/zips/dfa.zip,"STOCK (level, $bn), NOT a flow -- DFA publishes wealth LEVELS only, no flow/valuation split by wealth group. Definition excludes equities/MF shares owned through DC pensions (matches Z.1 household corporate-equities+MF concept). DFA lags Z.1: latest available quarter is 2026:Q1, not 2026:Q2 (DFA 'Last Update' on the Fed site was 18 Jun 2026; next EFA update scheduled 18 Sep 2026 per the Sept-2026 Z.1 Recent Developments page)."
2023:Q2,RemainingTop1,Next 0.9% (99-99.9th pct),9976.9,26.0,"DFA 'networth' distribution, dfa-networth-levels-detail.csv, column 'Corporate equities and mutual fund shares'",https://www.federalreserve.gov/releases/z1/dataviz/download/zips/dfa.zip,"STOCK (level, $bn), NOT a flow -- DFA publishes wealth LEVELS only, no flow/valuation split by wealth group. Definition excludes equities/MF shares owned through DC pensions (matches Z.1 household corporate-equities+MF concept). DFA lags Z.1: latest available quarter is 2026:Q1, not 2026:Q2 (DFA 'Last Update' on the Fed site was 18 Jun 2026; next EFA update scheduled 18 Sep 2026 per the Sept-2026 Z.1 Recent Developments page)."
2023:Q2,Next9,Next 9% (90-99th pct),14385.6,37.49,"DFA 'networth' distribution, dfa-networth-levels-detail.csv, column 'Corporate equities and mutual fund shares'",https://www.federalreserve.gov/releases/z1/dataviz/download/zips/dfa.zip,"STOCK (level, $bn), NOT a flow -- DFA publishes wealth LEVELS only, no flow/valuation split by wealth group. Definition excludes equities/MF shares owned through DC pensions (matches Z.1 household corporate-equities+MF concept). DFA lags Z.1: latest available quarter is 2026:Q1, not 2026:Q2 (DFA 'Last Update' on the Fed site was 18 Jun 2026; next EFA update scheduled 18 Sep 2026 per the Sept-2026 Z.1 Recent Developments page)."
2023:Q2,Next40,Next 40% (50-90th pct),4666.7,12.16,"DFA 'networth' distribution, dfa-networth-levels-detail.csv, column 'Corporate equities and mutual fund shares'",https://www.federalreserve.gov/releases/z1/dataviz/download/zips/dfa.zip,"STOCK (level, $bn), NOT a flow -- DFA publishes wealth LEVELS only, no flow/valuation split by wealth group. Definition excludes equities/MF shares owned through DC pensions (matches Z.1 household corporate-equities+MF concept). DFA lags Z.1: latest available quarter is 2026:Q1, not 2026:Q2 (DFA 'Last Update' on the Fed site was 18 Jun 2026; next EFA update scheduled 18 Sep 2026 per the Sept-2026 Z.1 Recent Developments page)."
2023:Q2,Bottom50,Bottom 50%,389.7,1.02,"DFA 'networth' distribution, dfa-networth-levels-detail.csv, column 'Corporate equities and mutual fund shares'",https://www.federalreserve.gov/releases/z1/dataviz/download/zips/dfa.zip,"STOCK (level, $bn), NOT a flow -- DFA publishes wealth LEVELS only, no flow/valuation split by wealth group. Definition excludes equities/MF shares owned through DC pensions (matches Z.1 household corporate-equities+MF concept). DFA lags Z.1: latest available quarter is 2026:Q1, not 2026:Q2 (DFA 'Last Update' on the Fed site was 18 Jun 2026; next EFA update scheduled 18 Sep 2026 per the Sept-2026 Z.1 Recent Developments page)."
2023:Q3,TopPt1,Top 0.1%,8598.6,23.24,"DFA 'networth' distribution, dfa-networth-levels-detail.csv, column 'Corporate equities and mutual fund shares'",https://www.federalreserve.gov/releases/z1/dataviz/download/zips/dfa.zip,"STOCK (level, $bn), NOT a flow -- DFA publishes wealth LEVELS only, no flow/valuation split by wealth group. Definition excludes equities/MF shares owned through DC pensions (matches Z.1 household corporate-equities+MF concept). DFA lags Z.1: latest available quarter is 2026:Q1, not 2026:Q2 (DFA 'Last Update' on the Fed site was 18 Jun 2026; next EFA update scheduled 18 Sep 2026 per the Sept-2026 Z.1 Recent Developments page)."
2023:Q3,RemainingTop1,Next 0.9% (99-99.9th pct),9621.9,26.0,"DFA 'networth' distribution, dfa-networth-levels-detail.csv, column 'Corporate equities and mutual fund shares'",https://www.federalreserve.gov/releases/z1/dataviz/download/zips/dfa.zip,"STOCK (level, $bn), NOT a flow -- DFA publishes wealth LEVELS only, no flow/valuation split by wealth group. Definition excludes equities/MF shares owned through DC pensions (matches Z.1 household corporate-equities+MF concept). DFA lags Z.1: latest available quarter is 2026:Q1, not 2026:Q2 (DFA 'Last Update' on the Fed site was 18 Jun 2026; next EFA update scheduled 18 Sep 2026 per the Sept-2026 Z.1 Recent Developments page)."
2023:Q3,Next9,Next 9% (90-99th pct),13883.6,37.52,"DFA 'networth' distribution, dfa-networth-levels-detail.csv, column 'Corporate equities and mutual fund shares'",https://www.federalreserve.gov/releases/z1/dataviz/download/zips/dfa.zip,"STOCK (level, $bn), NOT a flow -- DFA publishes wealth LEVELS only, no flow/valuation split by wealth group. Definition excludes equities/MF shares owned through DC pensions (matches Z.1 household corporate-equities+MF concept). DFA lags Z.1: latest available quarter is 2026:Q1, not 2026:Q2 (DFA 'Last Update' on the Fed site was 18 Jun 2026; next EFA update scheduled 18 Sep 2026 per the Sept-2026 Z.1 Recent Developments page)."
2023:Q3,Next40,Next 40% (50-90th pct),4524.1,12.23,"DFA 'networth' distribution, dfa-networth-levels-detail.csv, column 'Corporate equities and mutual fund shares'",https://www.federalreserve.gov/releases/z1/dataviz/download/zips/dfa.zip,"STOCK (level, $bn), NOT a flow -- DFA publishes wealth LEVELS only, no flow/valuation split by wealth group. Definition excludes equities/MF shares owned through DC pensions (matches Z.1 household corporate-equities+MF concept). DFA lags Z.1: latest available quarter is 2026:Q1, not 2026:Q2 (DFA 'Last Update' on the Fed site was 18 Jun 2026; next EFA update scheduled 18 Sep 2026 per the Sept-2026 Z.1 Recent Developments page)."
2023:Q3,Bottom50,Bottom 50%,373.6,1.01,"DFA 'networth' distribution, dfa-networth-levels-detail.csv, column 'Corporate equities and mutual fund shares'",https://www.federalreserve.gov/releases/z1/dataviz/download/zips/dfa.zip,"STOCK (level, $bn), NOT a flow -- DFA publishes wealth LEVELS only, no flow/valuation split by wealth group. Definition excludes equities/MF shares owned through DC pensions (matches Z.1 household corporate-equities+MF concept). DFA lags Z.1: latest available quarter is 2026:Q1, not 2026:Q2 (DFA 'Last Update' on the Fed site was 18 Jun 2026; next EFA update scheduled 18 Sep 2026 per the Sept-2026 Z.1 Recent Developments page)."
2023:Q4,TopPt1,Top 0.1%,9515.0,23.48,"DFA 'networth' distribution, dfa-networth-levels-detail.csv, column 'Corporate equities and mutual fund shares'",https://www.federalreserve.gov/releases/z1/dataviz/download/zips/dfa.zip,"STOCK (level, $bn), NOT a flow -- DFA publishes wealth LEVELS only, no flow/valuation split by wealth group. Definition excludes equities/MF shares owned through DC pensions (matches Z.1 household corporate-equities+MF concept). DFA lags Z.1: latest available quarter is 2026:Q1, not 2026:Q2 (DFA 'Last Update' on the Fed site was 18 Jun 2026; next EFA update scheduled 18 Sep 2026 per the Sept-2026 Z.1 Recent Developments page)."
2023:Q4,RemainingTop1,Next 0.9% (99-99.9th pct),10530.5,25.99,"DFA 'networth' distribution, dfa-networth-levels-detail.csv, column 'Corporate equities and mutual fund shares'",https://www.federalreserve.gov/releases/z1/dataviz/download/zips/dfa.zip,"STOCK (level, $bn), NOT a flow -- DFA publishes wealth LEVELS only, no flow/valuation split by wealth group. Definition excludes equities/MF shares owned through DC pensions (matches Z.1 household corporate-equities+MF concept). DFA lags Z.1: latest available quarter is 2026:Q1, not 2026:Q2 (DFA 'Last Update' on the Fed site was 18 Jun 2026; next EFA update scheduled 18 Sep 2026 per the Sept-2026 Z.1 Recent Developments page)."
2023:Q4,Next9,Next 9% (90-99th pct),15168.2,37.44,"DFA 'networth' distribution, dfa-networth-levels-detail.csv, column 'Corporate equities and mutual fund shares'",https://www.federalreserve.gov/releases/z1/dataviz/download/zips/dfa.zip,"STOCK (level, $bn), NOT a flow -- DFA publishes wealth LEVELS only, no flow/valuation split by wealth group. Definition excludes equities/MF shares owned through DC pensions (matches Z.1 household corporate-equities+MF concept). DFA lags Z.1: latest available quarter is 2026:Q1, not 2026:Q2 (DFA 'Last Update' on the Fed site was 18 Jun 2026; next EFA update scheduled 18 Sep 2026 per the Sept-2026 Z.1 Recent Developments page)."
2023:Q4,Next40,Next 40% (50-90th pct),4888.0,12.06,"DFA 'networth' distribution, dfa-networth-levels-detail.csv, column 'Corporate equities and mutual fund shares'",https://www.federalreserve.gov/releases/z1/dataviz/download/zips/dfa.zip,"STOCK (level, $bn), NOT a flow -- DFA publishes wealth LEVELS only, no flow/valuation split by wealth group. Definition excludes equities/MF shares owned through DC pensions (matches Z.1 household corporate-equities+MF concept). DFA lags Z.1: latest available quarter is 2026:Q1, not 2026:Q2 (DFA 'Last Update' on the Fed site was 18 Jun 2026; next EFA update scheduled 18 Sep 2026 per the Sept-2026 Z.1 Recent Developments page)."
2023:Q4,Bottom50,Bottom 50%,414.9,1.02,"DFA 'networth' distribution, dfa-networth-levels-detail.csv, column 'Corporate equities and mutual fund shares'",https://www.federalreserve.gov/releases/z1/dataviz/download/zips/dfa.zip,"STOCK (level, $bn), NOT a flow -- DFA publishes wealth LEVELS only, no flow/valuation split by wealth group. Definition excludes equities/MF shares owned through DC pensions (matches Z.1 household corporate-equities+MF concept). DFA lags Z.1: latest available quarter is 2026:Q1, not 2026:Q2 (DFA 'Last Update' on the Fed site was 18 Jun 2026; next EFA update scheduled 18 Sep 2026 per the Sept-2026 Z.1 Recent Developments page)."
2024:Q1,TopPt1,Top 0.1%,10429.5,23.69,"DFA 'networth' distribution, dfa-networth-levels-detail.csv, column 'Corporate equities and mutual fund shares'",https://www.federalreserve.gov/releases/z1/dataviz/download/zips/dfa.zip,"STOCK (level, $bn), NOT a flow -- DFA publishes wealth LEVELS only, no flow/valuation split by wealth group. Definition excludes equities/MF shares owned through DC pensions (matches Z.1 household corporate-equities+MF concept). DFA lags Z.1: latest available quarter is 2026:Q1, not 2026:Q2 (DFA 'Last Update' on the Fed site was 18 Jun 2026; next EFA update scheduled 18 Sep 2026 per the Sept-2026 Z.1 Recent Developments page)."
2024:Q1,RemainingTop1,Next 0.9% (99-99.9th pct),11437.4,25.98,"DFA 'networth' distribution, dfa-networth-levels-detail.csv, column 'Corporate equities and mutual fund shares'",https://www.federalreserve.gov/releases/z1/dataviz/download/zips/dfa.zip,"STOCK (level, $bn), NOT a flow -- DFA publishes wealth LEVELS only, no flow/valuation split by wealth group. Definition excludes equities/MF shares owned through DC pensions (matches Z.1 household corporate-equities+MF concept). DFA lags Z.1: latest available quarter is 2026:Q1, not 2026:Q2 (DFA 'Last Update' on the Fed site was 18 Jun 2026; next EFA update scheduled 18 Sep 2026 per the Sept-2026 Z.1 Recent Developments page)."
2024:Q1,Next9,Next 9% (90-99th pct),16450.4,37.37,"DFA 'networth' distribution, dfa-networth-levels-detail.csv, column 'Corporate equities and mutual fund shares'",https://www.federalreserve.gov/releases/z1/dataviz/download/zips/dfa.zip,"STOCK (level, $bn), NOT a flow -- DFA publishes wealth LEVELS only, no flow/valuation split by wealth group. Definition excludes equities/MF shares owned through DC pensions (matches Z.1 household corporate-equities+MF concept). DFA lags Z.1: latest available quarter is 2026:Q1, not 2026:Q2 (DFA 'Last Update' on the Fed site was 18 Jun 2026; next EFA update scheduled 18 Sep 2026 per the Sept-2026 Z.1 Recent Developments page)."
2024:Q1,Next40,Next 40% (50-90th pct),5251.3,11.93,"DFA 'networth' distribution, dfa-networth-levels-detail.csv, column 'Corporate equities and mutual fund shares'",https://www.federalreserve.gov/releases/z1/dataviz/download/zips/dfa.zip,"STOCK (level, $bn), NOT a flow -- DFA publishes wealth LEVELS only, no flow/valuation split by wealth group. Definition excludes equities/MF shares owned through DC pensions (matches Z.1 household corporate-equities+MF concept). DFA lags Z.1: latest available quarter is 2026:Q1, not 2026:Q2 (DFA 'Last Update' on the Fed site was 18 Jun 2026; next EFA update scheduled 18 Sep 2026 per the Sept-2026 Z.1 Recent Developments page)."
2024:Q1,Bottom50,Bottom 50%,456.2,1.04,"DFA 'networth' distribution, dfa-networth-levels-detail.csv, column 'Corporate equities and mutual fund shares'",https://www.federalreserve.gov/releases/z1/dataviz/download/zips/dfa.zip,"STOCK (level, $bn), NOT a flow -- DFA publishes wealth LEVELS only, no flow/valuation split by wealth group. Definition excludes equities/MF shares owned through DC pensions (matches Z.1 household corporate-equities+MF concept). DFA lags Z.1: latest available quarter is 2026:Q1, not 2026:Q2 (DFA 'Last Update' on the Fed site was 18 Jun 2026; next EFA update scheduled 18 Sep 2026 per the Sept-2026 Z.1 Recent Developments page)."
2024:Q2,TopPt1,Top 0.1%,10636.0,23.73,"DFA 'networth' distribution, dfa-networth-levels-detail.csv, column 'Corporate equities and mutual fund shares'",https://www.federalreserve.gov/releases/z1/dataviz/download/zips/dfa.zip,"STOCK (level, $bn), NOT a flow -- DFA publishes wealth LEVELS only, no flow/valuation split by wealth group. Definition excludes equities/MF shares owned through DC pensions (matches Z.1 household corporate-equities+MF concept). DFA lags Z.1: latest available quarter is 2026:Q1, not 2026:Q2 (DFA 'Last Update' on the Fed site was 18 Jun 2026; next EFA update scheduled 18 Sep 2026 per the Sept-2026 Z.1 Recent Developments page)."
2024:Q2,RemainingTop1,Next 0.9% (99-99.9th pct),11643.4,25.98,"DFA 'networth' distribution, dfa-networth-levels-detail.csv, column 'Corporate equities and mutual fund shares'",https://www.federalreserve.gov/releases/z1/dataviz/download/zips/dfa.zip,"STOCK (level, $bn), NOT a flow -- DFA publishes wealth LEVELS only, no flow/valuation split by wealth group. Definition excludes equities/MF shares owned through DC pensions (matches Z.1 household corporate-equities+MF concept). DFA lags Z.1: latest available quarter is 2026:Q1, not 2026:Q2 (DFA 'Last Update' on the Fed site was 18 Jun 2026; next EFA update scheduled 18 Sep 2026 per the Sept-2026 Z.1 Recent Developments page)."
2024:Q2,Next9,Next 9% (90-99th pct),16742.0,37.35,"DFA 'networth' distribution, dfa-networth-levels-detail.csv, column 'Corporate equities and mutual fund shares'",https://www.federalreserve.gov/releases/z1/dataviz/download/zips/dfa.zip,"STOCK (level, $bn), NOT a flow -- DFA publishes wealth LEVELS only, no flow/valuation split by wealth group. Definition excludes equities/MF shares owned through DC pensions (matches Z.1 household corporate-equities+MF concept). DFA lags Z.1: latest available quarter is 2026:Q1, not 2026:Q2 (DFA 'Last Update' on the Fed site was 18 Jun 2026; next EFA update scheduled 18 Sep 2026 per the Sept-2026 Z.1 Recent Developments page)."
2024:Q2,Next40,Next 40% (50-90th pct),5334.5,11.9,"DFA 'networth' distribution, dfa-networth-levels-detail.csv, column 'Corporate equities and mutual fund shares'",https://www.federalreserve.gov/releases/z1/dataviz/download/zips/dfa.zip,"STOCK (level, $bn), NOT a flow -- DFA publishes wealth LEVELS only, no flow/valuation split by wealth group. Definition excludes equities/MF shares owned through DC pensions (matches Z.1 household corporate-equities+MF concept). DFA lags Z.1: latest available quarter is 2026:Q1, not 2026:Q2 (DFA 'Last Update' on the Fed site was 18 Jun 2026; next EFA update scheduled 18 Sep 2026 per the Sept-2026 Z.1 Recent Developments page)."
2024:Q2,Bottom50,Bottom 50%,465.5,1.04,"DFA 'networth' distribution, dfa-networth-levels-detail.csv, column 'Corporate equities and mutual fund shares'",https://www.federalreserve.gov/releases/z1/dataviz/download/zips/dfa.zip,"STOCK (level, $bn), NOT a flow -- DFA publishes wealth LEVELS only, no flow/valuation split by wealth group. Definition excludes equities/MF shares owned through DC pensions (matches Z.1 household corporate-equities+MF concept). DFA lags Z.1: latest available quarter is 2026:Q1, not 2026:Q2 (DFA 'Last Update' on the Fed site was 18 Jun 2026; next EFA update scheduled 18 Sep 2026 per the Sept-2026 Z.1 Recent Developments page)."
2024:Q3,TopPt1,Top 0.1%,11433.1,23.89,"DFA 'networth' distribution, dfa-networth-levels-detail.csv, column 'Corporate equities and mutual fund shares'",https://www.federalreserve.gov/releases/z1/dataviz/download/zips/dfa.zip,"STOCK (level, $bn), NOT a flow -- DFA publishes wealth LEVELS only, no flow/valuation split by wealth group. Definition excludes equities/MF shares owned through DC pensions (matches Z.1 household corporate-equities+MF concept). DFA lags Z.1: latest available quarter is 2026:Q1, not 2026:Q2 (DFA 'Last Update' on the Fed site was 18 Jun 2026; next EFA update scheduled 18 Sep 2026 per the Sept-2026 Z.1 Recent Developments page)."
2024:Q3,RemainingTop1,Next 0.9% (99-99.9th pct),12429.9,25.97,"DFA 'networth' distribution, dfa-networth-levels-detail.csv, column 'Corporate equities and mutual fund shares'",https://www.federalreserve.gov/releases/z1/dataviz/download/zips/dfa.zip,"STOCK (level, $bn), NOT a flow -- DFA publishes wealth LEVELS only, no flow/valuation split by wealth group. Definition excludes equities/MF shares owned through DC pensions (matches Z.1 household corporate-equities+MF concept). DFA lags Z.1: latest available quarter is 2026:Q1, not 2026:Q2 (DFA 'Last Update' on the Fed site was 18 Jun 2026; next EFA update scheduled 18 Sep 2026 per the Sept-2026 Z.1 Recent Developments page)."
2024:Q3,Next9,Next 9% (90-99th pct),17853.0,37.3,"DFA 'networth' distribution, dfa-networth-levels-detail.csv, column 'Corporate equities and mutual fund shares'",https://www.federalreserve.gov/releases/z1/dataviz/download/zips/dfa.zip,"STOCK (level, $bn), NOT a flow -- DFA publishes wealth LEVELS only, no flow/valuation split by wealth group. Definition excludes equities/MF shares owned through DC pensions (matches Z.1 household corporate-equities+MF concept). DFA lags Z.1: latest available quarter is 2026:Q1, not 2026:Q2 (DFA 'Last Update' on the Fed site was 18 Jun 2026; next EFA update scheduled 18 Sep 2026 per the Sept-2026 Z.1 Recent Developments page)."
2024:Q3,Next40,Next 40% (50-90th pct),5647.2,11.8,"DFA 'networth' distribution, dfa-networth-levels-detail.csv, column 'Corporate equities and mutual fund shares'",https://www.federalreserve.gov/releases/z1/dataviz/download/zips/dfa.zip,"STOCK (level, $bn), NOT a flow -- DFA publishes wealth LEVELS only, no flow/valuation split by wealth group. Definition excludes equities/MF shares owned through DC pensions (matches Z.1 household corporate-equities+MF concept). DFA lags Z.1: latest available quarter is 2026:Q1, not 2026:Q2 (DFA 'Last Update' on the Fed site was 18 Jun 2026; next EFA update scheduled 18 Sep 2026 per the Sept-2026 Z.1 Recent Developments page)."
2024:Q3,Bottom50,Bottom 50%,501.5,1.05,"DFA 'networth' distribution, dfa-networth-levels-detail.csv, column 'Corporate equities and mutual fund shares'",https://www.federalreserve.gov/releases/z1/dataviz/download/zips/dfa.zip,"STOCK (level, $bn), NOT a flow -- DFA publishes wealth LEVELS only, no flow/valuation split by wealth group. Definition excludes equities/MF shares owned through DC pensions (matches Z.1 household corporate-equities+MF concept). DFA lags Z.1: latest available quarter is 2026:Q1, not 2026:Q2 (DFA 'Last Update' on the Fed site was 18 Jun 2026; next EFA update scheduled 18 Sep 2026 per the Sept-2026 Z.1 Recent Developments page)."
2024:Q4,TopPt1,Top 0.1%,11556.1,23.91,"DFA 'networth' distribution, dfa-networth-levels-detail.csv, column 'Corporate equities and mutual fund shares'",https://www.federalreserve.gov/releases/z1/dataviz/download/zips/dfa.zip,"STOCK (level, $bn), NOT a flow -- DFA publishes wealth LEVELS only, no flow/valuation split by wealth group. Definition excludes equities/MF shares owned through DC pensions (matches Z.1 household corporate-equities+MF concept). DFA lags Z.1: latest available quarter is 2026:Q1, not 2026:Q2 (DFA 'Last Update' on the Fed site was 18 Jun 2026; next EFA update scheduled 18 Sep 2026 per the Sept-2026 Z.1 Recent Developments page)."
2024:Q4,RemainingTop1,Next 0.9% (99-99.9th pct),12552.5,25.97,"DFA 'networth' distribution, dfa-networth-levels-detail.csv, column 'Corporate equities and mutual fund shares'",https://www.federalreserve.gov/releases/z1/dataviz/download/zips/dfa.zip,"STOCK (level, $bn), NOT a flow -- DFA publishes wealth LEVELS only, no flow/valuation split by wealth group. Definition excludes equities/MF shares owned through DC pensions (matches Z.1 household corporate-equities+MF concept). DFA lags Z.1: latest available quarter is 2026:Q1, not 2026:Q2 (DFA 'Last Update' on the Fed site was 18 Jun 2026; next EFA update scheduled 18 Sep 2026 per the Sept-2026 Z.1 Recent Developments page)."
2024:Q4,Next9,Next 9% (90-99th pct),18026.6,37.29,"DFA 'networth' distribution, dfa-networth-levels-detail.csv, column 'Corporate equities and mutual fund shares'",https://www.federalreserve.gov/releases/z1/dataviz/download/zips/dfa.zip,"STOCK (level, $bn), NOT a flow -- DFA publishes wealth LEVELS only, no flow/valuation split by wealth group. Definition excludes equities/MF shares owned through DC pensions (matches Z.1 household corporate-equities+MF concept). DFA lags Z.1: latest available quarter is 2026:Q1, not 2026:Q2 (DFA 'Last Update' on the Fed site was 18 Jun 2026; next EFA update scheduled 18 Sep 2026 per the Sept-2026 Z.1 Recent Developments page)."
2024:Q4,Next40,Next 40% (50-90th pct),5696.7,11.78,"DFA 'networth' distribution, dfa-networth-levels-detail.csv, column 'Corporate equities and mutual fund shares'",https://www.federalreserve.gov/releases/z1/dataviz/download/zips/dfa.zip,"STOCK (level, $bn), NOT a flow -- DFA publishes wealth LEVELS only, no flow/valuation split by wealth group. Definition excludes equities/MF shares owned through DC pensions (matches Z.1 household corporate-equities+MF concept). DFA lags Z.1: latest available quarter is 2026:Q1, not 2026:Q2 (DFA 'Last Update' on the Fed site was 18 Jun 2026; next EFA update scheduled 18 Sep 2026 per the Sept-2026 Z.1 Recent Developments page)."
2024:Q4,Bottom50,Bottom 50%,507.1,1.05,"DFA 'networth' distribution, dfa-networth-levels-detail.csv, column 'Corporate equities and mutual fund shares'",https://www.federalreserve.gov/releases/z1/dataviz/download/zips/dfa.zip,"STOCK (level, $bn), NOT a flow -- DFA publishes wealth LEVELS only, no flow/valuation split by wealth group. Definition excludes equities/MF shares owned through DC pensions (matches Z.1 household corporate-equities+MF concept). DFA lags Z.1: latest available quarter is 2026:Q1, not 2026:Q2 (DFA 'Last Update' on the Fed site was 18 Jun 2026; next EFA update scheduled 18 Sep 2026 per the Sept-2026 Z.1 Recent Developments page)."
2025:Q1,TopPt1,Top 0.1%,11305.6,23.84,"DFA 'networth' distribution, dfa-networth-levels-detail.csv, column 'Corporate equities and mutual fund shares'",https://www.federalreserve.gov/releases/z1/dataviz/download/zips/dfa.zip,"STOCK (level, $bn), NOT a flow -- DFA publishes wealth LEVELS only, no flow/valuation split by wealth group. Definition excludes equities/MF shares owned through DC pensions (matches Z.1 household corporate-equities+MF concept). DFA lags Z.1: latest available quarter is 2026:Q1, not 2026:Q2 (DFA 'Last Update' on the Fed site was 18 Jun 2026; next EFA update scheduled 18 Sep 2026 per the Sept-2026 Z.1 Recent Developments page)."
2025:Q1,RemainingTop1,Next 0.9% (99-99.9th pct),12314.4,25.97,"DFA 'networth' distribution, dfa-networth-levels-detail.csv, column 'Corporate equities and mutual fund shares'",https://www.federalreserve.gov/releases/z1/dataviz/download/zips/dfa.zip,"STOCK (level, $bn), NOT a flow -- DFA publishes wealth LEVELS only, no flow/valuation split by wealth group. Definition excludes equities/MF shares owned through DC pensions (matches Z.1 household corporate-equities+MF concept). DFA lags Z.1: latest available quarter is 2026:Q1, not 2026:Q2 (DFA 'Last Update' on the Fed site was 18 Jun 2026; next EFA update scheduled 18 Sep 2026 per the Sept-2026 Z.1 Recent Developments page)."
2025:Q1,Next9,Next 9% (90-99th pct),17692.6,37.31,"DFA 'networth' distribution, dfa-networth-levels-detail.csv, column 'Corporate equities and mutual fund shares'",https://www.federalreserve.gov/releases/z1/dataviz/download/zips/dfa.zip,"STOCK (level, $bn), NOT a flow -- DFA publishes wealth LEVELS only, no flow/valuation split by wealth group. Definition excludes equities/MF shares owned through DC pensions (matches Z.1 household corporate-equities+MF concept). DFA lags Z.1: latest available quarter is 2026:Q1, not 2026:Q2 (DFA 'Last Update' on the Fed site was 18 Jun 2026; next EFA update scheduled 18 Sep 2026 per the Sept-2026 Z.1 Recent Developments page)."
2025:Q1,Next40,Next 40% (50-90th pct),5607.7,11.83,"DFA 'networth' distribution, dfa-networth-levels-detail.csv, column 'Corporate equities and mutual fund shares'",https://www.federalreserve.gov/releases/z1/dataviz/download/zips/dfa.zip,"STOCK (level, $bn), NOT a flow -- DFA publishes wealth LEVELS only, no flow/valuation split by wealth group. Definition excludes equities/MF shares owned through DC pensions (matches Z.1 household corporate-equities+MF concept). DFA lags Z.1: latest available quarter is 2026:Q1, not 2026:Q2 (DFA 'Last Update' on the Fed site was 18 Jun 2026; next EFA update scheduled 18 Sep 2026 per the Sept-2026 Z.1 Recent Developments page)."
2025:Q1,Bottom50,Bottom 50%,495.6,1.05,"DFA 'networth' distribution, dfa-networth-levels-detail.csv, column 'Corporate equities and mutual fund shares'",https://www.federalreserve.gov/releases/z1/dataviz/download/zips/dfa.zip,"STOCK (level, $bn), NOT a flow -- DFA publishes wealth LEVELS only, no flow/valuation split by wealth group. Definition excludes equities/MF shares owned through DC pensions (matches Z.1 household corporate-equities+MF concept). DFA lags Z.1: latest available quarter is 2026:Q1, not 2026:Q2 (DFA 'Last Update' on the Fed site was 18 Jun 2026; next EFA update scheduled 18 Sep 2026 per the Sept-2026 Z.1 Recent Developments page)."
2025:Q2,TopPt1,Top 0.1%,12303.0,24.01,"DFA 'networth' distribution, dfa-networth-levels-detail.csv, column 'Corporate equities and mutual fund shares'",https://www.federalreserve.gov/releases/z1/dataviz/download/zips/dfa.zip,"STOCK (level, $bn), NOT a flow -- DFA publishes wealth LEVELS only, no flow/valuation split by wealth group. Definition excludes equities/MF shares owned through DC pensions (matches Z.1 household corporate-equities+MF concept). DFA lags Z.1: latest available quarter is 2026:Q1, not 2026:Q2 (DFA 'Last Update' on the Fed site was 18 Jun 2026; next EFA update scheduled 18 Sep 2026 per the Sept-2026 Z.1 Recent Developments page)."
2025:Q2,RemainingTop1,Next 0.9% (99-99.9th pct),13302.7,25.96,"DFA 'networth' distribution, dfa-networth-levels-detail.csv, column 'Corporate equities and mutual fund shares'",https://www.federalreserve.gov/releases/z1/dataviz/download/zips/dfa.zip,"STOCK (level, $bn), NOT a flow -- DFA publishes wealth LEVELS only, no flow/valuation split by wealth group. Definition excludes equities/MF shares owned through DC pensions (matches Z.1 household corporate-equities+MF concept). DFA lags Z.1: latest available quarter is 2026:Q1, not 2026:Q2 (DFA 'Last Update' on the Fed site was 18 Jun 2026; next EFA update scheduled 18 Sep 2026 per the Sept-2026 Z.1 Recent Developments page)."
2025:Q2,Next9,Next 9% (90-99th pct),19089.7,37.26,"DFA 'networth' distribution, dfa-networth-levels-detail.csv, column 'Corporate equities and mutual fund shares'",https://www.federalreserve.gov/releases/z1/dataviz/download/zips/dfa.zip,"STOCK (level, $bn), NOT a flow -- DFA publishes wealth LEVELS only, no flow/valuation split by wealth group. Definition excludes equities/MF shares owned through DC pensions (matches Z.1 household corporate-equities+MF concept). DFA lags Z.1: latest available quarter is 2026:Q1, not 2026:Q2 (DFA 'Last Update' on the Fed site was 18 Jun 2026; next EFA update scheduled 18 Sep 2026 per the Sept-2026 Z.1 Recent Developments page)."
2025:Q2,Next40,Next 40% (50-90th pct),6002.9,11.72,"DFA 'networth' distribution, dfa-networth-levels-detail.csv, column 'Corporate equities and mutual fund shares'",https://www.federalreserve.gov/releases/z1/dataviz/download/zips/dfa.zip,"STOCK (level, $bn), NOT a flow -- DFA publishes wealth LEVELS only, no flow/valuation split by wealth group. Definition excludes equities/MF shares owned through DC pensions (matches Z.1 household corporate-equities+MF concept). DFA lags Z.1: latest available quarter is 2026:Q1, not 2026:Q2 (DFA 'Last Update' on the Fed site was 18 Jun 2026; next EFA update scheduled 18 Sep 2026 per the Sept-2026 Z.1 Recent Developments page)."
2025:Q2,Bottom50,Bottom 50%,540.7,1.06,"DFA 'networth' distribution, dfa-networth-levels-detail.csv, column 'Corporate equities and mutual fund shares'",https://www.federalreserve.gov/releases/z1/dataviz/download/zips/dfa.zip,"STOCK (level, $bn), NOT a flow -- DFA publishes wealth LEVELS only, no flow/valuation split by wealth group. Definition excludes equities/MF shares owned through DC pensions (matches Z.1 household corporate-equities+MF concept). DFA lags Z.1: latest available quarter is 2026:Q1, not 2026:Q2 (DFA 'Last Update' on the Fed site was 18 Jun 2026; next EFA update scheduled 18 Sep 2026 per the Sept-2026 Z.1 Recent Developments page)."
2025:Q3,TopPt1,Top 0.1%,13318.8,24.17,"DFA 'networth' distribution, dfa-networth-levels-detail.csv, column 'Corporate equities and mutual fund shares'",https://www.federalreserve.gov/releases/z1/dataviz/download/zips/dfa.zip,"STOCK (level, $bn), NOT a flow -- DFA publishes wealth LEVELS only, no flow/valuation split by wealth group. Definition excludes equities/MF shares owned through DC pensions (matches Z.1 household corporate-equities+MF concept). DFA lags Z.1: latest available quarter is 2026:Q1, not 2026:Q2 (DFA 'Last Update' on the Fed site was 18 Jun 2026; next EFA update scheduled 18 Sep 2026 per the Sept-2026 Z.1 Recent Developments page)."
2025:Q3,RemainingTop1,Next 0.9% (99-99.9th pct),14303.0,25.95,"DFA 'networth' distribution, dfa-networth-levels-detail.csv, column 'Corporate equities and mutual fund shares'",https://www.federalreserve.gov/releases/z1/dataviz/download/zips/dfa.zip,"STOCK (level, $bn), NOT a flow -- DFA publishes wealth LEVELS only, no flow/valuation split by wealth group. Definition excludes equities/MF shares owned through DC pensions (matches Z.1 household corporate-equities+MF concept). DFA lags Z.1: latest available quarter is 2026:Q1, not 2026:Q2 (DFA 'Last Update' on the Fed site was 18 Jun 2026; next EFA update scheduled 18 Sep 2026 per the Sept-2026 Z.1 Recent Developments page)."
2025:Q3,Next9,Next 9% (90-99th pct),20502.2,37.2,"DFA 'networth' distribution, dfa-networth-levels-detail.csv, column 'Corporate equities and mutual fund shares'",https://www.federalreserve.gov/releases/z1/dataviz/download/zips/dfa.zip,"STOCK (level, $bn), NOT a flow -- DFA publishes wealth LEVELS only, no flow/valuation split by wealth group. Definition excludes equities/MF shares owned through DC pensions (matches Z.1 household corporate-equities+MF concept). DFA lags Z.1: latest available quarter is 2026:Q1, not 2026:Q2 (DFA 'Last Update' on the Fed site was 18 Jun 2026; next EFA update scheduled 18 Sep 2026 per the Sept-2026 Z.1 Recent Developments page)."
2025:Q3,Next40,Next 40% (50-90th pct),6399.4,11.61,"DFA 'networth' distribution, dfa-networth-levels-detail.csv, column 'Corporate equities and mutual fund shares'",https://www.federalreserve.gov/releases/z1/dataviz/download/zips/dfa.zip,"STOCK (level, $bn), NOT a flow -- DFA publishes wealth LEVELS only, no flow/valuation split by wealth group. Definition excludes equities/MF shares owned through DC pensions (matches Z.1 household corporate-equities+MF concept). DFA lags Z.1: latest available quarter is 2026:Q1, not 2026:Q2 (DFA 'Last Update' on the Fed site was 18 Jun 2026; next EFA update scheduled 18 Sep 2026 per the Sept-2026 Z.1 Recent Developments page)."
2025:Q3,Bottom50,Bottom 50%,586.6,1.06,"DFA 'networth' distribution, dfa-networth-levels-detail.csv, column 'Corporate equities and mutual fund shares'",https://www.federalreserve.gov/releases/z1/dataviz/download/zips/dfa.zip,"STOCK (level, $bn), NOT a flow -- DFA publishes wealth LEVELS only, no flow/valuation split by wealth group. Definition excludes equities/MF shares owned through DC pensions (matches Z.1 household corporate-equities+MF concept). DFA lags Z.1: latest available quarter is 2026:Q1, not 2026:Q2 (DFA 'Last Update' on the Fed site was 18 Jun 2026; next EFA update scheduled 18 Sep 2026 per the Sept-2026 Z.1 Recent Developments page)."
2025:Q4,TopPt1,Top 0.1%,13684.1,24.22,"DFA 'networth' distribution, dfa-networth-levels-detail.csv, column 'Corporate equities and mutual fund shares'",https://www.federalreserve.gov/releases/z1/dataviz/download/zips/dfa.zip,"STOCK (level, $bn), NOT a flow -- DFA publishes wealth LEVELS only, no flow/valuation split by wealth group. Definition excludes equities/MF shares owned through DC pensions (matches Z.1 household corporate-equities+MF concept). DFA lags Z.1: latest available quarter is 2026:Q1, not 2026:Q2 (DFA 'Last Update' on the Fed site was 18 Jun 2026; next EFA update scheduled 18 Sep 2026 per the Sept-2026 Z.1 Recent Developments page)."
2025:Q4,RemainingTop1,Next 0.9% (99-99.9th pct),14659.7,25.95,"DFA 'networth' distribution, dfa-networth-levels-detail.csv, column 'Corporate equities and mutual fund shares'",https://www.federalreserve.gov/releases/z1/dataviz/download/zips/dfa.zip,"STOCK (level, $bn), NOT a flow -- DFA publishes wealth LEVELS only, no flow/valuation split by wealth group. Definition excludes equities/MF shares owned through DC pensions (matches Z.1 household corporate-equities+MF concept). DFA lags Z.1: latest available quarter is 2026:Q1, not 2026:Q2 (DFA 'Last Update' on the Fed site was 18 Jun 2026; next EFA update scheduled 18 Sep 2026 per the Sept-2026 Z.1 Recent Developments page)."
2025:Q4,Next9,Next 9% (90-99th pct),21005.2,37.18,"DFA 'networth' distribution, dfa-networth-levels-detail.csv, column 'Corporate equities and mutual fund shares'",https://www.federalreserve.gov/releases/z1/dataviz/download/zips/dfa.zip,"STOCK (level, $bn), NOT a flow -- DFA publishes wealth LEVELS only, no flow/valuation split by wealth group. Definition excludes equities/MF shares owned through DC pensions (matches Z.1 household corporate-equities+MF concept). DFA lags Z.1: latest available quarter is 2026:Q1, not 2026:Q2 (DFA 'Last Update' on the Fed site was 18 Jun 2026; next EFA update scheduled 18 Sep 2026 per the Sept-2026 Z.1 Recent Developments page)."
2025:Q4,Next40,Next 40% (50-90th pct),6538.9,11.58,"DFA 'networth' distribution, dfa-networth-levels-detail.csv, column 'Corporate equities and mutual fund shares'",https://www.federalreserve.gov/releases/z1/dataviz/download/zips/dfa.zip,"STOCK (level, $bn), NOT a flow -- DFA publishes wealth LEVELS only, no flow/valuation split by wealth group. Definition excludes equities/MF shares owned through DC pensions (matches Z.1 household corporate-equities+MF concept). DFA lags Z.1: latest available quarter is 2026:Q1, not 2026:Q2 (DFA 'Last Update' on the Fed site was 18 Jun 2026; next EFA update scheduled 18 Sep 2026 per the Sept-2026 Z.1 Recent Developments page)."
2025:Q4,Bottom50,Bottom 50%,603.2,1.07,"DFA 'networth' distribution, dfa-networth-levels-detail.csv, column 'Corporate equities and mutual fund shares'",https://www.federalreserve.gov/releases/z1/dataviz/download/zips/dfa.zip,"STOCK (level, $bn), NOT a flow -- DFA publishes wealth LEVELS only, no flow/valuation split by wealth group. Definition excludes equities/MF shares owned through DC pensions (matches Z.1 household corporate-equities+MF concept). DFA lags Z.1: latest available quarter is 2026:Q1, not 2026:Q2 (DFA 'Last Update' on the Fed site was 18 Jun 2026; next EFA update scheduled 18 Sep 2026 per the Sept-2026 Z.1 Recent Developments page)."
2026:Q1,TopPt1,Top 0.1%,13331.5,24.17,"DFA 'networth' distribution, dfa-networth-levels-detail.csv, column 'Corporate equities and mutual fund shares'",https://www.federalreserve.gov/releases/z1/dataviz/download/zips/dfa.zip,"STOCK (level, $bn), NOT a flow -- DFA publishes wealth LEVELS only, no flow/valuation split by wealth group. Definition excludes equities/MF shares owned through DC pensions (matches Z.1 household corporate-equities+MF concept). DFA lags Z.1: latest available quarter is 2026:Q1, not 2026:Q2 (DFA 'Last Update' on the Fed site was 18 Jun 2026; next EFA update scheduled 18 Sep 2026 per the Sept-2026 Z.1 Recent Developments page)."
2026:Q1,RemainingTop1,Next 0.9% (99-99.9th pct),14312.1,25.95,"DFA 'networth' distribution, dfa-networth-levels-detail.csv, column 'Corporate equities and mutual fund shares'",https://www.federalreserve.gov/releases/z1/dataviz/download/zips/dfa.zip,"STOCK (level, $bn), NOT a flow -- DFA publishes wealth LEVELS only, no flow/valuation split by wealth group. Definition excludes equities/MF shares owned through DC pensions (matches Z.1 household corporate-equities+MF concept). DFA lags Z.1: latest available quarter is 2026:Q1, not 2026:Q2 (DFA 'Last Update' on the Fed site was 18 Jun 2026; next EFA update scheduled 18 Sep 2026 per the Sept-2026 Z.1 Recent Developments page)."
2026:Q1,Next9,Next 9% (90-99th pct),20514.3,37.2,"DFA 'networth' distribution, dfa-networth-levels-detail.csv, column 'Corporate equities and mutual fund shares'",https://www.federalreserve.gov/releases/z1/dataviz/download/zips/dfa.zip,"STOCK (level, $bn), NOT a flow -- DFA publishes wealth LEVELS only, no flow/valuation split by wealth group. Definition excludes equities/MF shares owned through DC pensions (matches Z.1 household corporate-equities+MF concept). DFA lags Z.1: latest available quarter is 2026:Q1, not 2026:Q2 (DFA 'Last Update' on the Fed site was 18 Jun 2026; next EFA update scheduled 18 Sep 2026 per the Sept-2026 Z.1 Recent Developments page)."
2026:Q1,Next40,Next 40% (50-90th pct),6400.9,11.61,"DFA 'networth' distribution, dfa-networth-levels-detail.csv, column 'Corporate equities and mutual fund shares'",https://www.federalreserve.gov/releases/z1/dataviz/download/zips/dfa.zip,"STOCK (level, $bn), NOT a flow -- DFA publishes wealth LEVELS only, no flow/valuation split by wealth group. Definition excludes equities/MF shares owned through DC pensions (matches Z.1 household corporate-equities+MF concept). DFA lags Z.1: latest available quarter is 2026:Q1, not 2026:Q2 (DFA 'Last Update' on the Fed site was 18 Jun 2026; next EFA update scheduled 18 Sep 2026 per the Sept-2026 Z.1 Recent Developments page)."
2026:Q1,Bottom50,Bottom 50%,587.2,1.06,"DFA 'networth' distribution, dfa-networth-levels-detail.csv, column 'Corporate equities and mutual fund shares'",https://www.federalreserve.gov/releases/z1/dataviz/download/zips/dfa.zip,"STOCK (level, $bn), NOT a flow -- DFA publishes wealth LEVELS only, no flow/valuation split by wealth group. Definition excludes equities/MF shares owned through DC pensions (matches Z.1 household corporate-equities+MF concept). DFA lags Z.1: latest available quarter is 2026:Q1, not 2026:Q2 (DFA 'Last Update' on the Fed site was 18 Jun 2026; next EFA update scheduled 18 Sep 2026 per the Sept-2026 Z.1 Recent Developments page)."
