date,FU796902505.Q,FU796330081.Q,FU796902605.Q,FU796025005.Q,FU796240101.Q,FU796402101.Q,FU796140005.Q,FU796402101.Q,FU796150175.Q,FU796140005.Q,FU796220001.Q,FU796403005.Q,FU796012095.Q,FU796012095.Q,FU796006385.Q,FU796012095.Q,FU795440005.Q,FU795015085.Q,FU795013005.Q,FU796330081.Q,FU795000995.Q,FU795000995.Q,FU794090005.Q,FU794000005.Q,FU794022005.Q,FU793069175.Q,FU793061105.Q,FU793061705.Q,FU793062005.Q,FU793063005.Q,FU794035005.Q,FU793081005.Q,FU793064105.Q,FU793034005.Q,FU793064205.Q,FU793064705.Q,FU793064505.Q,FU793092405.Q,FU793092105.Q,FU713164003.Q,FU793094605.Q,FU793052005.Q,FU793096005.Q,FU794194005.Q,FU794100005.Q,FU794122005.Q,FU423161705.Q,FU793163005.Q,FU793169175.Q,FU794141005.Q,FU793181005.Q,FU793164105.Q,FU634090005.Q,FU653164205.Q,FU623164703.Q,FU443164500.Q,FU403192405.Q,FU793192105.Q,FU662090003.Q,FU793194605.Q,FU713164005.Q,FU503194205.Q,FU583152005.Q,FU793196005.Q,FU795000005.Q,FV798090185.Q,FV795013865.Q,FV798090085.Q,FU797005045.Q,FR795013865.Q,FR795013665.Q,FR795013265.Q,FR795013765.Q,FR794090005.Q,FR794000005.Q,FR794022005.Q,FR794035005.Q,FR793064105.Q,FR793064205.Q,FR793064705.Q,FR793064505.Q,FR793092105.Q,FR793052005.Q,FR793096005.Q,FR794194005.Q,FR793164105.Q,FR653164205.Q,FR623164703.Q,FR443164500.Q,FR793192105.Q,FR662090003.Q,FR793194605.Q,FR583152005.Q,FR793196005.Q,FR792090095.Q,FC792090095.Q,FL792000095.Q,LM795013865.Q,LM795013665.Q,LM795013265.Q,LM795013765.Q,FL794090005.Q,FL794000005.Q,FL794022005.Q,FL793069175.Q,FL793061105.Q,FL793061705.Q,FL793062005.Q,FL793063005.Q,FL794035005.Q,FL793081005.Q,LM793064105.Q,FL793034005.Q,LM793064205.Q,LM793064705.Q,LM793064505.Q,FL793092405.Q,LM793092105.Q,FL713164003.Q,FL793094605.Q,FL793052005.Q,FL793096005.Q,FL792100005.Q,FL794194005.Q,FL794100005.Q,FL794122005.Q,FL423161705.Q,FL793163005.Q,FL793169175.Q,FL794141005.Q,FL793181005.Q,LM793164105.Q,FL634090005.Q,LM653164205.Q,LM623164703.Q,LM443164500.Q,FL403192405.Q,LM793192105.Q,LM662090003.Q,FL793194605.Q,FL713164005.Q,FL503194205.Q,FL583152005.Q,FL793196005.Q,FL792090095.Q
1945:Q4,ND,ND,ND,ND,ND,ND,ND,ND,ND,ND,ND,ND,ND,ND,ND,ND,ND,ND,ND,ND,ND,ND,ND,ND,ND,ND,ND,ND,ND,ND,ND,ND,ND,ND,ND,0,0,ND,ND,ND,ND,ND,ND,ND,ND,ND,ND,ND,ND,ND,ND,ND,ND,ND,0,0,ND,ND,ND,ND,ND,ND,ND,ND,ND,ND,ND,ND,ND,ND,ND,ND,ND,ND,ND,ND,ND,ND,ND,ND,ND,ND,ND,ND,ND,ND,ND,0,0,ND,ND,ND,ND,ND,ND,ND,342059,5205,4367,833,5,336854,22023,183503,273,158044,886,6250,18050,49786,5774,5297,0,0,0,0,72,228,177,0,49787,25981,342059,365969,202051,1224,873,131,220,4590,51100,48216,0,1245,0,0,700,762,0,0,177,0,102105,4899,-23910
1946:Q4,ND,298,ND,ND,ND,ND,ND,ND,ND,ND,ND,ND,922,922,922,922,0,249,540,298,673,673,3028,947,-12425,210,-15301,160,365,2141,10363,351,303,0,0,0,0,12,26,10,0,5529,-1737,ND,-8675,573,295,62,216,ND,142,29,0,185,0,0,-87,5,0,0,10,0,10272,ND,1370,ND,0,ND,-697,1187,1141,45,1,-149,0,0,0,-149,0,0,0,-8,0,8,ND,108,-132,0,0,0,0,0,0,ND,ND,2681,347878,6641,5628,1007,6,341237,22970,171078,483,142743,1046,6615,20191,60149,5968,5451,0,0,0,0,84,246,187,0,56821,24251,347878,369107,193376,1797,1168,193,436,3580,51218,48353,0,1298,0,0,613,767,0,0,187,0,113881,5255,-21229
1947:Q4,ND,384,ND,ND,ND,ND,ND,ND,ND,ND,ND,ND,746,746,746,746,0,256,621,384,490,490,19753,2041,-3193,89,-7955,21,972,3680,13095,594,559,0,0,0,0,17,9,9,0,4980,2236,ND,6948,404,116,131,157,ND,422,300,0,163,0,0,-30,-20,0,0,9,0,10542,ND,889,ND,0,ND,-399,1073,965,108,0,-73,0,0,0,-66,0,0,0,12,-7,-12,ND,88,-48,0,0,28,0,0,0,ND,ND,2140,370429,7970,6680,1283,7,362459,25011,167885,572,134788,1067,7587,23871,73244,6508,5944,0,0,0,0,101,267,196,0,63295,26516,370429,389518,200324,2201,1284,324,593,3176,51708,48741,0,1413,0,0,583,775,0,0,196,0,125924,6185,-19089
1948:Q4,ND,442,ND,4009,ND,ND,ND,ND,ND,ND,ND,ND,1432,1432,1432,1432,0,277,705,442,1155,1155,18849,2517,-1443,71,-8357,982,1041,4820,11271,375,346,0,0,0,0,16,8,5,0,5048,1081,ND,4357,892,279,436,177,ND,235,100,0,148,0,0,21,-39,0,0,5,0,10920,ND,1009,ND,0,ND,146,356,270,86,0,331,0,0,0,-73,0,0,0,17,-7,394,ND,82,-45,0,0,42,0,0,0,ND,ND,1517,391422,8603,7063,1532,8,382819,27528,166442,643,126431,2049,8628,28691,84515,6827,6217,0,0,0,0,117,292,201,0,69518,27989,391422,408994,204681,3093,1563,760,770,4297,52022,48923,0,1516,0,0,604,778,0,0,201,0,138024,6877,-17572
1949:Q4,ND,485,ND,4298,ND,ND,ND,ND,ND,ND,ND,ND,1801,1801,1801,1801,0,279,747,485,1522,1522,15075,-3718,4204,61,-961,46,1545,3513,7820,1037,994,0,0,0,0,16,17,10,0,5273,459,ND,-357,379,-109,307,181,ND,561,300,0,275,0,0,-5,-19,0,0,10,0,11445,ND,1006,ND,0,ND,516,-874,-842,-32,0,1625,0,0,0,1628,0,0,0,12,-3,-12,ND,31,1280,0,0,27,0,0,0,ND,ND,719,408560,8008,6317,1683,8,400552,23810,170646,704,125470,2095,10173,32204,92335,9504,8839,0,0,0,0,133,321,211,0,75820,28437,408560,425413,204324,3472,1454,1067,951,5231,53921,49254,0,3071,0,0,599,786,0,0,211,0,150502,7963,-16853
1950:Q4,ND,528,ND,4751,ND,ND,ND,ND,ND,ND,ND,ND,1393,1393,1393,1393,0,330,835,528,1063,1063,29258,3153,-118,270,-4883,-208,2333,2370,20524,786,710,0,0,0,0,44,18,14,0,6141,-1228,ND,10612,781,406,214,161,ND,446,300,0,211,0,0,7,-86,0,0,14,0,11823,ND,1962,ND,0,ND,-899,597,543,55,-1,349,0,0,0,358,0,0,0,15,-9,-15,ND,118,62,0,0,86,0,0,0,ND,ND,3041,439814,8935,6954,1973,8,430879,26963,170528,974,120587,1887,12506,34574,112859,10663,9907,0,0,0,0,177,354,225,0,82378,27488,439814,453626,214936,4253,1860,1281,1112,7191,54633,49672,0,3344,0,0,606,786,0,0,225,0,163045,9568,-13812
1951:Q4,ND,600,ND,5281,ND,ND,ND,ND,ND,ND,ND,ND,1645,1645,1645,1645,0,405,979,600,1240,1240,34719,3178,5234,471,-468,-62,1619,3674,15135,759,632,0,0,0,0,94,21,12,0,10567,-154,34008,14751,1071,238,386,447,-264,487,200,0,266,0,0,43,-34,0,0,12,0,17499,464,711,-529,0,0,529,1002,945,56,1,112,0,0,0,120,0,0,0,21,-8,-21,71,191,-128,0,0,39,0,0,0,-31,1043,2159,476522,10342,8106,2227,9,466180,30141,175762,1445,120119,1825,14125,38248,127994,11838,10934,0,0,0,0,271,396,237,0,93132,27313,476522,488175,229687,5324,2098,1667,1559,6927,55222,50063,0,3482,0,0,649,791,0,0,237,0,181014,10001,-11653
1952:Q1,ND,158,ND,1453,ND,ND,ND,ND,ND,ND,ND,ND,566,566,566,566,0,78,231,158,488,488,5175,-2,103,245,-1651,-122,474,1157,1293,377,353,0,0,0,0,19,0,5,0,2373,1031,5369,-4,1,-112,-109,222,-405,219,48,0,144,0,0,20,2,0,0,5,0,4957,601,-194,-450,0,232,682,92,92,0,0,23,0,0,0,-141,0,0,0,0,-3,167,56,111,-14,0,0,0,0,0,-47,6,59,175,482279,10512,8238,2265,9,471767,30139,175865,1690,118468,1703,14599,39405,129287,13140,12212,0,0,0,0,290,396,242,0,94825,28511,482279,493757,229683,5325,1986,1558,1781,6522,55538,50222,0,3612,0,0,669,793,0,0,242,0,186313,10376,-11478
1952:Q2,ND,160,ND,1453,ND,ND,ND,ND,ND,ND,ND,ND,465,465,465,465,0,77,233,160,388,388,9515,-986,2127,-163,591,-128,453,1374,5164,448,423,0,0,0,0,10,12,3,0,2632,130,9189,2784,323,99,82,142,849,159,9,0,128,0,0,12,7,0,0,3,0,4937,137,326,-62,0,0,62,5,-4,9,0,154,0,0,0,31,0,0,0,0,-1,124,67,132,-44,0,0,0,0,0,-37,16,92,495,492362,10594,8274,2311,9,481768,29153,177992,1527,119059,1575,15052,40779,134451,13619,12666,0,0,0,0,300,408,245,0,97787,28766,492362,503345,232467,5648,2085,1640,1923,7371,55785,50363,0,3696,0,0,681,800,0,0,245,0,191545,10529,-10983
1952:Q3,ND,162,ND,1453,ND,ND,ND,ND,ND,ND,ND,ND,539,539,539,539,0,55,214,162,484,484,12046,1729,3043,210,881,378,346,1228,4059,629,609,0,0,0,0,6,12,2,0,2366,220,11534,5566,232,93,-28,167,-86,258,118,0,125,0,0,7,6,0,0,2,0,4962,602,512,29,0,0,-29,-7,7,-15,1,-105,0,0,0,-250,0,0,0,0,72,73,-54,-5,16,0,0,0,0,0,-56,-9,-58,509,504624,10642,8320,2312,10,493982,30882,181035,1737,119940,1953,15398,42007,138510,13998,13025,0,0,0,0,306,420,247,0,100497,29060,504624,515098,238033,5880,2178,1612,2090,7285,56054,50476,0,3837,0,0,688,806,0,0,247,0,196724,11122,-10474
1952:Q4,ND,165,ND,1453,ND,ND,ND,ND,ND,ND,ND,ND,515,515,515,515,0,71,232,165,444,444,14039,-145,4662,5,2810,227,378,1242,6005,224,193,0,0,0,0,9,16,6,0,2857,436,12764,6411,-128,-23,70,-175,1122,56,-80,0,108,0,0,10,12,0,0,6,0,5034,269,1275,832,0,0,-832,33,41,-8,0,-93,0,0,0,648,0,0,0,6,-102,-645,265,195,-13,0,0,19,0,0,-25,89,-325,1021,518889,10746,8403,2333,10,508143,30737,185697,1742,122750,2180,15776,43249,144515,14876,13866,0,0,0,0,315,442,253,0,103467,28851,518889,528342,244444,5752,2155,1682,1915,8407,56311,50591,0,3932,0,0,698,837,0,0,253,0,202583,10845,-9453
1953:Q1,ND,167,ND,1599,ND,ND,ND,ND,ND,ND,ND,ND,688,688,688,688,0,124,288,167,564,564,4393,334,-1495,180,-3593,-45,591,1372,2706,644,604,0,0,0,0,23,13,4,0,2836,-632,4157,-1782,444,-104,393,155,-280,337,164,0,137,0,0,25,7,0,0,4,0,5104,334,236,-328,0,0,328,-121,-110,-11,0,-499,0,0,0,-640,0,0,0,0,43,98,-342,-50,-202,0,0,0,0,0,-62,-28,-278,82,523106,10749,8361,2378,10,512357,31071,184202,1922,119157,2135,16367,44621,147221,14880,13830,0,0,0,0,338,455,257,0,106666,28317,523106,532477,242662,6196,2051,2075,2070,8127,56396,50705,0,3867,0,0,723,844,0,0,257,0,207945,11151,-9371
1953:Q2,ND,170,ND,1599,ND,ND,ND,ND,ND,ND,ND,ND,518,518,518,518,0,126,291,170,392,392,5902,-1362,-160,-173,-895,-436,192,1152,4189,633,601,0,0,0,0,16,13,3,0,2606,-4,5252,-427,445,15,549,-119,-287,278,165,0,83,0,0,16,11,0,0,3,0,5224,19,650,258,0,0,-258,-12,-14,1,1,-636,0,0,0,-460,0,0,0,0,0,-176,-317,-63,-172,0,0,0,0,0,-55,-27,-331,445,528738,10863,8418,2434,11,517875,29709,184042,1749,118262,1699,16559,45773,151410,15053,13971,0,0,0,0,354,468,260,0,109523,28138,528738,537664,242235,6641,2066,2624,1951,7840,56439,50807,0,3778,0,0,739,855,0,0,260,0,213366,11143,-8926
1953:Q3,ND,173,ND,1599,ND,ND,ND,ND,ND,ND,ND,ND,541,541,541,541,0,132,301,173,409,409,14092,253,6546,257,4489,208,470,1122,3891,570,548,0,0,0,0,6,14,2,0,2879,-47,13595,5706,684,119,287,278,636,241,143,0,77,0,0,9,10,0,0,2,0,5191,1137,497,89,0,0,-89,-20,-23,2,1,-411,0,0,0,-305,0,0,0,0,0,-106,-215,-29,-102,0,0,0,0,0,-63,-21,-216,413,542714,10975,8468,2495,12,531739,29962,190588,2006,122751,1907,17029,46895,155301,15318,14214,0,0,0,0,360,482,262,0,112584,27986,542714,551227,247941,7325,2185,2911,2229,8476,56549,50921,0,3753,0,0,748,865,0,0,262,0,218677,12259,-8513
1953:Q4,ND,177,ND,1599,ND,ND,ND,ND,ND,ND,ND,ND,575,575,575,575,0,127,298,177,448,448,11514,1109,5566,13,1779,1835,812,1127,1479,216,191,0,0,0,0,8,14,3,0,3149,-5,11026,5543,113,-26,146,-7,222,78,-39,0,86,0,0,10,18,0,0,3,0,5195,-125,488,33,0,-7,-40,-167,-151,-16,0,852,0,0,0,777,0,0,0,1,-59,133,409,110,307,0,0,-15,0,0,-52,59,276,884,555153,10935,8392,2531,12,544218,31071,196154,2019,124530,3742,17841,48022,156780,16312,15182,0,0,0,0,368,497,265,0,115787,28114,555153,562782,253484,7438,2159,3057,2222,8698,57029,50992,0,4146,0,0,758,868,0,0,265,0,223933,12200,-7629
1954:Q1,ND,181,ND,1745,ND,ND,ND,ND,ND,ND,ND,ND,501,501,501,501,0,124,299,181,377,377,907,-1103,-838,266,-3700,396,942,1258,0,219,164,0,0,0,0,35,15,5,0,2771,-142,519,-3697,40,-227,35,232,-1015,15,-128,0,100,0,0,28,10,0,0,5,0,4977,199,388,11,0,0,-11,-179,-183,4,0,820,0,0,0,901,0,0,0,0,-41,-40,542,282,266,0,0,0,0,0,-60,54,99,611,557106,10880,8295,2573,12,546226,29968,195316,2285,120830,4138,18783,49280,156780,17432,16247,0,0,0,0,403,512,270,0,118797,27933,557106,564124,249787,7478,1932,3092,2454,7683,57592,51146,0,4512,0,0,786,878,0,0,270,0,229131,12453,-7018
1954:Q2,ND,184,ND,1745,ND,ND,ND,ND,ND,ND,ND,ND,658,658,658,658,0,117,297,184,541,541,12038,8,4618,-153,3543,-823,1042,1009,4241,417,382,0,0,0,0,17,16,2,0,2486,268,11393,5658,30,97,32,-99,909,-73,-135,0,53,0,0,-3,10,0,0,2,0,5030,-161,645,104,0,0,-104,-145,-153,7,1,984,0,0,0,662,0,0,0,0,82,240,591,303,330,0,0,0,0,0,-90,48,248,1010,570422,10852,8228,2611,13,559570,29976,199934,2132,124373,3315,19825,50289,161021,18511,17291,0,0,0,0,420,528,272,0,121685,28443,570422,576430,255445,7508,2029,3124,2355,8592,58152,51314,0,4895,0,0,783,888,0,0,272,0,234393,12340,-6008
1954:Q3,ND,187,ND,1745,ND,ND,ND,ND,ND,ND,ND,ND,570,570,570,570,0,120,304,187,450,450,9956,-329,3342,133,2633,-1374,840,1110,3907,340,312,0,0,0,0,7,17,4,0,2688,8,9315,3290,-85,133,-194,-24,504,-43,-177,0,114,0,0,9,7,0,0,4,0,4912,737,641,191,0,0,-191,-130,-63,-67,0,1281,0,0,0,1029,0,0,0,0,36,216,856,415,460,0,0,0,0,0,-86,67,295,1056,582012,10842,8248,2581,13,571170,29647,203276,2265,127006,1941,20665,51399,164928,19880,18632,0,0,0,0,427,545,276,0,124772,28667,582012,586964,258735,7423,2162,2930,2331,9096,58984,51552,0,5469,0,0,792,895,0,0,276,0,239582,13144,-4952
1954:Q4,ND,188,ND,1745,ND,ND,ND,ND,ND,ND,ND,ND,626,626,626,626,0,118,303,188,508,508,15508,681,5657,-236,2627,1732,595,939,5461,340,299,0,0,0,0,11,18,12,0,2595,774,13762,8468,-149,-20,-171,42,388,127,-147,0,154,0,0,106,2,0,0,12,0,5031,-103,1746,1252,0,13,-1239,-85,-56,-30,1,823,0,0,0,1278,0,0,0,9,-136,-328,905,244,487,0,0,82,0,0,-59,151,-167,1710,598781,10875,8274,2587,14,587906,30328,208933,2029,129633,3673,21260,52338,170389,21507,20209,0,0,0,0,438,572,288,0,127634,29115,598781,602023,267203,7274,2142,2759,2373,9484,59924,51649,0,6110,0,0,898,979,0,0,288,0,244959,13179,-3242
1955:Q1,ND,189,ND,1888,ND,ND,ND,ND,ND,ND,ND,ND,746,746,746,746,0,166,351,189,580,580,3919,60,-4279,235,-6128,125,890,599,5221,383,326,0,0,0,0,33,18,6,0,2778,-244,4409,-2222,321,-11,93,239,383,203,12,0,142,0,0,35,8,0,0,6,0,5158,566,-490,-1070,0,0,1070,-18,21,-39,0,524,0,0,0,513,0,0,0,0,-179,190,200,-33,273,0,0,0,0,0,-63,23,306,-18,603806,11023,8413,2596,14,592783,30388,204654,2264,123505,3798,22150,52937,175610,22403,21048,0,0,0,0,471,590,294,0,130667,29061,603806,607066,264981,7595,2131,2852,2612,9867,60367,51628,0,6525,0,0,933,987,0,0,294,0,250488,13768,-3260
1955:Q2,ND,191,ND,1888,ND,ND,ND,ND,ND,ND,ND,ND,727,727,727,727,0,187,374,191,540,540,11297,-504,-1190,-26,-1158,-881,94,781,9531,387,344,0,0,0,0,25,17,1,0,2558,515,10974,3594,303,325,-77,55,188,-25,-186,0,121,0,0,27,12,0,0,1,0,5355,1559,323,-217,0,0,217,58,65,-7,0,1631,0,0,0,2218,0,0,0,0,-669,82,1045,427,540,0,0,0,0,0,12,66,644,1154,617390,11268,8602,2652,14,606122,29884,203464,2238,122347,2917,22244,53718,185141,25008,23610,0,0,0,0,496,607,295,0,132966,29659,617390,619496,268575,7898,2456,2775,2667,10055,61309,51869,0,7186,0,0,960,999,0,0,295,0,256266,15393,-2106
1955:Q3,ND,196,ND,1888,ND,ND,ND,ND,ND,ND,ND,ND,606,606,606,606,0,206,397,196,400,400,12203,1213,-675,77,-1074,-535,392,465,8330,320,290,0,0,0,0,8,19,3,0,2552,463,11516,3404,402,251,169,-18,884,123,-72,0,169,0,0,12,11,0,0,3,0,5322,1381,687,287,0,0,-287,146,116,29,1,554,0,0,0,1063,0,0,0,0,-634,125,173,255,-98,0,0,0,0,0,-32,48,527,1420,630883,11620,8848,2757,15,619263,31097,202789,2315,121273,2382,22636,54183,193471,26391,24963,0,0,0,0,504,626,298,0,135268,30247,630883,631569,271979,8300,2707,2944,2649,10939,61589,52052,0,7257,0,0,972,1010,0,0,298,0,261940,16822,-686
1955:Q4,ND,202,ND,1888,ND,ND,ND,ND,ND,ND,ND,ND,602,602,602,602,0,215,415,202,387,387,14867,922,2197,-222,282,749,189,1199,8181,877,837,0,0,0,0,12,23,5,0,2807,-117,14171,7362,364,414,212,-262,390,175,3,0,140,0,0,18,9,0,0,5,0,5337,543,696,316,0,7,-309,238,197,41,0,508,0,0,0,952,0,0,0,0,-378,-66,426,-43,442,0,0,53,0,0,-116,90,320,1238,647073,12073,9180,2878,15,635000,32019,204986,2093,121555,3131,22825,55382,201652,28220,26752,0,0,0,0,516,649,303,0,138058,30065,647073,646521,279341,8664,3121,3156,2387,11329,62216,52012,0,7839,0,0,990,1072,0,0,303,0,267523,17448,552
1956:Q1,ND,210,ND,2068,ND,ND,ND,ND,ND,ND,ND,ND,701,701,701,701,0,194,401,210,507,507,5665,-506,-2118,586,-4173,48,549,872,4824,434,355,0,0,0,0,53,19,7,0,2908,123,5741,-1597,1262,117,568,577,20,289,-102,0,314,0,0,58,12,0,0,7,0,5551,216,-76,-583,0,0,583,451,417,34,0,1084,0,0,0,1479,0,0,0,0,-427,32,668,331,402,0,0,0,0,0,-128,63,867,985,655064,12718,9740,2963,15,642346,31513,202868,2679,117382,3179,23374,56254,206476,30133,28586,0,0,0,0,569,668,310,0,141135,30221,655064,653527,277744,9926,3238,3724,2964,11349,63238,52241,0,8555,0,0,1048,1084,0,0,310,0,273543,17727,1537
1956:Q2,ND,217,ND,2068,ND,ND,ND,ND,ND,ND,ND,ND,734,734,734,734,0,198,411,217,536,536,8618,-741,-1968,-269,-2185,-524,207,803,7025,926,878,0,0,0,0,21,21,6,0,2941,435,8153,2421,414,216,230,-32,-604,263,191,0,35,0,0,24,7,0,0,6,0,5746,-87,465,-71,0,0,71,11,-21,31,1,-685,0,0,0,-1117,0,0,0,0,268,164,-324,-38,23,0,0,0,0,0,-284,-25,-350,313,663713,12927,9868,3043,16,650786,30772,200900,2410,115197,2655,23581,57057,213501,29942,28347,0,0,0,0,590,689,316,0,144851,30820,663713,661863,280165,10340,3454,3954,2932,10745,63486,52394,0,8613,0,0,1072,1091,0,0,316,0,279512,17615,1850
1956:Q3,ND,223,ND,2068,ND,ND,ND,ND,ND,ND,ND,ND,799,799,799,799,0,206,426,223,593,593,11755,1285,1402,41,31,-217,355,1192,5374,727,694,0,0,0,0,6,23,4,0,2619,348,11161,3565,554,248,238,68,553,513,167,0,323,0,0,13,6,0,0,4,0,5743,233,594,1,0,0,-1,332,279,53,0,-991,0,0,0,-1329,0,0,0,0,229,109,-761,-37,-430,0,0,0,0,0,-276,-18,102,902,675436,13465,10298,3151,16,661971,32057,202302,2451,115228,2438,23936,58249,218875,29340,27712,0,0,0,0,596,712,320,0,148119,31278,675436,672684,283730,10894,3702,4192,3000,11298,63532,52524,0,8506,0,0,1085,1097,0,0,320,0,285400,17830,2752
1956:Q4,ND,228,ND,2068,ND,ND,ND,ND,ND,ND,ND,ND,707,707,707,707,0,205,428,228,502,502,13639,1038,3936,-200,2524,389,204,1019,5185,726,684,0,0,0,0,11,25,6,0,3171,-417,13358,7996,11,-105,267,-151,-153,217,60,0,114,0,0,17,20,0,0,6,0,5866,-579,281,-228,0,-7,221,144,114,30,0,882,0,0,0,507,0,0,0,-1,-87,463,250,36,426,0,0,-26,0,0,-212,26,776,1255,690754,13814,10564,3234,16,676940,33095,206238,2251,117752,2827,24140,59268,224178,30572,28903,0,0,0,0,607,736,326,0,151532,31325,690754,686747,291726,10905,3597,4459,2849,11145,64185,52620,0,9046,0,0,1102,1091,0,0,326,0,291384,17402,4007
1957:Q1,ND,233,ND,2248,ND,ND,ND,ND,ND,ND,ND,ND,757,757,757,757,0,194,422,233,563,563,6487,-1456,643,400,-1752,285,364,1346,2983,941,870,0,0,0,0,44,22,5,0,3428,-52,6836,-1881,1430,405,434,591,-405,655,283,0,231,0,0,128,8,0,0,5,0,6318,719,-349,-912,0,0,912,97,56,41,0,-1093,0,0,0,-1329,0,0,0,0,248,-12,-632,-136,-171,0,0,0,0,0,-288,-37,-364,-519,699049,14105,10758,3331,16,684944,31639,206881,2651,116000,3112,24504,60614,227161,30184,28444,0,0,0,0,651,758,331,0,157817,31262,699049,695561,289845,12335,4002,4893,3440,10740,64533,52767,0,9106,0,0,1230,1099,0,0,331,0,300024,18084,3488
1957:Q2,ND,239,ND,2248,ND,ND,ND,ND,ND,ND,ND,ND,757,757,757,757,0,191,424,239,566,566,11241,1015,-1907,-258,-3723,-175,643,1606,6781,615,572,0,0,0,0,17,24,2,0,3484,1253,10474,3404,579,610,214,-245,-147,151,-102,0,224,0,0,22,5,0,0,2,0,6666,-179,767,201,0,0,-201,59,79,-20,0,1015,0,0,0,1976,0,0,0,0,-576,-385,552,289,357,0,0,0,0,0,-130,36,522,1480,713941,14355,10975,3364,16,699586,32654,204974,2393,112277,2937,25147,62220,233942,32775,30992,0,0,0,0,668,782,333,0,163110,32131,713941,708973,293249,12914,4612,5107,3195,10593,65330,52954,0,9687,0,0,1252,1104,0,0,333,0,308946,17941,4968
1957:Q3,ND,245,ND,2248,ND,ND,ND,ND,ND,ND,ND,ND,737,737,737,737,0,192,433,245,545,545,14188,-169,5382,140,3146,-35,495,1636,3497,1361,1324,0,0,0,0,6,26,5,0,3832,285,13421,3909,904,193,425,286,267,644,429,0,193,0,0,12,5,0,0,5,0,6790,907,767,222,0,0,-222,9,2,7,0,-2436,0,0,0,-2782,0,0,0,0,470,-124,-1491,-193,-879,0,0,0,0,0,-370,-49,-936,23,728055,14556,11114,3426,16,713499,32485,210356,2533,115423,2902,25642,63856,237439,31354,29534,0,0,0,0,674,808,338,0,169572,32293,728055,723064,297158,13818,4805,5532,3481,10860,64902,53190,0,9001,0,0,1264,1109,0,0,338,0,317527,18799,4991
1957:Q4,ND,253,ND,2248,ND,ND,ND,ND,ND,ND,ND,ND,703,703,703,703,0,179,427,253,524,524,13419,953,3705,144,10,783,807,1961,3508,1394,1347,0,0,0,0,11,29,7,0,4110,-251,13135,5571,543,216,164,163,-162,566,345,0,187,0,0,19,8,0,0,7,0,6976,-359,284,-253,0,-13,240,-54,-84,30,0,-1067,0,0,0,-1959,0,0,0,0,366,526,-1043,-140,-474,0,0,-38,0,0,-331,-60,-78,372,742468,14681,11163,3502,16,727787,33438,214061,2677,115433,3685,26449,65817,240947,30789,28922,0,0,0,0,685,837,345,0,175983,32569,742468,737105,302729,14361,5021,5696,3644,10698,64816,53395,0,8714,0,0,1283,1079,0,0,345,0,326108,18393,5363
1958:Q1,ND,261,ND,2441,ND,ND,ND,ND,ND,ND,ND,ND,616,616,616,616,0,160,417,261,456,456,7707,-1367,5203,662,1016,835,1115,1575,326,715,641,0,0,0,0,49,20,5,0,3350,-520,7597,-173,954,-118,280,792,6,387,0,0,325,0,0,55,2,0,0,5,0,6467,-44,110,-346,0,0,346,-312,-307,-6,1,853,0,0,0,827,0,0,0,0,-188,214,461,217,424,0,0,0,0,0,-210,30,80,350,751415,14529,10989,3524,16,736886,32071,219264,3339,116449,4520,27564,67392,241273,32331,30390,0,0,0,0,734,857,350,0,179683,32264,751415,745702,302556,15315,4903,5976,4436,10704,65844,53612,0,9463,0,0,1338,1081,0,0,350,0,332904,18379,5713
1958:Q2,ND,268,ND,2441,ND,ND,ND,ND,ND,ND,ND,ND,585,585,585,585,0,140,403,268,445,445,19155,859,8720,168,5363,-516,1704,2001,5175,910,870,0,0,0,0,14,23,3,0,3378,113,18555,10307,-557,-101,-102,-354,1634,320,-161,0,467,0,0,10,1,0,0,3,0,6492,359,600,156,0,0,-156,82,64,18,0,1342,0,0,0,1834,0,0,0,0,-480,-12,938,378,680,0,0,0,0,0,-173,53,486,1226,772741,14751,11180,3556,15,757990,32930,227984,3507,121812,4004,29268,69393,246448,35075,33094,0,0,0,0,748,880,353,0,183187,32366,772741,765802,312863,14758,4802,5874,4082,12338,67222,53829,0,10610,0,0,1348,1082,0,0,353,0,339830,18791,6939
1958:Q3,ND,274,ND,2441,ND,ND,ND,ND,ND,ND,ND,ND,588,588,588,588,0,131,398,274,457,457,7270,-153,2968,-26,1188,314,749,743,1988,473,437,0,0,0,0,8,24,4,0,3207,-1213,6892,898,-415,221,-332,-304,-1289,112,-245,0,339,0,0,13,1,0,0,4,0,6540,1046,378,-79,0,0,79,38,37,0,1,2027,0,0,0,2517,0,0,0,0,-714,224,1260,505,842,0,0,0,0,0,-167,80,805,1314,782881,14920,11340,3565,15,767961,32777,230952,3481,123000,4318,30017,70136,248436,38065,36048,0,0,0,0,756,904,357,0,186354,31377,782881,774628,313761,14343,5023,5542,3778,11049,68681,54089,0,11791,0,0,1361,1083,0,0,357,0,346877,19917,8253
1958:Q4,ND,277,ND,2441,ND,ND,ND,ND,ND,ND,ND,ND,704,704,704,704,0,143,413,277,561,561,19095,1014,5242,-481,3572,362,491,1298,7918,1007,964,0,0,0,0,13,24,6,0,3137,777,18099,11027,-279,92,12,-383,708,51,-240,0,277,0,0,18,-10,0,0,6,0,6483,109,996,459,0,24,-435,32,29,2,1,1792,0,0,0,3032,0,0,0,0,-840,-400,1670,437,1174,0,0,102,0,0,-187,144,154,1317,804685,15095,11495,3585,15,789590,33791,236194,3000,126572,4680,30508,71434,256354,42104,40044,0,0,0,0,769,928,363,0,189392,31755,804685,795115,324788,14064,5115,5554,3395,11757,70445,54286,0,13242,0,0,1379,1175,0,0,363,0,353915,20146,9570
1959:Q1,4207,295,3912,2655,326,931,899,931,-32,899,761,-395,828,828,828,828,0,147,435,295,681,681,6046,-585,-2354,189,-3531,-311,725,574,4286,1083,989,0,0,0,0,58,25,11,0,3573,43,6189,-3823,680,121,162,397,757,594,88,0,428,0,0,67,0,0,0,11,0,6981,1000,-143,-777,0,47,824,-82,-103,20,1,373,0,0,0,233,0,0,0,0,-98,238,252,154,462,0,0,0,0,0,-370,6,39,90,810759,15160,11512,3633,15,795599,33157,233948,3189,123103,4369,31234,72053,260699,43420,41266,0,0,0,0,827,953,374,0,192480,31895,810759,801099,321256,14744,5236,5716,3792,12514,71655,54528,0,14132,0,0,1446,1175,0,0,374,0,360140,20790,9660
1959:Q2,4668,296,4372,2655,349,1368,1336,1368,-32,1336,761,27,786,786,786,786,0,160,449,296,626,626,16540,766,-518,-61,-2038,-234,597,1218,11398,1269,1219,0,0,0,0,17,27,6,0,3463,162,15677,5701,1320,875,201,244,1250,252,-86,0,301,0,0,25,6,0,0,6,0,7361,-207,863,261,0,24,-237,62,43,17,2,834,0,0,0,1498,0,0,0,0,-571,-93,544,296,540,0,0,0,0,0,-303,11,352,1399,827879,15382,11680,3686,16,812497,33874,233430,3128,121065,4135,31831,73271,272140,46187,43983,0,0,0,0,844,980,380,0,194870,31996,827879,816820,326957,16064,6111,5917,4036,13764,72743,54738,0,14973,0,0,1471,1181,0,0,380,0,366698,20594,11059
1959:Q3,4944,297,4647,2655,374,1618,1587,1618,-32,1587,761,163,843,843,843,843,0,176,466,297,667,667,13989,-1242,1269,315,-631,124,512,949,8499,1520,1483,0,0,0,0,8,26,3,0,3676,267,13979,3084,983,813,321,-151,295,633,252,0,355,0,0,17,6,0,0,3,0,7684,1300,10,-636,0,21,657,34,24,12,-2,-1435,0,0,0,-1827,0,0,0,0,170,222,-1166,-70,-581,0,0,0,0,0,-507,-8,-235,-28,840046,15592,11834,3743,15,824454,32585,234699,3443,120434,4259,32343,74220,280703,45880,43639,0,0,0,0,852,1006,383,0,198098,32489,840046,829015,330001,17047,6924,6238,3885,14059,72725,54920,0,14747,0,0,1488,1187,0,0,383,0,373257,21926,11031
1959:Q4,5173,296,4877,2655,385,1837,1805,1837,-32,1805,761,334,881,881,881,881,0,176,465,296,705,705,15504,1461,767,-577,-621,-2,448,1519,9860,1531,1486,0,0,0,0,14,27,4,0,3743,-1858,15284,6461,870,399,306,165,1935,366,-14,0,335,0,0,26,15,0,0,4,0,7588,-1936,220,-485,0,0,485,-7,-11,3,1,1166,0,0,0,1560,0,0,0,0,-562,168,521,68,736,0,0,20,0,0,-361,58,638,1034,856152,15761,11951,3792,18,840391,34046,235466,2866,119813,4257,32791,75739,290563,48971,46685,0,0,0,0,866,1033,387,0,200545,30800,856152,844087,336462,17917,7323,6544,4050,15994,73915,54974,0,15818,0,0,1514,1222,0,0,387,0,379751,20048,12065
1960:Q1,5056,296,4760,2791,383,1586,1927,1586,341,1927,683,63,1182,1182,1182,1182,0,227,515,296,955,955,4639,-747,-3884,1186,-6500,468,348,614,5100,1333,1210,0,0,0,0,87,28,8,0,3386,-549,4273,-6530,2503,-163,1268,1398,294,715,289,0,311,0,0,99,8,0,0,8,0,7194,97,366,-589,0,0,589,-2,28,-30,0,-2474,0,0,0,-3242,0,0,0,0,695,73,-1782,-286,-817,0,0,0,0,0,-642,-37,-694,-101,859269,15986,12141,3823,22,843283,33299,231582,4052,113313,4725,33139,76353,295663,47062,44653,0,0,0,0,953,1061,395,0,205352,30325,859269,847305,329932,20420,7160,7812,5448,16288,73527,54977,0,15312,0,0,1613,1230,0,0,395,0,387030,20108,11964
1960:Q2,5094,286,4808,2824,381,1603,1685,1603,82,1685,687,61,937,937,937,937,0,242,519,286,695,695,17487,-243,2199,173,445,154,289,1138,10095,1662,1617,0,0,0,0,13,27,5,0,3275,499,16129,6835,1308,656,624,28,187,617,244,0,333,0,0,21,14,0,0,5,0,7456,-274,1358,664,0,0,-664,-97,-87,-9,-1,397,0,0,0,1049,0,0,0,0,-425,-227,243,193,452,0,0,0,0,0,-408,6,57,1657,878069,16131,12218,3886,27,861938,33056,233781,4225,113758,4879,33428,77491,305758,49773,47319,0,0,0,0,966,1088,400,0,208972,30598,878069,864448,336767,21728,7816,8436,5476,16475,74789,55414,0,16097,0,0,1634,1244,0,0,400,0,394849,19840,13621
1960:Q3,5153,281,4872,2877,385,1610,1530,1610,-81,1530,680,59,789,789,789,789,0,237,510,281,552,552,17198,1027,6451,306,3849,162,757,1377,4879,1772,1733,0,0,0,0,8,28,3,0,3443,-374,16159,7597,885,114,616,155,-481,590,273,0,268,0,0,29,17,0,0,3,0,6875,693,1039,487,0,0,-487,-98,-73,-25,0,-2565,0,0,0,-3401,0,0,0,0,810,26,-1792,-357,-725,0,0,0,0,0,-688,-22,-871,405,893652,16270,12309,3925,36,877382,34083,240232,4531,117607,5041,34185,78868,310637,48144,45651,0,0,0,0,974,1116,403,0,214035,30251,893652,879626,344364,22613,7930,9052,5631,15994,74297,55330,0,15640,0,0,1663,1261,0,0,403,0,401847,20511,14026
1960:Q4,5211,282,4929,2905,388,1636,1465,1636,-171,1465,693,61,711,711,711,711,0,225,501,282,486,486,17497,-78,6787,-66,4099,472,650,1632,6594,1589,1536,0,0,0,0,15,32,6,0,3094,-489,16325,9479,1003,131,728,144,-592,255,68,0,137,0,0,27,17,0,0,6,0,6790,-610,1172,682,0,-4,-686,-124,-93,-32,1,2781,0,0,0,3756,0,0,0,0,-1189,214,1553,510,1249,0,0,-2,0,0,-274,70,1104,2497,914882,16371,12383,3943,45,898511,34005,247019,4465,121706,5513,34835,80500,317231,53489,50943,0,0,0,0,989,1148,409,0,216791,29976,914882,898359,353843,23616,8061,9780,5775,15402,76309,55908,0,17026,0,0,1690,1276,0,0,409,0,409214,19975,16523
1961:Q1,5370,288,5082,2974,398,1710,1457,1710,-253,1457,715,61,681,681,681,681,0,211,490,288,470,470,4971,-1456,1952,961,-1482,382,1230,861,2521,736,600,0,0,0,0,90,32,14,0,3202,-1984,4357,-3549,901,-482,450,933,-530,77,-466,0,418,0,0,98,13,0,0,14,0,6812,646,614,144,0,0,-144,-11,13,-23,-1,3749,-13,0,0,5499,0,0,0,0,-1629,-109,2540,738,1996,0,0,0,0,0,-256,62,1198,2023,924465,16571,12573,3947,51,907894,32516,248971,5426,120224,5895,36065,81361,319753,59724,57042,0,0,0,0,1079,1180,423,0,219046,27885,924465,905919,350294,24517,7579,10230,6708,14872,79120,56180,0,19440,0,0,1788,1289,0,0,423,0,416454,20662,18546
1961:Q2,5432,294,5138,3074,407,1657,1643,1657,-14,1643,691,61,892,892,892,892,0,215,501,294,677,677,18639,790,3750,-131,2311,90,-31,1511,6587,1796,1749,0,0,0,0,13,32,2,0,2740,2977,17248,10128,364,336,232,-204,-894,143,-173,0,288,0,0,19,7,0,0,2,0,7410,97,1391,714,0,0,-714,10,34,-23,-1,-535,-81,0,0,-610,0,0,0,0,-5,161,-332,74,275,0,0,0,0,0,-680,-1,-193,1413,943522,16796,12782,3957,57,926726,33225,252721,5295,122535,5985,36034,82872,326339,60910,58181,0,0,0,0,1092,1212,425,0,222509,31022,943522,923563,360422,24881,7915,10462,6504,13978,79612,56081,0,20003,0,0,1807,1296,0,0,425,0,423912,20758,19959
1961:Q3,5430,298,5132,3096,412,1624,1761,1624,137,1761,688,59,1014,1014,1014,1014,0,221,511,298,793,793,19173,927,7842,340,4633,-95,1806,1158,7253,1492,1444,0,0,0,0,8,33,7,0,3104,-1445,18696,8193,262,542,-80,-200,2511,188,-249,0,411,0,0,13,6,0,0,7,0,7094,448,477,-316,0,0,316,-6,22,-26,-2,498,62,0,0,718,0,0,0,0,-442,160,221,238,593,0,0,0,0,0,-613,3,271,969,964181,17011,12979,3969,63,947170,34214,260563,5635,127168,5890,37840,84030,333593,63120,60343,0,0,0,0,1100,1245,432,0,225943,29737,964181,943253,368615,25143,8457,10382,6304,16489,80631,56070,0,21007,0,0,1820,1302,0,0,432,0,431166,21209,20928
1961:Q4,5442,302,5140,3151,415,1574,1889,1574,315,1889,690,57,1142,1142,1142,1142,0,242,536,302,900,900,23604,2940,4882,-688,2456,474,845,1795,10705,1795,1741,0,0,0,0,7,34,13,0,3034,248,21691,13872,425,307,120,-2,1238,84,-469,0,554,0,0,15,-29,0,0,13,0,7224,-1152,1913,1035,0,22,-1013,20,52,-31,-1,2267,-27,0,0,3580,0,0,0,0,-1373,87,24035,22917,1314,0,0,162,0,0,-474,116,-21748,-19571,991131,17273,13209,3994,70,973858,37127,265445,4947,129624,6364,38685,85825,344296,68495,65664,0,0,0,0,1107,1279,445,0,228420,30075,991131,989774,382487,25568,8764,10502,6302,17727,105108,78518,0,22875,0,0,1835,1435,0,0,445,0,438733,20151,1357
1962:Q1,5499,304,5195,3195,415,1585,1826,1585,241,1826,664,51,1110,1110,1110,1110,0,262,561,304,848,848,9010,-1772,3828,1345,-891,632,1795,947,3368,1768,1685,0,36,0,0,5,34,8,0,2900,-1082,8490,-2188,1374,399,170,805,-698,516,98,0,389,0,0,14,7,0,0,8,0,7270,2216,520,-328,0,0,328,15,40,-26,1,-1539,27,0,0,-1872,0,0,0,0,377,-71,-2110,-975,-216,0,0,0,0,0,-913,-6,586,1368,997453,17550,13428,4046,76,979903,35382,269273,6292,128733,6996,40480,86772,347666,68391,65477,0,36,0,0,1112,1313,453,0,230269,28922,997453,994728,380299,26942,9163,10672,7107,17029,104433,77641,0,23048,0,0,1849,1442,0,0,453,0,443664,22361,2725
1962:Q2,5595,307,5288,3234,411,1643,1722,1643,79,1722,683,58,983,983,983,983,0,280,581,307,703,703,21002,262,3689,-286,157,487,1591,1740,9929,2549,2416,0,88,0,0,4,36,5,0,2366,2207,20286,11653,233,361,-159,31,-379,571,100,0,446,0,0,11,9,0,0,5,0,7569,639,716,13,0,0,-13,36,60,-24,0,-11325,193,0,0,-16391,-27,0,0,0,4832,68,-24733,-17952,-5058,0,0,0,0,0,-1717,-6,13444,14440,1006036,17866,13679,4105,82,988170,35837,272962,6006,128890,7483,42071,88512,357596,54522,51502,0,97,0,0,1116,1349,458,0,236057,31196,1006036,988871,391952,27175,9524,10513,7138,16650,81994,59789,0,18436,0,0,1860,1451,0,0,458,0,448106,22994,17165
1962:Q3,5639,310,5329,3267,417,1645,1744,1645,99,1744,689,74,981,981,981,981,0,281,585,310,700,700,18115,1745,2254,503,-281,-182,931,1283,9375,1430,1327,0,58,0,0,2,39,4,0,3150,161,17369,6022,770,589,-199,380,1336,113,-69,0,163,0,0,8,7,0,0,4,0,6942,2186,746,46,0,0,-46,-15,7,-22,0,915,-37,0,0,2002,3,0,0,0,-802,-251,3408,3405,489,0,0,0,0,0,-490,4,-2508,-1481,1023940,18132,13879,4162,91,1005808,37545,275216,6509,128609,7301,43002,89795,366971,57957,54831,0,158,0,0,1118,1388,462,0,237011,31108,1023940,1008256,397974,27945,10113,10314,7518,17986,86001,63125,0,19088,0,0,1868,1458,0,0,462,0,453166,25184,15684
1962:Q4,5652,314,5338,3291,426,1621,1883,1621,262,1883,669,102,1113,1113,1113,1113,0,259,566,314,854,854,27989,2268,8435,-524,4603,924,1441,1991,13486,1768,1696,0,22,0,0,8,37,5,0,2966,-934,27602,18625,767,288,519,-40,2520,309,4,0,252,0,0,16,32,0,0,5,0,7055,-1674,387,-493,0,-26,467,36,66,-30,0,4926,-94,0,0,5481,14,0,0,0,-1778,1303,13090,11666,1931,0,0,-126,0,0,-350,-31,-8128,-7508,1055774,18427,14125,4200,102,1037347,39720,283651,5985,133212,8225,44443,91786,380454,65220,62008,0,194,0,0,1126,1425,467,0,236823,31480,1055774,1047598,416599,28712,10401,10833,7478,20506,99781,74795,0,21271,0,0,1884,1364,0,0,467,0,458495,23505,8176
1963:Q1,5667,319,5348,3366,439,1543,1698,1543,155,1698,699,143,854,854,854,854,0,226,538,319,628,628,7282,-3123,2340,1269,-1527,150,1009,1439,4700,1487,1427,0,4,0,0,4,41,11,0,3521,-1643,7029,-2609,611,-825,412,1024,-878,468,220,0,219,0,0,11,7,0,0,11,0,7597,1840,253,-372,0,3,375,25,50,-26,1,1522,-4,0,0,2517,8,0,0,0,-1136,137,5348,4891,1059,0,0,0,0,0,-616,14,-3801,-3319,1065314,18678,14353,4218,107,1046636,36593,285991,7254,131685,8375,45452,93225,385155,69232,65952,0,206,0,0,1130,1466,478,0,239692,29973,1065314,1060457,413990,29323,9576,11245,8502,19628,106199,79906,0,22549,0,0,1895,1371,0,0,478,0,465961,25356,4857
1963:Q2,5712,323,5389,3411,452,1526,1700,1526,174,1700,685,170,845,845,845,845,0,230,547,323,615,615,25977,201,3765,288,98,135,1430,1814,14609,2225,2197,0,-20,0,0,7,38,3,0,2846,2331,26107,13395,1417,947,-18,488,558,418,281,0,119,0,0,15,0,0,0,3,0,8422,1897,-130,-745,0,0,745,15,38,-23,0,1321,22,0,0,1699,8,0,0,0,-727,319,5041,4726,1025,0,0,0,0,0,-709,-1,-3705,-3605,1093202,18923,14576,4232,115,1074279,36816,289756,7542,131783,8510,46882,95039,399765,73164,69848,0,194,0,0,1137,1504,481,0,242155,32623,1093202,1091950,427385,30740,10523,11227,8990,20186,112368,84913,0,23693,0,0,1910,1371,0,0,481,0,474019,27252,1252
1963:Q3,5808,328,5480,3483,467,1530,1716,1530,186,1716,678,190,846,846,846,846,0,247,568,328,599,599,19275,703,1565,367,-1184,157,932,1293,12249,1867,1815,0,-14,0,0,16,44,6,0,3522,-631,19855,4766,682,686,175,-179,2861,662,281,0,356,0,0,22,-3,0,0,6,0,8174,2710,-580,-1179,0,0,1179,29,48,-21,2,442,-61,0,0,829,3,0,0,0,-717,388,3971,4307,447,0,0,0,0,0,-788,5,-3500,-3833,1113402,19199,14812,4259,128,1094203,37458,291321,7909,130599,8667,47814,96332,412014,75863,72492,0,183,0,0,1153,1548,487,0,245166,32381,1113402,1115983,432151,31422,11209,11402,8811,23047,117784,89501,0,24496,0,0,1932,1368,0,0,487,0,481612,29967,-2581
1963:Q4,5934,332,5602,3572,483,1547,1734,1547,187,1734,675,199,860,860,860,860,0,285,610,332,575,575,30777,1786,4942,-606,2719,38,1011,1780,15654,2432,2352,0,10,0,0,18,42,10,0,3620,2343,28769,18401,1752,840,982,-70,1403,436,207,0,273,0,0,-30,-24,0,0,10,0,8438,-1661,2008,964,0,-470,-1434,-25,10,-36,1,-814,58,0,0,893,0,0,0,0,-680,-1085,-2383,-2157,446,0,0,93,0,0,-825,60,1544,3367,1143207,19459,15024,4292,143,1123748,39302,296263,7303,133318,8705,48825,98112,427668,79188,75737,0,193,0,0,1171,1590,497,0,248173,33154,1143207,1142421,450552,33174,12049,12384,8741,24450,116602,87551,0,25215,0,0,1902,1437,0,0,497,0,489292,28351,786
1964:Q1,6127,337,5790,3626,495,1669,1856,1669,187,1856,666,201,989,989,989,989,0,339,668,337,650,650,9916,-1236,1286,697,-1642,-349,772,1808,5025,1502,1398,0,30,0,0,18,45,11,0,3406,-67,9187,-1396,1780,-545,1091,1234,-2302,45,-29,0,55,0,0,10,-2,0,0,11,0,8838,2222,729,79,0,0,-79,4,13,-10,1,2236,41,0,0,3104,11,0,0,0,-1283,363,6219,5366,1611,0,0,0,0,0,-784,26,-3979,-2911,1156393,19802,15232,4404,166,1136591,38107,297549,8000,131676,8356,49597,99920,432693,83805,80239,0,234,0,0,1189,1635,508,0,250986,33451,1156393,1158518,449156,34954,11504,13475,9975,22148,123624,92888,0,26881,0,0,1912,1435,0,0,508,0,498037,30599,-2125
1964:Q2,6249,343,5906,3676,512,1718,1745,1718,27,1745,672,213,860,860,860,860,0,385,719,343,475,475,28886,1021,3417,522,-649,480,658,2406,18279,2370,2244,0,64,0,0,12,45,5,0,3188,611,28600,13345,1739,762,565,412,3067,431,15,0,390,0,0,15,6,0,0,5,0,9631,387,286,-189,0,0,189,170,196,-27,1,120,-55,0,0,811,3,0,0,0,-791,152,2385,2923,411,0,0,0,0,0,-955,6,-2095,-1424,1186478,20357,15647,4521,189,1166121,39073,300966,8522,131027,8836,50255,102326,450972,86989,83294,0,301,0,0,1201,1680,513,0,253906,34215,1186478,1190027,462501,36693,12266,14040,10387,25215,127389,95826,0,27682,0,0,1927,1441,0,0,513,0,507237,30992,-3549
1964:Q3,6464,351,6113,3761,531,1821,1759,1821,-63,1759,674,223,864,864,864,864,0,424,764,351,440,440,21307,289,4955,-169,2844,-106,1351,1035,8982,1985,1865,0,57,0,0,11,47,5,0,4006,1091,20877,9509,983,131,585,267,-883,276,-41,0,318,0,0,-12,6,0,0,5,0,9457,1535,430,-10,0,0,10,-15,32,-47,0,956,18,0,0,1560,12,0,0,0,-856,223,3276,3138,1131,0,0,0,0,0,-1006,13,-2335,-1481,1209505,20766,15917,4639,210,1188739,39380,305921,8353,133871,8730,51606,103361,459954,90546,86719,0,370,0,0,1212,1727,518,0,257410,35529,1209505,1214535,472010,37676,12397,14625,10654,24332,131934,98923,0,29131,0,0,1915,1447,0,0,518,0,516043,32540,-5030
1964:Q4,6563,361,6202,3836,542,1824,1610,1824,-214,1610,673,254,685,685,685,685,0,445,792,361,240,240,32220,2570,7120,194,3275,856,797,1998,15468,3245,3117,0,58,0,0,15,49,6,0,4026,-209,32210,19247,1146,164,900,82,1911,455,19,0,427,0,0,15,-12,0,0,6,0,9773,-322,10,-213,0,17,230,193,253,-59,-1,-1067,29,0,0,-968,-12,0,0,0,-442,327,-4329,-2921,-442,0,0,100,0,0,-1135,69,3455,3927,1241482,21404,16418,4757,229,1220078,41978,313041,8547,137146,9586,52403,105359,475434,92811,88868,0,416,0,0,1227,1776,524,0,261180,35634,1241482,1242585,491257,38822,12561,15525,10736,26743,129126,96021,0,29116,0,0,1930,1535,0,0,524,0,524867,31770,-1103
1965:Q1,6629,373,6256,3876,548,1832,2152,1832,320,2152,614,287,1252,1252,1252,1252,0,478,840,373,774,774,14446,-2083,2093,1108,-2312,247,1377,1673,9405,2080,1976,0,21,0,0,20,51,12,0,4114,-1163,14711,734,1613,171,490,952,-1354,573,-43,0,568,0,0,30,6,0,0,12,0,10195,2950,-265,-1034,0,5,1039,-94,-6,-85,-3,199,51,0,0,256,7,0,0,0,-450,335,1914,2271,781,0,0,0,0,0,-1148,10,-1809,-1591,1257655,21788,16631,4912,245,1235867,40140,315134,9655,134834,9833,53780,107032,484839,95154,91100,0,444,0,0,1247,1827,536,0,265793,34807,1257655,1260349,492379,40435,12732,16015,11688,25389,132751,98249,0,30465,0,0,1960,1541,0,0,536,0,534864,34531,-2694
1965:Q2,6734,385,6349,3945,542,1862,2111,1862,249,2111,625,293,1194,1194,1194,1194,0,491,864,385,703,703,33356,1820,3611,699,-1133,141,1624,2280,19891,3125,3032,0,25,0,0,13,50,5,0,4077,832,32702,15513,1774,1232,66,476,3905,200,-123,0,299,0,0,31,-12,0,0,5,0,11000,310,654,-49,0,0,49,0,88,-87,-1,-3161,54,0,0,-4491,-12,0,0,0,1004,284,-6747,-4532,-727,0,0,0,0,0,-1460,-28,3586,4731,1289047,22279,16956,5056,267,1266768,42014,318745,10354,133701,9974,55404,109312,504730,93776,89641,0,457,0,0,1260,1877,541,0,271578,35925,1289047,1287010,507892,42209,13964,16081,12164,29294,127692,93594,0,30037,0,0,1991,1529,0,0,541,0,545110,34813,2037
1965:Q3,6916,396,6520,4024,544,1952,1915,1952,-38,1915,655,266,995,995,995,995,0,492,876,396,503,503,16752,-735,1274,23,-1625,307,1211,1358,9618,2178,2130,0,-18,0,0,10,53,3,0,5051,-634,16839,3735,482,558,-196,120,-136,475,-258,0,723,0,0,21,-14,0,0,3,0,10828,1455,-87,-590,0,0,590,-40,17,-54,-3,3726,203,0,0,6105,27,0,0,0,-2773,165,8832,7413,2065,0,0,0,0,0,-735,89,-5146,-4741,1310435,22731,17203,5236,292,1287704,41482,320019,10377,132076,10281,56615,110670,514348,102086,97876,0,466,0,0,1270,1930,544,0,274314,35456,1310435,1313139,511627,42691,14522,15885,12284,29158,137645,100749,0,32825,0,0,2012,1515,0,0,544,0,555661,36357,-2704
1965:Q4,7247,407,6840,4134,557,2149,2038,2149,-111,2038,737,208,1093,1093,1093,1093,0,501,894,407,592,592,36130,1946,7224,-1003,5047,245,484,2451,18655,3458,3381,0,-2,0,0,7,65,7,0,5129,-282,35314,20760,683,193,845,-355,3077,333,-220,0,560,0,0,17,-31,0,0,7,0,11223,-762,816,230,0,5,-225,245,322,-74,-3,1820,-148,0,0,2480,16,0,0,-10,-1236,718,6215,5534,1835,0,0,31,0,0,-1202,17,-4150,-2828,1349345,23477,17765,5388,324,1325868,43280,327243,9374,137123,10526,57099,113121,533003,108030,103737,0,480,0,0,1277,1985,551,0,278419,35894,1349345,1354877,532387,43374,14715,16730,11929,32235,145378,106063,0,35220,0,0,2029,1515,0,0,551,0,565896,35607,-5532
1966:Q1,7358,418,6940,4225,557,2158,2023,2158,-135,2023,701,123,1200,1200,1200,1200,0,495,900,418,705,705,15291,-749,1117,711,-3932,691,868,2779,7141,2467,2354,0,21,0,0,26,57,9,0,4740,575,13938,-2395,3142,1044,391,1707,-1918,1215,72,0,1048,0,0,98,-12,0,0,9,0,11803,2091,1353,641,0,-7,-648,-126,-30,-90,-6,-2777,-300,0,0,-2713,-5,0,0,0,580,-339,-4582,-2829,-95,0,0,0,0,0,-1627,-31,1679,3520,1363471,23846,17957,5550,339,1339625,42231,328360,10085,133191,11217,57967,115900,540144,107779,103378,0,496,0,0,1303,2042,560,0,285223,35889,1363471,1365483,529992,46516,15759,17121,13636,30317,143669,103306,0,36173,0,0,2127,1503,0,0,560,0,577556,37433,-2012
1966:Q2,7363,428,6935,4315,574,2046,1915,2046,-131,1915,681,68,1166,1166,1166,1166,0,488,902,428,678,678,35381,819,2826,-134,-1713,1016,1217,2440,21555,3796,3665,0,36,0,0,36,57,2,0,5319,1067,34757,16370,3019,2654,317,48,2874,912,157,0,644,0,0,96,13,0,0,2,0,12590,-1008,624,-54,0,0,54,356,413,-53,-4,-4148,183,0,0,-5799,-20,0,0,0,1584,-96,-6616,-3422,-1388,0,0,0,0,0,-1776,-30,2824,3936,1396714,24690,18583,5746,361,1372024,43232,331186,9951,131478,12233,59184,118340,561698,105756,101244,0,512,0,0,1339,2099,562,0,293290,36862,1396714,1394790,546362,49535,18413,17438,13684,33191,139771,100041,0,35429,0,0,2223,1516,0,0,562,0,589536,36395,1924
1966:Q3,7565,439,7126,4386,590,2150,1927,2150,-224,1927,688,41,1198,1198,1198,1198,0,482,908,439,716,716,14355,347,2830,1236,286,-614,664,1258,3213,1856,1693,0,77,0,0,21,61,4,0,5583,526,13961,-1472,1666,865,424,377,-2441,210,-139,0,284,0,0,47,14,0,0,4,0,12269,3729,394,-322,0,0,322,-5,44,-46,-3,-8418,-95,0,0,-11688,-59,0,0,0,3483,-59,-17246,-11542,-3489,0,0,0,0,0,-2098,-117,8823,9699,1403972,25167,18844,5937,386,1378805,43484,334016,11187,131764,11619,59848,119598,564911,95865,91249,0,530,0,0,1360,2160,566,0,303200,37329,1403972,1392349,544890,51201,19278,17862,14061,30750,124950,88360,0,32224,0,0,2270,1530,0,0,566,0,600551,40007,11623
1966:Q4,7660,450,7210,4457,603,2150,2212,2150,62,2212,670,43,1498,1498,1498,1498,0,480,916,450,1018,1018,34183,2739,10161,1033,6169,351,-130,2738,12955,4114,4040,0,1,0,0,9,60,4,0,5986,-1772,32954,18296,3009,940,468,1601,2766,893,297,0,506,0,0,23,63,0,0,4,0,12818,-4828,1229,185,0,-26,-211,241,262,-20,-1,2927,189,0,0,3929,23,0,0,2,-1611,396,20431,19552,2099,0,0,-161,0,0,-1029,-30,-17263,-15580,1442329,25888,19312,6159,417,1416441,46412,344177,12220,137933,11970,59718,122336,577866,103933,99218,0,554,0,0,1369,2222,570,0,308100,35954,1442329,1446286,563186,54210,20218,18330,15662,33516,147333,108209,0,34829,0,0,2293,1432,0,0,570,0,612866,35175,-3957
1967:Q1,7986,462,7524,4590,613,2321,1986,2321,-335,1986,774,76,1136,1136,1136,1136,0,477,923,462,659,659,19260,-1159,11476,2291,2574,1020,2991,2600,-957,3143,3083,0,-24,0,0,18,58,8,0,6449,308,17798,2036,1715,-480,300,1895,-2803,590,23,0,518,0,0,32,9,0,0,8,0,12844,3416,1462,839,0,36,-803,105,92,12,1,6594,-184,0,0,11084,55,0,0,0,-4362,1,12393,8665,3933,0,0,0,0,0,-379,174,-5694,-3719,1469658,26470,19614,6406,450,1443188,45069,355653,14511,140507,12990,62709,124936,576932,118215,113385,0,585,0,0,1387,2280,578,0,311184,36135,1469658,1477334,565222,55925,19738,18630,17557,30713,160521,116897,0,39280,0,0,2325,1441,0,0,578,0,626514,38439,-7676
1967:Q2,8239,474,7765,4746,626,2393,1892,2393,-501,1892,787,105,999,999,999,999,0,501,958,474,498,498,30869,536,4718,616,-4004,1270,3698,3138,14221,4507,4410,0,24,0,0,5,61,7,0,6098,789,30569,18080,-852,-465,-367,-20,806,65,-240,0,291,0,0,6,1,0,0,7,0,13788,-1318,300,-198,0,0,198,100,115,-14,-1,-140,178,0,0,-823,13,0,0,0,-71,563,-3792,-3339,858,0,0,0,0,0,-1322,11,3752,4553,1501781,27071,19934,6654,483,1474710,45783,360371,15127,136503,14260,66407,128074,591153,121912,116972,0,622,0,0,1392,2341,585,0,318004,37487,1501781,1504904,583302,55073,19273,18263,17537,31519,158105,113318,0,40429,0,0,2331,1442,0,0,585,0,639773,37132,-3123
1967:Q3,8471,489,7982,4909,645,2428,2063,2428,-365,2063,792,128,1143,1143,1143,1143,0,529,1003,489,614,614,31657,1763,11048,-257,6142,-2,1417,3748,7535,3945,3870,0,4,0,0,2,65,4,0,6410,956,31553,14428,306,-42,208,140,2088,137,-238,0,349,0,0,21,1,0,0,4,0,13549,1045,104,-510,0,0,510,93,136,-40,-3,3037,-34,0,0,4840,36,0,0,0,-2264,459,14421,12864,2471,0,0,0,0,0,-997,83,-11291,-10658,1537687,27693,20285,6897,511,1509994,47512,371419,14870,142645,14258,67824,131822,598688,130733,125682,0,662,0,0,1394,2406,589,0,322739,38903,1537687,1551468,597730,55379,19231,18471,17677,33607,173577,125944,0,43249,0,0,2352,1443,0,0,589,0,652915,38260,-13781
1967:Q4,8735,505,8230,5030,658,2542,2558,2542,16,2558,811,145,1602,1602,1602,1602,0,606,1094,505,996,996,49288,2675,11554,376,4838,956,2336,3048,26817,3366,3249,0,38,0,0,1,69,9,0,6452,-1576,41127,24563,2668,1107,827,734,2373,-331,-275,0,-63,0,0,19,-21,0,0,9,0,13869,-2015,8161,7176,0,11,-7165,182,269,-83,-4,111,257,0,0,-1922,0,0,0,-2,446,1333,-8480,-8021,1122,0,0,84,0,0,-1715,50,8773,17551,1588257,28481,20782,7157,542,1559776,50444,382973,15246,147483,15214,70160,134870,625505,132175,127009,0,700,0,0,1395,2473,598,0,330020,38660,1588257,1584487,622293,58047,20338,19298,18411,35980,166431,117648,0,44308,0,0,2371,1506,0,0,598,0,665452,36284,3770
1968:Q1,8957,523,8434,5170,678,2586,2396,2586,-190,2396,899,156,1342,1342,1342,1342,0,706,1209,523,636,636,12527,647,7731,2079,803,907,1606,2336,-4544,3376,3162,0,107,0,0,22,71,14,0,7067,-1751,19386,-2463,3056,1293,150,1613,-1719,1245,122,0,1064,0,0,43,2,0,0,14,0,14425,4842,-6859,-7495,0,0,7495,293,324,-30,-1,-8453,-265,0,4,-11918,-73,0,0,0,3388,411,-5363,572,-3423,0,0,0,0,0,-2382,-130,-2797,-8950,1596199,29480,21429,7474,577,1566719,50826,390704,17325,148286,16121,71766,137206,620965,123560,118253,0,734,0,0,1417,2544,612,0,343344,37320,1596199,1601379,619830,61103,21631,19448,20024,34261,164825,118342,0,41949,0,0,2414,1508,0,0,612,0,680364,40996,-5180
1968:Q2,9220,542,8678,5334,691,2653,2544,2653,-109,2544,921,178,1447,1447,1447,1447,0,729,1253,542,718,718,37560,-434,2600,-563,-645,424,1606,1778,22159,4947,4912,0,-52,0,0,9,73,5,0,7084,1205,36090,13994,1999,1584,-1,416,3436,833,334,0,426,0,0,59,9,0,0,5,0,15554,274,1470,752,0,0,-752,262,294,-31,-1,8013,-398,0,0,14081,80,0,0,0,-5885,135,33674,28963,5118,0,0,0,0,0,-584,177,-25399,-23200,1645139,30471,22052,7806,613,1614668,49995,393304,16762,147641,16545,73372,138984,642983,142668,137246,0,762,0,0,1426,2617,617,0,347092,38627,1645139,1673519,633824,63102,23215,19447,20440,37697,199739,147639,0,47493,0,0,2473,1517,0,0,617,0,697884,41273,-28380
1968:Q3,9499,562,8937,5512,711,2714,2470,2714,-244,2470,920,213,1338,1338,1338,1338,0,763,1305,562,575,575,41508,3982,12560,986,5303,736,2976,2559,11336,4803,4736,0,11,0,0,-25,79,2,0,7681,1146,40443,17454,156,240,-62,-22,1691,656,220,0,593,0,0,-172,13,0,0,2,0,15219,5267,1065,491,0,0,-491,142,192,-49,-1,720,25,0,0,2383,25,0,0,0,-1594,-119,19115,18930,1828,0,0,0,0,0,-1663,20,-18253,-16425,1690502,31376,22576,8147,653,1659126,54002,405864,17748,152944,17281,76348,141543,654176,149879,144365,0,798,0,0,1401,2696,619,0,355408,39798,1690502,1735307,651278,63258,23455,19385,20418,39388,221153,166789,0,49914,0,0,2301,1530,0,0,619,0,713670,46560,-44805
1968:Q4,9716,584,9132,5649,733,2750,2548,2750,-202,2548,890,252,1407,1407,1407,1407,0,792,1359,584,615,615,46796,1111,7819,-28,1156,700,3341,2650,25704,6380,6219,0,63,0,0,2,85,11,0,7571,-1789,48143,26190,2138,650,510,978,4524,658,312,0,429,0,0,-83,-11,0,0,11,0,16245,-1612,-1347,-1957,0,5,1962,555,581,-25,-1,2327,503,0,0,381,-3,0,0,-5,-1118,2570,-21436,-20618,889,0,0,55,0,0,-1828,66,24318,23768,1742884,32723,23504,8523,696,1710161,55615,413683,17720,154100,17981,79689,144193,679879,156632,150965,0,858,0,0,1403,2776,630,0,363772,40580,1742884,1763921,677468,65396,24105,19895,21396,43912,202137,146483,0,51232,0,0,2218,1574,0,0,630,0,729999,45009,-21037
1969:Q1,10322,608,9714,5795,760,3159,2759,3159,-401,2759,930,305,1525,1525,1525,1525,0,786,1372,608,739,739,17296,-966,-2043,2135,-7068,420,284,2186,6382,5024,3842,0,144,0,0,39,88,11,900,8925,-26,17440,-9165,3256,1239,-640,2657,-491,3398,1328,0,1089,0,0,63,7,0,900,11,0,17083,3359,-144,-943,0,-60,883,236,307,-71,0,-6329,-20,0,2,-7843,-62,0,0,0,1736,-142,-16099,-11426,-1982,0,0,0,0,0,-2622,-69,10006,10588,1757824,33745,24118,8897,730,1724079,54630,411640,19855,147032,18401,79973,146379,686263,153751,146964,0,940,0,0,1442,2864,641,900,377443,40353,1757824,1768273,668303,68652,25344,19255,24053,43421,192127,136385,0,50339,0,0,2281,1581,0,900,641,0,747471,48299,-10449
1969:Q2,10443,631,9812,5876,797,3139,2575,3139,-565,2575,887,331,1359,1359,1359,1359,0,766,1373,631,593,593,47950,-1910,2016,1644,-3831,218,1552,2433,27095,7806,6615,0,175,0,0,9,89,18,900,9004,3939,47483,14535,4711,2416,-469,2764,4102,3490,1694,0,813,0,0,51,14,0,900,18,0,18335,2310,467,-867,0,-741,126,345,380,-34,-1,-7068,-121,0,0,-7666,-69,0,0,0,1074,-286,-17025,-11406,-3100,0,0,0,0,0,-2478,-41,10302,10794,1802369,34856,24802,9283,771,1767513,52609,413216,21499,143201,18619,81525,148372,713489,153822,145913,0,1046,0,0,1451,2953,659,1800,389975,44403,1802369,1802024,682969,73363,27760,18786,26817,47523,181111,126673,0,48052,0,0,2332,1595,0,1800,659,0,765783,51275,345
1969:Q3,10580,654,9926,5995,816,3115,2586,3115,-529,2586,878,328,1380,1380,1380,1380,0,763,1396,654,617,617,30532,3701,2210,3214,-2970,122,-78,1922,12490,5104,3966,0,143,0,0,-7,95,7,900,9086,-2059,32420,-5004,6905,2945,792,3168,655,3479,1623,0,911,0,0,25,13,0,900,7,0,18374,8011,-1888,-2505,0,0,2505,370,332,32,6,-4622,301,0,0,-7159,-30,0,0,0,2027,239,-217,3593,-1023,0,0,0,0,0,-2689,-98,-4035,-5160,1831382,35989,25452,9708,829,1795393,57291,415426,24713,140231,18741,81447,150294,725979,151737,142720,0,1159,0,0,1444,3048,666,2700,402985,41976,1831382,1836197,673815,80268,30705,19578,29985,48178,187160,131889,0,47940,0,0,2357,1608,0,2700,666,0,783366,63410,-4815
1969:Q4,10776,677,10099,6156,821,3122,2501,3122,-621,2501,919,298,1285,1285,1285,1285,0,741,1393,677,544,544,50674,479,8991,1945,4037,863,-209,2355,22096,7943,6754,0,148,0,0,34,104,3,900,10096,1069,49335,20317,7183,3144,1274,2765,4949,2037,490,0,518,0,0,69,57,0,900,3,0,19216,-4367,1339,753,0,-42,-795,529,475,51,3,-4200,119,0,35,-3179,-42,0,0,-5,-101,-1027,-7159,-3798,-870,0,0,-206,0,0,-2188,-97,3488,5526,1880469,37259,26242,10121,896,1843210,57886,424417,26658,144268,19604,81238,152649,748108,156454,146295,0,1265,0,0,1478,3147,669,3600,414322,42024,1880469,1879758,694132,87451,33849,20852,32750,53127,184323,128581,0,47588,0,0,2426,1459,0,3600,669,0,801737,58988,711
1970:Q1,10948,699,10249,6318,803,3128,2223,3128,-905,2223,896,236,1091,1091,1091,1091,0,714,1390,699,377,377,24236,1042,5596,4974,-5110,1129,1458,3145,989,2567,1356,0,115,0,0,80,104,12,900,10391,3652,23878,-10166,7260,3928,-564,3896,-1827,2610,1347,0,471,0,0,-131,11,0,900,12,0,16716,9285,358,-19,0,0,19,308,286,12,10,1547,-381,0,0,-2345,-9,0,0,0,4004,278,3724,581,310,0,0,0,0,0,2895,-62,-1869,-797,1911068,38281,26825,10485,971,1872787,58547,430013,31632,139158,20733,82696,155794,749096,156667,145306,0,1371,0,0,1558,3251,681,4500,432547,45917,1911068,1911154,683966,94711,37777,20288,36646,51300,187824,130509,0,48369,0,0,2295,1470,0,4500,681,0,825179,68174,-86
1970:Q2,11054,722,10332,6381,794,3157,2856,3157,-301,2856,911,178,1768,1768,1768,1768,0,725,1422,722,1043,1043,43671,-426,9303,569,956,806,2731,4241,19481,4453,2927,0,483,0,0,28,111,4,900,9587,1274,43080,20109,3411,1758,209,1444,1735,3366,1944,0,464,0,0,47,7,0,900,4,0,17758,-3299,591,-452,0,0,452,848,857,-5,-4,-19752,-72,0,2,-30702,-368,0,0,0,10824,565,-44348,-31594,-9632,0,0,0,0,0,-2907,-215,25444,26760,1940000,39854,27985,10828,1041,1900146,58049,439316,32201,140114,21539,85427,160035,768578,130050,117531,0,1486,0,0,1586,3362,685,5400,456489,47664,1940000,1913326,704075,98122,39535,20497,38090,53035,149964,100859,0,39201,0,0,2342,1477,0,5400,685,0,843562,64568,26674
1970:Q3,11433,747,10686,6503,806,3377,2980,3377,-397,2980,1030,118,1831,1831,1831,1831,0,755,1474,747,1076,1076,35548,2958,11032,-3696,7107,1875,3392,2354,13156,1499,-382,0,-52,0,0,13,114,6,1800,10222,-3319,36226,22780,-1621,2012,671,-4304,2023,872,-1507,0,547,0,0,20,6,0,1800,6,0,17421,-5249,-678,-1754,0,0,1754,31,89,-53,-5,11219,7,0,0,19693,157,0,0,0,-8123,-515,22571,15578,4424,0,0,0,0,0,2317,252,-11321,-11244,1991035,40640,28383,11150,1107,1950395,61014,450348,28505,147221,23414,88819,162389,781734,151399,136842,0,1591,0,0,1599,3476,691,7200,461820,44080,1991035,1975605,726855,96501,41547,21168,33786,55058,170838,114930,0,44172,0,0,2362,1483,0,7200,691,0,866534,59819,15430
1970:Q4,11851,772,11079,6644,836,3599,2308,3599,-1292,2308,1140,54,1114,1114,1114,1114,0,755,1500,772,359,359,59745,3977,20129,-2001,10006,2951,4979,4194,17583,7271,5335,0,-9,0,0,8,126,11,1800,9870,916,59961,34454,3194,2087,1826,-719,2620,4080,2129,0,93,0,0,34,13,0,1800,11,0,18045,-2432,-216,-584,0,-9,575,411,462,-43,-8,6678,-189,0,0,11458,84,0,0,-5,-5144,474,9336,5119,2547,0,0,-18,0,0,1556,132,-2247,-1717,2061437,41806,29168,11476,1162,2019631,64803,470477,26504,157227,26365,93798,166583,799209,170207,153635,0,1666,0,0,1607,3597,702,9000,469478,45458,2061437,2047724,761309,99695,43634,22994,33067,57678,182566,122178,0,46812,0,0,2396,1478,0,9000,702,0,889067,57409,13713
1971:Q1,11954,798,11156,6774,905,3477,2944,3477,-533,2944,1143,-7,1809,1809,1809,1809,0,851,1621,798,958,958,39913,2227,12726,-720,2142,1631,5063,4610,5264,5623,4685,0,-130,0,0,22,131,15,900,11192,2882,39666,15309,205,171,1494,-1460,1050,1341,222,0,152,0,0,40,12,0,900,15,0,18332,3429,247,6,-3,720,711,633,681,-34,-14,11194,-38,0,3,18098,177,0,0,0,-7327,281,23568,15614,5723,0,0,0,0,0,2057,174,-11741,-9926,2119199,43287,30196,11882,1209,2075912,66992,483203,25784,159369,27996,98861,171193,804475,194105,176418,0,1713,0,0,1629,3728,717,9900,478557,48580,2119199,2115412,776618,99900,43805,24488,31607,58728,205244,138014,0,52687,0,0,2436,1490,0,9900,717,0,914671,60251,3787
1971:Q2,12128,823,11305,6951,958,3396,2927,3396,-469,2927,1189,-44,1782,1782,1782,1782,0,915,1710,823,867,867,49100,-628,6261,-1068,-2786,3203,3744,3168,26073,6313,5281,0,11,0,0,-27,136,12,900,10228,853,49139,29531,1114,691,263,160,458,2465,1544,0,-2,0,0,-6,17,0,900,12,0,19556,-3985,-39,-906,0,0,906,621,748,-116,-11,-178,30,0,0,-1211,7,0,0,0,152,844,-6530,-6767,276,0,0,0,0,0,25,-64,6973,7849,2174554,44823,31308,12251,1264,2129731,66394,489464,24716,156583,31199,102605,174361,829820,199214,180488,0,1731,0,0,1602,3864,729,10800,493909,50930,2174554,2162918,806149,101014,44496,24751,31767,59186,201218,132791,0,52961,0,0,2430,1507,0,10800,729,0,939225,56126,11636
1971:Q3,12733,848,11885,7092,1014,3779,2934,3779,-846,2934,1252,-56,1739,1739,1739,1739,0,928,1745,848,811,811,49786,2234,5538,421,-1884,1393,3549,2059,22800,6910,4941,0,26,0,0,-2,140,5,1800,10842,1462,48861,13215,4290,2508,1072,710,1101,2381,875,0,-317,0,0,4,14,0,1800,5,0,19230,8644,925,114,0,0,-114,563,754,-182,-9,-459,-37,0,2,1859,-18,0,0,0,-1681,-584,4756,4585,-430,0,0,0,0,0,615,-14,-4652,-2799,2230350,46314,32431,12554,1329,2184036,68591,495002,25137,154699,32592,106154,176420,852622,207965,187288,0,1739,0,0,1600,4004,734,12600,507799,52057,2230350,2221513,819364,105304,47004,25823,32477,60287,207754,138251,0,52214,0,0,2434,1521,0,12600,734,0,963800,65004,8837
1971:Q4,12951,872,12079,7256,1055,3768,3197,3768,-571,3197,1229,-47,2014,2014,2014,2014,0,926,1766,872,1088,1088,71987,5591,19873,-466,8191,2367,4221,5560,30029,6016,4999,0,-70,0,0,18,161,8,900,10247,231,70713,41528,5482,2533,1579,1370,5320,1786,562,0,284,0,0,56,-24,0,900,8,0,19854,-3257,1274,213,0,27,-186,439,630,-178,-13,6133,-21,0,11,7764,81,0,0,-9,-3202,1509,8692,4379,2948,0,0,200,0,0,1013,152,-2120,107,2314405,47679,33427,12855,1397,2266726,73628,514875,24671,162890,34959,110375,181980,883285,221817,200051,0,1750,0,0,1618,4156,742,13500,519332,53789,2314405,2305461,860892,110786,49537,27402,33847,65607,217067,143192,0,55446,0,0,2490,1697,0,13500,742,0,989156,61953,8944
1972:Q1,13309,896,12413,7379,1046,3988,3520,3988,-469,3520,1301,-8,2226,2226,2226,2226,0,906,1769,896,1320,1320,49462,3193,10945,438,-386,3186,3444,4263,17619,4960,3831,0,-40,0,0,91,159,19,900,10697,2049,48879,12054,3380,1456,1629,295,2899,2539,1628,0,-124,0,0,101,15,0,900,19,0,21518,6489,583,-737,0,0,737,665,674,0,-9,5853,34,0,5,10986,53,0,0,0,-5244,20,12745,8892,2226,0,0,0,0,0,1542,85,-6227,-4738,2377672,49250,34463,13348,1439,2328422,76855,525820,25109,162504,38145,113819,186243,900908,237816,214868,0,1763,0,0,1709,4315,761,14400,531241,55782,2377672,2373466,872946,114166,50993,29031,34142,68506,230724,153712,0,57548,0,0,2591,1712,0,14400,761,0,1018674,68450,4206
1972:Q2,13621,923,12698,7648,1062,3988,3496,3988,-492,3496,1355,12,2128,2128,2128,2128,0,887,1775,923,1241,1241,65045,116,6806,-1001,-2861,2687,3231,4750,37614,7125,6020,0,14,0,0,12,168,11,900,7937,5447,65064,29821,3539,2640,1661,-762,4486,1288,873,0,-555,0,0,48,11,0,900,11,0,23725,2205,-19,-1326,-66,0,1260,515,521,-3,-3,-1466,-122,0,-4,-3454,-12,0,0,0,1703,422,-6355,-5907,-337,0,0,0,0,0,-58,-53,5404,6206,2449423,50586,35277,13822,1487,2398837,76850,532626,24108,159643,40832,117050,190993,938419,241475,217434,0,1765,0,0,1721,4483,772,15300,546877,62591,2449423,2439011,903589,117705,53633,30692,33380,72992,225768,148678,0,56656,0,0,2639,1723,0,15300,772,0,1048337,70620,10412
1972:Q3,13651,952,12699,7899,1066,3734,3439,3734,-295,3439,1316,19,2103,2103,2103,2103,0,893,1812,952,1210,1210,59033,5747,6070,-80,-2291,2102,2849,3490,29697,6620,4608,0,20,0,0,8,178,6,1800,8513,2386,58387,24235,2672,1735,1398,-461,4714,3859,2209,0,-183,0,0,15,12,0,1800,6,0,23636,-729,646,-564,0,0,564,448,486,-41,3,435,154,0,-13,-482,-9,0,0,0,461,324,4459,4517,-264,0,0,0,0,0,241,-35,-3576,-2037,2515826,51927,36122,14266,1539,2463899,82751,538696,24028,157352,42934,119899,194483,968172,247604,221560,0,1776,0,0,1729,4661,778,17100,561385,65292,2515826,2507451,927824,120377,55368,32090,32919,77706,233880,155404,0,56209,0,0,2654,1735,0,17100,778,0,1077749,69915,8375
1972:Q4,13711,985,12726,8041,1085,3600,3569,3600,-32,3569,1343,11,2214,2214,2214,2214,0,1005,1953,985,1209,1209,88091,-1685,18007,-661,8058,3491,2229,4890,48652,8648,6627,0,-44,0,0,27,223,15,1800,9787,4682,89717,43216,6813,2578,2434,1801,8386,4279,3028,0,-599,0,0,76,-41,0,1800,15,0,23603,3420,-1626,-3992,0,-1157,2835,576,717,-142,1,11018,128,0,-8,14196,79,0,0,-35,-5871,2529,6727,1364,3316,0,0,265,0,0,1589,193,4867,3089,2622177,53508,37220,14702,1586,2568669,83223,556701,23367,165425,46410,122126,199373,1017087,270492,242383,0,1811,0,0,1756,4849,793,18900,570374,70793,2622177,2610713,973736,127190,57946,34524,34720,86179,243104,159796,0,58926,0,0,2730,1959,0,18900,793,0,1108016,72488,11464
1973:Q1,14021,1023,12998,8206,1113,3679,3853,3679,174,3853,1340,9,2504,2504,2504,2504,0,1155,2138,1023,1349,1349,63275,2991,2941,259,-2915,1958,1046,2593,35980,3569,2698,0,286,0,0,187,199,14,185,10549,7245,58918,18032,4739,2760,1590,389,3458,5007,4719,0,-372,0,0,216,-12,257,185,14,0,23228,4454,4357,1995,0,-1013,-3008,548,498,32,18,-11987,-72,0,-4,-18664,-221,0,0,0,7573,-600,-37587,-29752,-5711,0,0,0,0,0,-1889,-235,26148,30647,2671491,55211,38163,15364,1684,2616280,86142,559642,23626,162510,48368,123172,201966,1053063,256176,226417,0,1876,0,0,1943,5048,807,20085,584819,76438,2671491,2629380,991768,131929,60706,36114,35109,89637,213648,134763,0,52843,0,0,2946,1947,257,20085,807,0,1125678,76720,42111
1973:Q2,14297,1066,13231,8343,1129,3759,3509,3759,-251,3509,1363,29,2118,2118,2118,2118,0,1313,2337,1066,805,805,83871,1999,8097,1746,-3547,4207,2133,3558,50875,5637,4080,0,288,0,0,65,211,13,980,10672,6591,82585,30725,8844,6493,397,1954,6452,4943,3801,0,-248,0,0,130,18,249,980,13,0,23933,7688,1286,464,-18,0,-482,837,763,63,11,-11045,0,0,-3,-18637,-195,0,0,0,7769,21,-28003,-20943,-4582,0,0,0,0,0,-2310,-168,17795,20376,2742526,57343,39396,16163,1784,2685183,88141,567739,25372,158963,52575,125305,205524,1103935,242981,211860,0,1969,0,0,2008,5259,820,21065,599337,83050,2742526,2680039,1022493,140773,67199,36511,37063,96089,193066,117621,0,48013,0,0,3076,1965,506,21065,820,0,1143378,84240,62487
1973:Q3,14573,1114,13459,8509,1151,3799,3686,3799,-113,3686,1269,83,2333,2333,2333,2333,0,1431,2502,1114,902,902,72214,9397,6533,1624,-2438,3640,1872,1835,38754,2120,1585,0,-52,0,0,81,219,9,278,12524,2886,68791,17188,10208,6529,1184,2495,6091,6351,5791,0,-118,0,0,137,25,229,278,9,0,23331,5622,3423,2521,0,0,-2521,978,1009,-31,0,9343,0,0,-5,18893,155,0,0,0,-8214,-1486,20809,15217,4032,0,0,0,0,0,1539,21,-10488,-5634,2822322,59752,40933,16936,1883,2762570,97538,574272,26996,156525,56215,127177,207359,1142684,264149,232338,0,2072,0,0,2089,5478,829,21343,599476,84451,2822322,2765469,1039681,150981,73728,37695,39558,102180,218666,138629,0,51927,0,0,3213,1990,735,21343,829,0,1164078,89883,56853
1973:Q4,15174,1167,14007,8679,1159,4169,4098,4169,-72,4098,1251,202,2646,2646,2646,2646,0,1510,2635,1167,1136,1136,87477,-199,22426,3795,7666,3440,4280,3245,37077,7349,5752,0,336,0,0,33,253,15,960,13034,7790,83654,36451,8049,4149,1786,2114,6402,1456,579,0,-390,0,0,63,14,215,960,15,0,23975,7321,3823,2714,0,27,-2687,719,902,-182,-1,-16747,0,0,-14,-27298,-243,0,0,-18,11900,-1074,-28713,-20462,-4902,0,0,235,0,0,-3641,57,12685,18045,2892022,61981,42377,17616,1988,2830041,97339,596698,30791,164191,59655,131457,210604,1179747,243939,210792,0,2165,0,0,2122,5713,844,22303,619993,92325,2892022,2817124,1077289,159030,77877,39481,41672,108582,194993,118746,0,46635,0,0,3276,2239,950,22303,844,0,1179996,97234,74898
1974:Q1,15610,1224,14386,8868,1172,4346,4460,4346,114,4460,1081,400,2980,2980,2980,2980,0,1593,2768,1224,1387,1387,55283,4041,8944,3455,-2271,2541,2503,2716,23808,2641,365,0,204,0,0,184,250,28,1610,14484,1366,53290,12518,5950,1709,205,4036,1378,5137,2987,263,-106,0,0,208,-49,196,1610,28,0,24190,4117,1993,455,0,-151,-606,1036,874,145,17,-2891,2,0,-18,1770,-123,0,0,0,-2237,-2285,-6649,-4928,-2008,0,0,0,0,0,316,-29,4794,8229,2949846,64610,43916,18566,2128,2885236,101382,605642,34246,161920,62196,133960,213320,1203537,248227,212927,0,2246,0,0,2306,5963,872,23913,635041,91408,2949846,2866719,1089807,164980,79586,39686,45708,109960,193194,116805,263,44521,0,0,3484,2190,1146,23913,872,0,1207403,101375,83127
1974:Q2,16080,1287,14793,9119,1197,4477,4417,4477,-60,4417,1070,576,2774,2774,2774,2774,0,1688,2924,1287,1086,1086,97462,15898,10470,4175,-3723,3027,2870,4121,54543,4912,2442,0,289,0,0,107,262,6,1806,11180,460,95055,43995,10008,5937,1595,2476,7916,5099,2597,307,-24,0,0,217,-7,197,1806,6,0,25877,2160,2407,1314,-1,-6,-1321,2021,1645,337,39,-12036,42,0,0,-20460,-224,0,0,0,8544,63,-42151,-35136,-3835,0,0,0,0,0,-2915,-265,32136,36224,3041456,68318,46263,19762,2293,2973138,117321,616212,38421,158197,65223,136930,217441,1258079,232455,194909,0,2311,0,0,2413,6225,878,25719,657241,91830,3041456,2922105,1134568,174988,85523,41281,48184,117876,159322,84266,570,40662,0,0,3701,2183,1343,25719,878,0,1232847,102504,119351
1974:Q3,17129,1356,15773,9494,1211,5068,4069,5068,-1000,4069,1136,731,2202,2202,2202,2202,0,1771,3079,1356,431,431,57176,2795,12320,5307,1319,2313,-448,3829,32508,4221,1514,0,700,0,0,130,279,8,1590,13413,-8081,60609,8553,15819,9127,2174,4518,2758,2630,-93,816,-51,0,0,182,-9,187,1590,8,0,25778,5071,-3433,-3872,0,-8,3864,2570,1887,638,45,-27281,76,0,0,-50214,-618,0,0,0,22202,1273,-37680,-22375,-8291,0,0,0,0,0,-6273,-741,12969,11299,3076684,72659,48848,21330,2481,3004025,120192,628532,43728,159516,67536,136482,221270,1289207,185844,146209,0,2393,0,0,2543,6504,886,27309,694911,85339,3076684,2946034,1143121,189742,93585,43455,52702,120634,131286,61798,1386,32320,0,0,3883,2174,1530,27309,886,0,1254417,106834,130650
1974:Q4,17549,1433,16116,9788,1207,5121,3248,5121,-1873,3248,1099,859,1292,1292,1292,1292,0,1802,3179,1433,-511,-511,61429,-2299,15822,283,5917,3141,2113,4368,26743,3726,2409,0,-51,0,0,81,295,11,981,12876,4562,57994,33183,10357,4312,3628,2417,3396,4377,1730,993,232,0,0,135,119,176,981,11,0,26430,-19749,3435,3974,0,28,-3946,2679,1786,856,37,5927,-120,0,0,15069,181,0,0,0,-6844,-2360,6840,2297,2600,0,0,-133,0,0,2027,49,1766,7031,3152640,77140,51349,23105,2686,3075500,117774,646836,46493,165433,70677,138595,225638,1315650,204820,163687,0,2523,0,0,2624,6799,897,28290,702580,87841,3152640,3014959,1176304,200099,97897,47083,55119,124030,140427,65825,2379,35152,0,0,4018,2160,1706,28290,897,0,1284519,89580,137681
1975:Q1,18289,1518,16771,10160,1208,5403,2763,5403,-2640,2763,1116,927,721,721,721,721,0,1679,3145,1518,-959,-959,35748,5541,22866,113,10664,2971,178,8940,-9407,3472,1586,0,-185,0,0,53,313,5,1700,11090,2186,38131,6677,4341,2595,1385,361,-6381,5233,1723,1241,211,0,0,95,135,123,1700,5,0,27262,999,-2383,-936,0,489,1425,1849,1037,779,33,21051,5,0,0,32320,362,0,0,0,-12797,1161,24825,12070,5605,0,0,0,0,0,6765,385,-1925,-2140,3227570,80668,53072,24676,2920,3146902,123320,681635,58539,176097,73648,138773,234578,1306361,240974,197593,0,2700,0,0,2677,7112,902,29990,703424,91189,3227570,3092029,1182981,204440,100492,48468,55480,117649,163335,79618,3620,40968,0,0,4113,2295,1829,29990,902,0,1321230,102394,135541
1975:Q2,18498,1596,16902,10412,1225,5265,3366,5265,-1899,3366,1026,954,1388,1388,1388,1388,0,1633,3172,1596,-245,-245,66206,4950,26124,-3641,12427,3127,2652,11559,22143,5001,2825,0,-104,0,0,-24,332,7,1965,5677,2311,67048,36482,939,1133,649,-843,1170,4754,2685,41,-130,0,0,10,84,92,1965,7,0,29087,-5384,-842,-609,0,-12,597,972,500,480,-8,16591,8,27,0,31636,331,0,0,0,-15740,329,19388,8403,5223,0,0,0,0,0,5566,196,-1825,-1046,3315649,83273,54225,25946,3102,3232376,128278,707786,54898,188514,76775,141425,246174,1325804,277942,232054,0,2927,0,0,2653,7444,909,31955,696036,96531,3315649,3181154,1219463,205379,101625,49117,54637,118819,181715,90706,3661,46061,0,0,4123,2379,1921,31955,909,0,1358572,97206,134495
1975:Q3,18720,1667,17053,10630,1255,5168,4882,5168,-287,4882,1076,904,2901,2901,2901,2901,0,1653,3262,1667,1248,1248,49270,-1005,18570,-2150,13959,2803,1697,2261,1240,4635,1620,0,628,0,0,26,351,5,2005,9986,15845,52991,17779,2433,2116,1926,-1609,-10173,4629,2569,47,-237,0,0,61,85,94,2005,5,0,29022,9301,-3721,-4981,0,-12,4969,73,14,64,-5,-15441,-85,-104,5,-27716,-385,0,0,0,11544,1301,-28697,-21340,-4948,0,0,0,0,0,-2111,-298,13329,11249,3353887,84999,54899,26833,3267,3268888,127188,726252,52748,202434,79578,143122,248370,1327048,254476,205958,0,3170,0,0,2679,7795,914,33960,720249,113676,3353887,3208143,1237242,207812,103741,51043,53028,108646,160056,71935,3708,40876,0,0,4184,2464,2015,33960,914,0,1388178,106209,145744
1975:Q4,19421,1730,17691,10979,1277,5435,5621,5435,186,5621,1138,776,3708,3708,3708,3708,0,1675,3344,1730,2033,2033,92213,8982,28603,185,12438,3843,3210,8927,32389,5812,3293,0,48,0,0,26,370,15,2060,9649,6779,89566,45370,12404,3551,5452,3401,1468,2932,776,-63,-202,0,0,192,34,120,2060,15,0,28954,-1562,2647,536,0,-78,-614,251,183,66,2,7048,113,137,-125,12023,177,0,0,0,-6068,792,7124,2185,2360,0,0,3,0,0,2532,44,175,4419,3457761,86925,55743,27754,3428,3370836,137582,754992,52933,214929,83421,146332,257377,1359327,272488,221274,0,3395,0,0,2705,8165,929,36020,726517,119930,3457761,3307598,1282612,220216,107292,56495,56429,110114,167536,74896,3645,43034,0,0,4376,2501,2135,36020,929,0,1422364,104756,150163
1976:Q1,19449,1784,17665,11191,1285,5189,5715,5189,526,5715,1362,584,3769,3769,3769,3769,0,1707,3434,1784,2062,2062,63078,1548,31096,796,13797,3959,787,11757,10333,3450,1615,155,26,0,0,122,396,16,1120,13807,2845,64966,14715,3687,2889,432,366,2274,2485,2121,67,-812,0,0,185,86,-298,1120,16,0,30075,11730,-1888,-1550,0,2400,3950,492,294,210,-12,16176,246,119,-2,27881,-32,0,0,0,-13047,1012,22841,13384,4698,0,0,0,0,0,4319,440,-6173,-3954,3533796,89124,56629,28917,3578,3444672,139376,786207,53729,228733,87380,147119,269246,1367013,303787,250770,155,3389,0,0,2827,8561,945,37140,722084,126206,3533796,3387587,1297327,223903,110181,56927,56795,112388,188103,90401,3712,46920,0,0,4561,2587,1837,37140,945,0,1451578,114288,146209
1976:Q2,19925,1843,18082,11490,1326,5266,4757,5266,-509,4757,1423,371,2963,2963,2963,2963,0,1708,3492,1843,1255,1255,88390,8515,23318,1776,8204,2220,5331,5787,48941,3205,1849,-66,-77,0,0,12,421,14,1052,8323,-3912,89902,42770,6231,3391,2345,495,4448,1305,1231,-282,-965,0,0,74,157,24,1052,14,0,31020,4128,-1512,-2788,-5,-16,2767,1069,984,88,-3,1523,197,-35,0,-1055,308,0,0,0,1233,875,-49,-1028,1048,0,0,0,0,0,-31,-38,2641,2816,3620768,91896,58197,29948,3751,3528872,148088,809490,55505,236913,89600,152450,275022,1415954,306245,251564,89,3620,0,0,2839,8982,959,38192,725928,123168,3620768,3471743,1340097,230134,113572,59272,57290,116836,189428,90604,3430,47003,0,0,4635,2744,1861,38192,959,0,1476870,118378,149025
1976:Q3,20565,1909,18656,11841,1379,5436,4016,5436,-1421,4016,1510,125,2381,2381,2381,2381,0,1716,3565,1909,665,665,80757,2423,23694,-869,12486,4082,2340,5655,31228,3857,2015,10,194,0,0,25,419,6,1188,16995,2560,78680,22764,6414,4283,1803,328,9262,2017,1372,-9,-698,0,0,63,157,-62,1188,6,0,32323,5900,2077,1396,0,-16,-1412,1067,821,233,13,-831,-364,119,0,-2050,64,0,0,0,1046,354,-382,220,-506,0,0,0,0,0,-36,-60,618,4395,3697248,94679,59611,31122,3946,3602569,150147,833303,54636,249459,93682,154790,280736,1447211,308116,251529,99,3878,0,0,2864,9401,965,39380,737738,126055,3697248,3543828,1362861,236548,117855,61075,57618,126098,191159,92196,3421,45799,0,0,4698,2901,1799,39380,965,0,1502944,124218,153420
1976:Q4,21347,1982,19365,12162,1444,5759,3331,5759,-2428,3331,1628,-159,1862,1862,1862,1862,0,1695,3614,1982,167,167,117169,8520,25624,4042,12037,-355,4658,5242,59547,5017,2226,206,271,0,0,25,616,18,1655,16461,2001,112581,58982,11667,4079,2748,4840,11120,4236,2028,-17,-47,0,0,159,296,144,1655,18,0,33833,-7257,4588,4429,0,8,-4421,1218,807,388,23,2445,-109,247,-11,1762,-39,0,0,-119,-522,1236,4182,3139,758,0,0,-68,0,0,328,25,-519,5772,3813027,97592,60997,32440,4155,3715435,158558,859174,58678,261651,93327,159448,286070,1506753,314737,255517,305,4110,0,0,2889,9898,983,41035,746929,129285,3813027,3653835,1421843,248215,121934,63823,62458,137218,199224,97363,3404,46510,0,0,4857,3129,1943,41035,983,0,1530374,116961,159192
1977:Q1,22436,2063,20373,12549,1513,6311,4046,6311,-2265,4046,1767,-474,2752,2752,2752,2752,0,1718,3719,2063,1034,1034,80481,2034,22076,2720,3217,6016,4341,5782,25518,3728,1387,185,165,0,0,286,501,7,1197,15916,11210,79397,21954,8574,5602,1529,1443,409,2393,1462,56,-723,0,0,367,167,-140,1197,7,0,35501,10566,1084,-243,0,-293,-50,1943,1748,173,22,-9615,-82,-243,-17,-17204,-5,0,0,0,8058,-123,-13306,-7924,-2750,0,0,0,0,0,-2505,-127,5634,8143,3888322,101253,63358,33594,4301,3787069,160510,881007,61398,264690,99343,163789,291787,1532395,301256,239700,490,4270,0,0,3175,10399,990,42232,771529,140373,3888322,3720987,1443797,256789,127536,65352,63901,138037,190943,90901,3460,43037,0,0,5224,3296,1803,42232,990,0,1564021,127400,167335
1977:Q2,23537,2142,21395,12876,1579,6940,5197,6940,-1744,5197,1927,-677,3947,3947,3947,3947,0,1749,3826,2142,2198,2198,123191,5932,28106,6406,1907,3458,7806,8529,66522,4511,2644,-138,320,0,0,23,532,10,1120,12291,5830,119984,46604,14100,5115,4450,4535,7212,3383,1115,-17,838,0,0,78,115,124,1120,10,0,35325,13360,3207,978,-10,-22,-1010,1133,969,170,-6,4204,84,47,-15,6672,-235,0,0,0,-2125,-224,4754,2684,2026,0,0,0,0,0,67,-23,583,5507,4018851,104125,64966,34756,4403,3914726,166525,909160,67804,266609,102801,171595,300351,1598901,312204,249016,352,4355,0,0,3198,10931,1000,43352,781956,145980,4018851,3846009,1490401,270769,132651,69802,68316,145249,199036,94700,3443,45901,0,0,5302,3411,1927,43352,1000,0,1599697,140857,172842
1977:Q3,24615,2219,22396,13164,1634,7598,6004,7598,-1594,6004,2052,-757,4707,4707,4707,4707,0,1819,3972,2219,2888,2888,99892,257,21063,814,2315,2959,6905,8070,62033,4249,2673,25,-179,0,0,28,566,16,1120,6992,5298,98683,34404,7470,5783,1638,49,9494,3325,1485,20,569,0,0,48,117,-50,1120,16,0,36890,7100,1209,-1702,0,-23,1679,1485,1286,218,-19,-4792,21,-77,-20,-9631,187,0,0,0,4935,-207,-6963,-3757,-853,0,0,0,0,0,-2265,-88,3656,6661,4117148,107429,66928,36029,4472,4009719,166803,930146,68618,268860,105760,178500,308408,1660915,307009,242058,377,4363,0,0,3226,11497,1016,44472,793775,151072,4117148,3937645,1524805,278239,138434,71440,68365,154743,197751,92428,3463,45617,0,0,5350,3528,1877,44472,1016,0,1634238,147869,179503
1977:Q4,25790,2293,23497,13575,1639,8283,5263,8283,-3020,5263,2180,-731,3814,3814,3814,3814,0,1990,4219,2293,1824,1824,142100,24512,25872,5781,1515,4352,3927,10297,73396,7321,3691,113,69,0,0,69,625,13,2741,13189,-2190,134177,66719,18203,6566,4868,6769,9153,5147,1745,424,-22,0,0,204,208,-166,2741,13,0,35412,-457,7923,6110,0,11,-6099,1407,1225,219,-37,-1469,-24,-91,-21,641,-86,0,0,-24,-330,-1535,-1570,-880,-104,0,0,-129,0,0,-427,-30,1508,11432,4260697,110826,68851,37459,4516,4149871,191291,955927,74399,270338,110112,182427,318651,1734290,314861,246390,490,4346,0,0,3295,12098,1029,47213,806156,147346,4260697,4069762,1591524,296442,145000,76308,75134,163896,201785,93293,3887,45491,0,0,5554,3607,1711,47213,1029,0,1668770,147345,190935
1978:Q1,26863,2363,24500,13996,1694,8810,5522,8810,-3288,5522,2367,-573,3729,3729,3729,3729,0,2144,4444,2363,1585,1585,89540,4158,15792,807,-2563,4459,3899,9190,37115,4343,2393,141,67,0,0,443,447,19,833,15014,13119,87431,13693,9894,7133,1910,851,12375,4199,558,1733,305,0,0,529,75,147,833,19,0,39355,7915,2109,486,0,-38,-524,1585,1318,300,-33,-5366,18,-70,-31,-9059,-58,0,0,0,4181,-348,-5190,-2291,-1303,0,0,0,0,0,-1483,-113,1409,5624,4350421,114555,70857,39142,4556,4235866,195467,971649,75206,267739,114571,186326,327807,1771771,310087,239724,631,4355,0,0,3738,12545,1048,48046,827172,159720,4350421,4153862,1605217,306336,152133,78218,75985,176271,202390,91560,5620,44493,0,0,6083,3682,1858,48046,1048,0,1708491,155157,196559
1978:Q2,28368,2447,25921,14584,1761,9576,7171,9576,-2405,7171,2571,-416,5016,5016,5016,5016,0,2601,4981,2447,2415,2415,145161,3041,37624,6680,8764,4283,7297,10600,82303,5848,3155,10,239,0,0,80,469,8,1887,12889,3457,142519,54845,17425,9757,2844,4824,9804,3830,600,1339,-438,0,0,200,155,79,1887,8,0,38625,17990,2642,192,0,-35,-227,2069,1812,247,10,10070,-10,-90,-41,22008,-238,0,0,0,-11170,-390,13560,7612,2632,0,0,0,0,0,3212,104,-1421,3787,4511604,119225,73500,41062,4663,4392379,198498,1009183,81886,276470,118854,193623,338350,1854033,337705,264887,641,4356,0,0,3818,13014,1056,49933,830186,162774,4511604,4311258,1660062,323761,161890,81062,80809,186075,216464,99772,6959,46687,0,0,6283,3837,1937,49933,1056,0,1751657,173239,200346
1978:Q3,29149,2544,26605,15134,1691,9780,7533,9780,-2247,7533,2675,-226,5082,5082,5082,5082,0,2857,5332,2544,2225,2225,128131,8310,24773,-130,1993,6686,6841,9383,65798,5130,3813,202,-477,0,0,107,493,6,986,8184,15937,121692,47463,8538,9133,669,-1264,8138,2947,515,1448,-507,0,0,207,147,145,986,6,0,39719,14887,6439,4177,0,-37,-4214,1847,1619,212,16,10949,-9,36,-48,25006,442,0,0,0,-13827,-652,15903,9323,2439,0,0,0,0,0,4049,92,-3107,6152,4656122,123929,76067,43064,4798,4532193,206799,1033992,81756,278476,125540,200464,347756,1919783,368283,293706,843,4321,0,0,3925,13507,1062,50919,825314,178022,4656122,4449624,1707525,332299,171023,81731,79545,194213,231173,109610,8407,48619,0,0,6490,3984,2082,50919,1062,0,1796234,188180,206498
1978:Q4,30082,2653,27429,15591,1707,10131,8318,10131,-1813,8318,2683,-14,5649,5649,5649,5649,0,3097,5678,2653,2552,2552,172923,34476,24481,9723,-4251,5011,6695,7303,87093,6337,3540,427,-290,0,0,195,565,16,1884,13714,6822,164759,59395,22850,10650,2668,9532,774,5845,1348,2401,-235,0,0,287,253,-109,1884,16,0,41562,34333,8164,5444,0,-168,-5612,2074,1881,159,34,-8263,-588,-161,-46,-15505,321,0,0,-49,6688,1077,-13137,-8910,-2334,0,0,-86,0,0,-1755,-52,6948,18041,4825976,129100,78989,45132,4979,4696876,240687,1059812,91479,274148,130551,208659,354975,2005401,359220,281574,1270,4352,0,0,4120,14023,1078,52803,845967,185789,4825976,4601437,1779077,355149,181673,84399,89077,194987,225688,102048,10808,46050,0,0,6777,4151,1973,52803,1078,0,1836333,210203,224539
1979:Q1,30369,2773,27596,16079,1726,9791,6728,9791,-3064,6728,2662,242,3823,3823,3823,3823,0,3282,5988,2773,541,541,94444,-11715,30109,8359,4683,4827,4573,7667,48813,5083,2683,29,622,0,0,350,542,35,822,17174,4981,95312,2653,18565,10988,1691,5886,18561,9056,402,7212,-184,0,0,418,259,92,822,35,0,40608,5869,-868,-1702,0,-293,1409,3200,2381,725,94,12145,1140,31,-170,17060,-433,0,0,0,-5637,155,14587,6516,1831,0,0,0,0,0,6191,49,758,2879,4941407,135582,82581,47782,5219,4805825,232436,1089952,99838,278861,135378,213232,362643,2054426,380930,301317,1299,4541,0,0,4470,14565,1113,53625,859846,188236,4941407,4713989,1782380,374034,192981,86090,94963,213548,243091,108966,18020,47697,0,0,7195,4410,2065,53625,1113,0,1885532,215404,227418
1979:Q2,31036,2904,28132,16490,1730,9912,7402,9912,-2510,7402,2640,428,4334,4334,4334,4334,0,3384,6220,2904,950,950,172658,14682,31756,12458,2913,6273,3463,6649,97874,5211,3331,354,92,0,0,127,567,13,727,11941,11194,167234,49681,20788,10084,1072,9632,28212,11365,1679,7895,68,0,0,260,473,250,727,13,0,42581,14607,5424,3926,-13,-535,-4474,3434,2702,684,48,1533,-652,53,37,2281,258,0,0,0,-869,425,9716,7883,1178,0,0,0,0,0,713,-58,-4749,3511,5121763,142387,86555,50399,5433,4979376,246466,1120952,112296,281629,141454,216495,369078,2152264,388680,306929,1653,4891,0,0,4597,15132,1126,54352,872942,198073,5121763,4890834,1832268,394822,203065,87162,104595,241760,263517,118528,25915,48943,0,0,7455,4883,2315,54352,1126,0,1930911,227556,230929
1979:Q3,31547,3046,28501,17140,1749,9612,8098,9612,-1514,8098,2493,556,5048,5048,5048,5048,0,3737,6710,3046,1311,1311,161934,20514,38486,9473,4347,6832,7373,10461,92967,9088,5564,473,264,0,0,170,597,9,2011,6234,-5355,154076,63388,16180,11220,-142,5102,9459,11125,268,8279,-361,0,0,265,474,180,2011,9,0,41036,12888,7858,6458,-23,-67,-6548,3382,2826,509,47,9357,-33,-302,42,16418,235,0,0,0,-7299,296,13154,6988,2584,0,0,0,0,0,3367,215,-415,11090,5301855,149483,90792,53024,5667,5152372,266947,1159136,121769,285815,148286,223806,379460,2245272,414421,328911,2126,5390,0,0,4767,15729,1135,56363,873582,193014,5301855,5059836,1895656,411002,214285,87020,109697,251219,284214,125784,34194,51166,0,0,7720,5357,2495,56363,1135,0,1977086,240659,242019
1979:Q4,32427,3199,29228,17745,1782,9701,7636,9701,-2065,7636,2323,624,4690,4690,4690,4690,0,3963,7084,3199,727,727,134700,24738,22559,5218,1854,7427,5293,2767,70035,10509,6123,629,62,0,0,382,680,10,2623,13332,-6473,134708,57726,24766,15015,3534,6217,-10048,15406,564,11020,-356,0,0,608,738,199,2623,10,0,43206,3652,-8,-779,0,-44,735,2488,2002,445,41,354,706,-333,-64,-11134,479,0,0,-54,6330,4425,-8795,-8681,979,0,0,-83,0,0,-1200,190,11637,15548,5452160,155934,94349,55666,5919,5296226,292391,1181362,126987,287558,155713,229035,382069,2315718,420631,323900,2755,12341,0,0,5149,16355,1145,58986,894633,191492,5452160,5194593,1953382,436768,230300,90554,115914,241171,291835,117667,45214,51789,0,0,8328,6012,2694,58986,1145,0,2026959,244478,257567
1980:Q1,33030,3362,29668,18508,1833,9327,7175,9327,-2153,7175,2169,609,4396,4396,4396,4396,0,4340,7623,3362,56,56,106313,-2730,42123,10300,11595,4043,2887,13298,29245,5665,3174,255,847,0,0,-322,656,14,1041,20750,11260,98259,-1316,19656,13949,2237,3470,5850,16422,682,16078,-796,0,0,-166,561,-992,1041,14,0,52366,5281,8054,8048,-7,57,-7998,3099,1989,1061,49,-17989,-954,-1745,-237,-22695,-49,0,0,0,6396,1294,-29590,-19577,-3631,0,0,0,0,0,-6659,277,14700,27144,5555003,163366,98132,59105,6129,5391637,288707,1221487,136827,296888,161756,231704,394312,2344926,407962,308789,3010,13139,0,0,4827,17011,1159,60027,922915,205640,5555003,5270292,1952066,456424,244249,92791,119384,247021,291351,98772,61292,53772,0,0,8162,6573,1594,60027,1159,0,2073854,249576,284711
1980:Q2,33855,3528,30327,19133,1919,9275,3438,9275,-5837,3438,1755,601,1083,1083,1083,1083,0,4200,7645,3528,-3117,-3117,157382,25275,53135,8818,12843,11806,6718,12950,27442,18694,5336,457,624,0,0,148,687,10,11432,20067,12770,160454,27564,15636,8643,3940,3053,19652,30665,313,16535,1094,0,0,282,557,442,11432,10,0,56816,10121,-3072,-4993,-13,-5025,-45,3360,2309,978,73,18325,-89,2822,339,32037,237,0,0,0,-16720,-301,35771,24043,4568,0,0,0,0,0,7761,-601,-14086,-17996,5740485,170913,102236,62304,6373,5569572,313893,1277444,145645,310224,173876,238875,408824,2371263,462454,346162,3467,14000,0,0,4975,17698,1169,74983,923414,221104,5740485,5473770,1984128,472060,252892,96731,122437,266673,354151,123128,77827,59434,0,0,8444,7130,2036,74983,1169,0,2135638,261120,266715
1980:Q3,34979,3695,31284,19704,2008,9572,4262,9572,-5311,4262,1650,614,1997,1997,1997,1997,0,4380,7992,3695,-2383,-2383,143622,19042,33391,-2236,11554,8981,8467,6625,56537,10211,5363,1042,546,0,0,60,723,15,2462,17851,6590,140574,53870,10979,7543,2067,1369,6068,7016,496,2074,973,0,0,156,854,-14,2462,15,0,60211,2430,3048,5373,0,-58,-5431,3258,2454,757,47,18048,-369,-1876,-2,29866,995,0,0,0,-14116,3550,17178,4666,5684,0,0,0,0,0,6538,290,4128,11498,5902961,178551,106555,65390,6606,5724410,332566,1308959,143409,321403,182635,247032,414480,2427923,503526,381391,4509,15541,0,0,5035,18421,1184,77445,920317,231119,5902961,5624748,2037998,483039,260435,98798,123806,272741,371517,128290,79901,66091,0,0,8600,7984,2022,77445,1184,0,2195613,263840,278213
1980:Q4,37896,3864,34032,20470,2095,11467,5747,11467,-5721,5747,1707,645,3394,3394,3394,3394,0,4597,8373,3864,-1203,-1203,203794,27447,31251,1945,5238,11729,5602,6737,99024,7553,5679,547,302,0,0,125,826,19,55,33985,4534,204134,93642,19629,13450,1146,5033,12981,-313,1496,-3486,731,0,0,410,312,150,55,19,0,63254,14941,-340,793,0,-70,-863,3956,3575,337,44,13608,869,-273,-172,17634,985,0,0,-69,-8545,3179,8902,-315,3573,0,0,1249,0,0,3864,531,8662,12849,6118089,187104,112129,68120,6855,5930985,360882,1339937,145354,326615,194348,252551,421069,2526831,529629,404704,5056,16828,0,0,5160,19178,1203,77500,934931,238775,6118089,5827027,2131640,502668,273885,99944,128839,285722,375711,129471,76415,70395,0,0,9010,9545,2172,77500,1203,0,2251974,279312,291062
1981:Q1,39862,4035,35827,21153,2310,12364,4961,12364,-7404,4961,1558,674,2729,2729,2729,2729,0,4770,8722,4035,-2041,-2041,129957,10627,54234,13451,23689,10552,435,6107,11766,13912,8815,1208,-200,0,0,188,795,24,3082,28364,11055,131161,-1185,13753,6758,-450,7445,21439,43631,1568,37808,767,0,0,298,-95,179,3082,24,0,54200,-677,-1204,3124,0,2287,-837,3803,2617,1072,114,370,1076,-467,-310,-516,699,0,0,0,-597,486,7555,9209,65,0,0,0,0,0,-1763,44,-3382,2471,6251397,195677,117052,71502,7123,6055720,371185,1393704,158805,350269,204861,252826,426943,2537187,543724,413003,6264,17327,0,0,5348,19973,1227,80582,965306,244615,6251397,5957864,2130455,513121,280643,96194,136284,307161,425952,137584,114223,71227,0,0,9308,9450,2351,80582,1227,0,2307096,274079,293533
1981:Q2,40115,4216,35899,21441,2348,12110,2626,12110,-9484,2626,1122,763,741,741,741,741,0,4986,9114,4216,-4245,-4245,205099,48495,35631,18895,-3064,7965,4008,7827,79594,11535,5012,2128,-274,0,0,220,834,19,3596,19271,10573,204734,78420,26615,13606,2113,10896,12036,20984,-286,15648,795,0,0,389,685,138,3596,19,0,54132,12547,365,4536,0,-74,-4610,3103,1946,1084,73,-6341,-58,-914,-623,-11130,-175,0,0,0,6901,-342,5784,9651,-487,0,0,0,0,0,-3375,-5,-9022,-3745,6462424,203766,121498,74919,7349,6258658,419622,1428421,177700,347057,212751,256536,434377,2616410,543954,406885,8392,16878,0,0,5568,20807,1246,84178,995658,254594,6462424,6172636,2208875,539736,294249,98307,147180,319197,456100,146949,129871,71535,0,0,9697,10135,2489,84178,1246,0,2362107,286621,289788
1981:Q3,41440,4406,37034,22145,2315,12574,3542,12574,-9032,3542,908,976,1656,1656,1656,1656,0,5246,9559,4406,-3590,-3590,194432,36499,47122,18449,6090,13035,4467,5081,81180,15048,6688,2392,-365,0,0,114,870,11,5338,7770,6813,197738,57328,29580,16840,1519,11221,11068,41004,-390,34599,699,0,0,280,697,-230,5338,11,0,54558,4200,-3306,212,0,-72,-284,1994,1348,566,80,-26555,-513,-2248,84,-43198,-1596,0,0,0,21952,-1036,-34955,-18372,-7077,0,0,0,0,0,-9875,369,10394,12262,6643292,211006,125505,77906,7595,6432286,455608,1473295,196149,352867,225599,260298,438382,2697673,514208,370375,10784,14917,0,0,5682,21677,1257,89516,1031130,260372,6643292,6341242,2266203,569316,311089,99826,158401,330265,471655,128187,164470,65157,0,0,9977,10832,2259,89516,1257,0,2412613,291190,302050
1981:Q4,42108,4605,37503,22802,2265,12436,3535,12436,-8902,3535,733,1304,1497,1497,1497,1497,0,5609,10115,4605,-4112,-4112,175231,-10606,52486,2681,32778,5388,4859,6780,111912,4318,6524,2495,-452,0,0,145,938,21,-5353,17394,-273,174329,45378,16889,8328,5443,3118,48245,28348,8869,21835,1196,0,0,414,1434,-68,-5353,21,0,49454,-13985,902,-5071,0,-10085,-5014,2825,2219,534,72,10308,-300,1690,239,20521,105,0,0,-22,-12352,427,10959,2868,2481,0,0,-562,0,0,6452,-280,2174,-1400,6854573,219440,130758,80824,7858,6635133,444702,1527471,198830,386193,231346,265039,446063,2810122,549130,397420,13279,14570,0,0,5827,22593,1278,94163,1043481,260227,6854573,6553923,2311581,586205,319417,105269,161519,378510,514790,139924,186305,68834,0,0,10391,11704,2191,94163,1278,0,2475912,286925,300650
1982:Q1,41650,4810,36840,23374,2231,11235,1352,11235,-9883,1352,205,1790,-642,-642,-642,-642,0,5537,10249,4810,-6179,-6179,139618,34809,54858,8122,19897,14729,1952,10158,6189,8579,5293,1021,371,0,0,55,1508,20,311,22200,12983,125728,42561,13028,10425,2879,-276,-4958,15143,102,12427,1327,0,0,261,694,1,311,20,0,52334,7620,13890,13798,0,-6271,-20069,4261,3466,716,79,-13151,150,633,-398,-10963,-715,0,0,0,-541,-1317,-7636,-6251,-4072,0,0,0,0,0,2993,-305,-1254,11902,6974090,229238,137221,83764,8253,6744852,469380,1582064,206952,406163,245823,267199,455927,2812675,536466,391750,14300,14226,0,0,5882,14536,1298,94474,1069804,274464,6974090,6661538,2347133,599233,329842,108148,161243,373552,513880,133775,198732,66089,0,0,10652,6668,2192,94474,1298,0,2535974,291766,312552
1982:Q2,43649,5003,38646,24294,2238,12114,4626,12114,-7488,4626,379,2140,2107,2107,2107,2107,0,5376,10283,5003,-3270,-3270,200615,37678,46918,16831,2281,18180,2317,7309,68829,5898,3264,69,1151,0,0,220,1030,29,135,16171,25122,204748,58807,33540,18118,2287,13135,1405,13804,231,10948,1517,0,0,177,672,95,135,29,0,58100,39092,-4133,-920,0,-56,864,2882,1915,928,39,-6687,-112,78,-100,-2457,-148,0,0,0,-1051,-2898,-16700,-12024,-81,0,0,0,0,0,2240,-6837,12895,14082,7180004,237496,142086,86798,8612,6942508,506946,1629060,223783,408433,263998,269621,463225,2881404,539759,392557,14369,15229,0,0,6102,15566,1327,94609,1088650,296690,7180004,6853370,2405942,632773,347960,110435,174378,374957,515579,121982,209680,67525,0,0,10829,7340,2287,94609,1327,0,2600098,324021,326634
1982:Q3,45469,5186,40283,25198,2299,12786,4251,12786,-8535,4251,731,2322,1198,1198,1198,1198,0,5240,10324,5186,-4042,-4042,218600,39138,58152,-7826,36492,17723,4648,7115,73936,21261,6194,-198,1490,0,0,-8,876,14,12893,5066,21048,233531,84096,16181,19373,3360,-6552,22413,47667,5730,25566,2972,0,0,85,162,245,12893,14,0,62815,359,-14931,-10842,0,47,10889,1135,858,255,22,21919,522,3883,-135,51116,867,0,0,0,-32251,-2083,28046,11872,5444,0,0,0,0,0,11679,-949,-4992,-14636,7414184,243871,145747,89180,8944,7170313,546605,1689200,215957,445691,280307,275191,472054,2946858,613003,449867,14171,17586,0,0,6094,16442,1341,107502,1064251,310396,7414184,7102186,2490038,648954,367333,113795,167826,397370,580562,139584,235246,75941,0,0,10914,7502,2532,107502,1341,0,2677422,307840,311998
1982:Q4,47634,5360,42274,25930,2342,14002,3466,14002,-10537,3466,1216,2335,-88,-88,-88,-88,0,5233,10486,5360,-5321,-5321,208362,14597,87288,-9497,51691,22091,10982,12021,58570,31698,25198,14,1876,0,0,175,-451,18,4868,7329,8880,200583,98679,26665,16559,6485,3621,21783,2284,7299,-15318,3672,0,0,335,948,462,4868,18,0,65398,-14226,7779,12683,-22,-395,-13100,-405,-252,-140,-13,23431,-143,2230,331,25133,711,0,0,635,-5810,344,20054,11681,8740,0,0,1152,0,0,-269,-1250,2972,15567,7658098,248677,148247,91212,9218,7409421,561059,1783724,212566,497708,301541,286705,485204,3003645,673743,500198,14185,20173,0,0,6269,16626,1359,114933,1067615,319635,7658098,7330533,2588717,678347,383892,120280,174175,419153,606982,158564,219928,88353,0,0,11249,9602,2994,114933,1359,0,2744429,292905,327565
1983:Q1,49387,5526,43861,26768,2423,14670,3997,14670,-10673,3997,1192,2193,611,611,611,611,0,5205,10628,5526,-4594,-4594,130780,6487,56364,-1771,33258,13458,-931,12350,12547,12617,14003,1296,-406,0,0,-48,1446,34,-3708,25702,17063,124533,46771,12003,14818,3023,-5838,-13281,-20991,-1398,-22592,6282,0,0,-23,237,177,-3708,34,0,66269,33762,6247,10760,0,-81,-10841,-349,-213,-127,-9,25195,4,-195,-81,50423,2374,0,0,0,-30800,3470,38694,18263,7075,0,0,0,0,0,13700,-345,-13848,-2477,7823985,253533,150572,93468,9493,7570452,567550,1839893,210795,530694,314836,285651,497917,3018751,739157,564624,15481,22141,0,0,6221,18072,1393,111225,1064572,340530,7823985,7498897,2635489,690587,398710,123540,168337,405872,611329,175429,197336,101710,0,0,11226,9839,3171,111225,1393,0,2826535,329085,325088
1983:Q2,51003,5697,45306,27390,2539,15377,6247,15377,-9130,6247,1333,2202,2711,2711,2711,2711,0,5419,11007,5697,-2708,-2708,190720,1885,57133,6388,16045,15307,2877,16516,79542,15564,14090,-67,-244,0,0,97,850,28,810,25244,11353,201337,79147,27239,17020,2304,7915,8382,-7315,-359,-16443,8186,0,0,75,157,231,810,28,0,75044,18840,-10617,-7992,0,-83,7909,175,777,-581,-21,31883,-267,-564,-109,69895,2191,0,0,0,-41670,2407,39203,11897,9956,0,0,0,0,0,17445,-95,-7145,-12426,8051048,259127,153710,95603,9814,7791921,569168,1896462,217183,546478,329977,288444,514380,3098183,826807,648609,15414,24088,0,0,6318,18922,1421,112035,1047012,354289,8051048,7738386,2714636,717826,415730,125844,176252,414254,625867,186967,180893,119852,0,0,11301,9996,3402,112035,1421,0,2917973,347830,312662
1983:Q3,51526,5874,45652,27963,2620,15069,5880,15069,-9189,5880,1133,2403,2342,2342,2342,2342,0,5906,11667,5874,-3565,-3565,237081,-317,61867,8298,26810,21604,3359,1796,113727,23060,12513,1004,870,0,0,-63,782,25,7929,21737,17007,231547,73160,31992,19388,6406,6198,19799,18685,5987,-1303,5395,0,0,-25,671,6,7929,25,0,71185,16726,5534,8972,-29,-98,-9099,1113,1941,-790,-38,-7195,-130,-505,-59,-11546,-783,0,0,0,7726,-1899,-17247,-12318,-2011,0,0,0,0,0,-3226,309,11165,22478,8283586,266117,158061,97859,10197,8017469,568722,1957824,225481,573107,351451,291950,515835,3211852,837538,649576,16418,24175,0,0,6255,19704,1446,119964,1072137,369397,8283586,7948446,2787795,749818,435118,132250,182450,434053,630223,180636,179590,123236,0,0,11276,10667,3408,119964,1446,0,2981692,364865,335140
1983:Q4,53164,6059,47105,28715,2720,15670,6584,15670,-9087,6584,1040,2821,2722,2722,2722,2722,0,6568,12513,6059,-3846,-3846,215254,-9382,62722,8993,22551,15323,9620,6235,101404,24228,8770,1952,880,0,0,140,785,19,11682,36368,-86,248589,63322,34747,16469,5265,13013,19431,25625,8677,-123,5166,0,0,177,-207,234,11682,19,0,80421,25043,-33335,-29592,0,-103,29489,1386,1984,-560,-38,-4330,279,-863,-63,-10809,-623,0,0,2579,5888,-718,6950,9985,-1429,0,0,1573,0,0,-3062,-118,-9894,-36764,8494933,274071,162561,100883,10627,8220862,559619,2019683,234474,595448,366624,301369,521768,3313193,852913,647537,18370,24432,0,0,6395,23068,1465,131646,1106862,368593,8494933,8196557,2851118,784565,451587,137515,195463,453484,665977,199298,179467,126973,0,0,11453,12033,3642,131646,1465,0,3051623,389790,298376
1984:Q1,55375,6251,49124,29298,2794,17032,7663,17032,-9369,7663,1554,3451,2660,2660,2660,2660,0,6835,12973,6251,-4175,-4175,178259,15381,40367,13255,20479,16027,-24440,15046,110537,-3484,-3309,1291,827,0,0,219,874,34,-3420,36969,-21511,186227,62663,21662,16666,-1510,6506,12417,16999,-3651,15607,6924,0,0,226,1235,44,-3420,34,0,59012,13474,-7968,42239,0,46032,3793,511,837,-324,-2,-1070,60,-560,149,-35305,-868,0,0,0,34439,1016,-3661,-3011,-4432,0,0,0,0,0,3331,450,3102,48001,8716779,281417,166421,104013,10983,8435362,575060,2073502,247729,615845,382345,277469,550114,3425474,813256,608923,19661,24391,0,0,6614,23942,1499,128226,1183767,364304,8716779,8370402,2913782,806227,468253,136005,201969,465901,675533,192636,195074,129465,0,0,11679,13268,3686,128226,1499,0,3119594,389365,346377
1984:Q2,56698,6452,50246,29849,2864,17533,6961,17533,-10573,6961,1516,3921,1524,1524,1524,1524,0,7385,13718,6452,-5861,-5861,244219,20310,45050,29030,-6319,11912,-102,10529,151245,-13186,-5957,399,-198,0,0,207,1001,42,-8680,35482,5318,245525,108435,36508,16826,9081,10601,20728,-1877,-3243,5022,4945,0,0,217,184,-364,-8680,42,0,54715,27016,-1306,4395,0,-160,-4555,2050,2296,-280,34,-10928,-34,-3445,-221,-18395,-626,0,0,0,10226,1567,-26106,-16095,-4998,0,0,0,0,0,-6003,989,17228,23147,8967756,290852,171972,107468,11412,8676904,595336,2115107,276759,608891,393672,276242,559543,3575103,781049,584571,20060,23567,0,0,6821,24943,1541,119546,1238094,372216,8967756,8598232,3022217,842368,484712,145086,212570,486630,652563,173298,200096,129412,0,0,11896,13452,3322,119546,1541,0,3177084,417370,369524
1984:Q3,57794,6663,51131,30772,2946,17413,5963,17413,-11450,5963,1050,4249,664,664,664,664,0,7770,14310,6663,-7107,-7107,261568,10027,80594,2954,30803,20238,4713,21886,111203,35494,9676,2287,824,0,0,119,669,56,21863,-10662,34913,280738,73401,35652,24650,10006,996,27618,45487,8896,5173,7775,0,0,159,1066,499,21863,56,0,65706,32874,-19170,-12223,0,-159,12064,1145,1699,-516,-38,23445,-66,3433,-244,47949,1373,0,0,0,-26052,-2949,39241,18330,8210,0,0,0,0,0,13958,-1257,-14651,-26210,9273454,299767,177082,110856,11829,8973687,605297,2199134,279713,640239,414512,281934,582736,3685925,865865,642196,22347,25764,0,0,6940,25612,1597,141409,1213149,404317,9273454,8930140,3095618,878020,509362,155092,213566,514248,724590,200524,205269,145397,0,0,12055,14518,3821,141409,1597,0,3268677,448987,343314
1984:Q4,59525,6882,52643,31487,3071,18085,6573,18085,-11513,6573,1417,4436,721,721,721,721,0,8095,14849,6882,-7374,-7374,318056,18605,107259,7919,44181,12357,12008,30794,172201,16494,2887,827,1412,0,0,260,689,29,10390,-561,4058,337366,116784,39850,16835,13091,9924,46667,55145,9249,28285,5483,0,0,285,1279,145,10390,29,0,67613,11307,-19310,-12099,0,-163,11936,985,1597,-578,-34,8621,-236,2798,-76,17197,-50,0,0,-975,-10746,709,5472,-255,2457,0,0,-1402,0,0,5685,-1011,4134,-7244,9633126,308847,182162,114372,12313,9324279,623666,2309191,287632,685196,427574,294398,614391,3867050,898531,662280,23174,27126,0,0,7200,25326,1626,151799,1216756,409085,9633126,9297056,3212401,926870,526197,177183,223490,560914,780535,209518,233554,153337,0,0,12340,14395,3966,151799,1626,0,3357053,459283,336070
1985:Q1,61939,7109,54830,32179,3163,19488,6766,19488,-12722,6766,2290,4516,-41,-41,-41,-41,0,8310,15297,7109,-8351,-8351,157658,7237,50011,11256,29052,11893,1894,-4084,49371,16513,11072,417,970,0,0,344,-32,61,3681,16334,18192,163064,36583,34227,18968,8506,6753,-31916,23464,-698,7446,12564,0,0,364,-272,318,3681,61,0,65641,35065,-5406,2742,0,-203,-2945,1849,1937,-116,28,45206,184,-325,66,66706,1670,0,0,0,-25117,2023,64322,25448,8356,0,0,0,0,0,30719,-203,-17267,-14566,9857947,319006,188428,117764,12814,9538941,631087,2353854,298888,714013,434258,296474,610221,3924099,983420,740058,23591,29766,0,0,7544,25294,1687,155480,1219769,426713,9857947,9536443,3248985,961097,545165,185689,230243,528999,837803,234268,241000,174257,0,0,12704,14123,4284,155480,1687,0,3465414,494145,321504
1985:Q2,63175,7362,55813,33226,3279,19308,8483,19308,-10825,8483,2721,4576,1186,1186,1186,1186,0,8611,15850,7362,-7425,-7425,267827,12266,74218,10579,22430,7391,8659,25159,126072,28769,21451,1705,1055,0,0,340,896,34,3288,3337,23165,276421,75920,44333,25861,16519,1953,20891,32518,2675,6095,19683,0,0,212,263,268,3288,34,0,77964,24795,-8594,-1360,0,-191,1169,736,898,-85,-77,7261,-5,5025,59,16661,1316,0,0,0,-13300,-2495,33624,31159,11075,0,0,0,0,0,-6898,-1712,-25627,-25801,10153731,328353,193706,121415,13232,9825378,643348,2433097,309467,737835,442919,305747,637129,4050230,1030166,778170,25296,32137,0,0,7884,26190,1721,158768,1221155,447383,10153731,9858028,3324905,1005430,571026,202208,232196,549890,912555,268102,247095,205015,0,0,12916,14386,4552,158768,1721,0,3548020,517228,295703
1985:Q3,63709,7641,56068,34369,3464,18235,9463,18235,-8773,9463,2724,3692,3047,3047,3047,3047,0,8581,16095,7641,-5534,-5534,295982,13596,107566,16634,25757,28167,17274,19734,142486,22618,7505,165,1147,0,0,213,-61,32,13617,15325,-5609,303345,68089,52862,25838,12206,14818,38588,34146,2834,-3679,20175,0,0,100,895,172,13617,32,0,69718,39942,-7363,-2029,-3,-197,1829,1139,1350,-144,-67,-16206,181,-1453,512,-43170,-1397,0,0,0,27789,1333,-44089,-27378,-3749,0,0,0,0,0,-13342,380,29022,30040,10454108,338070,199422,125011,13637,10116038,657125,2539210,326101,763260,470788,322361,656700,4193227,1008217,742505,25461,31887,0,0,8097,26129,1753,172385,1275155,443105,10454108,10128365,3392994,1058292,596864,214414,247014,588478,915574,243558,243416,221441,0,0,13016,15281,4724,172385,1753,0,3615477,557550,325743
1985:Q4,64352,7948,56404,35734,3622,17048,9164,17048,-7884,9164,2792,2848,3522,3522,3522,3522,0,9075,16888,7948,-5553,-5553,412545,7045,165562,13781,49565,26029,63038,13149,203016,13627,8714,-2237,672,0,0,216,-473,28,6707,-15040,38335,426504,92563,58070,28795,10099,19176,77439,43938,7243,387,29512,0,0,125,-58,-6,6707,28,0,88976,65518,-13959,-11994,-3,-3585,8406,1111,1367,-119,-137,85005,-39,7026,530,135173,-1608,0,0,7549,-63921,295,128585,57590,22012,0,0,4485,0,0,46552,-2055,-42469,-50941,11041406,348253,205334,128935,13984,10693153,664131,2714798,339882,814614,498343,387082,674877,4397772,1175612,886392,23224,42724,0,0,8313,33205,1781,179973,1261607,479233,11041406,10766604,3498058,1117243,625659,224513,267071,667417,1044480,308391,243803,272965,0,0,13141,19708,4718,179973,1781,0,3828393,611013,274802
1986:Q1,65837,8283,57554,37091,3763,16700,9929,16700,-6771,9929,3660,1949,4319,4319,4319,4319,0,9103,17260,8283,-4785,-4785,224573,-1287,102661,-749,42472,29765,-4489,35662,50979,29905,10296,861,4804,0,0,374,1597,40,11933,31886,10430,237429,9947,45938,25481,30139,-9682,22093,74779,947,22726,38702,0,0,158,-294,567,11933,40,0,76175,8497,-12856,-6756,0,1316,8072,2026,2016,132,-122,61567,103,10527,461,105395,5319,0,0,0,-60043,-195,119248,68545,29026,0,0,0,0,0,28060,-6382,-55655,-58092,11340223,359382,211947,133079,14356,10980841,662947,2827986,339133,861075,530679,384290,712809,4449212,1316231,1002083,24085,52847,0,0,8687,34802,1821,191906,1242981,481485,11340223,11123513,3503813,1171181,651140,254652,265389,689509,1207297,376350,266529,340693,0,0,13299,11414,5285,191906,1821,0,3942376,609337,216710
1986:Q2,66206,8537,57669,38183,3922,15564,7385,15564,-8180,7385,4135,918,2331,2331,2331,2331,0,8961,17371,8537,-6630,-6630,330706,19664,105047,15423,3926,41255,9102,35341,162622,14384,6292,-367,2311,0,0,221,989,-14,4952,25379,3610,334889,80691,72372,39233,22071,11068,46533,56057,3559,11570,36113,0,0,245,-1240,872,4952,-14,0,76177,3059,-4183,-16160,0,-18607,-2447,2921,2146,846,-71,13334,-105,-3051,510,28360,892,0,0,0,-14479,1207,3414,-11149,5684,0,0,0,0,0,7279,1601,12841,-988,11723678,371264,218208,138256,14800,11352414,682506,2929982,354556,863545,570942,393412,747527,4612344,1383867,1036735,23718,56050,0,0,8908,35791,1807,220858,1263414,480302,11723678,11507956,3584503,1247153,690373,280323,276457,736042,1289291,376162,278099,382490,0,0,13544,10174,6157,220858,1807,0,4035570,615397,215722
1986:Q3,65796,8703,57093,39442,4113,13538,5646,13538,-7893,5646,3887,95,1664,1664,1664,1664,0,8925,17492,8703,-7261,-7261,399071,53662,181632,16879,42713,44375,29895,47770,133536,8049,1524,652,1452,0,0,269,-704,42,4814,15229,6964,385823,100317,79272,52746,19806,6720,30759,58582,2234,17949,32830,0,0,60,674,-21,4814,42,0,89125,27768,13248,20320,0,-189,-20509,2548,1952,635,-39,-40261,148,-1535,582,-92987,-3211,0,0,0,55357,1386,-66765,-28902,-8181,0,0,0,0,0,-31858,2175,29052,51036,12103500,382737,224132,143342,15263,11720763,736315,3110079,371435,905341,614590,423584,795129,4746461,1295718,945272,24370,54291,0,0,9177,35087,1849,225672,1343538,488652,12103500,11836742,3684821,1326425,743119,300129,283177,766801,1310790,349494,296048,407139,0,0,13604,10848,6136,225672,1849,0,4102565,645340,266758
1986:Q4,66525,8777,57748,40874,4251,12623,5024,12623,-7599,5024,3951,-404,1476,1476,1476,1476,0,9187,17821,8777,-7711,-7711,464346,70262,122263,-4742,29767,59256,7824,30158,207560,25805,20506,-214,3222,0,0,308,-2626,25,4584,9560,28896,477053,189521,93597,61482,16660,15455,41035,43144,2559,-3896,37995,0,0,68,1547,262,4584,25,0,103894,5862,-12707,-5191,0,-195,4996,1919,2086,-168,1,32341,80,1504,209,17750,1435,0,0,13392,-13380,11351,24940,15851,5233,0,0,1363,0,0,2493,2,9320,5605,12620817,393843,230244,147826,15773,12226974,806657,3233846,366693,935087,673966,431956,826144,4954230,1354100,983528,24156,58948,0,0,9485,45853,1874,230256,1349243,528898,12620817,12348454,3874340,1420022,804601,316789,298632,807836,1376381,367904,292152,450367,0,0,13672,13758,6398,230256,1874,0,4218671,651204,272363
1987:Q1,67258,8751,58507,42189,4338,11980,5278,11980,-6702,5278,3977,-843,2144,2144,2144,2144,0,8750,17356,8751,-6607,-6607,199251,-31093,120414,9920,18960,52943,6698,31893,16737,34342,25426,-573,2107,0,0,635,920,42,5785,13319,45532,209723,-72348,82277,39210,32348,10719,-7125,71350,2773,12323,51141,0,0,413,-1921,794,5785,42,0,87722,47847,-10472,9690,0,13555,3866,790,935,-176,31,106035,7,-10112,621,199379,9313,0,0,0,-110460,17287,139128,56238,37926,0,0,0,0,0,50366,-5403,-32303,-20470,12948672,403383,234850,152146,16387,12545289,775571,3344148,376613,950170,723267,438630,855468,4985437,1597134,1208333,23583,70368,0,0,10120,46773,1916,236041,1256301,586698,12948672,12696779,3794758,1502299,843811,349137,309351,800711,1541895,426915,304475,539434,0,0,14085,11837,7192,236041,1916,0,4361252,695864,251893
1987:Q2,70819,9144,61675,43320,4445,13910,9967,13910,-3943,9967,4692,-1085,6360,6360,6360,6360,0,8800,17798,9144,-2440,-2440,307608,21682,77217,14564,9068,39332,-7356,21609,156851,15330,21148,-573,1570,0,0,397,-281,45,-6976,28478,8051,274499,103411,83384,47102,20535,15747,15668,2601,1954,-2986,12165,0,0,298,-1763,-136,-6976,45,0,83631,-14196,33109,-470,0,-36019,-35549,1022,1869,-838,-9,26161,1406,-8417,-69,48913,4930,0,0,0,-25974,5372,12477,-8288,-1199,0,0,0,0,0,22383,-418,14706,20596,13279681,413205,240415,155803,16987,12866476,798659,3412948,391177,956502,759734,429671,875864,5142219,1666307,1278394,23010,76868,0,0,10517,46492,1961,229065,1262223,584120,13279681,13007192,3898168,1585683,890913,369672,325098,816379,1528512,414084,301489,550400,0,0,14383,10074,7056,229065,1961,0,4470985,707465,272489
1987:Q3,73105,9984,63121,44115,4581,14425,10405,14425,-4020,10405,5101,-1299,6604,6604,6604,6604,0,8746,18577,9984,-2143,-2143,301304,7750,74339,2422,14210,30420,-1262,28549,142663,7322,271,-731,1166,0,0,281,595,48,5692,23027,46204,300323,63849,66724,39896,25449,1379,33787,14595,2200,4693,2068,0,0,125,-453,222,5692,48,0,102228,19140,981,2870,0,-254,-3124,1625,2175,-573,23,37459,-2125,-12924,-33,72398,4638,0,0,0,-30173,5678,35372,1508,3756,0,0,0,0,0,32504,-2396,3712,13185,13631507,423576,246466,159476,17634,13207931,804285,3474363,393599,966180,785679,427472,901433,5284849,1750665,1351063,22279,82672,0,0,10798,47087,2009,234757,1257768,636002,13631507,13345833,3962017,1652407,930809,395121,326477,850166,1548371,417792,306182,556224,0,0,14508,9621,7278,234757,2009,0,4608663,724209,285674
1987:Q4,74354,11305,63049,44868,4691,13490,9207,13490,-4283,9207,4704,-1169,5671,5671,5671,5671,0,8032,19181,11305,-2361,-2361,225972,22707,70014,-554,4007,29827,-3117,39851,107804,13771,7661,-382,-78,0,0,483,-245,38,6294,49898,-38222,220319,116233,35296,41799,-6568,65,-36501,12019,5361,9914,-15677,0,0,458,7032,-1401,6294,38,0,104161,-10889,5653,9768,0,1754,-8014,5331,3274,2023,34,-142046,-971,8657,1156,-328108,-13174,0,0,6945,198915,-15467,-227059,-95231,-59081,0,0,-1584,0,0,-74344,3180,90344,105783,13830493,436939,253701,164952,18286,13393554,826398,3601457,413716,986168,818701,424097,958775,5417929,1428649,1034050,21897,64536,0,0,11281,53787,2047,241051,1508493,610628,13830493,13439036,4078251,1699070,972608,388553,337909,870595,1393127,327922,316096,481466,0,0,14966,3702,5877,241051,2047,0,4640653,757340,391457
1988:Q1,71236,9058,62178,46272,4844,11062,6243,11062,-4819,6243,3653,-955,3543,3543,3543,3543,0,9772,18673,9058,-6229,-6229,258930,-4365,78627,10762,2164,26749,2033,36919,97555,27752,15363,3201,-969,0,0,598,1842,48,7669,41490,17872,262901,14021,38990,18752,11695,8543,42344,36730,3010,28588,1329,0,0,515,-4897,468,7669,48,0,97759,33057,-3971,2736,0,478,-2258,3244,3126,116,2,39741,1732,5883,-303,42690,4798,0,0,0,-13142,-1917,52810,21083,19777,0,0,0,0,0,13412,-1460,-9825,-3546,14162000,449955,260516,170290,19149,13712045,823765,3684551,424478,986879,847312,428022,997860,5520192,1503889,1092103,25098,68365,0,0,11879,55629,2095,248720,1538540,641109,14162000,13774089,4107642,1738060,991360,400248,346452,912938,1470717,352015,344684,502572,0,0,15481,-1195,6345,248720,2095,0,4753801,790931,387911
1988:Q2,74595,10913,63682,47079,4991,11612,8253,11612,-3359,8253,4338,-508,4423,4423,4423,4423,0,9032,19785,10913,-4609,-4609,323961,19634,85875,26309,-6289,16181,31,49643,140685,14087,-2393,2543,52,0,0,326,84,15,13460,19608,44072,323017,96937,61548,21837,18296,21415,16426,-2743,6216,-16876,337,0,0,338,-6388,155,13460,15,0,91768,59081,944,5263,0,-290,-5553,2353,1819,534,0,24791,-32,-4166,-498,35064,2813,0,0,0,-10187,1797,45882,25269,8642,0,0,0,0,0,12225,-257,-18738,-9052,14522631,461340,266058,175305,19977,14061291,843367,3766260,450787,979124,861894,427633,1046822,5660379,1555853,1124774,27641,71230,0,0,12205,55713,2110,262180,1548456,686977,14522631,14143772,4204582,1799608,1013197,418544,367867,929364,1501885,383500,327808,511551,0,0,15819,-7583,6500,262180,2110,0,4858578,849755,378859
1988:Q3,78144,12066,66078,47624,5115,13339,8844,13339,-4495,8844,6130,144,2571,2571,2571,2571,0,8629,20530,12066,-6058,-6058,303051,37538,82077,8511,17360,23662,350,32194,160599,10404,-3755,2425,-769,0,0,431,1027,-13,11058,7654,4780,279154,72731,48806,36427,7312,5067,40627,10208,7582,-651,-5482,0,0,541,-2991,164,11058,-13,0,87473,19309,23897,29729,0,-226,-29955,2440,1852,674,-86,-10145,-311,-924,-162,-38973,-789,0,0,0,30335,679,-330,11982,-1175,0,0,0,0,0,-11250,114,-7375,24925,14825971,472409,271562,180098,20749,14353562,880594,3847413,459298,995863,884872,428127,1079253,5807644,1526495,1082046,30066,69672,0,0,12636,56740,2097,273238,1585810,705607,14825971,14422187,4277312,1848414,1049624,425856,372934,969991,1522900,403064,327157,504894,0,0,16360,-10574,6664,273238,2097,0,4934392,869178,403784
1988:Q4,80235,12465,67770,48372,5177,14221,12638,14221,-1584,12638,6194,948,5497,5497,5497,5497,0,9061,21356,12465,-3565,-3565,283609,10456,87923,27888,396,17946,1442,40251,115228,12000,3350,2773,731,0,0,541,252,16,4337,18074,39929,288841,83315,71818,43760,23252,4806,-20519,19941,4871,11705,-2099,0,0,570,627,-86,4337,16,0,107094,27192,-5232,-1894,0,-226,1668,4142,2083,2215,-156,1903,-71,-3699,569,-8158,1584,0,0,10247,3919,-2488,-24103,-20311,302,0,0,182,0,0,-5542,1265,30148,33751,15130856,485612,277357,186724,21531,14645244,890979,3931637,487186,995012,901375,429326,1118738,5931440,1542168,1077238,32839,71987,0,0,13177,67239,2113,277575,1605973,743048,15130856,14693321,4360628,1920232,1093384,449108,377740,949472,1523014,387624,338862,503097,0,0,16930,-9765,6578,277575,2113,0,5034340,905635,437535
1989:Q1,84461,12378,72083,48510,5278,18295,12913,18295,-5382,12913,6122,1904,4887,4887,4887,4887,0,9336,21551,12378,-4450,-4450,273614,28200,97995,26643,5142,36801,2940,26469,114399,165,-13676,-584,27,0,0,558,1868,18,11954,44188,-11333,254173,-22568,66582,41391,10447,14744,72892,36503,175,26199,-981,0,0,188,-1121,71,11954,18,0,88443,12321,19441,25016,0,1125,-23891,3009,2316,878,-185,29046,-112,-4528,-598,67387,2782,0,0,0,-35783,-103,64092,34008,13185,0,0,0,0,0,17797,-897,-32037,-2135,15463440,497957,283734,191920,22303,14965483,919067,4015902,513829,999185,936778,430653,1135457,6067303,1614820,1130949,32255,77114,0,0,13735,69107,2131,289529,1641865,706526,15463440,15028040,4338059,2015314,1134775,488055,392484,1022364,1606710,421807,365061,515301,0,0,17118,-10886,6649,289529,2131,0,5168444,877149,435400
1989:Q2,85449,12350,73099,48726,5335,19038,12346,19038,-6692,12346,5270,2553,4522,4522,4522,4522,0,10636,22815,12350,-6115,-6115,335659,-7784,51389,15439,-22486,31492,-105,27049,201299,22028,14514,-664,-398,0,0,66,4518,14,3978,25331,43396,331512,37653,45406,28694,9790,6922,87854,32325,424,20795,6771,0,0,-363,1167,-461,3978,14,0,98818,29456,4147,9884,0,-378,-10262,2401,3076,-497,-178,51027,3119,19059,-393,81073,4746,0,0,0,-48064,-8513,89941,44447,27809,0,0,0,0,0,22076,-4391,-36513,-22108,15890713,510994,291052,196672,23270,15379719,914848,4086350,529268,982112,974541,434040,1166389,6268210,1722667,1226536,31591,81462,0,0,13801,73625,2145,293507,1646236,741409,15890713,15477421,4375713,2060719,1163468,497845,399406,1110218,1711291,466678,385856,549881,0,0,16755,-9719,6188,293507,2145,0,5316820,902660,413292
1989:Q3,86265,12501,73764,49241,5434,19089,13353,19089,-5737,13353,6124,2975,4253,4253,1987,4253,2266,10853,23177,12501,-8866,-8866,213067,38516,47932,10262,-1386,15030,4923,19103,65260,5762,6003,-1545,-18,0,0,27,3646,53,-2404,28701,26896,185338,36839,40703,33973,7316,-586,-51263,39153,3525,30926,8609,0,0,-46,-1797,287,-2404,53,0,90563,29343,27729,31135,-82,-5378,-36595,2450,2095,542,-187,48775,3416,-5386,721,104171,6072,0,0,0,-62316,2098,74647,31958,18405,0,0,0,0,0,24638,-354,-23422,9700,16192512,524215,297484,202385,24346,15668297,956779,4128896,539530,979216,988116,437240,1184794,6334190,1838672,1336710,30046,87516,0,0,13828,77271,2198,291103,1639357,770403,16192512,15769520,4412551,2101422,1197441,505161,398820,1058956,1805822,507176,416782,576895,0,0,16709,-11516,6475,291103,2198,0,5459120,931649,422992
1989:Q4,84431,12765,71666,49886,5456,16324,10304,16324,-6020,10304,5699,2998,1605,1605,678,1605,927,9452,22037,12765,-8774,-8774,264125,45525,84563,11155,30113,19284,-911,24922,105868,8783,11411,-1028,1230,0,0,-443,10,45,-2442,19130,257,275528,103330,69086,45435,13383,10268,-8712,29184,2432,13225,14903,0,0,-374,2082,-687,-2442,45,0,105828,-23188,-11403,-3097,-104,-364,2629,3396,2368,1177,-149,40371,2187,5725,1246,4167,984,0,0,27292,7901,-9131,-10216,-34006,-453,0,0,8252,0,0,17321,-1329,53983,51564,16536105,536959,303905,207563,25491,15999146,1004491,4219184,550685,1010977,1008989,437466,1211067,6441304,1879898,1332634,29018,109384,0,0,13385,104573,2243,288661,1692741,761529,16536105,16061549,4515881,2170508,1242876,518544,409088,1050243,1808799,475602,430007,591345,0,0,16335,-1182,5788,288661,2243,0,5608986,907132,474556
1990:Q1,85402,13217,72185,50567,5727,15891,10923,15891,-4968,10923,5554,2684,2684,2684,2684,2684,0,9528,22569,13217,-6844,-6844,148483,-54383,125587,18802,27043,44643,10341,24758,27397,-2963,-11134,4717,3025,0,0,-1172,-1884,70,3415,53494,-649,135844,-74034,44063,37141,6950,-28,-22406,54183,4573,35689,11266,0,0,-1247,480,-63,3415,70,0,104069,29969,12639,-16922,0,-36405,-19483,2171,1872,420,-121,-32159,1183,-11757,-645,-51558,-2001,0,0,0,25664,6955,-68340,-36706,-16975,0,0,0,0,0,-17075,2415,38352,24114,16651067,548658,310073,211972,26613,16102409,951290,4333014,569487,1033384,1049270,447480,1233393,6496708,1823376,1269942,33735,110408,0,0,12213,102689,2313,292076,1782699,715322,16651067,16152397,4441848,2217789,1283235,525494,409060,1027837,1809176,443469,465696,585636,0,0,14963,-702,5725,292076,2313,0,5707572,948175,498670
1990:Q2,86773,13655,73118,52001,5786,15331,13455,15331,-1876,13455,5590,2372,5491,5491,5491,5491,0,8405,21879,13655,-2915,-2915,169913,-11766,71346,-2459,20006,27066,72,26661,66775,21698,11091,2270,5071,0,0,-441,-710,31,4386,24230,-2370,182377,18755,49301,41937,16168,-8804,-5802,9117,-1363,-10401,16324,0,0,-516,884,-228,4386,31,0,99891,11115,-12464,-10578,1213,-2241,9550,503,1627,-1094,-30,36793,339,4782,483,69542,6348,0,0,0,-42061,-2640,40999,10278,18276,0,0,0,0,0,14298,-1855,-3703,-8790,16876208,558779,315834,215142,27803,16317429,939863,4409142,567028,1054781,1077880,448213,1261240,6562653,1920964,1350575,36005,121827,0,0,11772,101979,2344,296462,1774495,710312,16876208,16386328,4460604,2266991,1325173,541562,400256,1022035,1846847,452384,455295,620236,0,0,14447,182,5497,296462,2344,0,5832416,957435,489880
1990:Q3,87227,14001,73226,53337,5917,13972,8488,13972,-5484,8488,5780,2203,504,504,504,504,0,8212,22030,14001,-7708,-7708,196700,-2066,91136,19466,26554,26017,9075,10024,50186,4283,-11101,4811,2998,0,0,-406,2723,55,5203,43468,9693,183614,19741,51138,37771,4033,9334,-12507,30872,874,31603,3380,0,0,-481,-9490,-272,5203,55,0,102123,-7753,13086,19884,0,-910,-20794,3428,2088,1284,56,-105144,-832,-8007,1743,-189426,-14379,0,0,0,102125,3632,-195978,-97336,-55575,0,0,0,0,0,-46787,3722,94262,114650,16988213,570419,322013,219461,28945,16417794,926965,4492271,586494,1079610,1102210,454385,1269572,6614582,1721442,1150048,40816,110446,0,0,11366,104702,2399,301665,1928897,733637,16988213,16383683,4480343,2318129,1362944,545595,409590,1009528,1724808,355922,486898,568041,0,0,13966,-9308,5225,301665,2399,0,5897471,953404,604530
1990:Q4,85963,14270,71693,53525,6000,12168,11738,12168,-431,11738,6440,2176,3121,3121,3121,3121,0,7330,21411,14270,-4210,-4210,260392,44413,81747,-5128,29346,40807,4462,12260,60439,31249,31194,5491,-458,0,0,-262,-2799,24,-1941,38043,4502,265012,106301,83323,50613,24619,8091,-6640,21524,359,14370,11884,0,0,-287,-2184,-701,-1941,24,0,96371,-35867,-4620,-1480,0,-1069,411,3972,1567,2243,162,38885,-3209,11620,891,90320,7558,0,0,-18211,-48261,-1824,59422,20437,23128,0,0,-9443,0,0,30209,-4910,-16565,-14924,17306572,581721,327267,224199,30255,16724851,968170,4585706,581366,1112297,1147409,461432,1283202,6675912,1835358,1274562,46307,117546,0,0,11104,83692,2423,299724,1923391,736315,17306572,16716966,4586646,2401519,1413556,570282,417681,1002888,1780454,376718,501268,603053,0,0,13679,-20935,4524,299724,2423,0,6032832,912627,589606
1991:Q1,89480,14464,75016,53661,6137,15218,17353,15218,2135,17353,6182,2229,8941,8941,8941,8941,0,6233,20510,14464,2708,2708,185004,-19829,142399,-2658,72045,37248,16894,18870,9349,7300,-9751,3086,4528,0,0,-249,6120,78,3488,40778,5008,167721,-34737,32556,33724,15935,-17103,-18203,82203,5224,54143,20351,0,0,-324,-1237,480,3488,78,0,85979,19923,17283,13689,0,-886,-14575,4703,2990,1442,271,99772,-275,1475,-2286,183181,13239,0,0,0,-94489,-1074,164024,72608,45734,0,0,0,0,0,49263,-3579,-59549,-36919,17612881,592657,333302,227456,31899,17020224,948066,4729580,578708,1172235,1196372,478523,1303742,6678615,2039156,1447992,49393,135313,0,0,10855,89812,2501,303290,1880199,744608,17612881,17060194,4551908,2432917,1447278,585061,400578,984686,1981155,454550,555411,669138,0,0,13355,-22094,5004,303290,2501,0,6179401,930127,552687
1991:Q2,90100,14725,75375,54503,6152,14720,15341,14720,621,15341,7145,2084,6112,6112,6112,6112,0,5660,20194,14725,452,452,183194,391,47813,-26945,26252,20256,465,27785,69952,14731,12576,956,5080,0,0,-155,-3794,44,24,36202,14105,180913,-16465,36699,28307,19072,-10680,34428,28485,9530,-19754,28473,0,0,-92,10078,182,24,44,0,108588,-10822,2281,776,0,-1053,-1829,-366,683,-757,-292,3819,-50,-3276,-796,-7674,3028,0,0,0,10841,1746,5331,4176,2803,0,0,0,0,0,-2255,606,-1878,5010,17814610,597951,336819,228153,32979,17216659,948407,4774117,551763,1197065,1215218,478736,1331335,6747771,2049241,1452894,50349,143421,0,0,10700,86018,2545,303314,1936665,760458,17814610,17256913,4535444,2469616,1475585,604133,389898,1019114,2016619,468256,535657,700414,0,0,13263,-12016,5186,303314,2545,0,6296209,919911,557697
1991:Q3,90857,14880,75977,55048,6208,14721,14772,14721,51,14772,7873,1908,4993,4993,4993,4993,0,5594,20281,14880,-601,-601,279383,13107,122052,-11071,63442,20262,3428,45991,38473,43858,24775,3039,7014,0,0,-66,952,20,8124,30580,31313,273373,26826,53383,42468,14150,-3235,40439,56199,5804,351,36967,0,0,-3,4478,458,8124,20,0,101362,-4836,6010,5677,0,-934,-6611,-1579,-27,-1092,-460,60514,-2200,15773,1450,87251,9333,0,0,0,-42530,-8563,89431,35814,32185,0,0,0,0,0,25537,-4106,-30496,-19826,18167209,601966,339339,228734,33893,17565243,959315,4911942,540692,1265428,1241299,483642,1380881,6787694,2189683,1564920,53388,159768,0,0,10634,86970,2565,311438,1933402,783208,18167209,17629338,4562271,2522999,1518053,618283,386663,1059553,2140817,509874,536008,769566,0,0,13260,-7538,5644,311438,2565,0,6432729,910969,537871
1991:Q4,91211,15105,76106,56001,6270,13835,16642,13835,2807,16642,8015,1634,6995,6995,5711,6995,1284,4677,19591,15105,1034,1034,299642,44643,128597,-9752,59152,27266,20154,31777,9044,41330,25168,1870,7428,0,0,-434,-1865,87,9076,37625,38403,328775,82535,60609,41338,8094,11177,-42250,77158,8211,6433,44724,0,0,-286,8877,36,9076,87,0,106403,44320,-29133,-31266,0,-1099,30167,-3379,-3070,332,-641,82838,648,15719,1656,115012,6743,0,0,11003,-56231,-11711,140148,50295,36454,0,0,19375,0,0,37413,-3390,-60689,-86244,18558657,603264,338512,230155,34597,17955393,1004605,5052658,530940,1329683,1269997,505995,1416043,6801993,2363771,1705100,55258,173939,0,0,10200,96108,2652,320514,1922465,809901,18558657,18107030,4644806,2583609,1559392,626377,397840,1017303,2324099,568380,542441,850744,0,0,12974,20714,5680,320514,2652,0,6585314,951899,451627
1992:Q1,97693,15128,82565,58355,6263,17947,23464,17947,5517,23464,10436,1098,11930,11930,11930,11930,0,4348,19283,15128,7582,7582,217973,-21683,106893,8300,28002,15963,16724,37904,9764,39014,5475,3729,13014,0,0,-77,5300,93,11480,84084,-99,213214,-67952,39525,26072,24233,-10780,10545,104436,10521,32395,50379,0,0,-151,-286,5,11480,93,0,100999,25661,4759,-5329,0,-2506,2823,621,510,1052,-941,-26077,-430,-18451,-1635,-29175,-2899,0,0,0,12558,13954,-17470,8154,-11143,0,0,0,0,0,-17463,2981,-7986,-1385,18841268,608233,341229,232102,34902,18233035,1017117,5147400,539240,1351719,1285715,520618,1450108,6808293,2408141,1718830,58987,184054,0,0,10123,101408,2745,331994,2058930,793155,18841268,18391026,4602512,2638713,1585465,656910,396338,1028848,2416268,587055,574836,889980,0,0,12823,11150,5685,331994,2745,0,6709445,995240,450242
1992:Q2,97463,15196,82267,58717,6304,17246,22680,17246,5434,22680,9346,777,12557,12557,12557,12557,0,5146,20152,15196,7411,7411,293312,-12985,137111,3661,45564,43773,12691,31422,73200,65752,36314,324,12676,0,0,-226,-408,87,16985,26480,3755,293346,-12646,68079,51813,18957,-2691,42123,61340,10368,-15098,50542,0,0,-326,-1054,-164,16985,87,0,110157,24293,-34,-8450,0,-1005,7445,507,1817,-940,-370,9537,-2271,11673,1511,-3961,83,0,0,0,3419,-917,18601,10289,11721,0,0,0,0,0,-1848,-1559,-8557,-4450,19188655,613886,345296,232725,35865,18574769,1001861,5296184,542901,1399805,1332747,536142,1484589,6883003,2470015,1751183,59311,196813,0,0,9897,101000,2832,348979,2127714,795993,19188655,18742863,4589866,2706790,1637276,675867,393647,1070971,2499618,607712,559738,952243,0,0,12497,10096,5521,348979,2832,0,6857644,1017974,445792
1992:Q3,98653,15308,83345,60341,6346,16658,19082,16658,2424,19082,8337,697,10047,10047,-7313,10047,17360,4982,20099,15308,-12295,-12295,380662,-19421,144393,622,52880,31529,15010,44352,117684,22496,5086,1706,4798,0,0,221,-3238,145,13778,39803,75708,388133,6556,67297,41584,21520,4193,92545,75557,9280,-2874,50055,0,0,321,4325,527,13778,145,0,116141,30037,-7471,3041,-252,-1531,-4824,2170,2264,-28,-66,34949,-318,16306,1386,42385,4489,0,0,0,-22197,-7102,43822,13647,17630,0,0,0,0,0,15575,-3032,-6703,-10975,19648819,620786,349702,233958,37126,19028033,982122,5456883,543523,1457225,1370172,553658,1532305,7002072,2539385,1798654,61017,206100,0,0,10118,97762,2977,362757,2182973,864599,19648819,19214002,4596421,2774089,1678862,697387,397840,1163517,2606452,630639,556864,1019928,0,0,12818,14421,6048,362757,2977,0,7028544,1044979,434817
1992:Q4,108960,15472,93488,68835,6460,18193,19730,18193,1537,19730,9366,946,9418,9418,9418,9418,0,5802,21079,15472,3616,3616,232946,15840,110145,-8546,36732,25093,23174,33692,60328,58089,34535,413,10401,0,0,-16,985,77,11694,21150,-32606,252185,39917,59308,36794,18819,3695,-8869,73886,10870,-10670,51112,0,0,-16,10978,-159,11694,77,0,102867,-14924,-19239,-24229,0,-1374,22855,1648,3084,-1509,73,65793,-131,-12015,-2087,126495,11377,0,0,1905,-57490,-2261,151936,96933,25302,0,0,-8499,0,0,37847,353,-84495,-99306,19992114,628236,355144,234365,38727,19363878,997831,5555013,534977,1490128,1390427,576605,1562876,7060313,2737251,1959684,61430,227878,0,0,10102,100652,3054,374451,2183739,829732,19992114,19656603,4636339,2833397,1715656,716206,401535,1154647,2794074,738442,546194,1096342,0,0,12802,16900,5889,374451,3054,0,7207738,1030408,335511
1993:Q1,95467,15745,79722,56237,6376,17109,17088,17109,-21,17088,11081,965,5043,5043,3298,5043,1745,5532,21079,15745,-2235,-2235,289756,-41822,172234,-19346,36939,60967,25619,68055,-6429,94859,70568,4767,13442,0,0,200,-1355,133,7104,30481,40434,267361,-100135,42527,35815,26584,-19872,84940,100784,10163,13330,67198,0,0,308,1562,986,7104,133,0,135654,3591,22395,23496,-29,-1105,-24630,3104,2847,-24,281,62206,-360,13702,868,71792,8064,0,0,0,-36831,4972,121174,62750,37640,0,0,0,0,0,24313,-3532,-55864,-29071,20354629,636843,359643,237287,39913,19717786,955649,5747027,521710,1530884,1456835,602638,1634960,7050178,2911966,2102044,66197,249384,0,0,10302,99297,3187,381555,2177830,875137,20354629,20048189,4536204,2881295,1751474,742790,387031,1239587,2989880,811355,559524,1201180,0,0,13110,13094,6875,381555,3187,0,7369251,1031972,306440
1993:Q2,105921,15951,89970,64642,6527,18801,16811,18801,-1990,16811,10791,837,5182,5182,5182,5182,0,6826,22581,15951,-1644,-1644,364149,-23422,157739,-3580,39241,36518,33315,52245,96534,90008,49344,2998,17344,0,0,337,8345,101,11539,44756,-1466,352882,38216,38747,18669,23543,-3465,12149,87741,10710,-7112,68572,0,0,399,3891,-359,11539,101,0,119385,56644,11267,11283,0,-1628,-12911,1776,3224,-1239,-209,41787,185,-8054,158,33768,4055,0,0,0,-6712,18388,31956,-5381,32474,0,0,0,0,0,5829,-965,11607,28072,20768735,645445,364588,240052,40805,20123290,932411,5896712,518130,1569143,1492301,631983,1685155,7146869,3039797,2185156,69195,270783,0,0,10639,107642,3288,393094,2215441,892060,20768735,20434223,4574421,2920040,1770141,766333,383566,1251736,3104714,816684,552412,1302226,0,0,13509,16985,6516,393094,3288,0,7495661,1087651,334512
1993:Q3,108202,16206,91996,66063,6679,19254,16450,19254,-2804,16450,11359,547,4543,4543,4239,4543,304,5822,21829,16206,-1583,-1583,472213,-10245,193242,-3705,50114,51265,22200,73368,147183,69874,34167,1571,16821,0,0,511,-176,43,16937,29211,42948,461700,-2580,106740,71178,38189,-2627,106713,109105,8023,-1890,71852,0,0,579,12822,739,16937,43,0,113780,27942,10513,11719,-69,-308,-12096,2511,3234,-503,-220,73883,199,23415,549,102222,9528,0,0,0,-38577,-23453,131673,62381,45240,0,0,0,0,0,27160,-3107,-55279,-39321,21323633,653709,369403,242751,41555,20669924,922365,6113369,514425,1624458,1550209,658187,1766090,7294601,3221421,2321545,70766,297132,0,0,11150,107466,3331,410031,2206613,911555,21323633,21028442,4571841,3026780,1841319,804522,380939,1358448,3321440,887088,550522,1419318,0,0,14088,29807,7255,410031,3331,0,7637447,1112486,295191
1993:Q4,119320,16481,102839,73022,6869,22948,19445,22948,-3504,19445,13776,128,5540,5540,5540,5540,0,6616,22891,16481,-1077,-1077,429589,11736,137700,9458,8712,50675,25833,43022,113012,116649,61916,4911,21098,0,0,300,14538,70,13816,22084,28408,399368,80332,96513,39617,37954,18942,-12091,112149,7685,14797,72541,0,0,359,3170,-289,13816,70,0,101843,20622,30221,30828,0,-470,-31298,2936,3495,-401,-158,55613,39,-15587,-1209,45956,6301,0,0,39113,-18034,-966,35517,-7108,12785,0,0,14689,0,0,14362,787,23032,59399,21818413,663261,374634,246241,42386,21155152,934140,6235482,523883,1628934,1594936,682044,1805685,7420515,3429440,2429417,75677,324531,0,0,11450,161117,3401,423847,2210690,924885,21818413,21463823,4652173,3123294,1880937,842476,399881,1346358,3453955,887665,565319,1504644,0,0,14447,47666,6966,423847,3401,0,7754148,1133895,354590
1994:Q1,105935,16670,89265,62238,6672,20355,15568,20355,-4788,15568,9713,-497,6351,6351,-5817,6351,12168,7325,23789,16670,-13142,-13142,427783,-11971,99529,-7772,10426,38095,13298,45482,94473,66637,31857,516,22205,0,0,191,461,44,11363,84865,94251,457168,-14772,127584,82524,38217,6843,58146,78357,434,16969,51425,0,0,271,-2165,16,11363,44,0,127417,80436,-29385,-98867,-165,-82459,16243,3476,3341,622,-487,-77346,-397,-53627,1375,-76919,-9467,0,0,0,35705,25984,-121672,-37562,-60883,0,0,0,0,0,-30035,6808,47802,-56882,22220811,673897,379794,251416,42687,21546914,921773,6289107,523834,1630462,1620338,675602,1838871,7516468,3409691,2384355,76193,337269,0,0,11641,161578,3445,435210,2334756,1075120,22220811,21923103,4637401,3258601,1963461,880693,414447,1404504,3426144,850537,582288,1495186,0,0,14718,37778,6982,435210,3445,0,7855121,1341332,297708
1994:Q2,110895,16957,93938,68059,6823,19056,14423,19056,-4633,14423,9863,-862,5421,5421,5421,5421,0,6981,23730,16957,-1560,-1560,297219,-4547,18483,3192,-16793,31967,-17223,17339,133398,88329,64826,-2289,15242,0,0,638,600,78,9234,24387,37170,306788,441,99795,69748,28801,1246,34478,35872,-863,-5656,30122,0,0,702,2885,-630,9234,78,0,119095,17107,-9569,-8499,0,-490,8009,3020,2688,503,-171,-11173,-152,-21930,961,-28026,1117,0,0,0,9241,27616,-9915,11684,-21044,0,0,0,0,0,-3901,3346,1762,-1316,22519478,683898,384555,256115,43228,21835580,917074,6285659,527026,1608907,1644592,657117,1848017,7650824,3471111,2421155,73904,353628,0,0,12279,162178,3523,444444,2371003,1139910,22519478,22223086,4637841,3358397,2033210,909494,415693,1438982,3452656,861358,576632,1504264,0,0,15420,40663,6352,444444,3523,0,7973425,1361785,296392
1994:Q3,113873,17245,96628,67370,6950,22308,17540,22308,-4768,17540,10564,-673,7647,7647,7647,7647,0,6832,23863,17245,815,815,319615,1214,88673,12770,-13021,52530,12043,24351,148415,65746,45563,-2426,13868,0,0,371,793,85,7492,19175,-3608,287770,-10172,97738,60514,27221,10003,43491,38628,-2117,9563,29401,0,0,438,-6332,98,7492,85,0,113939,4146,31845,30587,0,-444,-31031,4821,5109,-305,17,79723,452,-9729,176,128641,16685,0,0,0,-56123,-379,76996,-9088,47109,0,0,0,0,0,39647,-673,7548,45781,22932654,695551,391674,259955,43922,22237103,918739,6364603,539796,1593821,1694139,667108,1869739,7799415,3682183,2595359,71478,384181,0,0,12650,162971,3608,451936,2336241,1135923,22932654,22590481,4627670,3456135,2093724,936715,425696,1482473,3529305,850153,586195,1580774,0,0,15858,34331,6450,451936,3608,0,8129640,1365258,342173
1994:Q4,114500,17577,96923,68189,7099,21635,17176,21635,-4459,17176,10176,-175,7175,7175,7175,7175,0,7375,24737,17577,-200,-200,242536,17025,33579,17551,-9541,26353,-14203,13418,103227,59266,11702,-672,42408,0,0,445,-639,75,5947,1360,28080,245124,78918,129965,79367,34738,15860,-84699,40252,-2319,24810,3349,0,0,415,8557,-582,5947,75,0,85146,-4458,-2588,-2927,0,-539,2388,4720,5917,-1363,166,-85578,-55,-2315,-22,-35946,-2559,0,0,-27127,-1783,-15772,-62344,11320,-39803,0,0,-27266,0,0,-8282,1687,-18514,-14266,23103674,707646,399668,263243,44735,22396028,935710,6395866,557347,1582752,1717516,657969,1880282,7902982,3675817,2571115,70806,424030,0,0,13095,135205,3683,457883,2337427,1148227,23103674,22775767,4706588,3586458,2173449,971453,441556,1397774,3513808,859154,611005,1544320,0,0,16273,15622,5868,457883,3683,0,8208652,1362487,327907
1995:Q1,116967,17893,99074,68439,7163,23472,18786,23472,-4686,18786,13422,981,4383,4383,4383,4383,0,6782,24447,17893,-2399,-2399,401786,7271,136075,23507,41310,30248,18447,22563,123630,65950,7146,4932,22648,0,0,398,1853,103,28870,50362,18499,401344,-14490,71541,23580,39084,8877,74931,82086,1440,30869,23941,0,0,370,-3813,306,28870,103,0,110825,76451,442,-26898,0,-29739,-2841,2452,3200,-1129,381,175195,-1457,18377,2750,199652,32947,0,0,0,-91959,14886,236551,92077,81136,0,0,0,0,0,69419,-6080,-58904,-81419,23700340,716880,404723,266940,45217,22983460,941524,6552939,583475,1627911,1754035,676587,1910931,8028916,3974366,2777913,75738,479625,0,0,13493,137058,3786,486753,2303658,1182058,23700340,23453852,4692097,3660620,2197029,1010537,453054,1472705,3766486,952671,641874,1649397,0,0,16643,9188,6174,486753,3786,0,8397465,1464479,246488
1995:Q2,121330,18164,103166,69144,7279,26743,22109,26743,-4634,22109,13668,1691,6750,6750,6750,6750,0,6304,24239,18164,446,446,496877,36313,123283,13413,-19669,47806,5165,76568,240408,75325,25551,7701,25430,0,0,483,1179,29,14952,41944,-20395,465872,125599,102552,50933,42852,8767,68667,88871,-887,44799,33044,0,0,454,-3342,-178,14952,29,0,116546,-36363,31005,30315,0,-244,-30559,1957,1178,738,41,194484,-2437,30414,225,243050,46052,0,0,0,-102702,-20118,286726,93235,118109,0,0,0,0,0,83612,-8232,-90285,-53220,24407848,725141,407752,272026,45363,23682707,975400,6706636,596888,1615563,1811348,683700,1999137,8269542,4338793,3046514,83439,551107,0,0,13976,138237,3815,501705,2250786,1141551,24407848,24214580,4817698,3763172,2247962,1053389,461821,1541372,4066701,1045019,686673,1800550,0,0,17097,5846,5996,501705,3815,0,8605753,1419884,193268
1995:Q3,125847,18386,107461,70517,7413,29531,22805,29531,-6727,22805,13805,2140,6858,6858,6858,6858,0,6380,24536,18386,478,478,407074,-958,92118,4929,-6989,58741,2911,32526,163511,70049,16986,5181,27873,0,0,683,1731,100,17495,57686,24669,384858,-26581,116868,53161,52905,10802,33537,91553,-1236,24200,49377,0,0,659,54,904,17495,100,0,107654,61827,22216,21631,0,-107,-21738,2383,2965,-596,14,189273,-1069,4005,-1874,248078,41287,0,0,0,-105898,4743,303523,119837,104115,0,0,0,0,0,82320,-2749,-111867,-83378,25020541,733904,412625,275707,45572,24286637,973374,6802758,601817,1608660,1869500,690198,2032583,8431180,4698207,3311578,88620,620267,0,0,14659,139968,3915,519200,2210156,1170963,25020541,24910651,4791117,3880040,2301123,1106294,472623,1574909,4382206,1163620,710873,1954042,0,0,17756,5900,6900,519200,3915,0,8803417,1478962,109890
1995:Q4,126715,18565,108150,71787,7535,28828,21945,28828,-6883,21945,13232,2267,6446,6446,4516,6446,1930,6672,25007,18565,-2156,-2156,505552,-22219,176290,-4871,24079,67113,20947,69022,196678,35882,-4834,7396,27984,0,0,474,3570,51,1241,59133,59788,502214,43707,136739,76615,45879,14245,50231,112432,-1080,42145,62481,0,0,500,6989,105,1241,51,0,110322,48783,3338,5158,-39,-297,-5494,421,1980,-1194,-365,112958,90,25439,-327,142874,28701,0,0,13841,-61770,-35890,221347,78197,41752,0,0,42277,0,0,62593,-3472,-107968,-98294,25654077,740958,416456,279024,45478,24913119,951244,6991460,596946,1638061,1943051,716692,2096710,8643791,4919505,3449618,96016,676952,0,0,15133,157379,3966,520441,2214474,1192645,25654077,25642481,4834824,4017088,2377738,1152482,486868,1625140,4657573,1240737,753018,2058275,0,0,18256,55875,7005,520441,3966,0,8983583,1524273,11596
1996:Q1,132179,18717,113462,73100,7504,32858,24993,32858,-7865,24993,13951,2658,8384,8384,8384,8384,0,7668,26136,18717,716,716,473225,-26345,172995,29905,23867,58473,14897,45853,135564,83835,26497,10355,23464,0,0,154,2410,71,20884,63130,44047,466826,-15681,82024,37265,40705,4054,64186,178167,-7029,71184,88965,0,0,126,3272,694,20884,71,0,97939,60191,6399,4779,0,-904,-5683,-1968,515,-2408,-75,125290,4,-41305,-586,182488,31650,0,0,0,-71639,24679,188038,68157,54386,0,0,0,0,0,62319,3177,-64716,-51553,26258907,746658,419426,281646,45586,25512249,924903,7123150,626851,1653228,1991360,722878,2128833,8778772,5217478,3658603,106371,732066,0,0,15287,159789,4037,541325,2206580,1261367,26258907,26298864,4819142,4099112,2415003,1193187,490922,1689326,4958283,1301865,824202,2201626,0,0,18382,59147,7699,541325,4037,0,9145360,1587641,-39957
1996:Q2,136985,18881,118104,75143,7660,35301,23080,35301,-12221,23080,14808,2533,5738,5738,5738,5738,0,8665,27297,18881,-2927,-2927,407517,-4360,47438,12408,-16242,8159,2529,40584,193244,104319,51651,2938,24536,0,0,532,2484,101,22077,50593,16284,408573,31122,155209,75270,53512,26427,42367,80096,-3650,-6454,76147,0,0,550,-8485,-190,22077,101,0,96122,3657,-1056,1055,0,-816,-1871,-1826,1555,-3094,-287,120543,-39,-9757,-476,141427,22483,0,0,0,-62260,29165,139857,25990,73878,0,0,0,0,0,40596,-607,-21140,-14347,26794388,753497,423675,284179,45643,26040891,920504,7134533,639259,1608020,1998520,723375,2165359,8971545,5485707,3851681,109309,779085,0,0,15819,162273,4138,563402,2195497,1333106,26794388,26848692,4850264,4254321,2490273,1246699,517349,1731693,5138247,1324205,817748,2351651,0,0,18932,50662,7509,563402,4138,0,9283476,1590691,-54304
1996:Q3,138795,18949,119846,76970,7785,35091,19561,35091,-15530,19561,14932,1723,2907,2907,2907,2907,0,9517,28218,18949,-6610,-6610,459308,31040,77793,12290,-17843,26825,1259,55262,143945,97000,44257,7590,22054,0,0,319,3186,397,19197,61466,48064,456973,57221,97027,55696,20113,21218,12286,106356,-6624,34315,52227,0,0,310,6071,463,19197,397,0,110120,73963,2335,9120,0,175,-8945,3355,5381,-1693,-333,115775,3537,2148,-196,121174,28265,0,0,0,-48409,9256,200618,92389,57902,0,0,0,0,0,51064,-736,-81488,-69461,27383796,766369,431876,288710,45783,26617427,955081,7214474,651549,1589940,2025074,727146,2220765,9115296,5732146,4017112,116899,829404,0,0,16138,165459,4535,582599,2210005,1390426,27383796,27507561,4907484,4351348,2545969,1266812,538567,1743979,5394894,1409970,852063,2461780,0,0,19242,56733,7972,582599,4535,0,9445938,1663918,-123765
1996:Q4,139712,19183,120529,78861,8020,33648,17707,33648,-15941,17707,14768,110,2825,2825,2825,2825,0,8965,27895,19183,-6140,-6140,566543,77041,101788,1551,-43123,38535,24166,80659,199211,106772,31341,10582,26104,0,0,402,5574,67,32702,32446,49286,613987,125923,141013,63182,37302,40529,41390,151837,-10806,49744,67748,0,0,464,12053,-135,32702,67,0,118593,35231,-47444,-32127,0,9177,41304,1669,3164,-1229,-266,202380,65,38497,-353,240984,33872,0,0,20757,-96924,-34518,423112,240243,94466,0,0,19601,0,0,56981,11819,-219063,-248365,28330609,777003,437925,293019,46059,27553606,1032203,7355191,653100,1550466,2073858,750566,2327201,9314489,6200517,4294423,128481,949380,0,0,16540,191790,4602,615301,2234810,1416397,28330609,28702739,5033177,4492361,2609151,1304114,579096,1785369,5913066,1651432,901807,2623994,0,0,19706,88387,7837,615301,4602,0,9772266,1706500,-372130
1997:Q1,147119,19423,127696,80707,8084,38905,18532,38905,-20374,18532,16079,-1573,4025,4025,4025,4025,0,9107,28250,19423,-5083,-5083,630646,33246,194944,62889,20720,43026,10509,57800,155451,99669,7108,12422,33736,0,0,642,4213,160,41388,64494,82843,598619,53558,70145,27021,-799,43923,97087,155709,-20111,63626,71438,0,0,646,-2499,1061,41388,160,0,104920,117200,32027,45010,0,7900,-37110,347,4290,-3725,-218,2940,1610,-21704,-1247,-7105,966,0,0,0,7086,23335,49767,54315,-9045,0,0,0,0,0,1784,2714,-46480,2554,28983984,786457,445724,294578,46155,28197527,1067059,7540348,715989,1535526,2128545,769038,2391250,9468154,6298381,4289677,140903,993165,0,0,17182,196003,4762,656689,2304809,1518777,28983984,29353560,5086734,4562506,2636172,1303315,623019,1883656,6114045,1685636,965433,2686387,0,0,20352,85888,8898,656689,4762,0,9878445,1828174,-369576
1997:Q2,150735,19668,131067,82063,8314,40690,21495,40690,-19195,21495,16179,-1819,7134,7134,7134,7134,0,8639,28025,19668,-1505,-1505,563702,38211,112735,16925,-16929,42504,1504,68731,184092,63152,14883,4109,26563,0,0,472,4772,288,12065,57287,108226,535086,98198,143002,71881,51682,19439,73706,73801,-11721,-1733,70888,0,0,475,2322,1217,12065,288,0,136572,9807,28616,29783,0,-338,-30121,1583,4340,-2895,138,556835,-224,29673,165,638790,138353,0,0,0,-242806,-7116,825721,303606,294126,0,0,0,0,0,235075,-7087,-267303,-230386,30113075,796679,453304,296712,46663,29316396,1105046,7682755,732914,1522285,2176954,777038,2473564,9652463,7138676,4943350,145012,1158081,0,0,17654,200775,5050,668754,2117622,1619835,30113075,30713037,5184933,4705508,2708053,1354997,642458,1957362,6785578,1977521,963700,3051401,0,0,20827,88210,10115,668754,5050,0,10248762,1830894,-599962
1997:Q3,156745,19891,136854,84252,8379,44223,26222,44223,-18002,26222,15990,-584,10811,10811,10811,10811,0,9874,29482,19891,937,937,635773,-16020,139440,24466,17091,32962,15309,49612,284106,110468,32496,14112,29013,0,0,396,2209,177,32065,48063,69716,639462,-5744,95002,40134,12604,42264,130704,164233,-9466,51427,92377,0,0,417,-3808,1044,32065,177,0,132224,123043,-3689,-4834,0,-208,4626,2388,5304,-2706,-210,428122,60,25018,-501,461058,104660,0,0,0,-154357,-7816,664980,259847,224584,0,0,0,0,0,185322,-4773,-234470,-228493,31179232,808941,462183,299787,46971,30370291,1089086,7839558,749725,1543183,2214658,795971,2536021,9936094,7814862,5436904,159124,1291754,0,0,18050,202984,5227,700819,2008983,1681709,31179232,32007687,5179189,4780402,2748187,1347499,684716,2088066,7453927,2227902,1015127,3368362,0,0,21244,104087,11159,700819,5227,0,10564171,1941932,-828455
1997:Q4,164397,20234,144163,86724,8394,49045,27597,49045,-21448,27597,15155,581,11858,11858,11858,11858,0,10464,30405,20234,1394,1394,717774,86906,221382,40617,35367,35318,17493,92587,170145,81905,22443,5206,38952,0,0,252,8464,206,6382,52979,104458,713905,196821,189821,74618,54178,61025,34275,137477,-10156,43758,95749,0,0,224,1562,-248,6382,206,0,109090,46421,3869,2860,0,385,-2475,965,5510,-4033,-512,-53640,79,23845,-702,-28577,-18184,0,0,16497,-10481,-36118,109529,139272,-54796,0,0,69238,0,0,-28733,-15452,-162204,-147486,31858644,820370,471566,301631,47173,31038274,1182480,8084785,790342,1580799,2252508,821328,2639808,10105477,7866503,5430770,164330,1312522,0,0,18302,227945,5433,707201,2048920,1750110,31858644,32834585,5376010,4970223,2822805,1401677,745741,2122341,7745118,2357018,1058885,3409315,0,0,21468,174887,10911,707201,5433,0,10641583,1979310,-975941
1998:Q1,169017,20573,148444,90036,8263,50145,21752,50145,-28393,21752,15200,3654,2894,2894,2894,2894,0,12155,32401,20573,-9262,-9262,805915,-50208,325412,91986,13921,108564,25610,85331,192649,137855,56470,8304,28151,0,0,1300,-2420,38,46012,89640,110568,833648,-17813,175523,57006,59316,59201,145033,229641,1548,83521,101270,0,0,1339,-4922,835,46012,38,0,148546,152718,-27733,59511,0,77982,18472,3765,7480,-3384,-331,604274,-41,1143,-383,683916,141109,0,0,0,-238422,16952,841813,276247,330011,0,0,0,0,0,234223,1331,-233774,-171370,33308356,836290,481555,306555,48180,32472066,1132231,8411339,882328,1594203,2358215,843786,2732807,10297697,8829383,6171156,172634,1481782,0,0,19602,225525,5471,753213,1923621,1877795,33308356,34455667,5358198,5145746,2879811,1460993,804942,2267374,8581017,2634813,1142406,3840596,0,0,22807,169965,11746,753213,5471,0,11049404,2053928,-1147311
1998:Q2,172674,20990,151684,92804,8328,50552,24027,50552,-26525,24027,15080,5173,3768,3768,3768,3768,0,14375,35033,20990,-10607,-10607,630456,12579,108619,31250,-49686,8126,12204,106725,290766,100831,42336,2467,37911,0,0,283,6102,320,11412,66103,51558,630978,87365,224297,103532,86847,33918,33823,138011,-2781,26105,96960,0,0,578,5724,-307,11412,320,0,140681,6801,-522,10186,0,101,-10085,1636,5593,-3880,-77,70820,181,14016,-18,35227,-6473,0,0,0,-1110,28997,103705,74788,39767,0,0,0,0,0,-8247,-2602,-31249,-17295,34050243,852301,490372,312183,49746,33197942,1144991,8533974,913578,1546267,2367111,859747,2847271,10588445,8958968,6248719,175101,1513220,0,0,19885,231627,5791,764625,2013215,1958349,34050243,35214849,5445562,5370043,2983343,1547840,838860,2301197,8833583,2706820,1168511,3977323,0,0,23385,175689,11439,764625,5791,0,11206337,2058127,-1164606
1998:Q3,175451,21475,153976,94988,8467,50521,24995,50521,-25527,24995,15905,5524,3564,3564,3564,3564,0,13622,34758,21475,-10058,-10058,679301,48330,167808,26124,-51285,107171,21622,64176,231103,63984,-25685,9972,48541,0,0,816,2264,119,27957,52644,115432,687151,42473,211741,140474,35921,35346,79529,180063,-6559,98391,43905,0,0,816,15690,-256,27957,119,0,134626,38719,-7850,1797,0,-411,-2208,1716,4603,-2912,25,-731300,225,31866,789,-802549,-186939,0,0,0,264729,-39421,-1200488,-500746,-398250,0,0,0,0,0,-294153,-7339,470904,476265,34037114,867639,498006,318127,51506,33169475,1193546,8733648,939702,1501927,2481610,888982,2921427,10820337,8033464,5420485,185073,1374822,0,0,20701,233891,5910,792582,2354119,2034361,34037114,34725455,5488035,5581784,3123817,1583761,874206,2380726,8114650,2199515,1266902,3622978,0,0,24201,191379,11183,792582,5910,0,11070753,2089507,-688341
1998:Q4,177820,21999,155821,97501,8558,49762,23273,49762,-26489,23273,16952,4977,1349,1349,1349,1349,0,16132,37780,21999,-14783,-14783,643133,49949,238701,-8498,-3874,115044,28634,107395,218937,120881,56809,6453,16235,0,0,1589,3906,42,35847,33683,-19018,592803,150508,261662,170577,58567,32518,-125929,187643,-7284,84776,59702,0,0,1320,13166,74,35847,42,0,133990,-15071,50330,64738,0,-375,-65113,-186,4187,-4265,-108,978666,-240,-15957,1452,1073656,237658,0,0,44475,-374559,12181,1320416,364552,490851,0,0,74708,0,0,386413,3891,-341936,-275849,35697873,883585,505625,324372,53588,34814288,1243256,8956392,931204,1494093,2589388,912688,3029019,11040726,9510134,6550950,191526,1628715,0,0,22290,282272,5952,828429,2036258,2027523,35697873,36662063,5638544,5843446,3294394,1642328,906724,2254797,9232404,2556783,1351678,4173531,0,0,25521,279253,11257,828429,5952,0,11614545,2078327,-964190
1999:Q1,180114,22582,157532,98888,8698,49946,29109,49946,-20837,29109,15274,2641,11187,11187,11187,11187,0,15735,37934,22582,-4548,-4548,679447,-18123,314685,55514,24033,161523,16609,57006,131378,83994,-25556,15332,39221,0,0,1465,5429,170,47933,98406,69108,658530,-51080,260164,142374,98071,19719,29232,208538,-2294,86689,61562,0,0,1445,12901,132,47933,170,0,92076,119600,20917,24640,0,-825,-25465,2126,4637,-2426,-85,162288,-1794,-42347,-1052,199353,63201,0,0,0,-74950,19877,313957,132721,92828,0,0,0,0,0,90486,-2078,-149543,-113716,36573879,901446,513419,332196,55831,35672433,1223362,9231114,986718,1512388,2740885,927024,3064099,11172487,9856682,6724747,206858,1731137,0,0,23755,287701,6122,876362,2076506,2112283,36573879,37651785,5587464,6103610,3436768,1740399,926443,2284029,9666491,2687210,1438367,4327921,0,0,26966,292154,11389,876362,6122,0,11815029,2195162,-1077906
1999:Q2,177734,23313,154421,98605,8850,46966,25345,46966,-21621,25345,14696,1967,8675,8675,8675,8675,0,15578,38492,23313,-6903,-6903,615792,17239,184603,10814,-30423,89574,5500,109138,255955,44797,3453,3958,26261,0,0,842,4819,160,5304,64821,48377,645846,85528,224607,147331,62850,14426,28041,128739,9410,-17522,74466,0,0,858,55667,396,5304,160,0,111653,67278,-30054,-23653,0,-502,23151,1302,4556,-3341,87,414467,96,-60373,-501,498275,122503,0,0,0,-168890,23357,600481,186040,248665,0,0,0,0,0,165189,585,-184712,-199690,37637323,918326,520875,338911,58540,36718997,1240696,9355344,997532,1476915,2820281,916046,3144570,11427941,10522257,7226475,210816,1879901,0,0,24597,292520,6282,881666,1988742,2184017,37637323,38914919,5672993,6328217,3584099,1803249,940869,2312071,10229935,2882660,1420845,4651052,0,0,27824,347821,11785,881666,6282,0,12108678,2263025,-1277596
1999:Q3,184668,24208,160460,100551,9031,50878,23944,50878,-26934,23944,15720,1840,6380,6380,4652,6380,1728,15419,39220,24208,-10767,-10767,575538,604,193451,32073,-2446,91930,8620,63274,294664,58801,-28696,13892,45209,0,0,1738,5637,48,20973,58745,-30727,594992,53207,222777,165452,34764,22561,48533,121008,-21058,55883,39720,0,0,1737,23342,363,20973,48,0,114374,35093,-19454,-12007,-44,-3276,8687,1631,4964,-3232,-101,-360540,-16,-41632,1256,-425553,-77987,0,0,0,163278,20114,-751131,-410788,-192379,0,0,0,0,0,-144040,-3923,392222,384867,37882120,935332,528550,345531,61251,36946788,1241285,9507163,1029605,1472135,2908107,908917,3188399,11723861,10077518,6772226,224708,1847123,0,0,26335,298157,6330,902639,2223558,2173404,37882120,38774849,5726199,6550994,3749551,1838013,963430,2360604,9747776,2450814,1476728,4498393,0,0,29561,371163,12148,902639,6330,0,12095081,2294195,-892729
1999:Q4,188837,25155,163682,101136,9233,53313,25738,53313,-27576,25738,15232,2687,7811,7811,7811,7811,0,13460,38192,25155,-5649,-5649,1089239,129124,306431,111344,-7437,90585,7782,104157,504807,126217,69284,17796,10374,0,0,2025,2712,102,23924,34050,-11390,1117005,319287,214844,138190,-42863,119517,122343,237263,6347,136418,64004,0,0,2022,2820,1626,23924,102,0,125201,98067,-27766,-27171,0,-5054,22117,5676,6096,-805,385,1059337,-4,-45196,13,1170026,301737,0,0,6502,-370134,-3608,1301127,127175,670797,0,0,54600,0,0,367765,80789,-236114,-255474,40329459,954468,537117,353039,64312,39374991,1370803,9780514,1140949,1462529,2992920,907760,3276356,12228750,11685119,8014551,242504,2159338,0,0,28360,307371,6432,926563,2135408,2174397,40329459,41477662,6045488,6768138,3887741,1797450,1082947,2483446,10841011,2587736,1613146,5233194,0,0,31583,428583,13774,926563,6432,0,12856627,2482952,-1148203
2000:Q1,200463,26135,174328,108192,9109,57027,24782,57027,-32245,24782,16799,5862,2119,2119,2119,2119,0,13818,39507,26135,-11700,-11700,903534,-30630,204336,76310,43,60703,343,66937,166893,256693,166059,9057,35372,0,0,1020,7413,312,37460,59453,246790,866276,-98350,128304,56241,39302,32761,139037,236350,-9191,83003,108073,0,0,1027,15429,237,37460,312,0,125596,335339,37258,49223,0,265,-48958,2754,4669,-1669,-246,395807,-14,-31708,-391,422994,108907,0,0,0,-128467,24486,423740,41726,259512,0,0,0,0,0,141840,-19339,-25179,26162,41673312,971040,544530,359472,67038,40702272,1347838,9986193,1217259,1456131,3047445,909431,3355927,12403788,12473713,8603604,251561,2303617,0,0,29380,314784,6744,964023,2077110,2413631,41673312,42795353,5947138,6896442,3943982,1836752,1115708,2631484,11378599,2620271,1696149,5600779,0,0,32610,444012,14011,964023,6744,0,13138151,2803539,-1122041
2000:Q2,200826,26720,174106,108393,9232,56481,24252,56481,-32229,24252,16541,7048,659,659,659,659,0,13023,39282,26720,-12364,-12364,589917,2398,-3736,50920,-56397,15445,-13345,-359,318414,138428,59796,-4352,59162,0,0,154,6534,121,17013,66416,67997,627256,139448,172289,95393,53433,23463,67975,68723,10077,-37899,72664,0,0,137,5717,893,17013,121,0,122450,56371,-37339,-27566,0,-2591,24975,2604,3583,-1282,303,-301474,-4,-2206,-314,-294963,-69018,0,0,0,77640,-12609,-386429,-83652,-209812,0,0,0,0,0,-92998,33,87559,60652,41988422,986667,550716,365844,70107,41001755,1350232,9980250,1268179,1402535,3064125,893881,3351530,12721886,12248160,8368437,247209,2293761,0,0,29534,321318,6865,981036,2232206,2469022,41988422,43049811,6086586,7068731,4039375,1890185,1139171,2699459,11153858,2546696,1658250,5463631,0,0,32747,449729,14904,981036,6865,0,13181234,2859943,-1061389
2000:Q3,205062,26917,178145,110705,9234,58206,26049,58206,-32157,26049,17250,7500,1296,1296,1296,1296,0,12590,39035,26917,-11295,-11295,677840,14896,149781,25886,17278,74150,7591,24876,214634,202708,100238,9754,56016,0,0,346,8026,68,28260,18587,77235,658842,50864,155127,129123,11125,14879,44924,167029,722,69128,60921,0,0,364,7910,-344,28260,68,0,126170,114728,18998,28577,0,-1716,-30293,4232,4530,-877,579,50658,6,19971,-646,7588,15613,0,0,0,7705,421,452441,420746,16587,0,0,0,0,0,23246,-8138,-397551,-367679,42756300,1003489,557957,372190,73342,41752811,1365134,10150001,1294065,1421548,3144686,906382,3383320,12946971,12474069,8476263,256963,2365390,0,0,29880,329344,6933,1009296,2269956,2546681,42756300,44185368,6137450,7227858,4168498,1905310,1154050,2744383,11758220,2968164,1727378,5541139,0,0,33111,457639,14560,1009296,6933,0,13343824,2973633,-1429068
2000:Q4,206226,26702,179524,113345,9222,56957,30239,56957,-26719,30239,17773,7455,5007,5007,5007,5007,0,12800,39033,26702,-7793,-7793,901527,89549,93019,23155,-21341,94712,16540,-20047,381470,161837,41873,13002,67890,0,0,657,491,64,37860,91493,84160,971288,194294,261289,154120,46546,60623,120581,270484,23431,117870,53493,0,0,701,37016,49,37860,64,0,122638,2002,-69761,-42547,0,19421,61968,2772,5539,-2511,-256,-764129,14,34767,-59,-742235,-170339,0,0,-34557,204796,-56516,-786751,38899,-475246,0,0,-100081,0,0,-241167,-9156,25394,-12146,42941818,1019061,566307,376778,75976,41922757,1466428,10283724,1317220,1383984,3261353,937038,3384129,13333922,11688775,7775901,269965,2262941,0,0,30537,295278,6997,1047156,2580760,2569149,42941818,44383032,6331744,7486191,4319662,1951856,1214673,2864964,11492276,3030494,1845248,5119386,0,0,33812,394574,14609,1047156,6997,0,13238011,2969846,-1441214
2001:Q1,210330,27469,182861,113925,8742,60194,35095,60194,-25099,35095,17769,8457,8868,8868,8868,8868,0,12277,39251,27469,-3409,-3409,922555,96006,380107,1717,31859,244108,16162,86261,195208,210735,102273,20012,29531,0,0,826,2126,32,55935,70098,-29599,942988,60993,143454,109062,6226,28166,125640,310876,9705,190211,43396,0,0,777,8983,1837,55935,32,0,135825,166200,-20433,31330,0,48354,17024,-1647,4878,-5544,-981,-971744,-7,22192,-1207,-1005310,-279988,0,0,0,284768,7808,-1197735,-282604,-574059,0,0,0,0,0,-344597,3525,224344,264542,42856736,1029691,573717,378015,77959,41827045,1562427,10617356,1250271,1418036,3509216,956726,3483107,13528098,10606140,6872864,289977,2012484,0,0,31363,297404,7029,1095019,2972158,2540867,42856736,44033408,6424234,7685529,4428724,2074289,1182516,2990604,10900101,2719279,2035459,4588723,0,0,34589,403557,16446,1095019,7029,0,13063293,2969647,-1176672
2001:Q2,205622,28209,177413,109314,8639,59460,44036,59460,-15424,44036,17188,7933,18915,18915,14515,18915,4400,10742,38444,28209,3773,3773,696061,7571,109669,-74984,-14553,129756,6202,63248,245454,130714,111420,4455,7661,0,0,362,1076,114,5626,69807,132847,674280,92214,188213,173275,59170,-44232,32318,107011,44,16996,76105,0,0,890,5829,1407,5626,114,0,173380,81144,21781,19188,-58,1237,-18009,1700,5488,-3143,-645,381448,-4,-9207,-209,436437,81483,0,0,0,-137213,10160,576620,223480,223084,0,0,0,0,0,130010,47,-193472,-159770,43981029,1042075,581855,380240,79980,42938954,1569995,10717816,1175287,1401404,3630378,961669,3549078,13773931,11254774,7420721,294432,2101628,0,0,31725,298480,7143,1100645,2938564,2683875,43981029,45317471,6516447,7873742,4601999,2133459,1138284,3022922,11453676,2942803,2052455,4887912,0,0,35479,409386,17853,1100645,7143,0,13399258,3051426,-1336442
2001:Q3,202950,28426,174524,110309,8592,55623,37951,55623,-17672,37951,15288,7472,15191,15191,11854,15191,3337,9390,37305,28426,2464,2464,889613,-220,169073,-39700,-702,125275,10358,73842,344922,184374,114061,14972,44339,0,0,716,12666,123,-2503,22787,168677,881050,92938,251069,204736,68123,-21790,157016,112634,-733,109183,9224,0,0,742,-3891,489,-2503,123,0,168636,98757,8563,2403,-3711,15,-6099,5214,6613,-1003,-396,-1071384,28,99161,824,-1182994,-301079,0,0,0,368470,-55794,-1384403,-338426,-644510,0,0,0,0,0,-402427,960,318233,332490,43841262,1052968,590868,381301,80799,42788294,1569803,10986049,1135587,1420881,3801232,975565,3652784,14119677,9955075,6351788,309404,1844888,0,0,32441,311146,7266,1098142,3360932,2796759,43841262,44845214,6609385,8124811,4806735,2201582,1116494,3179938,10583374,2603644,2161638,4252626,0,0,36221,405495,18342,1098142,7266,0,13196563,3151143,-1003952
2001:Q4,205018,28653,176365,111717,8719,55929,45963,55929,-9966,45963,13693,6763,25507,25507,25507,25507,0,8286,36426,28653,17221,17221,1005648,158995,330910,26844,4832,179035,35827,84372,225763,121894,64653,15157,25178,0,0,848,1089,107,14862,105906,62180,999055,301923,277002,155614,88090,33298,-32902,230979,20737,123672,62770,0,0,867,7074,890,14862,107,0,151632,70421,6593,26826,0,37454,10628,-2619,606,-2670,-555,544193,0,-43255,-879,733170,148976,0,0,-58266,-269067,33514,698326,206914,374207,0,0,-72552,0,0,188449,1309,-156752,-104419,45556668,1058635,593573,382764,82298,44498033,1728798,11279715,1162431,1416847,3960184,1006305,3733948,14344562,10902435,7149184,324561,2021055,0,0,33289,253969,7373,1113004,3227098,3015426,45556668,46665039,6911308,8401813,4962349,2289672,1149792,3147035,11322922,2831295,2285310,4689603,0,0,37088,340017,19232,1113004,7373,0,13567761,3314200,-1108371
2002:Q1,205645,28383,177262,109042,9212,59008,47913,59008,-11095,47913,15958,4832,26302,26302,26302,26302,0,7377,35765,28383,18925,18925,764841,29277,249686,-68097,57333,148672,7463,104315,144226,129877,59043,-3886,46060,0,0,718,9528,275,18139,96684,115092,713919,79168,197606,169694,81428,-53516,5552,101116,16527,-37453,102672,0,0,718,1157,-919,18139,275,0,195431,135046,50922,119193,0,87196,-31997,1680,3672,-1661,-331,83861,-11,-8677,-246,37988,64561,0,0,0,-7293,-2462,202819,106661,19972,0,0,0,0,0,73328,2858,-117278,28217,46414027,1067692,597875,386091,83726,45346335,1758064,11520724,1094334,1474686,4105783,1012672,3833249,14488542,11134861,7246215,320675,2131676,0,0,34007,263497,7648,1131143,3316089,3128056,46414027,47494181,6990475,8599419,5132043,2371100,1096276,3152588,11550671,2954483,2247857,4812247,0,0,37806,341174,18313,1131143,7648,0,13837290,3363738,-1080154
2002:Q2,207356,28536,178820,111529,9283,58008,45539,58008,-12469,45539,16636,3469,25584,25584,25584,25584,0,8091,36632,28536,17493,17493,479245,26487,47976,-76502,2545,80426,12418,29089,277137,116480,52867,-2032,25467,0,0,253,5185,682,34058,54656,-43491,535956,56330,190054,120969,131778,-62693,133062,47685,14356,-57088,49379,0,0,286,6128,-116,34058,682,0,137577,-28752,-56711,-72168,0,2036,74204,1081,4344,-1898,-1365,-686637,21,82021,1697,-803828,-203912,0,0,0,240248,-2884,-866910,-164787,-428366,0,0,0,0,0,-280640,6884,181354,134770,46188944,1076864,602924,389494,84446,45112080,1784571,11650721,1017832,1487541,4215347,1036515,3893486,14738376,10183601,6455254,318643,1933231,0,0,34260,268682,8330,1165201,3613129,3141682,46188944,47134328,7046805,8789473,5253012,2502878,1033583,3285649,11005203,2804052,2190769,4433260,0,0,38092,347302,18197,1165201,8330,0,13694328,3312870,-945384
2002:Q3,203756,28981,174775,111096,9420,54259,46622,54259,-7637,46622,17519,1955,27447,27447,27447,27447,0,7876,36863,28981,19571,19571,585065,-59134,175447,-15192,39202,141192,18582,-8337,338079,126832,83287,354,34197,0,0,571,3710,-66,4779,-49374,53215,592521,97570,181980,114974,64762,2244,69603,-17649,7958,-32605,-2886,0,0,605,4819,-253,4779,-66,0,130013,131004,-7456,-25935,0,1092,27027,-2135,3226,-4854,-507,-848861,-75,104038,-30,-1027040,-232719,0,0,0,309060,-2096,-1244287,-392243,-531918,0,0,0,0,0,-320578,451,393291,394803,45927766,1082605,606680,389790,86135,44845161,1725363,11930206,1002640,1539208,4381343,1071983,3935032,15076426,9047027,5507854,318997,1734709,0,0,34831,272392,8264,1169980,3873339,3192801,45927766,46478347,7144376,8971453,5367986,2567640,1035827,3355252,10059746,2416120,2158164,3898456,0,0,38697,352121,17944,1169980,8264,0,13503195,3444325,-550581
2002:Q4,205696,29415,176281,111632,9455,55194,53918,55194,-1276,53918,19486,328,34475,34475,34475,34475,0,5726,35152,29415,28749,28749,826098,28661,257211,22945,74703,125286,29933,4344,334624,41515,-36635,13193,19089,0,0,356,-853,116,46249,188598,-24511,766092,149207,287548,141015,113504,33029,36630,209738,19273,106911,33830,0,0,383,2325,651,46249,116,0,159014,-76045,60006,30123,0,-1134,-31257,3587,5171,-818,-766,339724,83,587,628,412917,102469,0,0,-28165,-175921,27126,334560,114949,185796,0,0,-99126,0,0,139873,-6932,8751,73349,47100529,1091918,612107,393019,86792,46008611,1764357,12192982,1023593,1609080,4496277,1095884,3968148,15396451,9575763,5884136,332190,1856267,0,0,35187,243374,8380,1216229,3883643,3195416,47100529,47577761,7293583,9259001,5509001,2681144,1068856,3391882,10471103,2550342,2265075,4118082,0,0,39080,255320,18595,1216229,8380,0,13800844,3361348,-477232
2003:Q1,207331,29531,177800,107804,9730,60266,45888,60266,-14379,45888,20384,-909,27105,27105,27105,27105,0,4638,34178,29531,22467,22467,1150176,131662,420488,-6885,53953,228651,35717,109052,178764,216896,171866,-10457,22247,0,0,1171,6676,125,25268,-27153,229520,1117424,220536,268640,128310,156511,-16181,82466,33410,6387,-66211,47850,0,0,1213,19407,-629,25268,125,0,222325,290047,32752,-1323,0,-11608,-10285,1986,5933,-2897,-1050,-188440,-83,16330,468,-227939,-68471,0,0,0,85413,5842,-321991,-127607,-108380,0,0,0,0,0,-87609,1605,135537,161319,48044749,1098542,618034,393414,87094,46946207,1895936,12625800,1016708,1585420,4716078,1131471,4176123,15571683,9496249,5828063,321733,1810043,0,0,36358,250050,8505,1241497,3932783,3423757,48044749,48360662,7507719,9567641,5637311,2785655,1144675,3474348,10268526,2429122,2198864,4057552,0,0,40293,274727,17966,1241497,8505,0,13927478,3614950,-315913
2003:Q2,213693,29896,183797,114808,9837,59152,49887,59152,-9265,49887,20040,-2686,31566,31566,31566,31566,0,4711,34618,29896,26855,26855,1397882,32106,286909,-42169,-6440,166304,14133,155081,527548,-85226,-111650,-6545,6944,0,0,519,5210,152,20144,282416,354130,1369705,165334,198295,110595,102207,-14507,281482,104868,27977,-41253,95935,0,0,566,590,757,20144,152,0,190852,428874,28177,-503,0,-1825,-1322,-2359,-888,-1586,115,859855,1,66316,388,960071,237894,0,0,0,-385095,-19720,1191215,389802,495569,0,0,0,0,0,318176,-12332,-333719,-302656,50285834,1100894,617107,395359,88428,49184940,1928043,12971024,966539,1581577,4892977,1158147,4371784,16099618,10608988,6676484,315188,2054881,0,0,36877,255260,8657,1261641,3819101,3758167,50285834,50904403,7673053,9765936,5747906,2887862,1130168,3755830,11258765,2846901,2157611,4649056,0,0,40859,275317,18723,1261641,8657,0,14427327,4023492,-618569
2003:Q3,218579,30233,188346,118716,9968,59662,52179,59662,-7483,52179,22235,-3216,32487,32487,32487,32487,0,6400,36639,30233,26087,26087,493089,-61874,212821,-33838,-3492,115377,15336,119439,167610,54417,28071,-11314,29308,0,0,752,5158,89,2353,111736,8380,424048,25130,255827,197168,81734,-23075,-89865,6930,11124,-67261,56454,0,0,836,3331,4,2353,89,0,180507,45519,69041,44158,0,1204,-42954,-807,3011,-3080,-738,232864,1,-36977,721,285976,47584,0,0,0,-100739,36299,318363,105124,140147,0,0,0,0,0,69775,3317,-86306,-9661,51008307,1106487,620285,396638,89564,49901820,1866169,13146868,932701,1570686,4989171,1171596,4482715,16267948,10996965,6990531,303874,2131773,0,0,37629,260418,8746,1263994,3821025,3802845,51008307,51636537,7698183,10021763,5945074,2969596,1107093,3665965,11510966,2963149,2090350,4845657,0,0,41695,278648,18727,1263994,8746,0,14667332,4072328,-628230
2003:Q4,215462,30584,184878,118435,10028,56415,54429,56415,-1986,54429,24613,-3393,34155,34155,34155,34155,0,7271,37860,30584,26884,26884,777832,-26675,295878,-9483,41107,46676,23314,194264,293800,10163,-42518,-10031,22260,0,0,73,5696,101,34582,127444,77223,708646,115653,315974,150172,156862,8940,5479,93728,22758,-50329,82513,0,0,588,3166,349,34582,101,0,185615,-7803,69186,41831,0,-471,-42302,5303,6676,-7,-1366,801771,1844,-20996,-1185,856855,205507,0,0,105204,-289016,-56443,1119741,333053,433927,0,0,70892,0,0,289417,-7548,-312667,-236681,52423115,1119061,627289,401483,90289,51304054,1841338,13258451,920757,1604823,4857746,1203741,4671384,16592839,12174694,7804868,293843,2359540,0,0,37702,371318,8847,1298576,3647608,3789125,52423115,53288026,7813836,10173014,5944522,3112459,1116033,3671444,12442566,3318960,2040021,5362097,0,0,42283,352706,19076,1298576,8847,0,15130989,4056177,-864911
2004:Q1,217051,31063,185988,119612,10775,55601,65856,55601,10255,65856,22394,-1943,44166,44166,44166,44166,0,7325,38394,31063,36841,36841,1271038,144572,134238,16342,-27636,9653,24401,111478,441728,199862,76070,-11200,39600,0,0,1731,19348,131,74182,103154,247485,1234975,200315,172829,4537,147728,20564,237787,178664,23395,-47413,123223,0,0,1816,4827,-1497,74182,131,0,165754,279626,36063,1241,0,2019,778,9835,10354,234,-753,208999,-92,59996,59,224341,33287,0,0,0,-86961,-21631,341257,167057,135515,0,0,0,0,0,45389,-6704,-122423,-77016,53991104,1136221,637992,406726,91503,52854883,1985817,13472683,937099,1582632,4901796,1234581,4816575,17034626,12632184,8105279,282643,2432427,0,0,39433,390666,8978,1372758,3734593,3994980,53991104,54933031,8039582,10345843,5949059,3260187,1136597,3909231,12923802,3509412,1992608,5620835,0,0,44099,357533,17579,1372758,8978,0,15410905,4303668,-941927
2004:Q2,217454,31581,185873,122574,10885,52414,59926,52414,7512,59926,24188,-1517,37979,37979,37979,37979,0,9290,40872,31581,28689,28689,945159,22135,155587,-27092,3711,97515,17409,64044,557894,160056,83291,-10588,65010,0,0,1089,11623,248,9383,-1120,50609,844529,202290,182199,73847,130706,-22354,145302,30504,25358,-50735,27280,0,0,1134,18051,-215,9383,248,0,188929,95305,100630,72464,0,523,-71941,12483,11589,2033,-1139,-9717,1,-109183,-537,58943,-5464,0,0,0,6105,40419,-135140,-136525,-8040,0,0,0,0,0,1220,8205,137906,248349,55017481,1157994,650323,415098,92573,53859487,2007952,13519087,910007,1573390,4960016,1236756,4838918,17591983,12845719,8247513,272055,2491973,0,0,40522,402289,9226,1382141,3808740,4086007,55017481,55711059,8241872,10528042,6022906,3390893,1114243,4054533,12809741,3398245,1941873,5640075,0,0,45233,375584,17364,1382141,9226,0,15669693,4407178,-693578
2004:Q3,221012,32053,188959,126230,11007,51722,64714,51722,12992,64714,26107,-2478,41827,41827,25645,41827,16182,10280,42341,32053,15365,15365,1076956,4181,89910,8199,21847,-54494,7864,106494,498167,162081,56165,-9765,4766,0,0,0,6089,1276,103550,171207,151411,1078797,92589,213061,43803,170104,-846,248367,153618,32657,-49701,48734,0,0,27,16246,829,103550,1276,0,221657,149505,-1841,-15466,-1664,3404,17206,13844,15801,-1155,-802,-63511,1,81976,144,-121118,-43601,0,0,0,20238,-1151,-106005,-11167,-25659,0,0,0,0,0,-64313,-4866,56338,66517,56140140,1180454,666080,420123,94251,54959686,2012133,13690973,918206,1601043,4926326,1261806,4983592,18105143,12843081,8182560,262290,2453138,0,0,40522,408378,10502,1485691,4072090,4236267,56140140,56767201,8334461,10755951,6066709,3575845,1113397,4302900,12926533,3419735,1892172,5663150,0,0,45260,391830,18193,1485691,10502,0,15895539,4551817,-627061
2004:Q4,231120,32602,198518,129273,11245,58000,32353,58000,-25647,32353,26590,-1005,6542,6542,6542,6542,0,10297,42910,32602,-3755,-3755,1147835,66390,125415,58001,8014,-211850,9272,261979,439059,268397,161896,-2701,30253,0,0,-430,2268,1412,75699,-49931,298506,1110689,250999,236623,-6421,143048,99996,-57463,195742,13319,9528,88906,0,0,-472,6733,617,75699,1412,0,207551,277237,37146,36071,0,-4830,-40901,17291,17263,1413,-1385,773235,-837,2080,402,825773,218436,0,0,76999,-252962,-96656,1047683,290613,442045,0,0,31773,0,0,287671,-4419,-257157,-214544,58164335,1208042,684181,428558,95303,56956293,2077686,13830467,988043,1606633,4714564,1276975,5244252,18544603,14232686,9170229,259589,2701827,0,0,40092,487645,11914,1561390,3832734,4438117,58164335,59005940,8585460,10992574,6060288,3718893,1213393,4245437,13886706,3723667,1901700,6194101,0,0,44788,430336,18810,1561390,11914,0,16459128,4836635,-841605
2005:Q1,238130,33213,204917,128222,11434,65261,65912,65261,651,65912,28994,-5412,41088,41088,41088,41088,0,8881,42099,33213,32207,32207,1000996,-65798,318111,38857,77361,18132,35400,148361,418625,160821,94673,3437,27559,0,0,317,6753,646,27436,87034,82204,915574,94026,237744,-12216,222863,27097,180584,123801,38276,-36678,82112,0,0,350,11379,280,27436,646,0,176426,102993,85422,53022,0,-193,-53215,12322,12144,997,-819,-208294,-124,-69272,-778,-189427,-21557,0,0,0,48414,24450,-377171,-214897,-105240,0,0,0,0,0,-66497,9463,181199,275309,58989712,1229245,697301,435753,96191,57760467,2011765,14079306,1026900,1678844,4713890,1310508,5349164,18962450,14182523,9075475,263026,2707829,0,0,40409,494398,12560,1588826,3979534,4544890,58989712,59556008,8679486,11230318,6048072,3941756,1240490,4426021,13690370,3547046,1865022,6170973,0,0,45138,441715,19090,1588826,12560,0,16580722,4949091,-566296
2005:Q2,235924,33634,202290,130583,11700,60007,50539,60007,-9468,50539,28086,-4529,28058,28058,28058,28058,0,8779,42419,33634,19279,19279,1032647,93514,-19468,44329,-47085,-146651,17696,112244,577745,149404,46269,5736,26716,0,0,963,10655,377,58688,152059,79393,982193,201255,284870,19252,208228,57390,200488,135365,19407,-11106,61882,0,0,767,5501,-151,58688,377,0,183125,-22910,50454,32835,0,1659,-31176,8931,10845,-1156,-758,204220,-1,27515,-1081,166608,101745,0,0,0,-82539,-8028,337194,128360,119798,0,0,0,0,0,99702,-10666,-124043,-63151,60254407,1246955,708967,440815,97173,59007452,2105278,14087354,1071229,1640013,4585502,1334615,5455995,19526139,14600280,9288352,268762,2836290,0,0,41372,505053,12937,1647514,4072147,4616255,60254407,60883854,8880741,11515188,6067324,4149984,1297880,4626509,14073893,3694813,1853916,6352653,0,0,45905,447216,18939,1647514,12937,0,16872008,4915515,-629447
2005:Q3,255823,33924,221899,135455,11858,74586,59998,74586,-14588,59998,28574,-6254,35775,35775,8841,35775,26934,8657,42591,33924,184,184,1100498,104820,86072,39009,2367,-37656,23824,58528,604576,2215,-34640,13302,4093,0,0,698,4758,370,13634,177560,125256,1052331,271537,137722,-24712,104912,57522,182592,127062,2757,47974,64030,0,0,810,-2326,-187,13634,370,0,191951,141467,48167,14441,-1484,-32058,-47983,14953,19247,-3528,-766,435694,1,-54787,-228,460836,149963,0,0,0,-143167,23076,481966,53315,260103,0,0,0,0,0,164416,4132,-31319,-8037,61714681,1269081,728201,442956,97924,60445600,2210099,14118638,1110238,1635151,4525308,1356143,5491798,20130487,15213294,9714548,282064,2990346,0,0,42070,509811,13307,1661148,4108496,4664587,61714681,62352165,9152278,11579410,6042612,4181396,1355402,4809101,14514373,3750885,1901890,6676786,0,0,46715,444890,18752,1661148,13307,0,17235889,5061114,-637484
2005:Q4,259874,34389,225485,140331,12079,73075,52627,73075,-20449,52627,31554,-6543,29679,29679,28889,29679,790,7787,42182,34389,21102,21102,1010158,-463,168422,53141,39679,-3353,26200,52755,530712,172297,82675,24299,23897,0,0,-27,-8960,229,50184,43238,95952,937087,177975,394066,98100,184269,111697,-25021,281766,28622,124931,78016,0,0,-18,-411,213,50184,229,0,187094,-78793,73071,71658,-193,19882,-51969,20491,22583,-1833,-259,220556,-3295,-35940,1831,246993,105627,0,0,43155,-78903,-58912,420703,202513,109751,0,0,-9971,0,0,118873,-463,-179656,-79109,62975230,1297166,751345,446974,98847,61678064,2206341,14246182,1165104,1672907,4513263,1378865,5516043,20663029,15781366,10044216,306363,3119870,0,0,42043,544006,13536,1711332,4072202,4708944,62975230,63691823,9330253,11992475,6140712,4384664,1467099,4784080,15098432,3982020,2026821,6864553,0,0,46697,434508,18965,1711332,13536,0,17545287,4941296,-716593
2006:Q1,270697,34844,235853,143333,12233,80287,58568,80287,-21719,58568,32857,-7358,31208,31208,31208,31208,0,8264,43115,34844,22944,22944,1564738,88344,318270,54538,3995,66822,24844,168071,526405,254529,163020,451,32690,0,0,559,12324,223,45262,8113,369078,1556921,235764,344959,76221,232775,35963,174995,206327,9217,7127,134480,0,0,574,8998,446,45262,223,0,189971,404905,7817,-3560,0,11567,15127,13837,15383,-1341,-205,541011,157,-77209,49,543255,145060,0,0,36173,-134520,28046,705099,194935,314532,0,0,13733,0,0,178494,3405,-150251,-122603,64931893,1319267,767593,451938,99736,63612626,2267842,14457080,1216296,1675546,4480182,1398771,5686285,21141239,16261458,10250491,306814,3317620,0,0,42602,598270,13759,1731902,4143202,5341806,64931893,65771089,9566017,12304371,6216933,4587402,1500036,4959075,15785749,4162998,2033948,7313565,0,0,47271,462895,19411,1731902,13759,0,17873348,5282529,-839196
2006:Q2,277887,35270,242617,142960,12370,87287,64162,87287,-23125,64162,33720,-6371,36666,36666,36666,36666,0,7555,42832,35270,29111,29111,1054457,77284,192181,8242,-24285,92260,6708,109256,542874,102788,7145,7036,22252,0,0,5,3081,1211,62058,92517,46813,1013295,180299,369171,113383,202975,52813,161277,191649,18705,60437,41228,0,0,35,8418,-443,62058,1211,0,170100,-59201,41162,-13778,0,-25829,-12051,14371,15398,-1106,79,-230855,410,-67386,106,-232235,-59905,0,0,-3418,81841,49732,-329931,-116892,-126882,0,0,-10697,0,0,-81202,5742,113447,136335,65776870,1341193,783790,456685,100718,64435677,2345536,14581875,1223766,1644180,4561017,1400731,5752181,21665520,16074455,10025401,313850,3279967,0,0,42607,603700,14970,1793960,4332789,5435503,65776870,66479731,9746316,12674307,6330316,4791142,1552849,5120352,15728583,4064811,2094385,7227911,0,0,47306,466272,18968,1793960,14970,0,17981868,5228305,-702861
2006:Q3,273146,35756,237390,144145,12540,80705,67011,80705,-13694,67011,35180,-4097,37727,37727,37727,37727,0,8256,44021,35756,29471,29471,1266158,-25532,188497,64731,6767,-14106,26176,104929,682607,40727,-31366,8727,18675,0,0,-15,4885,99,39722,121717,258143,1233789,136669,246826,56039,105904,84883,343410,193640,-1474,101401,48022,0,0,99,5967,-196,39722,99,0,161786,151458,32369,-8829,0,-11727,-2898,11508,10462,1389,-343,394305,-127,90759,-14,374876,101108,0,0,17314,-148078,-41534,616249,229473,241349,0,0,20683,0,0,135854,-11110,-210436,-181538,67470674,1360957,795332,464119,101506,66109717,2319878,14861130,1288544,1658931,4586274,1438152,5889229,22348113,16614247,10368911,322577,3399750,0,0,42592,631666,15069,1833682,4317086,5649264,67470674,68355073,9882985,12921133,6386355,4897046,1637732,5463762,16419384,4292810,2195786,7517282,0,0,47405,498578,18772,1833682,15069,0,18299156,5368653,-884399
2006:Q4,273414,36173,237241,148742,12634,75865,57833,75865,-18032,57833,32309,-3152,28886,28886,28886,28886,0,9817,45997,36173,19069,19069,1215376,137909,399499,80593,59331,47702,55933,155940,419881,109441,11549,13005,23892,0,0,-591,8133,256,53197,107356,41291,1120136,276334,393654,82575,208823,102256,-92353,365128,35892,142665,122423,0,0,-527,13017,-1795,53197,256,0,145366,32007,95240,52910,0,-23262,-76172,15709,16360,333,-984,735568,222,-79989,86,779083,199262,0,0,48416,-192843,-18668,988895,293834,419999,0,0,29083,0,0,247504,-1525,-237618,-155823,69449211,1386483,813309,471001,102173,68062728,2458008,15145684,1368618,1717954,4574263,1498206,5986643,22757327,17791172,11194499,335582,3622904,0,0,42001,693982,15325,1886879,4241500,5669038,69449211,70489433,10159319,13314786,6468930,5105868,1739988,5371409,17533084,4622536,2338451,8059704,0,0,46878,546334,16977,1886879,15325,0,18711700,5399135,-1040222
2007:Q1,271103,36737,234366,159538,13013,61815,36183,61815,-25632,36183,30503,1312,4018,4018,4018,4018,0,11787,48527,36737,-7769,-7769,1754727,149857,347205,33602,7097,38610,54750,213146,531780,204385,110526,9849,11818,0,0,-324,30111,521,41884,148481,373020,1709635,199539,369279,132009,197746,39524,397254,282179,13519,79348,141202,0,0,-5,2780,2930,41884,521,0,158468,302916,45092,34477,0,-18384,-52861,8740,9767,-271,-756,214468,127,2258,31,180964,55663,0,0,21657,-49944,3713,101444,-80299,134472,0,0,-12509,0,0,61552,-1772,121764,160259,71480907,1407010,824996,477886,104128,70073897,2607992,15500146,1407642,1726355,4622013,1546848,6197288,23271875,18258024,11485989,345431,3690385,0,0,41677,749933,15846,1928763,4356895,6078965,71480907,72360870,10358858,13808583,6600939,5428132,1779512,5768663,17834624,4555735,2417799,8335378,0,0,46873,514323,19907,1928763,15846,0,18956808,5633334,-879963
2007:Q2,264556,37210,227346,152670,12993,61683,40930,61683,-20753,40930,30058,1561,7667,7667,7667,7667,0,11947,49159,37210,-4280,-4280,1461986,33236,349849,71730,-44289,65803,40587,216018,584886,213064,94853,12031,31038,0,0,-250,42322,256,32814,-5653,286605,1449321,97938,377184,161719,143938,71527,116798,255913,12743,96436,99152,0,0,107,13817,588,32814,256,0,194938,406550,12665,40100,0,23155,-16945,2333,3674,-694,-647,703345,-13,-97603,28,700671,181749,0,0,56547,-166487,28454,722448,68508,411544,0,0,21372,0,0,222344,-1320,-16770,30997,73690593,1421290,830885,484355,106050,72269303,2641215,15752392,1479032,1674480,4662527,1574475,6361878,23850827,19414238,12281513,357462,3903172,0,0,41427,852985,16102,1961577,4196415,6414217,73690593,74539559,10456796,14181721,6762658,5568024,1851039,5885461,18578678,4636963,2514235,8846074,0,0,46980,536252,20495,1961577,16102,0,19398339,6038564,-848966
2007:Q3,258137,37599,220538,152718,12771,55049,40583,55049,-14467,40583,27421,3323,8808,8808,8808,8808,0,12405,50011,37599,-3598,-3598,1422202,106874,132592,-166315,90220,-19947,36661,191973,892924,185234,51692,33458,12587,0,0,6749,17967,1172,61609,134332,-29754,1405893,230729,434002,313944,344995,-224937,261924,478517,34698,316564,40170,0,0,6841,16855,608,61609,1172,0,159740,-159019,16309,52374,0,32467,-19907,2232,6853,-3882,-739,359252,522,48783,117,234175,94207,0,0,23171,-67847,26125,123508,-152888,192260,0,0,-1462,0,0,100461,-14863,237976,299157,75526678,1435927,840426,487481,108020,74090751,2748610,15933767,1311739,1775526,4674482,1607389,6564631,24737671,19955208,12567380,390920,4009966,0,0,48176,898306,17274,2023186,4284715,6430781,75526678,76076487,10687525,14613139,7076602,5910435,1626102,6147385,19081807,4518735,2830799,9078504,0,0,53821,538385,21103,2023186,17274,0,19681949,5864682,-549809
2007:Q4,231045,38023,193022,152503,12644,27875,36752,27875,8877,36752,26181,3842,9758,9758,9758,9758,0,12387,50417,38023,-2629,-2629,1082868,262871,156530,-51940,5792,135349,70164,-2836,661251,195777,69454,25383,20445,0,0,2077,16661,1176,60581,24285,-217845,1015402,334493,331156,298008,98332,-65184,26846,477637,77666,254961,95574,0,0,2150,-15598,1127,60581,1176,0,162906,-317636,67466,100112,0,30017,-70095,4302,9642,-4580,-760,-424830,307,41718,67,-414726,-113500,0,0,-16401,103095,-25389,-910611,-457613,-259670,0,0,-44051,0,0,-139577,-9700,490083,599953,76233435,1452616,852940,489538,110138,74780819,3011787,16132014,1259262,1798199,4846741,1654845,6572967,25386061,19610541,12222108,416303,3916911,0,0,50253,902749,18450,2083767,4432676,6207741,76233435,76183291,11022018,14937052,7374610,6001524,1560918,6174231,18784798,4138736,3085760,8914408,0,0,55971,465476,22230,2083767,18450,0,19727846,5537346,50144
2008:Q1,237307,38459,198848,159059,12575,27214,19793,27214,-7421,19793,14147,10897,-8687,-8687,-8687,-8687,0,10142,48607,38459,-18829,-18829,1321845,363603,268852,1600,-7400,195155,60057,19440,446246,120195,51666,41044,3657,0,0,-3007,17146,1099,8590,56331,66619,1365707,261720,152412,165745,25045,-38378,332229,498934,73507,356780,27961,0,0,-2493,32946,544,8590,1099,0,151621,-31209,-43862,526,0,25559,25033,1336,9019,-6699,-984,-1231907,1194,-69194,212,-1211723,-306382,0,0,-92717,326447,120257,-1688783,-563269,-676251,0,0,-53831,0,0,-388333,-7099,458212,450051,76326052,1464094,865019,486487,112588,74861958,3376583,16334501,1261092,1809931,5066444,1694353,6502681,25811969,18127782,11062051,457347,3614186,0,0,47246,835046,19549,2092357,4827584,6383539,76326052,75825857,11283738,15078892,7540355,6015997,1522540,6506460,17957004,3648899,3442540,8266118,0,0,53478,411289,22774,2092357,19549,0,19500725,5499038,500195
2008:Q2,223598,38957,184641,152434,12557,19650,24082,19650,4432,24082,13608,11981,-1111,-1111,-1111,-1111,0,7961,46924,38957,-9072,-9072,-7756,93083,-32927,-27114,-166234,194113,9034,-42726,35445,146966,141607,-8208,14829,0,0,1720,9108,325,-12415,60230,-310552,-98672,-65733,250505,321964,-38138,-33321,-242963,130362,83124,-65243,101202,0,0,1806,21421,142,-12415,325,0,172056,-342899,90916,99624,0,-364,-99988,954,7041,-5681,-406,-322069,-943,-210610,524,-182720,-42767,0,0,-37088,93468,58067,-692417,-523736,-87301,0,0,-21298,0,0,-67437,7355,371302,469815,75997827,1473009,874645,483133,115231,74524818,3503723,16074254,1234266,1630848,5222443,1695410,6291287,25815527,18020041,11020938,449139,3586248,0,0,48966,814934,19874,2079942,4988467,6122806,75997827,75027817,11218005,15311709,7862319,5960171,1489219,6263497,17421629,3208187,3377297,8280019,0,0,55284,378110,22916,2079942,19874,0,19614483,5198494,970010
2008:Q3,187483,39431,148052,152570,12819,-17337,22251,-17337,39588,22251,12939,12018,1344,1344,-5838,1344,7182,5889,45325,39431,-11727,-11727,1222726,439608,29607,-132972,224661,130694,13334,-206111,799514,65683,80443,6893,10402,0,0,-855,18504,438,-50142,85723,-197408,1307813,891809,-30750,183014,-38697,-175067,444425,128756,156049,42996,-55739,0,0,-696,34740,1110,-50142,438,0,201203,-327630,-85087,-49626,-599,24333,73360,16055,15170,1319,-434,-1744066,-1214,-276594,275,-1408136,-410791,0,0,-162539,400065,114868,-1474079,-55629,-947438,0,0,-40268,0,0,-470541,39797,-253932,-309396,75472891,1494354,891671,485236,117447,73978537,3942117,15826935,1101949,1872350,5328519,1661135,5862982,26576177,16112126,9693245,456032,3185859,0,0,48111,678767,20312,2029800,5489164,6032019,75472891,74812277,12109814,15256725,8045333,5897572,1313820,6707922,16473656,3308515,3420293,7276842,0,0,54588,339280,24026,2029800,20312,0,19353831,4910329,660614
2008:Q4,152568,39659,112909,148077,13090,-48258,-39139,-48258,9119,-39139,8019,13916,-62083,-62083,5582,-62083,-67665,504,40166,39659,5078,5078,15681,1090503,103356,63778,171399,176974,-7415,-301381,-743727,307586,126154,50726,21963,0,0,-3129,25420,764,85688,37609,-779646,144767,1308209,-7916,98018,-169158,63224,-1133000,720488,318555,411944,-131348,0,0,-2821,39947,-2241,85688,764,0,120350,-863364,-129086,-107113,0,27051,134164,28073,18146,10322,-395,-2361494,769,31359,399,-2301853,-604948,0,0,-162556,620475,54863,-3104787,-932264,-1357093,0,0,-89625,0,0,-753344,27539,771366,669835,73129266,1522931,910879,493476,118576,71606335,5033389,15961649,1165991,2085823,5602657,1619062,5488116,25788111,13358223,7517546,506758,2602874,0,0,44982,549499,21076,2115488,6165976,5298988,73129266,71798817,13418023,15220499,8143351,5700104,1377044,5574922,14781797,2694743,3832237,5788401,0,0,51767,256300,21785,2115488,21076,0,18729072,4074504,1330449
2009:Q1,210782,39728,171054,129614,13800,27640,34378,27640,6738,34378,9043,11415,17795,17795,73526,17795,-55731,-3474,36263,39728,77000,77000,-705151,-264779,26043,-131915,78397,218375,-18356,-120458,-481563,125879,-32370,143,32036,0,0,2264,4483,1482,117841,93783,-204515,-614576,-193310,-227734,16927,-89908,-154753,-458862,227074,96565,-18361,29420,0,0,1711,-4452,2868,117841,1482,0,144174,-105918,-90575,116838,0,284412,167575,-4986,-5479,1289,-796,-679989,-1379,44957,-192,-762605,-173801,0,0,-61278,277710,-3403,-1456692,-816254,-377483,0,0,-34773,0,1,-235108,6925,771717,962080,71966025,1514471,905767,488507,120197,70451554,4806298,16073001,1034272,2148958,5806245,1636442,5447084,25296667,12013393,6672571,506901,2461109,0,0,47246,508175,22558,1794833,6524992,5737204,71966025,69673496,13224713,15008303,8160278,5625734,1222291,5116060,13639600,2261602,3813876,5440338,0,0,53478,228262,24653,1794833,22558,0,18623531,4061289,2292529
2009:Q2,247346,39561,207785,139505,14363,53917,61231,53917,7314,61231,10227,11485,37271,37271,71592,37271,-34321,-2893,36675,39561,74485,74485,-401357,-450953,422135,-117129,221811,241037,13175,63241,-632617,-87826,-61114,-18223,13382,0,0,1720,4311,1688,-29590,302313,45591,-498799,-291441,-299345,-41453,-124665,-133227,-222445,68052,78826,-160775,169544,0,0,1806,9684,-3131,-29590,1688,0,192810,53570,97442,-18015,0,-40972,-22957,-24096,-21876,-646,-1574,1360862,248,176906,223,1196146,344073,0,0,97199,-394252,-59680,1612860,411840,762437,0,0,31537,0,-1,412173,-5126,-276094,-222517,72811607,1487482,884018,481629,121835,71324125,4355593,16672899,916984,2333274,6054392,1660068,5708181,24611031,13570123,7807603,488678,2818564,0,0,48966,625156,24246,1756910,6410766,5703714,72811607,70741595,12933272,14675051,8118825,5467162,1089064,4893615,14916294,2752242,3653101,6372319,0,0,55284,280670,21522,1756910,24246,0,19213630,4109733,2070012
2009:Q3,259191,39329,219862,138835,14872,66155,94754,66155,28599,94754,10720,7429,74123,74123,86267,74123,-12144,-2680,36659,39329,88947,88947,139432,76473,197432,-77439,103673,80340,-3536,94394,-332764,64031,26034,-21321,12354,0,0,-855,16612,672,30535,136581,-2322,236629,238684,-246210,-20768,-101003,-124439,-165909,50155,66154,-227638,171541,0,0,-696,10155,-568,30535,672,0,181116,178793,-97197,-235441,0,-49297,186144,-22407,-18748,-2275,-1384,1643623,2063,267586,-1487,1294370,387137,0,0,111012,-409669,-7391,1911295,540791,858972,0,0,42133,0,1,474823,-5425,-290079,-439253,74474716,1462395,864915,473495,123985,73012321,4434129,17137167,839324,2435809,6153970,1709978,5998086,24211459,15433813,9128007,467357,3218055,0,0,48111,768251,24918,1779114,6117657,5678097,74474716,72843957,13171956,14396369,8098057,5333687,964625,4727706,16411167,3359153,3425463,7402832,0,0,54588,344145,20954,1779114,24918,0,19854408,4282351,1630759
2009:Q4,254844,39340,215504,140030,15340,60134,95755,60134,35621,95755,12507,7338,76763,76763,96488,76763,-19725,-1257,38089,39340,97745,97745,-87863,2652,153791,-26117,37789,93648,7031,41440,-434096,144040,115854,-7261,38181,0,0,-3129,3675,722,-4002,31845,13905,5510,282380,-204233,-14759,-148351,-41123,-398299,150941,82932,-109570,162948,0,0,-2821,16259,2081,-1610,722,0,186616,-11895,-93373,-241454,0,-50336,191118,-3580,2729,-4213,-2096,496970,-313,27545,-54,461790,105361,0,0,24247,-107897,-13708,315516,-103624,230949,0,0,16751,0,359,140746,30335,177874,32908,74709459,1457558,867018,464233,126307,73251901,4436468,17347744,813282,2453601,6271045,1709861,6099955,23616912,16176389,9705651,460096,3361597,0,0,44982,811644,25640,1766779,6025632,5648757,74709459,73045792,13454320,14108188,8083298,5101388,923502,4329407,16709362,3338425,3315893,7796729,0,0,51767,388342,23035,1769531,25640,0,20166332,4278183,1663667
2010:Q1,244510,39178,205332,137802,14822,52708,96186,52708,43478,96186,16095,7558,72576,72576,88331,72576,-15755,-1160,38024,39178,89491,89491,81216,-82190,291470,-46616,192649,84548,-2369,63258,-165617,-25211,-3031,-34944,15291,0,0,-800,6864,615,-9206,123113,-60350,93158,-38203,-2142,70715,7213,-80070,176877,-157389,24681,-332086,151159,0,0,-768,4025,849,-5864,615,0,171545,-57530,-11942,-7498,0,93935,101433,-9492,-1475,-6083,-1934,450227,-372,32832,-128,425695,119353,0,0,3000,-138971,8818,782645,340468,267388,0,0,16784,0,360,156779,866,-341910,-261077,74843682,1446906,863226,457360,126320,73396776,4353906,17090520,766911,2642571,5890339,1706098,6084601,23487395,16713411,10128315,425152,3496241,0,0,44182,837111,26255,1756155,6126229,5625316,74843682,73441092,13411991,13571282,7691586,5036264,843432,4506284,17183255,3703543,2983807,8215276,0,0,50999,416882,23884,1762609,26255,0,20609507,4158773,1402590
2010:Q2,243060,39071,203989,145039,14914,44036,78727,44036,34691,78727,16489,6457,57572,57572,76879,57572,-19307,-1026,38052,39071,77905,77905,-262308,-149784,-23020,-44297,16400,51995,-8838,-38280,-56219,140216,108270,-15392,25215,0,0,-514,10333,365,11939,-5708,-167793,-253271,-104655,-196368,-18643,-143069,-34656,-31583,-10767,61638,-170476,79194,0,0,-468,4734,-239,14485,365,0,155904,-65802,-9037,-102224,0,-15282,86942,-734,149,-62,-821,-1055044,-443,157707,-200,-1179985,-268402,0,0,-118693,303401,51570,-1411488,-404173,-604496,0,0,-54846,0,361,-347688,-646,355710,330365,73607908,1445146,861041,457284,126821,72162762,4203679,17225207,722903,2690830,5977744,1708320,6125410,23381818,15300733,9056600,409760,3253054,0,0,43668,744354,26620,1766677,6547871,5503455,73607908,71874953,13307336,13351838,7672943,4870119,808776,4474701,16115621,3360982,2813331,7689974,0,0,50531,374501,23645,1776037,26620,0,20533132,4092325,1732955
2010:Q3,255240,39042,216198,143767,14649,57782,89028,57782,31246,89028,17579,7649,64709,64709,68426,64709,-3717,-474,38576,39042,68900,68900,449624,74267,274422,8470,90537,-93634,9249,259800,-119273,20413,-15179,5429,3695,0,0,-283,10462,66,16223,149080,50715,441234,174839,-131287,-65861,-58556,-6870,-91435,150579,55553,-16750,81291,0,0,96,11918,934,17471,66,0,214190,124348,8390,-90419,0,-29909,60510,1470,374,1844,-748,1294105,1001,151272,235,1083772,305369,0,0,101346,-329539,-19350,1272626,160714,707217,0,0,37191,0,392,377911,-10799,22949,956,75424233,1446142,858947,459843,127352,73978091,4278947,17650900,730816,2794664,5909739,1735586,6480095,23216124,16825818,10125193,415189,3562118,0,0,43385,871765,26686,1781482,6477121,5529182,75424233,73690322,13482175,13199804,7607082,4790816,801906,4383266,17178002,3577224,2796581,8478482,0,0,50627,431341,24579,1792482,26686,0,21241201,4205874,1733911
2010:Q4,267323,39152,228171,146732,14329,67110,92538,67110,25428,92538,18321,6906,64570,64570,67272,64570,-2702,-317,38840,39152,67589,67589,113059,-11044,201291,34690,240561,3891,16163,-94014,-9233,35956,50866,12042,25889,0,0,-1650,-21632,-162,-29397,53618,-157530,280559,271051,-133285,-25745,-107112,-428,-43375,123937,56500,-7569,84117,0,0,-1606,16662,4618,-28623,-162,0,176733,-114502,-167500,-318598,-2097,-81412,235089,5172,1176,3968,28,891771,-16,-105589,-39,979234,213115,0,0,51174,-246107,-1,1141260,328727,467250,0,0,43253,0,759,300782,489,-244317,-495643,76628333,1448900,857643,462528,128729,75179433,4433211,17724319,689832,3042999,5923873,1746340,6321275,23123033,18214121,11155122,522042,3801122,0,0,41735,916910,26524,1750666,6395471,5289279,76628333,75390065,13753226,13274526,7581337,4891711,801478,4351807,18393672,3962429,3034465,9029849,0,0,49021,498987,29197,1763200,26524,0,21835241,3781593,1238268
2011:Q1,254095,39423,214672,153524,13807,47341,63243,47341,15902,63243,18206,10429,31563,31563,34681,31563,-3118,546,39975,39423,34135,34135,924541,438437,330376,41812,323458,-92271,-28328,85705,-135743,29542,-27668,10054,11030,0,0,-457,4867,-231,31947,103100,158830,910047,649330,-20238,50248,-99248,28762,46269,80829,4779,-64138,100844,0,0,-410,9889,-1765,31861,-231,0,148680,5177,14494,-63239,0,-43598,19641,2396,2127,386,-117,651959,-110,11432,165,572898,153597,0,0,36128,-155350,33199,736120,177644,346697,0,0,24893,0,760,206227,-20101,-81765,-110323,78190045,1451842,856664,464299,130879,76738203,4871538,18066126,731489,3365615,5829976,1721946,6417100,22946946,19006508,11699176,531359,3966174,0,0,41278,949878,26293,1792350,6383065,5464021,78190045,77062100,14402556,13235279,7631585,4773454,830240,4398076,19043323,4144802,2970327,9477390,0,0,48611,542910,27432,1805558,26293,0,22215934,3766932,1127945
2011:Q2,243271,39907,203364,150000,13709,39655,69339,39655,29684,69339,18179,7086,42532,42532,51104,42532,-8572,720,40633,39907,50384,50384,513644,88897,159568,-39402,250165,-39292,-29304,17401,-115773,61290,30719,5170,7198,0,0,-4483,10408,193,12085,162328,157334,538233,334608,-140703,-71029,-23165,-46509,41217,93491,33113,-35470,76388,0,0,-4423,10757,320,12613,193,0,169042,40578,-24589,-115874,0,-40901,74973,12056,9916,2471,-331,43980,653,111170,53,-66198,4063,0,0,-23998,-2311,20549,-172500,-174724,13880,0,0,-5396,0,760,5122,-12142,228536,163766,78717722,1464618,863538,468082,132998,77253104,4961087,18336864,691969,3634512,5815966,1722640,6471777,22791140,18983375,11663697,536529,3977435,0,0,36795,928261,26486,1814172,6539451,5641188,78717722,77426011,14737164,13075904,7560556,4731617,783731,4433911,18990164,4003143,2934857,9567658,0,0,44188,557412,27752,1828668,26486,0,22388118,3800750,1291711
2011:Q3,244522,40482,204040,154033,13573,36434,67648,36434,31214,67648,16308,6837,50719,50719,57640,50719,-6921,2520,43003,40482,55120,55120,206478,-116061,-92342,-44653,77871,35316,-1057,-159819,277323,40386,70885,-19756,-51163,0,0,-811,5123,-481,36589,-45893,143065,188215,105101,-166675,6684,-100282,-73077,166890,-16409,31393,-58399,-27511,0,0,-716,3524,-1312,37093,-481,0,184568,-85260,18263,-64806,0,-27949,36857,8388,8711,251,-574,-1853518,-403,166403,-195,-1957041,-469412,0,0,-181895,471071,117955,-2536954,-744077,-1102594,0,0,-85297,0,800,-598907,-6879,691824,684658,77052109,1475526,869345,470735,135446,75576583,4844624,18410925,647644,3769154,5892469,1747940,6353718,23032077,16417123,9777541,516773,3456860,0,0,35984,743462,26005,1860498,6970345,5901490,77052109,75075740,14842265,12890549,7567240,4612655,710654,4600801,17061426,3290420,2876458,8437553,0,0,43472,484780,26440,1876298,26005,0,21972088,3708611,1976369
2011:Q4,267421,41141,226280,148930,13783,63567,92931,63567,29364,92931,18853,3790,68661,68661,82444,68661,-13783,3345,44493,41141,79099,79099,181852,21380,305693,-39732,240345,77104,12316,15660,75208,-78521,-43051,24510,-4690,0,0,-442,-4664,894,-51078,115038,-256946,206407,204956,-82480,-8032,-65594,-8854,-74996,114686,44802,65432,50895,0,0,-393,3072,1006,-51022,894,0,179284,-135043,-24555,-145803,0,-42149,103654,10561,10112,1361,-912,896283,2209,101783,-2509,921172,191772,0,0,36298,-271255,-83188,995145,220227,452949,0,0,46237,0,-260,289353,-13360,-88301,-151660,78100780,1489432,876609,474836,137987,76611348,4875370,18824009,608013,4022396,5984928,1790617,6418055,23069042,17489760,10655668,541283,3644142,0,0,35542,767069,26899,1819157,6807054,5546114,78100780,76276071,15047221,12790967,7559208,4529959,701800,4525805,17914102,3555408,2941890,8941397,0,0,43079,543230,27446,1834753,26899,0,22439325,3558651,1824709
2012:Q1,280521,41998,238523,148723,14070,75730,90659,75730,14929,90659,21220,-3255,75163,75163,79880,75163,-4717,4862,46865,41998,75018,75018,332651,-206994,475433,25235,225972,137427,22565,64234,-92598,43680,20292,3444,-36842,0,0,-834,7889,318,49413,102064,11066,304159,-63779,-37571,-43802,4153,2078,49366,127688,22090,-79735,134137,0,0,-647,-6780,9608,48697,318,0,172581,55874,28492,-226932,0,-180406,46526,8540,8942,250,-652,1333392,-2563,-41501,2495,1297832,336927,0,0,58730,-342666,24137,1698209,411602,813028,0,0,53284,0,-260,443978,-23424,-356277,-503329,80673881,1502834,882988,478941,140905,79171047,4697802,19701868,618309,4434423,6248648,1821759,6578729,22953288,19510138,11973792,544727,3944227,0,0,34708,837005,27217,2148462,6557796,5750156,80673881,79352501,14955665,12799114,7515406,4579830,703878,4575171,20066119,4454441,2862155,9888562,0,0,42432,591176,37054,2163082,27217,0,23050628,3905804,1321380
2012:Q2,283662,42239,241423,157189,14033,70201,76129,70201,5928,76129,22183,-6190,58757,58757,58776,58757,-19,5650,47895,42239,53126,53126,60752,-140395,-27169,-4990,-57732,10862,12333,12358,173436,37793,33695,-16138,-10722,0,0,-635,7056,125,24412,52262,-35175,24296,20601,-213490,8272,-155992,-65770,98138,64454,15733,-76751,82639,0,0,-802,18773,425,24312,125,0,98275,-43682,36456,-31665,0,-14995,16670,5141,7761,-1216,-1404,-421299,-262,188172,-76,-580540,-124411,0,0,-67283,119223,43877,-735020,-250314,-290437,0,0,-23837,0,-260,-157734,-12438,318862,345973,80281534,1513625,888251,482041,143333,78767909,4557146,19862525,613077,4466378,6287528,1843329,6652213,23083608,18778747,11426947,528589,3809094,0,0,34073,780095,27342,2172607,6725832,5760052,80281534,78614181,14976266,12565365,7523678,4403579,638108,4673309,19566856,4219816,2785404,9680764,0,0,41630,587554,37479,2186867,27342,0,22988047,3844338,1667353
2012:Q3,288699,42135,246564,156285,14239,76040,73832,76040,-2208,73832,22686,-8763,56888,56888,56888,56888,0,6204,48347,42135,50684,50684,767007,47522,248926,-3884,112888,-36384,28989,147317,236674,159185,-25936,14304,14305,0,0,-479,2614,27,154350,123480,-48780,1079676,165768,118194,2219,118481,-2506,42405,354857,39222,72811,87081,0,0,-374,4539,609,150942,27,0,151510,246942,-312669,-105659,0,257694,363353,-1558,-507,-29,-1022,877339,1888,151628,-1650,664065,182921,0,0,47295,-194099,25292,840938,156232,445950,0,0,26831,0,-252,245588,-33410,34843,-13928,81889344,1518271,885350,486540,146381,80371073,4606555,20260714,606696,4576190,6283118,1885432,6909278,23281520,19835263,12065076,542893,4006320,0,0,33594,833321,27369,2326690,6651264,5735758,81889344,80235919,15142034,12664696,7525897,4503197,635602,4715714,20279507,4143128,2858215,10213795,0,0,41256,620366,38088,2337290,27369,0,23384160,4049808,1653425
2012:Q4,287045,41465,245580,167891,14359,63330,14630,63330,-48700,14630,22696,-9408,3269,3269,-11063,3269,14332,8643,50115,41465,-19706,-19706,778629,82164,307336,-624,77334,73805,28273,128548,288222,49712,36873,3042,16820,0,0,-59,1095,-9,-8050,17457,33739,715269,373276,-86041,9519,-88478,-7082,49515,259926,42801,138377,82672,0,0,-7,6938,-202,-10644,-9,0,157375,-38782,63360,129411,-1767,48112,-83066,-6765,-4423,58,-2400,91562,-28,-41479,-112,126743,30415,0,0,21275,-10504,-34749,132037,65328,67041,0,0,-15698,0,-1600,28512,-11547,-47240,71108,83913887,1518382,877747,491546,149089,82395505,4717301,20768489,609381,4683111,6334954,1920957,7220086,23750842,20744036,12125697,577967,4054873,675321,95414,33535,859008,27360,2294861,6657570,5757268,83913887,82189354,15515310,12557269,7535416,4393333,628520,4862712,21549298,4256948,2996592,10363508,785430,126010,41249,613048,37886,2301267,27360,0,23571198,4133567,1724533
2013:Q1,268168,44432,223736,157889,14375,51472,63183,51472,11711,63183,23999,-7110,45774,45774,45774,45774,0,4147,48585,44432,41627,41627,1004348,302834,458228,15970,173805,157339,8051,103063,-178391,60930,-65955,3542,36480,42511,201,-917,20216,204,24648,141832,218916,894729,443791,29574,36118,-21548,15004,-129485,241700,63199,-74176,193300,21137,3951,-889,12551,813,21610,204,0,132872,176277,109619,48009,0,-19984,-67993,-710,-1054,277,67,909286,-1012,-174660,433,1021239,234057,29181,-246,23681,-257586,34199,1361842,391933,546433,38418,-689,52778,0,-1600,340779,-6209,-453266,-359484,86073797,1521819,873315,497170,151334,84551978,5019123,21056150,629608,4815642,6444952,1921968,7243980,23545510,22113438,13080981,581509,4325410,747013,95369,32618,888482,27564,2334492,6807194,6010564,86073797,84708748,15959101,12571174,7571534,4356116,643524,4733227,22823036,4712044,2922416,11103241,844985,129272,40360,668195,38699,2336260,27564,0,24314481,4307729,1365049
2013:Q2,271134,43989,227145,161879,14158,51108,-1806,51108,-52914,-1806,23673,-5445,-20516,-20516,-20516,-20516,0,3876,47869,43989,-24392,-24392,512341,62258,263765,6537,48983,149973,-11878,70150,-22687,63336,43478,-1352,37332,2251,-4534,62,2640,-71,-16470,183084,-37414,435622,438322,-88792,68546,-110112,-47226,1444,44951,10563,-20890,44622,25265,-7943,276,9542,537,-16950,-71,0,145617,-105920,76719,86851,0,-14260,-101111,7119,7318,-407,208,-411682,-799,-563458,828,119374,-17644,2962,-2027,-29659,19724,59017,118520,179036,-58197,2693,-3389,86,0,-1288,-345,-77,-523083,-456748,86433668,1532814,877430,502090,153294,84900854,5080581,20756457,636353,4710390,6433708,1866493,7109513,23498024,22250340,13243833,580157,4345098,752226,88808,32680,847040,27493,2333005,7283103,6032349,86433668,85525367,16397423,12467210,7640080,4230832,596298,4734671,22991693,4901607,2901526,11089666,872943,117940,40636,667641,39236,2333005,27493,0,24732638,4201732,908301
2013:Q3,275335,43842,231493,159844,14021,57628,50490,57628,-7138,50490,25612,-4399,29391,29391,29391,29391,0,4649,48501,43842,24742,24742,719189,296002,229581,15539,167137,-25322,-22196,94423,129234,80393,-12494,55801,28275,7787,-3677,-395,21183,-52,-16035,159401,-175422,580375,403224,-63515,52612,-69121,-47006,-50297,153093,47598,102948,29124,-6596,-7174,-151,6078,-2647,-16035,-52,0,154187,-16317,138814,93513,0,-20559,-114072,5963,6549,-115,-471,922743,111,-93367,315,893243,221456,23190,462,69345,-207113,15102,1046254,175890,537702,33893,663,17072,0,0,283384,-2350,-117548,5356,88333319,1543426,880976,507372,155078,86789893,5376694,20892671,651643,4849352,6402094,1825583,7163999,23605709,23538989,14124582,635958,4594829,783203,85593,32285,923145,27441,2331953,7503620,5872211,88333319,87419662,16800647,12390451,7692692,4148467,549292,4684374,23914778,5125066,3004474,11656492,900240,111429,40485,680609,36589,2331953,27441,0,25446347,4183065,913657
2013:Q4,290032,44215,245817,161712,13834,70271,37904,70271,-32368,37904,25178,-1106,14720,14720,14720,14720,0,5248,49471,44215,9472,9472,1165873,101021,414313,-10273,138652,123744,-5312,167502,378562,308741,74771,70094,31197,107088,-2843,1090,-9140,66,36418,-52768,16006,1239912,425535,166544,81046,44687,40811,1819,374290,46016,42808,79847,157131,-923,1238,7484,4205,36418,66,0,160468,111256,-74039,-47926,0,35585,83511,11954,13340,-1371,-15,991507,-340,-191617,316,1161413,245850,34210,-147,43569,-268549,-33199,1540188,497379,596673,41390,-338,52381,0,0,359112,-6409,-536727,-569933,90612566,1560628,891284,512024,157320,89051938,5477047,21072044,641840,4909965,6456853,1818737,7244649,23956390,25325690,15360766,706052,4871876,924501,82603,33375,943151,27507,2375859,7452815,5767953,90612566,90268842,17226182,12540174,7773738,4176333,590103,4686193,25416801,5611403,3047282,12333012,1098761,110168,41723,730292,40794,2375859,27507,0,26245318,4154174,343724
2014:Q1,300739,45021,255718,171631,15255,68832,45773,68832,-23059,45773,30853,-2355,18937,18937,18937,18937,0,4846,49874,45021,14091,14091,740693,188040,184123,15741,246263,-108584,-4575,35278,-7105,-42845,-87724,-37623,7517,29769,2990,-1602,125,544,43159,128364,290116,719266,411185,-101351,-72631,-21916,-6804,53754,112454,9812,-51500,125121,-22829,3936,-1173,3774,1610,43159,544,0,103413,139811,21427,16497,0,9161,-7336,6526,6776,-443,193,468584,17,222559,61,207952,75858,15783,923,11986,-71489,4935,436260,128172,182535,21373,1494,14848,0,0,103996,-16158,38850,74284,91844245,1572000,895566,517658,158776,90272245,5665104,21478726,657562,5221012,6404471,1835424,7360257,23934633,25590305,15480994,668429,4955251,970053,86516,31773,971683,28051,2397555,7535029,6068449,91844245,91426237,17637367,12430180,7701107,4145774,583299,4739947,25858388,5749364,2995782,12640668,1097305,115598,40550,751111,42404,2397555,28051,0,26482528,4277827,418008
2014:Q2,313611,45701,267910,167311,15224,85375,67472,85375,-17903,67472,32386,-604,36376,36376,36376,36376,0,6012,51719,45701,30364,30364,716765,8693,189752,8447,24612,58280,-1590,100003,337981,75624,25606,-2938,4199,21855,914,1495,10650,111,13732,60180,44536,701055,198247,15204,53382,-16324,-21854,157932,149353,69374,-75111,91686,38162,6272,1530,2537,1060,13732,111,0,107058,73261,15710,-9723,0,4931,14654,4814,5208,456,-850,961168,1913,243048,-1910,634596,166273,27351,2167,35056,-167290,19964,798905,97664,416208,36079,3791,23393,0,0,232285,-10515,167077,193730,93541855,1582826,898421,524847,159558,91959029,5675710,21911525,665943,5307498,6537937,1855169,7544978,24258266,26526330,16141196,665491,5125723,1019259,89597,33268,1033810,28162,2389824,7448808,6138391,93541855,92930117,17835614,12439067,7754489,4123133,561445,4897879,26565586,5916378,2920671,13148562,1171546,125661,42080,779238,43464,2389824,28162,0,26851398,4340573,611738
2014:Q3,313921,46455,267466,168757,15149,83560,86280,83560,2720,86280,25805,14522,46431,46431,36441,46431,9990,6235,52693,46455,30206,30206,651327,124733,267975,-11948,197474,11387,6217,64845,171682,70311,81893,915,-3576,-35591,3010,171,10173,28,13288,31861,-15235,572285,229446,93801,59214,30971,3616,-69098,143402,45585,48173,33558,-4452,5420,342,564,896,13288,28,0,107913,66821,79042,66476,0,17640,-48836,5993,6257,-120,-144,-366738,-1320,-39871,-703,-292760,-77452,-1181,-644,-57529,70402,34319,-289881,12094,-203183,-1916,-1015,-8833,0,0,-76753,-10275,-70864,32053,93797027,1595054,902210,531824,161020,92201973,5736488,22139630,654583,5502464,6531971,1877360,7573252,24417294,26162033,15930329,666406,5044695,982487,91963,33439,1002875,28190,2381649,7583610,6162919,93797027,93153236,18002425,12526257,7813703,4147493,565061,4828781,26486844,5974032,2968844,12978937,1165178,130066,42422,773166,44360,2381649,28190,0,26911810,4397119,643791
2014:Q4,314709,46944,267765,173387,15100,79278,68790,79278,-10488,68790,27217,3559,35186,35186,35186,35186,0,6305,53253,46944,28881,28881,567372,-186857,235279,-75844,119944,102239,21942,66998,439407,93104,-30858,48005,17272,51371,15387,266,-679,382,-8042,22130,-35691,586583,28770,108217,110306,27836,-29925,58067,327189,108472,104126,60663,35061,17734,511,7521,761,-8042,382,0,113122,-48782,-19211,-33859,0,14233,48092,2968,2976,397,-405,426556,-1484,197771,0,411271,58850,8020,-790,-31337,-99775,-115970,520659,255428,111028,11870,-522,20292,0,0,138851,-16288,-91135,-89808,94817290,1604327,902830,539114,162383,93212963,5548148,22572679,579324,5719316,6705194,1909081,7659764,24844446,26696109,16310742,714411,5120817,1041878,106560,33705,987280,28572,2352144,7534880,6016702,94817290,94263307,18031195,12627617,7924009,4168472,535136,4886848,27192836,6337905,3072970,13150628,1212109,147278,42933,803176,45121,2352144,28572,0,27192762,4332049,553983
2015:Q1,327580,47257,280323,176009,15898,88416,62411,88416,-26005,62411,29434,1806,30903,30903,30903,30903,0,7621,54884,47257,23282,23282,508206,-29134,103957,8501,34369,-37071,28402,69756,-47896,111910,59923,-23037,40102,48964,-1859,-1255,15160,250,-26338,162071,207299,508525,149140,-56298,-43204,-832,-12262,-10985,140509,63704,-70615,105427,60742,-4267,-1085,12394,297,-26338,250,0,106226,179933,-319,-54293,0,-30692,23601,5810,4776,615,419,485822,-867,75691,0,320863,110458,29797,793,9496,-93331,32922,373024,-23593,263812,31798,1461,-16190,0,0,127027,-11291,118608,95218,95787063,1617758,906000,547299,164459,94169305,5518147,22752326,588918,5810798,6693424,1928400,7730786,24757996,27274495,16691528,691374,5271377,1120639,105494,32450,992131,28822,2340680,7618837,6247504,95787063,95137862,18180335,12543577,7880805,4139898,522874,4875863,27606395,6377964,3002355,13519867,1304649,144472,41848,800320,45418,2340680,28822,0,27441659,4490033,649201
2015:Q2,340915,47716,293199,179151,16061,97987,72732,97987,-25255,72732,30886,4670,41132,41132,41132,41132,0,8930,56654,47716,32202,32202,102799,-293785,116041,16507,-26156,-9695,-3311,138696,273168,125804,80511,-19483,-1981,-3926,598,964,8770,311,60040,125415,-243844,18244,-103211,112135,54421,11012,46702,-9865,121929,41148,-44821,60457,-6778,968,1056,9507,41,60040,311,0,123461,-226205,84555,29717,0,-22636,-52353,-614,656,-639,-631,-336690,184,-404714,0,-36880,-20568,3639,-1064,-12410,52304,82819,26562,122659,-46750,4276,-1931,-11411,0,0,-34007,-6274,-363866,-293017,95564455,1626074,905223,554696,166155,93938381,5224546,22463654,604914,5654631,6605299,1908669,7690141,25019126,27328085,16735159,671891,5248828,1120352,105028,33414,968686,29133,2415594,7815252,6087719,95564455,95208271,18077124,12648643,7935226,4143841,569576,4865998,27810954,6541744,2957534,13533574,1302147,143509,42904,799356,45459,2415594,29133,0,27547998,4257554,356184
2015:Q3,321993,48417,273576,180199,16275,77102,55241,77102,-21861,55241,26040,6160,23361,23361,23361,23361,0,9924,58346,48417,13437,13437,305995,-105935,51107,3528,35136,22286,6874,-16718,225468,80457,58583,-29503,-14552,316,2426,-761,11056,148,52744,95383,-40485,293836,-31223,47090,87749,-33892,-6767,57110,97005,23529,58267,-48194,3408,3321,-607,137,4252,52744,148,0,130996,-7142,12159,-12668,0,-11390,1278,5388,7898,-2311,-199,-1641463,61,36824,0,-1477779,-341920,-42928,-2370,-101906,295758,-7202,-1993646,-521235,-879663,-55951,-3598,-62340,0,0,-448840,-22019,357571,368264,94260214,1641386,911634,560929,168823,92618828,5118672,22551584,608959,5750592,6664440,1918706,7608887,25234733,25436708,15315963,642388,4892356,1077740,105084,32653,858031,29281,2483212,8235860,6041272,94260214,93535766,18045901,12689116,8022975,4103332,562809,4923108,26400969,6044021,3015801,12605717,1249604,143232,42297,738093,49711,2483212,29281,0,27248279,4228393,724448
2015:Q4,326756,49054,277702,180347,16736,80619,48907,80619,-31712,48907,25818,8999,10093,10093,10093,10093,0,9742,58806,49054,351,351,185502,-292830,225258,-60179,185948,56910,12479,30100,462053,-35703,10519,4627,-3966,-30665,6026,1726,-12334,170,-11806,-92479,-80796,278884,104667,70210,121473,-44711,-6552,-37179,104303,76821,62403,-19030,-44579,10565,1905,27161,693,-11806,170,0,137080,-100197,-93382,291544,0,385276,93733,466,3418,-1605,-1347,461006,-189,-233768,1,732308,128947,10320,-3689,16784,-128643,-61065,861068,304743,310528,16842,-4514,51224,0,0,193916,-11671,-399596,-97960,94434519,1651594,913386,567324,170884,92782925,4807700,22518769,549052,5863486,6649574,1937421,7519236,25573844,26024940,16058790,649732,5017337,1057395,107421,34379,842676,29451,2227759,8036120,5821552,94434519,93808031,18150568,12567433,8144448,3866728,556257,4888831,26791004,6275201,3078204,12897215,1221867,149283,44202,817418,50404,2227759,29451,0,27598642,3811553,626488
2016:Q1,338064,49760,288304,181890,17522,88892,76220,88892,-12672,76220,26075,17336,29720,29720,29720,29720,0,10507,60267,49760,19213,19213,723362,158284,269841,57517,106565,31100,20896,53763,-73052,-9462,-89207,32839,-30938,4815,1027,-1642,4591,627,68426,115139,262613,757897,347875,56126,9503,5506,41117,-125855,147115,12357,-13738,38233,12217,-3859,-1464,33083,1233,68426,627,0,136425,196211,-34535,-44870,0,8878,53748,-4419,-2579,-1284,-556,399510,962,468145,0,-65782,68392,-16811,565,-8523,-34537,-12901,-150501,-230842,26651,-8364,1342,6889,0,0,83521,-29698,545592,530442,95582238,1657682,910023,573736,173923,93924556,4966946,23256754,605961,6101407,6768165,1982456,7798765,25491353,25993311,15903801,682571,5054791,1045399,109013,32737,842499,30078,2292422,8145156,6071036,95582238,94425308,18498443,12617817,8153951,3866492,597374,4762976,26724869,6056696,3064466,12962099,1225720,146766,42738,852247,51637,2292422,30078,0,27843137,3978066,1156930
2016:Q2,354521,50478,304043,182004,17932,104107,86793,104107,-17314,86793,27767,19542,39104,39104,37304,39104,1800,10009,60487,50478,27295,27295,643026,-78369,127611,-32616,35598,105004,22334,-2709,440936,-9162,-63136,10843,-1360,-13359,-3198,2204,21808,35,37001,108998,53012,621987,107818,98625,145536,-41293,-5618,132943,-20504,18119,-95026,22477,-8901,-4728,2622,8142,-245,37001,35,0,129201,173904,21039,27596,0,33852,6257,6032,7428,-1014,-382,646402,811,353696,0,227246,88764,18753,882,-20137,-84352,60738,514287,139736,224189,29101,1056,630,0,0,134081,-14506,138147,203046,96891954,1673723,916723,579617,177383,95218231,4900308,23744409,573355,6231541,6914321,2042966,7982226,25924243,26255707,16067911,693414,5142195,1050793,106697,34941,847925,30113,2281718,8195868,6197696,96891954,95531978,18606261,12708995,8299487,3817752,591756,4895919,27027268,6195590,2969440,13208765,1245920,143094,45360,855876,51392,2281718,30113,0,28148542,4144993,1359976
2016:Q3,357992,51136,306856,184610,18478,103768,84766,103768,-19003,84766,31765,14475,38470,38470,38470,38470,0,10469,61605,51136,28002,28002,565521,-373480,323073,-129969,306068,88842,-11354,69486,536265,21535,-41923,41681,-22726,-20884,-1489,421,13436,63,52956,109002,-50874,395490,-28439,113896,90842,76475,-53421,142868,47452,103973,-25542,9636,-20331,-4381,650,-87818,18246,52956,63,0,131660,-11947,170031,159361,0,17332,-142029,-385,1114,-606,-894,802204,1313,-45265,0,687728,184565,35240,-1824,40144,-152211,52514,1012555,261710,464170,42941,-2428,15814,0,0,237994,-7646,-210736,-12904,98297441,1683807,917302,585641,180864,96613634,4528141,24022217,443309,6492174,6988969,2019998,8077767,26452634,27223087,16713716,735095,5304034,1065149,103384,35362,905260,30176,2330911,8188448,6199107,98297441,96950369,18577822,12712456,8390329,3783792,538335,5038787,27848005,6561257,2943898,13682571,1268530,136285,46010,778729,69638,2330911,30176,0,28542899,4230400,1347072
2016:Q4,361600,51846,309754,185644,18761,105349,94742,105349,-10608,94742,28369,13031,56870,56870,56870,56870,0,9880,61725,51846,46990,46990,60711,-215813,292851,-7203,221347,85894,-18891,11704,112024,32108,64460,57090,-34048,-26493,7494,924,12526,267,-50112,41788,-202247,31605,39737,11706,105796,-81786,-12304,-63082,32407,107566,11326,-42018,-13720,14186,938,5871,-1897,-50112,267,0,107311,-96474,29106,2272,0,20156,17884,8945,8418,153,374,-469776,-2875,-812389,0,295877,1731,15877,359,-3813,-18558,54015,692171,667809,-24974,16015,-1213,14942,0,0,18599,993,-1153003,-1093861,97939024,1702631,925092,591938,185601,96236393,4309454,23502679,437207,6466102,6897066,1917452,7784852,26558533,27565218,17074053,792185,5271717,1054533,111237,36286,917728,30443,2277036,8249864,6050646,97939024,97685813,18617559,12719968,8496125,3697812,526031,4975705,28544073,7336620,2955224,13615579,1270825,149258,46948,794399,67741,2277036,30443,0,28693589,4134919,253211
2017:Q1,353982,52449,301533,188043,16393,97097,68475,97097,-28622,68475,18936,10303,37004,37004,30104,37004,6900,8647,61096,52449,21457,21457,834037,443744,212329,43238,-18380,57406,-558,130623,-8145,75099,26828,14846,-7668,-5009,2808,-1274,16272,152,28144,138852,-27842,827601,524325,23343,51203,-40422,12562,-85324,201717,104769,-28567,90922,3132,4072,-952,-1732,1777,28144,152,0,152072,11468,6436,46093,0,61114,15021,7817,8360,360,-903,1157615,1237,35553,0,971735,242107,34959,448,48686,-203259,26150,1238452,223048,620631,47997,878,30647,0,0,321848,-6597,-73020,3177,100021733,1719095,932930,597072,189093,98302638,4785331,23744189,480005,6447174,6956031,1920837,7940142,26624223,28899280,18072616,807031,5506156,1084483,114493,35012,980659,30595,2268235,8221276,6028339,100021733,99765345,19141884,12717776,8547328,3631855,538593,4890381,29651853,7687465,2926657,14327132,1321954,154208,45996,820093,69518,2268235,30595,0,29193901,4169550,256388
2017:Q2,358982,53213,305769,193179,16607,95983,50768,95983,-45215,50768,20388,4783,27516,27516,27516,27516,0,7731,60944,53213,19786,19786,677507,-102833,26528,-25921,-65018,66329,3658,47480,509222,89088,96036,-8970,-4094,-2524,3040,1871,16815,248,-13334,140179,15323,719928,-40129,140727,95263,62358,-16894,235578,151810,95638,-34012,87568,-2607,3439,2004,13719,-853,-13334,248,0,157882,74060,-42421,-55546,0,6661,62207,8456,8233,-592,814,791418,1208,167523,0,540601,147182,18621,546,29919,-131547,17365,850848,238554,380606,27058,833,17113,0,0,195958,-9274,-50975,-79005,101537692,1735281,940425,600959,193897,99802411,4683706,23938240,453625,6413922,7053728,1941860,8075105,27125573,29727248,18709253,798061,5649244,1100580,118079,36883,1025366,30843,2258939,8267480,6060165,101537692,101360309,19101755,12854484,8642591,3690194,521699,5125959,30468618,8021631,2892645,14795306,1346405,158480,48000,847704,68665,2258939,30843,0,29575157,4234336,177383
2017:Q3,367037,53956,313081,198898,16741,97442,58796,97442,-38647,58796,22384,-717,37629,37629,-15704,37629,53333,8043,61999,53956,-23747,-23747,706693,109598,327889,75776,96721,92627,2468,60297,289579,50448,18103,41073,-13259,540,2655,124,10529,345,-9662,-51564,-19257,677173,230000,147174,91905,28038,27231,-121698,249859,64278,137271,55100,-5458,671,2339,3616,1359,-9662,345,0,184270,-12432,29520,52471,-1847,1051,-53267,7691,8333,177,-818,999811,1266,35744,0,824726,191985,29857,48,51655,-167387,31918,1166810,345554,496576,41203,176,25565,0,0,263493,-5757,-159308,-122541,103284667,1749168,946875,604927,197366,101535499,4794569,24301872,529082,6504226,7158856,1947876,8161832,27408755,30877978,19552082,839134,5827970,1130977,120782,37007,1085523,31188,2253315,8080362,6071963,103284667,103229825,19331755,12997954,8734496,3714528,548930,5004261,31628350,8431445,3029916,15346982,1382150,159327,50339,873664,70024,2253315,31188,0,30051358,4216147,54842
2017:Q4,376489,54821,321668,207529,16752,97387,72157,97387,-25230,72157,21633,5216,45118,45118,28746,45118,16372,8654,63474,54821,20092,20092,752405,-141958,352352,-22800,184811,64966,28540,96835,520649,5641,29364,-24821,-6776,13358,13084,650,5443,201,-24862,9621,6101,724221,108394,22139,108229,-50072,-36018,61021,327926,117604,90617,83681,31532,13091,809,16584,-1331,-24862,201,0,144963,59778,28184,8450,0,358,-8092,-1140,-573,-610,43,971477,173,-23254,0,1014767,190169,31414,-394,30524,-197931,-73991,1303150,456223,468322,43831,-96,50208,0,0,291291,-6629,-332813,-295617,105043500,1756682,945368,609436,201878,103286818,4652784,24630970,506490,6678166,7193043,1980364,8272907,27923662,32152110,20596213,814313,6011363,1175749,133472,37657,1119463,31389,2232491,7924081,6003212,105043500,105284275,19440149,13016912,8842725,3661275,512912,5065282,32975564,9005255,3120533,15898985,1457513,172322,51148,937235,68693,2232491,31389,0,30517072,4269296,-240775
2018:Q1,378080,55267,322813,203231,19658,99924,81633,99924,-18291,81633,19832,7621,58857,58857,58857,58857,0,8880,64147,55267,49977,49977,435491,65689,463179,45100,217135,10119,5677,185148,-109222,67851,8822,-2006,-21588,43,2113,-372,-2522,278,83083,38424,-90430,452703,464447,-1444,4424,-15119,9251,-352125,193691,47972,-52560,79679,6457,2285,-446,21446,5497,83083,278,0,114651,33483,-17212,-50493,0,16696,67189,5880,5159,549,173,-509639,944,-448030,0,-201753,-35332,7895,-1811,-41496,92021,117923,-320905,-122428,-104408,8970,-3128,-30201,0,0,-69678,-32,-182854,-174490,105015390,1771442,950184,615649,205609,103243948,4719417,24646119,551093,6808279,7102314,1957438,8226995,27810679,31952324,20403282,812307,5954443,1183687,133774,37285,1077319,31667,2318560,8084990,6030420,105015390,105430655,19904596,13013388,8847149,3644076,522163,4713157,32910292,8930788,3067973,15874256,1472940,171479,50702,917737,74190,2318560,31667,0,30586475,4302747,-415265
2018:Q2,377726,56105,321621,204743,19650,97228,82857,97228,-14371,82857,21086,5897,55876,55876,55876,55876,0,9457,65561,56105,46419,46419,162562,-328572,15449,-237,-76631,9118,-2712,85911,503073,-66759,-30483,-4329,-16775,-26030,3596,1385,-7968,409,13436,112152,-72781,206469,-242347,67319,89195,-7518,-14358,143395,112640,30634,24147,29834,-11268,5285,1579,16252,2332,13436,409,0,117398,8064,-43907,-82823,0,7503,90326,12073,11101,704,269,259229,151,-200073,0,406979,84160,14395,-454,-8425,-69798,32294,334204,-18956,173115,18490,-652,23675,0,0,139821,-1289,-62902,-89849,105475828,1792972,960971,621814,210187,103682856,4390996,24461495,551606,6710165,7082147,1958348,8159229,28297067,32387080,20779778,807978,6021828,1172052,136916,38670,1062800,32076,2334982,8156571,5989648,105475828,105980942,19662249,13073735,8936344,3629586,507805,4856552,33210833,8942452,3092120,16077205,1480162,176112,52281,946921,76522,2334982,32076,0,30868051,4309522,-505114
2018:Q3,384224,56983,327241,207846,19810,99585,74229,99585,-25356,74229,20921,11660,42086,42086,37243,42086,4843,9964,66947,56983,27279,27279,277058,-113564,42829,-10686,9217,-32165,-16499,92962,291634,-33403,-5208,65563,-49407,-15424,2889,-1255,11507,200,-42268,110194,-20632,209404,-31606,81404,62173,33726,-14495,-77964,32761,49012,51348,4670,-45547,3358,-1177,10959,2206,-42268,200,0,119489,85320,67654,48677,-958,9260,-40375,14459,11404,3789,-735,897735,-92,-115087,0,951049,198363,18986,249,-230,-170313,14810,1218083,333394,477812,35834,589,52404,0,0,318447,-397,-305889,-219970,106696567,1816436,971579,630532,214325,104880131,4277340,24389237,541018,6654316,7009747,1926190,8257966,28590522,33526954,21725619,873541,6170784,1175614,140054,37415,1075951,32276,2295700,8120138,5975941,106696567,107421651,19630643,13151852,8998517,3660025,493310,4778588,34135854,9324842,3143468,16559687,1470449,180059,51104,999541,78728,2295700,32276,0,31330269,4394445,-725084
2018:Q4,376384,57767,318617,203302,20197,95118,63346,95118,-31773,63346,22641,4887,30704,30704,18652,30704,12052,12279,70046,57767,6373,6373,548267,-174121,178403,-50179,270766,9960,-21289,-30856,837960,-65997,-73141,-35973,-21522,-24361,11873,1083,-4078,59,80063,-24160,-203819,510197,160888,93006,91106,16409,-14509,308137,114634,53217,146219,-178896,-35856,19791,1128,29407,-498,80063,59,0,86450,-252918,38070,45893,-1437,15634,-31696,18242,21486,-547,-2697,-3276515,-171,104906,0,-3044209,-650589,-64255,-3046,-149312,542418,-12257,-4071853,-1172142,-1710960,-92839,-4824,-165502,0,0,-921228,-4358,813581,878126,104026521,1845520,992164,635445,217911,102181001,4103048,24672545,490975,7050721,7115886,1906524,8108439,29423668,29554406,18608269,837568,5498673,1086998,148881,38498,924435,32335,2378749,8667753,5759581,104026521,103873479,19791531,13241905,9089623,3673481,478801,5086725,31096451,8205904,3289687,14669831,1341754,195026,52232,852703,78230,2378749,32335,0,30519698,4137169,153042
2019:Q1,399537,59059,340478,213636,16845,109997,82588,109997,-27409,82588,24058,12026,54056,54056,54056,54056,0,11636,70695,59059,42420,42420,689688,76115,163958,59680,28936,23619,5698,46025,10434,-65078,-88656,53502,-34727,-37500,-2459,-2713,25894,187,21394,194031,310228,659084,117051,76321,33789,21595,20937,-108679,274569,14851,194039,91198,-44840,-1309,-2654,1528,175,21394,187,0,130574,169248,30604,-116025,0,-104208,11817,15017,10724,2704,1589,3058775,34,546880,0,2240490,545363,65521,2582,96947,-404797,-34245,3087584,676487,1418591,92499,4427,122579,0,0,791821,-18820,-13792,-75760,107846324,1872173,1003233,643984,224956,105974151,4166477,25475035,541881,7156917,7232017,1940921,8603299,29425806,32440734,20896001,891070,5862277,1115019,149004,35785,1068478,32522,2390578,8473159,5992940,107846324,107769042,19908582,13315507,9123412,3692357,499738,4978046,33682001,8897230,3483726,16179620,1389413,198144,49578,982785,78405,2390578,32522,0,31513366,4371540,77282
2019:Q2,401201,60329,340872,211922,17104,111846,80674,111846,-31173,80674,24748,14280,42540,42540,42540,42540,0,15014,75343,60329,27526,27526,769005,-76491,8079,3357,-131790,21871,6130,108511,526595,33392,-86116,129018,-59668,-4397,5234,876,7643,-127,40929,206204,71227,780894,-123119,179251,118616,46708,13927,265306,223855,50420,117176,26319,-22235,6722,982,3678,-9,40929,-127,0,142352,93249,-11889,-12851,0,26564,39415,12717,11413,795,508,1212773,605,558148,0,695912,171390,26942,1016,30088,-264199,-7129,1207786,423523,463637,32333,2151,36204,0,0,268473,-18535,17704,47392,109957997,1899903,1015643,651508,232752,108058094,4090591,26041976,545116,7159386,7354063,1971520,9011891,29948423,33361111,21455797,1020088,5973999,1137564,155254,36661,1127411,32395,2421942,8499088,6116906,109957997,109833323,19785463,13495288,9242028,3739595,513665,5243352,34865034,9376093,3600902,16669576,1399511,207017,50560,1028642,78396,2421942,32395,0,31995849,4448337,124674
2019:Q3,395199,61369,333830,210173,17585,106072,83184,106072,-22889,83184,25113,10703,48159,48159,48159,48159,0,16139,77508,61369,32020,32020,1123065,-457,461300,-63682,310748,92660,23938,97636,692177,67228,28014,-46712,61548,-11125,2594,-1466,29720,93,4562,-29229,-67954,1111761,380125,132203,79742,22426,30035,170702,310149,42941,233108,6722,3385,3764,-1352,14728,2198,4562,93,0,148437,-29855,11304,-16065,0,4651,20716,4373,7130,-1399,-1358,277182,-280,345668,1,-18068,10390,2527,-12,-14043,-48018,-983,34790,-30999,18448,8136,-99,11304,0,0,39701,-11701,246766,278859,111449592,1920415,1024279,656346,239790,109529177,4089855,26848943,481837,7580552,7503515,2009823,9273216,30637027,33420770,21465743,973376,6045937,1128966,157836,35195,1164290,32488,2416939,8485037,6047546,111449592,111046059,20165588,13625234,9321770,3759764,543700,5414054,35178372,9388024,3834010,16694746,1411032,210682,49208,1060649,80594,2416939,32488,0,32256030,4406781,403533
2019:Q4,404646,62079,342567,215916,17756,108895,79530,108895,-29365,79530,26489,10267,33545,33545,33545,33545,0,15713,77791,62079,17832,17832,975039,168270,464988,-28355,385823,46744,40019,20757,335178,-165519,-94849,15148,-40677,-51899,8640,-700,4299,-790,-4691,6676,165447,908959,587503,81433,86488,-13951,8896,-99812,301156,48939,168456,82985,-31224,12862,-643,22381,2881,-4691,-790,0,110845,-72166,66080,45499,0,-2749,-48248,635,7512,-2785,-4092,1779615,611,-88456,-1,1790227,331922,48846,-152,81575,-319267,-65691,2279900,742339,881786,69696,-141,95673,0,0,503099,-12552,-499650,-420606,114306982,1936763,1033227,658737,244799,112370219,4258735,27237875,465459,7874768,7537725,2045968,9313955,30978977,35469306,23111121,988524,6337182,1125913,166324,34495,1271366,31698,2402683,8228449,6196877,114306982,114324055,20753091,13704152,9408258,3743298,552596,5314242,37265283,10179294,4002466,17659517,1449504,223403,48565,1184678,83475,2402683,31698,0,32942401,4344886,-17073
2020:Q1,399032,63134,335899,221298,22622,91978,33257,91978,-58721,33257,23487,7853,15031,15031,15031,15031,0,11488,74622,63134,3543,3543,5187510,1758633,1455184,59484,1004341,293760,5458,92141,1344289,176031,-60406,139766,-41611,8314,9301,6542,29033,268,84824,130774,322600,5389442,2920173,625223,339660,263280,22283,756931,613919,20134,724713,-290705,44228,14201,6481,8441,1334,84824,268,0,180806,292390,-201932,-175324,0,30151,205475,10508,11059,2104,-2654,-5548372,136,54343,0,-4919800,-1022898,-129633,-15905,-308339,749309,44416,-7646518,-2557878,-2825666,-189407,-24346,-523679,0,0,-1488044,-37498,2108654,1948361,114014189,1958759,1045949,662525,250285,112055430,6017504,28747601,525109,9329839,8007265,2007632,8877756,32325100,29253702,18130915,1128290,5272673,1004594,159720,41037,1002564,31966,2481943,9155546,6555977,114014189,112082901,23673264,14327179,9747918,4004382,574879,6071173,31760684,7641547,4727179,14543146,1304325,213258,55046,677465,84809,2481943,31966,0,31650623,4599978,1931288
2020:Q2,403606,64012,339594,226456,14504,98635,6136,98635,-92499,6136,24503,7382,-25837,-25837,-25837,-25837,0,1475,65488,64012,-27312,-27312,2555687,145456,3205525,-57917,2565062,365896,36101,296383,-802160,-97775,-109106,76948,-8620,-24478,5715,-8952,3488,59,-32829,108570,-3929,2511672,2708872,-65863,-25209,-26371,-14283,-955618,586392,143749,360411,22008,-16766,5218,-8859,-4243,3644,-32829,1559,112500,126919,110970,44015,35229,0,-36098,-71327,7217,1288,4287,1642,4684203,515,718240,1,3557403,811001,99677,6678,157722,-610398,-56635,4731475,1059516,2210993,136561,10720,123093,0,0,1217377,-26785,-40056,-30663,121239128,1967451,1047186,663368,256897,119271677,6163475,32667836,465692,11887172,8359231,2075149,9880592,31520965,33793201,21579065,1205238,6075054,1079793,172113,32085,1174278,32025,2443550,8634003,6492198,121239128,119338503,26382136,14259856,9722709,3976551,560596,5115555,35886741,8841133,5087590,16776147,1424120,229196,46187,804340,88453,2443550,33525,112500,33010052,4684163,1900625
2020:Q3,418561,64716,353845,225378,14687,113781,104517,113781,-9265,104517,25921,11032,68423,68423,68423,68423,0,6618,71334,64716,61806,61806,326612,-391915,849579,-32741,361269,200750,43072,277229,41699,-155850,-71401,-64321,-27752,-18909,965,-2416,17625,367,9992,82469,-99370,197082,153077,61605,123327,-61248,-474,-46947,-139855,114536,-240751,6266,-26011,-2319,-2239,1672,-1368,9992,367,0,174994,-5792,129530,66688,0,-1037,-67725,1513,2522,143,-1152,1883786,751,-52607,0,1660637,358340,55655,5388,52774,-278344,81192,2018379,394799,966893,71755,8187,54700,0,0,537223,-15178,-133080,2031,123472426,1975582,1049873,663227,262482,121496844,5772311,33464808,432670,12221634,8509394,2136258,10164852,31560428,35775085,23168301,1140917,6405642,1116539,178466,29669,1255181,32392,2447978,8453407,6470806,123472426,121569770,26535213,14320004,9846036,3913846,560122,5068608,37245677,9350464,4846839,17749306,1469864,235064,43948,868737,87085,2447978,33892,112500,33737075,4663193,1902656
2020:Q4,436868,65678,371191,239214,19744,112233,43719,112233,-68514,43719,25151,9305,-4621,-4621,-4621,-4621,0,7856,73534,65678,-12477,-12477,1544991,284178,734767,10264,348726,247741,53116,74920,512420,-282511,-154624,6084,-2333,-149334,2020,-2271,1503,-16,16460,33825,262313,1470098,888376,289969,220430,54084,15455,69239,14876,199343,-80919,31903,-161706,2890,-2176,5848,3249,16460,-16,0,164997,42641,74893,97918,0,10548,-87370,954,1665,-1534,823,3678579,-972,23076,1,3366514,666139,104921,5772,176820,-676317,12626,4646810,1581642,1781347,137515,9243,141658,0,0,1007335,-11930,-967277,-873980,128676441,1984392,1051591,661910,270891,126692049,6055517,34167751,387557,12456994,8732235,2210724,10380241,32071278,39792680,26355191,1147001,7069448,1072126,186258,27398,1444008,32376,2458874,7837296,6767528,128676441,127647765,27423589,14609024,10066466,3966981,575577,5137847,40914416,11131446,4765920,19562556,1445673,247197,41772,1024268,90334,2458874,33876,112500,34923885,4639004,1028676
2021:Q1,433852,66051,367801,244742,15881,107178,63094,107178,-44084,63094,23917,4953,51108,51108,47408,51108,3700,9310,75361,66051,38098,38098,2383943,823063,1384305,77008,570007,274440,45554,417296,-11003,8362,-29144,73362,-82858,-35214,4950,-729,10654,93,67248,157225,21991,2211377,1085098,141255,140067,-23339,24527,19269,557987,238405,214078,100863,-9991,4894,-563,1737,3445,67248,93,-62222,79732,328036,172565,121433,0,-13035,-134468,25053,19790,10897,-5634,600866,-806,-1149184,0,1432310,229232,27923,1260,63834,-125008,121304,2106219,1033653,607881,45929,1348,89825,0,0,331533,-3950,-1480301,-1311460,131797521,2018755,1070496,674294,273965,129778766,6877774,34468872,530851,12588463,8841027,2234275,10274256,32059060,41553341,27758357,1220363,7215822,1064835,192468,26669,1514916,32469,2527442,7909061,6910659,131797521,132080305,28508687,14749640,10206533,3943003,600104,5157116,43246102,12403501,4979998,20271300,1481611,253439,41209,1109576,93779,2527442,33969,50278,35389670,5029090,-282784
2021:Q2,452249,67463,384786,248275,15483,121028,69805,121028,-51223,69805,27357,5696,36933,36933,33233,36933,3700,10105,77568,67463,23129,23129,1380151,-313051,440573,-39553,237704,48455,45351,148616,944843,-79684,-34106,25137,-98250,-22445,6658,-863,17569,350,26266,145368,242102,1301371,-321207,235244,181114,132605,-78475,902314,304389,225821,35399,51053,-35812,6054,-334,2896,4196,26266,-1150,-10000,72798,107833,78780,102310,0,46659,-55651,36615,35589,2040,-1014,2649600,279,449381,0,1954326,459523,51207,6180,88466,-391245,31484,2839525,852362,1137393,81154,10013,71692,0,0,712121,-25210,-153310,-17766,136643844,2065475,1105169,677877,282429,134578369,6597820,35337065,488844,12958414,8931097,2305980,10652730,33570762,44021099,29668577,1245500,7577095,1093597,205306,25806,1617371,32819,2555028,7716254,7335369,136643844,136944394,28187480,15299880,10387647,4390604,521629,6163998,45698168,13481681,5015397,21459746,1526953,269506,40875,1177910,97975,2555028,32819,40278,36230124,5364744,-300550
2021:Q3,457946,69502,388444,243791,15198,129454,56693,129454,-72761,56693,33482,8629,15703,15703,-10658,15703,26361,5768,75270,69502,-16426,-16426,1844407,305933,306178,1151,-168871,221690,45740,206468,925925,38464,-19329,60893,-59821,-8766,12408,-992,19654,270,34147,171870,96038,1729694,297186,158212,128751,49318,-19857,735013,255475,144112,3828,60580,-11102,14797,-863,21477,1648,34147,270,-13419,167089,116719,114713,143962,-430,13253,-131139,59596,42945,16689,-38,-385273,1283,-181214,0,-302894,-49559,11959,1013,-26114,38634,121620,-128645,109818,-145395,14924,1653,-22023,0,0,-70924,-16698,-197032,-63728,138184409,2130409,1146377,693853,290179,136054000,6905035,35414029,441901,12749718,9125335,2329224,10767851,34495735,43691708,29346354,1306393,7467715,1096790,218727,24814,1607331,33089,2590495,7994632,7552861,138184409,138548687,28484666,15457723,10516398,4439553,501772,6899011,45907682,13735607,5019225,21374931,1530775,285956,40012,1171110,99623,2590495,33089,26859,36382840,5416765,-364278
2021:Q4,478267,71443,406824,253807,18482,134534,60262,134534,-74273,60262,40339,11172,-9432,-9432,-13132,-9432,3700,2911,74353,71443,-16043,-16043,1913599,-266517,1027580,-46041,725302,45252,40021,263046,1292062,-193994,-101791,42341,-143811,-8168,23018,251,22198,788,-28820,-35400,89868,1814767,651573,204145,162978,51125,-9958,353523,423407,223062,186230,5189,11276,24320,857,-375,6481,-28820,788,-5601,86696,95423,98831,110064,0,-4810,-114874,99678,80460,17398,1820,1762320,-1545,-143421,0,2121514,310566,17807,1064,69285,-435442,-177510,2490743,1010999,828641,38262,1783,94963,0,0,547806,-31711,-628745,-531813,142142876,2232998,1225198,709307,298493,139909878,6639520,36298611,429043,13465519,9100302,2376396,10927351,35806868,46103165,31450365,1351921,7634470,1106429,242809,25065,1695234,33877,2562995,7574953,7486761,142142876,143038967,29136239,15661543,10679376,4490353,491814,7258858,48384998,15053863,5205455,22208761,1580313,312059,40869,1259444,106104,2562995,33877,21258,37074908,5522421,-896091
2022:Q1,480568,73071,407497,255952,20648,130897,49499,130897,-81399,49499,30239,10766,30342,30342,30342,30342,0,3936,77007,73071,26407,26407,1398001,-91247,737284,65424,221871,152065,-4938,302862,516514,-34479,-38170,-62184,-48710,97943,9510,1059,31319,447,-25693,167403,102526,1276716,616964,382903,228048,39420,115435,35505,-93045,138431,-114748,-102724,5048,7660,1462,8243,-11170,-25693,447,-1,153465,180924,121285,70784,0,-24095,-94879,67645,59447,9965,-1766,-3896598,33,-2034035,0,-1834260,-483847,-23414,-3409,-135256,346446,271145,-2771875,-517417,-1407912,-39378,-5808,-52806,0,0,-751942,3389,-1057078,-955952,139279724,2304579,1283657,715290,305632,136975145,6558306,35001860,494697,13104565,8790783,2226031,10385784,36322561,43569454,29577935,1289737,7101913,1180958,248910,26124,1562064,34324,2547489,7673177,7849787,139279724,141131767,29753203,16044178,10907424,4529505,607249,7294363,46249019,14674873,5090707,20698125,1545983,313911,42331,1185085,94934,2547489,34324,21257,36084271,5706733,-1852043
2022:Q2,479304,74729,404575,250981,21025,132569,88543,132569,-44027,88543,29968,21754,36435,36435,43989,36435,-7554,3663,78393,74729,40327,40327,66574,-580153,-268893,35300,-248113,-39623,-34641,18185,1195332,-274361,-70978,-83330,-43862,-74929,3019,6238,9252,595,-20366,172441,-177793,-66535,-755561,301091,268319,-11853,44625,533182,-219824,111111,-58268,-277892,-847,294,6145,23764,-1043,-20366,595,-3317,167135,-92558,133109,127382,0,34599,-92783,79379,64575,12918,1887,-6504964,-1102,-1574683,0,-4493120,-928257,-68953,-8064,-263036,612171,220080,-6588150,-2107865,-2660637,-90451,-13003,-212173,0,0,-1510989,6968,162565,333936,132546789,2387621,1347394,723783,316444,130159168,5977052,33158285,530688,12411742,8445371,2103974,9666510,37516961,37514617,25013837,1206407,6129794,1037076,243865,32362,1279047,34919,2537310,8100824,7891430,132546789,134064896,28997642,16345018,11175743,4517401,651874,7827545,40925453,12678115,5032439,17759596,1454685,301202,48476,966880,93891,2537310,34919,17940,34348095,5621143,-1518107
2022:Q3,489664,76556,413108,257850,21089,134169,102000,134169,-32169,102000,33003,21772,48480,48480,22251,48480,26230,3891,80447,76556,18359,18359,485357,-106034,-118019,-4875,-293501,-3955,-20694,205006,928533,-59476,-23227,-36722,-40500,-25723,27796,4985,24424,143,9348,118507,-278154,457802,-358573,175508,247352,-72762,918,265902,57476,91898,51803,-161581,-14366,43105,5822,27695,3609,9348,143,0,187998,129491,27555,11463,-1518,3785,-9196,75017,63004,9255,2758,-2948816,-218,-1484926,0,-1428316,-332223,-10957,-5550,-124078,277854,159598,-2171138,-557691,-980913,-32037,-8921,-76999,0,0,-517663,3087,-702662,-668948,129752145,2465011,1408949,727791,328271,127287134,5870800,31555340,526373,11635172,8063339,1993393,9337063,38444616,35509971,23537294,1169685,5757071,1000396,266111,37347,1150160,35062,2556845,8109178,7797230,129752145,131939200,28639069,16520263,11423095,4444376,652792,8093447,39306755,12212318,5084242,16617102,1408282,335386,54298,887780,97500,2556845,35062,17940,33625946,5753720,-2187055
2022:Q4,481942,77876,404066,255912,20978,127177,82897,127177,-44280,82897,35537,24628,15,15,-1986,15,2000,4566,82442,77876,-6552,-6552,266695,-125059,-463527,8665,-374318,-36316,-46237,-15321,981716,-155154,8329,-48282,-76327,-64793,17458,6659,2962,-48,-1112,-10420,39139,254227,-493828,401056,235663,143896,21497,271403,35821,209730,138819,-255866,-121212,23024,6528,26237,12261,-1112,-48,-2540,101465,-61690,12468,-40529,0,-59548,-19020,43263,37453,8014,-2204,2308575,1351,386329,0,1806704,343191,35344,488,141875,-274549,-132158,2508281,868549,972117,72013,1325,88104,0,0,537278,-31105,-156443,-198957,131903164,2512840,1446113,731335,335392,129390324,5747092,31478141,534391,11290348,8105233,1986705,9561464,39281452,37688373,25377327,1121403,6023935,970947,284057,44006,1265764,35014,2565920,7372699,7822567,131903164,134289176,28145241,16921046,11658758,4587999,674289,8364850,41325071,13290593,5223061,17333353,1359083,359735,60826,972325,109761,2565920,35014,15400,33872043,5660925,-2386012
2023:Q1,494464,79685,414779,258739,22276,133765,84683,133765,-49082,84683,32220,22154,56326,56326,92326,56326,-36000,6372,86057,79685,85954,85954,2246916,802852,93634,-26664,-169947,242241,-25218,73222,971246,-13498,-157062,44296,36522,-16030,2129,9356,24622,403,42266,242396,150287,2080501,246557,357453,362812,15548,-20907,609843,526194,47018,469506,-34055,-34860,6401,11560,9916,8039,42266,403,0,236042,104412,166415,163177,0,82716,-80461,29546,14608,10462,4476,2201273,90,646198,0,1482986,315060,26596,2757,100029,-311897,-60546,1356623,-70845,866919,48688,4433,9632,0,0,532632,-34836,874196,1129698,136517204,2548757,1459777,740240,348740,133968447,6550113,32237894,507638,11365126,8489254,1990551,9885325,40251859,39543447,26628251,1165699,6375517,981513,288943,53362,1407390,35417,2607355,7419586,7965549,136517204,137773518,28391798,17278216,12021570,4603264,653382,8974693,42708804,13266763,5692567,18166217,1372911,370569,72386,991419,117800,2607355,35417,15400,34689506,5730501,-1256314
2023:Q2,489700,80402,409298,263108,22361,123830,70357,123830,-53473,70357,31256,24472,14235,14235,18235,14235,-4000,8925,89326,80402,9310,9310,-117519,-145268,5285,-18938,-9902,-18194,-8988,61307,-38238,-97227,-41225,-7871,-34561,-29090,15428,-5792,20054,213,-14383,112153,45776,-144431,-88436,-39853,-67173,4494,22826,-534253,239269,113218,224784,-72338,-33384,21346,-5255,4785,2283,-14383,213,-2000,199686,79156,26912,36472,0,18869,-17603,-10552,-6322,-1768,-2463,1438769,-655,-351073,0,1624617,278255,27321,289,36109,-215705,39611,1828191,516645,756660,40879,337,42131,0,0,495095,-23556,-399975,-345268,137994922,2547130,1453006,738078,356046,135447792,6404482,31983315,580797,11201117,8386928,1973054,9841419,40212796,41428955,28221643,1157828,6609211,979744,304660,47570,1480528,35630,2592141,7369070,8049175,137994922,139596504,28303362,17238078,11954397,4607473,676208,8440440,44303437,13896623,5917351,18850539,1380406,392252,67131,1037881,120083,2592141,35630,13400,35433586,5877601,-1601582
2023:Q3,499615,81484,418131,268373,21465,128293,93809,128293,-34484,93809,31182,30002,34097,34097,40008,34097,-5911,9366,90850,81484,30643,30643,268842,-68010,421193,-8721,536770,-143061,-20749,56954,-143338,-96529,-110372,-3726,-34063,-22594,15006,-2351,12667,315,48589,139741,15785,235333,129015,-15071,-35174,-3264,23367,-619079,296781,109397,225611,-88186,-20700,20546,-2127,1711,889,48589,315,736,152635,291052,33510,10601,0,7734,-2867,-16686,-17158,2300,-1827,-2014550,-567,-984745,0,-1069397,-229309,7251,-1184,-92863,173177,183087,-1372167,-283512,-655761,-159,-2371,-48530,0,0,-378854,-2980,-659069,-608460,136234598,2539810,1435439,739879,364492,133694788,6335124,31419750,572381,11410565,7996151,1872858,9567795,40067945,39942583,27041874,1154102,6345839,964401,318482,45219,1417307,35945,2619414,7726536,8202851,136234598,138444640,28432377,17219783,11919223,4600985,699575,7821361,43563728,13698121,6142962,18106592,1359547,410427,65004,990608,120972,2619414,35945,14136,35257176,6150215,-2210042
2023:Q4,512802,82494,430308,269476,22885,137947,109425,137947,-28523,109425,31494,37632,13205,13205,13205,13205,0,10572,93066,82494,2632,2632,956391,106932,389056,49456,421744,-13713,-21654,-46778,323135,-71769,-50614,21814,-10466,-55331,20165,-533,21142,120,-18066,-63802,272840,1014860,435589,188414,36576,169618,-17780,-402059,339001,263850,214589,-116245,-42822,32917,-106,8643,2857,-18066,120,-6736,108988,344927,-58469,-28233,0,32868,61101,7575,9995,-619,-1802,4439572,662,1463868,1,2901922,578070,50738,5333,141587,-508807,-193801,4218131,1472669,1609319,91525,8831,88376,0,0,998115,-50705,229017,213988,141725516,2557957,1445308,738901,373748,139167559,6435759,33272308,621398,12261238,8346607,1956824,10086241,40387996,43562340,29893182,1175916,6913443,959808,343980,44686,1597011,36065,2598249,7201081,8308076,141725516,143721570,28867966,17405762,11955799,4768168,681795,7419302,47169892,15434636,6357551,19599666,1408250,452175,64898,1087173,123829,2598249,36065,7400,36414598,6444050,-1996054
2024:Q1,522946,83428,439519,272796,23590,143132,108259,143132,-34873,108259,34111,31739,73127,73127,73127,73127,0,11136,94563,83428,61992,61992,852738,243152,654179,752,383214,-6245,-7207,283665,-181203,-223270,-135300,-27613,-65160,-21920,2127,-1517,28142,292,-2321,24036,335845,774000,480238,69080,-2086,58936,12230,-243407,283283,191883,83149,16864,-25183,2891,-1627,12624,4711,-2321,292,0,177226,7580,78737,19926,0,3180,-16746,2342,-1001,4688,-1346,2524148,-534,-293261,0,2873522,443094,52225,399,106866,-639365,-18800,3338330,1198625,1214200,81866,371,99185,0,0,756955,-12872,-811841,-718788,145130661,2571434,1443877,746489,381068,142559227,6678512,33633090,622549,12536736,8242704,1935578,10295523,40205862,46821250,32631404,1148303,7291377,990113,346506,43169,1741361,36357,2592660,6595940,8624573,145130661,147845503,29348204,17474535,11953713,4826797,694025,7175895,50045618,16825144,6440700,20830730,1464933,455437,63271,1200446,128540,2592660,36357,7400,37362493,6438758,-2714842
2024:Q2,530005,85189,444816,276863,23888,144065,125534,144065,-18531,125534,34880,36454,53426,53426,53426,53426,0,12565,97755,85189,40861,40861,222878,-326936,62573,-44183,-130630,41602,1795,193989,632643,-176044,-174237,18368,-33189,-12777,10024,840,-214,151,14990,164312,-133669,155581,-516160,92340,83526,1197,7617,238377,180570,167846,107652,-79026,-55026,16457,1494,8945,-513,14990,151,-2400,161052,-598,67297,40998,0,14562,-26436,19308,13854,1338,4116,504273,-501,-123278,24,584199,91937,15766,-1396,-10267,-76364,24153,622176,192247,242942,28057,-2297,-15967,0,0,188574,-11380,-98595,-4171,145916998,2603307,1457194,751384,394729,143313691,6351052,33573451,579644,12376475,8275662,1934404,10407266,40837545,47331519,33041366,1166671,7350125,993102,355134,44009,1740222,36508,2604382,6705616,8514509,145916998,148636011,28832044,17566552,12037239,4827671,701642,7414272,50669366,17185237,6548352,20994646,1437964,469597,64765,1194888,128027,2604382,36508,5000,37725997,6427780,-2719013
2024:Q3,532986,87321,445664,280545,24193,140927,122417,140927,-18511,122417,35244,37928,50881,50881,39574,50881,11306,13009,100330,87321,26565,26565,1350256,-165191,498252,13928,327673,58335,9459,88857,614004,-54776,-97179,45630,-53521,-5602,5339,-958,-8711,148,60078,151053,306914,1343521,94914,345247,80260,231691,33296,2473,598492,304807,290702,-71504,-17906,6235,-1080,23162,3850,60078,148,0,143198,159197,6735,-16364,0,3467,19831,11375,4956,1675,4744,3128462,940,1141073,80,1937159,388378,38498,4263,77574,-372559,-86943,3113560,1198770,1104965,72965,7002,93989,0,0,668080,-32211,26277,49488,150435478,2627691,1461368,756936,409387,147807787,6160639,35212198,592836,13054889,8629718,1975039,10959716,41491420,49728689,34881346,1212301,7684982,1025998,364736,43051,1818427,36656,2661192,6495035,8719806,150435478,153105003,28926958,17911470,12117499,5059033,734938,7416745,53743745,18688814,6839054,22028107,1493023,482834,63685,1313503,131877,2661192,36656,5000,38551319,6554766,-2669525
2024:Q4,549285,88882,460403,285168,24444,150791,169269,150791,18479,169269,35906,34811,66976,66976,53490,66976,13486,12471,101353,88882,41020,41020,1013275,-183009,555238,-1410,454932,13537,12720,75459,497507,104289,74331,56435,-30716,-21937,19809,-127,-3511,526,9479,13670,25581,991942,80020,88540,136624,-24321,-23763,-228346,873191,411954,404126,-35137,35734,27420,459,11446,8723,9479,526,-1539,129015,49522,21333,-8295,-785,12177,19687,9215,9012,-802,1005,-1027099,-2918,-989893,-27,18382,-93370,22249,-3262,-121056,43634,99162,-23549,316383,-308260,17375,-5008,-13757,0,0,-35264,4983,-994335,-949139,150466798,2648592,1468886,759102,420604,147818206,5973168,34781211,592423,13184204,8393358,1943673,10667553,41985627,49661995,34974059,1268736,7560896,1026310,381283,42924,1703202,37182,2667403,6572205,8844000,150466798,154085462,29006978,17999672,12254123,5034374,711175,7188399,54621865,19417151,7243180,21684710,1546132,505246,64144,1312656,140600,2667403,37182,3461,38659278,6609270,-3618664
2025:Q1,559338,89400,469939,295371,24609,149959,152586,149959,2627,152586,38437,34244,114968,114968,88004,114968,26964,16456,105856,89400,71548,71548,1604012,346761,363126,78853,-115659,148738,6994,244200,688375,89811,59373,29283,-70600,-5113,4556,-1514,-3999,254,77571,285720,-169780,1486799,347952,216592,21647,164049,30896,433182,374359,271486,154725,-125055,-18064,5324,-1727,-1700,11545,77571,254,0,84959,29755,117213,50147,0,4482,-45665,-3163,3617,334,-7114,-666937,496,467216,38,-1433003,-143809,9801,1411,62832,369519,-1437,-751662,-55688,-380613,19140,2261,1154,0,0,-324678,-13238,81562,219713,151414465,2661885,1471526,764921,425438,148752580,6315679,35612481,670186,13279979,8680218,1931279,11050819,42673059,48256994,33600429,1298019,7346487,1030998,387250,41410,1782084,37436,2732881,7226045,8668323,151414465,154813416,29354930,18215912,12275770,5198071,742071,7621581,54578492,19632949,7397905,21179042,1547208,512831,62417,1320217,152145,2732881,37436,3461,38419559,6622942,-3398951
2025:Q2,567106,90098,477009,291762,27131,158116,152769,158116,-5347,152769,38928,35969,76966,76966,76381,76966,585,18795,108893,90098,57586,57586,1314379,-108937,141661,49148,-137502,127574,19073,83368,755923,-76418,-37696,17972,-61117,-16877,2822,2298,24568,1319,-9707,196268,405883,1224483,7983,313657,139151,119894,54612,325485,141465,221203,83327,-143326,-22949,4577,2506,4985,962,-9707,1319,-1432,113069,322824,89896,28215,0,-4094,-32309,-9650,-4174,5282,-10758,3941556,934,107197,-411,3495372,589307,56701,2008,197270,-501927,-4895,4117301,1293928,1650093,98586,2879,67765,0,0,1016291,-12241,-185394,-80798,156671576,2671030,1466146,776728,428156,154000546,6207208,35857330,715072,13148089,8837913,1937618,11218638,43436932,52533666,37058105,1315991,7874677,1070822,392080,43708,2023971,38755,2715557,6922274,9043137,156671576,160151325,29362913,18529204,12414921,5317600,796683,7947066,57833698,21148080,7481232,22685809,1622845,520287,64923,1401074,153107,2715557,38755,2029,39548919,6929525,-3479749
2025:Q3,588300,93287,495013,297303,28224,169487,191620,169487,22134,191620,38756,38885,115814,115814,115229,115814,585,19629,112916,93287,95600,95600,1015187,-64938,1022596,-47772,861399,507,21101,187361,279915,-480422,-218981,64672,-330463,-14433,-2882,-2112,-2866,211,26432,-162998,421035,907244,515924,101577,21642,62368,17567,-396775,262603,353071,292822,-388617,-19711,-5740,-1915,478,4901,26432,211,671,71763,352152,107944,27284,0,14941,-12343,25451,11862,9624,3966,3128976,-549,358459,-7,2622230,415978,53783,1426,105349,-376467,-51227,3329822,1230029,1176245,94052,2687,50864,0,0,777370,-1426,-175395,-32881,160875866,2716110,1476529,793226,446355,158159756,6141721,37238384,667489,14094694,8927753,1986541,11561907,43715550,55264442,39461354,1380663,7960192,1110172,390624,41596,2146503,38966,2734372,6390140,9409519,160875866,164388496,29878837,18630397,12436563,5379584,814250,7550291,60650668,22731180,7774054,23473437,1697186,517234,63008,1460523,158008,2734372,38966,2700,40398052,7280251,-3512630
2025:Q4,601722,96257,505465,299770,29162,176533,242545,176533,66012,242545,42085,36968,127505,127505,126946,127505,559,19401,115658,96257,107545,107545,1903113,54835,675899,5569,480496,-9826,34527,165133,1352717,82835,66744,61710,-66482,732,23172,-630,7041,186,-9638,-224231,-38941,1795534,479392,22908,29323,-19412,12997,231365,872807,539054,416181,-130750,20498,25832,-119,460,12982,-9638,186,-1879,92226,96836,107580,7350,0,7316,-34,25517,18868,5102,1547,857721,-2145,-7222,14,799767,104490,42288,-1081,90027,-217795,49378,995031,378586,292721,60126,-1815,27263,0,0,211027,27123,-111793,22503,163689025,2761027,1493601,805087,462339,160927998,6194411,37907061,673191,14574950,8950502,2025107,11683311,45067294,56395200,40327865,1442373,7998200,1153192,412715,40966,2263620,39152,2717117,5947502,9416531,163689025,167179152,30358229,18652906,12465886,5359773,827247,7781656,62280846,23648820,8190235,23635408,1777810,541251,62889,1496353,170990,2717117,39152,821,40701305,7404210,-3490127
2026:Q1,610705,97701,513004,308774,29113,175117,236216,175117,61100,236216,41146,36993,197722,197722,197137,197722,585,23387,121063,97701,173751,173751,2056965,161921,1109456,25884,463549,141196,32728,446099,362526,5015,10904,14654,-96644,14210,-15490,2730,29446,498,44707,101587,316462,1843542,610421,155479,73970,117613,-36104,343307,474894,397839,99334,-82622,4785,-19748,2678,17864,9559,44707,498,0,85837,173604,213423,67994,0,28322,-39672,5308,12360,5953,-13005,-1361180,-190,-236376,-43,-1236795,-188329,4282,-5698,-45675,206781,140863,-1911589,-1026987,-527909,18024,-8390,-5767,0,0,-399397,38837,555717,820848,164441406,2789721,1504151,819975,465595,161651685,6356141,38780141,699264,14994414,9065643,2042352,11978468,45428530,54928000,39101974,1457027,7713227,1171684,391527,43696,2247391,39650,2761824,6285018,9873854,164441406,167110685,30968650,18807965,12539856,5476966,791143,8124963,61204711,23019672,8289569,23024877,1800619,513113,65567,1508450,180549,2761824,39650,821,40387745,7616651,-2669279
2026:Q2,632420,100950,531470,316046,29353,186071,299794,186071,113724,299794,42011,36121,220458,220458,219874,220458,585,24960,125882,100950,194914,194914,2197710,40225,459489,-38492,-3225,103948,40741,356517,939770,45016,30361,60238,-77492,11381,-828,3383,14804,1299,1870,61323,651887,2047382,151330,336455,201590,107929,26936,392251,600156,542443,151805,-134984,13120,-840,4097,7311,13356,1870,1299,679,118045,449145,150327,-46484,0,-1897,44587,17381,14416,8006,-5041,6008886,-117,-18722,-26,5696075,829594,126489,-854,201092,-698181,-76214,6897886,2631733,2429760,194288,-918,80962,0,-50250,1562806,49505,-871619,-698229,172687998,2832061,1516532,838148,477381,169855937,6396249,39220908,660772,14952313,9141277,2089616,12376930,46366980,61775162,44828410,1517265,8465329,1309554,389845,47079,2463287,40949,2713444,5647110,10449528,172687998,176055506,31119980,19143973,12741446,5584448,818079,8517214,67090442,26193848,8441374,25319653,2008027,511355,69664,1596723,193905,2713444,40949,1500,42068596,8115301,-3367508
