ticker,issuer_name_in_filing,issuer_cik,form_type,filing_date,event_date_or_date_of_event,reporting_person_name,shares_beneficially_owned,percent_of_class,type_of_reporting_person,citizenship_or_organization,securities_class_title,accession_number,source_url
SPCX,Space Exploration Technologies Corp.,1181412,SCHEDULE 13G,2026-08-14,06/30/2026,"The Founders Fund II, LP",155393350.00,2.0,PN,DE,"Class A Common Stock, par value $0.001 per share",0001426012-26-000004,https://www.sec.gov/Archives/edgar/data/1181412/000142601226000004/primary_doc.xml
SPCX,Space Exploration Technologies Corp.,1181412,SCHEDULE 13G,2026-08-14,06/30/2026,"The Founders Fund II Principals Fund, LP",11267600.00,0.1,PN,DE,"Class A Common Stock, par value $0.001 per share",0001426012-26-000004,https://www.sec.gov/Archives/edgar/data/1181412/000142601226000004/primary_doc.xml
SPCX,Space Exploration Technologies Corp.,1181412,SCHEDULE 13G,2026-08-14,06/30/2026,"The Founders Fund II Entrepreneurs Fund, LP",8491750.00,0.1,PN,DE,"Class A Common Stock, par value $0.001 per share",0001426012-26-000004,https://www.sec.gov/Archives/edgar/data/1181412/000142601226000004/primary_doc.xml
SPCX,Space Exploration Technologies Corp.,1181412,SCHEDULE 13G,2026-08-14,06/30/2026,"The Founders Fund II Management, LLC",175152700.00,2.3,OO,DE,"Class A Common Stock, par value $0.001 per share",0001426012-26-000004,https://www.sec.gov/Archives/edgar/data/1181412/000142601226000004/primary_doc.xml
SPCX,Space Exploration Technologies Corp.,1181412,SCHEDULE 13G,2026-08-14,06/30/2026,"The Founders Fund III, LP",23177000.00,0.3,PN,DE,"Class A Common Stock, par value $0.001 per share",0001426012-26-000004,https://www.sec.gov/Archives/edgar/data/1181412/000142601226000004/primary_doc.xml
SPCX,Space Exploration Technologies Corp.,1181412,SCHEDULE 13G,2026-08-14,06/30/2026,"The Founders Fund III Principals Fund, LP",12027900.00,0.2,PN,DE,"Class A Common Stock, par value $0.001 per share",0001426012-26-000004,https://www.sec.gov/Archives/edgar/data/1181412/000142601226000004/primary_doc.xml
SPCX,Space Exploration Technologies Corp.,1181412,SCHEDULE 13G,2026-08-14,06/30/2026,"The Founders Fund III Entrepreneurs Fund, LP",490950.00,0.0,PN,DE,"Class A Common Stock, par value $0.001 per share",0001426012-26-000004,https://www.sec.gov/Archives/edgar/data/1181412/000142601226000004/primary_doc.xml
SPCX,Space Exploration Technologies Corp.,1181412,SCHEDULE 13G,2026-08-14,06/30/2026,"The Founders Fund III Management, LLC",35695850.00,0.5,OO,DE,"Class A Common Stock, par value $0.001 per share",0001426012-26-000004,https://www.sec.gov/Archives/edgar/data/1181412/000142601226000004/primary_doc.xml
SPCX,Space Exploration Technologies Corp.,1181412,SCHEDULE 13G,2026-08-14,06/30/2026,"The Founders Fund IV, LP",50546855.00,0.7,PN,DE,"Class A Common Stock, par value $0.001 per share",0001426012-26-000004,https://www.sec.gov/Archives/edgar/data/1181412/000142601226000004/primary_doc.xml
SPCX,Space Exploration Technologies Corp.,1181412,SCHEDULE 13G,2026-08-14,06/30/2026,"The Founders Fund IV Principals Fund, LP",23720115.00,0.3,PN,DE,"Class A Common Stock, par value $0.001 per share",0001426012-26-000004,https://www.sec.gov/Archives/edgar/data/1181412/000142601226000004/primary_doc.xml
SPCX,Space Exploration Technologies Corp.,1181412,SCHEDULE 13G,2026-08-14,06/30/2026,"The Founders Fund IV Management, LLC",74266970.00,1.0,OO,DE,"Class A Common Stock, par value $0.001 per share",0001426012-26-000004,https://www.sec.gov/Archives/edgar/data/1181412/000142601226000004/primary_doc.xml
SPCX,Space Exploration Technologies Corp.,1181412,SCHEDULE 13G,2026-08-14,06/30/2026,"The Founders Fund V, LP",14113325.00,0.2,PN,DE,"Class A Common Stock, par value $0.001 per share",0001426012-26-000004,https://www.sec.gov/Archives/edgar/data/1181412/000142601226000004/primary_doc.xml
SPCX,Space Exploration Technologies Corp.,1181412,SCHEDULE 13G,2026-08-14,06/30/2026,"The Founders Fund V Principals Fund, LP",6425005.00,0.1,PN,DE,"Class A Common Stock, par value $0.001 per share",0001426012-26-000004,https://www.sec.gov/Archives/edgar/data/1181412/000142601226000004/primary_doc.xml
SPCX,Space Exploration Technologies Corp.,1181412,SCHEDULE 13G,2026-08-14,06/30/2026,"The Founders Fund V Entrepreneurs Fund, LP",294720.00,0.0,PN,DE,"Class A Common Stock, par value $0.001 per share",0001426012-26-000004,https://www.sec.gov/Archives/edgar/data/1181412/000142601226000004/primary_doc.xml
SPCX,Space Exploration Technologies Corp.,1181412,SCHEDULE 13G,2026-08-14,06/30/2026,"The Founders Fund V Management, LLC",20833050.00,0.3,OO,DE,"Class A Common Stock, par value $0.001 per share",0001426012-26-000004,https://www.sec.gov/Archives/edgar/data/1181412/000142601226000004/primary_doc.xml
SPCX,Space Exploration Technologies Corp.,1181412,SCHEDULE 13G,2026-08-14,06/30/2026,"Lembas II, LP",52969150.00,0.7,PN,DE,"Class A Common Stock, par value $0.001 per share",0001426012-26-000004,https://www.sec.gov/Archives/edgar/data/1181412/000142601226000004/primary_doc.xml
SPCX,Space Exploration Technologies Corp.,1181412,SCHEDULE 13G,2026-08-14,06/30/2026,"The Founders Fund Alpha Management, LLC",52969150.00,0.7,OO,DE,"Class A Common Stock, par value $0.001 per share",0001426012-26-000004,https://www.sec.gov/Archives/edgar/data/1181412/000142601226000004/primary_doc.xml
SPCX,Space Exploration Technologies Corp.,1181412,SCHEDULE 13G,2026-08-14,06/30/2026,"The Founders Fund Growth II, LP",22839450.00,0.3,PN,DE,"Class A Common Stock, par value $0.001 per share",0001426012-26-000004,https://www.sec.gov/Archives/edgar/data/1181412/000142601226000004/primary_doc.xml
SPCX,Space Exploration Technologies Corp.,1181412,SCHEDULE 13G,2026-08-14,06/30/2026,"The Founders Fund Growth II Management, LP",22839450.00,0.3,PN,DE,"Class A Common Stock, par value $0.001 per share",0001426012-26-000004,https://www.sec.gov/Archives/edgar/data/1181412/000142601226000004/primary_doc.xml
SPCX,Space Exploration Technologies Corp.,1181412,SCHEDULE 13G,2026-08-14,06/30/2026,"FF GP Holdings, LLC",20381610.00,0.3,OO,DE,"Class A Common Stock, par value $0.001 per share",0001426012-26-000004,https://www.sec.gov/Archives/edgar/data/1181412/000142601226000004/primary_doc.xml
SPCX,Space Exploration Technologies Corp.,1181412,SCHEDULE 13G,2026-08-14,06/30/2026,"FF Upper Tier GP, LLC",43221060.00,0.6,OO,DE,"Class A Common Stock, par value $0.001 per share",0001426012-26-000004,https://www.sec.gov/Archives/edgar/data/1181412/000142601226000004/primary_doc.xml
SPCX,Space Exploration Technologies Corp.,1181412,SCHEDULE 13G,2026-08-14,06/30/2026,"The Founders Fund Growth, LP",7197300.00,0.1,PN,DE,"Class A Common Stock, par value $0.001 per share",0001426012-26-000004,https://www.sec.gov/Archives/edgar/data/1181412/000142601226000004/primary_doc.xml
SPCX,Space Exploration Technologies Corp.,1181412,SCHEDULE 13G,2026-08-14,06/30/2026,"The Founders Fund Growth Principals Fund, LP",464250.00,0.0,PN,DE,"Class A Common Stock, par value $0.001 per share",0001426012-26-000004,https://www.sec.gov/Archives/edgar/data/1181412/000142601226000004/primary_doc.xml
SPCX,Space Exploration Technologies Corp.,1181412,SCHEDULE 13G,2026-08-14,06/30/2026,"Founders SPC, LP",58950.00,0.0,PN,DE,"Class A Common Stock, par value $0.001 per share",0001426012-26-000004,https://www.sec.gov/Archives/edgar/data/1181412/000142601226000004/primary_doc.xml
SPCX,Space Exploration Technologies Corp.,1181412,SCHEDULE 13G,2026-08-14,06/30/2026,"The Founders Fund Growth Management, LLC",7720500.00,0.1,OO,DE,"Class A Common Stock, par value $0.001 per share",0001426012-26-000004,https://www.sec.gov/Archives/edgar/data/1181412/000142601226000004/primary_doc.xml
SPCX,Space Exploration Technologies Corp.,1181412,SCHEDULE 13G,2026-08-14,06/30/2026,2025-005 Investments LLC,1352260.00,0.0,OO,DE,"Class A Common Stock, par value $0.001 per share",0001426012-26-000004,https://www.sec.gov/Archives/edgar/data/1181412/000142601226000004/primary_doc.xml
SPCX,Space Exploration Technologies Corp.,1181412,SCHEDULE 13G,2026-08-14,06/30/2026,I'll Be Seeing You LLC,12345650.00,0.2,OO,DE,"Class A Common Stock, par value $0.001 per share",0001426012-26-000004,https://www.sec.gov/Archives/edgar/data/1181412/000142601226000004/primary_doc.xml
SPCX,Space Exploration Technologies Corp.,1181412,SCHEDULE 13G,2026-08-14,06/30/2026,Barrel Vault LLC,3748835.00,0.0,OO,DE,"Class A Common Stock, par value $0.001 per share",0001426012-26-000004,https://www.sec.gov/Archives/edgar/data/1181412/000142601226000004/primary_doc.xml
SPCX,Space Exploration Technologies Corp.,1181412,SCHEDULE 13G,2026-08-14,06/30/2026,Peter  Thiel,427306025.00,5.5,IN,X1,"Class A Common Stock, par value $0.001 per share",0001426012-26-000004,https://www.sec.gov/Archives/edgar/data/1181412/000142601226000004/primary_doc.xml
SPCX,Space Exploration Technologies Corp.,1181412,SCHEDULE 13G,2026-08-14,06/30/2026,"The Founders Fund II, LP",,"Row 11 of each Reporting Person's cover page to this Schedule 13G sets forth the percentages of the shares of Class A common stock of the Issuer beneficially owned by such Reporting Person as of June 30, 2026 and is incorporated by reference. These percentages are based upon 7,696,293,669 shares of Class A common stock outstanding as of July 28, 2026, as reported in the Issuer's Quarterly Report on Form 10-Q, filed with the Securities and Exchange Commission (the ""SEC"") on August 4, 2026.

Collectively, the Reporting Persons beneficially owned 5.5% of the Issuer's outstanding Class A common stock as of June 30, 2026.",,,"Class A Common Stock, par value $0.001 per share",0001426012-26-000004,https://www.sec.gov/Archives/edgar/data/1181412/000142601226000004/primary_doc.xml
SPCX,Space Exploration Technologies Corp.,1181412,SCHEDULE 13G,2026-08-14,06/30/2026,"The Founders Fund II Principals Fund, LP",,,,,"Class A Common Stock, par value $0.001 per share",0001426012-26-000004,https://www.sec.gov/Archives/edgar/data/1181412/000142601226000004/primary_doc.xml
SPCX,Space Exploration Technologies Corp.,1181412,SCHEDULE 13G,2026-08-14,06/30/2026,"The Founders Fund II Entrepreneurs Fund, LP",,,,,"Class A Common Stock, par value $0.001 per share",0001426012-26-000004,https://www.sec.gov/Archives/edgar/data/1181412/000142601226000004/primary_doc.xml
SPCX,Space Exploration Technologies Corp.,1181412,SCHEDULE 13G,2026-08-14,06/30/2026,"The Founders Fund II Management, LLC",,,,,"Class A Common Stock, par value $0.001 per share",0001426012-26-000004,https://www.sec.gov/Archives/edgar/data/1181412/000142601226000004/primary_doc.xml
SPCX,Space Exploration Technologies Corp.,1181412,SCHEDULE 13G,2026-08-14,06/30/2026,"The Founders Fund III, LP",,,,,"Class A Common Stock, par value $0.001 per share",0001426012-26-000004,https://www.sec.gov/Archives/edgar/data/1181412/000142601226000004/primary_doc.xml
SPCX,Space Exploration Technologies Corp.,1181412,SCHEDULE 13G,2026-08-14,06/30/2026,"The Founders Fund III Principals Fund, LP",,,,,"Class A Common Stock, par value $0.001 per share",0001426012-26-000004,https://www.sec.gov/Archives/edgar/data/1181412/000142601226000004/primary_doc.xml
SPCX,Space Exploration Technologies Corp.,1181412,SCHEDULE 13G,2026-08-14,06/30/2026,"The Founders Fund III Entrepreneurs Fund, LP",,,,,"Class A Common Stock, par value $0.001 per share",0001426012-26-000004,https://www.sec.gov/Archives/edgar/data/1181412/000142601226000004/primary_doc.xml
SPCX,Space Exploration Technologies Corp.,1181412,SCHEDULE 13G,2026-08-14,06/30/2026,"The Founders Fund III Management, LLC",,,,,"Class A Common Stock, par value $0.001 per share",0001426012-26-000004,https://www.sec.gov/Archives/edgar/data/1181412/000142601226000004/primary_doc.xml
SPCX,Space Exploration Technologies Corp.,1181412,SCHEDULE 13G,2026-08-14,06/30/2026,"The Founders Fund IV, LP",,,,,"Class A Common Stock, par value $0.001 per share",0001426012-26-000004,https://www.sec.gov/Archives/edgar/data/1181412/000142601226000004/primary_doc.xml
SPCX,Space Exploration Technologies Corp.,1181412,SCHEDULE 13G,2026-08-14,06/30/2026,"The Founders Fund IV Principals Fund, LP",,,,,"Class A Common Stock, par value $0.001 per share",0001426012-26-000004,https://www.sec.gov/Archives/edgar/data/1181412/000142601226000004/primary_doc.xml
SPCX,Space Exploration Technologies Corp.,1181412,SCHEDULE 13G,2026-08-14,06/30/2026,"The Founders Fund IV Management, LLC",,,,,"Class A Common Stock, par value $0.001 per share",0001426012-26-000004,https://www.sec.gov/Archives/edgar/data/1181412/000142601226000004/primary_doc.xml
SPCX,Space Exploration Technologies Corp.,1181412,SCHEDULE 13G,2026-08-14,06/30/2026,"The Founders Fund V, LP",,,,,"Class A Common Stock, par value $0.001 per share",0001426012-26-000004,https://www.sec.gov/Archives/edgar/data/1181412/000142601226000004/primary_doc.xml
SPCX,Space Exploration Technologies Corp.,1181412,SCHEDULE 13G,2026-08-14,06/30/2026,"The Founders Fund V Principals Fund, LP",,,,,"Class A Common Stock, par value $0.001 per share",0001426012-26-000004,https://www.sec.gov/Archives/edgar/data/1181412/000142601226000004/primary_doc.xml
SPCX,Space Exploration Technologies Corp.,1181412,SCHEDULE 13G,2026-08-14,06/30/2026,"The Founders Fund V Entrepreneurs Fund, LP",,,,,"Class A Common Stock, par value $0.001 per share",0001426012-26-000004,https://www.sec.gov/Archives/edgar/data/1181412/000142601226000004/primary_doc.xml
SPCX,Space Exploration Technologies Corp.,1181412,SCHEDULE 13G,2026-08-14,06/30/2026,"The Founders Fund V Management, LLC",,,,,"Class A Common Stock, par value $0.001 per share",0001426012-26-000004,https://www.sec.gov/Archives/edgar/data/1181412/000142601226000004/primary_doc.xml
SPCX,Space Exploration Technologies Corp.,1181412,SCHEDULE 13G,2026-08-14,06/30/2026,"Lembas II, LP",,,,,"Class A Common Stock, par value $0.001 per share",0001426012-26-000004,https://www.sec.gov/Archives/edgar/data/1181412/000142601226000004/primary_doc.xml
SPCX,Space Exploration Technologies Corp.,1181412,SCHEDULE 13G,2026-08-14,06/30/2026,"The Founders Fund Alpha Management, LLC",,,,,"Class A Common Stock, par value $0.001 per share",0001426012-26-000004,https://www.sec.gov/Archives/edgar/data/1181412/000142601226000004/primary_doc.xml
SPCX,Space Exploration Technologies Corp.,1181412,SCHEDULE 13G,2026-08-14,06/30/2026,"The Founders Fund Growth II, LP",,,,,"Class A Common Stock, par value $0.001 per share",0001426012-26-000004,https://www.sec.gov/Archives/edgar/data/1181412/000142601226000004/primary_doc.xml
SPCX,Space Exploration Technologies Corp.,1181412,SCHEDULE 13G,2026-08-14,06/30/2026,"The Founders Fund Growth II Management, LP",,,,,"Class A Common Stock, par value $0.001 per share",0001426012-26-000004,https://www.sec.gov/Archives/edgar/data/1181412/000142601226000004/primary_doc.xml
SPCX,Space Exploration Technologies Corp.,1181412,SCHEDULE 13G,2026-08-14,06/30/2026,"FF GP Holdings, LLC",,,,,"Class A Common Stock, par value $0.001 per share",0001426012-26-000004,https://www.sec.gov/Archives/edgar/data/1181412/000142601226000004/primary_doc.xml
SPCX,Space Exploration Technologies Corp.,1181412,SCHEDULE 13G,2026-08-14,06/30/2026,"FF Upper Tier GP, LLC",,,,,"Class A Common Stock, par value $0.001 per share",0001426012-26-000004,https://www.sec.gov/Archives/edgar/data/1181412/000142601226000004/primary_doc.xml
SPCX,Space Exploration Technologies Corp.,1181412,SCHEDULE 13G,2026-08-14,06/30/2026,"The Founders Fund Growth, LP",,,,,"Class A Common Stock, par value $0.001 per share",0001426012-26-000004,https://www.sec.gov/Archives/edgar/data/1181412/000142601226000004/primary_doc.xml
SPCX,Space Exploration Technologies Corp.,1181412,SCHEDULE 13G,2026-08-14,06/30/2026,"The Founders Fund Growth Principals Fund, LP",,,,,"Class A Common Stock, par value $0.001 per share",0001426012-26-000004,https://www.sec.gov/Archives/edgar/data/1181412/000142601226000004/primary_doc.xml
SPCX,Space Exploration Technologies Corp.,1181412,SCHEDULE 13G,2026-08-14,06/30/2026,"Founders SPC, LP",,,,,"Class A Common Stock, par value $0.001 per share",0001426012-26-000004,https://www.sec.gov/Archives/edgar/data/1181412/000142601226000004/primary_doc.xml
SPCX,Space Exploration Technologies Corp.,1181412,SCHEDULE 13G,2026-08-14,06/30/2026,"The Founders Fund Growth Management, LLC",,,,,"Class A Common Stock, par value $0.001 per share",0001426012-26-000004,https://www.sec.gov/Archives/edgar/data/1181412/000142601226000004/primary_doc.xml
SPCX,Space Exploration Technologies Corp.,1181412,SCHEDULE 13G,2026-08-14,06/30/2026,2025-005 Investments LLC,,,,,"Class A Common Stock, par value $0.001 per share",0001426012-26-000004,https://www.sec.gov/Archives/edgar/data/1181412/000142601226000004/primary_doc.xml
SPCX,Space Exploration Technologies Corp.,1181412,SCHEDULE 13G,2026-08-14,06/30/2026,I'll Be Seeing You LLC,,,,,"Class A Common Stock, par value $0.001 per share",0001426012-26-000004,https://www.sec.gov/Archives/edgar/data/1181412/000142601226000004/primary_doc.xml
SPCX,Space Exploration Technologies Corp.,1181412,SCHEDULE 13G,2026-08-14,06/30/2026,Barrel Vault LLC,,,,,"Class A Common Stock, par value $0.001 per share",0001426012-26-000004,https://www.sec.gov/Archives/edgar/data/1181412/000142601226000004/primary_doc.xml
SPCX,Space Exploration Technologies Corp.,1181412,SCHEDULE 13G,2026-08-14,06/30/2026,Peter  Thiel,,,,,"Class A Common Stock, par value $0.001 per share",0001426012-26-000004,https://www.sec.gov/Archives/edgar/data/1181412/000142601226000004/primary_doc.xml
SPCX,Space Exploration Technologies Corp.,1181412,SCHEDULE 13G,2026-08-14,06/30/2026,Google LLC,551189500,7.2,OO,DE,"Class A Common Stock, $0.001 par value",0001193125-26-352289,https://www.sec.gov/Archives/edgar/data/1181412/000119312526352289/primary_doc.xml
SPCX,Space Exploration Technologies Corp.,1181412,SCHEDULE 13G,2026-08-14,06/30/2026,XXVI Holdings Inc.,551189500,7.2,CO,DE,"Class A Common Stock, $0.001 par value",0001193125-26-352289,https://www.sec.gov/Archives/edgar/data/1181412/000119312526352289/primary_doc.xml
SPCX,Space Exploration Technologies Corp.,1181412,SCHEDULE 13G,2026-08-14,06/30/2026,Alphabet Inc.,551189500,7.2,CO,DE,"Class A Common Stock, $0.001 par value",0001193125-26-352289,https://www.sec.gov/Archives/edgar/data/1181412/000119312526352289/primary_doc.xml
SPCX,Space Exploration Technologies Corp.,1181412,SCHEDULE 13G,2026-08-14,06/30/2026,Google LLC,,7.2%,,,"Class A Common Stock, $0.001 par value",0001193125-26-352289,https://www.sec.gov/Archives/edgar/data/1181412/000119312526352289/primary_doc.xml
SPCX,Space Exploration Technologies Corp.,1181412,SCHEDULE 13G,2026-08-14,06/30/2026,XXVI Holdings Inc.,,,,,"Class A Common Stock, $0.001 par value",0001193125-26-352289,https://www.sec.gov/Archives/edgar/data/1181412/000119312526352289/primary_doc.xml
SPCX,Space Exploration Technologies Corp.,1181412,SCHEDULE 13G,2026-08-14,06/30/2026,Alphabet Inc.,,,,,"Class A Common Stock, $0.001 par value",0001193125-26-352289,https://www.sec.gov/Archives/edgar/data/1181412/000119312526352289/primary_doc.xml
SPCX,Space Exploration Technologies Corp.,1181412,SCHEDULE 13G,2026-08-13,06/30/2026,Elon R. Musk,6418547515.00,48.4,IN,X1,"Class A Common Stock, $0.001 par value per share",0001104659-26-095936,https://www.sec.gov/Archives/edgar/data/1181412/000110465926095936/primary_doc.xml
SPCX,Space Exploration Technologies Corp.,1181412,SCHEDULE 13G,2026-08-13,06/30/2026,Elon R. Musk,,"48.4%; the percent of class beneficially owned by the Reporting Person was calculated assuming 7,696,293,669 shares of Class A Common Stock outstanding as of July 28, 2026, as disclosed in the Issuer's Quarterly Report on Form 10-Q for the fiscal quarter ended June 30, 2026, filed with the Securities and Exchange Commission on August 4, 2026, plus (i) 3,916,980,790 shares of Class A Common Stock issuable upon conversion of the Class B Common Stock held of record by trusts where the Reporting Person serves as trustee, (ii) 1,302,072,285 shares of Class A Common Stock issuable upon conversion of the Restricted Class B Common Stock, and (iii) 350,000,000 shares of Class A Common Stock issuable upon the exercise of the Class B Options.",,,"Class A Common Stock, $0.001 par value per share",0001104659-26-095936,https://www.sec.gov/Archives/edgar/data/1181412/000110465926095936/primary_doc.xml
SPCX,Space Exploration Technologies Corp.,1181412,SCHEDULE 13G,2026-08-11,06/30/2026,Antonio J. Gracias,503414530.00,6.5,IN,X1,Class A Common Stock,0001213900-26-087780,https://www.sec.gov/Archives/edgar/data/1181412/000121390026087780/primary_doc.xml
SPCX,Space Exploration Technologies Corp.,1181412,SCHEDULE 13G,2026-08-11,06/30/2026,Antonio J. Gracias,,"See response to Item 11 on the cover page.

Percent of class set forth in Item 11 of the cover page is based on the number of shares of Class A common stock outstanding as of July 28, 2026 (7,696,293,669 shares) as reported by the Issuer in its Form 10-Q filed with the Securities and Exchange Commission on August 4, 2026.",,,Class A Common Stock,0001213900-26-087780,https://www.sec.gov/Archives/edgar/data/1181412/000121390026087780/primary_doc.xml
CBRS,"Cerebras Systems, Inc.",2021728,SCHEDULE 13D/A,2026-08-18,08/14/2026,"Eclipse Continuity GP I, LLC",546645,0.2,OO,DE,"Class A common stock, $0.00001 par value per share",0001193125-26-355477,https://www.sec.gov/Archives/edgar/data/2021728/000119312526355477/primary_doc.xml
CBRS,"Cerebras Systems, Inc.",2021728,SCHEDULE 13D/A,2026-08-18,08/14/2026,"Eclipse Continuity Fund I, L.P.",546645,0.2,PN,DE,"Class A common stock, $0.00001 par value per share",0001193125-26-355477,https://www.sec.gov/Archives/edgar/data/2021728/000119312526355477/primary_doc.xml
CBRS,"Cerebras Systems, Inc.",2021728,SCHEDULE 13D/A,2026-08-18,08/14/2026,"Eclipse Ventures GP I, LLC",3768448,1.7,OO,DE,"Class A common stock, $0.00001 par value per share",0001193125-26-355477,https://www.sec.gov/Archives/edgar/data/2021728/000119312526355477/primary_doc.xml
CBRS,"Cerebras Systems, Inc.",2021728,SCHEDULE 13D/A,2026-08-18,08/14/2026,"Eclipse Ventures Fund I, L.P.",3768448,1.7,PN,DE,"Class A common stock, $0.00001 par value per share",0001193125-26-355477,https://www.sec.gov/Archives/edgar/data/2021728/000119312526355477/primary_doc.xml
CBRS,"Cerebras Systems, Inc.",2021728,SCHEDULE 13D/A,2026-08-18,08/14/2026,"Eclipse SPV II GP, LLC",4472603,2.0,OO,DE,"Class A common stock, $0.00001 par value per share",0001193125-26-355477,https://www.sec.gov/Archives/edgar/data/2021728/000119312526355477/primary_doc.xml
CBRS,"Cerebras Systems, Inc.",2021728,SCHEDULE 13D/A,2026-08-18,08/14/2026,"Eclipse SPV II, L.P.",4472603,2.0,PN,DE,"Class A common stock, $0.00001 par value per share",0001193125-26-355477,https://www.sec.gov/Archives/edgar/data/2021728/000119312526355477/primary_doc.xml
CBRS,"Cerebras Systems, Inc.",2021728,SCHEDULE 13D/A,2026-08-18,08/14/2026,"Eclipse SPV XIII GP, LLC",409719,0.2,OO,DE,"Class A common stock, $0.00001 par value per share",0001193125-26-355477,https://www.sec.gov/Archives/edgar/data/2021728/000119312526355477/primary_doc.xml
CBRS,"Cerebras Systems, Inc.",2021728,SCHEDULE 13D/A,2026-08-18,08/14/2026,"Eclipse SPV XIII, L.P.",409719,0.2,PN,DE,"Class A common stock, $0.00001 par value per share",0001193125-26-355477,https://www.sec.gov/Archives/edgar/data/2021728/000119312526355477/primary_doc.xml
CBRS,"Cerebras Systems, Inc.",2021728,SCHEDULE 13D/A,2026-08-18,08/14/2026,Lior Susan,9555990,4.3,IN,X1,"Class A common stock, $0.00001 par value per share",0001193125-26-355477,https://www.sec.gov/Archives/edgar/data/2021728/000119312526355477/primary_doc.xml
CBRS,Cerebras Systems Inc.,2021728,SCHEDULE 13G,2026-08-14,06/30/2026,"Altimeter Capital Management, LP",7160181.00,6.2,IA,DE,"Class A common stock, $0.00001 par value per share",0001541617-26-000009,https://www.sec.gov/Archives/edgar/data/2021728/000154161726000009/primary_doc.xml
CBRS,Cerebras Systems Inc.,2021728,SCHEDULE 13G,2026-08-14,06/30/2026,"Altimeter Capital Management General Partner, LLC",7160181.00,6.2,PN,DE,"Class A common stock, $0.00001 par value per share",0001541617-26-000009,https://www.sec.gov/Archives/edgar/data/2021728/000154161726000009/primary_doc.xml
CBRS,Cerebras Systems Inc.,2021728,SCHEDULE 13G,2026-08-14,06/30/2026,Gerstner Bradley Thomas,7226432.00,6.2,OO,DE,"Class A common stock, $0.00001 par value per share",0001541617-26-000009,https://www.sec.gov/Archives/edgar/data/2021728/000154161726000009/primary_doc.xml
CBRS,Cerebras Systems Inc.,2021728,SCHEDULE 13G,2026-08-14,06/30/2026,"Altimeter Capital Management, LP",,See responses to Item 11 on each cover page.,IN,,"Class A common stock, $0.00001 par value per share",0001541617-26-000009,https://www.sec.gov/Archives/edgar/data/2021728/000154161726000009/primary_doc.xml
CBRS,Cerebras Systems Inc.,2021728,SCHEDULE 13G,2026-08-14,06/30/2026,"Altimeter Capital Management General Partner, LLC",,,HC,,"Class A common stock, $0.00001 par value per share",0001541617-26-000009,https://www.sec.gov/Archives/edgar/data/2021728/000154161726000009/primary_doc.xml
CBRS,Cerebras Systems Inc.,2021728,SCHEDULE 13G,2026-08-14,06/30/2026,Gerstner Bradley Thomas,,,,,"Class A common stock, $0.00001 par value per share",0001541617-26-000009,https://www.sec.gov/Archives/edgar/data/2021728/000154161726000009/primary_doc.xml
CBRS,Cerebras Systems Inc.,2021728,SCHEDULE 13G,2026-08-14,06/30/2026,COATUE MANAGEMENT LLC,7011028.00,7.1,IA,DE,"Class A common stock, $0.00001 par value per share",0000919574-26-005577,https://www.sec.gov/Archives/edgar/data/2021728/000091957426005577/primary_doc.xml
CBRS,Cerebras Systems Inc.,2021728,SCHEDULE 13G,2026-08-14,06/30/2026,Philippe Laffont,7011028.00,7.1,OO,X1,"Class A common stock, $0.00001 par value per share",0000919574-26-005577,https://www.sec.gov/Archives/edgar/data/2021728/000091957426005577/primary_doc.xml
CBRS,Cerebras Systems Inc.,2021728,SCHEDULE 13G,2026-08-14,06/30/2026,Coatue Private Fund II LP,6129242.00,6.2,HC,DE,"Class A common stock, $0.00001 par value per share",0000919574-26-005577,https://www.sec.gov/Archives/edgar/data/2021728/000091957426005577/primary_doc.xml
CBRS,Cerebras Systems Inc.,2021728,SCHEDULE 13G,2026-08-14,06/30/2026,Coatue Private II GP LLC,6129242.00,6.2,IN,DE,"Class A common stock, $0.00001 par value per share",0000919574-26-005577,https://www.sec.gov/Archives/edgar/data/2021728/000091957426005577/primary_doc.xml
CBRS,Cerebras Systems Inc.,2021728,SCHEDULE 13G,2026-08-14,06/30/2026,COATUE MANAGEMENT LLC,,"Coatue Management, L.L.C. - 7.1%
Philippe Laffont - 7.1%
Coatue Private Fund II LP - 6.2%
Coatue Private II GP LLC - 6.2%",PN,,"Class A common stock, $0.00001 par value per share",0000919574-26-005577,https://www.sec.gov/Archives/edgar/data/2021728/000091957426005577/primary_doc.xml
CBRS,Cerebras Systems Inc.,2021728,SCHEDULE 13G,2026-08-14,06/30/2026,Philippe Laffont,,,OO,,"Class A common stock, $0.00001 par value per share",0000919574-26-005577,https://www.sec.gov/Archives/edgar/data/2021728/000091957426005577/primary_doc.xml
CBRS,Cerebras Systems Inc.,2021728,SCHEDULE 13G,2026-08-14,06/30/2026,Coatue Private Fund II LP,,,,,"Class A common stock, $0.00001 par value per share",0000919574-26-005577,https://www.sec.gov/Archives/edgar/data/2021728/000091957426005577/primary_doc.xml
CBRS,Cerebras Systems Inc.,2021728,SCHEDULE 13G,2026-08-14,06/30/2026,Coatue Private II GP LLC,,,,,"Class A common stock, $0.00001 par value per share",0000919574-26-005577,https://www.sec.gov/Archives/edgar/data/2021728/000091957426005577/primary_doc.xml
CBRS,Cerebras Systems Inc.,2021728,SCHEDULE 13G,2026-08-14,06/30/2026,Andrew Feldman,10397232.00,9.2,IN,X1,"Class A Common Stock, par value $0.00001 per share",0001493152-26-038435,https://www.sec.gov/Archives/edgar/data/2021728/000149315226038435/primary_doc.xml
CBRS,Cerebras Systems Inc.,2021728,SCHEDULE 13G,2026-08-14,06/30/2026,Andrew Feldman,,9.2%,,,"Class A Common Stock, par value $0.00001 per share",0001493152-26-038435,https://www.sec.gov/Archives/edgar/data/2021728/000149315226038435/primary_doc.xml
CBRS,Cerebras Systems Inc.,2021728,SCHEDULE 13G,2026-08-14,06/30/2026,"Benchmark Capital Partners VIII, L.P.",9306378.00,7.7,PN,DE,Class A Common Stock,0001104659-26-097224,https://www.sec.gov/Archives/edgar/data/2021728/000110465926097224/primary_doc.xml
CBRS,Cerebras Systems Inc.,2021728,SCHEDULE 13G,2026-08-14,06/30/2026,"Benchmark Founders' Fund VIII, L.P.",1480808.00,1.3,PN,DE,Class A Common Stock,0001104659-26-097224,https://www.sec.gov/Archives/edgar/data/2021728/000110465926097224/primary_doc.xml
CBRS,Cerebras Systems Inc.,2021728,SCHEDULE 13G,2026-08-14,06/30/2026,"Benchmark Founders' Fund VIII-B, L.P.",1440359.00,1.3,PN,DE,Class A Common Stock,0001104659-26-097224,https://www.sec.gov/Archives/edgar/data/2021728/000110465926097224/primary_doc.xml
CBRS,Cerebras Systems Inc.,2021728,SCHEDULE 13G,2026-08-14,06/30/2026,"Benchmark Capital Management Co. VIII, L.L.C.",12227545.00,9.8,OO,DE,Class A Common Stock,0001104659-26-097224,https://www.sec.gov/Archives/edgar/data/2021728/000110465926097224/primary_doc.xml
CBRS,Cerebras Systems Inc.,2021728,SCHEDULE 13G,2026-08-14,06/30/2026,"Benchmark Capital Partners IX, L.P.",487993.00,0.4,PN,DE,Class A Common Stock,0001104659-26-097224,https://www.sec.gov/Archives/edgar/data/2021728/000110465926097224/primary_doc.xml
CBRS,Cerebras Systems Inc.,2021728,SCHEDULE 13G,2026-08-14,06/30/2026,"Benchmark Founders' Fund IX, L.P.",147115.00,0.1,PN,DE,Class A Common Stock,0001104659-26-097224,https://www.sec.gov/Archives/edgar/data/2021728/000110465926097224/primary_doc.xml
CBRS,Cerebras Systems Inc.,2021728,SCHEDULE 13G,2026-08-14,06/30/2026,"Benchmark Founders' Fund IX-A, L.P.",9783.00,0.0,PN,DE,Class A Common Stock,0001104659-26-097224,https://www.sec.gov/Archives/edgar/data/2021728/000110465926097224/primary_doc.xml
CBRS,Cerebras Systems Inc.,2021728,SCHEDULE 13G,2026-08-14,06/30/2026,"Benchmark Founders' Fund IX-B, L.P.",45099.00,0.0,PN,DE,Class A Common Stock,0001104659-26-097224,https://www.sec.gov/Archives/edgar/data/2021728/000110465926097224/primary_doc.xml
CBRS,Cerebras Systems Inc.,2021728,SCHEDULE 13G,2026-08-14,06/30/2026,"Benchmark Capital Management Co. IX, L.L.C.",689990.00,0.6,OO,DE,Class A Common Stock,0001104659-26-097224,https://www.sec.gov/Archives/edgar/data/2021728/000110465926097224/primary_doc.xml
CBRS,Cerebras Systems Inc.,2021728,SCHEDULE 13G,2026-08-14,06/30/2026,"Benchmark AI Infrastructure Fund, L.P.",1436291.00,1.3,PN,DE,Class A Common Stock,0001104659-26-097224,https://www.sec.gov/Archives/edgar/data/2021728/000110465926097224/primary_doc.xml
CBRS,Cerebras Systems Inc.,2021728,SCHEDULE 13G,2026-08-14,06/30/2026,"Benchmark AI Infrastructure Fund B, L.P.",1091355.00,1.0,PN,DE,Class A Common Stock,0001104659-26-097224,https://www.sec.gov/Archives/edgar/data/2021728/000110465926097224/primary_doc.xml
CBRS,Cerebras Systems Inc.,2021728,SCHEDULE 13G,2026-08-14,06/30/2026,"Benchmark AI Infrastructure Management Co., L.L.C.",2527646.00,2.2,OO,DE,Class A Common Stock,0001104659-26-097224,https://www.sec.gov/Archives/edgar/data/2021728/000110465926097224/primary_doc.xml
CBRS,Cerebras Systems Inc.,2021728,SCHEDULE 13G,2026-08-14,06/30/2026,"Benchmark Capital Partners VIII, L.P.",,"See Row 11 of cover page for each Reporting Person.  The information with respect to the ownership of the Common Stock of the issuer by the persons filing this Statement is provided as of June 30, 2026 (based on 112,247,109 shares of Class A Common Stock of the issuer outstanding as of August 5, 2026 as reported by the issuer on its Form 10-Q for the quarter ended June 30, 2026 and filed with the Securities and Exchange Commission on August 12, 2026).",,,Class A Common Stock,0001104659-26-097224,https://www.sec.gov/Archives/edgar/data/2021728/000110465926097224/primary_doc.xml
CBRS,Cerebras Systems Inc.,2021728,SCHEDULE 13G,2026-08-14,06/30/2026,"Benchmark Founders' Fund VIII, L.P.",,,,,Class A Common Stock,0001104659-26-097224,https://www.sec.gov/Archives/edgar/data/2021728/000110465926097224/primary_doc.xml
CBRS,Cerebras Systems Inc.,2021728,SCHEDULE 13G,2026-08-14,06/30/2026,"Benchmark Founders' Fund VIII-B, L.P.",,,,,Class A Common Stock,0001104659-26-097224,https://www.sec.gov/Archives/edgar/data/2021728/000110465926097224/primary_doc.xml
CBRS,Cerebras Systems Inc.,2021728,SCHEDULE 13G,2026-08-14,06/30/2026,"Benchmark Capital Management Co. VIII, L.L.C.",,,,,Class A Common Stock,0001104659-26-097224,https://www.sec.gov/Archives/edgar/data/2021728/000110465926097224/primary_doc.xml
CBRS,Cerebras Systems Inc.,2021728,SCHEDULE 13G,2026-08-14,06/30/2026,"Benchmark Capital Partners IX, L.P.",,,,,Class A Common Stock,0001104659-26-097224,https://www.sec.gov/Archives/edgar/data/2021728/000110465926097224/primary_doc.xml
CBRS,Cerebras Systems Inc.,2021728,SCHEDULE 13G,2026-08-14,06/30/2026,"Benchmark Founders' Fund IX, L.P.",,,,,Class A Common Stock,0001104659-26-097224,https://www.sec.gov/Archives/edgar/data/2021728/000110465926097224/primary_doc.xml
CBRS,Cerebras Systems Inc.,2021728,SCHEDULE 13G,2026-08-14,06/30/2026,"Benchmark Founders' Fund IX-A, L.P.",,,,,Class A Common Stock,0001104659-26-097224,https://www.sec.gov/Archives/edgar/data/2021728/000110465926097224/primary_doc.xml
CBRS,Cerebras Systems Inc.,2021728,SCHEDULE 13G,2026-08-14,06/30/2026,"Benchmark Founders' Fund IX-B, L.P.",,,,,Class A Common Stock,0001104659-26-097224,https://www.sec.gov/Archives/edgar/data/2021728/000110465926097224/primary_doc.xml
CBRS,Cerebras Systems Inc.,2021728,SCHEDULE 13G,2026-08-14,06/30/2026,"Benchmark Capital Management Co. IX, L.L.C.",,,,,Class A Common Stock,0001104659-26-097224,https://www.sec.gov/Archives/edgar/data/2021728/000110465926097224/primary_doc.xml
CBRS,Cerebras Systems Inc.,2021728,SCHEDULE 13G,2026-08-14,06/30/2026,"Benchmark AI Infrastructure Fund, L.P.",,,,,Class A Common Stock,0001104659-26-097224,https://www.sec.gov/Archives/edgar/data/2021728/000110465926097224/primary_doc.xml
CBRS,Cerebras Systems Inc.,2021728,SCHEDULE 13G,2026-08-14,06/30/2026,"Benchmark AI Infrastructure Fund B, L.P.",,,,,Class A Common Stock,0001104659-26-097224,https://www.sec.gov/Archives/edgar/data/2021728/000110465926097224/primary_doc.xml
CBRS,Cerebras Systems Inc.,2021728,SCHEDULE 13G,2026-08-14,06/30/2026,"Benchmark AI Infrastructure Management Co., L.L.C.",,,,,Class A Common Stock,0001104659-26-097224,https://www.sec.gov/Archives/edgar/data/2021728/000110465926097224/primary_doc.xml
CBRS,Cerebras Systems Inc.,2021728,SCHEDULE 13G,2026-08-14,6/30/2026,"Atreides Management, LP",10543836.00,10.7,IA,DE,Class A Common Stock,0001777813-26-000008,https://www.sec.gov/Archives/edgar/data/2021728/000177781326000008/primary_doc.xml
CBRS,Cerebras Systems Inc.,2021728,SCHEDULE 13G,2026-08-14,6/30/2026,"Atreides Management, LLC",10543836.00,10.7,PN,DE,Class A Common Stock,0001777813-26-000008,https://www.sec.gov/Archives/edgar/data/2021728/000177781326000008/primary_doc.xml
CBRS,Cerebras Systems Inc.,2021728,SCHEDULE 13G,2026-08-14,6/30/2026,Gavin Baker,10543836.00,10.7,HC,X1,Class A Common Stock,0001777813-26-000008,https://www.sec.gov/Archives/edgar/data/2021728/000177781326000008/primary_doc.xml
CBRS,Cerebras Systems Inc.,2021728,SCHEDULE 13G,2026-08-14,6/30/2026,"Atreides Management, LP",,See Row 11 of cover page for each Reporting Person.,HC,,Class A Common Stock,0001777813-26-000008,https://www.sec.gov/Archives/edgar/data/2021728/000177781326000008/primary_doc.xml
CBRS,Cerebras Systems Inc.,2021728,SCHEDULE 13G,2026-08-14,6/30/2026,"Atreides Management, LLC",,,IN,,Class A Common Stock,0001777813-26-000008,https://www.sec.gov/Archives/edgar/data/2021728/000177781326000008/primary_doc.xml
CBRS,Cerebras Systems Inc.,2021728,SCHEDULE 13G,2026-08-14,6/30/2026,Gavin Baker,,,,,Class A Common Stock,0001777813-26-000008,https://www.sec.gov/Archives/edgar/data/2021728/000177781326000008/primary_doc.xml
CBRS,Cerebras Systems Inc.,2021728,SCHEDULE 13G,2026-08-14,06/30/2026,"Foundation Capital Management Co. VIII, L.L.C.",14210932.00,12.2,OO,DE,"Class A Common Stock, $0.00001 par value per share",0001645076-26-000004,https://www.sec.gov/Archives/edgar/data/2021728/000164507626000004/primary_doc.xml
CBRS,Cerebras Systems Inc.,2021728,SCHEDULE 13G,2026-08-14,06/30/2026,"Foundation Capital VIII, L.P.",13911305.00,12.0,PN,DE,"Class A Common Stock, $0.00001 par value per share",0001645076-26-000004,https://www.sec.gov/Archives/edgar/data/2021728/000164507626000004/primary_doc.xml
CBRS,Cerebras Systems Inc.,2021728,SCHEDULE 13G,2026-08-14,06/30/2026,"Foundation Capital VIII Principals Fund, L.L.C.",299627.00,0.3,OO,DE,"Class A Common Stock, $0.00001 par value per share",0001645076-26-000004,https://www.sec.gov/Archives/edgar/data/2021728/000164507626000004/primary_doc.xml
CBRS,Cerebras Systems Inc.,2021728,SCHEDULE 13G,2026-08-14,06/30/2026,"Foundation Capital Management Co. LF II, L.L.C.",1091411.00,1.0,OO,DE,"Class A Common Stock, $0.00001 par value per share",0001645076-26-000004,https://www.sec.gov/Archives/edgar/data/2021728/000164507626000004/primary_doc.xml
CBRS,Cerebras Systems Inc.,2021728,SCHEDULE 13G,2026-08-14,06/30/2026,"Foundation Capital Leadership Fund II, L.P.",1091411.00,1.0,PN,DE,"Class A Common Stock, $0.00001 par value per share",0001645076-26-000004,https://www.sec.gov/Archives/edgar/data/2021728/000164507626000004/primary_doc.xml
CBRS,Cerebras Systems Inc.,2021728,SCHEDULE 13G,2026-08-14,06/30/2026,"Foundation Capital Management Co. VIII, L.L.C.",,"Row 11 of each Reporting Person's cover page to this Schedule 13G sets forth the percentage of the Issuer's Class A common stock beneficially owned by such Reporting Person as of June 30, 2026 and is incorporated by reference. The percentage set forth in each row 11 is based upon 103,220,568 shares of Class A common stock outstanding as of June 30, 2026, as reported in the Issuer's Quarterly Report on Form 10-Q filed with the Securities and Exchange Commission (the ""SEC"") on August 12, 2026 and (ii) the shares of Class A common stock issuable upon conversion of Class B common stock held by the Reporting Persons.

Collectively, the Reporting Persons beneficially own 13.1% of the Issuer's Class A common stock.",,,"Class A Common Stock, $0.00001 par value per share",0001645076-26-000004,https://www.sec.gov/Archives/edgar/data/2021728/000164507626000004/primary_doc.xml
CBRS,Cerebras Systems Inc.,2021728,SCHEDULE 13G,2026-08-14,06/30/2026,"Foundation Capital VIII, L.P.",,,,,"Class A Common Stock, $0.00001 par value per share",0001645076-26-000004,https://www.sec.gov/Archives/edgar/data/2021728/000164507626000004/primary_doc.xml
CBRS,Cerebras Systems Inc.,2021728,SCHEDULE 13G,2026-08-14,06/30/2026,"Foundation Capital VIII Principals Fund, L.L.C.",,,,,"Class A Common Stock, $0.00001 par value per share",0001645076-26-000004,https://www.sec.gov/Archives/edgar/data/2021728/000164507626000004/primary_doc.xml
CBRS,Cerebras Systems Inc.,2021728,SCHEDULE 13G,2026-08-14,06/30/2026,"Foundation Capital Management Co. LF II, L.L.C.",,,,,"Class A Common Stock, $0.00001 par value per share",0001645076-26-000004,https://www.sec.gov/Archives/edgar/data/2021728/000164507626000004/primary_doc.xml
CBRS,Cerebras Systems Inc.,2021728,SCHEDULE 13G,2026-08-14,06/30/2026,"Foundation Capital Leadership Fund II, L.P.",,,,,"Class A Common Stock, $0.00001 par value per share",0001645076-26-000004,https://www.sec.gov/Archives/edgar/data/2021728/000164507626000004/primary_doc.xml
CBRS,Cerebras Systems Inc.,2021728,SCHEDULE 13G,2026-08-13,06/30/2026,"JANE STREET GROUP, LLC",5222522.00,5.1,HC,DE,"Class A common stock, $0.00001 par value per share",0001595888-26-000104,https://www.sec.gov/Archives/edgar/data/2021728/000159588826000104/primary_doc.xml
CBRS,Cerebras Systems Inc.,2021728,SCHEDULE 13G,2026-08-13,06/30/2026,"Jane Street Capital, LLC",5222522.00,5.1,BD,DE,"Class A common stock, $0.00001 par value per share",0001595888-26-000104,https://www.sec.gov/Archives/edgar/data/2021728/000159588826000104/primary_doc.xml
CBRS,Cerebras Systems Inc.,2021728,SCHEDULE 13G,2026-08-13,06/30/2026,"JANE STREET GROUP, LLC",,5.1%,,,"Class A common stock, $0.00001 par value per share",0001595888-26-000104,https://www.sec.gov/Archives/edgar/data/2021728/000159588826000104/primary_doc.xml
CBRS,Cerebras Systems Inc.,2021728,SCHEDULE 13G,2026-08-13,06/30/2026,"Jane Street Capital, LLC",,,,,"Class A common stock, $0.00001 par value per share",0001595888-26-000104,https://www.sec.gov/Archives/edgar/data/2021728/000159588826000104/primary_doc.xml
CBRS,Cerebras Systems Inc.,2021728,SCHEDULE 13G/A,2026-07-22,06/30/2026,JPMORGAN CHASE & CO.,3100807.0,3.3,HC,DE,"Class A common stock, $0.00001 par value per share",0000019617-26-000274,https://www.sec.gov/Archives/edgar/data/2021728/000001961726000274/primary_doc.xml
CBRS,Cerebras Systems Inc.,2021728,SCHEDULE 13G/A,2026-07-22,06/30/2026,JPMORGAN CHASE & CO.,,3.3,,,"Class A common stock, $0.00001 par value per share",0000019617-26-000274,https://www.sec.gov/Archives/edgar/data/2021728/000001961726000274/primary_doc.xml
CBRS,Cerebras Systems Inc.,2021728,SCHEDULE 13G/A,2026-07-08,06/30/2026,FMR LLC,28878217.29,25.7,HC,DE,Class A Common Stock,0000315066-26-001451,https://www.sec.gov/Archives/edgar/data/2021728/000031506626001451/primary_doc.xml
CBRS,Cerebras Systems Inc.,2021728,SCHEDULE 13G/A,2026-07-08,06/30/2026,Abigail P. Johnson,28878217.29,25.7,IN,X1,Class A Common Stock,0000315066-26-001451,https://www.sec.gov/Archives/edgar/data/2021728/000031506626001451/primary_doc.xml
CBRS,Cerebras Systems Inc.,2021728,SCHEDULE 13G/A,2026-07-08,06/30/2026,FMR LLC,,25.7%,,,Class A Common Stock,0000315066-26-001451,https://www.sec.gov/Archives/edgar/data/2021728/000031506626001451/primary_doc.xml
CBRS,Cerebras Systems Inc.,2021728,SCHEDULE 13G/A,2026-07-08,06/30/2026,Abigail P. Johnson,,,,,Class A Common Stock,0000315066-26-001451,https://www.sec.gov/Archives/edgar/data/2021728/000031506626001451/primary_doc.xml
CBRS,"Cerebras Systems, Inc.",2021728,SCHEDULE 13D/A,2026-06-26,06/25/2026,"Eclipse Continuity GP I, LLC",680305,0.3,OO,DE,"Class A common stock, $0.00001 par value per share",0001193125-26-285642,https://www.sec.gov/Archives/edgar/data/2021728/000119312526285642/primary_doc.xml
CBRS,"Cerebras Systems, Inc.",2021728,SCHEDULE 13D/A,2026-06-26,06/25/2026,"Eclipse Continuity Fund I, L.P.",680305,0.3,PN,DE,"Class A common stock, $0.00001 par value per share",0001193125-26-285642,https://www.sec.gov/Archives/edgar/data/2021728/000119312526285642/primary_doc.xml
CBRS,"Cerebras Systems, Inc.",2021728,SCHEDULE 13D/A,2026-06-26,06/25/2026,"Eclipse Ventures GP I, LLC",4689870,2.1,OO,DE,"Class A common stock, $0.00001 par value per share",0001193125-26-285642,https://www.sec.gov/Archives/edgar/data/2021728/000119312526285642/primary_doc.xml
CBRS,"Cerebras Systems, Inc.",2021728,SCHEDULE 13D/A,2026-06-26,06/25/2026,"Eclipse Ventures Fund I, L.P.",4689870,2.1,PN,DE,"Class A common stock, $0.00001 par value per share",0001193125-26-285642,https://www.sec.gov/Archives/edgar/data/2021728/000119312526285642/primary_doc.xml
CBRS,"Cerebras Systems, Inc.",2021728,SCHEDULE 13D/A,2026-06-26,06/25/2026,"Eclipse SPV II GP, LLC",5566197,2.5,OO,DE,"Class A common stock, $0.00001 par value per share",0001193125-26-285642,https://www.sec.gov/Archives/edgar/data/2021728/000119312526285642/primary_doc.xml
CBRS,"Cerebras Systems, Inc.",2021728,SCHEDULE 13D/A,2026-06-26,06/25/2026,"Eclipse SPV II, L.P.",5566197,2.5,PN,DE,"Class A common stock, $0.00001 par value per share",0001193125-26-285642,https://www.sec.gov/Archives/edgar/data/2021728/000119312526285642/primary_doc.xml
CBRS,"Cerebras Systems, Inc.",2021728,SCHEDULE 13D/A,2026-06-26,06/25/2026,"Eclipse SPV XIII GP, LLC",509898,0.2,OO,DE,"Class A common stock, $0.00001 par value per share",0001193125-26-285642,https://www.sec.gov/Archives/edgar/data/2021728/000119312526285642/primary_doc.xml
CBRS,"Cerebras Systems, Inc.",2021728,SCHEDULE 13D/A,2026-06-26,06/25/2026,"Eclipse SPV XIII, L.P.",509898,0.2,PN,DE,"Class A common stock, $0.00001 par value per share",0001193125-26-285642,https://www.sec.gov/Archives/edgar/data/2021728/000119312526285642/primary_doc.xml
CBRS,"Cerebras Systems, Inc.",2021728,SCHEDULE 13D/A,2026-06-26,06/25/2026,Lior Susan,11580218,5.2,IN,X1,"Class A common stock, $0.00001 par value per share",0001193125-26-285642,https://www.sec.gov/Archives/edgar/data/2021728/000119312526285642/primary_doc.xml
CBRS,Cerebras Systems Inc.,2021728,SCHEDULE 13G,2026-06-05,05/29/2026,FMR LLC,25618272.00,46.6,HC,DE,Class A Common Stock,0000315066-26-001423,https://www.sec.gov/Archives/edgar/data/2021728/000031506626001423/primary_doc.xml
CBRS,Cerebras Systems Inc.,2021728,SCHEDULE 13G,2026-06-05,05/29/2026,Abigail P. Johnson,25618272.00,46.6,IN,X1,Class A Common Stock,0000315066-26-001423,https://www.sec.gov/Archives/edgar/data/2021728/000031506626001423/primary_doc.xml
CBRS,Cerebras Systems Inc.,2021728,SCHEDULE 13G,2026-06-05,05/29/2026,FMR LLC,,46.6,,,Class A Common Stock,0000315066-26-001423,https://www.sec.gov/Archives/edgar/data/2021728/000031506626001423/primary_doc.xml
CBRS,Cerebras Systems Inc.,2021728,SCHEDULE 13G,2026-06-05,05/29/2026,Abigail P. Johnson,,,,,Class A Common Stock,0000315066-26-001423,https://www.sec.gov/Archives/edgar/data/2021728/000031506626001423/primary_doc.xml
CBRS,Cerebras Systems Inc.,2021728,SCHEDULE 13G,2026-06-04,05/29/2026,JPMORGAN CHASE & CO,3486503.00,10.1,HC,DE,"Class A Common Stock, $0.00001 par value per share",0000019617-26-000234,https://www.sec.gov/Archives/edgar/data/2021728/000001961726000234/primary_doc.xml
CBRS,Cerebras Systems Inc.,2021728,SCHEDULE 13G,2026-06-04,05/29/2026,JPMORGAN CHASE & CO,,10.1,,,"Class A Common Stock, $0.00001 par value per share",0000019617-26-000234,https://www.sec.gov/Archives/edgar/data/2021728/000001961726000234/primary_doc.xml
CBRS,"Cerebras Systems, Inc.",2021728,SCHEDULE 13D,2026-05-22,05/15/2026,"Eclipse Continuity GP I, LLC",800358,0.4,OO,DE,"Class A common stock, $0.00001 par value per share",0001193125-26-237003,https://www.sec.gov/Archives/edgar/data/2021728/000119312526237003/primary_doc.xml
CBRS,"Cerebras Systems, Inc.",2021728,SCHEDULE 13D,2026-05-22,05/15/2026,"Eclipse Continuity Fund I, L.P.",800358,0.4,PN,DE,"Class A common stock, $0.00001 par value per share",0001193125-26-237003,https://www.sec.gov/Archives/edgar/data/2021728/000119312526237003/primary_doc.xml
CBRS,"Cerebras Systems, Inc.",2021728,SCHEDULE 13D,2026-05-22,05/15/2026,"Eclipse Ventures GP I, LLC",5517493,2.5,OO,DE,"Class A common stock, $0.00001 par value per share",0001193125-26-237003,https://www.sec.gov/Archives/edgar/data/2021728/000119312526237003/primary_doc.xml
CBRS,"Cerebras Systems, Inc.",2021728,SCHEDULE 13D,2026-05-22,05/15/2026,"Eclipse Ventures Fund I, L.P.",5517493,2.5,PN,DE,"Class A common stock, $0.00001 par value per share",0001193125-26-237003,https://www.sec.gov/Archives/edgar/data/2021728/000119312526237003/primary_doc.xml
CBRS,"Cerebras Systems, Inc.",2021728,SCHEDULE 13D,2026-05-22,05/15/2026,"Eclipse SPV II GP, LLC",6548466,3.0,OO,DE,"Class A common stock, $0.00001 par value per share",0001193125-26-237003,https://www.sec.gov/Archives/edgar/data/2021728/000119312526237003/primary_doc.xml
CBRS,"Cerebras Systems, Inc.",2021728,SCHEDULE 13D,2026-05-22,05/15/2026,"Eclipse SPV II, L.P.",6548466,3.0,PN,DE,"Class A common stock, $0.00001 par value per share",0001193125-26-237003,https://www.sec.gov/Archives/edgar/data/2021728/000119312526237003/primary_doc.xml
CBRS,"Cerebras Systems, Inc.",2021728,SCHEDULE 13D,2026-05-22,05/15/2026,"Eclipse SPV XIII GP, LLC",599880,0.3,OO,DE,"Class A common stock, $0.00001 par value per share",0001193125-26-237003,https://www.sec.gov/Archives/edgar/data/2021728/000119312526237003/primary_doc.xml
CBRS,"Cerebras Systems, Inc.",2021728,SCHEDULE 13D,2026-05-22,05/15/2026,"Eclipse SPV XIII, L.P.",599880,0.3,PN,DE,"Class A common stock, $0.00001 par value per share",0001193125-26-237003,https://www.sec.gov/Archives/edgar/data/2021728/000119312526237003/primary_doc.xml
CBRS,"Cerebras Systems, Inc.",2021728,SCHEDULE 13D,2026-05-22,05/15/2026,Lior Susan,13466197,6.1,IN,X1,"Class A common stock, $0.00001 par value per share",0001193125-26-237003,https://www.sec.gov/Archives/edgar/data/2021728/000119312526237003/primary_doc.xml
CBRS,Cerebras Systems Inc.,2021728,SCHEDULE 13G,2026-05-22,05/15/2026,"Tiger Global Investments, L.P.",2999000.00,8.69,PN,E9,"Class A Common Stock, $0.00001 par value per share",0000919574-26-003680,https://www.sec.gov/Archives/edgar/data/2021728/000091957426003680/primary_doc.xml
CBRS,Cerebras Systems Inc.,2021728,SCHEDULE 13G,2026-05-22,05/15/2026,"Tiger Global Performance, LLC",2999000.00,8.69,OO,DE,"Class A Common Stock, $0.00001 par value per share",0000919574-26-003680,https://www.sec.gov/Archives/edgar/data/2021728/000091957426003680/primary_doc.xml
CBRS,Cerebras Systems Inc.,2021728,SCHEDULE 13G,2026-05-22,05/15/2026,"Tiger Global Management, LLC",3496222.00,9.99,IA,DE,"Class A Common Stock, $0.00001 par value per share",0000919574-26-003680,https://www.sec.gov/Archives/edgar/data/2021728/000091957426003680/primary_doc.xml
CBRS,Cerebras Systems Inc.,2021728,SCHEDULE 13G,2026-05-22,05/15/2026,Charles P. Coleman III,3496222.00,9.99,OO,X1,"Class A Common Stock, $0.00001 par value per share",0000919574-26-003680,https://www.sec.gov/Archives/edgar/data/2021728/000091957426003680/primary_doc.xml
CBRS,Cerebras Systems Inc.,2021728,SCHEDULE 13G,2026-05-22,05/15/2026,"Tiger Global Investments, L.P.",,"Tiger Global Investments, L.P. - 8.69%
Tiger Global Performance, LLC - 8.69%
Tiger Global Management, LLC - 9.99%
Charles P. Coleman III - 9.99%",HC,,"Class A Common Stock, $0.00001 par value per share",0000919574-26-003680,https://www.sec.gov/Archives/edgar/data/2021728/000091957426003680/primary_doc.xml
CBRS,Cerebras Systems Inc.,2021728,SCHEDULE 13G,2026-05-22,05/15/2026,"Tiger Global Performance, LLC",,,IN,,"Class A Common Stock, $0.00001 par value per share",0000919574-26-003680,https://www.sec.gov/Archives/edgar/data/2021728/000091957426003680/primary_doc.xml
CBRS,Cerebras Systems Inc.,2021728,SCHEDULE 13G,2026-05-22,05/15/2026,"Tiger Global Management, LLC",,,,,"Class A Common Stock, $0.00001 par value per share",0000919574-26-003680,https://www.sec.gov/Archives/edgar/data/2021728/000091957426003680/primary_doc.xml
CBRS,Cerebras Systems Inc.,2021728,SCHEDULE 13G,2026-05-22,05/15/2026,Charles P. Coleman III,,,,,"Class A Common Stock, $0.00001 par value per share",0000919574-26-003680,https://www.sec.gov/Archives/edgar/data/2021728/000091957426003680/primary_doc.xml
MDLN,Medline Inc.,2046386,SCHEDULE 13G/A,2026-08-11,06/30/2026,"Hellman & Friedman Capital Partners X (Parallel), L.P.",61054619,6.4,PN,E9,"Class A common stock, par value $0.0001 per share",0001193125-26-345223,https://www.sec.gov/Archives/edgar/data/2046386/000119312526345223/primary_doc.xml
MDLN,Medline Inc.,2046386,SCHEDULE 13G/A,2026-08-11,06/30/2026,"HFCP X (Parallel - A), L.P.",6377698,0.7,PN,DE,"Class A common stock, par value $0.0001 per share",0001193125-26-345223,https://www.sec.gov/Archives/edgar/data/2046386/000119312526345223/primary_doc.xml
MDLN,Medline Inc.,2046386,SCHEDULE 13G/A,2026-08-11,06/30/2026,"Mend Partners II, L.P.",3422699,0.4,PN,DE,"Class A common stock, par value $0.0001 per share",0001193125-26-345223,https://www.sec.gov/Archives/edgar/data/2046386/000119312526345223/primary_doc.xml
MDLN,Medline Inc.,2046386,SCHEDULE 13G/A,2026-08-11,06/30/2026,"Mend Investment Holdings I, L.P.",82472659,8.6,PN,DE,"Class A common stock, par value $0.0001 per share",0001193125-26-345223,https://www.sec.gov/Archives/edgar/data/2046386/000119312526345223/primary_doc.xml
MDLN,Medline Inc.,2046386,SCHEDULE 13G/A,2026-08-11,06/30/2026,"Hellman & Friedman Investors X, L.P.",153327675,16.0,PN,E9,"Class A common stock, par value $0.0001 per share",0001193125-26-345223,https://www.sec.gov/Archives/edgar/data/2046386/000119312526345223/primary_doc.xml
MDLN,Medline Inc.,2046386,SCHEDULE 13G/A,2026-08-11,06/30/2026,"Mend Partners GP, LLC",3422699,0.4,OO,DE,"Class A common stock, par value $0.0001 per share",0001193125-26-345223,https://www.sec.gov/Archives/edgar/data/2046386/000119312526345223/primary_doc.xml
MDLN,Medline Inc.,2046386,SCHEDULE 13G/A,2026-08-11,06/30/2026,"Mend Investment Holdings GP, LLC",82472659,8.6,OO,DE,"Class A common stock, par value $0.0001 per share",0001193125-26-345223,https://www.sec.gov/Archives/edgar/data/2046386/000119312526345223/primary_doc.xml
MDLN,Medline Inc.,2046386,SCHEDULE 13G/A,2026-08-11,06/30/2026,"Hellman & Friedman Capital Partners X, L.P.",82472659,8.6,PN,E9,"Class A common stock, par value $0.0001 per share",0001193125-26-345223,https://www.sec.gov/Archives/edgar/data/2046386/000119312526345223/primary_doc.xml
MDLN,Medline Inc.,2046386,SCHEDULE 13G/A,2026-08-11,06/30/2026,"H&F Corporate Investors X, Ltd.",153327675,16.0,CO,E9,"Class A common stock, par value $0.0001 per share",0001193125-26-345223,https://www.sec.gov/Archives/edgar/data/2046386/000119312526345223/primary_doc.xml
MDLN,Medline Inc.,2046386,SCHEDULE 13G/A,2026-08-11,06/30/2026,"Hellman & Friedman Capital Partners X (Parallel), L.P.",,"Item 4(b) of the Schedule 13G is hereby amended and restated as follows:

The ownership percentages reflected in this Schedule 13G are calculated based on (i) 877,351,218 shares of Class A Common Stock outstanding as reported in the Issuer's Quarterly Report on Form 10-Q Securities and Exchange Commission on August 5, 2026, plus (ii) 82,453,349 shares of Class A Common Stock issuable to the Reporting Persons upon exchange of Common Units.",,,"Class A common stock, par value $0.0001 per share",0001193125-26-345223,https://www.sec.gov/Archives/edgar/data/2046386/000119312526345223/primary_doc.xml
MDLN,Medline Inc.,2046386,SCHEDULE 13G/A,2026-08-11,06/30/2026,"HFCP X (Parallel - A), L.P.",,,,,"Class A common stock, par value $0.0001 per share",0001193125-26-345223,https://www.sec.gov/Archives/edgar/data/2046386/000119312526345223/primary_doc.xml
MDLN,Medline Inc.,2046386,SCHEDULE 13G/A,2026-08-11,06/30/2026,"Mend Partners II, L.P.",,,,,"Class A common stock, par value $0.0001 per share",0001193125-26-345223,https://www.sec.gov/Archives/edgar/data/2046386/000119312526345223/primary_doc.xml
MDLN,Medline Inc.,2046386,SCHEDULE 13G/A,2026-08-11,06/30/2026,"Mend Investment Holdings I, L.P.",,,,,"Class A common stock, par value $0.0001 per share",0001193125-26-345223,https://www.sec.gov/Archives/edgar/data/2046386/000119312526345223/primary_doc.xml
MDLN,Medline Inc.,2046386,SCHEDULE 13G/A,2026-08-11,06/30/2026,"Hellman & Friedman Investors X, L.P.",,,,,"Class A common stock, par value $0.0001 per share",0001193125-26-345223,https://www.sec.gov/Archives/edgar/data/2046386/000119312526345223/primary_doc.xml
MDLN,Medline Inc.,2046386,SCHEDULE 13G/A,2026-08-11,06/30/2026,"Mend Partners GP, LLC",,,,,"Class A common stock, par value $0.0001 per share",0001193125-26-345223,https://www.sec.gov/Archives/edgar/data/2046386/000119312526345223/primary_doc.xml
MDLN,Medline Inc.,2046386,SCHEDULE 13G/A,2026-08-11,06/30/2026,"Mend Investment Holdings GP, LLC",,,,,"Class A common stock, par value $0.0001 per share",0001193125-26-345223,https://www.sec.gov/Archives/edgar/data/2046386/000119312526345223/primary_doc.xml
MDLN,Medline Inc.,2046386,SCHEDULE 13G/A,2026-08-11,06/30/2026,"Hellman & Friedman Capital Partners X, L.P.",,,,,"Class A common stock, par value $0.0001 per share",0001193125-26-345223,https://www.sec.gov/Archives/edgar/data/2046386/000119312526345223/primary_doc.xml
MDLN,Medline Inc.,2046386,SCHEDULE 13G/A,2026-08-11,06/30/2026,"H&F Corporate Investors X, Ltd.",,,,,"Class A common stock, par value $0.0001 per share",0001193125-26-345223,https://www.sec.gov/Archives/edgar/data/2046386/000119312526345223/primary_doc.xml
MDLN,Medline Inc.,2046386,SCHEDULE 13G/A,2026-08-07,06/30/2026,BX Mozart ML-2 Holdco L.P.,89537913.00,10.2,PN,DE,"Class A Common Stock, par value $0.0001 per share",0001193125-26-340351,https://www.sec.gov/Archives/edgar/data/2046386/000119312526340351/primary_doc.xml
MDLN,Medline Inc.,2046386,SCHEDULE 13G/A,2026-08-07,06/30/2026,BX Mozart ML-1 Holdco L.P.,44780813.00,4.9,PN,DE,"Class A Common Stock, par value $0.0001 per share",0001193125-26-340351,https://www.sec.gov/Archives/edgar/data/2046386/000119312526340351/primary_doc.xml
MDLN,Medline Inc.,2046386,SCHEDULE 13G/A,2026-08-07,06/30/2026,Mozart Aggregator II UNLV Holdco L.P.,10250904.00,1.2,PN,DE,"Class A Common Stock, par value $0.0001 per share",0001193125-26-340351,https://www.sec.gov/Archives/edgar/data/2046386/000119312526340351/primary_doc.xml
MDLN,Medline Inc.,2046386,SCHEDULE 13G/A,2026-08-07,06/30/2026,Mozart Aggregator UNLV Holdco L.P.,6767578.00,0.8,PN,DE,"Class A Common Stock, par value $0.0001 per share",0001193125-26-340351,https://www.sec.gov/Archives/edgar/data/2046386/000119312526340351/primary_doc.xml
MDLN,Medline Inc.,2046386,SCHEDULE 13G/A,2026-08-07,06/30/2026,Mozart Aggregator II LP,91528380.00,10.5,PN,DE,"Class A Common Stock, par value $0.0001 per share",0001193125-26-340351,https://www.sec.gov/Archives/edgar/data/2046386/000119312526340351/primary_doc.xml
MDLN,Medline Inc.,2046386,SCHEDULE 13G/A,2026-08-07,06/30/2026,BX Mozart ML-2 Holdco GP L.L.C.,89537913.00,10.2,OO,DE,"Class A Common Stock, par value $0.0001 per share",0001193125-26-340351,https://www.sec.gov/Archives/edgar/data/2046386/000119312526340351/primary_doc.xml
MDLN,Medline Inc.,2046386,SCHEDULE 13G/A,2026-08-07,06/30/2026,BX Mozart ML-1 Holdco GP L.L.C.,44780813.00,4.9,OO,DE,"Class A Common Stock, par value $0.0001 per share",0001193125-26-340351,https://www.sec.gov/Archives/edgar/data/2046386/000119312526340351/primary_doc.xml
MDLN,Medline Inc.,2046386,SCHEDULE 13G/A,2026-08-07,06/30/2026,BCP Mozart Aggregator L.P.,44780813.00,4.9,PN,DE,"Class A Common Stock, par value $0.0001 per share",0001193125-26-340351,https://www.sec.gov/Archives/edgar/data/2046386/000119312526340351/primary_doc.xml
MDLN,Medline Inc.,2046386,SCHEDULE 13G/A,2026-08-07,06/30/2026,Blackstone Management Associates VIII L.P.,101779284.00,11.0,PN,DE,"Class A Common Stock, par value $0.0001 per share",0001193125-26-340351,https://www.sec.gov/Archives/edgar/data/2046386/000119312526340351/primary_doc.xml
MDLN,Medline Inc.,2046386,SCHEDULE 13G/A,2026-08-07,06/30/2026,BCP 8 Holdings Mozart Manager L.L.C.,51548391.00,5.6,OO,DE,"Class A Common Stock, par value $0.0001 per share",0001193125-26-340351,https://www.sec.gov/Archives/edgar/data/2046386/000119312526340351/primary_doc.xml
MDLN,Medline Inc.,2046386,SCHEDULE 13G/A,2026-08-07,06/30/2026,BMA VIII L.L.C.,153327675.00,16.5,OO,DE,"Class A Common Stock, par value $0.0001 per share",0001193125-26-340351,https://www.sec.gov/Archives/edgar/data/2046386/000119312526340351/primary_doc.xml
MDLN,Medline Inc.,2046386,SCHEDULE 13G/A,2026-08-07,06/30/2026,Blackstone Holdings II L.P.,153327675.00,16.5,PN,DE,"Class A Common Stock, par value $0.0001 per share",0001193125-26-340351,https://www.sec.gov/Archives/edgar/data/2046386/000119312526340351/primary_doc.xml
MDLN,Medline Inc.,2046386,SCHEDULE 13G/A,2026-08-07,06/30/2026,Blackstone Holdings I/II GP L.L.C.,153327675.00,16.5,OO,DE,"Class A Common Stock, par value $0.0001 per share",0001193125-26-340351,https://www.sec.gov/Archives/edgar/data/2046386/000119312526340351/primary_doc.xml
MDLN,Medline Inc.,2046386,SCHEDULE 13G/A,2026-08-07,06/30/2026,Blackstone Inc.,153327675.00,16.5,CO,DE,"Class A Common Stock, par value $0.0001 per share",0001193125-26-340351,https://www.sec.gov/Archives/edgar/data/2046386/000119312526340351/primary_doc.xml
MDLN,Medline Inc.,2046386,SCHEDULE 13G/A,2026-08-07,06/30/2026,Blackstone Group Management L.L.C.,153327675.00,16.5,OO,DE,"Class A Common Stock, par value $0.0001 per share",0001193125-26-340351,https://www.sec.gov/Archives/edgar/data/2046386/000119312526340351/primary_doc.xml
MDLN,Medline Inc.,2046386,SCHEDULE 13G/A,2026-08-07,06/30/2026,Stephen A. Schwarzman,153327675.00,16.5,IN,X1,"Class A Common Stock, par value $0.0001 per share",0001193125-26-340351,https://www.sec.gov/Archives/edgar/data/2046386/000119312526340351/primary_doc.xml
MDLN,Medline Inc.,2046386,SCHEDULE 13G/A,2026-08-07,06/30/2026,BX Mozart ML-2 Holdco L.P.,,"Each of the Reporting Persons may be deemed to be the beneficial owner of the percentage of shares of Class A Common Stock listed on such Reporting Person's cover page, calculated pursuant to Rule 13d-3 of the Act.

Calculations are based on 875,111,752 shares of Class A Common Stock outstanding as of May 28, 2026, as set forth in the Issuer's Final Prospectus filed pursuant to Rule 424(b)(4) filed with the Securities and Exchange Commission on May 26, 2026, and assumes the conversion of all of the Common Units beneficially owned by each respective Reporting Persons.",,,"Class A Common Stock, par value $0.0001 per share",0001193125-26-340351,https://www.sec.gov/Archives/edgar/data/2046386/000119312526340351/primary_doc.xml
MDLN,Medline Inc.,2046386,SCHEDULE 13G/A,2026-08-07,06/30/2026,BX Mozart ML-1 Holdco L.P.,,,,,"Class A Common Stock, par value $0.0001 per share",0001193125-26-340351,https://www.sec.gov/Archives/edgar/data/2046386/000119312526340351/primary_doc.xml
MDLN,Medline Inc.,2046386,SCHEDULE 13G/A,2026-08-07,06/30/2026,Mozart Aggregator II UNLV Holdco L.P.,,,,,"Class A Common Stock, par value $0.0001 per share",0001193125-26-340351,https://www.sec.gov/Archives/edgar/data/2046386/000119312526340351/primary_doc.xml
MDLN,Medline Inc.,2046386,SCHEDULE 13G/A,2026-08-07,06/30/2026,Mozart Aggregator UNLV Holdco L.P.,,,,,"Class A Common Stock, par value $0.0001 per share",0001193125-26-340351,https://www.sec.gov/Archives/edgar/data/2046386/000119312526340351/primary_doc.xml
MDLN,Medline Inc.,2046386,SCHEDULE 13G/A,2026-08-07,06/30/2026,Mozart Aggregator II LP,,,,,"Class A Common Stock, par value $0.0001 per share",0001193125-26-340351,https://www.sec.gov/Archives/edgar/data/2046386/000119312526340351/primary_doc.xml
MDLN,Medline Inc.,2046386,SCHEDULE 13G/A,2026-08-07,06/30/2026,BX Mozart ML-2 Holdco GP L.L.C.,,,,,"Class A Common Stock, par value $0.0001 per share",0001193125-26-340351,https://www.sec.gov/Archives/edgar/data/2046386/000119312526340351/primary_doc.xml
MDLN,Medline Inc.,2046386,SCHEDULE 13G/A,2026-08-07,06/30/2026,BX Mozart ML-1 Holdco GP L.L.C.,,,,,"Class A Common Stock, par value $0.0001 per share",0001193125-26-340351,https://www.sec.gov/Archives/edgar/data/2046386/000119312526340351/primary_doc.xml
MDLN,Medline Inc.,2046386,SCHEDULE 13G/A,2026-08-07,06/30/2026,BCP Mozart Aggregator L.P.,,,,,"Class A Common Stock, par value $0.0001 per share",0001193125-26-340351,https://www.sec.gov/Archives/edgar/data/2046386/000119312526340351/primary_doc.xml
MDLN,Medline Inc.,2046386,SCHEDULE 13G/A,2026-08-07,06/30/2026,Blackstone Management Associates VIII L.P.,,,,,"Class A Common Stock, par value $0.0001 per share",0001193125-26-340351,https://www.sec.gov/Archives/edgar/data/2046386/000119312526340351/primary_doc.xml
MDLN,Medline Inc.,2046386,SCHEDULE 13G/A,2026-08-07,06/30/2026,BCP 8 Holdings Mozart Manager L.L.C.,,,,,"Class A Common Stock, par value $0.0001 per share",0001193125-26-340351,https://www.sec.gov/Archives/edgar/data/2046386/000119312526340351/primary_doc.xml
MDLN,Medline Inc.,2046386,SCHEDULE 13G/A,2026-08-07,06/30/2026,BMA VIII L.L.C.,,,,,"Class A Common Stock, par value $0.0001 per share",0001193125-26-340351,https://www.sec.gov/Archives/edgar/data/2046386/000119312526340351/primary_doc.xml
MDLN,Medline Inc.,2046386,SCHEDULE 13G/A,2026-08-07,06/30/2026,Blackstone Holdings II L.P.,,,,,"Class A Common Stock, par value $0.0001 per share",0001193125-26-340351,https://www.sec.gov/Archives/edgar/data/2046386/000119312526340351/primary_doc.xml
MDLN,Medline Inc.,2046386,SCHEDULE 13G/A,2026-08-07,06/30/2026,Blackstone Holdings I/II GP L.L.C.,,,,,"Class A Common Stock, par value $0.0001 per share",0001193125-26-340351,https://www.sec.gov/Archives/edgar/data/2046386/000119312526340351/primary_doc.xml
MDLN,Medline Inc.,2046386,SCHEDULE 13G/A,2026-08-07,06/30/2026,Blackstone Inc.,,,,,"Class A Common Stock, par value $0.0001 per share",0001193125-26-340351,https://www.sec.gov/Archives/edgar/data/2046386/000119312526340351/primary_doc.xml
MDLN,Medline Inc.,2046386,SCHEDULE 13G/A,2026-08-07,06/30/2026,Blackstone Group Management L.L.C.,,,,,"Class A Common Stock, par value $0.0001 per share",0001193125-26-340351,https://www.sec.gov/Archives/edgar/data/2046386/000119312526340351/primary_doc.xml
MDLN,Medline Inc.,2046386,SCHEDULE 13G/A,2026-08-07,06/30/2026,Stephen A. Schwarzman,,,,,"Class A Common Stock, par value $0.0001 per share",0001193125-26-340351,https://www.sec.gov/Archives/edgar/data/2046386/000119312526340351/primary_doc.xml
MDLN,MEDLINE INC,2046386,SCHEDULE 13G,2026-08-06,06/30/2026,FMR LLC,46929203.69,5.5,HC,DE,CLASS A COMMON STOCK,0000315066-26-002081,https://www.sec.gov/Archives/edgar/data/2046386/000031506626002081/primary_doc.xml
MDLN,MEDLINE INC,2046386,SCHEDULE 13G,2026-08-06,06/30/2026,Abigail P. Johnson,46929203.69,5.5,IN,X1,CLASS A COMMON STOCK,0000315066-26-002081,https://www.sec.gov/Archives/edgar/data/2046386/000031506626002081/primary_doc.xml
MDLN,MEDLINE INC,2046386,SCHEDULE 13G,2026-08-06,06/30/2026,FMR LLC,,5.5,,,CLASS A COMMON STOCK,0000315066-26-002081,https://www.sec.gov/Archives/edgar/data/2046386/000031506626002081/primary_doc.xml
MDLN,MEDLINE INC,2046386,SCHEDULE 13G,2026-08-06,06/30/2026,Abigail P. Johnson,,,,,CLASS A COMMON STOCK,0000315066-26-002081,https://www.sec.gov/Archives/edgar/data/2046386/000031506626002081/primary_doc.xml
MDLN,Medline Inc.,2046386,SCHEDULE 13G/A,2026-05-15,03/31/2026,Carlyle Group Inc.,187083713.00,20.6,CO,DE,"Class A Common Stock, par value $0.0001 per share",0001493152-26-023841,https://www.sec.gov/Archives/edgar/data/2046386/000149315226023841/primary_doc.xml
MDLN,Medline Inc.,2046386,SCHEDULE 13G/A,2026-05-15,03/31/2026,CG Subsidiary Holdings L.L.C.,187083713.00,20.6,OO,DE,"Class A Common Stock, par value $0.0001 per share",0001493152-26-023841,https://www.sec.gov/Archives/edgar/data/2046386/000149315226023841/primary_doc.xml
MDLN,Medline Inc.,2046386,SCHEDULE 13G/A,2026-05-15,03/31/2026,Carlyle Holdings I GP Inc.,41492116.00,4.8,CO,DE,"Class A Common Stock, par value $0.0001 per share",0001493152-26-023841,https://www.sec.gov/Archives/edgar/data/2046386/000149315226023841/primary_doc.xml
MDLN,Medline Inc.,2046386,SCHEDULE 13G/A,2026-05-15,03/31/2026,Carlyle Holdings I GP Sub L.L.C.,41492116.00,4.8,OO,DE,"Class A Common Stock, par value $0.0001 per share",0001493152-26-023841,https://www.sec.gov/Archives/edgar/data/2046386/000149315226023841/primary_doc.xml
MDLN,Medline Inc.,2046386,SCHEDULE 13G/A,2026-05-15,03/31/2026,Carlyle Holdings I L.P.,41492116.00,4.8,PN,DE,"Class A Common Stock, par value $0.0001 per share",0001493152-26-023841,https://www.sec.gov/Archives/edgar/data/2046386/000149315226023841/primary_doc.xml
MDLN,Medline Inc.,2046386,SCHEDULE 13G/A,2026-05-15,03/31/2026,"TC Group, L.L.C.",40763512.00,4.7,OO,DE,"Class A Common Stock, par value $0.0001 per share",0001493152-26-023841,https://www.sec.gov/Archives/edgar/data/2046386/000149315226023841/primary_doc.xml
MDLN,Medline Inc.,2046386,SCHEDULE 13G/A,2026-05-15,03/31/2026,TC Group Sub L.P.,40763512.00,4.7,PN,DE,"Class A Common Stock, par value $0.0001 per share",0001493152-26-023841,https://www.sec.gov/Archives/edgar/data/2046386/000149315226023841/primary_doc.xml
MDLN,Medline Inc.,2046386,SCHEDULE 13G/A,2026-05-15,03/31/2026,"TC Group VII S1, L.L.C.",40763512.00,4.7,OO,DE,"Class A Common Stock, par value $0.0001 per share",0001493152-26-023841,https://www.sec.gov/Archives/edgar/data/2046386/000149315226023841/primary_doc.xml
MDLN,Medline Inc.,2046386,SCHEDULE 13G/A,2026-05-15,03/31/2026,"TC Group VII S1, L.P.",40763512.00,4.7,PN,DE,"Class A Common Stock, par value $0.0001 per share",0001493152-26-023841,https://www.sec.gov/Archives/edgar/data/2046386/000149315226023841/primary_doc.xml
MDLN,Medline Inc.,2046386,SCHEDULE 13G/A,2026-05-15,03/31/2026,"Carlyle Mozart Coinvestment Holdings, L.P.",14011611.00,1.7,PN,DE,"Class A Common Stock, par value $0.0001 per share",0001493152-26-023841,https://www.sec.gov/Archives/edgar/data/2046386/000149315226023841/primary_doc.xml
MDLN,Medline Inc.,2046386,SCHEDULE 13G/A,2026-05-15,03/31/2026,"Carlyle Mozart Coinvestment UNLV Holdco, L.P.",13394165.00,1.6,PN,DE,"Class A Common Stock, par value $0.0001 per share",0001493152-26-023841,https://www.sec.gov/Archives/edgar/data/2046386/000149315226023841/primary_doc.xml
MDLN,Medline Inc.,2046386,SCHEDULE 13G/A,2026-05-15,03/31/2026,"CP Circle UNLV Holdco, L.P.",13357736.00,1.6,PN,DE,"Class A Common Stock, par value $0.0001 per share",0001493152-26-023841,https://www.sec.gov/Archives/edgar/data/2046386/000149315226023841/primary_doc.xml
MDLN,Medline Inc.,2046386,SCHEDULE 13G/A,2026-05-15,03/31/2026,"CPEP GP, LLC",728604.00,0.1,OO,E9,"Class A Common Stock, par value $0.0001 per share",0001493152-26-023841,https://www.sec.gov/Archives/edgar/data/2046386/000149315226023841/primary_doc.xml
MDLN,Medline Inc.,2046386,SCHEDULE 13G/A,2026-05-15,03/31/2026,"CPEP Circle Holdings, L.P.",728604.00,0.1,PN,E9,"Class A Common Stock, par value $0.0001 per share",0001493152-26-023841,https://www.sec.gov/Archives/edgar/data/2046386/000149315226023841/primary_doc.xml
MDLN,Medline Inc.,2046386,SCHEDULE 13G/A,2026-05-15,03/31/2026,Carlyle Holdings II GP L.L.C.,145591597.00,16.3,OO,DE,"Class A Common Stock, par value $0.0001 per share",0001493152-26-023841,https://www.sec.gov/Archives/edgar/data/2046386/000149315226023841/primary_doc.xml
MDLN,Medline Inc.,2046386,SCHEDULE 13G/A,2026-05-15,03/31/2026,Carlyle Holdings II L.L.C.,145591597.00,16.3,OO,DE,"Class A Common Stock, par value $0.0001 per share",0001493152-26-023841,https://www.sec.gov/Archives/edgar/data/2046386/000149315226023841/primary_doc.xml
MDLN,Medline Inc.,2046386,SCHEDULE 13G/A,2026-05-15,03/31/2026,"TC Group Cayman Investment Holdings, L.P.",145591597.00,16.3,PN,E9,"Class A Common Stock, par value $0.0001 per share",0001493152-26-023841,https://www.sec.gov/Archives/edgar/data/2046386/000149315226023841/primary_doc.xml
MDLN,Medline Inc.,2046386,SCHEDULE 13G/A,2026-05-15,03/31/2026,TC Group Cayman Investment Holdings Sub L.P.,145591597.00,16.3,PN,E9,"Class A Common Stock, par value $0.0001 per share",0001493152-26-023841,https://www.sec.gov/Archives/edgar/data/2046386/000149315226023841/primary_doc.xml
MDLN,Medline Inc.,2046386,SCHEDULE 13G/A,2026-05-15,03/31/2026,"TC Group VII, L.L.C.",145591597.00,16.3,OO,DE,"Class A Common Stock, par value $0.0001 per share",0001493152-26-023841,https://www.sec.gov/Archives/edgar/data/2046386/000149315226023841/primary_doc.xml
MDLN,Medline Inc.,2046386,SCHEDULE 13G/A,2026-05-15,03/31/2026,"TC Group VII, L.P.",145591597.00,16.3,PN,DE,"Class A Common Stock, par value $0.0001 per share",0001493152-26-023841,https://www.sec.gov/Archives/edgar/data/2046386/000149315226023841/primary_doc.xml
MDLN,Medline Inc.,2046386,SCHEDULE 13G/A,2026-05-15,03/31/2026,"CP Circle ML-1 Holdco GP, LLC",48283805.00,5.4,OO,DE,"Class A Common Stock, par value $0.0001 per share",0001493152-26-023841,https://www.sec.gov/Archives/edgar/data/2046386/000149315226023841/primary_doc.xml
MDLN,Medline Inc.,2046386,SCHEDULE 13G/A,2026-05-15,03/31/2026,"CP Circle ML-1 Holdco, L.P.",48283805.00,5.4,PN,DE,"Class A Common Stock, par value $0.0001 per share",0001493152-26-023841,https://www.sec.gov/Archives/edgar/data/2046386/000149315226023841/primary_doc.xml
MDLN,Medline Inc.,2046386,SCHEDULE 13G/A,2026-05-15,03/31/2026,"CP Circle ML Holdco GP, LLC",97307792.00,11.5,OO,DE,"Class A Common Stock, par value $0.0001 per share",0001493152-26-023841,https://www.sec.gov/Archives/edgar/data/2046386/000149315226023841/primary_doc.xml
MDLN,Medline Inc.,2046386,SCHEDULE 13G/A,2026-05-15,03/31/2026,"CP Circle ML-2 Holdco, L.P.",233231.00,0.03,PN,DE,"Class A Common Stock, par value $0.0001 per share",0001493152-26-023841,https://www.sec.gov/Archives/edgar/data/2046386/000149315226023841/primary_doc.xml
MDLN,Medline Inc.,2046386,SCHEDULE 13G/A,2026-05-15,03/31/2026,"CP Circle ML-3 Holdco, L.P.",50719101.00,6.0,PN,DE,"Class A Common Stock, par value $0.0001 per share",0001493152-26-023841,https://www.sec.gov/Archives/edgar/data/2046386/000149315226023841/primary_doc.xml
MDLN,Medline Inc.,2046386,SCHEDULE 13G/A,2026-05-15,03/31/2026,"CP Circle ML-4 Holdco, L.P.",23161715.00,2.7,PN,DE,"Class A Common Stock, par value $0.0001 per share",0001493152-26-023841,https://www.sec.gov/Archives/edgar/data/2046386/000149315226023841/primary_doc.xml
MDLN,Medline Inc.,2046386,SCHEDULE 13G/A,2026-05-15,03/31/2026,"CP Circle ML-5 Holdco, L.P.",5748101.00,0.7,PN,DE,"Class A Common Stock, par value $0.0001 per share",0001493152-26-023841,https://www.sec.gov/Archives/edgar/data/2046386/000149315226023841/primary_doc.xml
MDLN,Medline Inc.,2046386,SCHEDULE 13G/A,2026-05-15,03/31/2026,"CP Circle ML-6 Holdco, L.P.",2120434.00,0.3,PN,DE,"Class A Common Stock, par value $0.0001 per share",0001493152-26-023841,https://www.sec.gov/Archives/edgar/data/2046386/000149315226023841/primary_doc.xml
MDLN,Medline Inc.,2046386,SCHEDULE 13G/A,2026-05-15,03/31/2026,"CP Circle ML-7 Holdco, L.P.",15325210.00,1.8,PN,DE,"Class A Common Stock, par value $0.0001 per share",0001493152-26-023841,https://www.sec.gov/Archives/edgar/data/2046386/000149315226023841/primary_doc.xml
MDLN,Medline Inc.,2046386,SCHEDULE 13G/A,2026-05-15,03/31/2026,Carlyle Group Inc.,,See Item 11 of each of the cover pages hereto.,,,"Class A Common Stock, par value $0.0001 per share",0001493152-26-023841,https://www.sec.gov/Archives/edgar/data/2046386/000149315226023841/primary_doc.xml
MDLN,Medline Inc.,2046386,SCHEDULE 13G/A,2026-05-15,03/31/2026,CG Subsidiary Holdings L.L.C.,,,,,"Class A Common Stock, par value $0.0001 per share",0001493152-26-023841,https://www.sec.gov/Archives/edgar/data/2046386/000149315226023841/primary_doc.xml
MDLN,Medline Inc.,2046386,SCHEDULE 13G/A,2026-05-15,03/31/2026,Carlyle Holdings I GP Inc.,,,,,"Class A Common Stock, par value $0.0001 per share",0001493152-26-023841,https://www.sec.gov/Archives/edgar/data/2046386/000149315226023841/primary_doc.xml
MDLN,Medline Inc.,2046386,SCHEDULE 13G/A,2026-05-15,03/31/2026,Carlyle Holdings I GP Sub L.L.C.,,,,,"Class A Common Stock, par value $0.0001 per share",0001493152-26-023841,https://www.sec.gov/Archives/edgar/data/2046386/000149315226023841/primary_doc.xml
MDLN,Medline Inc.,2046386,SCHEDULE 13G/A,2026-05-15,03/31/2026,Carlyle Holdings I L.P.,,,,,"Class A Common Stock, par value $0.0001 per share",0001493152-26-023841,https://www.sec.gov/Archives/edgar/data/2046386/000149315226023841/primary_doc.xml
MDLN,Medline Inc.,2046386,SCHEDULE 13G/A,2026-05-15,03/31/2026,"TC Group, L.L.C.",,,,,"Class A Common Stock, par value $0.0001 per share",0001493152-26-023841,https://www.sec.gov/Archives/edgar/data/2046386/000149315226023841/primary_doc.xml
MDLN,Medline Inc.,2046386,SCHEDULE 13G/A,2026-05-15,03/31/2026,TC Group Sub L.P.,,,,,"Class A Common Stock, par value $0.0001 per share",0001493152-26-023841,https://www.sec.gov/Archives/edgar/data/2046386/000149315226023841/primary_doc.xml
MDLN,Medline Inc.,2046386,SCHEDULE 13G/A,2026-05-15,03/31/2026,"TC Group VII S1, L.L.C.",,,,,"Class A Common Stock, par value $0.0001 per share",0001493152-26-023841,https://www.sec.gov/Archives/edgar/data/2046386/000149315226023841/primary_doc.xml
MDLN,Medline Inc.,2046386,SCHEDULE 13G/A,2026-05-15,03/31/2026,"TC Group VII S1, L.P.",,,,,"Class A Common Stock, par value $0.0001 per share",0001493152-26-023841,https://www.sec.gov/Archives/edgar/data/2046386/000149315226023841/primary_doc.xml
MDLN,Medline Inc.,2046386,SCHEDULE 13G/A,2026-05-15,03/31/2026,"Carlyle Mozart Coinvestment Holdings, L.P.",,,,,"Class A Common Stock, par value $0.0001 per share",0001493152-26-023841,https://www.sec.gov/Archives/edgar/data/2046386/000149315226023841/primary_doc.xml
MDLN,Medline Inc.,2046386,SCHEDULE 13G/A,2026-05-15,03/31/2026,"Carlyle Mozart Coinvestment UNLV Holdco, L.P.",,,,,"Class A Common Stock, par value $0.0001 per share",0001493152-26-023841,https://www.sec.gov/Archives/edgar/data/2046386/000149315226023841/primary_doc.xml
MDLN,Medline Inc.,2046386,SCHEDULE 13G/A,2026-05-15,03/31/2026,"CP Circle UNLV Holdco, L.P.",,,,,"Class A Common Stock, par value $0.0001 per share",0001493152-26-023841,https://www.sec.gov/Archives/edgar/data/2046386/000149315226023841/primary_doc.xml
MDLN,Medline Inc.,2046386,SCHEDULE 13G/A,2026-05-15,03/31/2026,"CPEP GP, LLC",,,,,"Class A Common Stock, par value $0.0001 per share",0001493152-26-023841,https://www.sec.gov/Archives/edgar/data/2046386/000149315226023841/primary_doc.xml
MDLN,Medline Inc.,2046386,SCHEDULE 13G/A,2026-05-15,03/31/2026,"CPEP Circle Holdings, L.P.",,,,,"Class A Common Stock, par value $0.0001 per share",0001493152-26-023841,https://www.sec.gov/Archives/edgar/data/2046386/000149315226023841/primary_doc.xml
MDLN,Medline Inc.,2046386,SCHEDULE 13G/A,2026-05-15,03/31/2026,Carlyle Holdings II GP L.L.C.,,,,,"Class A Common Stock, par value $0.0001 per share",0001493152-26-023841,https://www.sec.gov/Archives/edgar/data/2046386/000149315226023841/primary_doc.xml
MDLN,Medline Inc.,2046386,SCHEDULE 13G/A,2026-05-15,03/31/2026,Carlyle Holdings II L.L.C.,,,,,"Class A Common Stock, par value $0.0001 per share",0001493152-26-023841,https://www.sec.gov/Archives/edgar/data/2046386/000149315226023841/primary_doc.xml
MDLN,Medline Inc.,2046386,SCHEDULE 13G/A,2026-05-15,03/31/2026,"TC Group Cayman Investment Holdings, L.P.",,,,,"Class A Common Stock, par value $0.0001 per share",0001493152-26-023841,https://www.sec.gov/Archives/edgar/data/2046386/000149315226023841/primary_doc.xml
MDLN,Medline Inc.,2046386,SCHEDULE 13G/A,2026-05-15,03/31/2026,TC Group Cayman Investment Holdings Sub L.P.,,,,,"Class A Common Stock, par value $0.0001 per share",0001493152-26-023841,https://www.sec.gov/Archives/edgar/data/2046386/000149315226023841/primary_doc.xml
MDLN,Medline Inc.,2046386,SCHEDULE 13G/A,2026-05-15,03/31/2026,"TC Group VII, L.L.C.",,,,,"Class A Common Stock, par value $0.0001 per share",0001493152-26-023841,https://www.sec.gov/Archives/edgar/data/2046386/000149315226023841/primary_doc.xml
MDLN,Medline Inc.,2046386,SCHEDULE 13G/A,2026-05-15,03/31/2026,"TC Group VII, L.P.",,,,,"Class A Common Stock, par value $0.0001 per share",0001493152-26-023841,https://www.sec.gov/Archives/edgar/data/2046386/000149315226023841/primary_doc.xml
MDLN,Medline Inc.,2046386,SCHEDULE 13G/A,2026-05-15,03/31/2026,"CP Circle ML-1 Holdco GP, LLC",,,,,"Class A Common Stock, par value $0.0001 per share",0001493152-26-023841,https://www.sec.gov/Archives/edgar/data/2046386/000149315226023841/primary_doc.xml
MDLN,Medline Inc.,2046386,SCHEDULE 13G/A,2026-05-15,03/31/2026,"CP Circle ML-1 Holdco, L.P.",,,,,"Class A Common Stock, par value $0.0001 per share",0001493152-26-023841,https://www.sec.gov/Archives/edgar/data/2046386/000149315226023841/primary_doc.xml
MDLN,Medline Inc.,2046386,SCHEDULE 13G/A,2026-05-15,03/31/2026,"CP Circle ML Holdco GP, LLC",,,,,"Class A Common Stock, par value $0.0001 per share",0001493152-26-023841,https://www.sec.gov/Archives/edgar/data/2046386/000149315226023841/primary_doc.xml
MDLN,Medline Inc.,2046386,SCHEDULE 13G/A,2026-05-15,03/31/2026,"CP Circle ML-2 Holdco, L.P.",,,,,"Class A Common Stock, par value $0.0001 per share",0001493152-26-023841,https://www.sec.gov/Archives/edgar/data/2046386/000149315226023841/primary_doc.xml
MDLN,Medline Inc.,2046386,SCHEDULE 13G/A,2026-05-15,03/31/2026,"CP Circle ML-3 Holdco, L.P.",,,,,"Class A Common Stock, par value $0.0001 per share",0001493152-26-023841,https://www.sec.gov/Archives/edgar/data/2046386/000149315226023841/primary_doc.xml
MDLN,Medline Inc.,2046386,SCHEDULE 13G/A,2026-05-15,03/31/2026,"CP Circle ML-4 Holdco, L.P.",,,,,"Class A Common Stock, par value $0.0001 per share",0001493152-26-023841,https://www.sec.gov/Archives/edgar/data/2046386/000149315226023841/primary_doc.xml
MDLN,Medline Inc.,2046386,SCHEDULE 13G/A,2026-05-15,03/31/2026,"CP Circle ML-5 Holdco, L.P.",,,,,"Class A Common Stock, par value $0.0001 per share",0001493152-26-023841,https://www.sec.gov/Archives/edgar/data/2046386/000149315226023841/primary_doc.xml
MDLN,Medline Inc.,2046386,SCHEDULE 13G/A,2026-05-15,03/31/2026,"CP Circle ML-6 Holdco, L.P.",,,,,"Class A Common Stock, par value $0.0001 per share",0001493152-26-023841,https://www.sec.gov/Archives/edgar/data/2046386/000149315226023841/primary_doc.xml
MDLN,Medline Inc.,2046386,SCHEDULE 13G/A,2026-05-15,03/31/2026,"CP Circle ML-7 Holdco, L.P.",,,,,"Class A Common Stock, par value $0.0001 per share",0001493152-26-023841,https://www.sec.gov/Archives/edgar/data/2046386/000149315226023841/primary_doc.xml
MDLN,Medline Inc.,2046386,SCHEDULE 13G/A,2026-05-07,03/31/2026,Abu Dhabi Investment Authority,41355340.00,4.9,OO,C0,"Class A Common Stock, par value $0.0001 per share",0001104659-26-056629,https://www.sec.gov/Archives/edgar/data/2046386/000110465926056629/primary_doc.xml
MDLN,Medline Inc.,2046386,SCHEDULE 13G/A,2026-05-07,03/31/2026,Platinum Falcon B 2018 RSC Limited,40838099.00,4.8,CO,C0,"Class A Common Stock, par value $0.0001 per share",0001104659-26-056629,https://www.sec.gov/Archives/edgar/data/2046386/000110465926056629/primary_doc.xml
MDLN,Medline Inc.,2046386,SCHEDULE 13G/A,2026-05-07,03/31/2026,Abu Dhabi Investment Authority,,See responses to Item 11 on each cover page.,,,"Class A Common Stock, par value $0.0001 per share",0001104659-26-056629,https://www.sec.gov/Archives/edgar/data/2046386/000110465926056629/primary_doc.xml
MDLN,Medline Inc.,2046386,SCHEDULE 13G/A,2026-05-07,03/31/2026,Platinum Falcon B 2018 RSC Limited,,,,,"Class A Common Stock, par value $0.0001 per share",0001104659-26-056629,https://www.sec.gov/Archives/edgar/data/2046386/000110465926056629/primary_doc.xml
MDLN,Medline Inc.,2046386,SCHEDULE 13G/A,2026-05-06,03/31/2026,"Hellman & Friedman Capital Partners X (Parallel), L.P.",74496172,7.9,PN,E9,"Class A common stock, par value $0.0001 per share",0001193125-26-209831,https://www.sec.gov/Archives/edgar/data/2046386/000119312526209831/primary_doc.xml
MDLN,Medline Inc.,2046386,SCHEDULE 13G/A,2026-05-06,03/31/2026,"HFCP X (Parallel - A), L.P.",7781788,0.8,PN,DE,"Class A common stock, par value $0.0001 per share",0001193125-26-209831,https://www.sec.gov/Archives/edgar/data/2046386/000119312526209831/primary_doc.xml
MDLN,Medline Inc.,2046386,SCHEDULE 13G/A,2026-05-06,03/31/2026,"Mend Partners II, L.P.",4176227,0.4,PN,DE,"Class A common stock, par value $0.0001 per share",0001193125-26-209831,https://www.sec.gov/Archives/edgar/data/2046386/000119312526209831/primary_doc.xml
MDLN,Medline Inc.,2046386,SCHEDULE 13G/A,2026-05-06,03/31/2026,"Mend Investment Holdings I, L.P.",100629526,10.6,PN,DE,"Class A common stock, par value $0.0001 per share",0001193125-26-209831,https://www.sec.gov/Archives/edgar/data/2046386/000119312526209831/primary_doc.xml
MDLN,Medline Inc.,2046386,SCHEDULE 13G/A,2026-05-06,03/31/2026,"Hellman & Friedman Investors X, L.P.",187083713,19.8,PN,E9,"Class A common stock, par value $0.0001 per share",0001193125-26-209831,https://www.sec.gov/Archives/edgar/data/2046386/000119312526209831/primary_doc.xml
MDLN,Medline Inc.,2046386,SCHEDULE 13G/A,2026-05-06,03/31/2026,"Mend Partners GP, LLC",4176227,0.4,OO,DE,"Class A common stock, par value $0.0001 per share",0001193125-26-209831,https://www.sec.gov/Archives/edgar/data/2046386/000119312526209831/primary_doc.xml
MDLN,Medline Inc.,2046386,SCHEDULE 13G/A,2026-05-06,03/31/2026,"Mend Investment Holdings GP, LLC",100629526,10.6,OO,DE,"Class A common stock, par value $0.0001 per share",0001193125-26-209831,https://www.sec.gov/Archives/edgar/data/2046386/000119312526209831/primary_doc.xml
MDLN,Medline Inc.,2046386,SCHEDULE 13G/A,2026-05-06,03/31/2026,"Hellman & Friedman Capital Partners X, L.P.",100629526,10.6,PN,E9,"Class A common stock, par value $0.0001 per share",0001193125-26-209831,https://www.sec.gov/Archives/edgar/data/2046386/000119312526209831/primary_doc.xml
MDLN,Medline Inc.,2046386,SCHEDULE 13G/A,2026-05-06,03/31/2026,"H&F Corporate Investors X, Ltd.",187083713,19.8,CO,E9,"Class A common stock, par value $0.0001 per share",0001193125-26-209831,https://www.sec.gov/Archives/edgar/data/2046386/000119312526209831/primary_doc.xml
MDLN,Medline Inc.,2046386,SCHEDULE 13G/A,2026-05-06,03/31/2026,"Hellman & Friedman Capital Partners X (Parallel), L.P.",,"Item 4(b) of the Schedule 13G is hereby amended and restated as follows:

The ownership percentages reflected in this Schedule 13G are calculated based on (i) 845,611,435 shares of Class A Common Stock outstanding as reported in the Issuer's Final Prospectus filed pursuant to Rule 424(b)(4) with the Securities and Exchange Commission on March 6, 2026, following the underwriters' exercise in full of their option to purchase additional shares of Class A Common Stock, plus (ii) 100,610,216 shares of Class A Common Stock issuable to the Reporting Persons upon exchange of Common Units.",,,"Class A common stock, par value $0.0001 per share",0001193125-26-209831,https://www.sec.gov/Archives/edgar/data/2046386/000119312526209831/primary_doc.xml
MDLN,Medline Inc.,2046386,SCHEDULE 13G/A,2026-05-06,03/31/2026,"HFCP X (Parallel - A), L.P.",,,,,"Class A common stock, par value $0.0001 per share",0001193125-26-209831,https://www.sec.gov/Archives/edgar/data/2046386/000119312526209831/primary_doc.xml
MDLN,Medline Inc.,2046386,SCHEDULE 13G/A,2026-05-06,03/31/2026,"Mend Partners II, L.P.",,,,,"Class A common stock, par value $0.0001 per share",0001193125-26-209831,https://www.sec.gov/Archives/edgar/data/2046386/000119312526209831/primary_doc.xml
MDLN,Medline Inc.,2046386,SCHEDULE 13G/A,2026-05-06,03/31/2026,"Mend Investment Holdings I, L.P.",,,,,"Class A common stock, par value $0.0001 per share",0001193125-26-209831,https://www.sec.gov/Archives/edgar/data/2046386/000119312526209831/primary_doc.xml
MDLN,Medline Inc.,2046386,SCHEDULE 13G/A,2026-05-06,03/31/2026,"Hellman & Friedman Investors X, L.P.",,,,,"Class A common stock, par value $0.0001 per share",0001193125-26-209831,https://www.sec.gov/Archives/edgar/data/2046386/000119312526209831/primary_doc.xml
MDLN,Medline Inc.,2046386,SCHEDULE 13G/A,2026-05-06,03/31/2026,"Mend Partners GP, LLC",,,,,"Class A common stock, par value $0.0001 per share",0001193125-26-209831,https://www.sec.gov/Archives/edgar/data/2046386/000119312526209831/primary_doc.xml
MDLN,Medline Inc.,2046386,SCHEDULE 13G/A,2026-05-06,03/31/2026,"Mend Investment Holdings GP, LLC",,,,,"Class A common stock, par value $0.0001 per share",0001193125-26-209831,https://www.sec.gov/Archives/edgar/data/2046386/000119312526209831/primary_doc.xml
MDLN,Medline Inc.,2046386,SCHEDULE 13G/A,2026-05-06,03/31/2026,"Hellman & Friedman Capital Partners X, L.P.",,,,,"Class A common stock, par value $0.0001 per share",0001193125-26-209831,https://www.sec.gov/Archives/edgar/data/2046386/000119312526209831/primary_doc.xml
MDLN,Medline Inc.,2046386,SCHEDULE 13G/A,2026-05-06,03/31/2026,"H&F Corporate Investors X, Ltd.",,,,,"Class A common stock, par value $0.0001 per share",0001193125-26-209831,https://www.sec.gov/Archives/edgar/data/2046386/000119312526209831/primary_doc.xml
MDLN,Medline Inc.,2046386,SCHEDULE 13G/A,2026-05-01,03/31/2026,BX Mozart ML-2 Holdco L.P.,109250239.00,12.9,PN,DE,"Class A Common Stock, par value $0.0001 per share",0001193125-26-201547,https://www.sec.gov/Archives/edgar/data/2046386/000119312526201547/primary_doc.xml
MDLN,Medline Inc.,2046386,SCHEDULE 13G/A,2026-05-01,03/31/2026,BX Mozart ML-1 Holdco L.P.,54639587.00,6.1,PN,DE,"Class A Common Stock, par value $0.0001 per share",0001193125-26-201547,https://www.sec.gov/Archives/edgar/data/2046386/000119312526201547/primary_doc.xml
MDLN,Medline Inc.,2046386,SCHEDULE 13G/A,2026-05-01,03/31/2026,Mozart Aggregator II UNLV Holdco L.P.,12507704.00,1.5,PN,DE,"Class A Common Stock, par value $0.0001 per share",0001193125-26-201547,https://www.sec.gov/Archives/edgar/data/2046386/000119312526201547/primary_doc.xml
MDLN,Medline Inc.,2046386,SCHEDULE 13G/A,2026-05-01,03/31/2026,Mozart Aggregator UNLV Holdco L.P.,8257502.00,1.0,PN,DE,"Class A Common Stock, par value $0.0001 per share",0001193125-26-201547,https://www.sec.gov/Archives/edgar/data/2046386/000119312526201547/primary_doc.xml
MDLN,Medline Inc.,2046386,SCHEDULE 13G/A,2026-05-01,03/31/2026,Mozart Aggregator II LP,111678920.00,13.2,PN,DE,"Class A Common Stock, par value $0.0001 per share",0001193125-26-201547,https://www.sec.gov/Archives/edgar/data/2046386/000119312526201547/primary_doc.xml
MDLN,Medline Inc.,2046386,SCHEDULE 13G/A,2026-05-01,03/31/2026,BX Mozart ML-2 Holdco GP L.L.C.,109250239.00,12.9,OO,DE,"Class A Common Stock, par value $0.0001 per share",0001193125-26-201547,https://www.sec.gov/Archives/edgar/data/2046386/000119312526201547/primary_doc.xml
MDLN,Medline Inc.,2046386,SCHEDULE 13G/A,2026-05-01,03/31/2026,BX Mozart ML-1 Holdco GP L.L.C.,54639587.00,6.1,OO,DE,"Class A Common Stock, par value $0.0001 per share",0001193125-26-201547,https://www.sec.gov/Archives/edgar/data/2046386/000119312526201547/primary_doc.xml
MDLN,Medline Inc.,2046386,SCHEDULE 13G/A,2026-05-01,03/31/2026,BCP Mozart Aggregator L.P.,54639587.00,6.1,PN,DE,"Class A Common Stock, par value $0.0001 per share",0001193125-26-201547,https://www.sec.gov/Archives/edgar/data/2046386/000119312526201547/primary_doc.xml
MDLN,Medline Inc.,2046386,SCHEDULE 13G/A,2026-05-01,03/31/2026,Blackstone Management Associates VIII L.P.,124186624.00,14.7,PN,DE,"Class A Common Stock, par value $0.0001 per share",0001193125-26-201547,https://www.sec.gov/Archives/edgar/data/2046386/000119312526201547/primary_doc.xml
MDLN,Medline Inc.,2046386,SCHEDULE 13G/A,2026-05-01,03/31/2026,BCP 8 Holdings Mozart Manager L.L.C.,62897089.00,6.9,OO,DE,"Class A Common Stock, par value $0.0001 per share",0001193125-26-201547,https://www.sec.gov/Archives/edgar/data/2046386/000119312526201547/primary_doc.xml
MDLN,Medline Inc.,2046386,SCHEDULE 13G/A,2026-05-01,03/31/2026,BMA VIII L.L.C.,187083713.00,20.6,OO,DE,"Class A Common Stock, par value $0.0001 per share",0001193125-26-201547,https://www.sec.gov/Archives/edgar/data/2046386/000119312526201547/primary_doc.xml
MDLN,Medline Inc.,2046386,SCHEDULE 13G/A,2026-05-01,03/31/2026,Blackstone Holdings II L.P.,187083713.00,20.6,PN,DE,"Class A Common Stock, par value $0.0001 per share",0001193125-26-201547,https://www.sec.gov/Archives/edgar/data/2046386/000119312526201547/primary_doc.xml
MDLN,Medline Inc.,2046386,SCHEDULE 13G/A,2026-05-01,03/31/2026,Blackstone Holdings I/II GP L.L.C.,187083713.00,20.6,OO,DE,"Class A Common Stock, par value $0.0001 per share",0001193125-26-201547,https://www.sec.gov/Archives/edgar/data/2046386/000119312526201547/primary_doc.xml
MDLN,Medline Inc.,2046386,SCHEDULE 13G/A,2026-05-01,03/31/2026,Blackstone Inc.,187083713.00,20.6,CO,DE,"Class A Common Stock, par value $0.0001 per share",0001193125-26-201547,https://www.sec.gov/Archives/edgar/data/2046386/000119312526201547/primary_doc.xml
MDLN,Medline Inc.,2046386,SCHEDULE 13G/A,2026-05-01,03/31/2026,Blackstone Group Management L.L.C.,187083713.00,20.6,OO,DE,"Class A Common Stock, par value $0.0001 per share",0001193125-26-201547,https://www.sec.gov/Archives/edgar/data/2046386/000119312526201547/primary_doc.xml
MDLN,Medline Inc.,2046386,SCHEDULE 13G/A,2026-05-01,03/31/2026,Stephen A. Schwarzman,187083713.00,20.6,IN,X1,"Class A Common Stock, par value $0.0001 per share",0001193125-26-201547,https://www.sec.gov/Archives/edgar/data/2046386/000119312526201547/primary_doc.xml
MDLN,Medline Inc.,2046386,SCHEDULE 13G/A,2026-05-01,03/31/2026,BX Mozart ML-2 Holdco L.P.,,"Each of the Reporting Persons may be deemed to be the beneficial owner of the percentage of shares of Class A Common Stock listed on such Reporting Person's cover page, calculated pursuant to Rule 13d-3 of the Act.

Calculations are based on 845,611,435 shares of Class A Common Stock outstanding as of March 10, 2026, as set forth in the Issuer's Final Prospectus filed pursuant to Rule 424(b)(4) filed with the Securities and Exchange Commission on March 6, 2026, following the underwriters' exercise in full of their option to purchase additional shares of Class A Common Stock, and assumes the conversion of all of the Common Units beneficially owned by each respective Reporting Person.",,,"Class A Common Stock, par value $0.0001 per share",0001193125-26-201547,https://www.sec.gov/Archives/edgar/data/2046386/000119312526201547/primary_doc.xml
MDLN,Medline Inc.,2046386,SCHEDULE 13G/A,2026-05-01,03/31/2026,BX Mozart ML-1 Holdco L.P.,,,,,"Class A Common Stock, par value $0.0001 per share",0001193125-26-201547,https://www.sec.gov/Archives/edgar/data/2046386/000119312526201547/primary_doc.xml
MDLN,Medline Inc.,2046386,SCHEDULE 13G/A,2026-05-01,03/31/2026,Mozart Aggregator II UNLV Holdco L.P.,,,,,"Class A Common Stock, par value $0.0001 per share",0001193125-26-201547,https://www.sec.gov/Archives/edgar/data/2046386/000119312526201547/primary_doc.xml
MDLN,Medline Inc.,2046386,SCHEDULE 13G/A,2026-05-01,03/31/2026,Mozart Aggregator UNLV Holdco L.P.,,,,,"Class A Common Stock, par value $0.0001 per share",0001193125-26-201547,https://www.sec.gov/Archives/edgar/data/2046386/000119312526201547/primary_doc.xml
MDLN,Medline Inc.,2046386,SCHEDULE 13G/A,2026-05-01,03/31/2026,Mozart Aggregator II LP,,,,,"Class A Common Stock, par value $0.0001 per share",0001193125-26-201547,https://www.sec.gov/Archives/edgar/data/2046386/000119312526201547/primary_doc.xml
MDLN,Medline Inc.,2046386,SCHEDULE 13G/A,2026-05-01,03/31/2026,BX Mozart ML-2 Holdco GP L.L.C.,,,,,"Class A Common Stock, par value $0.0001 per share",0001193125-26-201547,https://www.sec.gov/Archives/edgar/data/2046386/000119312526201547/primary_doc.xml
MDLN,Medline Inc.,2046386,SCHEDULE 13G/A,2026-05-01,03/31/2026,BX Mozart ML-1 Holdco GP L.L.C.,,,,,"Class A Common Stock, par value $0.0001 per share",0001193125-26-201547,https://www.sec.gov/Archives/edgar/data/2046386/000119312526201547/primary_doc.xml
MDLN,Medline Inc.,2046386,SCHEDULE 13G/A,2026-05-01,03/31/2026,BCP Mozart Aggregator L.P.,,,,,"Class A Common Stock, par value $0.0001 per share",0001193125-26-201547,https://www.sec.gov/Archives/edgar/data/2046386/000119312526201547/primary_doc.xml
MDLN,Medline Inc.,2046386,SCHEDULE 13G/A,2026-05-01,03/31/2026,Blackstone Management Associates VIII L.P.,,,,,"Class A Common Stock, par value $0.0001 per share",0001193125-26-201547,https://www.sec.gov/Archives/edgar/data/2046386/000119312526201547/primary_doc.xml
MDLN,Medline Inc.,2046386,SCHEDULE 13G/A,2026-05-01,03/31/2026,BCP 8 Holdings Mozart Manager L.L.C.,,,,,"Class A Common Stock, par value $0.0001 per share",0001193125-26-201547,https://www.sec.gov/Archives/edgar/data/2046386/000119312526201547/primary_doc.xml
MDLN,Medline Inc.,2046386,SCHEDULE 13G/A,2026-05-01,03/31/2026,BMA VIII L.L.C.,,,,,"Class A Common Stock, par value $0.0001 per share",0001193125-26-201547,https://www.sec.gov/Archives/edgar/data/2046386/000119312526201547/primary_doc.xml
MDLN,Medline Inc.,2046386,SCHEDULE 13G/A,2026-05-01,03/31/2026,Blackstone Holdings II L.P.,,,,,"Class A Common Stock, par value $0.0001 per share",0001193125-26-201547,https://www.sec.gov/Archives/edgar/data/2046386/000119312526201547/primary_doc.xml
MDLN,Medline Inc.,2046386,SCHEDULE 13G/A,2026-05-01,03/31/2026,Blackstone Holdings I/II GP L.L.C.,,,,,"Class A Common Stock, par value $0.0001 per share",0001193125-26-201547,https://www.sec.gov/Archives/edgar/data/2046386/000119312526201547/primary_doc.xml
MDLN,Medline Inc.,2046386,SCHEDULE 13G/A,2026-05-01,03/31/2026,Blackstone Inc.,,,,,"Class A Common Stock, par value $0.0001 per share",0001193125-26-201547,https://www.sec.gov/Archives/edgar/data/2046386/000119312526201547/primary_doc.xml
MDLN,Medline Inc.,2046386,SCHEDULE 13G/A,2026-05-01,03/31/2026,Blackstone Group Management L.L.C.,,,,,"Class A Common Stock, par value $0.0001 per share",0001193125-26-201547,https://www.sec.gov/Archives/edgar/data/2046386/000119312526201547/primary_doc.xml
MDLN,Medline Inc.,2046386,SCHEDULE 13G/A,2026-05-01,03/31/2026,Stephen A. Schwarzman,,,,,"Class A Common Stock, par value $0.0001 per share",0001193125-26-201547,https://www.sec.gov/Archives/edgar/data/2046386/000119312526201547/primary_doc.xml
MDLN,Medline Inc.,2046386,SCHEDULE 13G,2026-02-13,12/31/2025,"Hellman & Friedman Capital Partners X (Parallel), L.P.",85733022,9.2,PN,E9,"Class A common stock, par value $0.0001 per share",0001193125-26-051918,https://www.sec.gov/Archives/edgar/data/2046386/000119312526051918/primary_doc.xml
MDLN,Medline Inc.,2046386,SCHEDULE 13G,2026-02-13,12/31/2025,"HFCP X (Parallel - A), L.P.",8955577,1.0,PN,DE,"Class A common stock, par value $0.0001 per share",0001193125-26-051918,https://www.sec.gov/Archives/edgar/data/2046386/000119312526051918/primary_doc.xml
MDLN,Medline Inc.,2046386,SCHEDULE 13G,2026-02-13,12/31/2025,"Mend Partners II, L.P.",4806160,0.5,PN,DE,"Class A common stock, par value $0.0001 per share",0001193125-26-051918,https://www.sec.gov/Archives/edgar/data/2046386/000119312526051918/primary_doc.xml
MDLN,Medline Inc.,2046386,SCHEDULE 13G,2026-02-13,12/31/2025,"Mend Investment Holdings I, L.P.",115808277,12.5,PN,DE,"Class A common stock, par value $0.0001 per share",0001193125-26-051918,https://www.sec.gov/Archives/edgar/data/2046386/000119312526051918/primary_doc.xml
MDLN,Medline Inc.,2046386,SCHEDULE 13G,2026-02-13,12/31/2025,"Hellman & Friedman Investors X, L.P.",215303036,23.2,PN,E9,"Class A common stock, par value $0.0001 per share",0001193125-26-051918,https://www.sec.gov/Archives/edgar/data/2046386/000119312526051918/primary_doc.xml
MDLN,Medline Inc.,2046386,SCHEDULE 13G,2026-02-13,12/31/2025,"Mend Partners GP, LLC",4806160,0.5,OO,DE,"Class A common stock, par value $0.0001 per share",0001193125-26-051918,https://www.sec.gov/Archives/edgar/data/2046386/000119312526051918/primary_doc.xml
MDLN,Medline Inc.,2046386,SCHEDULE 13G,2026-02-13,12/31/2025,"Mend Investment Holdings GP, LLC",115808277,12.5,OO,DE,"Class A common stock, par value $0.0001 per share",0001193125-26-051918,https://www.sec.gov/Archives/edgar/data/2046386/000119312526051918/primary_doc.xml
MDLN,Medline Inc.,2046386,SCHEDULE 13G,2026-02-13,12/31/2025,"Hellman & Friedman Capital Partners X, L.P.",115808277,12.5,PN,E9,"Class A common stock, par value $0.0001 per share",0001193125-26-051918,https://www.sec.gov/Archives/edgar/data/2046386/000119312526051918/primary_doc.xml
MDLN,Medline Inc.,2046386,SCHEDULE 13G,2026-02-13,12/31/2025,"H&F Corporate Investors X, Ltd.",215303036,23.2,CO,E9,"Class A common stock, par value $0.0001 per share",0001193125-26-051918,https://www.sec.gov/Archives/edgar/data/2046386/000119312526051918/primary_doc.xml
MDLN,Medline Inc.,2046386,SCHEDULE 13G,2026-02-13,12/31/2025,"Hellman & Friedman Capital Partners X (Parallel), L.P.",,"The ownership percentages reflected in this Schedule 13G are calculated based on (i) 811,418,179 shares of Class A Common Stock outstanding as reported in the Issuer's Final Prospectus filed pursuant to Rule 424(b)(4) with the Securities and Exchange Commission on December 18, 2025, following the underwriters' exercise in full of their option to purchase additional shares of Class A Common Stock, (ii) plus 2,098,005 shares of Class A Common Stock issued to Mend Investment I on December 18, 2025 in exchange for an equal number of Common Units, plus (iii) the 115,788,967 shares of Class A Common Stock issuable to the Reporting Persons upon exchange of Common Units.",,,"Class A common stock, par value $0.0001 per share",0001193125-26-051918,https://www.sec.gov/Archives/edgar/data/2046386/000119312526051918/primary_doc.xml
MDLN,Medline Inc.,2046386,SCHEDULE 13G,2026-02-13,12/31/2025,"HFCP X (Parallel - A), L.P.",,,,,"Class A common stock, par value $0.0001 per share",0001193125-26-051918,https://www.sec.gov/Archives/edgar/data/2046386/000119312526051918/primary_doc.xml
MDLN,Medline Inc.,2046386,SCHEDULE 13G,2026-02-13,12/31/2025,"Mend Partners II, L.P.",,,,,"Class A common stock, par value $0.0001 per share",0001193125-26-051918,https://www.sec.gov/Archives/edgar/data/2046386/000119312526051918/primary_doc.xml
MDLN,Medline Inc.,2046386,SCHEDULE 13G,2026-02-13,12/31/2025,"Mend Investment Holdings I, L.P.",,,,,"Class A common stock, par value $0.0001 per share",0001193125-26-051918,https://www.sec.gov/Archives/edgar/data/2046386/000119312526051918/primary_doc.xml
MDLN,Medline Inc.,2046386,SCHEDULE 13G,2026-02-13,12/31/2025,"Hellman & Friedman Investors X, L.P.",,,,,"Class A common stock, par value $0.0001 per share",0001193125-26-051918,https://www.sec.gov/Archives/edgar/data/2046386/000119312526051918/primary_doc.xml
MDLN,Medline Inc.,2046386,SCHEDULE 13G,2026-02-13,12/31/2025,"Mend Partners GP, LLC",,,,,"Class A common stock, par value $0.0001 per share",0001193125-26-051918,https://www.sec.gov/Archives/edgar/data/2046386/000119312526051918/primary_doc.xml
MDLN,Medline Inc.,2046386,SCHEDULE 13G,2026-02-13,12/31/2025,"Mend Investment Holdings GP, LLC",,,,,"Class A common stock, par value $0.0001 per share",0001193125-26-051918,https://www.sec.gov/Archives/edgar/data/2046386/000119312526051918/primary_doc.xml
MDLN,Medline Inc.,2046386,SCHEDULE 13G,2026-02-13,12/31/2025,"Hellman & Friedman Capital Partners X, L.P.",,,,,"Class A common stock, par value $0.0001 per share",0001193125-26-051918,https://www.sec.gov/Archives/edgar/data/2046386/000119312526051918/primary_doc.xml
MDLN,Medline Inc.,2046386,SCHEDULE 13G,2026-02-13,12/31/2025,"H&F Corporate Investors X, Ltd.",,,,,"Class A common stock, par value $0.0001 per share",0001193125-26-051918,https://www.sec.gov/Archives/edgar/data/2046386/000119312526051918/primary_doc.xml
MDLN,Medline Inc.,2046386,SCHEDULE 13G,2026-02-13,12/31/2025,Carlyle Group Inc.,215303036.00,24.4,CO,DE,"Class A Common Stock, par value $0.0001 per share",0001493152-26-006725,https://www.sec.gov/Archives/edgar/data/2046386/000149315226006725/primary_doc.xml
MDLN,Medline Inc.,2046386,SCHEDULE 13G,2026-02-13,12/31/2025,CG Subsidiary Holdings L.L.C.,215303036.00,24.4,OO,DE,"Class A Common Stock, par value $0.0001 per share",0001493152-26-006725,https://www.sec.gov/Archives/edgar/data/2046386/000149315226006725/primary_doc.xml
MDLN,Medline Inc.,2046386,SCHEDULE 13G,2026-02-13,12/31/2025,Carlyle Holdings I GP Inc.,47750702.00,5.8,CO,DE,"Class A Common Stock, par value $0.0001 per share",0001493152-26-006725,https://www.sec.gov/Archives/edgar/data/2046386/000149315226006725/primary_doc.xml
MDLN,Medline Inc.,2046386,SCHEDULE 13G,2026-02-13,12/31/2025,Carlyle Holdings I GP Sub L.L.C.,47750702.00,5.8,OO,DE,"Class A Common Stock, par value $0.0001 per share",0001493152-26-006725,https://www.sec.gov/Archives/edgar/data/2046386/000149315226006725/primary_doc.xml
MDLN,Medline Inc.,2046386,SCHEDULE 13G,2026-02-13,12/31/2025,Carlyle Holdings I L.P.,47750702.00,5.8,PN,DE,"Class A Common Stock, par value $0.0001 per share",0001493152-26-006725,https://www.sec.gov/Archives/edgar/data/2046386/000149315226006725/primary_doc.xml
MDLN,Medline Inc.,2046386,SCHEDULE 13G,2026-02-13,12/31/2025,"TC Group, L.L.C.",46912197.00,5.7,OO,DE,"Class A Common Stock, par value $0.0001 per share",0001493152-26-006725,https://www.sec.gov/Archives/edgar/data/2046386/000149315226006725/primary_doc.xml
MDLN,Medline Inc.,2046386,SCHEDULE 13G,2026-02-13,12/31/2025,TC Group Sub L.P.,46912197.00,5.7,PN,DE,"Class A Common Stock, par value $0.0001 per share",0001493152-26-006725,https://www.sec.gov/Archives/edgar/data/2046386/000149315226006725/primary_doc.xml
MDLN,Medline Inc.,2046386,SCHEDULE 13G,2026-02-13,12/31/2025,"TC Group VII S1, L.L.C.",46912197.00,5.7,OO,DE,"Class A Common Stock, par value $0.0001 per share",0001493152-26-006725,https://www.sec.gov/Archives/edgar/data/2046386/000149315226006725/primary_doc.xml
MDLN,Medline Inc.,2046386,SCHEDULE 13G,2026-02-13,12/31/2025,"TC Group VII S1, L.P.",46912197.00,5.7,PN,DE,"Class A Common Stock, par value $0.0001 per share",0001493152-26-006725,https://www.sec.gov/Archives/edgar/data/2046386/000149315226006725/primary_doc.xml
MDLN,Medline Inc.,2046386,SCHEDULE 13G,2026-02-13,12/31/2025,"Carlyle Mozart Coinvestment Holdings, L.P.",16125094.00,2.0,PN,DE,"Class A Common Stock, par value $0.0001 per share",0001493152-26-006725,https://www.sec.gov/Archives/edgar/data/2046386/000149315226006725/primary_doc.xml
MDLN,Medline Inc.,2046386,SCHEDULE 13G,2026-02-13,12/31/2025,"Carlyle Mozart Coinvestment UNLV Holdco, L.P.",15414514.00,1.9,PN,DE,"Class A Common Stock, par value $0.0001 per share",0001493152-26-006725,https://www.sec.gov/Archives/edgar/data/2046386/000149315226006725/primary_doc.xml
MDLN,Medline Inc.,2046386,SCHEDULE 13G,2026-02-13,12/31/2025,"CP Circle UNLV Holdco, L.P.",15372589.00,1.9,PN,DE,"Class A Common Stock, par value $0.0001 per share",0001493152-26-006725,https://www.sec.gov/Archives/edgar/data/2046386/000149315226006725/primary_doc.xml
MDLN,Medline Inc.,2046386,SCHEDULE 13G,2026-02-13,12/31/2025,"CPEP GP, LLC",838505.00,0.1,OO,DE,"Class A Common Stock, par value $0.0001 per share",0001493152-26-006725,https://www.sec.gov/Archives/edgar/data/2046386/000149315226006725/primary_doc.xml
MDLN,Medline Inc.,2046386,SCHEDULE 13G,2026-02-13,12/31/2025,CPEP Circle Holdings L.P.,838505.00,0.1,PN,DE,"Class A Common Stock, par value $0.0001 per share",0001493152-26-006725,https://www.sec.gov/Archives/edgar/data/2046386/000149315226006725/primary_doc.xml
MDLN,Medline Inc.,2046386,SCHEDULE 13G,2026-02-13,12/31/2025,Carlyle Holdings II GP L.L.C.,167552334.00,19.3,OO,DE,"Class A Common Stock, par value $0.0001 per share",0001493152-26-006725,https://www.sec.gov/Archives/edgar/data/2046386/000149315226006725/primary_doc.xml
MDLN,Medline Inc.,2046386,SCHEDULE 13G,2026-02-13,12/31/2025,Carlyle Holdings II L.L.C.,167552334.00,19.3,OO,DE,"Class A Common Stock, par value $0.0001 per share",0001493152-26-006725,https://www.sec.gov/Archives/edgar/data/2046386/000149315226006725/primary_doc.xml
MDLN,Medline Inc.,2046386,SCHEDULE 13G,2026-02-13,12/31/2025,"TC Group Cayman Investment Holdings, L.P.",167552334.00,19.3,PN,E9,"Class A Common Stock, par value $0.0001 per share",0001493152-26-006725,https://www.sec.gov/Archives/edgar/data/2046386/000149315226006725/primary_doc.xml
MDLN,Medline Inc.,2046386,SCHEDULE 13G,2026-02-13,12/31/2025,TC Group Cayman Investment Holdings Sub L.P.,167552334.00,19.3,PN,E9,"Class A Common Stock, par value $0.0001 per share",0001493152-26-006725,https://www.sec.gov/Archives/edgar/data/2046386/000149315226006725/primary_doc.xml
MDLN,Medline Inc.,2046386,SCHEDULE 13G,2026-02-13,12/31/2025,"TC Group VII, L.L.C.",167552334.00,19.3,OO,DE,"Class A Common Stock, par value $0.0001 per share",0001493152-26-006725,https://www.sec.gov/Archives/edgar/data/2046386/000149315226006725/primary_doc.xml
MDLN,Medline Inc.,2046386,SCHEDULE 13G,2026-02-13,12/31/2025,"TC Group VII, L.P.",167552334.00,19.3,PN,DE,"Class A Common Stock, par value $0.0001 per share",0001493152-26-006725,https://www.sec.gov/Archives/edgar/data/2046386/000149315226006725/primary_doc.xml
MDLN,Medline Inc.,2046386,SCHEDULE 13G,2026-02-13,12/31/2025,"CP Circle ML-1 Holdco GP, LLC",55566835.00,6.4,OO,DE,"Class A Common Stock, par value $0.0001 per share",0001493152-26-006725,https://www.sec.gov/Archives/edgar/data/2046386/000149315226006725/primary_doc.xml
MDLN,Medline Inc.,2046386,SCHEDULE 13G,2026-02-13,12/31/2025,"CP Circle ML-1 Holdco, L.P.",55566835.00,6.4,PN,DE,"Class A Common Stock, par value $0.0001 per share",0001493152-26-006725,https://www.sec.gov/Archives/edgar/data/2046386/000149315226006725/primary_doc.xml
MDLN,Medline Inc.,2046386,SCHEDULE 13G,2026-02-13,12/31/2025,"CP Circle ML Holdco GP, LLC",111985499.00,13.8,OO,DE,"Class A Common Stock, par value $0.0001 per share",0001493152-26-006725,https://www.sec.gov/Archives/edgar/data/2046386/000149315226006725/primary_doc.xml
MDLN,Medline Inc.,2046386,SCHEDULE 13G,2026-02-13,12/31/2025,"CP Circle ML-2 Holdco, L.P.",268411.00,0.03,PN,DE,"Class A Common Stock, par value $0.0001 per share",0001493152-26-006725,https://www.sec.gov/Archives/edgar/data/2046386/000149315226006725/primary_doc.xml
MDLN,Medline Inc.,2046386,SCHEDULE 13G,2026-02-13,12/31/2025,"CP Circle ML-3 Holdco, L.P.",58369466.00,7.2,PN,DE,"Class A Common Stock, par value $0.0001 per share",0001493152-26-006725,https://www.sec.gov/Archives/edgar/data/2046386/000149315226006725/primary_doc.xml
MDLN,Medline Inc.,2046386,SCHEDULE 13G,2026-02-13,12/31/2025,"CP Circle ML-4 Holdco, L.P.",26655381.00,3.3,PN,DE,"Class A Common Stock, par value $0.0001 per share",0001493152-26-006725,https://www.sec.gov/Archives/edgar/data/2046386/000149315226006725/primary_doc.xml
MDLN,Medline Inc.,2046386,SCHEDULE 13G,2026-02-13,12/31/2025,"CP Circle ML-5 Holdco, L.P.",6615133.00,0.8,PN,DE,"Class A Common Stock, par value $0.0001 per share",0001493152-26-006725,https://www.sec.gov/Archives/edgar/data/2046386/000149315226006725/primary_doc.xml
MDLN,Medline Inc.,2046386,SCHEDULE 13G,2026-02-13,12/31/2025,"CP Circle ML-6 Holdco, L.P.",2440275.00,0.3,PN,DE,"Class A Common Stock, par value $0.0001 per share",0001493152-26-006725,https://www.sec.gov/Archives/edgar/data/2046386/000149315226006725/primary_doc.xml
MDLN,Medline Inc.,2046386,SCHEDULE 13G,2026-02-13,12/31/2025,"CP Circle ML-7 Holdco, L.P.",17636833.00,2.2,PN,DE,"Class A Common Stock, par value $0.0001 per share",0001493152-26-006725,https://www.sec.gov/Archives/edgar/data/2046386/000149315226006725/primary_doc.xml
MDLN,Medline Inc.,2046386,SCHEDULE 13G,2026-02-13,12/31/2025,Carlyle Group Inc.,,See Item 11 of each of the cover pages hereto.,,,"Class A Common Stock, par value $0.0001 per share",0001493152-26-006725,https://www.sec.gov/Archives/edgar/data/2046386/000149315226006725/primary_doc.xml
MDLN,Medline Inc.,2046386,SCHEDULE 13G,2026-02-13,12/31/2025,CG Subsidiary Holdings L.L.C.,,,,,"Class A Common Stock, par value $0.0001 per share",0001493152-26-006725,https://www.sec.gov/Archives/edgar/data/2046386/000149315226006725/primary_doc.xml
MDLN,Medline Inc.,2046386,SCHEDULE 13G,2026-02-13,12/31/2025,Carlyle Holdings I GP Inc.,,,,,"Class A Common Stock, par value $0.0001 per share",0001493152-26-006725,https://www.sec.gov/Archives/edgar/data/2046386/000149315226006725/primary_doc.xml
MDLN,Medline Inc.,2046386,SCHEDULE 13G,2026-02-13,12/31/2025,Carlyle Holdings I GP Sub L.L.C.,,,,,"Class A Common Stock, par value $0.0001 per share",0001493152-26-006725,https://www.sec.gov/Archives/edgar/data/2046386/000149315226006725/primary_doc.xml
MDLN,Medline Inc.,2046386,SCHEDULE 13G,2026-02-13,12/31/2025,Carlyle Holdings I L.P.,,,,,"Class A Common Stock, par value $0.0001 per share",0001493152-26-006725,https://www.sec.gov/Archives/edgar/data/2046386/000149315226006725/primary_doc.xml
MDLN,Medline Inc.,2046386,SCHEDULE 13G,2026-02-13,12/31/2025,"TC Group, L.L.C.",,,,,"Class A Common Stock, par value $0.0001 per share",0001493152-26-006725,https://www.sec.gov/Archives/edgar/data/2046386/000149315226006725/primary_doc.xml
MDLN,Medline Inc.,2046386,SCHEDULE 13G,2026-02-13,12/31/2025,TC Group Sub L.P.,,,,,"Class A Common Stock, par value $0.0001 per share",0001493152-26-006725,https://www.sec.gov/Archives/edgar/data/2046386/000149315226006725/primary_doc.xml
MDLN,Medline Inc.,2046386,SCHEDULE 13G,2026-02-13,12/31/2025,"TC Group VII S1, L.L.C.",,,,,"Class A Common Stock, par value $0.0001 per share",0001493152-26-006725,https://www.sec.gov/Archives/edgar/data/2046386/000149315226006725/primary_doc.xml
MDLN,Medline Inc.,2046386,SCHEDULE 13G,2026-02-13,12/31/2025,"TC Group VII S1, L.P.",,,,,"Class A Common Stock, par value $0.0001 per share",0001493152-26-006725,https://www.sec.gov/Archives/edgar/data/2046386/000149315226006725/primary_doc.xml
MDLN,Medline Inc.,2046386,SCHEDULE 13G,2026-02-13,12/31/2025,"Carlyle Mozart Coinvestment Holdings, L.P.",,,,,"Class A Common Stock, par value $0.0001 per share",0001493152-26-006725,https://www.sec.gov/Archives/edgar/data/2046386/000149315226006725/primary_doc.xml
MDLN,Medline Inc.,2046386,SCHEDULE 13G,2026-02-13,12/31/2025,"Carlyle Mozart Coinvestment UNLV Holdco, L.P.",,,,,"Class A Common Stock, par value $0.0001 per share",0001493152-26-006725,https://www.sec.gov/Archives/edgar/data/2046386/000149315226006725/primary_doc.xml
MDLN,Medline Inc.,2046386,SCHEDULE 13G,2026-02-13,12/31/2025,"CP Circle UNLV Holdco, L.P.",,,,,"Class A Common Stock, par value $0.0001 per share",0001493152-26-006725,https://www.sec.gov/Archives/edgar/data/2046386/000149315226006725/primary_doc.xml
MDLN,Medline Inc.,2046386,SCHEDULE 13G,2026-02-13,12/31/2025,"CPEP GP, LLC",,,,,"Class A Common Stock, par value $0.0001 per share",0001493152-26-006725,https://www.sec.gov/Archives/edgar/data/2046386/000149315226006725/primary_doc.xml
MDLN,Medline Inc.,2046386,SCHEDULE 13G,2026-02-13,12/31/2025,CPEP Circle Holdings L.P.,,,,,"Class A Common Stock, par value $0.0001 per share",0001493152-26-006725,https://www.sec.gov/Archives/edgar/data/2046386/000149315226006725/primary_doc.xml
MDLN,Medline Inc.,2046386,SCHEDULE 13G,2026-02-13,12/31/2025,Carlyle Holdings II GP L.L.C.,,,,,"Class A Common Stock, par value $0.0001 per share",0001493152-26-006725,https://www.sec.gov/Archives/edgar/data/2046386/000149315226006725/primary_doc.xml
MDLN,Medline Inc.,2046386,SCHEDULE 13G,2026-02-13,12/31/2025,Carlyle Holdings II L.L.C.,,,,,"Class A Common Stock, par value $0.0001 per share",0001493152-26-006725,https://www.sec.gov/Archives/edgar/data/2046386/000149315226006725/primary_doc.xml
MDLN,Medline Inc.,2046386,SCHEDULE 13G,2026-02-13,12/31/2025,"TC Group Cayman Investment Holdings, L.P.",,,,,"Class A Common Stock, par value $0.0001 per share",0001493152-26-006725,https://www.sec.gov/Archives/edgar/data/2046386/000149315226006725/primary_doc.xml
MDLN,Medline Inc.,2046386,SCHEDULE 13G,2026-02-13,12/31/2025,TC Group Cayman Investment Holdings Sub L.P.,,,,,"Class A Common Stock, par value $0.0001 per share",0001493152-26-006725,https://www.sec.gov/Archives/edgar/data/2046386/000149315226006725/primary_doc.xml
MDLN,Medline Inc.,2046386,SCHEDULE 13G,2026-02-13,12/31/2025,"TC Group VII, L.L.C.",,,,,"Class A Common Stock, par value $0.0001 per share",0001493152-26-006725,https://www.sec.gov/Archives/edgar/data/2046386/000149315226006725/primary_doc.xml
MDLN,Medline Inc.,2046386,SCHEDULE 13G,2026-02-13,12/31/2025,"TC Group VII, L.P.",,,,,"Class A Common Stock, par value $0.0001 per share",0001493152-26-006725,https://www.sec.gov/Archives/edgar/data/2046386/000149315226006725/primary_doc.xml
MDLN,Medline Inc.,2046386,SCHEDULE 13G,2026-02-13,12/31/2025,"CP Circle ML-1 Holdco GP, LLC",,,,,"Class A Common Stock, par value $0.0001 per share",0001493152-26-006725,https://www.sec.gov/Archives/edgar/data/2046386/000149315226006725/primary_doc.xml
MDLN,Medline Inc.,2046386,SCHEDULE 13G,2026-02-13,12/31/2025,"CP Circle ML-1 Holdco, L.P.",,,,,"Class A Common Stock, par value $0.0001 per share",0001493152-26-006725,https://www.sec.gov/Archives/edgar/data/2046386/000149315226006725/primary_doc.xml
MDLN,Medline Inc.,2046386,SCHEDULE 13G,2026-02-13,12/31/2025,"CP Circle ML Holdco GP, LLC",,,,,"Class A Common Stock, par value $0.0001 per share",0001493152-26-006725,https://www.sec.gov/Archives/edgar/data/2046386/000149315226006725/primary_doc.xml
MDLN,Medline Inc.,2046386,SCHEDULE 13G,2026-02-13,12/31/2025,"CP Circle ML-2 Holdco, L.P.",,,,,"Class A Common Stock, par value $0.0001 per share",0001493152-26-006725,https://www.sec.gov/Archives/edgar/data/2046386/000149315226006725/primary_doc.xml
MDLN,Medline Inc.,2046386,SCHEDULE 13G,2026-02-13,12/31/2025,"CP Circle ML-3 Holdco, L.P.",,,,,"Class A Common Stock, par value $0.0001 per share",0001493152-26-006725,https://www.sec.gov/Archives/edgar/data/2046386/000149315226006725/primary_doc.xml
MDLN,Medline Inc.,2046386,SCHEDULE 13G,2026-02-13,12/31/2025,"CP Circle ML-4 Holdco, L.P.",,,,,"Class A Common Stock, par value $0.0001 per share",0001493152-26-006725,https://www.sec.gov/Archives/edgar/data/2046386/000149315226006725/primary_doc.xml
MDLN,Medline Inc.,2046386,SCHEDULE 13G,2026-02-13,12/31/2025,"CP Circle ML-5 Holdco, L.P.",,,,,"Class A Common Stock, par value $0.0001 per share",0001493152-26-006725,https://www.sec.gov/Archives/edgar/data/2046386/000149315226006725/primary_doc.xml
MDLN,Medline Inc.,2046386,SCHEDULE 13G,2026-02-13,12/31/2025,"CP Circle ML-6 Holdco, L.P.",,,,,"Class A Common Stock, par value $0.0001 per share",0001493152-26-006725,https://www.sec.gov/Archives/edgar/data/2046386/000149315226006725/primary_doc.xml
MDLN,Medline Inc.,2046386,SCHEDULE 13G,2026-02-13,12/31/2025,"CP Circle ML-7 Holdco, L.P.",,,,,"Class A Common Stock, par value $0.0001 per share",0001493152-26-006725,https://www.sec.gov/Archives/edgar/data/2046386/000149315226006725/primary_doc.xml
MDLN,Medline Inc.,2046386,SCHEDULE 13G,2026-02-13,12/31/2025,Mozart Aggregator II LP,142918680.00,17.6,PN,DE,"Class A Common Stock, par value $0.0001 per share",0001193125-26-051523,https://www.sec.gov/Archives/edgar/data/2046386/000119312526051523/primary_doc.xml
MDLN,Medline Inc.,2046386,SCHEDULE 13G,2026-02-13,12/31/2025,BCP Mozart Aggregator L.P.,72384356.00,8.2,PN,DE,"Class A Common Stock, par value $0.0001 per share",0001193125-26-051523,https://www.sec.gov/Archives/edgar/data/2046386/000119312526051523/primary_doc.xml
MDLN,Medline Inc.,2046386,SCHEDULE 13G,2026-02-13,12/31/2025,Blackstone Management Associates VIII L.L.C.,142918680.00,17.6,OO,DE,"Class A Common Stock, par value $0.0001 per share",0001193125-26-051523,https://www.sec.gov/Archives/edgar/data/2046386/000119312526051523/primary_doc.xml
MDLN,Medline Inc.,2046386,SCHEDULE 13G,2026-02-13,12/31/2025,BCP 8 Holdings Mozart Manager L.L.C.,72384356.00,8.2,OO,DE,"Class A Common Stock, par value $0.0001 per share",0001193125-26-051523,https://www.sec.gov/Archives/edgar/data/2046386/000119312526051523/primary_doc.xml
MDLN,Medline Inc.,2046386,SCHEDULE 13G,2026-02-13,12/31/2025,BMA VIII L.L.C.,215303036.00,24.4,OO,DE,"Class A Common Stock, par value $0.0001 per share",0001193125-26-051523,https://www.sec.gov/Archives/edgar/data/2046386/000119312526051523/primary_doc.xml
MDLN,Medline Inc.,2046386,SCHEDULE 13G,2026-02-13,12/31/2025,Blackstone Holdings II L.P.,215303036.00,24.4,PN,DE,"Class A Common Stock, par value $0.0001 per share",0001193125-26-051523,https://www.sec.gov/Archives/edgar/data/2046386/000119312526051523/primary_doc.xml
MDLN,Medline Inc.,2046386,SCHEDULE 13G,2026-02-13,12/31/2025,Blackstone Holdings I/II GP L.L.C.,215303036.00,24.4,OO,DE,"Class A Common Stock, par value $0.0001 per share",0001193125-26-051523,https://www.sec.gov/Archives/edgar/data/2046386/000119312526051523/primary_doc.xml
MDLN,Medline Inc.,2046386,SCHEDULE 13G,2026-02-13,12/31/2025,Blackstone Inc.,215303036.00,24.4,CO,DE,"Class A Common Stock, par value $0.0001 per share",0001193125-26-051523,https://www.sec.gov/Archives/edgar/data/2046386/000119312526051523/primary_doc.xml
MDLN,Medline Inc.,2046386,SCHEDULE 13G,2026-02-13,12/31/2025,Blackstone Group Management L.L.C.,215303036.00,24.4,OO,DE,"Class A Common Stock, par value $0.0001 per share",0001193125-26-051523,https://www.sec.gov/Archives/edgar/data/2046386/000119312526051523/primary_doc.xml
MDLN,Medline Inc.,2046386,SCHEDULE 13G,2026-02-13,12/31/2025,Stephen A. Schwarzman,215303036.00,24.4,IN,X1,"Class A Common Stock, par value $0.0001 per share",0001193125-26-051523,https://www.sec.gov/Archives/edgar/data/2046386/000119312526051523/primary_doc.xml
MDLN,Medline Inc.,2046386,SCHEDULE 13G,2026-02-13,12/31/2025,Mozart Aggregator II LP,,"Each of the Reporting Persons may be deemed to be the beneficial owner of the percentage of shares of Class A Common Stock listed on such Reporting Person's cover page, calculated pursuant to Rule 13d-3 of the Act.

Calculations are based on 811,418,179 shares of Class A Common Stock outstanding as of December 18, 2025, as set forth in the Issuer's Final Prospectus filed pursuant to Rule 424(b)(4) filed with the Securities and Exchange Commission on December 18, 2025, following the underwriters' exercise in full of their option to purchase additional shares of Class A Common Stock, and assumes the conversion of all of the Common Units beneficially owned by each respective Reporting Person.",,,"Class A Common Stock, par value $0.0001 per share",0001193125-26-051523,https://www.sec.gov/Archives/edgar/data/2046386/000119312526051523/primary_doc.xml
MDLN,Medline Inc.,2046386,SCHEDULE 13G,2026-02-13,12/31/2025,BCP Mozart Aggregator L.P.,,,,,"Class A Common Stock, par value $0.0001 per share",0001193125-26-051523,https://www.sec.gov/Archives/edgar/data/2046386/000119312526051523/primary_doc.xml
MDLN,Medline Inc.,2046386,SCHEDULE 13G,2026-02-13,12/31/2025,Blackstone Management Associates VIII L.L.C.,,,,,"Class A Common Stock, par value $0.0001 per share",0001193125-26-051523,https://www.sec.gov/Archives/edgar/data/2046386/000119312526051523/primary_doc.xml
MDLN,Medline Inc.,2046386,SCHEDULE 13G,2026-02-13,12/31/2025,BCP 8 Holdings Mozart Manager L.L.C.,,,,,"Class A Common Stock, par value $0.0001 per share",0001193125-26-051523,https://www.sec.gov/Archives/edgar/data/2046386/000119312526051523/primary_doc.xml
MDLN,Medline Inc.,2046386,SCHEDULE 13G,2026-02-13,12/31/2025,BMA VIII L.L.C.,,,,,"Class A Common Stock, par value $0.0001 per share",0001193125-26-051523,https://www.sec.gov/Archives/edgar/data/2046386/000119312526051523/primary_doc.xml
MDLN,Medline Inc.,2046386,SCHEDULE 13G,2026-02-13,12/31/2025,Blackstone Holdings II L.P.,,,,,"Class A Common Stock, par value $0.0001 per share",0001193125-26-051523,https://www.sec.gov/Archives/edgar/data/2046386/000119312526051523/primary_doc.xml
MDLN,Medline Inc.,2046386,SCHEDULE 13G,2026-02-13,12/31/2025,Blackstone Holdings I/II GP L.L.C.,,,,,"Class A Common Stock, par value $0.0001 per share",0001193125-26-051523,https://www.sec.gov/Archives/edgar/data/2046386/000119312526051523/primary_doc.xml
MDLN,Medline Inc.,2046386,SCHEDULE 13G,2026-02-13,12/31/2025,Blackstone Inc.,,,,,"Class A Common Stock, par value $0.0001 per share",0001193125-26-051523,https://www.sec.gov/Archives/edgar/data/2046386/000119312526051523/primary_doc.xml
MDLN,Medline Inc.,2046386,SCHEDULE 13G,2026-02-13,12/31/2025,Blackstone Group Management L.L.C.,,,,,"Class A Common Stock, par value $0.0001 per share",0001193125-26-051523,https://www.sec.gov/Archives/edgar/data/2046386/000119312526051523/primary_doc.xml
MDLN,Medline Inc.,2046386,SCHEDULE 13G,2026-02-13,12/31/2025,Stephen A. Schwarzman,,,,,"Class A Common Stock, par value $0.0001 per share",0001193125-26-051523,https://www.sec.gov/Archives/edgar/data/2046386/000119312526051523/primary_doc.xml
MDLN,Medline Inc.,2046386,SCHEDULE 13G,2026-02-13,12/31/2025,"Mozart Holdco, Inc.",234308304.00,22.4,CO,DE,"Class A common stock, par value $0.0001 per share",0001193125-26-051326,https://www.sec.gov/Archives/edgar/data/2046386/000119312526051326/primary_doc.xml
MDLN,Medline Inc.,2046386,SCHEDULE 13G,2026-02-13,12/31/2025,"Mozart Holdco, Inc.",,22.4%,,,"Class A common stock, par value $0.0001 per share",0001193125-26-051326,https://www.sec.gov/Archives/edgar/data/2046386/000119312526051326/primary_doc.xml
MDLN,Medline Inc.,2046386,SCHEDULE 13G,2026-02-11,12/31/2025,Abu Dhabi Investment Authority,47515277.00,5.9,OO,C0,"Class A Common Stock, par value $0.0001 per share",0001999371-26-003057,https://www.sec.gov/Archives/edgar/data/2046386/000199937126003057/primary_doc.xml
MDLN,Medline Inc.,2046386,SCHEDULE 13G,2026-02-11,12/31/2025,Platinum Falcon B 2018 RSC Limited,46998036.00,5.8,CO,C0,"Class A Common Stock, par value $0.0001 per share",0001999371-26-003057,https://www.sec.gov/Archives/edgar/data/2046386/000199937126003057/primary_doc.xml
MDLN,Medline Inc.,2046386,SCHEDULE 13G,2026-02-11,12/31/2025,Abu Dhabi Investment Authority,,See responses to Item 11 on each cover page.,,,"Class A Common Stock, par value $0.0001 per share",0001999371-26-003057,https://www.sec.gov/Archives/edgar/data/2046386/000199937126003057/primary_doc.xml
MDLN,Medline Inc.,2046386,SCHEDULE 13G,2026-02-11,12/31/2025,Platinum Falcon B 2018 RSC Limited,,,,,"Class A Common Stock, par value $0.0001 per share",0001999371-26-003057,https://www.sec.gov/Archives/edgar/data/2046386/000199937126003057/primary_doc.xml
MDLN,Medline Inc.,2046386,SCHEDULE 13G,2025-12-29,12/18/2025,GIC Private Limited,118796825,14.64,CO,U0,"Class A Common Stock, par value $0.0001 per share",0001193125-25-335380,https://www.sec.gov/Archives/edgar/data/2046386/000119312525335380/primary_doc.xml
MDLN,Medline Inc.,2046386,SCHEDULE 13G,2025-12-29,12/18/2025,GIC Special Investments Private Limited,91555447,11.28,CO,U0,"Class A Common Stock, par value $0.0001 per share",0001193125-25-335380,https://www.sec.gov/Archives/edgar/data/2046386/000119312525335380/primary_doc.xml
MDLN,Medline Inc.,2046386,SCHEDULE 13G,2025-12-29,12/18/2025,Hux Investment Pte. Ltd.,91555447,11.28,CO,U0,"Class A Common Stock, par value $0.0001 per share",0001193125-25-335380,https://www.sec.gov/Archives/edgar/data/2046386/000119312525335380/primary_doc.xml
MDLN,Medline Inc.,2046386,SCHEDULE 13G,2025-12-29,12/18/2025,GIC Private Limited,,"GIC Private Limited: 14.64%
GIC Special Investments Private Limited: 11.28%
Hux Investment Pte. Ltd.: 11.28%",,,"Class A Common Stock, par value $0.0001 per share",0001193125-25-335380,https://www.sec.gov/Archives/edgar/data/2046386/000119312525335380/primary_doc.xml
MDLN,Medline Inc.,2046386,SCHEDULE 13G,2025-12-29,12/18/2025,GIC Special Investments Private Limited,,,,,"Class A Common Stock, par value $0.0001 per share",0001193125-25-335380,https://www.sec.gov/Archives/edgar/data/2046386/000119312525335380/primary_doc.xml
MDLN,Medline Inc.,2046386,SCHEDULE 13G,2025-12-29,12/18/2025,Hux Investment Pte. Ltd.,,,,,"Class A Common Stock, par value $0.0001 per share",0001193125-25-335380,https://www.sec.gov/Archives/edgar/data/2046386/000119312525335380/primary_doc.xml
QNT,Quantinuum Inc.,2110105,SCHEDULE 13G,2026-08-13,06/30/2026,Honeywell International Inc.,124628729.00,79.1,CO,DE,"Class A Common Stock, par value $0.0001 per share",0001493152-26-037881,https://www.sec.gov/Archives/edgar/data/2110105/000149315226037881/primary_doc.xml
QNT,Quantinuum Inc.,2110105,SCHEDULE 13G,2026-08-13,06/30/2026,Honeywell Holdings International Inc.,28630074.00,46.6,CO,DE,"Class A Common Stock, par value $0.0001 per share",0001493152-26-037881,https://www.sec.gov/Archives/edgar/data/2110105/000149315226037881/primary_doc.xml
QNT,Quantinuum Inc.,2110105,SCHEDULE 13G,2026-08-13,06/30/2026,Honeywell International Inc.,,"Honeywell Technologies: 79.1%

Honeywell Holdings International Inc.: 46.6%",,,"Class A Common Stock, par value $0.0001 per share",0001493152-26-037881,https://www.sec.gov/Archives/edgar/data/2110105/000149315226037881/primary_doc.xml
QNT,Quantinuum Inc.,2110105,SCHEDULE 13G,2026-08-13,06/30/2026,Honeywell Holdings International Inc.,,,,,"Class A Common Stock, par value $0.0001 per share",0001493152-26-037881,https://www.sec.gov/Archives/edgar/data/2110105/000149315226037881/primary_doc.xml
QNT,Quantinuum Inc.,2110105,SCHEDULE 13G,2026-08-12,06/30/2026,Capital Research Global Investors,1754325.00,5.3,IA,DE,Common Stock,0001422848-26-000109,https://www.sec.gov/Archives/edgar/data/2110105/000142284826000109/primary_doc.xml
QNT,Quantinuum Inc.,2110105,SCHEDULE 13G,2026-08-12,06/30/2026,Capital Research Global Investors,,5.3,,,Common Stock,0001422848-26-000109,https://www.sec.gov/Archives/edgar/data/2110105/000142284826000109/primary_doc.xml
QNT,QUANTINUUM INC CLASS A,2110105,SCHEDULE 13G,2026-07-17,06/30/2026,BlackRock Portfolio Management LLC,2259347,6.9,HC,DE,Class A Stock,0002052113-26-000735,https://www.sec.gov/Archives/edgar/data/2110105/000205211326000735/primary_doc.xml
QNT,QUANTINUUM INC CLASS A,2110105,SCHEDULE 13G,2026-07-17,06/30/2026,BlackRock Portfolio Management LLC,,6.9,,,Class A Stock,0002052113-26-000735,https://www.sec.gov/Archives/edgar/data/2110105/000205211326000735/primary_doc.xml
QNT,Quantinuum Inc.,2110105,SCHEDULE 13G,2026-07-06,06/30/2026,Capital World Investors,4558976.00,13.9,IA,DE,Common Stock,0001422849-26-000109,https://www.sec.gov/Archives/edgar/data/2110105/000142284926000109/primary_doc.xml
QNT,Quantinuum Inc.,2110105,SCHEDULE 13G,2026-07-06,06/30/2026,Capital World Investors,,13.9,,,Common Stock,0001422849-26-000109,https://www.sec.gov/Archives/edgar/data/2110105/000142284926000109/primary_doc.xml
QNT,Quantinuum Inc.,2110105,SCHEDULE 13G,2026-06-22,06/04/2026,Cambridge Quantum Holdings Limited,82884823.00,71.6,HC,E9,"Class A common stock, par value $0.0001 per share",0001493152-26-029497,https://www.sec.gov/Archives/edgar/data/2110105/000149315226029497/primary_doc.xml
QNT,Quantinuum Inc.,2110105,SCHEDULE 13G,2026-06-22,06/04/2026,CQ Invest I LLC,531720.00,1.6,OO,DE,"Class A common stock, par value $0.0001 per share",0001493152-26-029497,https://www.sec.gov/Archives/edgar/data/2110105/000149315226029497/primary_doc.xml
QNT,Quantinuum Inc.,2110105,SCHEDULE 13G,2026-06-22,06/04/2026,Ilyas Khan,83365334.00,72.0,IN,X0,"Class A common stock, par value $0.0001 per share",0001493152-26-029497,https://www.sec.gov/Archives/edgar/data/2110105/000149315226029497/primary_doc.xml
QNT,Quantinuum Inc.,2110105,SCHEDULE 13G,2026-06-22,06/04/2026,Waseem Shiraz,82911824.00,71.6,IN,X0,"Class A common stock, par value $0.0001 per share",0001493152-26-029497,https://www.sec.gov/Archives/edgar/data/2110105/000149315226029497/primary_doc.xml
QNT,Quantinuum Inc.,2110105,SCHEDULE 13G,2026-06-22,06/04/2026,Cambridge Quantum Holdings Limited,,See Item 4(a) hereof.,,,"Class A common stock, par value $0.0001 per share",0001493152-26-029497,https://www.sec.gov/Archives/edgar/data/2110105/000149315226029497/primary_doc.xml
QNT,Quantinuum Inc.,2110105,SCHEDULE 13G,2026-06-22,06/04/2026,CQ Invest I LLC,,,,,"Class A common stock, par value $0.0001 per share",0001493152-26-029497,https://www.sec.gov/Archives/edgar/data/2110105/000149315226029497/primary_doc.xml
QNT,Quantinuum Inc.,2110105,SCHEDULE 13G,2026-06-22,06/04/2026,Ilyas Khan,,,,,"Class A common stock, par value $0.0001 per share",0001493152-26-029497,https://www.sec.gov/Archives/edgar/data/2110105/000149315226029497/primary_doc.xml
QNT,Quantinuum Inc.,2110105,SCHEDULE 13G,2026-06-22,06/04/2026,Waseem Shiraz,,,,,"Class A common stock, par value $0.0001 per share",0001493152-26-029497,https://www.sec.gov/Archives/edgar/data/2110105/000149315226029497/primary_doc.xml
FRVO,Fervo Energy Company,1853868,SCHEDULE 13G,2026-08-14,06/30/2026,"TIF Partners, LLC",12055467.00,4.2,OO,DE,"Class A Common Stock, par value $0.0001 per share",0001890375-26-000003,https://www.sec.gov/Archives/edgar/data/1853868/000189037526000003/primary_doc.xml
FRVO,Fervo Energy Company,1853868,SCHEDULE 13G,2026-08-14,06/30/2026,"Technology Impact Fund, LP",12055467.00,4.2,PN,DE,"Class A Common Stock, par value $0.0001 per share",0001890375-26-000003,https://www.sec.gov/Archives/edgar/data/1853868/000189037526000003/primary_doc.xml
FRVO,Fervo Energy Company,1853868,SCHEDULE 13G,2026-08-14,06/30/2026,"TIGF Partners II, LLC",22171923.00,7.7,OO,DE,"Class A Common Stock, par value $0.0001 per share",0001890375-26-000003,https://www.sec.gov/Archives/edgar/data/1853868/000189037526000003/primary_doc.xml
FRVO,Fervo Energy Company,1853868,SCHEDULE 13G,2026-08-14,06/30/2026,"Technology Impact Growth Fund II, LP",14962430.00,5.2,PN,DE,"Class A Common Stock, par value $0.0001 per share",0001890375-26-000003,https://www.sec.gov/Archives/edgar/data/1853868/000189037526000003/primary_doc.xml
FRVO,Fervo Energy Company,1853868,SCHEDULE 13G,2026-08-14,06/30/2026,TIGF II Direct Strategies LLC - Series 5,5448761.00,1.9,OO,DE,"Class A Common Stock, par value $0.0001 per share",0001890375-26-000003,https://www.sec.gov/Archives/edgar/data/1853868/000189037526000003/primary_doc.xml
FRVO,Fervo Energy Company,1853868,SCHEDULE 13G,2026-08-14,06/30/2026,TIGF II Direct Strategies LLC - Series 7,1760732.00,0.6,OO,DE,"Class A Common Stock, par value $0.0001 per share",0001890375-26-000003,https://www.sec.gov/Archives/edgar/data/1853868/000189037526000003/primary_doc.xml
FRVO,Fervo Energy Company,1853868,SCHEDULE 13G,2026-08-14,06/30/2026,Dipender Saluja,34227390.00,11.9,IN,X1,"Class A Common Stock, par value $0.0001 per share",0001890375-26-000003,https://www.sec.gov/Archives/edgar/data/1853868/000189037526000003/primary_doc.xml
FRVO,Fervo Energy Company,1853868,SCHEDULE 13G,2026-08-14,06/30/2026,Ion Yadigaroglu,34227390.00,11.9,IN,X1,"Class A Common Stock, par value $0.0001 per share",0001890375-26-000003,https://www.sec.gov/Archives/edgar/data/1853868/000189037526000003/primary_doc.xml
FRVO,Fervo Energy Company,1853868,SCHEDULE 13G,2026-08-14,06/30/2026,"TIF Partners, LLC",,"Row 11 of each Reporting Person's cover page to this Schedule 13G sets forth the percentages of the shares of Class A common stock of the Issuer beneficially owned by such Reporting Person as of June 30, 2026 and is incorporated by reference. The percentage set forth in each row 11 is based upon 286,869,000 shares of Class A common stock outstanding as of June 30, 2026, as reported in the Issuer's Quarterly Report on Form 10-Q filed with the Securities and Exchange Commission (the ""SEC"") on August 13, 2026.",,,"Class A Common Stock, par value $0.0001 per share",0001890375-26-000003,https://www.sec.gov/Archives/edgar/data/1853868/000189037526000003/primary_doc.xml
FRVO,Fervo Energy Company,1853868,SCHEDULE 13G,2026-08-14,06/30/2026,"Technology Impact Fund, LP",,,,,"Class A Common Stock, par value $0.0001 per share",0001890375-26-000003,https://www.sec.gov/Archives/edgar/data/1853868/000189037526000003/primary_doc.xml
FRVO,Fervo Energy Company,1853868,SCHEDULE 13G,2026-08-14,06/30/2026,"TIGF Partners II, LLC",,,,,"Class A Common Stock, par value $0.0001 per share",0001890375-26-000003,https://www.sec.gov/Archives/edgar/data/1853868/000189037526000003/primary_doc.xml
FRVO,Fervo Energy Company,1853868,SCHEDULE 13G,2026-08-14,06/30/2026,"Technology Impact Growth Fund II, LP",,,,,"Class A Common Stock, par value $0.0001 per share",0001890375-26-000003,https://www.sec.gov/Archives/edgar/data/1853868/000189037526000003/primary_doc.xml
FRVO,Fervo Energy Company,1853868,SCHEDULE 13G,2026-08-14,06/30/2026,TIGF II Direct Strategies LLC - Series 5,,,,,"Class A Common Stock, par value $0.0001 per share",0001890375-26-000003,https://www.sec.gov/Archives/edgar/data/1853868/000189037526000003/primary_doc.xml
FRVO,Fervo Energy Company,1853868,SCHEDULE 13G,2026-08-14,06/30/2026,TIGF II Direct Strategies LLC - Series 7,,,,,"Class A Common Stock, par value $0.0001 per share",0001890375-26-000003,https://www.sec.gov/Archives/edgar/data/1853868/000189037526000003/primary_doc.xml
FRVO,Fervo Energy Company,1853868,SCHEDULE 13G,2026-08-14,06/30/2026,Dipender Saluja,,,,,"Class A Common Stock, par value $0.0001 per share",0001890375-26-000003,https://www.sec.gov/Archives/edgar/data/1853868/000189037526000003/primary_doc.xml
FRVO,Fervo Energy Company,1853868,SCHEDULE 13G,2026-08-14,06/30/2026,Ion Yadigaroglu,,,,,"Class A Common Stock, par value $0.0001 per share",0001890375-26-000003,https://www.sec.gov/Archives/edgar/data/1853868/000189037526000003/primary_doc.xml
FRVO,Fervo Energy Company,1853868,SCHEDULE 13G,2026-08-14,06/30/2026,"DCVC VI, L.P. (""DCVC VI"")",9307915.00,3.2,PN,DE,Class A Common Stock,0001104659-26-097085,https://www.sec.gov/Archives/edgar/data/1853868/000110465926097085/primary_doc.xml
FRVO,Fervo Energy Company,1853868,SCHEDULE 13G,2026-08-14,06/30/2026,"DCVC VI GP, LLC (""DCVC VI GP"")",9307915.00,3.2,OO,DE,Class A Common Stock,0001104659-26-097085,https://www.sec.gov/Archives/edgar/data/1853868/000110465926097085/primary_doc.xml
FRVO,Fervo Energy Company,1853868,SCHEDULE 13G,2026-08-14,06/30/2026,"DCVC Climate Select, L.P. (""DCVC CS"")",8806107.00,3.1,PN,DE,Class A Common Stock,0001104659-26-097085,https://www.sec.gov/Archives/edgar/data/1853868/000110465926097085/primary_doc.xml
FRVO,Fervo Energy Company,1853868,SCHEDULE 13G,2026-08-14,06/30/2026,"DCVC Climate Select GP, LLC (""DCVC CS GP"")",8806107.00,3.1,OO,DE,Class A Common Stock,0001104659-26-097085,https://www.sec.gov/Archives/edgar/data/1853868/000110465926097085/primary_doc.xml
FRVO,Fervo Energy Company,1853868,SCHEDULE 13G,2026-08-14,06/30/2026,"Zachary Bogue (""Bogue"")",18114022.00,6.3,IN,X1,Class A Common Stock,0001104659-26-097085,https://www.sec.gov/Archives/edgar/data/1853868/000110465926097085/primary_doc.xml
FRVO,Fervo Energy Company,1853868,SCHEDULE 13G,2026-08-14,06/30/2026,"Matthew Ocko (""Ocko"")",18114022.00,6.3,IN,X1,Class A Common Stock,0001104659-26-097085,https://www.sec.gov/Archives/edgar/data/1853868/000110465926097085/primary_doc.xml
FRVO,Fervo Energy Company,1853868,SCHEDULE 13G,2026-08-14,06/30/2026,"DCVC VI, L.P. (""DCVC VI"")",,See Row 11 of cover page for each Reporting Person.,,,Class A Common Stock,0001104659-26-097085,https://www.sec.gov/Archives/edgar/data/1853868/000110465926097085/primary_doc.xml
FRVO,Fervo Energy Company,1853868,SCHEDULE 13G,2026-08-14,06/30/2026,"DCVC VI GP, LLC (""DCVC VI GP"")",,,,,Class A Common Stock,0001104659-26-097085,https://www.sec.gov/Archives/edgar/data/1853868/000110465926097085/primary_doc.xml
FRVO,Fervo Energy Company,1853868,SCHEDULE 13G,2026-08-14,06/30/2026,"DCVC Climate Select, L.P. (""DCVC CS"")",,,,,Class A Common Stock,0001104659-26-097085,https://www.sec.gov/Archives/edgar/data/1853868/000110465926097085/primary_doc.xml
FRVO,Fervo Energy Company,1853868,SCHEDULE 13G,2026-08-14,06/30/2026,"DCVC Climate Select GP, LLC (""DCVC CS GP"")",,,,,Class A Common Stock,0001104659-26-097085,https://www.sec.gov/Archives/edgar/data/1853868/000110465926097085/primary_doc.xml
FRVO,Fervo Energy Company,1853868,SCHEDULE 13G,2026-08-14,06/30/2026,"Zachary Bogue (""Bogue"")",,,,,Class A Common Stock,0001104659-26-097085,https://www.sec.gov/Archives/edgar/data/1853868/000110465926097085/primary_doc.xml
FRVO,Fervo Energy Company,1853868,SCHEDULE 13G,2026-08-14,06/30/2026,"Matthew Ocko (""Ocko"")",,,,,Class A Common Stock,0001104659-26-097085,https://www.sec.gov/Archives/edgar/data/1853868/000110465926097085/primary_doc.xml
FRVO,Fervo Energy Company,1853868,SCHEDULE 13G,2026-08-13,06/30/2026,DEVON ENERGY CORP/DE,35728296,12.5,CO,DE,Class A Common Stock,0001193125-26-349396,https://www.sec.gov/Archives/edgar/data/1853868/000119312526349396/primary_doc.xml
FRVO,Fervo Energy Company,1853868,SCHEDULE 13G,2026-08-13,06/30/2026,DEVON ENERGY CORP/DE,,"12.5%

The percent of class beneficially owned by Devon was calculated assuming 286,859,562, shares of Class A Common Stock of Fervo Energy Company (the ""Issuer"") outstanding as of June 17, 2026, as reported in the Issuer's Form 10-Q filed with the Securities and Exchange Commission on June 23, 2026.",,,Class A Common Stock,0001193125-26-349396,https://www.sec.gov/Archives/edgar/data/1853868/000119312526349396/primary_doc.xml
BSP,Bending Spoons S.p.A.,2004711,SCHEDULE 13G,2026-08-03,07/31/2026,BAILLIE GIFFORD & CO,49503716.00,15.2,IA,X0,Ordinary Shares,0001088875-26-000052,https://www.sec.gov/Archives/edgar/data/2004711/000108887526000052/primary_doc.xml
BSP,Bending Spoons S.p.A.,2004711,SCHEDULE 13G,2026-08-03,07/31/2026,BAILLIE GIFFORD & CO,,15.23,,,Ordinary Shares,0001088875-26-000052,https://www.sec.gov/Archives/edgar/data/2004711/000108887526000052/primary_doc.xml
BSP,Bending Spoons S.p.A.,2004711,SCHEDULE 13G,2026-07-09,07/01/2026,Durable Capital Partners LP,23586614,7.3,IA,DE,Ordinary shares,0002000324-26-002849,https://www.sec.gov/Archives/edgar/data/2004711/000200032426002849/primary_doc.xml
BSP,Bending Spoons S.p.A.,2004711,SCHEDULE 13G,2026-07-09,07/01/2026,Durable Capital Partners LP,,7.3,PN,,Ordinary shares,0002000324-26-002849,https://www.sec.gov/Archives/edgar/data/2004711/000200032426002849/primary_doc.xml
INIO,INNIO N.V.,2109150,SCHEDULE 13G,2026-08-13,06/30/2026,"Advent International, L.P.",646500000.00,86.20,PN,DE,"Common shares, nominal value EUR 0.04 per share",0001140361-26-032833,https://www.sec.gov/Archives/edgar/data/2109150/000114036126032833/primary_doc.xml
INIO,INNIO N.V.,2109150,SCHEDULE 13G,2026-08-13,06/30/2026,"Advent International GP, LLC",646500000.00,86.20,OO,DE,"Common shares, nominal value EUR 0.04 per share",0001140361-26-032833,https://www.sec.gov/Archives/edgar/data/2109150/000114036126032833/primary_doc.xml
INIO,INNIO N.V.,2109150,SCHEDULE 13G,2026-08-13,06/30/2026,AI Alpine (Luxembourg) S.a.r.l.,646500000.00,86.20,OO,N4,"Common shares, nominal value EUR 0.04 per share",0001140361-26-032833,https://www.sec.gov/Archives/edgar/data/2109150/000114036126032833/primary_doc.xml
INIO,INNIO N.V.,2109150,SCHEDULE 13G,2026-08-13,06/30/2026,AI Alpine Parent & Cy S.C.A.,646500000.00,86.20,OO,N4,"Common shares, nominal value EUR 0.04 per share",0001140361-26-032833,https://www.sec.gov/Archives/edgar/data/2109150/000114036126032833/primary_doc.xml
INIO,INNIO N.V.,2109150,SCHEDULE 13G,2026-08-13,06/30/2026,Abu Dhabi Investment Authority,646500000.00,86.20,OO,C0,"Common shares, nominal value EUR 0.04 per share",0001140361-26-032833,https://www.sec.gov/Archives/edgar/data/2109150/000114036126032833/primary_doc.xml
INIO,INNIO N.V.,2109150,SCHEDULE 13G,2026-08-13,06/30/2026,"Advent International, L.P.",,See response to row 11 on each cover page hereto.,,,"Common shares, nominal value EUR 0.04 per share",0001140361-26-032833,https://www.sec.gov/Archives/edgar/data/2109150/000114036126032833/primary_doc.xml
INIO,INNIO N.V.,2109150,SCHEDULE 13G,2026-08-13,06/30/2026,"Advent International GP, LLC",,,,,"Common shares, nominal value EUR 0.04 per share",0001140361-26-032833,https://www.sec.gov/Archives/edgar/data/2109150/000114036126032833/primary_doc.xml
INIO,INNIO N.V.,2109150,SCHEDULE 13G,2026-08-13,06/30/2026,AI Alpine (Luxembourg) S.a.r.l.,,,,,"Common shares, nominal value EUR 0.04 per share",0001140361-26-032833,https://www.sec.gov/Archives/edgar/data/2109150/000114036126032833/primary_doc.xml
INIO,INNIO N.V.,2109150,SCHEDULE 13G,2026-08-13,06/30/2026,AI Alpine Parent & Cy S.C.A.,,,,,"Common shares, nominal value EUR 0.04 per share",0001140361-26-032833,https://www.sec.gov/Archives/edgar/data/2109150/000114036126032833/primary_doc.xml
INIO,INNIO N.V.,2109150,SCHEDULE 13G,2026-08-13,06/30/2026,Abu Dhabi Investment Authority,,,,,"Common shares, nominal value EUR 0.04 per share",0001140361-26-032833,https://www.sec.gov/Archives/edgar/data/2109150/000114036126032833/primary_doc.xml
PSUS,"Pershing Square USA, Ltd.",2002660,SCHEDULE 13D,2026-05-07,04/30/2026,"Pershing Square PSUS Holdings, LLC",1000000,100,OO,NV,7.50% Series A Cumulative Preferred Shares,0001140361-26-019621,https://www.sec.gov/Archives/edgar/data/2002660/000114036126019621/primary_doc.xml
PSUS,"Pershing Square USA, Ltd.",2002660,SCHEDULE 13D,2026-05-07,04/30/2026,Pershing Square Inc.,1000000,100,CO,NV,7.50% Series A Cumulative Preferred Shares,0001140361-26-019621,https://www.sec.gov/Archives/edgar/data/2002660/000114036126019621/primary_doc.xml
PSUS,"Pershing Square USA, Ltd.",2002660,SCHEDULE 13D,2026-05-07,04/30/2026,"Pershing Square Partner Group, LLC",1000000,100,OO,DE,7.50% Series A Cumulative Preferred Shares,0001140361-26-019621,https://www.sec.gov/Archives/edgar/data/2002660/000114036126019621/primary_doc.xml
PSUS,"Pershing Square USA, Ltd.",2002660,SCHEDULE 13D,2026-05-07,04/30/2026,"Pershing Square Management, LLC",1000000,100,OO,DE,7.50% Series A Cumulative Preferred Shares,0001140361-26-019621,https://www.sec.gov/Archives/edgar/data/2002660/000114036126019621/primary_doc.xml
PSUS,"Pershing Square USA, Ltd.",2002660,SCHEDULE 13G,2026-05-06,04/30/2026,TEACHER RETIREMENT SYSTEM OF TEXAS,10270000.00,10.3,EP,TX,Common Shares of Beneficial Interest,0000796848-26-000003,https://www.sec.gov/Archives/edgar/data/2002660/000079684826000003/primary_doc.xml
PSUS,"Pershing Square USA, Ltd.",2002660,SCHEDULE 13G,2026-05-06,04/30/2026,TEACHER RETIREMENT SYSTEM OF TEXAS,,10.3%,,,Common Shares of Beneficial Interest,0000796848-26-000003,https://www.sec.gov/Archives/edgar/data/2002660/000079684826000003/primary_doc.xml
