date,spy_ret,payment_yield,cash_usd,n_payers,py_quintile,vix_lag,dow,month
2015-01-20,0.0021325828,5.83484e-05,1138779812.28,3,4,20.9500007629,1,1
2015-01-21,0.0050480267,4.00923e-05,784146792.36,2,3,19.8899993896,2,1
2015-01-22,0.0148710077,1.673e-06,32886816.62,1,1,18.8500003815,3,1
2015-01-23,-0.0054827989,1.84137e-05,367346626.57,2,2,16.3999996185,4,1
2015-01-26,0.0023417853,1.52107e-05,301783550.29,2,2,16.6599998474,0,1
2015-01-27,-0.0131905159,1.8985e-06,37754832.37,1,1,15.5200004578,1,1
2015-01-28,-0.0128243368,1.87976e-05,368890624.65,1,2,17.2199993134,2,1
2015-02-02,0.0123840625,2.01084e-05,388210786.46,2,2,20.9699993134,0,2
2015-02-03,0.0144611638,6.8858e-06,134582723.0,2,1,19.4300003052,1,2
2015-02-09,-0.0044757877,2.3372e-05,465016617.38,4,3,17.2900009155,0,2
2015-02-12,0.0096168055,8.47414e-05,1697363205.52,1,4,16.9599990845,3,2
2015-02-13,0.0041164112,7.8626e-06,159001444.46,2,1,15.3400001526,4,2
2015-02-17,0.0015730853,1.87111e-05,379943102.15,4,2,14.6899995804,1,2
2015-02-20,0.0060006181,2.91964e-05,593420878.38,3,3,15.2899999619,4,2
2015-02-23,-0.0001420128,8.14946e-05,1666328616.04,10,4,14.3000001907,0,2
2015-02-24,0.0028407311,0.0002315692,4734250379.92,7,5,14.5600004196,1,2
2015-02-26,-0.001181307,9.613e-07,19693090.8,1,1,13.8400001526,3,2
2015-02-27,-0.0034061936,0.0001613785,3301911919.17,5,5,13.9099998474,4,2
2015-03-02,0.0063134995,0.0002404367,4902737601.25,12,5,13.3400001526,0,3
2015-03-03,-0.004104016,4.00829e-05,822489396.16,8,3,13.0399999619,1,3
2015-03-05,0.0010940921,8.0921e-06,164668413.68,2,1,14.2299995422,3,3
2015-03-06,-0.0140644617,2.07607e-05,422929048.48,1,2,14.0399999619,4,3
2015-03-09,0.0041445813,9.48335e-05,1904739590.22,5,5,15.1999998093,0,3
2015-03-10,-0.016221947,0.0001386639,2796620069.33,10,5,15.0600004196,1,3
2015-03-11,-0.0023416711,3.9373e-06,78121297.52,1,1,16.6900005341,2,3
2015-03-12,0.0127139663,0.0001151472,2279305722.3,1,5,16.8700008392,3,3
2015-03-13,-0.0061323237,2.47127e-05,495400950.3,6,3,15.4200000763,4,3
2015-03-16,0.0133605401,0.0001149756,2290710860.62,16,5,16.0,0,3
2015-03-17,-0.0029724571,3.4019e-06,68683323.11,1,1,15.6099996567,1,3
2015-03-18,0.0120215422,2.16095e-05,434990390.88,3,3,15.6599998474,2,3
2015-03-19,-0.0045614686,2.527e-06,51478321.42,1,1,13.970000267,3,3
2015-03-20,0.0043436929,1.89818e-05,384926896.15,5,2,14.0699996948,4,3
2015-03-23,-0.001948594,4.3228e-05,880415360.44,7,3,13.0200004578,0,3
2015-03-24,-0.0056190127,8.90972e-05,1811086617.71,10,5,13.4099998474,1,3
2015-03-25,-0.0146538297,4.81197e-05,972637608.24,4,4,13.6199998856,2,3
2015-03-26,-0.0023813678,1.0395e-06,20703407.46,1,1,15.4399995804,3,3
2015-03-27,0.0022896732,4.27219e-05,848851559.6,10,3,15.8000001907,4,3
2015-03-30,0.0121998369,0.0002105696,4193438017.19,12,5,15.0699996948,0,3
2015-03-31,-0.008739531,6.86704e-05,1384235965.32,8,4,14.5100002289,1,3
2015-04-01,-0.0035362871,1.98619e-05,396871665.85,4,2,15.2899999619,2,4
2015-04-02,0.0035974988,2.13099e-05,424297965.63,3,3,15.1099996567,3,4
2015-04-06,0.0067331882,0.0001071255,2140634407.15,3,5,14.6700000763,0,4
2015-04-07,-0.0026464083,3.97279e-05,799207395.64,2,3,14.7399997711,1,4
2015-04-10,0.0054571538,9.897e-07,20012042.96,1,1,13.0900001526,4,4
2015-04-13,-0.0045229336,2.86455e-05,582389806.99,2,3,12.5799999237,0,4
2015-04-14,0.0019130956,0.0001600925,3240112493.99,18,5,13.9399995804,1,4
2015-04-15,0.0044870264,1.44066e-05,292133205.28,4,2,13.6700000763,2,4
2015-04-16,-0.0002851189,6.5012e-06,132421072.15,1,1,12.8400001526,3,4
2015-04-17,-0.0115035329,2.98178e-05,607177689.86,6,3,12.6000003815,4,4
2015-04-20,0.0091368559,3.9317e-05,791399170.75,4,3,13.8900003433,0,4
2015-04-21,-0.0011913271,1.5247e-06,30971560.31,1,1,13.3000001907,1,4
2015-04-22,0.0049141162,6.12338e-05,1242334918.51,2,4,13.25,2,4
2015-04-23,0.0025162549,2.25656e-05,460069667.63,2,3,12.7100000381,3,4
2015-04-24,0.002320469,5.6073e-06,114609454.59,3,1,12.4799995422,4,4
2015-04-27,-0.0041577588,1.09832e-05,225010076.86,1,2,12.2899999619,0,4
2015-05-01,0.0108413817,8.51725e-05,1718612233.77,6,4,14.5500001907,4,5
2015-05-04,0.0028474094,1.90329e-05,388210786.46,2,2,12.6999998093,0,5
2015-05-05,-0.0114518898,1.1521e-06,23565941.65,1,1,12.8500003815,1,5
2015-05-08,0.0131660845,1.14868e-05,232236435.75,4,2,15.1300001144,4,5
2015-05-11,-0.0047726799,0.0001074133,2200242361.6,2,5,12.8599996567,0,5
2015-05-14,0.0104275897,9.2377e-05,1877933759.3,1,5,13.7600002289,3,5
2015-05-15,0.0010838119,2.11204e-05,433834357.26,5,2,12.7399997711,4,5
2015-05-18,0.0031067768,6.65734e-05,1368966349.2,8,4,12.3800001144,0,5
2015-05-19,-0.0003285186,5.4815e-06,113067691.87,2,1,12.7299995422,1,5
2015-05-21,0.0029124159,9.122e-06,187966302.2,2,2,12.8800001144,3,5
2015-05-22,-0.0023887331,1.39513e-05,288314917.25,3,2,12.1099996567,4,5
2015-05-26,-0.0107517183,3.23804e-05,667571349.73,2,3,12.1300001144,1,5
2015-05-29,-0.0062129685,0.000157656,3242228651.0,4,5,13.3100004196,4,5
2015-06-01,0.002036601,0.0002319786,4741047152.25,10,5,13.8400001526,0,6
2015-06-02,-0.000992611,0.0001131811,2317841931.39,4,5,13.970000267,1,6
2015-06-03,0.0026494964,4.3079e-06,88134107.23,1,1,14.2399997711,2,6
2015-06-04,-0.008446552,5.7555e-06,118062391.85,2,1,13.6599998474,3,6
2015-06-05,-0.001713228,6.97359e-05,1418406223.91,9,4,14.7100000381,4,6
2015-06-08,-0.006149633,0.0001176429,2388719404.35,7,5,14.2100000381,0,6
2015-06-09,-0.0001438928,1.56423e-05,315661746.45,5,2,15.2899999619,1,6
2015-06-10,0.0119932839,3.34341e-05,674600677.69,4,3,14.470000267,2,6
2015-06-11,0.0032235503,0.0001154524,2357427019.82,2,5,13.220000267,3,6
2015-06-12,-0.0076549182,1.16082e-05,237792522.22,3,2,12.8500003815,4,6
2015-06-15,-0.0042854813,0.0001062894,2160655750.47,16,5,13.779999733,0,6
2015-06-16,0.0054516732,3.9153e-06,79249988.2,1,1,15.3900003433,1,6
2015-06-17,0.0016171051,2.43022e-05,494580694.4,2,3,14.8100004196,2,6
2015-06-18,0.010399366,1.0157e-06,20703407.46,1,1,14.5,3,6
2015-06-19,-0.0092583947,5.63172e-05,1159920148.9,8,4,13.1899995804,4,6
2015-06-22,0.0051231054,1.3479e-06,27504037.16,1,1,13.9600000381,0,6
2015-06-23,0.0007078857,3.1937e-05,655029186.42,3,3,12.7399997711,1,6
2015-06-24,-0.0072627492,3.81627e-05,783272823.76,3,3,12.1099996567,2,6
2015-06-25,-0.0030403771,8.7184e-06,177642105.06,1,2,13.2600002289,3,6
2015-06-26,-0.0001905713,0.0001003417,2038294318.11,12,5,14.0100002289,4,6
2015-06-29,-0.0209703984,0.0002835772,5759358030.52,16,5,14.0200004578,0,6
2015-06-30,0.002093311,8.56786e-05,1703612070.97,12,4,18.8500003815,1,6
2015-07-01,0.0080155154,2.36046e-05,470331740.55,5,3,18.2299995422,2,7
2015-07-02,-0.0009156744,1.43597e-05,288416408.25,1,2,16.0900001526,3,7
2015-07-06,-0.0028459618,8.00501e-05,1606341824.58,3,4,16.7900009155,0,7
2015-07-07,0.0062887144,3.22979e-05,646267403.02,1,3,17.0100002289,1,7
2015-07-10,0.0125915174,1.009e-06,20012042.96,1,1,19.9699993134,4,7
2015-07-13,0.0110372498,4.50192e-05,904127725.35,3,3,16.8299999237,0,7
2015-07-14,0.0043380292,0.0001611601,3272327840.38,18,5,13.8999996185,1,7
2015-07-15,-0.0003322198,2.08187e-05,424554277.42,5,2,13.3699998856,2,7
2015-07-17,0.0008478223,3.05574e-05,627945733.1,6,3,12.1099996567,4,7
2015-07-20,0.0005176987,1.27974e-05,263206243.36,2,2,11.9499998093,0,7
2015-07-21,-0.0039512505,1.5051e-06,30971560.31,1,1,12.25,1,7
2015-07-22,-0.0017945921,6.06121e-05,1242334918.51,2,4,12.220000267,2,7
2015-07-23,-0.0056299497,1.7535e-06,35876527.22,1,1,12.1199998856,3,7
2015-07-24,-0.0103720276,2.48606e-05,505777083.9,4,3,12.6400003433,4,7
2015-07-27,-0.00581734,3.5274e-06,71019851.25,2,1,13.7399997711,0,7
2015-07-31,-0.0015179172,9.19693e-05,1876768833.41,6,5,12.1300001144,4,7
2015-08-03,-0.0033729535,2.0625e-05,420244380.29,2,2,12.1199998856,0,8
2015-08-06,-0.0081877525,6.91e-08,1404464.49,1,1,12.5100002289,3,8
2015-08-07,-0.0019198903,1.26037e-05,254182624.58,3,2,13.7700004578,4,8
2015-08-10,0.0125992326,0.0001048826,2111146620.61,3,5,13.3900003433,0,8
2015-08-13,-0.0012444692,9.28634e-05,1877933759.3,1,5,13.6099996567,3,8
2015-08-14,0.0036422625,4.4661e-06,90202585.17,2,1,13.4899997711,4,8
2015-08-17,0.0055868502,0.00011042,2238318382.9,16,5,12.8299999237,0,8
2015-08-18,-0.0028966267,5.7694e-06,117604025.96,1,1,13.0200004578,1,8
2015-08-20,-0.020881365,1.00336e-05,202322669.36,2,2,15.25,3,8
2015-08-21,-0.0301024629,1.36056e-05,268621826.44,2,2,19.1399993896,4,8
2015-08-24,-0.0421068683,0.000103668,1985146856.36,7,5,28.0300006866,0,8
2015-08-25,-0.0117677875,4.77818e-05,876451715.99,5,4,40.7400016785,1,8
2015-08-27,0.0247351506,2.2985e-06,43264247.15,1,1,30.3199996948,3,8
2015-08-28,5.01556e-05,1.19364e-05,230234679.37,3,2,26.1000003815,4,8
2015-08-31,-0.0080790878,0.0001099786,2121425595.85,8,5,26.0499992371,0,8
2015-09-01,-0.0298476954,8.45067e-05,1616916502.75,4,4,28.4300003052,1,9
2015-09-02,0.0189810675,4.748e-06,88134107.23,1,1,31.3999996185,2,9
2015-09-04,-0.0151368278,0.0001649732,3122676212.22,8,5,25.6100006104,4,9
2015-09-08,0.025131089,0.0002275613,4242169122.57,11,5,27.7999992371,1,9
2015-09-09,-0.0133718254,1.01627e-05,194212743.13,1,2,24.8999996185,2,9
2015-09-10,0.0054418238,0.0001608091,3032027697.51,6,5,26.2299995422,3,9
2015-09-11,0.0045442908,1.8679e-05,354106677.0,4,2,24.3700008392,4,9
2015-09-14,-0.0037105366,4.374e-05,832966321.07,11,3,23.2000007629,0,9
2015-09-15,0.0124994249,9.26538e-05,1757912169.83,13,5,24.25,1,9
2015-09-16,0.0086666628,1.32887e-05,255277159.19,2,2,22.5400009155,2,9
2015-09-17,-0.0022479617,1.83688e-05,355924316.19,2,2,21.3500003815,3,9
2015-09-18,-0.0214289234,6.71437e-05,1298088536.81,5,4,21.1399993896,4,9
2015-09-21,0.0051676121,1.79801e-05,340160849.97,4,2,22.2800006866,0,9
2015-09-22,-0.0129797565,2.28455e-05,434440827.25,4,3,20.1399993896,1,9
2015-09-23,-0.0015986672,2.79268e-05,524176034.86,1,3,22.4400005341,2,9
2015-09-24,-0.0036157654,9.076e-06,170080551.2,1,2,22.1299991608,3,9
2015-09-25,-0.0002591384,2.59032e-05,483661231.45,6,3,23.4699993134,4,9
2015-09-28,-0.0250972852,4.13753e-05,772353830.69,5,3,23.6200008392,0,9
2015-09-29,0.0005850785,0.0003242924,5901651219.61,18,5,27.6299991608,1,9
2015-09-30,0.0186583556,7.02782e-05,1279709725.48,6,4,26.8299999237,2,9
2015-10-01,0.0026091947,2.05004e-05,380260429.43,3,2,24.5,3,10
2015-10-02,0.0149377767,7.22938e-05,1344472503.88,10,4,22.5499992371,4,10
2015-10-05,0.0177948781,8.84841e-05,1670151248.34,3,4,20.9400005341,0,10
2015-10-06,-0.0034262505,3.40078e-05,653324137.22,4,3,19.5400009155,1,10
2015-10-09,0.0005963675,1.20384e-05,234462689.27,2,2,17.4200000763,4,10
2015-10-13,-0.0063021251,1.4783e-06,28836251.65,1,1,16.1700000763,1,10
2015-10-14,-0.004794041,1.11363e-05,215859512.53,1,2,17.6700000763,2,10
2015-10-15,0.0153545733,2.20086e-05,424554277.42,5,3,18.0300006866,3,10
2015-10-16,0.0045465685,0.0002488261,4873658365.3,18,5,16.0499992371,4,10
2015-10-19,0.0004919115,1.81009e-05,356146466.88,3,2,15.0500001907,0,10
2015-10-20,-0.001278431,7.21266e-05,1419835100.89,4,4,14.9799995422,1,10
2015-10-21,-0.006203508,4.96349e-05,975829405.5,4,4,15.75,2,10
2015-10-22,0.016893675,2.7395e-06,53524081.3,1,1,16.7000007629,3,10
2015-10-23,0.0109617074,1.2167e-06,24172893.92,1,1,14.4499998093,4,10
2015-10-26,-0.0024576865,2.6632e-06,53492868.83,1,1,14.4600000381,0,10
2015-10-27,-0.0019323377,2.14091e-05,428967165.81,1,3,15.2899999619,1,10
2015-10-28,0.0113745923,2.0496e-05,409878083.09,1,2,15.4300003052,2,10
2015-11-02,0.0118309373,4.89144e-05,984485548.98,3,4,15.0699996948,0,11
2015-11-06,-0.0005234386,8.0047e-06,162829408.36,2,1,15.0500001907,4,11
2015-11-09,-0.0093315155,4.54523e-05,924088753.45,3,3,14.3299999237,0,11
2015-11-10,0.0023067845,5.44828e-05,1097351100.84,2,4,16.5200004578,1,11
2015-11-12,-0.0139598011,9.33908e-05,1877933759.3,1,5,16.0599994659,3,11
2015-11-13,-0.0112282908,8.2001e-06,162588955.95,2,1,18.3700008392,4,11
2015-11-16,0.0152068823,0.0001425945,2795563446.34,14,5,20.0799999237,0,11
2015-11-19,-0.000862323,7.4609e-06,150741855.23,1,1,16.8500003815,3,11
2015-11-20,0.0036441836,1.03824e-05,209585740.62,4,2,16.9899997711,4,11
2015-11-23,-0.001146578,5.28691e-05,1071144026.56,7,4,15.470000267,0,11
2015-11-24,0.0013392585,0.0001052807,2130573121.27,9,5,15.6199998856,1,11
2015-11-27,0.0011465232,0.0001890931,3831264867.74,7,5,15.1899995804,4,11
2015-11-30,-0.0041515324,0.0001411341,2862834986.44,10,5,15.1199998856,0,11
2015-12-01,0.009535628,7.34958e-05,1484636896.31,4,4,16.1299991608,1,12
2015-12-02,-0.0102050217,8.0539e-06,164241947.71,2,1,14.6700000763,2,12
2015-12-04,0.0195029157,0.0001635895,3255784430.26,9,5,18.1100006104,4,12
2015-12-07,-0.0060585299,5.00285e-05,1015093294.64,6,4,14.8100004196,0,12
2015-12-08,-0.0067195062,0.0001050843,2119274962.47,5,5,15.8400001526,1,12
2015-12-10,0.0025810791,0.0001768336,3514747459.98,8,5,19.6100006104,3,12
2015-12-11,-0.0193811159,3.88194e-05,773566203.49,3,3,19.3400001526,4,12
2015-12-14,0.0050524519,4.1298e-06,80700750.34,2,1,24.3899993896,0,12
2015-12-15,0.0104978065,0.0001750619,3438186664.83,17,5,22.7299995422,1,12
2015-12-16,0.0146320052,1.37525e-05,272931539.45,3,2,20.9500007629,2,12
2015-12-17,-0.0152381781,1.63048e-05,328319772.91,1,2,17.8600006104,3,12
2015-12-18,-0.0236258729,7.71484e-05,1529818908.15,6,4,18.9400005341,4,12
2015-12-21,0.0082491444,7.4778e-06,144778830.61,1,1,20.7000007629,0,12
2015-12-28,-0.0022850349,9.17777e-05,1827195441.2,9,5,15.7399997711,0,12
2015-12-29,0.0106719317,0.0001510654,3000678271.37,16,5,16.9099998474,1,12
2015-12-30,-0.0070877592,4.28556e-05,860344228.09,4,3,16.0799999237,2,12
2015-12-31,-0.0100033877,4.3632e-06,86971978.85,2,1,17.2900009155,3,12
2016-01-04,-0.0139794522,0.0001665308,3286274332.84,8,5,18.2099990845,0,1
2016-01-05,0.0016913557,6.21537e-05,1209379067.2,4,4,20.7000007629,1,1
2016-01-06,-0.0126141899,3.50327e-05,682814632.84,2,3,19.3400001526,2,1
2016-01-07,-0.0239915708,4.95932e-05,954416439.43,1,4,20.5900001526,3,1
2016-01-08,-0.0109765774,0.0001233175,2316296413.31,3,5,24.9899997711,4,1
2016-01-11,0.0009900086,5.9509e-06,110550528.6,2,1,27.0100002289,0,1
2016-01-12,0.0080683101,5.54074e-05,1030324209.35,1,4,24.2999992371,1,1
2016-01-14,0.0164168343,1.18098e-05,215859512.53,1,2,25.2199993134,3,1
2016-01-15,-0.0214661349,2.05745e-05,382232779.02,5,2,23.9500007629,4,1
2016-01-19,0.0013311325,4.3615e-06,79289074.85,1,1,27.0200004578,1,1
2016-01-20,-0.0128150787,6.0355e-05,1098665434.27,4,4,26.0499992371,2,1
2016-01-22,0.0205153023,8.94584e-05,1616582779.76,4,5,26.6900005341,4,1
2016-01-25,-0.0151165485,1.7544e-05,323537995.39,2,2,22.3400001526,0,1
2016-01-26,0.0136431335,2.3937e-06,43475261.52,1,1,24.1499996185,1,1
2016-01-27,-0.0108832392,2.22632e-05,409878083.09,1,3,22.5,2,1
2016-02-01,-0.0003613841,1.51331e-05,283765225.99,3,2,20.2000007629,0,2
2016-02-02,-0.0180221551,2.74854e-05,515198940.46,3,3,19.9799995422,1,2
2016-02-08,-0.0134610206,4.37135e-05,795268300.75,3,3,23.3799991608,0,2
2016-02-09,5.3902e-05,1.1981e-06,21502849.19,2,1,26.0,1,2
2016-02-11,-0.0130080618,0.0001047175,1877933759.3,1,5,26.2900009155,3,2
2016-02-12,0.0206168887,9.461e-06,167460521.02,2,2,28.1399993896,4,2
2016-02-16,0.0168782822,3.32518e-05,600693402.36,5,3,25.3999996185,1,2
2016-02-19,-0.0004685113,4.07156e-05,757043871.61,3,3,21.6399993896,4,2
2016-02-22,0.0144791603,5.91604e-05,1099482140.32,6,4,20.5300006866,0,2
2016-02-23,-0.0126295896,5.188e-05,978137411.5,4,4,19.3799991608,1,2
2016-02-26,-0.0023013039,8.27746e-05,1566710141.48,7,4,19.1100006104,4,2
2016-02-29,-0.0078425281,0.0001145674,2163475634.52,11,5,19.8099994659,0,2
2016-03-01,0.023506939,0.0001607464,3011706318.19,10,5,20.5499992371,1,3
2016-03-02,0.0044924506,2.6898e-06,51580814.14,1,1,17.7000007629,2,3
2016-03-03,0.0039195919,1.12975e-05,217615932.43,3,2,17.0900001526,3,3
2016-03-07,0.000798302,5.83771e-05,1132559944.0,6,4,16.8600006104,0,3
2016-03-08,-0.0109178049,0.0001444945,2805540564.93,6,5,17.3500003815,1,3
2016-03-10,0.0008024295,0.0001743995,3365757372.03,5,5,18.3400001526,3,3
2016-03-11,0.016137122,9.9959e-06,193067341.76,2,2,18.0499992371,4,3
2016-03-14,-0.0012822771,0.0001119757,2197666598.13,12,5,16.5,0,3
2016-03-15,-0.0016296387,8.38784e-05,1644110234.32,13,4,16.9200000763,1,3
2016-03-16,0.0057871998,4.5488e-06,89016237.71,1,1,16.8400001526,2,3
2016-03-17,0.0063440964,2.14665e-05,422512667.71,2,3,14.9899997711,3,3
2016-03-18,-0.0012217172,3.1791e-05,629694543.86,6,3,14.4399995804,4,3
2016-03-21,0.0014188926,8.21606e-05,1625391687.37,9,4,14.0200004578,0,3
2016-03-22,-0.0005374535,1.10927e-05,219759636.46,1,2,13.7899999619,1,3
2016-03-23,-0.006599486,3.86852e-05,765986851.7,3,3,14.1700000763,2,3
2016-03-28,0.0005908349,8.48584e-05,1668411547.8,8,4,14.7399997711,0,3
2016-03-29,0.0092500963,0.0002358309,4639441879.54,14,5,15.2399997711,1,3
2016-03-30,0.0043877202,3.46217e-05,687403724.31,4,3,13.8199996948,2,3
2016-03-31,-0.0024269488,6.72875e-05,1341836236.13,5,4,13.5600004196,3,3
2016-04-01,0.0068119593,4.80718e-05,956313117.83,8,4,13.9499998093,4,4
2016-04-04,-0.0032379575,9.15066e-05,1832781115.77,4,5,13.1000003815,0,4
2016-04-05,-0.009987867,5.90751e-05,1179381841.67,2,4,14.1199998856,1,4
2016-04-06,0.0109211798,1.8491e-06,36547229.82,1,1,15.4200000763,2,4
2016-04-08,0.0026967544,1.0284e-06,20302072.57,1,1,16.1599998474,4,4
2016-04-11,-0.0023471674,2.6959e-06,53365112.67,1,1,15.3599996567,0,4
2016-04-13,0.0101010191,5.3931e-06,107496042.85,2,1,14.8500003815,2,4
2016-04-14,4.80505e-05,1.07214e-05,215859512.53,1,2,13.8400001526,3,4
2016-04-15,-0.0011056956,1.96667e-05,395978082.11,5,2,13.720000267,4,4
2016-04-18,0.0070266952,9.2215e-06,185464460.25,3,2,13.6199998856,0,4
2016-04-19,0.0031542171,1.00265e-05,203071164.27,2,2,13.3500003815,1,4
2016-04-20,0.0009528929,1.19431e-05,242652822.52,2,2,13.2399997711,2,4
2016-04-22,0.0,6.311e-05,1276551251.93,4,4,13.9499998093,4,4
2016-04-25,-0.0017227382,2.23538e-05,452158427.3,4,3,13.220000267,0,4
2016-04-26,0.0014860148,1.17747e-05,237760499.16,1,2,14.0799999237,1,4
2016-04-27,0.0020582421,7.50352e-05,1517402912.61,3,4,13.9600000381,2,4
2016-05-02,0.0079484291,9.78963e-05,1955169412.08,5,5,15.6999998093,0,5
2016-05-06,0.003659072,1.28481e-05,254908869.95,3,2,15.9099998474,4,5
2016-05-09,0.000826357,1.76956e-05,352369532.1,1,2,14.720000267,0,5
2016-05-12,0.0002905451,0.0001029855,2058504313.07,1,5,14.6899995804,3,5
2016-05-13,-0.0087141899,1.40721e-05,281358853.8,3,2,14.4099998474,4,5
2016-05-16,0.0098652292,9.0343e-05,1790587686.79,12,5,15.0399999619,0,5
2016-05-17,-0.0093335559,1.53408e-05,307052433.11,2,2,14.6800003052,1,5
2016-05-20,0.0063173779,1.47671e-05,291881389.5,3,2,16.3299999237,4,5
2016-05-23,-0.0013625907,5.24982e-05,1044217342.82,8,4,15.1999998093,0,5
2016-05-24,0.0129622743,0.0001185193,2354200558.04,8,5,15.8199996948,1,5
2016-05-26,0.0002866856,2.5463e-06,51580814.14,1,1,13.8999996185,3,5
2016-05-27,0.0042992699,7.3539e-06,149013868.14,3,1,13.4300003052,4,5
2016-05-31,-0.001902631,2.5271e-05,514272796.87,1,3,13.1199998856,1,5
2016-06-01,0.0020492182,7.73137e-05,1570365320.8,4,4,14.1899995804,2,6
2016-06-02,0.0030437027,2.1257e-06,43264247.15,1,1,14.1999998093,3,6
2016-06-03,-0.0029870792,5.35316e-05,1092856189.4,6,4,13.6300001144,4,6
2016-06-06,0.0050884884,8.01436e-05,1631258608.14,5,4,13.470000267,0,6
2016-06-07,0.0015613275,0.0001396153,2856216529.78,6,5,13.6499996185,1,6
2016-06-08,0.0032596488,2.61279e-05,535353225.92,1,3,14.0500001907,2,6
2016-06-09,-0.0013655097,0.000128764,2646935677.5,1,5,14.0799999237,3,6
2016-06-10,-0.0094775297,5.47627e-05,1124191296.01,11,4,14.6400003433,4,6
2016-06-13,-0.0077117643,7.25605e-05,1475436241.05,11,4,17.0300006866,0,6
2016-06-14,-0.0019669161,0.000110535,2230271604.31,18,5,20.9699993134,1,6
2016-06-15,-0.0013939305,1.40323e-05,282573605.16,2,2,20.5,2,6
2016-06-16,0.0029843327,5.2576e-06,105725840.8,2,1,20.1399993896,3,6
2016-06-17,-0.0088783937,1.7075e-05,344391370.19,1,2,19.3700008392,4,6
2016-06-20,0.006440063,0.000104583,2090638363.24,10,5,19.4099998474,0,6
2016-06-22,-0.0016311473,3.08923e-05,623285824.01,2,3,18.4799995422,2,6
2016-06-24,-0.0359090752,2.7151e-05,554029178.98,8,3,17.25,4,6
2016-06-27,-0.0179098568,4.71298e-05,927172232.93,4,4,25.7600002289,0,6
2016-06-28,0.0180360257,5.191e-06,100292921.46,2,1,23.8500003815,1,6
2016-06-29,0.0170275924,3.73008e-05,733664803.09,3,3,18.75,2,6
2016-06-30,0.0136455628,7.19627e-05,1439527037.33,6,4,16.6399993896,3,6
2016-07-01,0.0021004509,0.0002604967,5282027895.57,20,5,15.6300001144,4,7
2016-07-05,-0.0071931904,2.3938e-05,486404540.39,3,3,14.7700004578,1,7
2016-07-07,-0.0006200748,3.51622e-05,713586924.17,1,3,14.9600000381,3,7
2016-07-08,0.0148904459,2.69625e-05,546843140.39,2,3,14.7600002289,4,7
2016-07-11,0.0035269223,2.60697e-05,536609138.89,2,3,13.1999998093,0,7
2016-07-12,0.0072633697,2.5912e-06,53524081.3,1,1,13.5399999619,1,7
2016-07-14,0.0055834588,1.13521e-05,236161585.1,2,2,13.0399999619,3,7
2016-07-15,-0.0013418161,1.89287e-05,395978082.11,5,2,12.8199996948,4,7
2016-07-18,0.0026873087,5.3826e-06,112450764.25,2,1,12.6700000763,0,7
2016-07-19,-0.0010165945,9.0573e-05,1897283271.76,4,5,12.4399995804,1,7
2016-07-20,0.0041629765,1.15956e-05,242652822.52,2,2,11.970000267,2,7
2016-07-22,0.0044851399,1.3857e-06,29007472.71,1,1,12.7399997711,4,7
2016-07-25,-0.0027159436,8.77496e-05,1845188837.22,6,4,12.0200004578,0,7
2016-07-27,-0.0010611106,7.24196e-05,1519396053.01,3,4,13.0500001907,2,7
2016-08-01,-0.0008290009,1.42543e-05,299572415.49,3,2,11.8699998856,0,8
2016-08-05,0.0081788687,2.65011e-05,555132020.92,4,3,12.4200000763,4,8
2016-08-08,-0.0005957908,1.46072e-05,308487150.26,1,2,11.3900003433,0,8
2016-08-11,0.0046406658,9.77141e-05,2058504313.07,1,5,12.0500001907,3,8
2016-08-12,-0.0008689101,4.5202e-06,95666973.08,1,1,11.6800003052,4,8
2016-08-15,0.0028837755,8.94262e-05,1891005367.78,13,5,11.5500001907,0,8
2016-08-16,-0.0051576505,1.51002e-05,320228307.02,2,2,11.8100004196,1,8
2016-08-19,-0.0014621554,1.37779e-05,291881389.5,3,2,11.4300003052,4,8
2016-08-22,-4.57331e-05,7.8252e-05,1655319982.72,10,4,11.3400001526,0,8
2016-08-23,0.0020134647,3.642e-05,770383622.65,4,3,12.2700004578,1,8
2016-08-25,-0.0006885892,1.00389e-05,211690488.55,2,2,13.4499998093,3,8
2016-08-26,-0.0018833425,8.00713e-05,1687295858.57,6,4,13.6300001144,4,8
2016-08-29,0.0049243286,7.73424e-05,1626722236.93,10,4,13.6499996185,0,8
2016-08-30,-0.0016486564,5.3777e-05,1136646080.82,4,4,12.9399995804,1,8
2016-08-31,-0.0028440143,4.3059e-06,90859904.36,1,1,13.1199998856,2,8
2016-09-01,4.59771e-05,6.91629e-05,1455286522.13,2,4,13.4200000763,3,9
2016-09-02,0.0045080074,6.53319e-05,1374741170.1,6,4,13.4799995422,4,9
2016-09-06,0.00302241,0.0001737007,3671557823.89,6,5,11.9799995422,1,9
2016-09-07,-9.13312e-05,9.6185e-06,203923380.28,1,2,12.0200004578,2,9
2016-09-08,-0.0022830008,0.0001501135,3182288903.43,2,5,11.9399995804,3,9
2016-09-09,-0.0239348124,3.96952e-05,839585515.95,5,3,12.5100002289,4,9
2016-09-12,0.0143473255,1.24823e-05,257691014.25,5,2,17.5,0,9
2016-09-13,-0.0143755231,2.29064e-05,479677866.19,2,3,15.1599998474,1,9
2016-09-14,-0.0003751903,1.10333e-05,227725404.54,3,2,17.8500003815,2,9
2016-09-15,0.0099929859,1.05873e-05,218436148.47,3,2,18.1399993896,3,9
2016-09-16,-0.0088721835,4.43769e-05,924732839.49,11,3,16.2999992371,4,9
2016-09-19,0.0001875078,1.12398e-05,232138517.69,1,2,15.3699998856,0,9
2016-09-20,4.68324e-05,6.39745e-05,1321530732.99,5,4,15.529999733,1,9
2016-09-21,0.0112454745,2.80169e-05,578777705.15,1,3,15.9200000763,2,9
2016-09-23,-0.0054792671,9.7087e-06,204096661.44,1,2,12.0200004578,4,9
2016-09-26,-0.0081022267,2.39012e-05,499698864.11,4,3,12.2899999619,0,9
2016-09-27,0.0062079994,5.7898e-06,120065827.35,3,1,14.5,1,9
2016-09-28,0.0049635479,1.7515e-06,36547229.82,1,1,13.1000003815,2,9
2016-09-29,-0.0090472984,3.32439e-05,697117573.27,2,3,12.3900003433,3,9
2016-09-30,0.0075461637,0.0001003587,2085463169.06,13,5,14.0200004578,4,9
2016-10-03,-0.0024040881,9.31307e-05,1949868598.18,5,5,13.2899999619,0,10
2016-10-04,-0.0050978131,2.51351e-05,524985311.01,5,3,13.5699996948,1,10
2016-10-05,0.004425248,4.50867e-05,936906571.41,3,3,13.6300001144,2,10
2016-10-10,0.0052083817,7.8893e-06,164215898.52,1,1,13.4799995422,0,10
2016-10-13,-0.0032755238,1.16626e-05,241254749.3,1,2,15.9099998474,3,10
2016-10-14,0.0005164106,8.32824e-05,1717154138.67,4,4,16.6900005341,4,10
2016-10-17,-0.0034721765,4.62027e-05,953119897.24,9,4,16.1200008392,0,10
2016-10-18,0.0062623684,8.2105e-06,168786074.08,3,1,16.2099990845,1,10
2016-10-19,0.0026671286,7.7839e-06,161020124.15,3,1,15.279999733,2,10
2016-10-20,-0.001866688,1.1699e-05,242652822.52,2,2,14.4099998474,3,10
2016-10-21,0.0004675091,1.00508e-05,208078710.23,3,2,13.75,4,10
2016-10-24,0.0042527511,2.44716e-05,506863649.28,4,3,13.3400001526,0,10
2016-10-25,-0.0033505571,2.27077e-05,472330602.81,2,3,13.0200004578,1,10
2016-10-26,-0.0020077167,7.3292e-05,1519396053.01,3,4,13.4600000381,2,10
2016-10-31,4.70959e-05,3.13608e-05,645183730.03,5,3,16.1900005341,0,10
2016-11-04,-0.0011016176,1.4781e-05,298708975.36,3,2,22.0799999237,4,11
2016-11-07,0.0220570164,0.0001280207,2584319789.75,5,5,22.5100002289,0,11
2016-11-10,0.0024955785,9.82831e-05,2058504313.07,1,5,14.3800001144,3,11
2016-11-11,-0.0023049973,4.5562e-06,95666973.08,1,1,14.7399997711,4,11
2016-11-14,0.0007855012,5.32737e-05,1116003905.48,6,4,14.1700000763,0,11
2016-11-15,0.0078027724,4.64491e-05,973803311.43,10,4,14.4799995422,1,11
2016-11-18,-0.0022375701,0.0001564711,3316762167.44,5,5,13.3500003815,4,11
2016-11-21,0.0075514595,8.47697e-05,1792867301.0,8,4,12.8500003815,0,11
2016-11-22,0.0019532498,4.79855e-05,1022549741.32,5,4,12.4200000763,1,11
2016-11-25,0.0037154841,7.487e-06,159943347.95,3,1,12.4300003052,4,11
2016-11-28,-0.0046948742,4.54014e-05,973505621.62,7,3,12.3400001526,0,11
2016-11-29,0.0019503263,3.5518e-06,75799708.45,2,1,13.1499996185,1,11
2016-11-30,-0.0023991615,4.2491e-06,90859904.36,1,1,12.8999996185,2,11
2016-12-01,-0.0036754585,6.83424e-05,1457867317.12,2,4,13.3299999237,3,12
2016-12-02,0.0005009125,9.88757e-05,2101446841.66,11,5,14.0699996948,4,12
2016-12-05,0.0060087735,6.0103e-05,1278034972.42,7,4,14.1199998856,0,12
2016-12-06,0.003167407,0.0001088548,2328604285.4,3,5,12.1400003433,1,12
2016-12-08,0.0024487434,0.0001600421,3479364064.59,4,5,12.220000267,3,12
2016-12-09,0.0060404204,4.41566e-05,962328051.67,7,3,12.6400003433,4,12
2016-12-12,-0.001147828,9.188e-07,20143875.72,1,1,11.75,0,12
2016-12-13,0.0066740089,2.63744e-05,577599016.11,3,3,12.6400003433,1,12
2016-12-14,-0.0082542574,1.03295e-05,227725404.54,3,2,12.720000267,2,12
2016-12-15,0.0041171979,8.6228e-06,188531226.59,2,2,13.1899995804,3,12
2016-12-16,-0.0078039076,6.37355e-05,1399264333.63,11,4,12.7899999619,4,12
2016-12-19,0.0021774152,4.39829e-05,958074763.13,5,3,12.1999998093,0,12
2016-12-22,-0.001727419,4.274e-07,9340837.41,1,1,11.2700004578,3,12
2016-12-23,0.0014642019,7.35524e-05,1604604381.43,7,4,11.4300003052,4,12
2016-12-27,0.0024810489,6.4356e-06,140604393.01,2,1,11.4399995804,1,12
2016-12-28,-0.0082645085,1.21768e-05,266694607.37,2,2,11.9899997711,2,12
2016-12-29,-0.000222762,3.20943e-05,697117573.27,2,3,12.9499998093,3,12
2016-12-30,-0.0036550359,7.07289e-05,1535956446.67,12,4,13.3699998856,4,12
2017-01-03,0.0076500099,8.52682e-05,1844925124.08,5,4,14.0399999619,1,1
2017-01-04,0.0059491933,2.65875e-05,579666736.96,4,3,12.8500003815,2,1
2017-01-05,-0.0007944564,3.25364e-05,713586924.17,1,3,11.8500003815,3,1
2017-01-06,0.0035777952,8.56097e-05,1876096008.46,5,4,11.6700000763,4,1
2017-01-09,-0.003300911,7.05697e-05,1552036153.83,2,4,11.3199996948,0,1
2017-01-10,0.0,2.48803e-05,545383681.13,3,3,11.5600004196,1,1
2017-01-12,-0.0025099397,1.0975e-05,241254749.3,1,2,11.2600002289,3,1
2017-01-13,0.0022955206,5.40359e-05,1184851467.81,3,4,11.5399999619,4,1
2017-01-17,-0.0035234664,1.91164e-05,420128836.39,4,2,11.2299995422,1,1
2017-01-18,0.0022099448,4.1032e-06,89860951.5,1,1,11.8699998856,2,1
2017-01-20,0.0036740375,1.12069e-05,245063237.64,2,2,12.779999733,4,1
2017-01-23,-0.0026021504,1.02892e-05,225822766.84,2,2,11.5399999619,0,1
2017-01-24,0.0064117278,0.0002856061,6252013663.33,6,5,11.7700004578,1,1
2017-01-25,0.0086555412,6.89672e-05,1519396053.01,3,4,11.0699996948,2,1
2017-01-30,-0.0062016778,1.82269e-05,403967560.3,4,2,10.5799999237,0,1
2017-01-31,-8.79115e-05,4.286e-07,9441189.82,1,1,11.8800001144,1,1
2017-02-06,-0.0017877547,1.3856e-05,307589984.13,1,2,10.970000267,0,2
2017-02-07,4.37241e-05,2.84899e-05,631320119.87,1,3,11.3699998856,1,2
2017-02-09,0.0059326495,6.33e-08,1404464.49,1,1,11.4499998093,3,2
2017-02-10,0.0039461768,2.02199e-05,451330743.57,3,2,10.8800001144,4,2
2017-02-13,0.0054425718,4.50594e-05,1009742893.47,3,3,10.8500003815,0,2
2017-02-14,0.0039953287,1.99491e-05,449476112.67,3,2,11.0699996948,1,2
2017-02-15,0.0052203733,1.44004e-05,325753373.6,4,2,10.7399997711,2,2
2017-02-16,-0.0008513407,9.05265e-05,2058504313.07,1,5,11.970000267,3,2
2017-02-17,0.0015763255,3.97774e-05,903736968.76,7,3,11.7600002289,4,2
2017-02-21,0.0059552051,3.95663e-05,900357364.29,3,3,11.4899997711,1,2
2017-02-22,-0.0008880152,4.0039e-06,91653137.64,1,1,11.5699996948,2,2
2017-02-23,0.0006771782,2.0372e-06,46592266.16,1,1,11.7399997711,3,2
2017-02-24,0.0012688337,2.16242e-05,494898231.25,3,3,11.7100000381,4,2
2017-02-27,0.0015628753,1.59651e-05,365846841.42,3,2,11.470000267,0,2
2017-02-28,-0.0026991666,5.22345e-05,1198846007.17,5,4,12.0900001526,1,2
2017-03-01,0.0139975369,6.77411e-05,1550544419.57,3,4,12.9200000763,2,3
2017-03-03,0.0006295123,0.0001149454,2651043298.72,11,5,11.8100004196,4,3
2017-03-06,-0.0029779023,0.0001022944,2360751921.3,9,5,10.9600000381,0,3
2017-03-07,-0.0029868609,2.91653e-05,671072821.5,5,3,11.2399997711,1,3
2017-03-08,-0.0018565504,2.6837e-05,615656209.81,1,3,11.4499998093,2,3
2017-03-09,0.0012681901,0.00012523,2867513650.63,1,5,11.8599996567,3,3
2017-03-10,0.0035041874,3.3874e-05,776628809.78,4,3,12.3000001907,4,3
2017-03-13,0.0005048387,5.77643e-05,1329004602.85,4,4,11.6599998474,0,3
2017-03-14,-0.0038265997,0.0001702257,3918421755.74,15,5,11.3500003815,1,3
2017-03-15,0.0086534534,1.01627e-05,233039345.44,3,2,12.3000001907,2,3
2017-03-17,-0.0060801618,9.33828e-05,2155632233.25,14,5,11.2100000381,4,3
2017-03-20,-0.0010968844,6.83107e-05,1567284541.63,11,4,11.279999733,0,3
2017-03-21,-0.0128395003,2.26565e-05,519247878.09,2,3,11.3400001526,1,3
2017-03-22,0.0023531556,3.42793e-05,775536192.12,2,3,12.470000267,2,3
2017-03-24,-0.0007263948,1.64072e-05,371673194.63,3,2,13.1199998856,4,3
2017-03-27,-0.0010262785,2.79207e-05,632029541.29,3,3,12.9600000381,0,3
2017-03-28,0.0072768267,1.50991e-05,341441169.22,4,2,12.5,1,3
2017-03-29,0.0009348375,2.4068e-06,54820844.73,1,1,11.529999733,2,3
2017-03-30,0.0031841726,3.5632e-05,812383855.09,4,3,11.4200000763,3,3
2017-03-31,-0.0023275966,0.0003364373,7694941585.85,27,5,11.5399999619,4,3
2017-04-03,-0.0017392197,7.43611e-05,1696817412.61,4,4,12.3699998856,0,4
2017-04-04,0.0006373769,2.25192e-05,512964131.88,3,3,12.3800001144,1,4
2017-04-05,-0.0029726387,4.02437e-05,917293201.14,2,3,11.7899999619,2,4
2017-04-07,-0.0010193913,9.7452e-06,222089838.17,2,2,12.3900003433,4,4
2017-04-10,0.0005952355,2.54592e-05,579613420.84,3,3,12.8699998856,0,4
2017-04-13,-0.0064949121,1.10859e-05,251130461.65,2,2,15.7700004578,3,4
2017-04-17,0.0088598893,4.72412e-05,1063208811.91,10,4,15.9600000381,0,4
2017-04-18,-0.0029842358,5.6341e-06,127924803.68,2,1,14.6599998474,1,4
2017-04-19,-0.001838597,4.7486e-06,107496042.85,2,1,14.4200000763,2,4
2017-04-20,0.0081391102,1.37594e-05,310908069.83,3,2,14.9300003052,3,4
2017-04-21,-0.0031868786,1.16432e-05,265230063.68,3,2,14.1499996185,4,4
2017-04-24,0.0109979192,0.0002800612,6359432148.83,7,5,14.6300001144,0,4
2017-04-25,0.0058186318,2.4175e-06,55499717.18,1,1,10.8400001526,1,4
2017-04-26,-0.0006288374,7.38629e-05,1705539289.39,3,4,10.7600002289,2,4
2017-04-28,-0.0021793976,3.60418e-05,832400585.47,2,3,10.3599996567,4,4
2017-05-01,0.0025201228,4.0056e-06,92309793.53,1,1,10.8199996948,0,5
2017-05-05,0.0039370182,4.548e-06,105108162.89,2,1,10.4600000381,4,5
2017-05-08,-0.0001668473,2.90702e-05,674483725.65,2,3,10.5699996948,0,5
2017-05-12,-0.0016710216,8.314e-06,192643079.89,1,1,10.6000003815,4,5
2017-05-15,0.0055235055,0.0001345674,3112843862.95,15,5,10.3999996185,0,5
2017-05-16,-0.0009155273,1.41612e-05,329390069.67,3,2,10.4200000763,1,5
2017-05-18,0.0040284832,9.96738e-05,2275188977.61,1,5,15.5900001526,3,5
2017-05-19,0.0065041739,3.4884e-06,79948239.97,2,1,14.6599998474,4,5
2017-05-22,0.0050774484,4.00608e-05,924097468.72,8,3,12.0399999619,0,5
2017-05-23,0.0022127537,2.89704e-05,671664219.12,2,3,10.9300003052,1,5
2017-05-24,0.0023328371,3.9132e-06,90927113.51,1,1,10.720000267,2,5
2017-05-25,0.0047794933,7.0888e-06,165098222.39,1,1,10.0200004578,3,5
2017-05-26,-0.0002067662,0.0002240652,5243420639.77,8,5,9.9899997711,4,5
2017-05-30,-0.0008688375,9.3467e-06,218680377.58,2,2,9.8100004196,1,5
2017-05-31,-0.0002484371,7.0274e-06,164273410.58,2,1,10.3800001144,2,5
2017-06-01,0.0079522786,6.53511e-05,1527276609.74,2,4,10.4099998474,3,6
2017-06-02,0.0033283923,5.95808e-05,1403495948.06,6,4,9.8900003433,4,6
2017-06-05,-0.0007371613,6.74395e-05,1593905567.38,5,4,9.75,0,6
2017-06-06,-0.0031968473,2.18093e-05,515074952.56,5,3,10.0699996948,1,6
2017-06-08,0.0004924695,0.0001476844,3483169860.44,2,5,10.3900003433,3,6
2017-06-09,-0.0015177419,3.89183e-05,918347964.03,6,3,10.1599998474,4,6
2017-06-12,-0.0002054273,0.0001149515,2708375706.53,6,5,10.6999998093,0,6
2017-06-13,0.0048898851,4.43598e-05,1044948533.8,11,3,11.4600000381,1,6
2017-06-14,-0.0012676244,4.0488e-06,95841433.11,2,1,10.4200000763,2,6
2017-06-15,-0.0019243417,9.8558e-06,233004910.36,3,2,10.6400003433,3,6
2017-06-19,0.0083251083,9.79133e-05,2299640806.45,9,5,10.3800001144,0,6
2017-06-20,-0.0067440903,2.61269e-05,618736960.56,3,3,10.3699998856,1,6
2017-06-21,-0.0002468934,3.67194e-05,863725647.21,3,3,10.8599996567,2,6
2017-06-23,0.0011942371,2.44483e-05,574677451.19,7,3,10.4799995422,4,6
2017-06-26,0.0006580364,9.9638e-06,234487578.68,1,2,10.0200004578,0,6
2017-06-28,0.008950415,2.3468e-06,54820844.73,1,1,11.0600004196,2,6
2017-06-29,-0.0087888593,3.24759e-05,765416614.28,2,3,10.029999733,3,6
2017-06-30,0.0018644994,0.0001430004,3340721637.9,15,5,11.4399995804,4,6
2017-07-03,0.0016956313,0.0001098325,2570649374.64,7,5,11.1800003052,0,7
2017-07-05,0.0023120331,2.32805e-05,545808603.49,3,3,11.220000267,2,7
2017-07-06,-0.0091444626,3.32314e-05,780906445.32,1,3,11.0699996948,3,7
2017-07-07,0.006485128,9.653e-07,22477294.63,1,1,12.5399999619,4,7
2017-07-10,0.0010738693,2.37735e-05,557136126.2,2,3,11.1899995804,0,7
2017-07-13,0.0016802741,1.02144e-05,241254749.3,1,2,10.3000001907,3,7
2017-07-14,0.0046641003,1.00525e-05,237830374.09,3,2,9.8999996185,4,7
2017-07-17,-0.0001221648,4.60123e-05,1093673323.65,10,3,9.5100002289,0,7
2017-07-18,0.0005294868,4.265e-06,101363036.5,2,1,9.8199996948,1,7
2017-07-20,0.0004453646,1.07658e-05,257383988.53,2,2,9.7899999619,3,7
2017-07-21,-0.0008903327,6.57285e-05,1572106947.13,4,4,9.5799999237,4,7
2017-07-24,-0.0002430232,0.0003207528,7665001320.05,8,5,9.3599996567,0,7
2017-07-25,0.0024308842,9.8489e-06,235301949.45,2,2,9.4300003052,1,7
2017-07-26,4.03949e-05,7.12982e-05,1707532429.79,3,4,9.4300003052,2,7
2017-07-31,-0.0005670057,2.02095e-05,483003507.78,4,2,10.2899999619,0,7
2017-08-01,0.0022288084,1.32075e-05,315476906.8,1,2,10.2600002289,1,8
2017-08-04,0.001822145,2.73273e-05,653249921.57,3,3,10.4399995804,4,8
2017-08-07,0.0018592274,6.40676e-05,1534303857.31,4,4,10.029999733,0,8
2017-08-11,0.001476865,9.5643e-06,225667607.87,1,2,16.0400009155,4,8
2017-08-14,0.0099131502,7.32109e-05,1729956252.77,7,4,15.5100002289,0,8
2017-08-15,-0.0001216792,3.67436e-05,876849342.59,9,3,12.3299999237,1,8
2017-08-17,-0.0155908563,9.51854e-05,2275188977.61,1,5,11.7399997711,3,8
2017-08-18,-0.0015631644,4.1066e-06,96628130.45,2,1,15.5500001907,4,8
2017-08-21,0.0007827744,9.95841e-05,2339556876.96,10,5,14.2600002289,0,8
2017-08-22,0.0104570136,3.24655e-05,763317356.75,3,3,13.1899995804,1,8
2017-08-23,-0.0035854175,3.8273e-06,90927113.51,1,1,11.3500003815,2,8
2017-08-24,-0.002330684,7.5808e-06,179454589.55,1,1,12.25,3,8
2017-08-25,0.0023361287,3.89491e-05,919868307.87,8,3,12.2299995422,4,8
2017-08-28,4.09297e-05,0.0001805863,4274901653.63,7,5,11.279999733,0,8
2017-08-29,0.0011448615,4.21866e-05,998696397.79,8,3,11.3199996948,1,8
2017-08-30,0.004737547,4.0637e-06,96311498.62,1,1,11.6999998093,2,8
2017-08-31,0.0060160604,2.854e-06,67961911.95,1,1,11.220000267,3,8
2017-09-01,0.0014141615,0.0001077715,2581768607.39,8,5,10.5900001526,4,9
2017-09-05,-0.0071820481,9.06454e-05,2174568076.28,7,5,10.1300001144,1,9
2017-09-06,0.0034137867,4.7955e-06,114217035.17,2,1,12.2299995422,2,9
2017-09-08,-0.0011746802,7.14939e-05,1708414864.96,7,4,11.5500001907,4,9
2017-09-11,0.0106659294,1.61017e-05,384312663.91,5,2,12.1199998856,0,9
2017-09-12,0.0033706365,8.86595e-05,2138683379.17,3,5,10.7299995422,1,9
2017-09-13,0.0004798845,1.8389e-06,44508118.85,1,1,10.5799999237,2,9
2017-09-14,-0.0003197899,0.0001235246,2991194236.84,4,5,10.5,3,9
2017-09-15,-0.0035986801,5.5972e-06,135494751.0,2,1,10.4399995804,4,9
2017-09-18,0.0021268862,8.11081e-05,1956367453.07,5,4,10.1700000763,0,9
2017-09-19,0.0010011213,6.21813e-05,1503034894.6,6,4,10.1499996185,1,9
2017-09-20,0.0003600286,3.41431e-05,826125680.04,3,3,10.1800003052,2,9
2017-09-21,-0.0026793497,1.49492e-05,361840532.94,1,2,9.779999733,3,9
2017-09-22,0.0002005014,4.5665e-06,110233608.43,1,1,9.6700000763,4,9
2017-09-25,-0.002044619,0.0001452225,3506355024.69,17,5,9.5900001526,0,9
2017-09-26,0.0006026158,3.78517e-05,912049292.46,3,3,10.2100000381,1,9
2017-09-28,0.0011997722,3.25283e-05,787308045.8,3,3,9.8699998856,3,9
2017-09-29,0.0035150374,9.69806e-05,2350111741.13,10,5,9.5500001907,4,9
2017-10-02,0.0043387001,0.0002402875,5843303533.52,21,5,9.5100002289,0,10
2017-10-03,0.0021401128,8.80152e-05,2149636611.84,7,4,9.4499998093,1,10
2017-10-04,0.0011864393,7.8121e-06,191207600.56,2,1,9.5100002289,2,10
2017-10-05,0.0059251066,3.56018e-05,872414752.07,2,3,9.6300001144,3,10
2017-10-06,-0.0011388068,1.48737e-05,366636436.73,4,2,9.1899995804,4,10
2017-10-09,-0.0016511309,2.8592e-05,703988762.48,5,3,9.6499996185,0,10
2017-10-10,0.0026383075,2.93633e-05,721785605.1,3,3,10.3299999237,1,10
2017-10-12,-0.0014900983,1.22271e-05,301824899.08,2,2,9.8500003815,3,10
2017-10-13,0.0012173954,4.007e-07,9875712.35,1,1,9.9099998474,4,10
2017-10-16,0.0013335805,0.000213264,5262940116.61,25,5,9.6099996567,0,10
2017-10-17,0.0007051116,2.20164e-05,544046809.99,5,3,9.9099998474,1,10
2017-10-18,0.0009785885,8.5154e-06,210571840.16,3,1,10.3100004196,2,10
2017-10-20,0.0051604523,1.5379e-05,380773754.54,5,2,10.0500001907,4,10
2017-10-23,-0.0038893861,0.0001233228,3069150801.86,7,5,9.970000267,0,10
2017-10-24,0.0017571053,0.0002734387,6778637311.98,9,5,11.0699996948,1,10
2017-10-25,-0.0049501258,6.87581e-05,1707532429.79,3,4,11.1599998474,2,10
2017-10-26,0.0012926548,2.166e-06,53524081.3,1,1,11.2299995422,3,10
2017-10-30,-0.0037250843,6.92208e-05,1726727856.85,5,4,9.8000001907,0,10
2017-10-31,0.001557912,1.4254e-05,354244499.31,2,2,10.5,1,10
2017-11-03,0.0033387006,1.56694e-05,390693714.24,3,2,9.9300003052,4,11
2017-11-06,0.0015476645,6.62656e-05,1657756938.86,3,4,9.1400003433,0,11
2017-11-07,-0.0006953551,5.34538e-05,1339315353.8,4,4,9.3999996185,1,11
2017-11-10,-0.0003099395,2.7155e-05,678595666.53,2,3,10.5,4,11
2017-11-13,0.0009298703,3.23205e-05,807430957.07,4,3,11.2899999619,0,11
2017-11-14,-0.0023225162,1.31182e-05,328022414.19,1,2,11.5,1,11
2017-11-15,-0.005005271,1.39983e-05,349217003.42,4,2,11.5900001526,2,11
2017-11-16,0.0085009852,9.16592e-05,2275188977.61,1,5,13.1300001144,3,11
2017-11-17,-0.0029387123,3.75422e-05,939803743.2,6,3,11.7600002289,4,11
2017-11-20,0.0017063618,6.66659e-05,1663961458.2,5,4,11.4300003052,0,11
2017-11-21,0.0065427895,7.12869e-05,1782336723.34,7,4,10.6499996185,1,11
2017-11-22,-0.0008845743,1.42977e-05,359814007.09,3,2,9.7299995422,2,11
2017-11-24,0.0023097304,3.68518e-05,926587978.08,4,3,9.8800001144,4,11
2017-11-27,-0.0004992102,0.0002039735,5140481168.72,12,5,9.6700000763,0,11
2017-11-28,0.0101448104,0.0001749639,4407189759.86,7,5,9.8699998856,1,11
2017-11-29,-0.0006086798,3.7851e-06,96311498.62,1,1,10.029999733,2,11
2017-11-30,0.0087549708,2.6726e-06,67961911.95,1,1,10.6999998093,3,11
2017-12-01,-0.0020754624,9.26104e-05,2375625685.67,6,5,11.279999733,4,12
2017-12-04,-0.0012099252,0.0002287632,5856011958.87,15,5,11.4300003052,0,12
2017-12-05,-0.0035966236,4.04283e-05,1033654071.61,6,3,11.6800003052,1,12
2017-12-07,0.0031530813,1.3542e-06,34505679.09,1,1,11.0200004578,3,12
2017-12-08,0.0054531087,8.11909e-05,2075307818.09,8,4,10.1599998474,4,12
2017-12-11,0.0030130231,1.0287e-06,26438836.89,1,1,9.5799999237,0,12
2017-12-12,0.0017648651,2.4735e-05,637611311.76,5,3,9.3400001526,1,12
2017-12-13,-0.0001124476,9.343e-06,241266605.82,2,2,9.9200000763,2,12
2017-12-14,-0.0040862093,0.0001230533,3177266530.87,3,5,10.1800003052,3,12
2017-12-15,0.0031996013,0.0001231313,3166288985.09,8,5,10.4899997711,4,12
2017-12-18,0.0063412344,0.0002435952,6284029103.41,22,5,9.4200000763,0,12
2017-12-19,-0.0038404129,3.14647e-05,816842960.73,3,3,9.529999733,1,12
2017-12-20,-0.0005240657,1.42589e-05,368748684.63,2,2,10.029999733,2,12
2017-12-21,0.002059648,4.216e-07,10897643.65,1,1,9.720000267,3,12
2017-12-22,-0.0002615173,1.74049e-05,450797749.43,2,2,9.6199998856,4,12
2017-12-26,-0.0011962443,9.64209e-05,2496702985.6,5,5,9.8999996185,1,12
2017-12-27,0.0004865634,9.0666e-06,234487578.68,1,2,10.25,2,12
2017-12-28,0.0020574135,3.36377e-05,870390709.49,3,3,10.470000267,3,12
2017-12-29,-0.0037705222,4.29574e-05,1113828593.15,7,3,10.1800003052,4,12
2018-01-02,0.0071573251,0.0001005487,2597262101.15,10,5,11.0399999619,1,1
2018-01-03,0.0063251564,1.74625e-05,454300296.74,2,2,9.7700004578,2,1
2018-01-04,0.0042148265,4.92688e-05,1289873656.67,3,4,9.1499996185,3,1
2018-01-05,0.0066640704,1.06082e-05,278896928.58,2,2,9.220000267,4,1
2018-01-08,0.0018286884,4.12945e-05,1092895069.34,1,3,9.220000267,0,1
2018-01-09,0.0022634166,6.4603e-06,171289578.6,2,1,9.5200004578,1,1
2018-01-10,-0.0015298806,3.138e-06,83389344.34,2,1,10.0799999237,2,1
2018-01-11,0.0072960748,1.05281e-05,279347604.45,1,2,9.8199996948,3,1
2018-01-12,0.0065189713,3.695e-07,9875712.35,1,1,9.8800001144,4,1
2018-01-16,-0.0034182936,0.000126151,3393644497.75,15,5,10.1599998474,1,1
2018-01-18,-0.001680808,3.8084e-06,103075797.31,1,1,11.9099998474,3,1
2018-01-22,0.0081309466,9.88748e-05,2683707309.75,5,5,11.2700004578,0,1
2018-01-23,0.0021224879,2.8555e-06,78136426.43,2,1,11.029999733,1,1
2018-01-24,-0.0003883507,6.22704e-05,1707532429.79,3,4,11.1000003815,2,1
2018-01-26,0.0115778289,1.18569e-05,325143483.3,3,2,11.5799999237,4,1
2018-01-29,-0.0066298904,7.20171e-05,1997733298.44,6,4,11.0799999237,0,1
2018-01-30,-0.010257071,1.266e-07,3488736.03,1,1,13.8400001526,1,1
2018-02-05,-0.0418225414,7.12583e-05,1899915419.19,4,4,17.3099994659,0,2
2018-02-06,0.0197022406,1.3972e-05,356945759.79,1,2,37.3199996948,1,2
2018-02-09,0.0150215233,1.2707e-05,316881371.28,2,2,33.4599990845,4,2
2018-02-12,0.0146844984,2.42218e-05,613103486.92,3,3,29.0599994659,0,2
2018-02-13,0.0024873885,1.88104e-05,483122151.49,1,2,25.6100006104,1,2
2018-02-15,0.0127601264,0.000100777,2629790342.42,5,5,19.2600002289,3,2
2018-02-16,0.0002929589,5.32728e-05,1407898977.76,3,4,19.1299991608,4,2
2018-02-20,-0.0062611825,3.34016e-05,882999039.15,4,3,19.4599990845,1,2
2018-02-22,0.0012960789,3.5063e-06,91653137.64,1,1,20.0200004578,3,2
2018-02-23,0.0159393404,1.35374e-05,354322681.0,2,2,18.7199993134,4,2
2018-02-26,0.0116122549,0.0001384255,3680835686.11,10,5,16.4899997711,0,2
2018-02-27,-0.0124865106,0.0001740354,4681466959.3,7,5,15.8000001907,1,2
2018-02-28,-0.0101300836,3.4113e-06,90615882.61,1,1,18.5900001526,2,2
2018-03-01,-0.0145407023,6.38112e-05,1677886358.81,2,4,19.8500003815,3,3
2018-03-02,0.0051549283,4.83316e-05,1252378030.21,6,4,22.4699993134,4,3
2018-03-05,0.0115579605,0.0002008434,5231121502.88,13,5,19.5900001526,0,3
2018-03-06,0.0025350029,9.3859e-05,2472884622.2,11,5,18.7299995422,1,3
2018-03-08,0.0048390913,0.0001437195,3794757881.97,2,5,17.7600002289,3,3
2018-03-09,0.0174023674,3.04947e-05,809077117.71,3,3,16.5400009155,4,3
2018-03-12,-0.001255087,4.92e-05,1328074268.5,10,4,14.6400003433,0,3
2018-03-13,-0.006462688,3.90623e-05,1053102017.97,7,3,15.779999733,1,3
2018-03-14,-0.0051315894,4.9909e-06,133683025.97,3,1,16.3500003815,2,3
2018-03-15,-0.001089676,7.0622e-06,188193159.65,2,1,17.2299995422,3,3
2018-03-16,-0.0029090465,0.0001056925,2813406808.31,5,5,16.5900001526,4,3
2018-03-19,-0.0135303494,7.85016e-05,2083540098.95,8,4,15.8000001907,0,3
2018-03-20,0.0017006987,7.12537e-05,1865581978.74,12,4,19.0200004578,1,3
2018-03-21,-0.0019192453,3.22862e-05,846763716.53,2,3,18.2000007629,2,3
2018-03-23,-0.0213146181,1.00513e-05,256531662.71,3,2,23.3400001526,4,3
2018-03-26,0.0273590308,0.0001914636,4782400789.41,19,5,24.8700008392,0,3
2018-03-27,-0.0170117291,3.14647e-05,807432023.29,7,3,21.0300006866,1,3
2018-03-28,-0.0029547948,3.7827e-06,95417728.8,2,1,22.5,2,3
2018-03-29,0.0127776142,0.0001038324,2611427646.11,4,5,22.8700008392,3,3
2018-04-02,-0.0215846202,8.83062e-05,2249316507.5,7,4,19.9699993134,0,4
2018-04-03,0.0128169798,2.80193e-05,698295908.29,4,3,23.6200008392,1,4
2018-04-04,0.0106991167,5.4033e-06,136386755.83,1,1,21.1000003815,2,4
2018-04-05,0.007892006,3.5869e-06,91508306.75,1,1,20.0599994659,3,4
2018-04-06,-0.0222858497,4.4622e-06,114736044.66,1,1,18.9400005341,4,4
2018-04-09,0.0049283797,3.49742e-05,879243222.65,2,3,21.4899997711,0,4
2018-04-10,0.0159003598,2.36716e-05,598031223.82,2,3,21.7700004578,1,4
2018-04-12,0.0082271111,4.15284e-05,1060254049.76,2,3,20.2399997711,3,4
2018-04-13,-0.0029330982,1.6346e-06,42076351.7,2,1,18.4899997711,4,4
2018-04-16,0.0082217338,8.11225e-05,2082039823.63,13,4,17.4099998474,0,4
2018-04-18,0.000740265,1.0098e-05,264095921.46,4,2,15.25,2,4
2018-04-20,-0.0084794123,1.97522e-05,514099244.82,5,2,15.9600000381,4,4
2018-04-23,-0.0001499495,0.0001095262,2826507606.56,6,5,16.8799991608,0,4
2018-04-24,-0.0134673678,1.51493e-05,390894531.94,3,2,16.3400001526,1,4
2018-04-25,0.0024716475,7.74307e-05,1971022130.66,3,4,18.0200004578,2,4
2018-04-27,0.0009387556,0.0002513809,6480007916.6,6,5,16.2399997711,4,4
2018-04-30,-0.0076905305,0.0001039569,2682280012.18,8,5,15.4099998474,0,4
2018-05-01,0.001776875,2.07884e-05,532253682.97,5,2,15.9300003052,1,5
2018-05-04,0.0129464396,2.13748e-05,543358410.02,1,3,15.8999996185,4,5
2018-05-07,0.0033832962,0.0001022487,2632861049.75,4,5,14.7700004578,0,5
2018-05-08,0.0,3.82505e-05,988265879.66,2,3,14.75,1,5
2018-05-14,0.0004764701,9.349e-07,24692301.21,1,1,12.6499996185,0,5
2018-05-15,-0.006886969,7.12968e-05,1883894556.74,9,4,12.9300003052,1,5
2018-05-17,-0.0008447711,0.0001000442,2636330085.16,1,5,13.4200000763,3,5
2018-05-18,-0.0024999933,3.20146e-05,842923727.33,8,3,13.4300003052,4,5
2018-05-21,0.0075185517,8.70228e-05,2285529967.42,6,4,13.4200000763,0,5
2018-05-22,-0.0027801506,5.59751e-05,1481157572.81,7,4,13.0799999237,1,5
2018-05-23,0.0027511832,3.9843e-06,105134475.0,1,1,13.220000267,2,5
2018-05-24,-0.0020485718,7.5959e-06,200989140.3,1,1,12.5799999237,3,5
2018-05-25,-0.0023826757,4.5965e-05,1213743726.47,4,3,12.529999733,4,5
2018-05-29,-0.0115010287,0.0001765577,4651049082.02,10,5,13.220000267,1,5
2018-05-30,0.0133447197,3.8731e-06,100854493.84,1,1,17.0200004578,2,5
2018-05-31,-0.0061259051,3.4341e-06,90615882.61,1,1,14.9399995804,3,5
2018-06-01,0.0098176852,8.22345e-05,2156667673.28,9,4,15.4300003052,4,6
2018-06-04,0.0047514173,0.0002717583,7197054471.1,13,5,13.4600000381,0,6
2018-06-05,0.0007275817,8.41846e-05,2240079340.18,9,4,12.7399997711,1,6
2018-06-07,-0.0001081427,9.731e-07,26128482.78,1,1,11.6400003433,3,6
2018-06-08,0.0029563664,6.7932e-05,1823852915.68,5,4,12.1300001144,4,6
2018-06-11,0.0013300087,4.73208e-05,1274234082.48,8,4,12.1800003052,0,6
2018-06-12,0.0012924177,9.43973e-05,2545270643.43,7,5,12.3500003815,1,6
2018-06-14,0.0025177578,0.0001222459,3289893507.49,4,5,12.9399995804,3,6
2018-06-15,-0.0057403438,8.3688e-06,225788952.1,2,1,12.1199998856,4,6
2018-06-18,-0.0020568228,0.0001149766,3084245564.74,17,5,11.9799995422,0,6
2018-06-19,-0.0038327942,6.10422e-05,1634087924.82,6,4,12.3100004196,1,6
2018-06-20,0.0017059935,5.00122e-05,1333684630.81,5,4,13.3500003815,2,6
2018-06-22,0.0018232206,2.22756e-05,591310133.53,2,3,14.6400003433,4,6
2018-06-25,-0.0136128353,0.0001047368,2785333740.21,16,5,13.7700004578,0,6
2018-06-26,0.0022140447,4.84203e-05,1270143621.51,4,4,17.3299999237,1,6
2018-06-27,-0.0082842413,5.0973e-06,134006509.34,1,1,15.9200000763,2,6
2018-06-28,0.0057174996,2.70621e-05,705560799.99,1,3,17.9099998474,3,6
2018-06-29,0.0014396401,0.000133337,3496227322.47,9,5,16.8500003815,4,6
2018-07-02,0.0021379629,0.000234191,6149557179.02,23,5,16.0900001526,0,7
2018-07-03,-0.0035311981,7.70257e-05,2026921891.72,6,4,15.6000003815,1,7
2018-07-05,0.0081579605,5.2012e-06,136386755.83,1,1,16.1399993896,3,7
2018-07-06,0.0084582337,1.79191e-05,473707778.69,2,2,14.970000267,4,7
2018-07-09,0.0090043582,8.01443e-05,2136602754.41,3,4,13.3699998856,0,7
2018-07-10,0.0035984168,3.2639e-05,877973702.56,4,3,12.6899995804,1,7
2018-07-13,0.0007874905,1.18862e-05,321423956.15,3,2,12.5799999237,4,7
2018-07-16,-0.0008941665,9.50024e-05,2571058721.14,20,5,12.1800003052,0,7
2018-07-17,0.004045267,6.38969e-05,1727702329.42,9,4,12.8299999237,1,7
2018-07-18,0.0021035987,3.7968e-06,103075797.31,1,1,12.0600004196,2,7
2018-07-20,-0.0011428833,1.85158e-05,501830354.16,4,2,12.8699998856,4,7
2018-07-23,0.0018593376,0.0001332253,3606650485.99,7,5,12.8599996567,0,7
2018-07-24,0.0050320239,6.56178e-05,1779694443.96,4,4,12.6199998856,1,7
2018-07-25,0.0085225118,7.37706e-05,2010884938.68,3,4,12.4099998474,2,7
2018-07-27,-0.0067762509,0.0002339599,6416603232.36,6,5,12.1400003433,4,7
2018-07-30,-0.0052235134,8.7524e-05,2384173328.84,5,4,13.029999733,0,7
2018-07-31,0.0049293599,6.911e-06,187274587.07,3,1,14.2600002289,1,7
2018-08-03,0.0042848238,3.72717e-05,1018789472.49,3,3,12.1899995804,4,8
2018-08-06,0.0036671669,7.96035e-05,2185216243.82,7,4,11.6400003433,0,8
2018-08-07,0.0033023183,3.36696e-05,927662709.46,3,3,11.2700004578,1,8
2018-08-13,-0.0037434579,2.06519e-05,566041607.67,1,2,13.1599998474,0,8
2018-08-14,0.0063806726,1.58351e-05,432393182.34,1,2,14.779999733,1,8
2018-08-15,-0.0074674011,6.7085e-06,184351639.44,3,1,13.3100004196,2,8
2018-08-16,0.0080914145,9.66571e-05,2636330085.16,1,5,14.6400003433,3,8
2018-08-17,0.003520383,5.82999e-05,1603000325.4,7,4,13.4499998093,4,8
2018-08-20,0.0021399561,7.45762e-05,2057750066.74,5,4,12.6400003433,0,8
2018-08-21,0.0023453036,9.0771e-05,2509964627.1,9,5,12.4899997711,1,8
2018-08-22,-0.0005936401,7.4076e-06,205312029.53,2,1,12.8599996567,2,8
2018-08-23,-0.001327899,7.2559e-06,200989140.3,1,1,12.25,3,8
2018-08-24,0.0060184092,5.91684e-05,1636787948.9,5,4,12.4099998474,4,8
2018-08-27,0.0078953391,0.0001913119,5324157201.65,14,5,11.9899997711,0,8
2018-08-28,0.0004831757,0.0001339374,3756870273.68,6,5,12.1599998474,1,8
2018-08-29,0.005380786,3.5939e-06,100854493.84,1,1,12.5,2,8
2018-08-31,3.44808e-05,1.34301e-05,377384174.27,4,2,13.529999733,4,8
2018-09-04,-0.0017222969,0.0001132721,3183029670.58,8,5,12.8599996567,1,9
2018-09-05,-0.0026914143,3.4723e-06,97407251.68,1,1,13.1599998474,2,9
2018-09-07,-0.0019433563,5.61745e-05,1566855347.05,4,4,14.6499996185,4,9
2018-09-10,0.0017385257,7.8603e-05,2188183631.36,8,4,14.8800001144,0,9
2018-09-11,0.0032974025,1.11656e-05,311371887.16,4,2,14.1599998474,1,9
2018-09-12,0.000242198,9.9205e-06,277563410.61,2,2,13.220000267,2,9
2018-09-13,0.0059144697,0.0001172441,3281140276.5,3,5,13.1400003433,3,9
2018-09-14,0.0001719847,0.0001051292,2959501677.86,7,5,12.3699998856,4,9
2018-09-17,-0.0052943087,5.1596e-05,1452732062.08,14,4,12.0699996948,0,9
2018-09-18,0.0054261676,7.3711e-05,2064413197.31,11,4,13.6800003052,1,9
2018-09-19,0.0010656133,7.9657e-06,224304675.14,1,1,12.7899999619,2,9
2018-09-20,0.0081037887,4.0518e-06,114215170.68,2,1,11.75,3,9
2018-09-21,-0.005415888,3.1968e-06,90844096.63,1,1,11.8000001907,4,9
2018-09-24,-0.0033220359,0.0001842633,5207899633.79,17,5,11.6800003052,0,9
2018-09-25,-0.0009277336,8.41823e-05,2371371013.34,8,4,12.1999998093,1,9
2018-09-26,-0.0029922446,2.88192e-05,811067221.03,2,3,12.4200000763,2,9
2018-09-27,0.0027942512,2.51455e-05,705560799.99,1,3,12.8900003433,3,9
2018-09-28,0.0001031985,9.55604e-05,2688833859.0,10,5,12.4099998474,4,9
2018-10-01,0.0034741668,0.000199457,5612805045.31,20,5,12.1199998856,0,10
2018-10-02,-0.0005827766,0.0001133904,3201940165.26,12,5,12.0,1,10
2018-10-03,0.0005487847,4.8327e-06,136386755.83,1,1,12.0500001907,2,10
2018-10-05,-0.005596998,1.22307e-05,342661882.57,5,2,14.220000267,4,10
2018-10-08,0.0,4.27959e-05,1192281102.5,6,3,14.8199996948,0,10
2018-10-09,-0.001459292,2.75016e-05,766187633.78,3,3,15.6899995804,1,10
2018-10-12,0.0138883734,1.41285e-05,372214429.68,3,2,24.9799995422,4,10
2018-10-15,-0.0056170257,0.0001381969,3691344029.34,24,5,21.3099994659,0,10
2018-10-16,0.0218658897,4.64853e-05,1234682855.13,7,4,21.2999992371,1,10
2018-10-17,0.000178382,3.9606e-06,107496042.85,2,1,17.6200008392,2,10
2018-10-18,-0.0144411415,4.5759e-06,124219550.6,1,1,17.3999996185,3,10
2018-10-19,-0.0005426697,1.61279e-05,431491844.93,3,2,20.0599994659,4,10
2018-10-22,-0.0044886524,0.0001378662,3686513423.01,8,5,19.8899993896,0,10
2018-10-23,-0.0050908126,1.65791e-05,441331050.95,5,2,19.6399993896,1,10
2018-10-24,-0.0302985215,7.59276e-05,2010884938.68,3,4,20.7099990845,2,10
2018-10-29,-0.0055402755,9.099e-07,23369309.89,1,1,24.1599998474,0,10
2018-10-30,0.014818479,0.0001074203,2743568242.03,6,5,24.7000007629,1,10
2018-11-02,-0.0059229829,2.17199e-05,575025144.12,2,3,19.3400001526,4,11
2018-11-05,0.0055169367,7.79818e-05,2052306754.39,5,4,19.5100002289,0,11
2018-11-06,0.0063278846,1.87295e-05,495639352.98,2,2,19.9599990845,1,11
2018-11-09,-0.0097682361,2.11624e-05,574582893.68,1,2,16.7199993134,4,11
2018-11-12,-0.018685204,1.11721e-05,300372480.02,3,2,17.3600006104,0,11
2018-11-13,-0.0018711148,1.80841e-05,477123511.54,1,2,20.4500007629,1,11
2018-11-15,0.0104366272,0.000115533,3021670864.9,5,5,21.25,3,11
2018-11-16,0.0026006227,7.8317e-06,206968624.27,2,1,19.9799995422,4,11
2018-11-19,-0.0169144949,3.81677e-05,1011287515.36,4,3,18.1399993896,0,11
2018-11-20,-0.018506172,6.91727e-05,1801789591.14,6,4,20.1000003815,1,11
2018-11-21,0.003407519,8.0308e-06,205312029.53,2,1,22.4799995422,2,11
2018-11-23,-0.0066787,2.54482e-05,652818056.95,4,3,20.7999992371,4,11
2018-11-26,0.0161443495,0.0003157831,8046614165.33,17,5,21.5200004578,0,11
2018-11-27,0.0033644632,0.0001381302,3576583993.83,2,5,18.8999996185,1,11
2018-11-28,0.0230253086,3.882e-06,100854493.84,1,1,19.0200004578,2,11
2018-11-30,0.0060952728,2.80316e-05,743400409.56,4,3,18.7900009155,4,11
2018-12-03,0.0132414075,0.0002276474,6074024695.73,12,5,18.0699996948,0,12
2018-12-04,-0.0324023924,7.95132e-05,2149641190.78,7,4,16.4400005341,1,12
2018-12-06,-0.0015171273,1.407e-06,36806057.7,1,1,20.7399997711,3,12
2018-12-07,-0.0232359513,6.80231e-05,1776719014.45,7,4,21.1900005341,4,12
2018-12-10,0.0018970292,3.45754e-05,882101929.83,4,3,23.2299995422,0,12
2018-12-11,0.0002272032,2.32407e-05,594051623.76,6,3,22.6399993896,1,12
2018-12-12,0.0050353483,1.05142e-05,268812793.99,2,2,21.7600002289,2,12
2018-12-13,-0.0003390203,0.0001377072,3538438182.97,2,5,21.4599990845,3,12
2018-12-14,-0.0184647624,9.64415e-05,2477258951.65,4,5,20.6499996185,4,12
2018-12-17,-0.0196183844,0.000168612,4251107145.72,18,5,21.6299991608,0,12
2018-12-18,-0.0010964864,0.0001387429,3429409966.78,16,5,24.5200004578,1,12
2018-12-20,-0.0162779449,3.37503e-05,820835926.66,4,3,25.5799999237,3,12
2018-12-21,-0.026176321,4.6358e-06,110911625.85,2,1,28.3799991608,4,12
2018-12-24,-0.026422936,0.0001585072,3693014066.44,15,5,30.1100006104,0,12
2018-12-26,0.0505248635,1.49055e-05,338103170.78,2,2,36.0699996948,2,12
2018-12-27,0.007677369,1.04368e-05,248698947.08,1,2,30.4099998474,3,12
2018-12-28,-0.001289988,0.0001032705,2479740235.92,8,5,29.9599990845,4,12
2018-12-31,0.0087588221,0.0001123106,2693334227.23,17,5,28.3400001526,0,12
2019-01-02,0.0010403109,7.38658e-05,1786898909.89,3,4,25.4200000763,2,1
2019-01-03,-0.0238627634,1.35341e-05,327745918.47,1,2,23.2199993134,3,1
2019-01-04,0.0334957309,8.34361e-05,1972301867.74,6,4,25.4500007629,4,1
2019-01-07,0.0078846448,7.24068e-05,1768915833.48,4,4,21.3799991608,0,1
2019-01-08,0.0093953302,7.947e-07,19568126.17,1,1,21.3999996185,1,1
2019-01-11,0.0003863029,5.47748e-05,1372571860.58,2,4,19.5,4,1
2019-01-14,-0.0061009229,7.14431e-05,1790945909.38,8,4,18.1900005341,0,1
2019-01-15,0.0114608092,0.0001244038,3099544814.6,20,5,19.0699996948,1,1
2019-01-16,0.0024198382,2.46718e-05,621747367.71,1,3,18.6000003815,2,1
2019-01-18,0.0133100096,9.21272e-05,2344947947.04,13,5,18.0599994659,4,1
2019-01-23,0.0020924383,8.24009e-05,2096584715.73,5,4,20.7999992371,2,1
2019-01-25,0.0084614346,2.4266e-06,61903530.7,1,1,18.8899993896,4,1
2019-01-28,-0.0076002296,9.084e-07,23369309.89,1,1,17.4200000763,0,1
2019-01-29,-0.001326987,4.4664e-06,114029744.95,1,1,18.8700008392,1,1
2019-02-01,0.0004816244,0.0001042686,2724334421.8,6,5,16.5699996948,4,2
2019-02-04,0.0070354511,7.67572e-05,2006482840.01,5,4,16.1399993896,0,2
2019-02-05,0.0041918469,1.49501e-05,393555581.31,1,2,15.7299995422,1,2
2019-02-08,0.001221539,5.37e-08,1404464.49,1,1,16.3700008392,4,2
2019-02-11,0.0005545676,5.33691e-05,1397220644.15,5,4,15.720000267,0,2
2019-02-12,0.0128594008,2.76411e-05,724053209.18,2,3,15.970000267,1,2
2019-02-14,-0.0022182093,9.90437e-05,2636330085.16,1,5,15.6499996185,3,2
2019-02-15,0.0108972599,2.13753e-05,567702498.9,5,3,16.2199993134,4,2
2019-02-19,0.0017305801,9.21334e-05,2473617136.28,4,5,14.9099998474,1,2
2019-02-22,0.0061999897,3.83358e-05,1029432267.93,5,3,14.4600000381,4,2
2019-02-25,0.0013612322,0.0001174916,3174570310.12,5,5,13.5100002289,0,2
2019-02-26,-0.0007154468,0.0001818364,4919824195.78,10,5,14.8500003815,1,2
2019-02-27,-0.0004295973,4.5191e-06,122183308.78,1,1,15.1700000763,2,2
2019-02-28,-0.0018625341,4.6921e-06,126804864.98,2,1,14.6999998093,3,2
2019-03-01,0.006243795,7.10369e-05,1916220762.5,4,4,14.779999733,4,3
2019-03-04,-0.0036374705,0.0002242821,6087787784.33,15,5,13.5699996948,0,3
2019-03-05,-0.0013600748,6.74806e-05,1824993642.68,8,4,14.6300001144,1,3
2019-03-07,-0.0083654019,7.6225e-06,204621864.42,2,1,15.7399997711,3,3
2019-03-08,-0.0019999938,6.23076e-05,1658613479.32,4,4,16.5900001526,4,3
2019-03-11,0.0145012428,7.32985e-05,1947288218.92,10,4,16.0499992371,0,3
2019-03-12,0.003770966,3.20435e-05,863628656.71,10,3,14.3299999237,1,3
2019-03-13,0.0066192213,1.6452e-06,44508118.85,1,1,13.7700004578,2,3
2019-03-14,-0.0006397692,0.0001303403,3549491792.56,3,5,13.4099998474,3,3
2019-03-15,0.0005334823,0.0001201549,3270022730.76,4,5,13.5,4,3
2019-03-18,0.0036258541,0.0001629078,4435912040.4,17,5,12.8800001144,0,3
2019-03-19,0.0002479628,4.09883e-05,1120139924.53,8,3,13.1000003815,1,3
2019-03-20,-0.0030099367,1.55133e-05,424057169.56,4,2,13.5600004196,2,3
2019-03-21,0.0112947019,1.47431e-05,401789931.89,1,2,13.9099998474,3,3
2019-03-22,-0.0192463414,3.90255e-05,1075566217.01,6,3,13.6300001144,4,3
2019-03-25,-0.0007519837,0.0001295983,3503066825.6,17,5,16.4799995422,0,3
2019-03-26,0.0074540801,7.8407e-05,2117761047.19,8,4,16.3299999237,1,3
2019-03-27,-0.0052290881,1.3526e-06,36806057.7,1,1,14.6800003052,2,3
2019-03-28,0.0037904437,5.38216e-05,1456891069.57,2,4,15.1499996185,3,3
2019-03-29,0.0063055095,0.0001180782,3208362593.9,11,5,14.4300003052,4,3
2019-04-01,0.0118591598,0.0003126268,8548102767.02,31,5,13.7100000381,0,4
2019-04-02,0.0004898529,3.01133e-05,833146546.37,4,3,13.3999996185,1,4
2019-04-03,0.0015736343,4.9272e-06,136386755.83,1,1,13.3599996567,2,4
2019-04-05,0.0048402211,9.4246e-06,261982730.89,3,2,13.5799999237,4,4
2019-04-08,0.0007623842,4.42304e-05,1235458006.3,3,3,12.8199996948,0,4
2019-04-09,-0.0051248691,7.06682e-05,1975432696.43,3,4,13.1800003052,1,4
2019-04-10,0.0034109881,4.8186e-06,134006509.34,1,1,14.279999733,2,4
2019-04-12,0.0067659424,7.64947e-05,2134010276.98,3,4,13.0200004578,4,4
2019-04-15,-0.0006548195,0.0001298877,3648056136.39,23,5,12.0100002289,0,4
2019-04-16,0.0006552486,4.56394e-05,1281000353.14,8,3,12.3199996948,1,4
2019-04-17,-0.0024468964,3.8274e-06,107496042.85,2,1,12.1800003052,2,4
2019-04-18,0.0019691718,4.4336e-06,124219550.6,1,1,12.6000003815,3,4
2019-04-22,0.0008620095,0.0001282457,3600199011.17,9,5,12.0900001526,0,4
2019-04-23,0.0089916835,6.3279e-06,177795464.55,3,1,12.4200000763,1,4
2019-04-24,-0.0022193181,7.79298e-05,2209270556.85,4,4,12.279999733,2,4
2019-04-26,0.0046567914,1.64795e-05,465862030.98,3,2,13.25,4,4
2019-04-29,0.0015677429,2.55179e-05,724729245.31,3,3,12.7299995422,0,4
2019-04-30,0.000510409,9.65382e-05,2746060883.7,5,5,13.1099996567,1,4
2019-05-03,0.0097877814,1.75396e-05,494351932.29,2,2,14.4200000763,4,5
2019-05-06,-0.0041151973,1.3828e-05,393555581.31,1,2,12.8699998856,0,5
2019-05-10,0.0050233811,2.27524e-05,631320119.87,1,3,19.1000003815,4,5
2019-05-13,-0.0251302346,9.884e-07,27563499.02,1,1,16.0400009155,0,5
2019-05-14,0.0090436825,4.69468e-05,1276295585.09,4,4,20.5499992371,1,5
2019-05-15,0.0058574584,7.1624e-06,196478988.73,3,1,18.0599994659,2,5
2019-05-16,0.0092612596,0.0001007803,2780786528.19,1,5,16.4400005341,3,5
2019-05-17,-0.0064651227,4.1652e-05,1159929861.9,5,3,15.2899999619,4,5
2019-05-20,-0.0066120352,4.85822e-05,1344175993.22,6,4,15.9600000381,0,5
2019-05-21,0.0090156628,4.2241e-05,1160999031.93,4,3,16.3099994659,1,5
2019-05-22,-0.003071463,7.7106e-06,213836446.42,2,1,14.9499998093,2,5
2019-05-23,-0.0122185701,3.845e-06,106306088.1,1,1,14.75,3,5
2019-05-24,0.002268321,4.36151e-05,1191125431.41,5,3,16.9200000763,4,5
2019-05-28,-0.0093005336,0.0001719293,4706027420.7,9,5,15.8500003815,1,5
2019-05-30,0.0027311956,1.20914e-05,325685319.32,2,2,17.8999996185,3,5
2019-05-31,-0.0134752886,3.9885e-05,1077250233.75,4,3,17.2999992371,4,5
2019-06-03,-0.0025428914,0.0002904934,7740177409.48,17,5,18.7099990845,0,6
2019-06-04,0.0217066369,9.43622e-05,2507880416.99,10,5,18.8600006104,1,6
2019-06-07,0.0100070443,4.08214e-05,1125339438.16,4,3,15.9300003052,4,6
2019-06-10,0.0045889357,8.87136e-05,2470077164.74,10,5,16.2999992371,0,6
2019-06-11,-0.000242265,0.0001278672,3576578083.06,11,5,15.9399995804,1,6
2019-06-13,0.0041262591,0.0001283564,3583056370.42,3,5,15.9099998474,3,6
2019-06-14,-0.0011049686,2.91612e-05,817391343.78,4,3,15.8199996948,4,6
2019-06-17,0.0003802301,8.14797e-05,2281358836.44,12,4,15.279999733,0,6
2019-06-18,0.0104710192,0.0001161422,3253115374.08,15,5,15.3500003815,1,6
2019-06-19,0.0022571945,8.9657e-06,253756983.35,2,2,15.1499996185,2,6
2019-06-20,0.0095543159,6.0035e-06,170300186.2,2,1,14.3299999237,3,6
2019-06-21,-0.006286708,1.37123e-05,392690905.49,4,2,14.75,4,6
2019-06-24,-0.00122444,0.0001503903,4279795284.85,15,5,15.3999996185,0,6
2019-06-25,-0.0098079442,7.38644e-05,2099453558.13,7,4,15.2600002289,1,6
2019-06-26,-0.0009974155,1.5814e-06,44508118.85,1,1,16.2800006866,2,6
2019-06-27,0.003545973,5.18167e-05,1456891069.57,2,4,16.2099990845,3,6
2019-06-28,0.0051457976,7.00327e-05,1976039082.99,9,4,15.8199996948,4,6
2019-07-01,0.0090785108,0.0002196112,6228419772.74,27,5,15.0799999237,0,7
2019-07-02,0.0026043056,0.0001496875,4283847760.17,7,5,14.0600004196,1,7
2019-07-03,0.0079951259,4.7533e-06,136386755.83,1,1,12.9300003052,2,7
2019-07-05,-0.0011378727,1.01183e-05,292646437.43,3,2,12.5699996948,4,7
2019-07-08,-0.0054948207,7.42839e-05,2146034379.06,3,4,13.279999733,0,7
2019-07-09,0.0012465302,1.6263e-05,467251237.98,3,2,13.9600000381,1,7
2019-07-10,0.0047780305,4.6584e-06,134006509.34,1,1,14.0900001526,2,7
2019-07-12,0.0044769515,1.25964e-05,364941630.97,2,2,12.9300003052,4,7
2019-07-15,0.000332633,0.000135237,3935615142.55,24,5,12.3900003433,0,7
2019-07-16,-0.0032252742,4.52514e-05,1317325313.35,9,3,12.6800003052,1,7
2019-07-18,0.0036609,4.3102e-06,124219550.6,1,1,13.970000267,3,7
2019-07-19,-0.0055549082,1.50669e-05,435817282.68,3,2,13.529999733,4,7
2019-07-23,0.0071500669,9.03776e-05,2606077362.85,6,5,13.529999733,1,7
2019-07-24,0.0046995423,7.63202e-05,2216459798.31,4,4,12.6099996567,2,7
2019-07-26,0.0067000326,1.22691e-05,356278417.23,2,2,12.7399997711,4,7
2019-07-29,-0.0018211923,7.994e-07,23369309.89,1,1,12.1599998474,0,7
2019-07-30,-0.002454688,9.41076e-05,2746060883.7,5,5,12.8299999237,1,7
2019-07-31,-0.0109404381,1.8388e-06,53524081.3,1,1,13.9399995804,2,7
2019-08-02,-0.0075295118,1.2902e-06,36821783.83,1,1,17.8700008392,4,8
2019-08-05,-0.0300730912,8.13996e-05,2305591527.56,6,4,17.6100006104,0,8
2019-08-06,0.0140229031,3.08565e-05,847705775.34,2,3,24.5900001526,1,8
2019-08-07,0.0005907347,5.04e-08,1404464.49,1,1,20.1700000763,2,8
2019-08-09,-0.0068115252,2.02167e-05,574582893.68,1,2,16.9099998474,4,8
2019-08-12,-0.0121733347,2.64657e-05,747062989.93,3,3,17.9699993134,0,8
2019-08-13,0.0155517074,2.01574e-05,562068679.31,2,2,21.0900001526,1,8
2019-08-15,0.0026417753,0.0001083805,2978327515.98,4,5,22.1000003815,3,8
2019-08-16,0.0147550054,8.849e-07,24381921.95,1,1,21.1800003052,4,8
2019-08-19,0.0120477078,8.32223e-05,2326848846.35,4,4,18.4699993134,0,8
2019-08-20,-0.0076625401,6.45772e-05,1827293679.18,7,4,16.8799991608,1,8
2019-08-22,-0.0003078367,1.92705e-05,545507697.86,4,2,15.8000001907,3,8
2019-08-23,-0.0256874389,5.92603e-05,1677016362.23,5,4,16.6800003052,4,8
2019-08-26,0.0110584302,0.0001877784,5177471732.12,10,5,19.8700008392,0,8
2019-08-27,-0.0039236281,1.56453e-05,436146751.98,6,2,19.3199996948,1,8
2019-08-30,-0.0004442353,0.0001372818,3887883839.67,4,5,17.8799991608,4,8
2019-09-03,-0.0058472282,0.0001975767,5592979708.89,7,5,18.9799995422,1,9
2019-09-04,0.0113504107,7.4588e-06,209907335.23,2,1,19.6599998474,2,9
2019-09-06,0.000772213,6.85395e-05,1975835542.21,7,4,16.2700004578,4,9
2019-09-09,0.0005033532,3.46386e-05,999321444.91,4,3,15.0,0,9
2019-09-10,-0.0002347663,2.89814e-05,836532201.37,7,3,15.2700004578,1,9
2019-09-11,0.0071109754,9.0855e-06,262187203.22,1,2,15.1999998093,2,9
2019-09-12,0.0034638086,0.0001233654,3585356749.03,3,5,14.6099996567,3,9
2019-09-13,-0.0006638528,0.0001189256,3468292833.92,7,5,14.220000267,4,9
2019-09-16,-0.0030887532,8.46989e-05,2468481052.8,15,4,13.7399997711,0,9
2019-09-17,0.0025320154,8.47858e-05,2463383502.18,13,4,14.6700000763,1,9
2019-09-18,0.0005981413,1.02399e-05,298265102.21,3,2,14.4399995804,2,9
2019-09-20,-0.0092998137,9.1685e-06,267200555.94,3,2,14.0500001907,4,9
2019-09-23,-0.0002347034,0.0001299614,3752271057.09,13,5,15.3199996948,0,9
2019-09-24,-0.0078468073,2.44492e-05,705735790.03,4,3,14.9099998474,1,9
2019-09-25,0.00591476,1.77886e-05,509445773.38,3,2,17.0499992371,2,9
2019-09-26,-0.002083177,2.35023e-05,677060711.69,1,3,15.9600000381,3,9
2019-09-27,-0.0053872259,9.35356e-05,2688990858.32,11,5,16.0699996948,4,9
2019-09-30,0.0046377628,0.000124296,3554051002.32,19,5,17.2199993134,0,9
2019-10-01,-0.0118947296,0.0002996582,8607995605.0,20,5,16.2399997711,1,10
2019-10-02,-0.0176646871,1.85996e-05,527936256.79,3,2,18.5599994659,2,10
2019-10-04,0.0135321,1.91317e-05,537818288.74,5,2,19.1200008392,4,10
2019-10-07,-0.0043146577,5.9092e-05,1683637321.87,6,4,17.0400009155,0,10
2019-10-08,-0.0155247305,9.9748e-06,282973095.47,2,2,17.8600006104,1,10
2019-10-09,0.009496379,4.8834e-06,136386755.83,1,1,20.2800006866,2,10
2019-10-11,0.0103669644,1.2262e-06,34803552.98,1,1,17.5699996948,4,10
2019-10-14,-0.0011137659,7.75536e-05,2224129435.85,8,4,15.5799999237,0,10
2019-10-15,0.0099002958,0.0001239223,3549961228.79,19,5,14.5699996948,1,10
2019-10-16,-0.0016060324,8.5583e-06,247593757.17,3,2,13.5399999619,2,10
2019-10-18,-0.0043771637,5.88596e-05,1705103512.04,12,4,13.7899999619,4,10
2019-10-21,0.0067791691,0.0001295743,3737206684.05,7,5,14.25,0,10
2019-10-22,-0.0032667106,1.21349e-05,352369626.53,5,2,14.0,1,10
2019-10-23,0.0029095853,7.50337e-05,2171691598.76,3,4,14.4600000381,2,10
2019-10-25,0.0040949862,2.3494e-06,68307344.22,1,1,13.7100000381,4,10
2019-10-28,0.0056365439,1.78412e-05,520849424.05,3,2,12.6499996185,0,10
2019-10-29,-0.0002967238,8.96526e-05,2632031138.74,4,5,13.1099996567,1,10
2019-10-30,0.0030672577,1.8237e-06,53524081.3,1,1,13.1999998093,2,10
2019-11-04,0.0040177057,6.05104e-05,1793106757.03,5,4,12.3000001907,0,11
2019-11-05,-0.0011061468,1.96753e-05,585381196.98,2,2,12.8299999237,1,11
2019-11-08,0.002466123,2.15192e-05,641928412.67,2,3,12.7299995422,4,11
2019-11-11,-0.0019097441,1.00772e-05,301350378.43,2,2,12.0699996948,0,11
2019-11-12,0.0021079743,6.8424e-06,204226045.65,1,1,12.6899995804,1,11
2019-11-14,0.0014557803,9.29422e-05,2780786528.19,1,5,13.0,3,11
2019-11-15,0.0072363781,1.60808e-05,481830811.4,4,2,13.0500001907,4,11
2019-11-18,0.0007376133,6.70313e-05,2022998817.75,9,4,12.0500001907,0,11
2019-11-19,-0.0002884313,7.60815e-05,2297825900.54,7,4,12.4600000381,1,11
2019-11-21,-0.001608907,7.3974e-06,222523691.05,1,1,12.779999733,3,11
2019-11-22,0.0022238775,3.24084e-05,973313348.31,9,3,13.1300001144,4,11
2019-11-25,0.0077502049,0.0002642944,7955150636.74,16,5,12.3400001526,0,11
2019-11-26,0.0022656651,0.0001436556,4357485722.51,6,5,11.8699998856,1,11
2019-11-29,-0.0037086769,1.78176e-05,544098147.67,2,2,11.75,4,11
2019-12-02,-0.0084947438,0.0001581851,4812596933.32,17,5,12.6199998856,0,12
2019-12-03,-0.006706542,0.0001550535,4677249762.49,8,5,14.9099998474,1,12
2019-12-05,0.0017979759,3.279e-06,98854492.9,1,1,14.8000001907,3,12
2019-12-06,0.0091340498,4.48123e-05,1353430411.28,4,3,14.5200004578,4,12
2019-12-09,-0.0031441238,6.26485e-05,1909403111.47,7,4,13.6199998856,0,12
2019-12-10,-0.0011150953,2.80434e-05,852020181.23,6,3,15.8599996567,1,12
2019-12-11,0.0028386906,7.9745e-06,242012938.97,1,1,15.6800003052,2,12
2019-12-12,0.008619017,0.0001298851,3952986704.24,3,5,14.9899997711,3,12
2019-12-13,0.0005991311,9.65904e-05,2965017050.25,6,5,13.9399995804,4,12
2019-12-16,0.0068700133,1.30811e-05,401789931.89,1,2,12.6300001144,0,12
2019-12-17,0.0002191153,0.0001769258,5471643996.2,17,5,12.1400003433,1,12
2019-12-18,6.25497e-05,2.7778e-06,85924242.48,2,1,12.2899999619,2,12
2019-12-19,0.0040989943,2.31436e-05,715946666.04,2,3,12.5799999237,3,12
2019-12-20,-0.0005297068,1.6477e-05,511805247.71,6,2,12.5,4,12
2019-12-23,0.0015277343,0.00013471,4182107358.69,14,5,12.5100002289,0,12
2019-12-24,3.11617e-05,3.69003e-05,1147330126.55,3,3,12.6099996567,1,12
2019-12-27,-0.000247777,7.07745e-05,2212354467.55,10,4,12.6499996185,4,12
2019-12-30,-0.005513222,0.0001034641,3233402280.19,14,5,13.4300003052,0,12
2019-12-31,0.0024292974,0.0001896948,5895552760.14,16,5,14.8199996948,1,12
2020-01-02,0.0093519229,5.44691e-05,1696965430.33,2,4,13.779999733,3,1
2020-01-03,-0.0075722335,4.28017e-05,1345943317.36,8,3,12.470000267,4,1
2020-01-06,0.0038150522,3.31564e-05,1034739816.32,6,3,14.0200004578,0,1
2020-01-07,-0.0028117773,4.36689e-05,1368013511.52,3,3,13.8500003815,1,1
2020-01-08,0.005329536,3.46025e-05,1080943601.64,3,3,13.7899999619,2,1
2020-01-10,-0.0028777054,1.1007e-06,34803552.98,1,1,12.5399999619,4,1
2020-01-13,0.0068773474,5.95286e-05,1876775297.93,7,4,12.5600004196,0,1
2020-01-14,-0.0015246226,2.12174e-05,673526664.69,2,2,12.3199996948,1,1
2020-01-15,0.0022598571,3.86048e-05,1223606793.78,5,3,12.3900003433,2,1
2020-01-16,0.0083183856,1.6849e-06,53524081.3,1,1,12.4200000763,3,1
2020-01-17,0.0031125309,9.54267e-05,3056672183.05,16,5,12.3199996948,4,1
2020-01-21,-0.0019581997,8.15779e-05,2621204433.78,3,4,12.1000003815,1,1
2020-01-22,0.0001207623,4.76166e-05,1526986545.29,3,4,12.8500003815,2,1
2020-01-23,0.001146873,1.5466e-06,49602778.33,1,1,12.9099998474,3,1
2020-01-24,-0.0088930791,2.1274e-06,68307344.22,1,1,12.9799995422,4,1
2020-01-27,-0.0160294102,0.0002087706,6643812602.84,6,5,14.5600004196,0,1
2020-01-28,0.0104791797,4.0404e-06,126518717.02,1,1,18.2299995422,1,1
2020-01-29,-0.0008260256,2.17623e-05,688592800.46,1,3,16.2800006866,2,1
2020-01-31,-0.0181579035,1.9117e-06,60636548.96,1,1,15.4899997711,4,1
2020-02-03,0.0074285396,3.14853e-05,980516234.11,6,3,18.8400001526,0,2
2020-02-04,0.0152412764,1.50239e-05,471351452.03,1,2,17.9699993134,1,2
2020-02-10,0.0074653232,8.2515e-05,2653313315.78,6,4,15.470000267,0,2
2020-02-11,0.0017330498,2.4413e-05,790874372.47,2,3,15.0399999619,1,2
2020-02-13,-0.0010669666,8.51414e-05,2780786528.19,1,4,13.7399997711,3,2
2020-02-14,0.001602114,5.4323e-06,177233755.94,1,1,14.1499996185,4,2
2020-02-18,-0.0025769997,6.27636e-05,2051001119.09,8,4,13.6800003052,1,2
2020-02-20,-0.0041082466,6.7946e-06,222523691.05,1,1,14.3800001144,3,2
2020-02-21,-0.0102982671,3.47483e-05,1133324997.19,5,3,15.5600004196,4,2
2020-02-24,-0.0331653988,7.4716e-05,2411789132.93,9,4,17.0799999237,0,2
2020-02-25,-0.0303021498,7.76669e-05,2423894584.1,7,4,25.0300006866,1,2
2020-02-28,-0.0042015393,0.0001619843,4664771598.0,7,5,39.1599998474,4,2
2020-03-02,0.0433065083,0.000282453,8099813914.5,22,5,40.1100006104,0,3
2020-03-03,-0.0286324572,0.0001536804,4597898004.1,8,5,33.4199981689,1,3
2020-03-05,-0.0332416876,7.1923e-06,217807073.43,2,1,31.9899997711,3,3
2020-03-06,-0.016531112,4.58049e-05,1341021765.68,4,3,39.6199989319,4,3
2020-03-09,-0.0780944703,5.37603e-05,1547910561.09,7,4,41.9399986267,0,3
2020-03-10,0.0517448925,8.14202e-05,2161240589.51,12,4,54.4599990845,1,3
2020-03-11,-0.0487484482,5.8763e-06,164054724.8,1,1,47.2999992371,2,3
2020-03-12,-0.0956771619,0.0001411999,3749825543.13,1,5,53.9000015259,3,3
2020-03-13,0.0854863031,0.0001427906,3429255776.34,6,5,75.4700012207,4,3
2020-03-16,-0.1094237354,0.0001358997,3542770924.13,15,5,57.8300018311,0,3
2020-03-17,0.0539920643,0.0001486386,3450859167.61,16,5,82.6900024414,1,3
2020-03-18,-0.0506329229,1.43751e-05,351757962.6,3,2,75.9100036621,2,3
2020-03-19,0.0021249771,2.0342e-05,472564053.37,2,2,76.4499969482,3,3
2020-03-20,-0.0486881698,2.93591e-05,683490362.19,7,3,72.0,4,3
2020-03-23,-0.0255682082,0.000120071,2659194970.71,9,5,66.0400009155,0,3
2020-03-24,0.0906032618,2.2549e-05,486621305.22,6,3,61.5900001526,1,3
2020-03-25,0.0149701809,1.28311e-05,301991578.6,1,2,61.6699981689,2,3
2020-03-26,0.0583898023,3.20257e-05,765037333.87,3,3,63.9500007629,3,3
2020-03-27,-0.0297856573,8.66784e-05,2191490970.73,11,4,61.0,4,3
2020-03-30,0.0324757154,0.0001734094,4253725078.69,21,5,65.5400009155,0,3
2020-03-31,-0.014905385,0.0003759972,9522724651.79,20,5,57.0800018311,1,3
2020-04-01,-0.0450048733,3.92702e-05,979754428.68,5,3,53.5400009155,2,4
2020-04-02,0.0230753934,1.47186e-05,350688132.76,1,2,57.0600013733,3,4
2020-04-03,-0.0144541928,4.06567e-05,991049605.44,7,3,50.9099998474,4,4
2020-04-06,0.0671662144,8.91698e-05,2142189168.9,4,5,46.7999992371,0,4
2020-04-07,0.0010194803,8.91562e-05,2285724070.76,2,5,45.2400016785,1,4
2020-04-08,0.0335684145,1.09422e-05,280814208.42,2,2,46.7000007629,2,4
2020-04-13,-0.0091301525,3.31953e-05,893902069.95,4,3,41.6699981689,0,4
2020-04-14,0.0294928708,1.35624e-05,361882123.95,1,2,41.1699981689,1,4
2020-04-15,-0.0212481011,1.5387e-05,422674856.32,6,2,37.7599983215,2,4
2020-04-17,0.0270154367,0.0001354093,3658173693.37,18,5,40.1100006104,4,4
2020-04-20,-0.0176179809,6.58267e-05,1826394584.15,6,4,38.1500015259,0,4
2020-04-21,-0.0303632512,8.80472e-05,2399875674.06,3,4,43.8300018311,1,4
2020-04-22,0.0221945406,9.00539e-05,2380042692.3,5,5,45.4099998474,2,4
2020-04-24,0.0139387087,7.3643e-06,198936007.94,3,1,41.3800010681,4,4
2020-04-27,0.0144184421,0.0001020306,2794646268.05,4,5,35.9300003052,0,4
2020-05-01,-0.0264734307,1.79069e-05,503492821.75,1,2,34.1500015259,4,5
2020-05-04,0.0027582261,2.13884e-05,585461795.7,5,3,37.1899986267,0,5
2020-05-05,0.0092393238,2.98151e-05,818376049.51,2,3,35.9700012207,1,5
2020-05-08,0.0165461968,1.0456e-06,29117200.6,1,1,31.4400005341,4,5
2020-05-11,0.0002051619,6.62648e-05,1875752467.72,2,4,27.9799995422,0,5
2020-05-12,-0.019931578,2.07203e-05,586648326.81,1,2,27.5699996948,1,5
2020-05-14,0.0119673119,0.0001086431,2961357081.97,1,5,35.2799987793,3,5
2020-05-15,0.0045969665,2.58969e-05,714335259.05,5,3,32.6100006104,4,5
2020-05-18,0.0304596942,4.73246e-05,1311394576.95,6,4,31.8899993896,0,5
2020-05-19,-0.0102711823,6.62516e-05,1891796917.29,5,4,29.2999992371,1,5
2020-05-21,-0.0069039432,3.7774e-06,108566947.14,1,1,27.9899997711,3,5
2020-05-22,0.0018990693,2.19758e-05,627257620.49,5,3,29.5300006866,4,5
2020-05-26,0.0123205527,4.75398e-05,1359510961.09,10,4,28.1599998474,1,5
2020-05-28,-0.0018449496,7.5739e-06,222523691.05,1,1,27.6200008392,3,5
2020-05-29,0.0044559068,7.1094e-06,208490604.67,2,1,28.5900001526,4,5
2020-06-01,0.0040417338,0.0002270381,6687828616.22,17,5,27.5100002289,0,6
2020-06-02,0.0082801469,6.99368e-05,2068443393.29,10,4,28.2299995422,1,6
2020-06-04,-0.0026267133,3.2803e-06,99123851.19,1,1,25.6599998474,3,6
2020-06-05,0.0256295329,0.0001158088,3490280281.33,4,5,25.8099994659,4,6
2020-06-08,0.0120874802,7.24116e-05,2238295922.11,9,4,24.5200004578,0,6
2020-06-09,-0.0074566942,0.0001321025,4132742582.04,8,5,25.8099994659,1,6
2020-06-10,-0.0055800009,2.26586e-05,703572484.64,3,3,27.5699996948,2,6
2020-06-11,-0.0576489487,0.000129378,3994908815.93,3,5,27.5699996948,3,6
2020-06-12,0.0119756704,1.4234e-06,41419143.64,2,1,40.7900009155,4,6
2020-06-15,0.0093356445,8.36862e-05,2464242259.91,14,4,36.0900001526,0,6
2020-06-16,0.0192476922,0.0001203373,3576557060.18,14,5,34.4000015259,1,6
2020-06-17,-0.0041538466,9.1516e-06,277232284.39,2,2,33.6699981689,2,6
2020-06-18,0.0003850193,1.62e-06,48870185.87,1,1,33.4700012207,3,6
2020-06-19,-0.0100711532,4.59574e-05,1386944851.23,7,3,32.9399986267,4,6
2020-06-22,0.0064151775,0.000115271,3443723265.99,9,5,35.1199989319,0,6
2020-06-23,0.0046036723,1.43134e-05,430354788.66,2,2,31.7700004578,1,6
2020-06-24,-0.0255087062,2.4559e-06,74180198.09,1,1,31.3700008392,2,6
2020-06-25,0.0107205426,3.4375e-05,1011813292.47,2,3,33.8400001526,3,6
2020-06-26,-0.0237514826,2.4092e-05,716739775.23,5,3,32.2200012207,4,6
2020-06-29,0.0146975632,8.44191e-05,2451827712.54,12,4,34.7299995422,0,6
2020-06-30,0.0128095448,0.0003356639,9892150887.57,23,5,31.7800006866,1,6
2020-07-01,0.0070048118,2.64473e-05,789396467.92,3,3,30.4300003052,2,7
2020-07-02,0.0055069626,1.16674e-05,350688132.76,1,2,28.6200008392,3,7
2020-07-06,0.015437263,3.00681e-05,908734867.74,3,3,27.6800003052,0,7
2020-07-07,-0.0103137964,0.0001184812,3636075671.21,5,5,27.9400005341,1,7
2020-07-08,0.0076486516,9.2457e-06,280814208.42,2,2,29.4300003052,2,7
2020-07-10,0.0102105459,1.8401e-06,55996505.6,2,1,29.2600002289,4,7
2020-07-13,-0.0086589629,4.10192e-05,1260983966.81,4,3,27.2900009155,0,7
2020-07-14,0.0129590177,1.90023e-05,579098373.44,4,2,32.1899986267,1,7
2020-07-15,0.0091872336,5.8009e-06,179072946.94,3,1,29.5200004578,2,7
2020-07-17,0.00289907,0.0001024348,3180711442.03,16,5,28.0,4,7
2020-07-20,0.0080815805,0.0001286144,4005194766.19,7,5,25.6800003052,0,7
2020-07-21,0.0021275358,1.398e-06,43887746.99,1,1,24.4599990845,1,7
2020-07-22,0.0056920573,7.09116e-05,2230847871.74,3,4,24.8400001526,2,7
2020-07-24,-0.0064403847,4.3142e-06,134867201.49,2,1,26.0799999237,4,7
2020-07-27,0.0072924343,0.0002253518,6999380946.63,7,5,25.8400001526,0,7
2020-07-28,-0.0063423915,4.0439e-06,126518717.02,1,1,24.7399997711,1,7
2020-07-29,0.0122987251,4.7991e-06,149194820.56,2,1,25.4400005341,2,7
2020-08-03,0.006952161,2.36559e-05,747660465.91,4,3,24.4599990845,0,8
2020-08-04,0.0038626144,4.21085e-05,1340123197.97,4,3,24.2800006866,1,8
2020-08-07,0.0007179157,4.34e-08,1404464.49,1,1,22.6499996185,4,8
2020-08-10,0.0029889111,5.94325e-05,1924716796.56,4,4,22.2099990845,0,8
2020-08-11,-0.0082546696,1.31514e-05,427180813.68,2,2,22.1299991608,1,8
2020-08-13,-0.0018077758,9.06647e-05,2961357081.97,1,5,22.2800006866,3,8
2020-08-14,2.97176e-05,9.3903e-06,306158271.57,1,2,22.1299991608,4,8
2020-08-17,0.0031766041,0.0001165532,3800174482.03,10,5,22.0499992371,0,8
2020-08-18,0.002160371,8.96634e-05,2932730513.44,10,5,21.3500003815,1,8
2020-08-20,0.0031135657,3.3259e-06,108566947.14,1,1,22.5400009155,3,8
2020-08-21,0.0035473933,3.80092e-05,1244573700.28,6,3,22.7199993134,4,8
2020-08-24,0.0101331517,3.90592e-05,1283492044.49,6,3,22.5400009155,0,8
2020-08-25,0.0034993049,5.97385e-05,1982909671.72,7,4,22.3700008392,1,8
2020-08-27,0.0021865501,6.6142e-06,222523691.05,1,1,23.2700004578,3,8
2020-08-28,0.0064593922,4.1312e-06,139290353.49,2,1,24.4699993134,4,8
2020-08-31,-0.0036225371,0.0001720595,5838773956.93,22,5,22.9599990845,0,8
2020-09-01,0.0094185926,9.63205e-05,3256760305.31,10,5,26.4099998474,1,9
2020-09-04,-0.0081647043,4.41171e-05,1474934181.89,5,3,33.5999984741,4,9
2020-09-08,-0.0273229287,0.000117432,3893960105.3,6,5,30.75,1,9
2020-09-09,0.0197473583,1.05848e-05,341394575.7,2,2,31.4599990845,2,9
2020-09-10,-0.0173636474,0.0001406275,4625264882.32,5,5,28.8099994659,3,9
2020-09-11,0.0005090985,8.77706e-05,2836666184.49,3,4,29.7099990845,4,9
2020-09-14,0.0131712684,5.41517e-05,1751026351.5,9,4,26.8700008392,0,9
2020-09-15,0.0050523607,8.04446e-05,2635481696.07,12,4,25.8500003815,1,9
2020-09-16,-0.0039686217,1.61546e-05,531922214.14,3,2,25.5900001526,2,9
2020-09-18,-0.015453795,8.85377e-05,2878171841.22,13,4,26.4599990845,4,9
2020-09-21,-0.0111295713,0.0001181096,3780154530.19,12,5,25.8299999237,0,9
2020-09-22,0.0101843795,1.5441e-06,48870185.87,1,1,27.7800006866,1,9
2020-09-23,-0.023190958,8.185e-06,261688787.66,1,1,26.8600006104,2,9
2020-09-24,0.002665464,2.58315e-05,806722083.61,2,3,28.5799999237,3,9
2020-09-25,0.0161669582,1.68509e-05,527657958.19,4,2,28.5100002289,4,9
2020-09-28,0.0166093489,2.20001e-05,700035738.48,4,3,26.3799991608,0,9
2020-09-29,-0.0054460256,7.11783e-05,2302486774.85,5,4,26.1900005341,1,9
2020-09-30,0.0075819706,0.0001028779,3309784566.61,6,5,26.2700004578,2,9
2020-10-01,0.00642,2.43521e-05,789396467.92,3,3,26.3700008392,3,10
2020-10-02,-0.009494458,0.0002295769,7489717837.46,21,5,26.7000007629,4,10
2020-10-05,0.0177330862,1.36378e-05,440694422.54,3,2,27.6299991608,0,10
2020-10-06,-0.014215967,1.15e-05,378203938.97,3,2,27.9599990845,1,10
2020-10-07,0.0174066737,1.02121e-05,331074454.87,3,2,29.4799995422,2,10
2020-10-09,0.0089301511,2.7465e-06,91394804.53,1,1,26.3600006104,4,10
2020-10-12,0.016087607,4.6222e-05,1551836444.3,3,4,25.0,0,10
2020-10-13,-0.0065260842,2.50493e-05,854523475.84,4,3,25.0699996948,1,10
2020-10-14,-0.0062834152,1.96465e-05,665842351.18,4,2,26.0699996948,2,10
2020-10-15,-0.0012358598,5.3172e-06,179072946.94,3,1,26.3999996185,3,10
2020-10-16,-0.000604292,7.082e-06,238212264.46,2,1,26.9699993134,4,10
2020-10-19,-0.0152034284,4.58805e-05,1542327757.22,5,3,27.4099998474,0,10
2020-10-20,0.0040057164,1.37658e-05,455716562.78,5,2,29.1800003052,1,10
2020-10-21,-0.0018929288,4.29353e-05,1427068860.73,1,3,29.3500003815,2,10
2020-10-23,0.0033951814,7.61923e-05,2541525817.74,4,4,28.1100006104,4,10
2020-10-26,-0.0184799125,0.0002457338,8224711689.75,11,5,27.5499992371,0,10
2020-10-27,-0.0034474009,1.80916e-05,594337398.47,1,2,32.4599990845,1,10
2020-10-28,-0.0341789294,2.75938e-05,903371053.24,3,3,33.3499984741,2,10
2020-11-02,0.0112084387,2.30088e-05,727254921.45,5,3,38.0200004578,0,11
2020-11-03,0.0176559248,2.05594e-05,657116615.46,2,2,37.1300010681,1,11
2020-11-09,0.0125656667,6.65652e-05,2256157638.34,4,4,24.8600006104,0,11
2020-11-10,-0.0014665755,1.37341e-05,471351452.03,1,2,25.75,1,11
2020-11-12,-0.0097009052,8.57765e-05,2961357081.97,1,4,23.4500007629,3,11
2020-11-13,0.0138444969,8.9548e-06,306158271.57,1,2,25.3500003815,4,11
2020-11-16,0.01248255,5.79253e-05,2007837529.74,11,4,23.1000003815,0,11
2020-11-17,-0.0053783053,7.30793e-05,2564731488.21,8,4,22.4500007629,1,11
2020-11-19,0.0042101718,3.1481e-06,108566947.14,1,1,23.8400001526,3,11
2020-11-20,-0.0068478177,1.42586e-05,493796257.86,3,2,23.1100006104,4,11
2020-11-23,0.0059944417,9.95662e-05,3424519138.7,9,5,23.7000007629,0,11
2020-11-24,0.0161137187,2.87801e-05,995807875.41,7,3,22.6599998474,1,11
2020-11-27,0.0027850046,8.00913e-05,2811516904.8,9,4,21.25,4,11
2020-11-30,-0.004427134,0.0001710043,6019637905.81,18,5,20.8400001526,0,11
2020-12-01,0.0109373902,9.71794e-05,3405731957.09,11,5,20.5699996948,1,12
2020-12-04,0.0086176434,3.25349e-05,1154795198.45,5,3,21.2800006866,4,12
2020-12-07,-0.0020549135,5.28873e-05,1893358939.29,9,4,20.7900009155,0,12
2020-12-08,0.0029261619,2.77743e-05,992274097.48,3,3,21.2999992371,1,12
2020-12-09,-0.0089688716,7.3034e-06,261688787.66,1,1,20.6800003052,2,12
2020-12-10,-0.0003270959,0.0001436276,5100143337.36,6,5,22.2700004578,3,12
2020-12-11,-0.001172588,0.0002119136,7522481635.46,6,5,22.5200004578,4,12
2020-12-14,-0.0044771613,3.118e-07,11053609.59,1,1,23.3099994659,0,12
2020-12-15,0.0135194225,7.97421e-05,2814697386.66,15,4,24.7199993134,1,12
2020-12-16,0.0015693528,1.48687e-05,531922214.14,3,2,22.8899993896,2,12
2020-12-17,0.0055919624,2.11743e-05,758691899.74,2,2,22.5,3,12
2020-12-18,-0.0082204966,0.0001259352,4537596800.78,16,5,21.9300003052,4,12
2020-12-21,-0.0035755115,0.0001027974,3673466331.1,14,5,21.5699996948,0,12
2020-12-22,-0.0016854106,5.62738e-05,2003756182.59,6,4,25.1599998474,1,12
2020-12-28,0.0085908223,3.23933e-05,1157011729.61,6,3,21.5300006866,0,12
2020-12-29,-0.0019077893,2.65714e-05,957220947.08,6,3,21.7000007629,1,12
2020-12-30,0.0014267991,3.70209e-05,1331113937.2,4,3,23.0799999237,2,12
2020-12-31,0.0050808213,4.80199e-05,1729054899.55,2,4,22.7700004578,3,12
2021-01-04,-0.0136139838,8.2051e-05,2969420921.9,6,4,22.75,0,1
2021-01-05,0.0068873287,3.4757e-05,1240731142.38,9,3,26.9699993134,1,1
2021-01-06,0.0059785132,1.52167e-05,546935429.91,3,2,25.3400001526,2,1
2021-01-07,0.0148574983,3.84108e-05,1388859199.92,1,3,25.0699996948,3,1
2021-01-08,0.0056977147,2.60455e-05,955745386.07,2,3,22.3700008392,4,1
2021-01-11,-0.0067408258,6.57275e-05,2425628306.54,6,4,21.5599994659,0,1
2021-01-13,0.0026929787,2.42262e-05,888210525.3,1,3,23.3299999237,2,1
2021-01-14,-0.0035019802,1.23361e-05,453499060.4,2,2,22.2099990845,3,1
2021-01-15,-0.0072926579,5.9538e-06,218107039.41,4,1,23.25,4,1
2021-01-19,0.0078519606,4.2879e-06,155935180.54,1,1,24.3400001526,1,1
2021-01-20,0.0138386923,4.74477e-05,1739036319.09,3,4,23.2399997711,2,1
2021-01-22,-0.0035394165,1.17902e-05,438511387.63,5,2,21.3199996948,4,1
2021-01-25,0.0039438199,0.000175762,6513935849.25,9,5,21.9099998474,0,1
2021-01-26,-0.0015609305,0.0001031745,3838844405.13,3,5,23.1900005341,1,1
2021-01-27,-0.0244404614,2.28766e-05,849846971.94,2,3,23.0200004578,2,1
2021-02-01,0.0166455091,0.0001033051,3700508935.87,5,5,33.0900001526,0,2
2021-02-02,0.0141402245,1.26348e-05,460125894.04,2,2,30.2399997711,1,2
2021-02-08,0.00722194,9.27729e-05,3481640139.89,6,5,20.8700008392,0,2
2021-02-09,-0.000665821,9.2178e-06,348429061.96,2,2,21.2399997711,1,2
2021-02-11,0.0016150659,7.84298e-05,2961357081.97,1,4,21.9899997711,3,2
2021-02-16,-0.0008660015,8.25592e-05,3137732700.14,12,4,19.9699993134,1,2
2021-02-19,-0.0017659768,1.34757e-05,509649481.92,3,2,22.4899997711,4,2
2021-02-22,-0.007691716,3.4245e-05,1292857360.15,8,3,22.0499992371,0,2
2021-02-23,0.0012143793,2.3922e-05,896184894.85,3,3,23.4500007629,1,2
2021-02-25,-0.0240957774,5.868e-06,222523691.05,1,1,21.3400001526,3,2
2021-02-26,-0.0051526202,1.43781e-05,532101404.51,5,2,28.8899993896,4,2
2021-03-01,0.0242401976,0.0001997239,7353272512.05,19,5,27.9500007629,0,3
2021-03-02,-0.0078032192,4.61069e-05,1738676039.74,9,4,23.3500003815,1,3
2021-03-03,-0.0132457055,4.2529e-06,159122448.64,1,1,24.1000003815,2,3
2021-03-05,0.018396582,1.36502e-05,497724437.27,1,2,28.5699996948,4,3
2021-03-08,-0.0049787651,5.54023e-05,2057295055.28,8,4,24.6599998474,0,3
2021-03-09,0.0142775128,7.22138e-05,2668216440.62,12,4,25.4699993134,1,3
2021-03-10,0.0062245863,1.1972e-05,448665430.88,2,2,24.0300006866,2,3
2021-03-11,0.0101391559,0.0001122593,4233260241.95,2,5,22.5599994659,3,3
2021-03-12,0.0013467811,7.30049e-05,2780900423.71,4,4,21.9099998474,4,3
2021-03-15,0.0059635744,0.0001010455,3854209154.47,17,5,20.6900005341,0,3
2021-03-16,-0.0012613203,8.13499e-05,3121459655.88,14,4,20.0300006866,1,3
2021-03-17,0.0034098813,9.8442e-06,377253289.19,3,2,19.7900009155,2,3
2021-03-18,-0.0145496618,1.71276e-05,658606657.75,2,2,19.2299995422,3,3
2021-03-19,-0.0051088177,1.82267e-05,690674828.08,5,2,21.5799999237,4,3
2021-03-22,0.0079849678,8.41169e-05,3171203966.74,9,4,20.9500007629,0,3
2021-03-23,-0.0078707974,1.64976e-05,626924384.45,5,2,18.8799991608,1,3
2021-03-25,0.0056255761,2.83139e-05,1062061562.65,3,3,21.2000007629,3,3
2021-03-26,0.0161149566,1.66256e-05,627138784.67,5,2,19.8099994659,4,3
2021-03-29,-0.0005051068,4.5087e-05,1728146238.77,10,3,18.8600006104,0,3
2021-03-30,-0.0026529582,0.0002086151,7992001136.85,20,5,20.7399997711,1,3
2021-03-31,0.0040533416,8.6538e-05,3306457071.04,5,4,19.6100006104,2,3
2021-04-01,0.0107990789,2.23341e-05,856804109.24,4,3,19.3999996185,3,4
2021-04-05,0.014353112,8.96562e-05,3476625833.44,6,5,17.3299999237,0,4
2021-04-06,-0.0005905853,5.42603e-05,2134266529.08,3,4,17.9099998474,1,4
2021-04-07,0.0011572964,1.25609e-05,493775522.38,4,2,18.1200008392,2,4
2021-04-09,0.0072701491,2.2223e-06,87877736.92,1,1,16.9500007629,4,4
2021-04-12,0.0003645882,3.90194e-05,1554160714.65,4,3,16.6900005341,0,4
2021-04-13,0.0029636835,1.29261e-05,515039669.67,2,2,16.9099998474,1,4
2021-04-14,-0.0034151364,1.26985e-05,507471021.95,3,2,16.6499996185,2,4
2021-04-15,0.0107424542,9.8758e-06,393317831.01,4,2,16.9899997711,3,4
2021-04-16,0.0033424259,9.366e-07,37703849.06,1,1,16.5699996948,4,4
2021-04-19,-0.0049130477,4.2368e-06,171117932.74,2,1,16.25,0,4
2021-04-20,-0.0073215435,8.1914e-06,329216509.62,2,1,17.2900009155,1,4
2021-04-22,-0.0091331224,1.3517e-06,54437357.12,1,1,17.5,3,4
2021-04-23,0.0108424124,6.27235e-05,2503040030.77,4,4,18.7099990845,4,4
2021-04-26,0.0020876209,0.0002071049,8354327062.05,9,5,17.3299999237,0,4
2021-04-27,-0.0002155033,5.5407e-06,223972579.46,2,1,17.6399993896,1,4
2021-04-28,-0.0002873997,6.02676e-05,2435660649.15,4,4,17.5599994659,2,4
2021-04-30,-0.0065705132,1.42175e-05,578084350.9,1,2,17.6100006104,4,4
2021-05-03,0.0021567804,1.71254e-05,691743638.94,4,2,18.6100006104,0,5
2021-05-10,-0.0099023802,6.68167e-05,2730089599.37,4,4,16.6900005341,0,5
2021-05-11,-0.0089247523,2.61527e-05,1057999778.84,2,3,19.6599998474,1,5
2021-05-13,0.0120125184,8.09859e-05,3178041746.5,1,4,27.5900001526,3,5
2021-05-14,0.0153553374,8.7004e-06,345521477.92,1,2,23.1299991608,4,5
2021-05-17,-0.0025445235,6.30409e-05,2542007039.43,10,4,18.8099994659,0,5
2021-05-18,-0.0086156783,5.27336e-05,2120974607.91,8,4,19.7199993134,1,5
2021-05-20,0.0107579555,2.9119e-06,115804743.61,1,1,22.1800003052,3,5
2021-05-21,-0.0008187159,4.123e-06,165734886.06,3,1,20.6700000763,4,5
2021-05-24,0.0101942714,8.04726e-05,3232134010.01,7,4,20.1499996185,0,5
2021-05-25,-0.0022187255,5.58263e-05,2265085092.35,9,4,18.3999996185,1,5
2021-05-27,0.0005249749,5.8396e-06,236880058.21,1,1,17.3600006104,3,5
2021-05-28,0.0017887381,4.0666e-05,1650449680.34,8,3,16.7399997711,4,5
2021-06-01,-0.0008808568,0.0001249499,5080220154.3,10,5,16.7600002289,1,6
2021-06-02,0.0015726002,2.9117e-06,118280196.91,1,1,17.8999996185,2,6
2021-06-04,0.0091458729,1.43168e-05,580333853.71,3,2,18.0400009155,4,6
2021-06-07,-0.0009701932,5.14573e-05,2104905968.7,8,4,16.4200000763,0,6
2021-06-08,0.0002131655,6.88426e-05,2813332326.4,9,4,16.4200000763,1,6
2021-06-10,0.0046483849,0.0001206796,4925403955.65,5,5,17.8899993896,3,6
2021-06-11,0.0016524922,7.25136e-05,2973318224.47,3,4,16.1000003815,4,6
2021-06-14,0.0022389579,6.4714e-05,2657890693.95,19,4,15.6499996185,0,6
2021-06-15,-0.0018341691,9.93388e-05,4089114462.14,20,5,16.3899993896,1,6
2021-06-16,-0.0055833622,2.22477e-05,914110281.37,4,3,17.0200004578,2,6
2021-06-17,-0.0003316295,4.5888e-06,187491114.06,1,1,18.1499996185,3,6
2021-06-18,-0.0167073199,2.3213e-06,94811869.12,2,1,17.75,4,6
2021-06-21,0.0143159446,9.33466e-05,3749026537.94,12,5,20.7000007629,0,6
2021-06-22,0.0053461961,9.2634e-06,377365470.9,1,2,17.8899993896,1,6
2021-06-23,-0.0012053113,1.8113e-06,74180198.09,1,1,16.6599998474,2,6
2021-06-24,0.0059157595,1.81535e-05,742582716.05,1,2,16.3199996948,3,6
2021-06-25,0.0035520565,3.09463e-05,1273374164.07,8,3,15.970000267,4,6
2021-06-28,0.00201593,2.46137e-05,1016396704.69,7,3,15.6199998856,0,6
2021-06-29,0.0005380752,5.08541e-05,2104200956.38,5,4,15.7600002289,1,6
2021-06-30,0.0008416772,8.65336e-05,3582448235.95,6,4,16.0200004578,2,6
2021-07-01,0.0055365956,2.30172e-05,953704478.98,5,3,15.8299999237,3,7
2021-07-02,0.0076435393,0.0001741906,7257432342.25,17,5,15.4799995422,4,7
2021-07-06,-0.0018214713,4.48765e-05,1884016146.9,5,3,15.0699996948,1,7
2021-07-07,0.0035340559,2.25313e-05,944191838.12,3,3,16.4400005341,2,7
2021-07-09,0.0106747782,4.2979e-06,179272541.45,2,1,19.0,4,7
2021-07-12,0.0035819195,7.46546e-05,3147170249.07,6,4,16.1800003052,0,7
2021-07-13,-0.0034089647,1.66896e-05,706094056.09,4,2,16.1700000763,1,7
2021-07-14,0.0014922149,9.4863e-06,399974979.1,1,2,17.1200008392,2,7
2021-07-15,-0.0034155288,8.9679e-06,378678069.46,3,2,16.3299999237,3,7
2021-07-16,-0.0078435967,8.96e-07,37703849.06,1,1,17.0100002289,4,7
2021-07-19,-0.0147679213,5.98597e-05,2499250375.16,8,4,18.4500007629,0,7
2021-07-20,0.0143304147,7.47206e-05,3073649983.27,6,4,22.5,1,7
2021-07-23,0.0102879968,1.2915e-06,54437357.12,1,1,17.6900005341,4,7
2021-07-26,0.0024548497,0.0001639306,6980866829.09,5,5,17.2000007629,0,7
2021-07-27,-0.0045575695,7.9633e-06,339945908.29,3,1,17.5799999237,1,7
2021-07-28,-0.0004100663,5.74112e-05,2439646929.96,4,4,19.3600006104,2,7
2021-08-02,-0.0020980443,2.98307e-05,1266188697.46,3,3,18.2399997711,0,8
2021-08-03,0.0081354638,1.338e-07,5669196.05,1,1,19.4599990845,1,8
2021-08-06,0.0016524367,1.18792e-05,507961273.55,1,2,17.2800006866,4,8
2021-08-09,-0.0008135446,8.54827e-05,3661319341.01,5,4,16.1499996185,0,8
2021-08-10,0.0012439504,1.23982e-05,530597898.44,1,2,16.7199993134,1,8
2021-08-11,0.0024848787,3.28e-08,1404464.49,1,1,16.7900009155,2,8
2021-08-12,0.0029969502,7.39837e-05,3178041746.5,1,4,16.1700000763,3,8
2021-08-13,0.001819838,1.32184e-05,569511334.44,2,2,15.5900001526,4,8
2021-08-16,0.002354655,8.98061e-05,3876310361.44,11,5,15.4499998093,0,8
2021-08-17,-0.0065552334,7.4595e-05,3227335211.46,10,4,16.1200008392,1,8
2021-08-19,0.0015483234,3.0646e-06,130280336.56,1,1,21.5699996948,3,8
2021-08-20,0.0079570775,4.8235e-06,205366742.8,2,1,21.6700000763,4,8
2021-08-23,0.0087965187,2.27754e-05,977412826.95,5,3,18.5599994659,0,8
2021-08-24,0.0015874244,3.48897e-05,1510473822.29,6,3,17.1499996185,1,8
2021-08-26,-0.0059031741,5.4515e-06,236880058.21,1,1,16.7900009155,3,8
2021-08-27,0.008940954,6.63713e-05,2866977528.04,10,4,18.8400001526,4,8
2021-08-30,0.0043975813,0.0001844784,8039981540.16,18,5,16.3899993896,0,8
2021-08-31,-0.0014815767,3.54428e-05,1551470321.4,8,3,16.1900005341,1,8
2021-09-01,0.0005314692,4.5609e-05,1993525108.7,2,3,16.4799995422,2,9
2021-09-03,-0.0002427588,9.3365e-06,409564696.77,2,2,16.4099998474,4,9
2021-09-07,-0.0035755168,7.26205e-05,3184856180.93,6,4,16.4099998474,1,9
2021-09-08,-0.0012182426,3.31353e-05,1447993127.44,4,3,18.1399993896,2,9
2021-09-09,-0.004280217,9.61777e-05,4197783446.47,2,5,17.9599990845,3,9
2021-09-10,-0.0078845571,8.41121e-05,3655454710.86,5,4,18.7999992371,4,9
2021-09-13,0.0025592316,2.56447e-05,1105712068.86,4,3,20.9500007629,0,9
2021-09-14,-0.0053965095,2.55989e-05,1106563450.16,6,3,19.3700008392,1,9
2021-09-15,0.0083526383,8.3969e-06,361011898.34,4,1,19.4599990845,2,9
2021-09-16,-0.001585227,1.84193e-05,798528304.33,3,2,18.1800003052,3,9
2021-09-17,-0.0129034134,5.14305e-05,2226122394.86,11,4,18.6900005341,4,9
2021-09-20,-0.0166741854,8.39835e-05,3588244703.91,14,4,20.8099994659,0,9
2021-09-21,-0.0009446218,2.01509e-05,846601853.03,4,2,25.7099990845,1,9
2021-09-22,0.009754815,6.7268e-06,282348428.8,1,1,24.3600006104,2,9
2021-09-23,0.0121500194,2.12453e-05,900439446.66,3,2,20.8700008392,3,9
2021-09-24,0.0016472111,5.8245e-06,249859608.41,3,1,18.6299991608,4,9
2021-09-27,-0.0028609155,4.65501e-05,2000192349.42,12,4,17.75,0,9
2021-09-28,-0.020151846,4.66648e-05,1999383101.84,3,4,18.7600002289,1,9
2021-09-29,0.0016831389,3.19339e-05,1340653628.13,5,3,23.25,2,9
2021-09-30,-0.0122223441,8.51891e-05,3582448235.95,6,4,22.5599994659,3,9
2021-10-01,0.0118841763,2.84468e-05,1181646588.32,7,3,23.1399993896,4,10
2021-10-04,-0.0128960384,3.15081e-05,1324365014.23,4,3,21.1000003815,0,10
2021-10-05,0.0104049816,7.3406e-06,304565768.89,3,1,22.9599990845,1,10
2021-10-06,0.0041560558,6.8742e-06,288179635.42,2,1,21.2999992371,2,10
2021-10-08,-0.0018237776,6.5802e-06,279398768.15,2,1,19.5400009155,4,10
2021-10-11,-0.0072397182,4.67019e-05,1979365442.2,6,4,18.7700004578,0,10
2021-10-12,-0.0024615411,1.62633e-05,684294711.55,3,2,20.0,1,10
2021-10-13,0.0035976144,6.9148e-06,290232191.96,3,1,19.8500003815,2,10
2021-10-14,0.0168206431,1.05503e-05,444416643.44,1,2,18.6399993896,3,10
2021-10-15,0.0076158082,2.57107e-05,1101243835.39,6,3,16.8600006104,4,10
2021-10-18,0.0029605206,6.36202e-05,2745740152.7,12,4,16.2999992371,0,10
2021-10-19,0.0077148688,3.508e-07,15182752.2,1,1,16.3099994659,1,10
2021-10-20,0.0039277227,8.7954e-06,383653866.73,3,2,15.6999998093,2,10
2021-10-22,-0.0010361807,1.30047e-05,570980065.46,4,2,15.0100002289,4,10
2021-10-25,0.0053628017,0.0001826576,8011370648.25,9,5,15.4300003052,0,10
2021-10-26,0.000900019,2.28158e-05,1006067830.74,2,3,15.2399997711,1,10
2021-10-27,-0.0044301892,5.5277e-05,2439646929.96,4,4,15.9799995422,2,10
2021-11-01,0.0017202146,9.19985e-05,4089645875.84,9,5,16.2600002289,0,11
2021-11-02,0.0040430948,2.9875e-06,133034702.45,1,1,16.4099998474,1,11
2021-11-08,0.000853721,6.05343e-05,2745331955.05,5,4,16.4799995422,0,11
2021-11-09,-0.0033053714,1.11909e-05,507961273.55,1,2,17.2199993134,1,11
2021-11-11,0.0003235277,7.08177e-05,3178041746.5,1,4,18.7299995422,3,11
2021-11-12,0.0075468445,1.1645e-05,522755233.86,2,2,17.6599998474,4,11
2021-11-15,0.0003424223,7.00705e-05,3169268699.15,12,4,16.2900009155,0,11
2021-11-16,0.003957825,7.33725e-05,3319750971.24,8,4,16.4899997711,1,11
2021-11-18,0.0033964119,3.1945e-06,144755929.52,1,1,17.1100006104,3,11
2021-11-19,-0.0017882535,7.707e-06,350419373.14,3,1,17.5900001526,4,11
2021-11-22,-0.0028151747,7.8577e-05,3566335010.07,8,4,17.9099998474,0,11
2021-11-23,0.0013259942,1.19396e-05,540369370.28,4,2,19.1700000763,1,11
2021-11-26,-0.0223031722,2.11021e-05,958876414.02,4,2,18.5799999237,4,11
2021-11-29,0.0122666076,5.332e-06,236880058.21,1,1,28.6200008392,0,11
2021-11-30,-0.0194576161,6.90733e-05,3106313987.34,14,4,22.9599990845,1,11
2021-12-01,-0.0111072034,4.52085e-05,1993525108.7,2,3,27.1900005341,2,12
2021-12-03,-0.0087013129,2.29761e-05,1017252926.7,5,3,27.9500007629,4,12
2021-12-06,0.011843313,6.87399e-05,3016933178.0,11,4,30.6700000763,0,12
2021-12-07,0.0206848232,2.21359e-05,983029194.49,2,3,27.1800003052,1,12
2021-12-08,0.0026479675,2.19447e-05,994695948.63,2,3,21.8899993896,2,12
2021-12-09,-0.0067515398,0.0001025555,4660889471.56,2,5,19.8999996185,3,12
2021-12-10,0.0094134965,8.64464e-05,3902246034.09,8,4,21.5799999237,4,12
2021-12-14,-0.0068800436,2.63081e-05,1188123372.69,7,3,20.3099994659,1,12
2021-12-15,0.0156250453,1.43443e-05,643360327.13,5,2,21.8899993896,2,12
2021-12-16,-0.0088185165,3.51701e-05,1602067381.25,5,3,19.2900009155,3,12
2021-12-17,-0.0141065857,3.90267e-05,1762069917.6,13,3,20.5699996948,4,12
2021-12-20,-0.0106334055,8.0468e-05,3581907098.06,14,4,21.5699996948,0,12
2021-12-21,0.0177589924,4.36153e-05,1920819469.12,4,3,22.8700008392,1,12
2021-12-23,0.006222078,2.858e-06,129384429.42,2,1,18.6299991608,3,12
2021-12-27,0.0141521538,6.23241e-05,2838988845.92,10,4,17.9599990845,0,12
2021-12-28,-0.0008171953,1.43083e-05,660996323.59,3,2,17.6800003052,1,12
2021-12-30,-0.002764529,3.05472e-05,1411829760.68,4,3,16.9500007629,3,12
2021-12-31,-0.0025201869,6.60473e-05,3044133634.47,7,4,17.3299999237,4,12
2022-01-03,0.0057899614,5.95512e-05,2737808643.77,8,4,17.2199993134,0,1
2022-01-04,-0.0003349389,5.36058e-05,2478747655.67,8,4,16.6000003815,1,1
2022-01-05,-0.0192021425,2.09774e-05,969675500.12,4,2,16.9099998474,2,1
2022-01-06,-0.0009394134,3.1571e-06,143133403.03,1,1,19.7299995422,3,1
2022-01-07,-0.0039535113,4.02348e-05,1822415855.42,4,3,19.6100006104,4,1
2022-01-10,-0.0012443661,1.43634e-05,648013909.48,1,2,18.7600002289,0,1
2022-01-14,0.0004090208,4.47018e-05,2009993528.05,7,3,20.3099994659,4,1
2022-01-18,-0.0177096122,5.58044e-05,2510244271.06,13,4,19.1900005341,1,1
2022-01-20,-0.0110680686,1.33955e-05,585748873.93,3,2,23.8500003815,3,1
2022-01-21,-0.0196306413,5.201e-06,224909252.14,4,1,25.5900001526,4,1
2022-01-24,0.0042467357,7.25286e-05,3074818664.48,8,4,28.8500003815,0,1
2022-01-25,-0.0122089741,0.0001588461,6762808934.66,5,5,29.8999996185,1,1
2022-01-26,-0.0025087954,5.80111e-05,2439646929.96,4,4,31.1599998474,2,1
2022-01-31,0.0180110674,0.0001032798,4418189769.09,7,5,27.6599998474,0,1
2022-02-01,0.0067569259,1.47149e-05,640823552.0,3,2,24.8299999237,1,2
2022-02-07,-0.0032092766,8.88738e-05,3859985608.82,6,5,23.2199993134,0,2
2022-02-08,0.0082278598,8.1979e-06,354911520.15,1,1,22.8600006104,1,2
2022-02-09,0.0146361069,3.22e-08,1404464.49,1,1,21.4400005341,2,2
2022-02-10,-0.0179656447,7.17587e-05,3178041746.5,1,4,19.9599990845,3,2
2022-02-14,-0.003269315,5.29763e-05,2258625197.68,1,4,27.3600006104,0,2
2022-02-15,0.0161268673,7.88848e-05,3352226181.49,11,4,28.3299999237,1,2
2022-02-18,-0.0064750528,2.80495e-05,1186647897.57,8,3,28.1100006104,4,2
2022-02-22,-0.0107316481,5.2225e-05,2195099416.84,4,4,27.75,1,2
2022-02-24,0.0150491181,5.7998e-06,236880058.21,1,1,31.0200004578,3,2
2022-02-25,0.022064003,3.09587e-05,1283471671.63,6,3,30.3199996948,4,2
2022-02-28,-0.0025585268,0.0001027834,4355168340.53,11,5,27.5900001526,0,2
2022-03-01,-0.0152302724,9.42515e-05,3983433297.2,12,5,30.1499996185,1,3
2022-03-02,0.0183962125,4.2328e-06,176171282.43,1,1,33.3199996948,2,3
2022-03-04,-0.0081246198,3.7545e-05,1583456028.83,6,3,30.4799995422,4,3
2022-03-07,-0.0294791873,7.40246e-05,3096611087.08,13,4,31.9799995422,0,3
2022-03-08,-0.0075817007,0.0001641142,6662872143.47,10,5,36.4500007629,1,3
2022-03-10,-0.0045155534,0.0001313849,5435580612.75,5,5,32.4500007629,3,3
2022-03-11,-0.0127150595,1.16853e-05,481253517.94,2,2,30.2299995422,4,3
2022-03-14,-0.0073083231,2.87196e-05,1167765411.82,10,3,30.75,0,3
2022-03-15,0.0219904399,7.6351e-05,3081815021.77,17,4,31.7700004578,1,3
2022-03-16,0.022174206,1.0384e-05,428355455.14,4,2,29.8299999237,2,3
2022-03-18,0.007821846,9.48302e-05,4048649605.85,16,5,25.6700000763,4,3
2022-03-21,-0.0002923926,6.38522e-05,2747406485.67,8,4,23.8700008392,0,3
2022-03-22,0.0117013918,5.1003e-05,2193896137.5,6,4,23.5300006866,1,3
2022-03-23,-0.0128784194,7.008e-06,304975654.8,1,1,22.9400005341,2,3
2022-03-24,0.0150743637,3.20484e-05,1376733623.28,3,3,23.5699996948,3,3
2022-03-25,0.0048835984,2.24454e-05,978744261.63,9,3,21.6700000763,4,3
2022-03-28,0.0071130381,6.3954e-05,2802363681.59,11,4,20.8099994659,0,3
2022-03-29,0.0123708278,5.47869e-05,2417750562.17,2,4,19.6299991608,1,3
2022-03-30,-0.0061747929,3.72904e-05,1665986232.82,6,3,18.8999996185,2,3
2022-03-31,-0.0153913176,7.94107e-05,3525850111.44,4,4,19.3299999237,3,3
2022-04-01,0.0028341129,0.0001661943,7265479426.38,19,5,20.5599994659,4,4
2022-04-04,0.0085665774,6.7453e-05,2957187499.12,5,4,19.6299991608,0,4
2022-04-05,-0.0126313248,1.15061e-05,508757212.61,3,2,18.5699996948,1,4
2022-04-06,-0.0099993565,1.25775e-05,549104210.16,3,2,21.0300006866,2,4
2022-04-08,-0.0026739348,4.1025e-06,178207838.32,2,1,21.5499992371,4,4
2022-04-11,-0.0170922845,7.41524e-05,3212491509.46,6,4,21.1599998474,0,4
2022-04-12,-0.0037052301,1.14426e-05,487252266.47,1,2,24.3700008392,1,4
2022-04-13,0.0114535785,2.5338e-06,107496042.85,2,1,24.2600002289,2,4
2022-04-14,-0.0124517585,1.03568e-05,444416643.44,1,2,21.8199996948,3,4
2022-04-18,0.0004111393,6.51389e-05,2760338072.04,10,4,22.7000007629,0,4
2022-04-19,0.0161426749,1.8978e-06,80454588.83,2,1,22.1700000763,1,4
2022-04-20,-0.0007415448,8.1505e-06,351108600.75,2,1,21.3700008392,2,4
2022-04-22,-0.0274391387,5.6107e-06,237908153.28,3,1,22.6800003052,4,4
2022-04-25,0.0057975804,0.0001365878,5632719704.69,8,5,28.2099990845,0,4
2022-04-26,-0.0289608256,1.16854e-05,484686965.76,5,2,27.0200004578,1,4
2022-04-27,0.002811783,6.31847e-05,2544867665.14,4,4,33.5200004578,2,4
2022-05-02,0.0060194441,1.422e-07,5669196.05,1,1,33.4000015259,0,5
2022-05-09,-0.032017268,7.32009e-05,2914559850.2,5,4,30.1900005341,0,5
2022-05-10,0.0023105279,1.31797e-05,507961273.55,1,2,34.75,1,5
2022-05-12,-0.0010439304,8.73962e-05,3322498189.52,1,4,32.5600013733,3,5
2022-05-13,0.0239078477,2.27517e-05,864038687.08,3,3,31.7700004578,4,5
2022-05-16,-0.0040575647,4.49198e-05,1746695843.69,9,3,28.8700008392,0,5
2022-05-17,0.0205703993,0.0001209666,4684670242.25,10,5,27.4699993134,1,5
2022-05-20,0.0004365363,4.314e-06,162628932.25,1,1,29.3500003815,4,5
2022-05-23,0.01871008,6.18718e-05,2333464540.73,7,4,29.4300003052,0,5
2022-05-24,-0.0076337768,1.286e-05,494084751.42,5,2,28.4799995422,1,5
2022-05-25,0.008834904,4.6207e-06,176171282.43,1,1,29.4500007629,2,5
2022-05-26,0.0199813839,7.3716e-06,283538251.49,1,1,28.3700008392,3,5
2022-05-27,0.0245491408,7.60725e-05,2984493562.8,10,4,27.5,4,5
2022-05-31,-0.0056109836,0.0001351628,5432916320.58,13,5,25.7199993134,1,5
2022-06-01,-0.0080885293,5.51058e-05,2202571303.65,3,4,26.1900005341,2,6
2022-06-02,0.0190434786,1.37822e-05,546416856.44,1,2,25.6900005341,3,6
2022-06-03,-0.0164115237,2.64355e-05,1068034676.38,4,3,24.7199993134,4,6
2022-06-06,0.0030447702,6.05434e-05,2405905023.02,11,4,24.7900009155,0,6
2022-06-07,0.0095922232,1.35616e-05,540560127.79,3,2,25.0699996948,1,6
2022-06-08,-0.0108721536,2.81156e-05,1131424353.16,2,3,24.0200004578,2,6
2022-06-09,-0.0237828869,0.000123796,4927615656.53,2,5,23.9599990845,3,6
2022-06-10,-0.0289956521,0.0001184136,4601274226.13,8,5,26.0900001526,4,6
2022-06-13,-0.0379681587,3.52133e-05,1328631235.17,10,3,27.75,0,6
2022-06-14,-0.0030133464,9.86548e-05,3581010091.22,17,5,34.0200004578,1,6
2022-06-15,0.0142563382,1.69955e-05,615050844.58,4,2,32.6899986267,2,6
2022-06-16,-0.0330960388,2.3865e-05,875963060.59,3,3,29.6200008392,3,6
2022-06-17,-0.0021546667,3.2116e-06,113978410.19,2,1,32.9500007629,4,6
2022-06-21,0.0251736247,6.09322e-05,2157832985.68,3,4,31.1299991608,1,6
2022-06-22,-0.0018129753,2.0432e-06,74180198.09,1,1,30.1900005341,2,6
2022-06-23,0.0098025662,2.26004e-05,819025054.46,1,3,28.9500007629,3,6
2022-06-24,0.0317938663,9.9733e-06,364967932.45,3,2,29.0499992371,4,6
2022-06-27,-0.0038197044,5.56359e-05,2100703854.08,13,4,27.2299995422,0,6
2022-06-28,-0.0204328534,4.28027e-05,1609971539.87,2,3,26.9500007629,1,6
2022-06-29,-0.00081439,3.14809e-05,1159922664.97,2,3,28.3600006104,2,6
2022-06-30,-0.0081243003,0.0001089916,4012552749.71,7,5,28.1599998474,3,6
2022-07-01,0.0105765149,3.38482e-05,1236007054.29,7,3,28.7099990845,4,7
2022-07-05,0.0018885774,2.77376e-05,1023581835.85,5,3,26.7000007629,1,7
2022-07-06,0.0033773394,1.3825e-05,511138250.8,3,2,27.5400009155,2,7
2022-07-07,0.0149771435,4.085e-06,151540839.81,1,1,26.7299995422,3,7
2022-07-11,-0.0114235786,3.28573e-05,1236141490.73,3,3,24.6399993896,0,7
2022-07-12,-0.0088489299,2.41329e-05,897544906.86,4,3,26.1700000763,1,7
2022-07-14,-0.0024284849,1.21197e-05,444416643.44,1,2,26.8199996948,3,7
2022-07-15,0.019105081,4.0332e-05,1475347184.12,8,3,26.3999996185,4,7
2022-07-18,-0.0082569331,0.0001469083,5476582862.39,15,5,24.2299995422,0,7
2022-07-19,0.0270191818,1.2388e-05,457999781.97,4,2,25.2999992371,1,7
2022-07-20,0.0063731615,9.247e-06,351108600.75,2,2,24.5,2,7
2022-07-22,-0.0092780966,1.553e-06,59948776.93,1,1,23.1100006104,4,7
2022-07-25,0.0012149409,9.1827e-05,3511741232.95,4,5,23.0300006866,0,7
2022-07-26,-0.0118310099,6.29711e-05,2411128349.68,5,4,23.3600006104,1,7
2022-07-27,0.0259663678,6.72597e-05,2544867665.14,4,4,24.6900005341,2,7
2022-07-29,0.0145787249,2.32823e-05,915129953.73,1,3,22.3299999237,4,7
2022-08-01,-0.00296124,0.000103283,4118806858.2,6,5,21.3299999237,0,8
2022-08-02,-0.0065973453,1.426e-07,5669196.05,1,1,22.8400001526,1,8
2022-08-08,-0.001160933,7.28238e-05,2914559850.2,5,4,21.1499996185,0,8
2022-08-09,-0.0039710021,6.0976e-06,243753667.39,1,1,21.2900009155,1,8
2022-08-11,0.0,8.17624e-05,3323902654.01,2,4,19.7399997711,3,8
2022-08-12,0.0169290127,9.6827e-06,393632063.45,1,2,20.2000007629,4,8
2022-08-15,0.0041207662,9.59258e-05,3965710973.49,10,5,19.5300006866,0,8
2022-08-16,0.0019587438,0.000171043,7100298798.44,12,5,19.9500007629,1,8
2022-08-19,-0.0134380327,9.4134e-06,389883255.2,3,2,19.5599994659,4,8
2022-08-22,-0.0208224955,3.23787e-05,1323038250.71,5,3,20.6000003815,0,8
2022-08-23,-0.0024192573,4.80002e-05,1920510484.07,6,4,23.7999992371,1,8
2022-08-24,0.0032011818,4.4138e-06,176171282.43,1,1,24.1100006104,2,8
2022-08-25,0.014117524,7.0811e-06,283538251.49,1,1,22.8199996948,3,8
2022-08-26,-0.0338490426,2.9839e-05,1211665637.51,5,3,21.7800006866,4,8
2022-08-29,-0.0066122047,0.0001897378,7443839519.45,14,5,25.5599994659,0,8
2022-08-30,-0.010977854,0.0001031695,4020807640.62,13,5,26.2099990845,1,8
2022-09-01,0.0031378632,6.94949e-05,2658297671.06,3,4,25.8700008392,3,9
2022-09-02,-0.0105444303,2.70333e-05,1037316450.35,3,3,25.5599994659,4,9
2022-09-06,-0.0037731504,5.9912e-05,2274688316.83,4,4,25.4699993134,1,9
2022-09-07,0.0179649627,5.5816e-06,211119291.78,2,1,26.9099998474,2,9
2022-09-08,0.0065362917,0.0001549527,5966200914.82,3,5,24.6399993896,3,9
2022-09-09,0.0155352444,0.0001141539,4424040470.19,7,5,23.6100006104,4,9
2022-09-12,0.0107476514,2.01063e-05,791326201.19,4,2,22.7900009155,0,9
2022-09-13,-0.0434824806,2.4981e-05,993746351.61,5,3,23.8700008392,1,9
2022-09-14,0.0038158229,2.24e-06,85233807.68,2,1,27.2700004578,2,9
2022-09-15,-0.0113532968,2.99123e-05,1142516727.88,5,3,26.1599998474,3,9
2022-09-16,-0.0116887051,3.50261e-05,1322652094.35,4,3,26.2700004578,4,9
2022-09-19,0.0077549286,9.248e-05,3451403054.09,11,5,26.2999992371,0,9
2022-09-20,-0.0114785526,2.39103e-05,899264611.67,6,3,25.7600002289,1,9
2022-09-21,-0.0174437808,9.0392e-06,336062648.25,2,2,27.1599998474,2,9
2022-09-22,-0.0083998339,2.24208e-05,819025054.46,1,3,27.9899997711,3,9
2022-09-23,-0.0167548207,4.728e-07,17124868.59,1,1,27.3500003815,4,9
2022-09-26,-0.0098926879,7.85983e-05,2799352632.44,13,4,29.9200000763,0,9
2022-09-27,-0.0025527509,0.0001098076,3872212731.78,5,5,32.2599983215,1,9
2022-09-28,0.0196763548,5.8826e-06,206910826.92,2,1,32.5999984741,2,9
2022-09-29,-0.0208889706,3.60073e-05,1291425620.02,4,3,30.1800003052,3,9
2022-09-30,-0.0154635347,0.0001213112,4260022718.94,9,5,31.8400001526,4,9
2022-10-03,0.0264012343,0.0001059824,3664178341.78,12,5,31.6200008392,0,10
2022-10-04,0.0309866515,1.90607e-05,676394321.47,3,2,30.1000003815,1,10
2022-10-05,-0.00232824,9.886e-06,361687411.28,2,2,29.0699996948,2,10
2022-10-06,-0.0103157977,5.8856e-06,214827221.24,1,1,28.5499992371,3,10
2022-10-07,-0.0278938996,1.23409e-05,445805703.22,3,2,30.5200004578,4,10
2022-10-10,-0.0076353247,4.12987e-05,1450266062.3,3,3,31.3600006104,0,10
2022-10-11,-0.0063329783,2.75726e-05,960858628.57,4,3,32.4500007629,1,10
2022-10-12,-0.0032984645,3.1043e-06,107496042.85,2,1,33.6300010681,2,10
2022-10-14,-0.0227887431,2.82227e-05,999769030.05,6,3,31.9400005341,4,10
2022-10-17,0.0256969558,0.000109403,3787207359.22,20,5,32.0200004578,0,10
2022-10-18,0.0117496251,4.6388e-05,1647078672.44,10,4,31.3700008392,1,10
2022-10-20,-0.0083853361,9.8435e-06,351108600.75,2,2,30.7600002289,3,10
2022-10-21,0.0243014827,8.8611e-06,313417818.02,4,2,29.9799995422,4,10
2022-10-24,0.012236465,0.000207189,7506385650.47,11,5,29.6900005341,0,10
2022-10-25,0.0159685866,2.4696e-05,905676068.04,3,3,29.8500003815,1,10
2022-10-26,-0.0075340962,7.1789e-05,2674755776.89,5,4,28.4599990845,2,10
2022-10-31,-0.0072232729,0.0001077867,4058756996.06,6,5,25.75,0,10
2022-11-01,-0.0043758641,3.04786e-05,1139396500.92,3,3,25.8799991608,1,11
2022-11-04,0.0143931328,1.821e-07,6541380.06,1,1,25.2999992371,4,11
2022-11-07,0.00956558,9.0182e-05,3285245215.68,6,5,24.5499992371,0,11
2022-11-08,0.0053954145,1.49316e-05,549147322.75,1,2,24.3500003815,1,11
2022-11-10,0.0549541531,0.0001026154,3716130252.97,2,5,26.0900001526,3,11
2022-11-14,-0.008506724,1.24689e-05,480977231.48,2,2,22.5200004578,0,11
2022-11-15,0.0085290422,0.0001058757,4049312516.95,10,5,23.7299995422,1,11
2022-11-18,0.0045404033,4.37152e-05,1668202714.05,10,3,23.9300003052,4,11
2022-11-21,-0.0036360944,9.73983e-05,3733665457.78,6,5,23.1200008392,0,11
2022-11-22,0.0134569999,3.86435e-05,1475971697.82,5,3,22.3600006104,1,11
2022-11-23,0.0063016243,1.18762e-05,459709533.92,2,2,21.2900009155,2,11
2022-11-25,-0.0002237137,4.6638e-05,1816668162.46,5,4,20.3500003815,4,11
2022-11-28,-0.0159570082,7.38523e-05,2876090206.77,12,4,20.5,0,11
2022-11-29,-0.0017175436,3.1922e-06,122331441.52,1,1,22.2099990845,1,11
2022-12-01,-0.0007358413,7.23347e-05,2854447311.83,3,4,20.5799999237,3,12
2022-12-02,-0.001153717,0.0001741358,6866630546.94,11,5,19.8400001526,4,12
2022-12-05,-0.0179892538,0.0001740413,6854984819.93,13,5,19.0599994659,0,12
2022-12-06,-0.0144147997,3.2491e-05,1256705076.34,5,3,20.75,1,12
2022-12-08,0.0078339265,0.0001586694,6038352649.13,2,5,22.6800003052,3,12
2022-12-09,-0.0074701987,0.0001080238,4143177531.87,8,5,22.2900009155,4,12
2022-12-13,0.0075698431,2.95343e-05,1140515992.9,6,3,25.0,1,12
2022-12-14,-0.0063935302,1.00288e-05,390209462.48,3,2,22.5499992371,2,12
2022-12-15,-0.0244616654,5.95444e-05,2301996398.41,7,4,21.1399993896,3,12
2022-12-16,-0.0163232189,1.48332e-05,559428272.47,4,2,22.8299999237,4,12
2022-12-19,-0.0084796621,9.42331e-05,3495943260.75,13,5,22.6200008392,0,12
2022-12-20,0.0013684005,6.4234e-05,2362800003.84,4,4,22.4200000763,1,12
2022-12-21,0.0149524421,1.3089e-06,48211862.04,2,1,21.4799995422,2,12
2022-12-22,-0.0142661357,3.5175e-06,131502955.05,2,1,20.0699996948,3,12
2022-12-23,0.0057522653,8.0091e-06,295153479.85,1,1,21.9699993134,4,12
2022-12-27,-0.0039435109,5.09289e-05,1887630864.4,3,4,20.8700008392,1,12
2022-12-28,-0.0124278718,9.6236e-06,355284210.12,1,2,21.6499996185,2,12
2022-12-29,0.0180003152,3.18144e-05,1159922664.97,2,3,22.1399993896,3,12
2022-12-30,-0.0026340751,7.79803e-05,2894264802.39,7,4,21.4400005341,4,12
2023-01-03,-0.0042098825,0.0001068633,3955818913.26,10,5,21.6700000763,1,1
2023-01-04,0.007720189,1.92191e-05,708449712.56,3,2,22.8999996185,2,1
2023-01-05,-0.0114133958,3.03021e-05,1125611791.16,2,3,22.0100002289,3,1
2023-01-06,0.0229321039,5.76326e-05,2116402971.04,5,4,22.4599990845,4,1
2023-01-10,0.0070128431,2.42401e-05,910050806.33,2,3,21.9699993134,1,1
2023-01-13,0.0038795057,1.77041e-05,680262941.37,4,2,18.8299999237,4,1
2023-01-17,-0.0018318971,6.59935e-05,2545571878.47,15,4,18.3500003815,1,1
2023-01-18,-0.0157880156,4.68784e-05,1804930540.15,2,4,19.3600006104,2,1
2023-01-19,-0.0072798173,3.4276e-06,129888111.75,1,1,20.3400001526,3,1
2023-01-20,0.0186290396,1.65882e-05,624025047.79,3,2,20.5200004578,4,1
2023-01-23,0.0119985853,0.0001168739,4478546460.23,7,5,19.8500003815,0,1
2023-01-24,-0.0010732912,1.59572e-05,618809167.32,2,2,19.8099994659,1,1
2023-01-25,0.0003747973,6.5695e-05,2544867665.14,4,4,19.2000007629,2,1
2023-01-27,0.0022976965,0.0001546678,6059583028.41,6,5,18.7299995422,4,1
2023-01-30,-0.0125468261,0.0001030597,4046952570.64,6,5,18.5100002289,0,1
2023-01-31,0.0147033493,3.08089e-05,1194627583.82,4,3,19.9400005341,1,1
2023-02-06,-0.0061113605,0.0001009725,4030183366.82,8,5,18.3299999237,0,2
2023-02-07,0.0130786327,1.54889e-05,614439032.88,2,2,19.4300003052,1,2
2023-02-10,0.0023336663,3.56e-08,1404464.49,1,1,20.7099990845,4,2
2023-02-13,0.0117389911,6.08267e-05,2402442188.8,2,4,20.5300006866,0,2
2023-02-14,-0.0004601699,4.33252e-05,1731280169.46,2,3,20.3400001526,1,2
2023-02-15,0.0032473737,5.6981e-06,227591760.16,3,1,18.9099998474,2,2
2023-02-16,-0.0137688102,8.29143e-05,3322498189.52,1,4,18.2299995422,3,2
2023-02-17,-0.0024982586,6.75443e-05,2669330808.38,7,4,20.1700000763,4,2
2023-02-21,-0.0200609272,4.99759e-05,1970100627.06,4,4,20.0200004578,1,2
2023-02-22,-0.0013781047,2.3726e-06,91653137.64,1,1,22.8700008392,2,2
2023-02-23,0.0053194035,7.3499e-06,283538251.49,1,1,22.2900009155,3,2
2023-02-24,-0.0106823709,3.82573e-05,1483701449.55,7,3,21.1399993896,4,2
2023-02-27,0.0034058381,0.0001107651,4249819645.11,12,5,21.6700000763,0,2
2023-02-28,-0.0036959776,9.4308e-06,363072261.02,3,2,20.9500007629,1,2
2023-03-01,-0.0038359145,5.51814e-05,2116551044.16,2,4,20.7000007629,2,3
2023-03-02,0.0077772899,5.2056e-06,198903060.81,1,1,20.5799999237,3,3
2023-03-03,0.0160378194,0.0001339858,5159293804.26,5,5,19.5900001526,4,3
2023-03-06,0.0006927405,7.49586e-05,2932667047.34,11,4,18.4899997711,0,3
2023-03-07,-0.0153287319,0.0001634195,6398025496.88,10,5,18.6100006104,1,3
2023-03-08,0.00163212,4.37946e-05,1688315676.62,3,3,19.5900001526,2,3
2023-03-09,-0.0184498537,0.0001294816,4999767390.84,1,5,19.1100006104,3,3
2023-03-10,-0.0144294461,5.7096e-05,2164014651.23,6,4,22.6100006104,4,3
2023-03-13,-0.0014252502,4.40828e-05,1646686012.76,10,3,24.7999992371,0,3
2023-03-14,0.0165300651,1.45147e-05,541413555.73,5,2,26.5200004578,1,3
2023-03-15,-0.0062543388,1.14198e-05,433013405.01,4,2,23.7299995422,2,3
2023-03-16,0.0175451772,5.3904e-06,203115373.56,1,1,26.1399993896,3,3
2023-03-17,-0.015450242,0.0001062276,4072950096.08,16,5,22.9899997711,4,3
2023-03-20,0.0096156314,7.50247e-05,2832133547.85,8,4,25.5100002289,0,3
2023-03-21,0.0131305266,4.51117e-05,1719312452.38,8,3,24.1499996185,1,3
2023-03-22,-0.0170464973,1.232e-05,475709700.37,2,2,21.3799991608,2,3
2023-03-23,0.0027033948,2.95157e-05,1120254859.93,2,3,22.2600002289,3,3
2023-03-24,0.0065620126,3.12117e-05,1187826503.95,6,3,22.6100006104,4,3
2023-03-27,0.0018698427,0.000105679,4048233367.75,18,5,21.7399997711,0,3
2023-03-28,-0.0022446572,7.54017e-05,2893803085.42,5,4,20.6000003815,1,3
2023-03-29,0.0145348835,7.934e-06,303811196.66,3,1,19.9699993134,2,3
2023-03-30,0.0058552537,3.1604e-05,1227781334.08,3,3,19.1200008392,3,3
2023-03-31,0.0140946303,0.0001081317,4225399615.85,7,5,19.0200004578,4,3
2023-04-03,0.0038105413,0.0001734657,6873955396.78,15,5,18.7000007629,0,4
2023-04-04,-0.0055481171,2.0915e-05,831959983.24,4,2,18.5499992371,1,4
2023-04-05,-0.0026182673,1.48153e-05,586057112.63,3,2,19.0,2,4
2023-04-06,0.0039008742,3.841e-06,151540839.81,1,1,19.0799999237,3,4
2023-04-10,0.0010263763,6.72184e-05,2662375096.9,3,4,18.3999996185,0,4
2023-04-11,0.0002685869,1.30365e-05,516877204.27,1,2,18.9699993134,1,4
2023-04-12,-0.0040759871,2.7105e-06,107496042.85,2,1,19.1000003815,2,4
2023-04-14,-0.0024427643,2.45701e-05,983348070.75,5,3,17.7999992371,4,4
2023-04-17,0.0035882534,9.30041e-05,3713127145.51,18,5,17.0699996948,0,4
2023-04-18,0.0006522419,3.97977e-05,1594597643.34,9,3,16.9500007629,1,4
2023-04-20,-0.0054571152,9.3412e-06,374460164.63,2,2,16.4599990845,3,4
2023-04-21,0.0007769431,3.2839e-06,130921912.42,2,1,17.1700000763,4,4
2023-04-24,0.0010431651,0.0001640734,6546390869.61,9,5,16.7700004578,0,4
2023-04-25,-0.0158738294,3.252e-06,129888111.75,1,1,16.8899993896,1,4
2023-04-26,-0.0042356217,6.74206e-05,2650088400.33,4,4,18.7600002289,2,4
2023-04-28,0.0085351688,3.18104e-05,1269854108.06,2,3,17.0300006866,4,4
2023-05-01,-0.0010097442,0.0001497242,6027928364.53,8,5,15.779999733,0,5
2023-05-02,-0.0112392321,3.9079e-06,157174322.08,2,1,16.0799999237,1,5
2023-05-05,0.018512576,1.5116e-05,592769606.07,1,2,20.0900001526,4,5
2023-05-08,0.0002665471,8.98953e-05,3590487879.43,7,5,17.1900005341,0,5
2023-05-09,-0.0043853215,1.37454e-05,549147322.75,1,2,16.9799995422,1,5
2023-05-12,-0.0013102869,6.0758e-06,242379393.69,1,1,16.9300003052,4,5
2023-05-15,0.0034500679,1.85223e-05,737929928.32,7,2,17.0300006866,0,5
2023-05-16,-0.0066826704,0.0001417246,5665805781.77,11,5,17.1200008392,1,5
2023-05-18,0.0096332151,9.22374e-05,3707249475.54,2,5,16.8700008392,3,5
2023-05-19,-0.0014550864,1.30587e-05,529919016.1,2,2,16.0499992371,4,5
2023-05-22,0.0004061283,4.53302e-05,1836804854.48,7,3,16.8099994659,0,5
2023-05-23,-0.0112228375,1.92919e-05,782034950.4,5,2,17.2099990845,1,5
2023-05-25,0.0086598983,1.30261e-05,518332230.21,2,2,20.0300006866,3,5
2023-05-26,0.0129506697,2.9732e-05,1193331864.88,6,3,19.1399993896,4,5
2023-05-30,0.000380943,0.0001392063,5659584834.43,11,5,17.9500007629,1,5
2023-06-01,0.0095010199,2.06485e-05,835148718.97,2,2,17.9400005341,3,6
2023-06-02,0.0144611588,0.0001276865,5213482755.54,4,5,15.6499996185,4,6
2023-06-05,-0.0019162631,0.0001430293,5924389271.51,13,5,14.6000003815,0,6
2023-06-06,0.0021774588,3.1269e-05,1292704138.27,7,3,14.7299995422,1,6
2023-06-07,-0.0034577272,3.1487e-06,130455907.69,1,1,13.9600000381,2,6
2023-06-08,0.0060485691,0.0001487125,6140069762.05,2,5,13.9399995804,3,6
2023-06-09,0.0017943024,0.000112482,4672266290.81,7,5,13.6499996185,4,6
2023-06-12,0.0090718631,1.66151e-05,691394903.89,7,2,13.8299999237,0,6
2023-06-13,0.0065929367,5.60074e-05,2351749487.61,10,4,15.0100002289,1,6
2023-06-14,0.0011908327,1.18957e-05,502791205.41,3,2,14.6099996567,2,6
2023-06-15,0.0123976703,1.45958e-05,617652169.05,5,2,13.8800001144,3,6
2023-06-16,-0.0070944749,1.97996e-05,848248190.18,4,2,14.5,4,6
2023-06-20,-0.0051881828,4.51127e-05,1918997652.78,5,3,13.5399999619,1,6
2023-06-21,-0.0051237254,1.10181e-05,466255142.71,3,2,13.8800001144,2,6
2023-06-22,0.0036097101,2.07511e-05,873626724.76,1,2,13.1999998093,3,6
2023-06-23,-0.007560006,1.13025e-05,477554240.25,1,2,12.9099998474,4,6
2023-06-26,-0.004085753,6.03512e-05,2530696812.46,12,4,13.4399995804,0,6
2023-06-27,0.0109633111,2.94398e-05,1229448693.78,4,3,14.25,1,6
2023-06-29,0.0039413613,2.81471e-05,1188951012.78,2,3,13.4300003052,3,6
2023-06-30,0.0118007204,0.0001088488,4615968162.6,10,5,13.5399999619,4,6
2023-07-03,0.0011505364,0.0001596215,6848971574.18,13,5,13.5900001526,0,7
2023-07-05,-0.0014871981,1.74227e-05,748427595.07,3,2,13.5699996948,2,7
2023-07-06,-0.0078306618,8.7639e-06,375910541.16,2,2,14.1800003052,3,7
2023-07-10,0.0025311045,7.57133e-05,3214009752.63,4,4,14.8299999237,0,7
2023-07-11,0.0063685297,1.3871e-05,590310392.45,3,2,15.0699996948,1,7
2023-07-14,-0.0006228285,3.96116e-05,1723717231.36,6,3,13.6099996567,4,7
2023-07-17,0.0034722168,7.96013e-05,3461729203.77,17,4,13.3400001526,0,7
2023-07-18,0.0074305876,3.79466e-05,1655966688.64,10,3,13.4799995422,1,7
2023-07-20,-0.0066344891,8.4986e-06,374460164.63,2,1,13.7600002289,3,7
2023-07-21,0.0,1.55086e-05,678797074.7,3,2,13.9899997711,4,7
2023-07-24,0.0044672908,6.5186e-05,2853130333.36,8,4,13.6000003815,0,7
2023-07-25,0.0027300533,0.0001242817,5463992139.08,7,5,13.9099998474,1,7
2023-07-26,0.0001537136,6.01137e-05,2650088400.33,4,4,13.8599996567,2,7
2023-07-28,0.0097903231,6.1991e-06,271514517.29,3,1,14.4099998474,4,7
2023-07-31,0.0019040425,8.8779e-05,3926505136.93,5,5,13.3299999237,0,7
2023-08-01,-0.0028615687,2.87101e-05,1272206542.32,4,3,13.6300001144,1,8
2023-08-07,0.0087285287,8.30185e-05,3590487879.43,7,4,17.1000003815,0,8
2023-08-11,-0.0005830992,1.89603e-05,818366751.86,3,2,15.8500003815,4,8
2023-08-14,0.0055200078,6.06681e-05,2617038246.36,3,4,14.8400001526,0,8
2023-08-15,-0.0116488605,9.92707e-05,4305874602.7,13,5,14.8199996948,1,8
2023-08-17,-0.0076198844,8.71842e-05,3710144594.13,2,4,16.7800006866,3,8
2023-08-18,0.0004813116,3.5656e-05,1505786109.11,8,3,17.8899993896,4,8
2023-08-21,0.0065062917,3.60649e-05,1523788610.23,4,3,17.2999992371,0,8
2023-08-22,-0.0027086139,5.3667e-05,2282255772.68,8,4,17.1299991608,1,8
2023-08-24,-0.0138590708,1.2087e-05,518332230.21,2,2,15.9799995422,3,8
2023-08-25,0.0070497985,3.30509e-05,1397692543.61,6,3,17.2000007629,4,8
2023-08-28,0.0063413609,6.44494e-05,2744719973.97,9,4,15.6800003052,0,8
2023-08-29,0.0144547695,4.66984e-05,2001364503.7,6,4,15.0799999237,1,8
2023-08-31,-0.0014633903,5.908e-07,25790407.07,1,1,13.8800001144,3,8
2023-09-01,0.0018652078,7.41026e-05,3230276604.96,11,4,13.5699996948,4,9
2023-09-05,-0.0043219313,7.63802e-05,3335768124.18,6,4,13.0900001526,1,9
2023-09-06,-0.0067224403,3.0877e-06,134269099.34,1,1,14.0100002289,2,9
2023-09-07,-0.0030702235,3.262e-06,140892380.3,1,1,14.4499998093,3,9
2023-09-08,0.0015060872,6.79707e-05,2926785387.37,6,4,14.3999996185,4,9
2023-09-11,0.0065766369,7.1674e-06,309090274.57,3,1,13.8400001526,0,9
2023-09-12,-0.0054856102,0.0001049605,4556124544.76,9,5,13.8000001907,1,9
2023-09-13,0.0011659892,1.7183e-06,74180198.09,1,1,14.2299995422,2,9
2023-09-14,0.0086223724,0.0001313822,5678366550.23,4,5,13.4799995422,3,9
2023-09-15,-0.0155208954,2.20011e-05,959093595.66,6,3,12.8199996948,4,9
2023-09-18,0.0005864397,0.0001506693,6466168532.59,23,5,13.7899999619,0,9
2023-09-19,-0.0020738305,3.77312e-05,1620231683.4,6,3,14.0,1,9
2023-09-20,-0.0091933249,1.4153e-05,606491622.81,4,2,14.1099996567,2,9
2023-09-21,-0.0165283598,2.0576e-05,873626724.76,1,2,15.1400003433,3,9
2023-09-25,0.0042051891,8.42449e-05,3509876358.13,13,4,17.2000007629,0,9
2023-09-26,-0.0146912661,5.82874e-05,2438627424.64,3,4,16.8999996185,1,9
2023-09-27,0.0003991333,1.47004e-05,605999891.13,3,2,18.9400005341,2,9
2023-09-28,0.0057974446,3.20703e-05,1322572493.46,4,3,18.2199993134,3,9
2023-09-29,-0.0024269067,0.0001076335,4464516604.27,8,5,17.3400001526,4,9
2023-10-02,-0.0003977108,0.0002316984,9587264970.58,23,5,17.5200004578,0,10
2023-10-03,-0.0133860693,3.56848e-05,1475986616.37,5,3,17.6100006104,1,10
2023-10-04,0.0072819738,8.8651e-06,361766074.48,2,2,19.7800006866,2,10
2023-10-05,-0.0003767806,6.2715e-06,257792665.49,1,1,18.5799999237,3,10
2023-10-06,0.0118728116,1.29618e-05,532596562.2,4,2,18.4899997711,4,10
2023-10-09,0.0064021976,4.60629e-05,1915186987.43,4,4,17.4500007629,0,10
2023-10-10,0.0052048392,2.12023e-05,887182964.67,5,2,17.7000007629,1,10
2023-10-11,0.0040962828,2.5557e-06,107496042.85,2,1,17.0300006866,2,10
2023-10-13,-0.004980869,3.47748e-05,1459721245.81,5,3,16.6900005341,4,10
2023-10-16,0.0105214567,9.64221e-05,4027294274.08,20,5,19.3199996948,0,10
2023-10-17,-4.59121e-05,3.63829e-05,1535605528.44,8,3,17.2099990845,1,10
2023-10-20,-0.0122880433,1.3439e-05,554716263.06,4,2,21.3999996185,4,10
2023-10-23,-0.0017332106,0.0001478645,6028339615.2,11,5,21.7099990845,0,10
2023-10-24,0.0075393937,0.0001353846,5509975900.66,7,5,20.3700008392,1,10
2023-10-25,-0.0143521871,6.77951e-05,2779976512.08,5,4,18.9699993134,2,10
2023-10-30,0.0119557898,9.87749e-05,3926505136.93,5,5,21.2700004578,0,10
2023-10-31,0.0062802663,3.9072e-06,157174322.08,2,1,19.75,1,10
2023-11-03,0.0091233926,2.53868e-05,1058520524.62,2,3,15.6599998474,4,11
2023-11-06,0.00230049,7.66018e-05,3223105896.06,6,4,14.9099998474,0,11
2023-11-07,0.0028460378,2.30831e-05,973481887.81,2,3,14.8900003433,1,11
2023-11-10,0.0156048061,5.7718e-06,242379393.69,1,1,15.2899999619,4,11
2023-11-13,-0.0009531852,1.05668e-05,450665678.76,3,2,14.1700000763,0,11
2023-11-14,0.0194007326,4.18524e-05,1783265824.86,2,3,14.7600002289,1,11
2023-11-15,0.0021170451,5.5927e-06,242920782.33,4,1,14.1599998474,2,11
2023-11-16,0.0012231327,7.96505e-05,3466954632.54,1,4,14.1800003052,3,11
2023-11-17,0.0012438033,6.50678e-05,2835674977.35,7,4,14.3199996948,4,11
2023-11-20,0.0076976001,3.80082e-05,1658470813.39,4,3,13.8000001907,0,11
2023-11-21,-0.0021794143,3.02432e-05,1329807461.5,3,3,13.4099998474,1,11
2023-11-22,0.0038608336,2.089e-06,91653137.64,1,1,13.3500003815,2,11
2023-11-24,0.0006153549,5.85643e-05,2579403358.56,9,4,12.8500003815,4,11
2023-11-27,-0.0018009594,0.0001210332,5334059489.2,9,5,12.4600000381,0,11
2023-11-28,0.0009901023,5.94976e-05,2617398192.43,8,4,12.6899995804,1,11
2023-11-30,0.0039374598,3.572e-06,157183436.85,2,1,12.9799995422,3,11
2023-12-01,0.0059158901,6.77998e-05,2995226290.49,8,4,12.9200000763,4,12
2023-12-04,-0.0052494089,0.0001824148,8106308413.64,18,5,12.6300001144,0,12
2023-12-05,-0.0001970622,1.82201e-05,805428653.3,2,2,13.0799999237,1,12
2023-12-06,-0.0040297773,1.15768e-05,511658059.39,3,2,12.8500003815,2,12
2023-12-08,0.0042991536,0.0001276041,5659837786.67,10,5,13.0600004196,4,12
2023-12-12,0.0045672329,2.57124e-05,1149824146.86,7,3,12.6300001144,1,12
2023-12-13,0.0137901181,1.09805e-05,493275775.33,2,2,12.0699996948,2,12
2023-12-14,0.0032093725,0.0001571286,7156007810.12,6,5,12.1899995804,3,12
2023-12-15,-0.0056778948,4.1562e-05,1898905477.34,8,3,12.4799995422,4,12
2023-12-18,0.0056250713,0.0002130113,9676912410.29,28,5,12.279999733,0,12
2023-12-19,0.0060808846,4.80275e-05,2194117168.68,2,4,12.5600004196,1,12
2023-12-20,-0.0138572711,1.22962e-05,565161698.62,5,2,12.529999733,2,12
2023-12-22,0.0020096925,3.4557e-06,158118152.54,2,1,13.6499996185,4,12
2023-12-26,0.0042225272,1.65475e-05,758656782.4,3,2,13.029999733,1,12
2023-12-28,0.0003777312,3.07016e-05,1416082474.54,3,3,12.4300003052,3,12
2023-12-29,-0.0028949734,7.02854e-05,3243073729.47,7,4,12.470000267,4,12
2024-01-02,-0.0055963554,8.1077e-05,3730186667.88,11,4,12.4499998093,1,1
2024-01-03,-0.0081666887,1.64401e-05,752140654.44,3,2,13.1999998093,2,1
2024-01-04,-0.0032210792,3.67993e-05,1669835618.43,1,3,14.0399999619,3,1
2024-01-05,0.0013696598,5.09711e-05,2305456721.3,5,4,14.1300001144,4,1
2024-01-08,0.0142759285,4.2285e-06,191521031.24,1,1,13.3500003815,0,1
2024-01-09,-0.0015170696,3.2987e-06,151540839.81,1,1,13.0799999237,1,1
2024-01-12,0.0006927397,0.0001539882,7100183172.17,2,5,12.4399995804,4,1
2024-01-16,-0.003671226,6.08587e-05,2808051987.24,16,4,12.6999998093,1,1
2024-01-18,0.0088928023,4.88454e-05,2232997439.43,3,4,14.7899999619,3,1
2024-01-19,0.0124661642,6.2762e-06,289473940.94,1,1,14.1300001144,4,1
2024-01-22,0.0021143369,9.86127e-05,4604929051.93,5,5,13.3000001907,0,1
2024-01-23,0.0029164818,2.7888e-06,130505083.24,2,1,13.1899995804,1,1
2024-01-24,0.0010931595,5.53257e-05,2596564319.03,3,4,12.5500001907,2,1
2024-01-26,-0.0012704037,1.48581e-05,701883811.94,2,2,13.4499998093,4,1
2024-01-29,0.0079193806,2.90679e-05,1371400852.97,4,3,13.2600002289,0,1
2024-01-30,-0.0007734532,7.42361e-05,3530134210.75,4,4,13.6000003815,1,1
2024-01-31,-0.0163173206,1.1264e-06,53524081.3,1,1,13.3100004196,2,1
2024-02-05,-0.0036411819,6.94638e-05,3323905615.96,7,4,13.8500003815,0,2
2024-02-06,0.0029033057,4.38334e-05,2089830999.41,4,3,13.6700000763,1,2
2024-02-09,0.0057794286,5.0249e-06,242379393.69,1,1,12.7899999619,4,2
2024-02-12,-0.000438949,4.8884e-05,2371556457.56,1,4,12.9300003052,0,2
2024-02-13,-0.0137730533,2.44751e-05,1186861435.43,1,3,13.9300003052,1,2
2024-02-15,0.006899738,7.70171e-05,3716798165.23,5,4,14.3800001144,3,2
2024-02-16,-0.0049799804,2.19638e-05,1067273390.5,2,3,14.0100002289,4,2
2024-02-20,-0.0055053952,3.78762e-05,1831327599.93,5,3,14.2399997711,1,2
2024-02-22,0.0206954983,1.9044e-06,91653137.64,1,1,15.3400001526,3,2
2024-02-23,0.0006896672,2.89089e-05,1420115604.27,6,3,14.5399999619,4,2
2024-02-26,-0.00366253,8.67765e-05,4265730759.25,10,4,13.75,0,2
2024-02-27,0.0018577491,1.89654e-05,928882313.57,4,2,13.7399997711,1,2
2024-02-28,-0.0013216478,2.7701e-06,135923823.91,1,1,13.4300003052,2,2
2024-02-29,0.0035949448,5.0491e-06,247425246.25,2,1,13.8400001526,3,2
2024-03-01,0.0093882639,1.73751e-05,854504681.43,2,2,13.3999996185,4,3
2024-03-04,-0.0010724146,0.0001687057,8374827738.41,15,5,13.1099996567,0,3
2024-03-05,-0.0099941348,0.0001350932,6699056717.65,10,5,13.4899997711,1,3
2024-03-06,0.005067249,2.8699e-06,140892380.3,1,1,14.4600000381,2,3
2024-03-07,0.0099264297,2.44124e-05,1204544758.32,1,3,14.5,3,3
2024-03-08,-0.0060022073,1.43701e-05,716083344.02,2,2,14.4399995804,4,3
2024-03-11,-0.00085985,3.75997e-05,1862397382.01,11,3,14.7399997711,0,3
2024-03-12,0.0107573747,3.8955e-05,1927871912.59,9,3,15.220000267,1,3
2024-03-13,-0.0015675114,1.4829e-06,74180198.09,1,1,13.8400001526,2,3
2024-03-14,-0.0019767788,0.0001294846,6466933217.51,4,5,13.75,3,3
2024-03-15,-0.0099427624,6.31235e-05,3146388253.09,10,4,14.3999996185,4,3
2024-03-18,0.0059431553,0.0001210838,5975402006.56,19,5,14.4099998474,0,3
2024-03-19,0.0055571437,3.52387e-05,1749341541.3,9,3,14.3299999237,1,3
2024-03-20,0.0092493035,9.475e-06,472979699.22,2,2,13.8199996948,2,3
2024-03-21,0.003304703,1.73407e-05,873626724.76,1,2,13.0399999619,3,3
2024-03-22,-0.0018958066,1.33286e-05,673718297.73,3,2,12.9200000763,4,3
2024-03-25,-0.0027628065,8.29467e-05,4184733401.42,18,4,13.0600004196,0,3
2024-03-26,-0.001847013,8.98398e-05,4519975341.04,10,5,13.1899995804,1,3
2024-03-27,0.0084038191,1.9296e-06,96900369.74,1,1,13.2399997711,2,3
2024-03-28,-0.0001910958,4.90814e-05,2485508422.95,7,4,12.779999733,3,3
2024-04-01,-0.0017397942,0.0002632593,13329057692.53,32,5,13.0100002289,0,4
2024-04-02,-0.0063581018,3.00773e-05,1520193648.71,3,3,13.6499996185,1,4
2024-04-03,0.001098501,7.2758e-06,365400470.65,2,1,14.6099996567,2,4
2024-04-04,-0.0122060918,3.0141e-06,151540839.81,1,1,14.3299999237,3,4
2024-04-05,0.0104468889,7.4372e-06,369352801.01,4,1,16.3500003815,4,4
2024-04-08,0.0005593388,1.97141e-05,989286138.37,2,2,16.0300006866,0,4
2024-04-09,0.0011567641,4.77781e-05,2398929833.12,3,4,15.1899995804,1,4
2024-04-10,-0.0100131174,7.2668e-06,365288708.35,3,1,14.9799995422,2,4
2024-04-11,0.0075468858,1.0844e-05,539648781.32,1,2,15.8000001907,3,4
2024-04-12,-0.013803077,7.1037e-06,356180750.81,2,1,14.9099998474,4,4
2024-04-15,-0.0125281273,3.34039e-05,1651757292.31,10,3,17.3099994659,0,4
2024-04-16,-0.001823795,2.6601e-06,129888111.75,1,1,19.2299995422,1,4
2024-04-18,-0.0020577341,4.9094e-06,237867224.56,1,1,18.2099990845,3,4
2024-04-19,-0.0087283501,4.7895e-06,231580097.01,2,1,18.0,4,4
2024-04-22,0.0092091395,0.0001044452,5005987842.11,6,5,18.7099990845,0,4
2024-04-23,0.0118666306,5.2951e-06,256127863.22,3,1,16.9400005341,1,4
2024-04-24,-0.0004746173,5.52007e-05,2701785054.22,3,4,15.6899995804,2,4
2024-04-26,0.0094739113,1.46708e-05,714991287.75,3,2,15.3699998856,4,4
2024-04-29,0.0035414704,3.66706e-05,1804096732.64,3,3,15.029999733,0,4
2024-04-30,-0.0158412473,0.0001038801,5128727660.96,7,5,14.6700000763,1,4
2024-05-01,-0.003247151,1.1016e-06,53524081.3,1,1,15.6499996185,2,5
2024-05-03,0.0123953226,1.02863e-05,502844915.65,2,2,14.6800003052,4,5
2024-05-06,0.0103268178,5.33525e-05,2640448644.61,5,4,13.4899997711,0,5
2024-05-07,0.0011034464,3.6577e-05,1828911492.58,3,3,13.4899997711,1,5
2024-05-10,0.001288125,1.5866e-05,798858344.77,2,2,12.6899995804,4,5
2024-05-13,0.0001342951,5.4883e-06,276693352.18,1,1,12.5500001907,0,5
2024-05-14,0.004588153,1.22719e-05,618769554.03,1,2,13.6000003815,1,5
2024-05-15,0.0123830339,4.9324e-06,249843532.68,4,1,13.4200000763,2,5
2024-05-16,-0.0020575084,7.4457e-05,3818183790.83,2,4,12.4499998093,3,5
2024-05-17,0.0014375338,4.42482e-05,2264398580.03,5,3,12.4200000763,4,5
2024-05-20,0.0011521113,1.22172e-05,626113883.85,3,2,11.9899997711,0,5
2024-05-21,0.0024525295,5.64916e-05,2898440734.23,7,4,12.1499996185,1,5
2024-05-22,-0.0028793441,1.28709e-05,661991499.93,2,2,11.8599996567,2,5
2024-05-23,-0.0073042202,4.3216e-06,221634839.18,1,1,12.2899999619,3,5
2024-05-24,0.0066164353,1.51365e-05,770607219.12,5,2,12.7700004578,4,5
2024-05-28,0.0006988424,0.0001011609,5184240234.31,9,5,11.9300003052,1,5
2024-05-29,-0.0070025518,2.6504e-06,135923823.91,1,1,12.9200000763,2,5
2024-05-30,-0.0066337016,6.907e-06,351730995.53,1,1,14.279999733,3,5
2024-05-31,0.0091081493,2.79725e-05,1415028724.28,7,3,14.470000267,4,5
2024-06-03,0.0008153529,0.000146064,7456149273.66,14,5,12.9200000763,0,6
2024-06-04,0.0011178986,3.04878e-05,1557582174.87,5,3,13.1099996567,1,6
2024-06-05,0.0118851002,1.10861e-05,567007690.68,3,2,13.1599998474,2,6
2024-06-07,-0.0012156574,9.57047e-05,4952984629.1,4,5,12.5799999237,4,6
2024-06-10,0.0030897611,3.94615e-05,2039760839.17,11,3,12.220000267,0,6
2024-06-11,0.0024083171,2.34717e-05,1216999461.93,9,3,12.7399997711,1,6
2024-06-12,0.008213005,1.4272e-06,74180198.09,1,1,12.8500003815,2,6
2024-06-13,0.0020134973,0.0001243934,6518376645.93,3,5,12.0399999619,3,6
2024-06-14,0.0006083825,1.98944e-05,1044589980.25,7,2,11.9399995804,4,6
2024-06-17,0.0079589264,0.0001652827,8683747083.27,8,5,12.6599998474,0,6
2024-06-18,0.0025406959,7.6377e-05,4044688924.26,17,4,12.75,1,6
2024-06-20,-0.0027165313,2.02543e-05,1075327998.16,2,2,12.3000001907,3,6
2024-06-21,-0.0045520845,9.48892e-05,5024120925.97,15,5,13.279999733,4,6
2024-06-24,-0.0032506648,1.33616e-05,704240450.75,3,2,13.1999998093,0,6
2024-06-25,0.0038508805,0.0001046902,5499887341.07,14,5,13.3299999237,1,6
2024-06-26,0.0012480823,2.41848e-05,1275437161.09,1,3,12.8400001526,2,6
2024-06-27,0.0015764795,2.59471e-05,1370084682.22,3,3,12.5500001907,3,6
2024-06-28,-0.003935107,0.0001308948,6922533714.45,17,5,12.2399997711,4,6
2024-07-01,0.0020580945,2.51703e-05,1325926147.67,5,3,12.4399995804,0,7
2024-07-02,0.0067297149,0.0001641036,8662459298.25,23,5,12.220000267,1,7
2024-07-03,0.0044626003,3.3579e-06,178445788.91,2,1,12.029999733,2,7
2024-07-05,0.0057664972,0.000100457,5362288954.25,8,5,12.0900001526,4,7
2024-07-08,0.001153928,3.6187e-06,194275125.75,1,1,12.4799995422,0,7
2024-07-09,0.0009724427,4.40329e-05,2366713041.27,4,3,12.3699998856,1,7
2024-07-10,0.0098952897,9.3203e-06,501440864.3,2,2,12.5100002289,2,7
2024-07-12,0.0063075221,2.84537e-05,1532651446.81,6,3,12.9200000763,4,7
2024-07-15,0.0027501189,1.78473e-05,967403683.17,6,2,12.4600000381,0,7
2024-07-16,0.0059301478,8.14886e-05,4429203696.96,18,4,13.1199998856,1,7
2024-07-18,-0.0076849019,4.4124e-06,237867224.56,1,1,14.4799995422,3,7
2024-07-19,-0.0066405803,3.79506e-05,2030172263.0,9,3,15.9300003052,4,7
2024-07-22,0.0103099042,1.3647e-06,72518681.77,1,1,16.5200004578,0,7
2024-07-23,-0.0015685479,0.000104814,5627222932.05,9,5,14.9099998474,1,7
2024-07-24,-0.0226625161,5.04775e-05,2705771335.02,3,4,14.720000267,2,7
2024-07-26,0.0111996984,2.41971e-05,1261051363.12,4,3,18.4599990845,4,7
2024-07-29,0.0005877734,4.35931e-05,2297331174.25,3,3,16.3899993896,0,7
2024-07-30,-0.0050664691,9.637e-07,50814061.69,1,1,16.6000003815,1,7
2024-07-31,0.016254608,1.0202e-06,53524081.3,1,1,17.6900005341,2,7
2024-08-02,-0.0186184143,9.27915e-05,4877214811.31,7,5,18.5900001526,4,8
2024-08-05,-0.0291236983,3.4391e-06,177397952.46,1,1,23.3899993896,0,8
2024-08-06,0.0092195668,5.7068e-05,2857971065.21,5,4,38.5699996948,1,8
2024-08-09,0.0044096216,4.48146e-05,2301884893.52,4,3,23.7900009155,4,8
2024-08-12,0.0005253932,7.5744e-06,390770184.81,1,1,20.3700008392,0,8
2024-08-13,0.0164456245,6.94829e-05,3586585949.03,3,4,20.7099990845,1,8
2024-08-15,0.0171402434,7.15476e-05,3765741201.14,4,4,16.1900005341,3,8
2024-08-16,0.0022420132,1.60346e-05,858411162.27,3,2,15.2299995422,4,8
2024-08-19,0.0095614148,3.20972e-05,1722171339.83,8,3,14.8000001907,0,8
2024-08-20,-0.0016260845,9.5743e-06,518616589.58,3,2,14.6499996185,1,8
2024-08-22,-0.0078484971,1.41731e-05,769110887.77,2,2,16.2700004578,3,8
2024-08-23,0.0106253542,3.60212e-05,1939371692.86,6,3,17.5499992371,4,8
2024-08-27,0.0013730979,9.05128e-05,4913216571.61,7,5,16.1499996185,1,8
2024-08-28,-0.0058052742,2.5006e-06,135923823.91,1,1,15.4300003052,2,8
2024-08-29,8.95357e-05,6.5086e-06,351730995.53,1,1,17.1100006104,3,8
2024-08-30,0.0095460147,5.7209e-05,3091909176.05,12,4,15.6499996185,4,8
2024-09-03,-0.0205790089,9.63279e-05,5255822817.48,14,5,15.0,1,9
2024-09-04,-0.0020468136,1.8337e-06,97991404.92,1,1,20.7199993134,2,9
2024-09-05,-0.0024322113,1.00393e-05,535393517.05,3,2,21.3199996948,3,9
2024-09-06,-0.0168301163,0.0001386513,7376227200.2,8,5,19.8999996185,4,9
2024-09-10,0.0043557127,2.87646e-05,1521364546.01,9,3,19.4500007629,1,9
2024-09-11,0.0102589426,1.3965e-06,74180198.09,1,1,19.0799999237,2,9
2024-09-12,0.0084232966,0.0001214632,6518376645.93,3,5,17.6900005341,3,9
2024-09-13,0.0052227419,3.39818e-05,1839010103.88,8,3,17.0699996948,4,9
2024-09-16,0.0014768724,0.0001317613,7167830242.58,5,5,16.5599994659,0,9
2024-09-17,0.0004086072,0.0001179305,6424908867.17,21,5,17.1399993896,1,9
2024-09-18,-0.0029658531,2.22786e-05,1214246935.75,4,3,17.6100006104,2,9
2024-09-20,-0.0047812192,2.6616e-06,147099603.1,1,1,16.3299999237,4,9
2024-09-23,0.0024988701,9.886e-06,543769109.04,4,2,16.1499996185,0,9
2024-09-24,0.0028613143,5.35693e-05,2953894859.58,8,4,15.8900003433,1,9
2024-09-25,-0.0022055134,1.14294e-05,632040534.71,3,2,15.3900003433,2,9
2024-09-26,0.0039646513,3.99378e-05,2203665556.14,2,3,15.4099998474,3,9
2024-09-27,-0.0014503182,6.8002e-05,3767048222.13,11,4,15.3699998856,4,9
2024-09-30,0.004007278,9.15878e-05,5066254528.04,8,5,16.9599990845,0,9
2024-10-01,-0.0089584749,0.0001340189,7443070581.26,21,5,16.7299995422,1,10
2024-10-02,0.0004220573,8.2948e-06,456543537.6,2,1,19.2600002289,2,10
2024-10-03,-0.0018281793,6.6106e-06,364003196.19,2,1,18.8999996185,3,10
2024-10-04,0.0090873394,0.0001508134,8289083370.66,14,5,20.4899997711,4,10
2024-10-07,-0.0090404427,9.4149e-06,522167301.67,3,2,19.2099990845,0,10
2024-10-08,0.0094575471,9.3426e-06,513476443.22,5,2,22.6399993896,1,10
2024-10-09,0.0069264474,6.5841e-06,365288708.35,3,1,21.4200000763,2,10
2024-10-11,0.005988253,1.36899e-05,763443947.11,4,2,20.9300003052,4,10
2024-10-14,0.0081783189,6.30755e-05,3538590407.47,5,4,20.4599990845,0,10
2024-10-15,-0.0077696775,3.25227e-05,1839471240.28,10,3,19.7000007629,1,10
2024-10-18,0.0038465723,6.25283e-05,3524657186.81,15,4,19.1100006104,4,10
2024-10-21,-0.0016422141,2.3069e-06,130540121.02,2,1,18.0300006866,0,10
2024-10-22,-0.0005311543,0.0001014928,5733619575.99,8,5,18.3700008392,1,10
2024-10-23,-0.0091373809,5.02217e-05,2835659446.77,4,4,18.2000007629,2,10
2024-10-25,-0.0003453011,7.2521e-06,406607683.48,2,1,19.0799999237,4,10
2024-10-28,0.0030913911,0.0001354303,7590670844.12,8,5,20.3299999237,0,10
2024-10-29,0.0016183779,7.748e-06,435604699.15,2,1,19.7999992371,1,10
2024-10-31,-0.0196031015,9.534e-07,53524081.3,1,1,20.3500003815,3,10
2024-11-04,-0.0021539306,8.9e-06,491942615.55,1,2,21.8799991608,0,11
2024-11-05,0.0120917756,5.1817e-05,2857971065.21,5,4,21.9799995422,1,11
2024-11-08,0.0043317224,3.11268e-05,1794536900.63,3,3,15.1999998093,4,11
2024-11-12,-0.0031063954,2.46404e-05,1428094470.15,3,3,14.970000267,1,11
2024-11-14,-0.0064301593,6.60524e-05,3818183790.83,2,4,14.0200004578,3,11
2024-11-15,-0.0128085884,2.26838e-05,1302812837.11,5,3,14.3100004196,4,11
2024-11-18,0.0040973528,4.51339e-05,2559004772.3,6,3,16.1399993896,0,11
2024-11-19,0.0036554676,2.67203e-05,1521198844.61,6,3,15.5799999237,1,11
2024-11-21,0.005368303,4.5586e-06,260560673.13,1,1,17.1599998474,3,11
2024-11-22,0.0030994103,4.18626e-05,2405622786.5,12,3,16.8700008392,4,11
2024-11-25,0.0033920833,1.55733e-05,897689266.65,3,2,15.2399997711,0,11
2024-11-26,0.0052214867,0.0001037857,6002788017.8,9,5,14.6000003815,1,11
2024-11-27,-0.0030300628,8.8311e-06,513445226.5,3,2,14.1000003815,2,11
2024-11-29,0.0062120645,1.16398e-05,674693126.07,1,2,14.1000003815,4,11
2024-12-02,0.0017924108,9.10273e-05,5309098763.67,7,5,13.5100002289,0,12
2024-12-03,0.0004638077,9.30794e-05,5438511112.73,19,5,13.3400001526,1,12
2024-12-04,0.0062095348,6.6513e-06,388807593.49,3,1,13.3000001907,2,12
2024-12-06,0.0018956656,0.0001313626,7713883152.82,12,5,13.5399999619,4,12
2024-12-09,-0.0051496436,3.38261e-05,1990102115.74,5,3,12.7700004578,0,12
2024-12-10,-0.0031090906,4.4713e-05,2617068475.87,9,3,14.1899995804,1,12
2024-12-11,0.0077306474,8.454e-06,493275775.33,2,1,14.1800003052,2,12
2024-12-12,-0.0051526105,0.000126774,7454243942.21,4,5,13.5799999237,3,12
2024-12-13,-0.0001985589,2.03979e-05,1193204207.94,7,2,13.9200000763,4,12
2024-12-16,0.0042699657,8.23796e-05,4817963613.15,2,4,13.8100004196,0,12
2024-12-17,-0.0041200417,9.46293e-05,5558015030.01,18,5,14.6899995804,1,12
2024-12-18,-0.0298034874,3.9143e-06,228955775.39,3,1,15.8699998856,2,12
2024-12-19,-0.0003071121,1.63566e-05,928228395.06,1,2,27.6200008392,3,12
2024-12-20,0.0086163608,0.0001109823,6296238084.6,20,5,24.0900001526,4,12
2024-12-23,0.0059882904,3.15445e-05,1805001957.31,6,3,18.3600006104,0,12
2024-12-24,0.01111501,5.41005e-05,3114207554.17,11,4,16.7800006866,1,12
2024-12-27,-0.0105265188,0.0001076955,6268644500.81,12,5,14.7299995422,4,12
2024-12-30,-0.0114116384,1.65489e-05,953125992.96,1,2,15.9499998093,0,12
2024-12-31,-0.0036380159,0.0001231912,7014155006.0,19,5,17.3999996185,1,12
2025-01-02,-0.0024570066,6.7722e-06,384186413.8,2,1,17.3500003815,3,1
2025-01-03,0.0125034164,0.000102228,5785144500.71,12,5,17.9300003052,4,1
2025-01-06,0.0057605762,6.34918e-05,3637967813.73,3,4,16.1299991608,0,1
2025-01-07,-0.0113040524,1.83896e-05,1059762318.08,8,2,16.0400009155,1,1
2025-01-08,0.0014609948,3.69178e-05,2103458986.4,3,3,17.8199996948,2,1
2025-01-10,-0.0152674348,5.1069e-06,291400575.39,2,1,17.7000007629,4,1
2025-01-13,0.0015504564,7.24006e-05,4068112678.15,4,4,19.5400009155,0,1
2025-01-14,0.0013759916,5.18971e-05,2920562665.87,7,4,19.1900005341,1,1
2025-01-15,0.018189984,1.06589e-05,600666233.76,5,2,18.7099990845,2,1
2025-01-16,-0.0019231664,3.66733e-05,2104257385.58,2,3,16.1200008392,3,1
2025-01-17,0.010039893,1.73205e-05,991912188.33,6,2,16.6000003815,4,1
2025-01-21,0.0091535368,3.38702e-05,1959160907.43,3,3,15.970000267,1,1
2025-01-22,0.0056214488,3.0003e-05,1751354927.56,3,3,15.0600004196,2,1
2025-01-24,-0.0029192772,5.55817e-05,3280494997.2,2,4,15.0200004578,4,1
2025-01-28,0.0085923961,0.0001693789,9826753686.71,8,5,17.8999996185,1,1
2025-01-29,-0.0044829317,1.73716e-05,1016495966.68,1,2,16.4099998474,2,1
2025-01-30,0.00536711,9.188e-07,53524081.3,1,1,16.5599994659,3,1
2025-01-31,-0.005321914,2.6888e-06,157469647.79,1,1,15.8400001526,4,1
2025-02-03,-0.0067295666,1.73461e-05,1010469742.97,2,2,16.4300003052,0,2
2025-02-04,0.0067082818,1.79135e-05,1036500864.05,5,2,18.6200008392,1,2
2025-02-10,0.0067912111,1.4439e-05,839655759.43,1,2,16.5400009155,0,2
2025-02-11,0.0007605555,0.0001035527,6062683396.84,4,5,15.8100004196,1,2
2025-02-13,0.0105575366,6.18365e-05,3611411075.57,1,4,15.8900003433,3,2
2025-02-14,-4.91501e-05,5.5143e-06,325451897.97,2,1,15.1000003815,4,2
2025-02-18,0.002935834,3.47315e-05,2049724159.09,6,3,14.7700004578,1,2
2025-02-21,-0.0171041029,6.65069e-05,3929366649.56,14,4,15.6599998474,4,2
2025-02-25,-0.004973178,4.22623e-05,2443069201.42,9,3,18.9799995422,1,2
2025-02-26,0.000504826,2.4418e-06,140454618.04,1,1,19.4300003052,2,2
2025-02-27,-0.0159619043,6.1119e-06,351730995.53,1,1,19.1000003815,3,2
2025-02-28,0.0156055125,7.50321e-05,4249090472.17,9,4,21.1299991608,4,2
2025-03-03,-0.0175198985,8.4775e-06,487573076.72,2,1,19.6299991608,0,3
2025-03-04,-0.0118369117,0.0001923683,10870041767.4,23,5,22.7800006866,1,3
2025-03-05,0.0107478632,3.5459e-06,197992205.22,2,1,23.5100002289,2,3
2025-03-07,0.0056048625,2.74057e-05,1519256722.76,2,3,24.8700008392,4,3
2025-03-10,-0.0266355853,1.25316e-05,698595620.36,3,2,23.3700008392,0,3
2025-03-11,-0.0083128796,3.74775e-05,2033595304.16,12,3,27.8600006104,1,3
2025-03-12,0.005306541,3.1996e-06,172171603.01,2,1,26.9200000763,2,3
2025-03-13,-0.0133304924,0.000141244,7640760570.8,4,5,24.2299995422,3,3
2025-03-14,0.0206557887,3.80146e-05,2029029271.74,9,3,24.6599998474,4,3
2025-03-17,0.0077113535,0.0001038571,5657883163.38,7,5,21.7700004578,0,3
2025-03-18,-0.0108084362,9.35758e-05,5137091175.93,17,5,20.5100002289,1,3
2025-03-19,0.0108908508,9.5651e-06,519427706.38,2,2,21.7000007629,2,3
2025-03-20,-0.002891779,1.6193e-06,88893941.71,1,1,19.8999996185,3,3
2025-03-21,-0.0026702679,8.14391e-05,4457731723.02,18,4,19.7999992371,4,3
2025-03-24,0.017908502,2.5363e-06,138459655.29,2,1,19.2800006866,0,3
2025-03-25,0.0024038546,7.83293e-05,4352635821.49,12,4,17.4799995422,1,3
2025-03-26,-0.0119382665,3.6027e-05,2006777974.86,4,3,17.1499996185,2,3
2025-03-27,-0.0026557092,3.47756e-05,1913945669.95,5,3,18.3299999237,3,3
2025-03-28,-0.020138329,0.0001429414,7846181423.89,22,5,18.6900005341,4,3
2025-03-31,0.006712813,0.0001512122,8133019738.38,9,5,21.6499996185,0,3
2025-04-01,0.0028244266,0.0001390001,7526369615.12,24,5,22.2800006866,1,4
2025-04-02,0.0063284115,1.83407e-05,995887341.92,5,2,21.7700004578,2,4
2025-04-03,-0.0492808162,7.981e-07,43608966.89,1,1,21.5100002289,3,4
2025-04-04,-0.0585429713,6.77687e-05,3520598635.31,8,4,30.0200004578,4,4
2025-04-07,-0.0017811786,0.0001004868,4914701519.03,5,5,45.3100013733,0,4
2025-04-08,-0.0156627817,8.9222e-06,435597650.99,3,2,46.9799995422,1,4
2025-04-09,0.1050193018,1.34316e-05,645484136.98,4,2,52.3300018311,2,4
2025-04-11,0.0178428172,1.19517e-05,606870964.83,3,2,40.7200012207,4,4
2025-04-14,0.0097014508,1.48629e-05,768161920.69,2,2,37.5600013733,0,4
2025-04-15,-0.0028008788,3.52974e-05,1841975754.0,9,3,30.8899993896,1,4
2025-04-21,-0.0238026802,9.4999e-06,484059239.07,4,2,29.6499996185,0,4
2025-04-22,0.0260177376,0.000117292,5834260757.56,6,5,33.8199996948,1,4
2025-04-23,0.0154954631,5.50791e-05,2810992070.2,3,4,30.5699996948,2,4
2025-04-25,0.0072253237,9.9073e-06,524267566.86,3,2,26.4699993134,4,4
2025-04-28,0.0003813035,0.0001524585,8125968755.0,8,5,24.8400001526,0,4
2025-04-29,0.0062994134,2.2487e-05,1199003980.43,2,3,25.1499996185,1,4
2025-05-01,0.007086942,9.972e-07,53524081.3,1,1,24.7000007629,3,5
2025-05-02,0.0148441984,2.913e-06,157469647.79,1,1,24.6000003815,4,5
2025-05-05,-0.0057343495,1.24306e-05,681942026.35,7,2,22.6800003052,0,5
2025-05-09,-0.0012741491,6.63659e-05,3629906688.56,4,4,22.4799995422,4,5
2025-05-13,0.0066039498,2.20028e-05,1241639655.52,1,3,18.3899993896,1,5
2025-05-15,0.0048843496,6.89108e-05,3919380231.81,4,4,18.6200008392,3,5
2025-05-16,0.0063340279,2.60413e-05,1488365104.73,3,3,17.8299999237,4,5
2025-05-19,0.0010938461,1.08758e-05,625533779.11,4,2,17.2399997711,0,5
2025-05-20,-0.0033621923,1.51555e-05,872639349.82,4,2,18.1399993896,1,5
2025-05-22,0.0003946771,6.7561e-06,381164996.67,2,1,20.8700008392,3,5
2025-05-23,-0.0068257753,4.65248e-05,2625886986.56,8,4,20.2800006866,4,5
2025-05-27,0.0207905914,0.0001537542,8618743323.69,9,5,22.2900009155,1,5
2025-05-28,-0.0057854078,3.6641e-06,209664275.84,2,1,18.9599990845,2,5
2025-05-29,0.0039474034,6.8136e-06,387621913.44,1,1,19.3099994659,3,5
2025-05-30,-0.0011185038,3.21277e-05,1834947577.34,9,3,19.1800003052,4,5
2025-06-02,0.0056329548,9.48079e-05,5408825108.3,9,5,18.5699996948,0,6
2025-06-03,0.0057026282,7.71617e-05,4426901803.15,14,4,18.3600006104,1,6
2025-06-04,-0.0002684732,7.0099e-06,404462302.41,3,1,17.6900005341,2,6
2025-06-05,-0.0048327906,4.2493e-06,245116045.07,1,1,17.6100006104,3,6
2025-06-06,0.0102689942,0.0001634742,9384181062.33,13,5,18.4799995422,4,6
2025-06-09,0.0009012552,5.1113e-06,296426510.07,1,1,16.7700004578,0,6
2025-06-10,0.0056697313,5.75706e-05,3341765528.38,14,4,17.1599998474,1,6
2025-06-11,-0.0028520788,1.2707e-06,74180198.09,1,1,16.9500007629,2,6
2025-06-12,0.0039743493,0.0001270958,7398121490.28,3,5,17.2600002289,3,6
2025-06-13,-0.0111801242,1.68608e-05,985353341.51,6,2,18.0200004578,4,6
2025-06-16,0.0095142256,0.0001026546,5932102661.04,6,5,20.8199996948,0,6
2025-06-17,-0.0085451043,6.91322e-05,4032952197.88,18,4,19.1100006104,1,6
2025-06-18,-0.000150665,3.13095e-05,1810891331.32,7,3,21.6000003815,2,6
2025-06-20,-0.0052891891,0.0001027542,5942233065.41,18,5,20.1399993896,4,6
2025-06-23,0.0098774901,5.4349e-05,3126355782.08,3,4,20.6200008392,0,6
2025-06-24,0.0110472459,5.32975e-05,3096152020.41,9,4,19.8299999237,1,6
2025-06-25,0.0005602785,7.5613e-06,444105262.65,1,1,17.4799995422,2,6
2025-06-26,0.007823824,3.93271e-05,2311118750.44,2,3,16.7600002289,3,6
2025-06-27,0.0049683398,5.34776e-05,3167282206.59,10,4,16.5900001526,4,6
2025-06-30,0.0047811917,0.0001014061,6035755520.86,9,5,16.3199996948,0,6
2025-07-01,-0.0003236241,0.0001257262,7519080258.3,22,5,16.7299995422,1,7
2025-07-02,0.0045332918,9.9985e-06,597765839.48,3,2,16.8299999237,2,7
2025-07-03,0.0078813999,4.7598e-06,285859891.23,2,1,16.6399993896,3,7
2025-07-08,-0.0005477312,6.9095e-06,415116892.96,3,1,17.7900009155,1,7
2025-07-09,0.005996664,8.9596e-06,537988094.12,2,2,16.8099994659,2,7
2025-07-11,-0.0035154073,1.81182e-05,1097541693.25,5,2,15.779999733,4,7
2025-07-14,0.0019082173,2.03725e-05,1229760129.4,4,2,16.3999996185,0,7
2025-07-15,-0.0042732717,6.59069e-05,3985976887.97,10,4,17.2000007629,1,7
2025-07-18,-0.0007323753,6.13328e-05,3728517642.56,15,4,16.5200004578,4,7
2025-07-21,0.0018961764,0.0001039027,6311777052.19,8,5,16.4099998474,0,7
2025-07-22,0.0001430822,4.4648e-06,271738220.91,3,1,16.6499996185,1,7
2025-07-23,0.0085075164,4.61796e-05,2810992070.2,3,4,16.5,2,7
2025-07-25,0.0042243195,1.44451e-05,887062885.37,4,2,15.3900003433,4,7
2025-07-28,-0.0002510958,0.000126451,7798041964.23,7,5,14.9300003052,0,7
2025-07-29,-0.0026375996,8.481e-07,52286933.04,1,1,15.029999733,1,7
2025-07-31,-0.0037512291,8.715e-07,53524081.3,1,1,15.4799995422,3,7
2025-08-01,-0.0163904033,2.5738e-06,157469647.79,1,1,16.7199993134,4,8
2025-08-04,0.0151997887,8.7584e-06,527081373.81,1,2,20.3799991608,0,8
2025-08-05,-0.0050699689,5.36717e-05,3279047254.95,7,4,17.5200004578,1,8
2025-08-08,0.0077975369,1.53418e-05,938901959.29,3,2,16.5699996948,4,8
2025-08-11,-0.0019774785,6.9966e-06,431525357.46,1,1,15.1499996185,0,8
2025-08-12,0.0106460242,6.52891e-05,4018822401.72,3,4,16.25,1,8
2025-08-14,9.30353e-05,6.01684e-05,3755867518.59,1,4,14.4899997711,3,8
2025-08-15,-0.0023412819,1.53942e-05,961035713.06,5,2,14.8299999237,4,8
2025-08-18,-0.0002176033,5.13187e-05,3196239421.53,8,4,15.0900001526,0,8
2025-08-19,-0.0054251365,2.70176e-05,1682347739.68,7,3,14.9899997711,1,8
2025-08-21,-0.0040118438,4.6872e-06,289511859.03,1,1,15.6899995804,3,8
2025-08-22,0.0153567933,3.31187e-05,2037410001.77,5,3,16.6000003815,4,8
2025-08-25,-0.0044010272,1.22868e-05,767471653.96,3,2,14.220000267,0,8
2025-08-26,0.0041869699,7.58897e-05,4719453496.34,9,4,14.7899999619,1,8
2025-08-27,0.0022785538,1.1083e-06,69209657.8,1,1,14.6199998856,2,8
2025-08-29,-0.0059637478,3.46896e-05,2178947620.93,9,3,14.4300003052,4,8
2025-09-02,-0.0074102292,0.0001889217,11795899763.66,20,5,15.3599996567,1,9
2025-09-03,0.0054195427,6.9715e-06,432060871.06,3,1,17.1700000763,2,9
2025-09-04,0.0083574191,8.2537e-06,514296112.12,2,1,16.3500003815,3,9
2025-09-05,-0.0028962363,7.07741e-05,4446876937.05,9,4,15.3000001907,4,9
2025-09-08,0.0024566264,2.2769e-06,142650011.35,1,1,15.1800003052,0,9
2025-09-09,0.0023118536,1.00197e-05,629273939.68,4,2,15.1099996567,1,9
2025-09-10,0.0028908475,1.03805e-05,653440644.6,3,2,15.0399999619,2,9
2025-09-11,0.0083101804,0.0001171866,7398121490.28,3,5,15.3500003815,3,9
2025-09-12,-0.0003345829,3.8046e-05,2421844686.95,6,3,14.7100000381,4,9
2025-09-15,0.0053239229,0.0001155685,7354133514.25,9,5,14.7600002289,0,9
2025-09-16,-0.0013768489,7.06142e-05,4517420001.86,17,4,15.6899995804,1,9
2025-09-17,-0.0012424353,8.1307e-06,519427706.38,2,1,16.3600006104,2,9
2025-09-18,0.0046724978,1.38935e-05,886486786.55,4,2,15.720000267,3,9
2025-09-19,0.0021743763,2.3839e-06,152818872.28,1,1,15.6999998093,4,9
2025-09-22,0.0047310752,4.63331e-05,2976590427.05,4,4,15.4499998093,0,9
2025-09-23,-0.0054435918,7.46843e-05,4820663807.87,12,4,16.1000003815,1,9
2025-09-24,-0.0031815659,3.6099e-06,231740126.15,2,1,16.6399993896,2,9
2025-09-25,-0.0046135046,2.28446e-05,1461860318.11,3,3,16.1800003052,3,9
2025-09-26,0.0057290777,1.45296e-05,925484562.75,6,2,16.7399997711,4,9
2025-09-29,0.0028104097,4.2407e-05,2716650102.85,5,3,15.2899999619,0,9
2025-09-30,0.0037668756,0.0001035071,6649432644.12,14,5,16.1200008392,1,9
2025-10-01,0.0034075168,1.7454e-05,1125491100.4,4,2,16.2800006866,2,10
2025-10-02,0.0011518565,1.32229e-05,855559177.64,4,2,16.2900009155,3,10
2025-10-03,-1.48662e-05,0.0001720503,11145002575.96,18,5,16.6299991608,4,10
2025-10-06,0.0035862634,1.33522e-05,864913145.03,3,2,16.6499996185,0,10
2025-10-07,-0.0037074944,2.2363e-06,145379414.6,2,1,16.3700008392,1,10
2025-10-08,0.0059630414,5.64e-06,365288708.35,3,1,17.2399997711,2,10
2025-10-09,-0.0028970187,2.3923e-06,155870578.09,1,1,16.2999992371,3,10
2025-10-10,-0.0270277644,1.069e-05,694480388.56,4,2,16.4300003052,4,10
2025-10-13,0.0153440296,1.54083e-05,973948347.26,3,2,21.6599998474,0,10
2025-10-14,-0.0012216421,3.25757e-05,2090686287.8,6,3,19.0300006866,1,10
2025-10-15,0.004439549,1.16631e-05,747618535.93,5,2,20.8099994659,2,10
2025-10-17,0.0056763138,1.34855e-05,862357104.43,4,2,25.3099994659,4,10
2025-10-20,0.0104004771,1.6043e-05,1031723878.41,4,2,20.7800006866,0,10
2025-10-21,-1.4911e-05,6.29963e-05,4093428871.02,7,4,18.2299995422,1,10
2025-10-22,-0.0051989309,4.32607e-05,2810992070.2,3,3,17.8700008392,2,10
2025-10-24,0.008172547,6.02015e-05,3914509993.44,1,4,17.2999992371,4,10
2025-10-27,0.0117976969,3.40246e-05,2230475534.62,3,3,16.3700008392,0,10
2025-10-28,0.0026560145,9.65632e-05,6404868318.05,8,5,15.7899999619,1,10
2025-10-30,-0.0109981196,8.044e-07,53524081.3,1,1,16.9200000763,3,10
2025-11-03,0.0018767107,1.8328e-06,120999341.16,1,1,17.4400005341,0,11
2025-11-04,-0.011853596,1.68614e-05,1115285999.13,5,2,17.1700000763,1,11
2025-11-07,0.000984579,1.1683e-05,758028399.8,2,2,19.5,4,11
2025-11-10,0.0156043224,1.29283e-05,839655759.43,1,2,19.0799999237,0,11
2025-11-11,0.0022892662,3.80508e-05,2509847758.03,2,3,17.6000003815,1,11
2025-11-12,0.0005563761,1.96096e-05,1296417875.62,1,2,17.2800006866,2,11
2025-11-13,-0.0165940279,5.67796e-05,3755867518.59,1,4,17.5100002289,3,11
2025-11-14,-0.0001636589,1.81429e-05,1180202503.96,5,2,20.0,4,11
2025-11-17,-0.0093164613,4.649e-06,302369285.09,2,1,19.8299999237,0,11
2025-11-18,-0.0083975032,3.89077e-05,2506974123.41,7,3,22.3799991608,1,11
2025-11-20,-0.0152422551,4.5138e-06,289511859.03,1,1,23.6599998474,3,11
2025-11-21,0.0099612274,5.672e-05,3582553880.96,8,4,26.4200000763,4,11
2025-11-25,0.0094059475,8.86043e-05,5735368551.98,11,5,20.5200004578,1,11
2025-11-26,0.0069034592,8.4768e-06,553866938.54,3,1,18.5599994659,2,11
2025-11-28,0.0054584834,5.11674e-05,3366308102.24,9,4,17.1900005341,4,11
2025-12-01,-0.0045654678,1.76363e-05,1166625669.23,7,2,16.3500003815,0,12
2025-12-02,0.00185222,0.0001612033,10614784679.61,21,5,17.2399997711,1,12
2025-12-03,0.0034627753,4.0958e-06,270193203.07,2,1,16.5900001526,2,12
2025-12-04,0.0007311117,2.0283e-06,134269099.34,1,1,16.0799999237,3,12
2025-12-05,0.0018994839,9.2419e-05,6122385831.04,15,5,15.779999733,4,12
2025-12-08,-0.0030042695,7.1549e-06,474881384.67,2,1,15.4099998474,0,12
2025-12-09,-0.0008630792,4.78366e-05,3165464794.01,9,4,16.6599998474,1,12
2025-12-10,0.0066321584,1.18544e-05,783757585.36,4,2,16.9300003052,2,12
2025-12-11,0.0023270003,0.0001246799,8297920850.53,5,5,15.7700004578,3,12
2025-12-12,-0.0107520254,2.49392e-05,1663659069.29,5,3,14.8500003815,4,12
2025-12-15,-0.0015108385,9.12555e-05,6022081319.12,6,5,15.7399997711,0,12
2025-12-16,-0.0027323394,2.9124e-05,1919031868.27,14,3,16.5,1,12
2025-12-17,-0.0110035364,1.86708e-05,1226892121.58,4,2,16.4799995422,2,12
2025-12-18,0.0075513049,1.5629e-05,1015707995.04,2,2,17.6200008392,3,12
2025-12-19,0.0060905234,0.0001191756,7803543909.15,23,5,16.8700008392,4,12
2025-12-22,0.0062298742,4.86399e-05,3204306419.15,4,4,14.9099998474,0,12
2025-12-23,0.0045704844,0.0001082265,7174178335.26,16,5,14.0799999237,1,12
2025-12-26,-0.000101404,3.7032e-05,2474692127.44,4,3,13.470000267,4,12
2025-12-29,-0.0035636482,1.02601e-05,685570383.25,2,2,13.6000003815,0,12
2025-12-30,-0.0012211468,4.05366e-05,2698963361.0,9,3,14.1999998093,1,12
2025-12-31,-0.0074089559,5.56184e-05,3698600387.29,5,4,14.3299999237,2,12
2026-01-02,0.0018330596,0.0001187193,7836290088.24,20,5,14.9499998093,4,1
2026-01-05,0.0066601108,4.06234e-05,2686338565.86,4,3,14.5100002289,0,1
2026-01-06,0.0059472271,3.98721e-05,2654220401.58,6,3,14.8999996185,1,1
2026-01-07,-0.0032234002,1.94893e-05,1305088407.01,3,2,14.75,2,1
2026-01-09,0.0066133885,4.627e-06,308815699.84,3,1,15.4499998093,4,1
2026-01-13,-0.001999473,8.48842e-05,5711725195.44,8,4,15.1199998856,1,1
2026-01-14,-0.0049152227,1.13883e-05,764769030.95,2,2,15.9799995422,2,1
2026-01-15,0.002723224,7.9755e-06,532955277.38,4,1,16.75,3,1
2026-01-16,-0.0008378844,2.98262e-05,1998528631.47,6,3,15.8400001526,4,1
2026-01-20,-0.02035676,6.63904e-05,4444815965.93,14,4,15.8599996567,1,1
2026-01-21,0.0115410832,2.73752e-05,1795452723.24,3,3,20.0900001526,2,1
2026-01-23,0.0003628552,2.3203e-06,154739790.34,2,1,15.6400003433,4,1
2026-01-27,0.0039842505,3.99614e-05,2679541232.79,4,3,16.1499996185,1,1
2026-01-29,-0.0019844194,7.951e-07,53524081.3,1,1,16.3500003815,3,1
2026-01-30,-0.0029825477,7.57242e-05,5087158605.37,4,4,16.8799991608,4,1
2026-02-02,0.0049713175,2.19183e-05,1468081369.59,3,3,17.4400005341,0,2
2026-02-03,-0.0084553631,6.29907e-05,4240070993.61,7,4,16.3400001526,1,2
2026-02-04,-0.0048439179,1.72987e-05,1154576294.01,1,2,18.0,2,2
2026-02-09,0.0048217791,1.25605e-05,839655759.43,1,2,20.3700008392,0,2
2026-02-10,-0.0026371022,9.80576e-05,6586659893.04,5,5,17.3600006104,1,2
2026-02-12,-0.0154488729,5.60755e-05,3755867518.59,1,4,17.6499996185,3,2
2026-02-13,0.0007045378,9.168e-06,604576490.45,3,2,20.8199996948,4,2
2026-02-17,0.0016134589,3.4942e-05,2305840045.2,6,3,20.6000003815,1,2
2026-02-20,0.0072317852,3.86749e-05,2562395367.65,6,3,20.2299995422,4,2
2026-02-23,-0.0102113022,8.5472e-06,570389470.55,3,2,19.0900001526,0,2
2026-02-24,0.0072685134,3.52436e-05,2327920817.5,7,3,21.0100002289,1,2
2026-02-26,-0.005554406,6.2941e-06,422297546.83,2,1,17.9300003052,3,2
2026-02-27,-0.0048019696,4.84711e-05,3234050299.74,10,4,18.6299991608,4,2
2026-03-02,0.0005685428,7.35411e-05,4883191542.54,3,4,19.8600006104,0,3
2026-03-03,-0.0088143415,0.0001016875,6755975074.9,19,5,21.4400005341,1,3
2026-03-04,0.0070553815,4.4946e-06,295983610.14,3,1,23.5699996948,2,3
2026-03-05,-0.0055755948,1.4318e-06,94954892.28,1,1,21.1499996185,3,3
2026-03-06,-0.0131070918,2.04569e-05,1349090129.32,1,2,23.75,4,3
2026-03-09,0.0087599491,1.43564e-05,934364042.21,3,2,29.4899997711,0,3
2026-03-10,-0.0016070692,4.2773e-05,2808202680.36,11,3,25.5,1,3
2026-03-11,-0.0012551694,1.1317e-06,74180198.09,1,1,24.9300003052,2,3
2026-03-12,-0.0151849234,0.0001289107,8439242867.33,4,5,24.2299995422,3,3
2026-03-13,-0.0056601801,4.28867e-05,2764976609.1,12,3,27.2900009155,4,3
2026-03-16,0.0101768885,8.08005e-05,5179861134.97,3,4,27.1900005341,0,3
2026-03-17,0.0026305975,7.46989e-05,4837440505.41,19,4,23.5100002289,1,3
2026-03-18,-0.013953675,1.15068e-05,747133830.33,4,2,22.3700008392,2,3
2026-03-20,-0.0170202799,7.86911e-05,5025670197.42,20,4,24.0599994659,4,3
2026-03-23,0.0105000192,1.1199e-05,703061154.09,2,2,26.7800006866,0,3
2026-03-24,-0.0033568498,8.55181e-05,5425088615.54,15,4,26.1499996185,1,3
2026-03-25,0.0055727589,6.2276e-06,393739238.58,4,1,26.9500007629,2,3
2026-03-26,-0.0178587442,9.25199e-05,5882165891.45,6,5,25.3299999237,3,3
2026-03-27,-0.0170518835,5.39707e-05,3370033195.32,10,4,27.4400005341,4,3
2026-03-30,-0.0033434624,6.31705e-05,3877226445.56,6,4,31.0499992371,0,3
2026-03-31,0.0290679257,0.0001824934,11163473849.05,21,5,30.6100006104,1,3
2026-04-01,0.0075344638,2.4922e-05,1568842581.93,6,3,25.25,2,4
2026-04-02,0.0009004744,7.7717e-06,492915802.18,2,1,24.5400009155,3,4
2026-04-06,0.0047267973,8.12117e-05,5155439194.48,4,4,23.8700008392,0,4
2026-04-07,0.0004400741,5.9324e-06,378375397.71,3,1,24.1700000763,1,4
2026-04-08,0.0254695546,9.1591e-06,584439017.67,4,2,25.7800006866,2,4
2026-04-09,0.0057690912,3.9397e-06,257792665.49,1,1,21.0400009155,3,4
2026-04-10,-0.0006617805,1.04776e-05,689554322.47,3,2,19.4899997711,4,4
2026-04-13,0.0097723978,2.6956e-06,177283299.97,1,1,19.2299995422,0,4
2026-04-14,0.0121848808,2.99902e-05,1991697284.21,5,3,19.1200008392,1,4
2026-04-15,0.0078909949,9.4671e-06,636387746.44,5,2,18.3600006104,2,4
2026-04-17,0.0120856851,1.27392e-05,865217648.74,2,2,17.9400005341,4,4
2026-04-20,-0.0019996676,4.09533e-05,2815069398.5,8,3,17.4799995422,0,4
2026-04-21,-0.0065469492,9.699e-07,66536553.21,1,1,18.8700008392,1,4
2026-04-22,0.0101266968,4.41825e-05,3011122599.6,4,3,19.5,2,4
2026-04-24,0.007749298,5.85185e-05,4012901374.77,2,4,19.3099994659,4,4
2026-04-27,0.0017228065,5.91207e-05,4085613136.1,5,4,18.7099990845,0,4
2026-04-28,-0.0048659487,8.35949e-05,5786887735.08,5,4,18.0200004578,1,4
2026-04-30,0.0099496274,7.771e-07,53524081.3,1,1,18.8099994659,3,4
2026-05-01,0.0027691138,2.2871e-06,159098644.15,1,1,16.8899993896,4,5
2026-05-04,-0.0036633797,8.1549e-06,568851886.59,2,1,16.9899997711,0,5
2026-05-05,0.0080221859,3.0014e-06,208598033.19,4,1,18.2900009155,1,5
2026-05-08,0.008256073,2.05474e-05,1455041174.32,4,2,17.0799999237,4,5
2026-05-11,0.0022775856,1.17601e-05,839655759.43,1,2,17.1900005341,0,5
2026-05-12,-0.00151494,3.55567e-05,2544472549.83,1,3,18.3799991608,1,5
2026-05-14,0.0078942563,5.42825e-05,3900323961.61,1,4,17.8700008392,3,5
2026-05-15,-0.0120293519,1.92176e-05,1391728243.37,6,2,17.2600002289,4,5
2026-05-18,-0.0007034356,3.39894e-05,2431887797.8,6,3,18.4300003052,0,5
2026-05-19,-0.0066608594,2.78084e-05,1988250711.32,5,3,17.8199996948,1,5
2026-05-21,0.0019830971,4.4385e-06,318463044.93,1,1,17.4400005341,3,5
2026-05-22,0.0039315544,5.25371e-05,3776999457.57,9,4,16.7600002289,4,5
2026-05-26,0.0066386086,0.0001386805,10009227082.21,12,5,16.7000007629,1,5
2026-05-27,-0.0001732036,3.06e-06,222321171.0,2,1,17.0100002289,2,5
2026-05-29,0.0024913927,3.5627e-05,2602264419.58,9,3,15.7399997711,4,5
2026-06-01,0.0027231356,1.42952e-05,1046753636.04,5,2,15.3199996948,0,6
2026-06-02,0.0013579104,0.0001335413,9805049254.52,22,5,16.0499992371,1,6
2026-06-03,-0.0070171505,2.4841e-06,182638270.77,1,1,15.7700004578,2,6
2026-06-04,0.0037786867,3.1397e-06,229223991.62,2,1,16.0599994659,3,6
2026-06-05,-0.0258093996,7.68403e-05,5631091796.0,11,4,15.3999996185,4,6
2026-06-08,0.0022642301,8.0107e-06,571897182.25,3,1,21.5100002289,0,6
2026-06-09,-0.0029355036,4.13413e-05,2958106191.79,15,3,18.9200000763,1,6
2026-06-10,-0.0157655455,9.3188e-06,664835160.76,3,2,19.8700008392,2,6
2026-06-11,0.0169968394,0.0001180307,8287931728.54,4,5,22.2199993134,3,6
2026-06-12,0.0054082495,2.7394e-06,195622631.82,3,1,19.4400005341,4,6
2026-06-15,0.0176339968,9.14732e-05,6567608195.62,7,5,17.6800003052,0,6
2026-06-16,-0.0059616071,5.04942e-05,3689325082.9,18,4,16.2000007629,1,6
2026-06-17,-0.0124878319,1.22165e-05,887264950.48,5,2,16.4099998474,2,6
2026-06-18,0.0078006479,1.32304e-05,948906359.27,3,2,18.4400005341,3,6
2026-06-22,-0.0031469797,3.73026e-05,2696278182.59,2,3,16.3999996185,0,6
2026-06-23,-0.014521954,8.76632e-05,6316462052.49,13,4,17.2800006866,1,6
2026-06-25,0.0014456352,4.12074e-05,2924671650.37,4,3,18.6299991608,3,6
2026-06-26,-0.0072313736,9.34614e-05,6642960964.08,7,5,18.8899993896,4,6
2026-06-29,0.0164748624,2.79104e-05,1969440260.73,5,3,18.4099998474,0,6
2026-06-30,0.007786801,0.0001115427,8000462795.17,15,5,17.6499996185,1,6
2026-07-01,-0.0013525044,1.64544e-05,1189393202.0,4,2,16.4500007629,2,7
2026-07-02,-0.0013140695,8.729e-06,630114257.76,3,2,16.5900001526,3,7
2026-07-06,0.0087274091,1.16395e-05,839108826.31,4,2,16.1499996185,0,7
2026-07-07,-0.0047518997,2.203e-06,160200316.37,1,1,15.5699996948,1,7
2026-07-08,-0.0030894297,4.3764e-06,316742658.45,1,1,16.1299991608,2,7
2026-07-09,0.00846525,3.5729e-06,257792665.49,1,1,16.8999996185,3,7
2026-07-10,0.0043101597,1.38314e-05,1006405181.4,6,2,15.8400001526,4,7
2026-07-13,-0.0076561749,4.00737e-05,2928419591.11,4,3,15.029999733,0,7
2026-07-14,0.0035506417,2.77126e-05,2009621189.19,5,3,17.1599998474,1,7
2026-07-15,0.0039636359,1.31496e-05,956949589.73,4,2,16.5,2,7
2026-07-17,-0.009897156,1.41909e-05,1031204872.41,3,2,16.7299995422,4,7
2026-07-20,-0.0016143782,4.46052e-05,3209221744.78,7,3,18.7700004578,0,7
2026-07-21,0.0083413093,3.2849e-06,235955829.41,2,1,18.6499996185,1,7
2026-07-22,-0.0011627414,4.01418e-05,2907479298.74,3,3,17.0499992371,2,7
2026-07-24,0.0010160124,6.43168e-05,4595606713.63,5,4,18.7000007629,4,7
2026-07-27,0.0002165756,2.79405e-05,1998448325.33,3,3,18.5799999237,0,7
2026-07-28,0.0023947807,9.67203e-05,6919436865.47,6,5,18.6700000763,1,7
2026-07-29,-0.0153874735,1.4453e-06,103643300.87,1,1,18.2099990845,2,7
2026-07-30,0.0167657995,7.58e-07,53524081.3,1,1,20.6599998474,3,7
2026-07-31,0.0071998097,2.2161e-06,159098644.15,1,1,17.0900001526,4,7
2026-08-04,0.0180290027,9.4543e-06,693369535.31,4,2,15.8599996567,1,8
2026-08-07,0.0061153485,3.87733e-05,2884471577.08,6,3,15.1499996185,4,8
2026-08-10,-0.0002974167,1.756e-05,1314333652.64,2,2,14.8999996185,0,8
2026-08-11,-0.0031952598,8.43593e-05,6312267941.04,4,4,15.4600000381,1,8
2026-08-13,0.0069774557,5.21617e-05,3900323961.61,1,4,14.5500001907,3,8
2026-08-14,-0.0019797115,6.0278e-06,453868869.02,3,1,14.6300001144,4,8
2026-08-17,-0.0047273666,9.708e-06,729522484.09,4,2,14.25,0,8
2026-08-18,-0.0067557571,3.94095e-05,2947482155.31,7,3,15.1899995804,1,8
2026-08-20,-0.0083998934,4.278e-06,318463044.93,1,1,14.8900003433,3,8
2026-08-21,0.0040912604,5.5104e-05,4067574998.47,10,4,16.0100002289,4,8
2026-08-24,-0.002938411,1.699e-06,125924255.05,1,1,15.1300001144,0,8
2026-08-25,0.0031959377,4.56847e-05,3376128716.44,9,3,15.8500003815,1,8
2026-08-27,0.0065527861,9.818e-07,72804964.7,1,1,15.2100000381,3,8
2026-08-28,-0.0022694852,4.38535e-05,3273183979.27,8,3,14.5100002289,4,8
2026-08-31,-0.0029895209,1.36783e-05,1018618113.52,6,2,14.4300003052,0,8
2026-09-01,-0.0068704238,0.0001052372,7813557707.19,22,5,14.9200000763,1,9
2026-09-02,0.0044369027,3.8058e-06,280629675.69,2,1,16.3400001526,2,9
2026-09-03,0.0104684119,1.8129e-06,134269099.34,1,1,15.1999998093,3,9
2026-09-04,-0.0038542371,0.0001170436,8759480805.41,11,5,14.3199996948,4,9
2026-09-08,-0.0054921259,4.07548e-05,3038311458.81,8,3,14.529999733,1,9
2026-09-09,-0.004647759,4.3066e-06,319296243.16,2,1,15.720000267,2,9
2026-09-10,-0.0059942382,0.0001189831,8780595286.29,5,5,16.4599990845,3,9
2026-09-11,0.0085242875,3.20826e-05,2353405002.98,6,3,17.8400001526,4,9
2026-09-14,-0.0044616222,7.35201e-05,5439011967.34,4,4,15.8400001526,0,9
2026-09-15,-0.0048102646,3.98025e-05,2931449311.93,9,3,17.1000003815,1,9
