year,cusip,ticker,rank,Z,treat,dsh_pct,"car[0,0]","car[-1,+1]","car[-5,+5]","car[-20,+5]","car[-60,0]","car[+1,+20]"
2022,596278101,MIDD,800,1,1,-0.005637504582614446,,,,,,
2022,89531P105,TREX,801,1,1,0.005299708767876609,,,,,,
2022,71943U104,DOCUSD,802,1,0,0.030993154885486734,,,,,,
2022,65336K103,NXST,803,1,1,-0.0293547139644831,,,,,,
2022,127190304,CACI,804,1,1,0.005331540778160096,,,,,,
2022,885160101,THO,805,1,1,0.008325751272168778,,,,,,
2022,896945201,TRIP,806,1,1,0.013449375654626476,,,,,,
2022,29977A105,EVR,807,1,1,-0.06704841127938203,,,,,,
2022,33829M101,FIVE,808,1,1,0.0755819739449793,,,,,,
2022,803607100,SRPT,809,1,1,0.006591001036501584,,,,,,
2022,423452101,HP,810,1,0,0.02764847195566407,,,,,,
2022,447011107,HUN,811,1,1,-0.02109389898852712,,,,,,
2022,780287108,RGLD,812,1,1,-0.05001972319140631,,,,,,
2022,810186106,SMG,813,1,1,0.02114117442211133,,,,,,
2022,87166B102,8IN,814,1,1,0.0037202664987054605,,,,,,
2022,06417N103,OZK,815,1,1,-0.0041958133126410585,,,,,,
2022,243537107,DECK,816,1,1,-0.016163523242662174,,,,,,
2022,759351604,RGA,817,1,1,0.008861671934292681,,,,,,
2022,253393102,DKS,818,1,1,-0.0064910046876482785,,,,,,
2022,25400W102,APPS,819,1,0,0.04768714959532672,,,,,,
2022,00508Y102,AYI,820,1,1,-0.030222113918556646,,,,,,
2022,44980X109,IPGP,821,1,1,-0.07551103328215529,,,,,,
2022,018581108,BFH,822,1,0,0.05353442420464581,,,,,,
2022,412822108,HOG,823,1,1,-0.03904368410015855,,,,,,
2022,749397105,RCMEUR,824,1,0,-0.9916743609634897,,,,,,
2022,536797103,LAD,825,1,1,-0.0348736250889521,,,,,,
2022,388689101,GPK,826,1,1,-0.0031661040170163626,,,,,,
2022,513272104,LW,827,1,1,0.0001739542731174453,,,,,,
2022,717098206,PFSWUSD,828,1,0,0.05034054558940978,,,,,,
2022,867892101,SHO,829,1,0,0.03851944167341526,,,,,,
2022,116794108,BRKR,830,1,1,-0.025053015260514733,,,,,,
2022,750917106,RMBS,831,1,0,0.02386322336359191,,,,,,
2022,147528103,CASY,832,1,1,1.1423756857524882e-05,,,,,,
2022,531229409,LM03,833,1,1,-0.01889745466852886,,,,,,
2022,74039L103,APTSUSD,834,1,0,-0.9997283766050615,,,,,,
2022,86881A100,SGRY,835,1,0,0.017664487089869146,,,,,,
2022,449253103,IAA-WUSD,836,1,1,0.007206408344909446,,,,,,
2022,09739D100,BCC,837,1,0,0.016946748762067712,,,,,,
2022,03784Y200,APLE,838,1,0,-0.011638647702944442,,,,,,
2022,680223104,ORI,839,1,1,0.007934771844269115,,,,,,
2022,632307104,NTRA,840,1,1,-0.05923758562256736,,,,,,
2022,562750109,MANH,841,1,1,-0.00374767425343177,,,,,,
2022,29261A100,EHC,842,1,1,-0.010190206157563577,,,,,,
2022,31847R102,FAF,843,1,1,-0.026495543137999733,,,,,,
2022,05351W103,AGREUR,844,1,1,0.04608279092621899,,,,,,
2022,47233W109,JEF,845,1,1,-0.05325745671741811,,,,,,
2022,57164Y107,VAC,846,1,1,-0.02695582548711498,,,,,,
2022,97650W108,WTFC,847,1,1,0.08477366595831638,,,,,,
2022,98585X104,YETI,848,1,1,-0.000888270566865733,,,,,,
2022,852312305,STAA,849,1,0,0.041278127064783586,,,,,,
2022,172755100,CRUS,850,1,1,0.004433785227588565,,,,,,
2022,094235108,BLMN,851,1,0,-0.051124293839662736,,,,,,
2022,85571B105,STWD,852,1,1,0.00951769158040738,,,,,,
2022,707569109,PENN,853,1,1,0.007531280370006736,,,,,,
2022,860630102,SF,854,1,1,0.011204825904461216,,,,,,
2022,82982L103,SITE,855,1,1,0.00590013635667385,,,,,,
2022,044186104,ASH,856,1,1,-0.03310757269450786,,,,,,
2022,339750101,FND,857,1,1,0.0582041207521586,,,,,,
2022,829073105,SSD,858,1,0,0.004422350676065341,,,,,,
2022,78573L106,SBC,859,1,0,0.02074400773370363,,,,,,
2022,971378104,WSC,860,1,1,-0.014962003075486093,,,,,,
2022,03753U106,APLSUSD,861,1,0,0.006390406454662068,,,,,,
2022,891092108,TTC,862,1,1,0.014422156570611097,,,,,,
2022,382550101,GT,863,1,0,-0.042828515710235895,,,,,,
2022,02361E108,AMRC,864,1,0,0.0560627264237199,,,,,,
2022,533900106,LECO,865,1,1,-0.0037651772667571456,,,,,,
2022,78709Y105,SAIA,866,1,0,0.04124600785598637,,,,,,
2022,40131M109,GH,867,1,1,-0.007516221239226598,,,,,,
2022,371901109,GNTX,868,1,1,-0.01270756036796209,,,,,,
2022,87161C501,SYU1,869,1,1,0.02713850522702727,,,,,,
2022,013091103,ACI,870,1,1,0.15034475496645194,,,,,,
2022,82452J109,FOUR,871,1,1,-0.056270872668628805,,,,,,
2022,95082P105,WCC,872,1,1,0.001845238369435428,,,,,,
2022,92839U206,VC,873,1,0,0.01838753312809953,,,,,,
2022,835495102,SON,874,1,1,-0.007059464823249524,,,,,,
2022,26142R104,DKNG1USD,875,1,0,-0.9570936667104949,,,,,,
2022,04963C209,ATRC,876,1,0,0.008153267900871277,,,,,,
2022,45765U103,NSIT,877,1,0,0.00465401499952358,,,,,,
2022,731068102,PII,878,1,1,0.049634308746133976,,,,,,
2022,47074L105,JAMF,879,1,1,0.0013238826968796067,,,,,,
2022,30161Q104,EXEL,880,1,1,0.02748470142195257,,,,,,
2022,91529Y106,UNM,881,1,1,-0.010932219199464965,,,,,,
2022,739276103,POWI,882,1,0,-0.005964120106667521,,,,,,
2022,858912108,SRCLEUR,883,1,1,0.02334102021598875,,,,,,
2022,96208T104,WEX,884,1,1,-0.006251029038449122,,,,,,
2022,04342Y104,ASAN,885,1,0,-0.09141320912915273,,,,,,
2022,720190206,PDM,886,1,0,-0.0070278900146719175,,,,,,
2022,88677Q109,TTS1EUR,887,1,0,0.08370367992188193,,,,,,
2022,83200N103,SMARGBP,888,1,1,0.023874192424483354,,,,,,
2022,146229109,CRI,889,1,1,0.07673825712459356,,,,,,
2022,554382101,MAC,890,1,0,-0.03340312535345514,,,,,,
2022,63845R107,EYE,891,1,0,0.01615240103147073,,,,,,
2022,88262P102,TPL,892,1,1,0.01395290494679884,,,,,,
2022,826919102,SLAB,893,1,0,-0.04864342077146583,,,,,,
2022,902104108,,894,1,1,-0.011615592784930955,,,,,,
2022,22002T108,CDP,895,1,0,0.027015819897100016,,,,,,
2022,880779103,TEX,896,1,0,-0.017395649279854902,,,,,,
2022,44930G107,ICUI,897,1,1,0.044158956872927486,,,,,,
2022,844895102,SWX,898,1,0,0.011798304580499968,,,,,,
2022,09627Y109,2655787D,899,1,0,0.059708736826560395,,,,,,
2022,688239201,OSK,900,1,1,-0.033982403845234765,,,,,,
2022,08579W103,BERYEUR,901,1,1,-0.03158889783521594,,,,,,
2022,91829F104,VOXXGUSD,902,1,0,-0.05178080116375766,,,,,,
2022,46590V100,JBGS,903,1,1,-0.025356512239821393,,,,,,
2022,004225108,ACAD,904,1,0,0.016891427876209456,,,,,,
2022,894164102,TNL,905,1,1,-0.005984901711468707,,,,,,
2022,32020R109,FFIN,906,1,0,0.0024561615908582496,,,,,,
2022,69366J200,PTCT,907,1,0,-0.007473711279955774,,,,,,
2022,192479103,COHREUR,908,1,1,-0.014880013393828306,,,,,,
2022,451107106,IDA,909,1,1,0.0038276775147118073,,,,,,
2022,31189P102,FATE,910,1,0,0.08144591332130174,,,,,,
2022,88033G407,THC,911,1,1,0.0022881988448899835,,,,,,
2022,68235P108,OGS,912,1,0,0.018912211182546795,,,,,,
2022,92047W101,VVV,913,1,1,-0.021982905488462007,,,,,,
2022,980745103,WWD,914,1,1,-0.024847258466670987,,,,,,
2022,038336103,ATR,915,1,1,-0.008158630983356554,,,,,,
2022,88023U101,SGI,916,1,1,-0.00403580764775225,,,,,,
2022,923451108,VBTX,917,1,0,0.018157091787731745,,,,,,
2022,733174700,BPOP,918,1,1,-0.02533387141594174,,,,,,
2022,922280102,VRNS,919,1,0,-0.016305166724243085,,,,,,
2022,636518102,,920,1,1,0.006359103978833098,,,,,,
2022,349853101,FWRDUSD,921,1,0,0.01763717247194128,,,,,,
2022,302941109,FCN,922,1,1,0.024053680587812664,,,,,,
2022,87162W100,SNX,923,1,1,0.006095259212372186,,,,,,
2022,36467W109,GME,924,1,1,-0.03825297429814761,,,,,,
2022,25659T107,DLB,925,1,1,-0.026986022662317064,,,,,,
2022,10922N103,BHF,926,1,1,-0.03136330101857302,,,,,,
2022,117043109,BC,927,1,1,-0.029164886939238403,,,,,,
2022,78781P105,SAILEUR,928,1,0,-0.14148989343707458,,,,,,
2022,254067101,DDS,929,1,0,-0.09102923380392489,,,,,,
2022,008252108,AMG,930,1,1,-0.02271623771739024,,,,,,
2022,87105L104,SWCHEUR,931,1,1,-0.0007036999663547082,,,,,,
2022,680665205,OLN,932,1,1,0.0074462502234512425,,,,,,
2022,48242W106,KBR,933,1,1,-0.012761003516432792,,,,,,
2022,00404A109,ACHC,934,1,1,0.028791574331625058,,,,,,
2022,617700109,MORN,935,1,1,-0.00540880838163611,,,,,,
2022,46116X101,ITCIEUR,936,1,0,0.006379113523189708,,,,,,
2022,70975L107,PEN,937,1,1,0.02840180435299809,,,,,,
2022,70509V100,PEB,938,1,0,0.007901960543733445,,,,,,
2022,695263103,PACWUSD,939,1,1,0.014594577736304546,,,,,,
2022,25401T108,CLNSEUR,940,1,0,0.20427367682881606,,,,,,
2022,82489T104,SWAVUSD,941,1,0,0.0675683317246725,,,,,,
2022,76131N101,ROICUSD,942,1,0,0.017423488027466776,,,,,,
2022,093712107,BE,943,1,0,0.03353632168650723,,,,,,
2022,10316T104,BOX,944,1,0,0.010697020445661865,,,,,,
2022,515098101,LSTR,945,1,1,0.004474888161824901,,,,,,
2022,771049103,RBLX,946,1,1,0.0729263466311767,,,,,,
2022,410345102,HN9,947,1,1,-0.015272582174092499,,,,,,
2022,83570H108,SONO,948,1,0,-0.0370178181804629,,,,,,
2022,82981J109,SITCUSD,949,1,0,-0.017969131618138776,,,,,,
2022,343412102,FLR,950,1,0,0.021815618975288612,,,,,,
2022,231561101,CW,951,1,1,0.013348448866631312,,,,,,
2022,985817105,YELP,952,1,0,0.0576137507920819,,,,,,
2022,88162G103,TTEK,953,1,1,-0.038100442003271576,,,,,,
2022,75943R102,RLAY,954,1,0,0.06328706857992197,,,,,,
2022,294628102,HP5A,955,1,0,-0.02930176357280391,,,,,,
2022,98139A105,WK,956,1,0,-0.0053419358432933075,,,,,,
2022,489398107,,957,1,0,0.01605554821390839,,,,,,
2022,358039105,FRPT,958,1,1,0.13581427820731615,,,,,,
2022,35086T109,FCPT,959,1,0,0.02145362457725677,,,,,,
2022,46269C102,IRDM,960,1,0,-0.014351552360896724,,,,,,
2022,845467109,SWN1EUR,961,1,1,-0.026811955749801795,,,,,,
2022,501575104,KYMR,962,1,0,0.07971635170868516,,,,,,
2022,45841N107,IBKR,963,1,1,-0.005051356075842552,,,,,,
2022,053807103,AVT,964,1,1,-0.014025291432470818,,,,,,
2022,105368203,BDN,965,1,0,-0.01319663457522707,,,,,,
2022,69327R101,PDCEUSD,966,1,1,-0.015742147592428524,,,,,,
2022,29670E107,EPRT,967,1,0,-0.029226298332236993,,,,,,
2022,879512309,TSAT,968,1,0,-0.01923746308933919,,,,,,
2022,45073V108,ITT,969,1,1,-0.02844558045098306,,,,,,
2022,88076W103,TDC,970,1,1,-0.03421298108629056,,,,,,
2022,379577208,GMED,971,1,1,0.04627099955053671,,,,,,
2022,11135E203,BNL,972,1,0,0.026935999156594937,,,,,,
2022,457187102,INGR,973,1,1,-0.006342879497870033,,,,,,
2022,12508E101,CDK,974,1,1,-0.05490471290910634,,,,,,
2022,225310101,CACC,975,1,1,-0.057698892793901856,,,,,,
2022,24984K105,DMTKQ,976,1,0,-0.248463205444646,,,,,,
2022,74838J101,QDELUSD,977,1,0,-0.9980173902839067,,,,,,
2022,05156V102,AUPH,978,1,0,0.17246444734374075,,,,,,
2022,011659109,ALK,979,1,1,0.005043058906337867,,,,,,
2022,302081104,EXLS,980,1,0,0.013105040601684034,,,,,,
2022,410867105,THG,981,1,1,0.013536596555489338,,,,,,
2022,257651109,DCI,982,1,1,0.008655286782623116,,,,,,
2022,462222100,IONS,983,1,1,-0.005749143544322177,,,,,,
2022,021369103,ALTREUR,984,1,0,0.021673536577928778,,,,,,
2022,67059N108,NTNX,985,1,1,0.043111720597545956,,,,,,
2022,457985208,IART,986,1,1,-0.021289973877079735,,,,,,
2022,15912K100,CHNGUSD,987,1,1,-0.01468556258415109,,,,,,
2022,023436108,AMED,988,1,1,-0.005949110178703842,,,,,,
2022,120076104,BBW,989,1,0,0.1434038505046037,,,,,,
2022,90400D108,RARE,990,1,1,0.00249370444462321,,,,,,
2022,20602D101,CNXC,991,1,1,0.0010158379681415837,,,,,,
2022,08862E109,BYNDEUR,992,1,0,0.02194423049364371,,,,,,
2022,02156K103,OPTU,993,1,1,0.009774481908321437,,,,,,
2022,636180101,NFG,994,1,1,0.0011288285980067397,,,,,,
2022,984017103,XHR,995,1,0,0.024562634391953577,,,,,,
2022,45781V101,IIPR,996,1,0,0.10796524506130767,,,,,,
2022,05605H100,BWXT,997,1,1,0.013077407427841312,,,,,,
2022,91336L107,UNVREUR,998,1,1,-0.0010902675873989526,,,,,,
2022,743606105,PB,999,1,1,-0.013479969865833413,,,,,,
2022,109696104,BCO,1000,1,0,-0.011644012862141262,,,,,,
2022,62886E108,VYX,1001,0,1,0.09128669819852743,,,,,,
2022,754907103,RYN,1002,0,1,0.013607309489130802,,,,,,
2022,92511U102,VRRM,1003,0,0,-0.01809405715161141,,,,,,
2022,13100M509,CALX,1004,0,0,0.004725344866144948,,,,,,
2022,64829B100,NEWREUR,1005,0,1,0.0158421069990736,,,,,,
2022,98421M106,XRX,1006,0,0,0.16115237462951898,,,,,,
2022,74965L101,RLJ,1007,0,0,-0.02293804834520048,,,,,,
2022,68268W103,OMF,1008,0,1,-0.0012513611543295052,,,,,,
2022,419870100,HE,1009,0,1,-0.017126349509258582,,,,,,
2022,43283X105,HGV,1010,0,0,-0.01604826052736252,,,,,,
2022,24823R105,DNLI,1011,0,0,0.06912852564333057,,,,,,
2022,68213N109,OMCL,1012,0,0,0.021544230675834882,,,,,,
2022,552690109,MDU,1013,0,1,0.027454227576323736,,,,,,
2022,047649108,ATKR,1014,0,0,-0.043777992471841026,,,,,,
2022,169905106,CHH,1015,0,1,0.018905742202124324,,,,,,
2022,74758T303,QLYS,1016,0,0,0.004750323163943123,,,,,,
2022,318910106,FBNC,1017,0,0,-0.007575510937501204,,,,,,
2022,457669307,INSM,1018,0,0,0.021009341520301893,,,,,,
2022,141788109,CARG,1019,0,0,-0.0009285582607953771,,,,,,
2022,920253101,VMI,1020,0,1,-0.006121461234926875,,,,,,
2022,74164M108,PRI,1021,0,1,-0.01271494779775365,,,,,,
2022,02553E106,AEO,1022,0,0,-0.007164572133669749,,,,,,
2022,093671105,HRB,1023,0,1,-0.003959137939835384,,,,,,
2022,537008104,LFUS,1024,0,1,0.0139162706543824,,,,,,
2022,74065P101,PRLD,1025,0,0,-0.04024550828998588,,,,,,
2022,344849104,WOO,1026,0,0,0.08958823078675297,,,,,,
2022,099406100,BOOT,1027,0,0,-0.005816438942441128,,,,,,
2022,524660107,LEG1*,1028,0,1,-0.018857209413402812,,,,,,
2022,530307107,LBRDA,1029,0,1,-0.029651540180426227,,,,,,
2022,88224Q107,TCBI,1030,0,0,-0.003146949983272318,,,,,,
2022,83406F102,SOFI,1031,0,1,0.01301469304290066,,,,,,
2022,40637H109,HALO,1032,0,0,0.002564288014363389,,,,,,
2022,75281A109,RRC,1033,0,1,-0.03386068788587652,,,,,,
2022,896288107,TNET,1034,0,0,-0.02312285924585718,,,,,,
2022,816850101,SMTC,1035,0,0,-0.0007118020114126195,,,,,,
2022,343498101,FLO,1036,0,1,0.027165722759494117,,,,,,
2022,448947507,IDT,1037,0,0,0.056451729056092026,,,,,,
2022,808625107,SAIC,1038,0,1,-0.01574628040848375,,,,,,
2022,67000B104,NOVT,1039,0,0,0.007266208143907537,,,,,,
2022,882681109,TXRH,1040,0,0,0.03383180117137521,,,,,,
2022,52110H100,,1041,0,0,-0.02780149695637095,,,,,,
2022,28618M106,ESI,1042,0,1,-0.002407155237106415,,,,,,
2022,78463M107,SPSC,1043,0,0,0.006655477705014785,,,,,,
2022,04523Y105,ASPN,1044,0,0,0.16782149711093464,,,,,,
2022,204166102,CVLT,1045,0,0,0.008973219387659609,,,,,,
2022,901384107,TSVT*,1046,0,0,0.09536653151004282,,,,,,
2022,29978A104,EVBGEUR,1047,0,0,0.036630102628659414,,,,,,
2022,626717102,MUR,1048,0,0,-0.027953676824064057,,,,,,
2022,736508847,POR,1049,0,0,0.07194061553201055,,,,,,
2022,201723103,CMC,1050,0,0,-0.014593162094444397,,,,,,
2022,626755102,MUSA,1051,0,0,-0.01017484089613001,,,,,,
2022,57778K105,MAXRUSD,1052,0,0,0.022536783490957026,,,,,,
2022,00191U102,EFOR,1053,0,0,-0.0008501059654034809,,,,,,
2022,830566105,SKAA,1054,0,1,0.0021443494715137584,,,,,,
2022,75524B104,RBC,1055,0,0,0.010968804921355619,,,,,,
2022,34354P105,FLS,1056,0,1,0.02872695762658236,,,,,,
2022,95058W100,WEN,1057,0,1,0.0022111756406470455,,,,,,
2022,82710M100,SILKUSD,1058,0,0,0.014548747078316477,,,,,,
2022,17243V102,CNK,1059,0,0,0.0699547098013843,,,,,,
2022,64828T201,RITM,1060,0,1,0.0060407894412622285,,,,,,
2022,552848103,MTG,1061,0,1,0.023704941951002683,,,,,,
2022,31188V100,FSLY,1062,0,0,0.08781792691323947,,,,,,
2022,449585108,1K0,1063,0,0,-0.04096114849452711,,,,,,
2022,702149105,PRTY1EUR,1064,0,0,-0.12078772973404914,,,,,,
2022,88087E100,SERVUSD,1065,0,1,-0.003677557686964609,,,,,,
2022,98954M101,ZG,1066,0,1,-0.007969061928581553,,,,,,
2022,092113109,BKH,1067,0,0,-0.008686726364957395,,,,,,
2022,224399105,CR1USD,1068,0,0,-0.9946617456107669,,,,,,
2022,364760108,GAP,1069,0,1,0.006980581278141516,,,,,,
2022,48123V102,ZD,1070,0,0,0.014252561753188751,,,,,,
2022,126117100,CNA,1071,0,1,-0.00020272967979131172,,,,,,
2022,63633D104,NHI,1072,0,0,-0.02563229666016907,,,,,,
2022,441593100,HLI,1073,0,0,-0.03145722589154193,,,,,,
2022,30214U102,EXPO,1074,0,0,-0.010472994817101185,,,,,,
2022,043436104,ABG,1075,0,0,-0.019548474564853098,,,,,,
2022,25402D102,DOCN,1076,0,0,-0.07477765756597211,,,,,,
2022,74340E103,PGNY,1077,0,0,0.01618560669444956,,,,,,
2022,576485205,MTDR,1078,0,0,-0.03588903694446333,,,,,,
2022,53815P108,RAMP,1079,0,0,0.012594409769778474,,,,,,
2022,24790A101,DENUSD,1080,0,0,-0.005801611792714838,,,,,,
2022,84857L101,SR,1081,0,0,-0.0028571081500770802,,,,,,
2022,92343X100,VTY,1082,0,0,0.01589468143074748,,,,,,
2022,465741106,ITRI,1083,0,0,-0.025111936430938592,,,,,,
2022,14174T107,CTRE,1084,0,0,-0.004781181261057491,,,,,,
2022,500688106,KOS,1085,0,0,0.004004910311713081,,,,,,
2022,410120109,HWC,1086,0,0,-0.012090337403515714,,,,,,
2022,302520101,FNB,1087,0,1,0.003994059570181022,,,,,,
2022,553530106,MSM,1088,0,1,-0.03834625383298973,,,,,,
2022,57686G105,MATX,1089,0,0,-0.03446327419464305,,,,,,
2022,838518108,SJIEUR,1090,0,0,-0.01479350464740069,,,,,,
2022,020764106,AMR,1091,0,0,0.08569569704047715,,,,,,
2022,302301106,EZPW,1092,0,0,0.021341923790187095,,,,,,
2022,898202106,TRUP,1093,0,0,0.05549131449877486,,,,,,
2022,01973R101,ALSN,1094,0,1,-0.018372195313656844,,,,,,
2022,029899101,AWR,1095,0,0,-0.007051383159234546,,,,,,
2022,15643U104,LEU,1096,0,0,-0.1058724778531975,,,,,,
2022,127203107,WHD,1097,0,0,0.026429836101851387,,,,,,
2022,03969F109,RCUS,1098,0,0,0.08719573901376072,,,,,,
2022,52603A208,HAPN,1099,0,0,-0.012237550127156695,,,,,,
2022,13462K109,CWH,1100,0,0,-0.1825642374835593,,,,,,
2022,750236101,RDN,1101,0,0,-0.033509744848628197,,,,,,
2022,939653101,ELME,1102,0,0,0.00992900873850267,,,,,,
2022,23345M107,DTM,1103,0,1,0.04052271062918095,,,,,,
2022,049164205,AAWWUSD,1104,0,0,-0.010418889678907679,,,,,,
2022,42226A107,HQY,1105,0,0,0.009146815475669014,,,,,,
2022,70959W103,PAG,1106,0,1,-0.001400249154507969,,,,,,
2022,887389104,TKR,1107,0,1,-0.014820321458822843,,,,,,
2022,600544100,MLKN,1108,0,0,-0.007110303911503531,,,,,,
2022,421298100,HAYW,1109,0,1,-0.05138952771493224,,,,,,
2022,024013104,AAT,1110,0,0,-0.003610795660506888,,,,,,
2022,37637Q105,GBCI,1111,0,0,0.007101442486602662,,,,,,
2022,577933104,MMS,1112,0,0,-0.009967092625278099,,,,,,
2022,15872M104,APY1EUR,1113,0,0,0.029805179220839754,,,,,,
2022,78454L100,SM,1114,0,0,0.051162121687260545,,,,,,
2022,91704F104,UE,1115,0,0,-0.015270004494186194,,,,,,
2022,48666K109,KBH,1116,0,0,0.00997096058420814,,,,,,
2022,91325V108,UNIT,1117,0,0,0.005246081917573583,,,,,,
2022,90353W103,UI,1118,0,1,-0.10018699091120166,,,,,,
2022,29358P101,ENSG,1119,0,0,-0.001465352425880323,,,,,,
2022,149150104,CATY,1120,0,0,-0.002360442033117965,,,,,,
2022,04247X102,AWI,1121,0,1,0.0017829516256408497,,,,,,
2022,553368101,MP,1122,0,1,-0.07004159649098832,,,,,,
2022,05969A105,TBBK,1123,0,0,-0.019218850469761448,,,,,,
2022,04280A100,ARWR,1124,0,0,0.008568322315247106,,,,,,
2022,163072101,CAKE,1125,0,0,0.04855506627241513,,,,,,
2022,74051N102,2655957D,1126,0,1,0.017524146357155636,,,,,,
2022,840441109,SSBUSD,1127,0,0,-0.013700991078733302,,,,,,
2022,198516106,COLM,1128,0,1,0.007987657991912714,,,,,,
2022,919794107,VLY,1129,0,0,0.02757444743545432,,,,,,
2022,35909D109,FYBR,1130,0,1,0.02542085212888375,,,,,,
2022,69924R108,6PM,1131,0,0,0.03411959597291049,,,,,,
2022,633707104,NBHC,1132,0,0,0.021299645574441785,,,,,,
2022,252784301,DRH,1133,0,0,0.003470654330643414,,,,,,
2022,87901J105,TGNA,1134,0,0,0.006443733603900181,,,,,,
2022,44267D107,HHC*,1135,0,1,-0.020170458098775393,,,,,,
2022,147448104,CWST,1136,0,0,0.0034686704214909312,,,,,,
2022,81282V100,PRKS,1137,0,0,-0.04163068343872443,,,,,,
2022,64157F103,NVROEUR,1138,0,0,-0.05702902361864303,,,,,,
2022,562662106,,1139,0,1,0.001127532315992468,,,,,,
2022,867652406,SPWRQ,1140,0,0,0.04889718730181965,,,,,,
2022,92886T201,VG1EUR,1141,0,0,0.058907176581927796,,,,,,
2022,816300107,SIGI,1142,0,0,0.014402548513026017,,,,,,
2022,646025106,NJR,1143,0,0,0.02111598183183905,,,,,,
2022,904214103,UMPQUSD,1144,0,1,0.00042340809608746303,,,,,,
2022,926400102,VSXY,1145,0,1,-0.07289113550592385,,,,,,
2022,38526M106,LOPE,1146,0,1,-0.05303158932468826,,,,,,
2022,001744101,AMN,1147,0,0,-0.021406092506743583,,,,,,
2022,928881101,VNT,1148,0,1,-0.0247831503728826,,,,,,
2022,65341D102,NXRT,1149,0,0,-1.0593959147927865e-05,,,,,,
2022,775133101,ROG,1150,0,0,-0.039369370671274495,,,,,,
2022,69349H107,TXNM,1151,0,0,-0.02192739900009916,,,,,,
2022,680033107,ONB,1152,0,0,0.021950271756699953,,,,,,
2022,91688F104,UPWK,1153,0,0,0.057571779527672694,,,,,,
2022,11275Q107,1939900D,1154,0,0,0.6006137711096494,,,,,,
2022,770700102,HOOD,1155,0,1,0.09539908163457239,,,,,,
2022,909214306,UIS,1156,0,0,0.04564203770592232,,,,,,
2022,57142B104,MQ,1157,0,0,0.30714582324623124,,,,,,
2022,76156B107,RVLV,1158,0,0,0.15624542967857682,,,,,,
2022,45688C107,NGVT,1159,0,0,-0.03689431448561145,,,,,,
2022,057665200,BCPC,1160,0,0,0.007915345817506093,,,,,,
2022,26622P107,DOCS,1161,0,1,0.19672582118525558,,,,,,
2022,69478X105,LF2,1162,0,0,0.00012038535026744739,,,,,,
2022,71844V201,PECO,1163,0,0,0.12563194905846156,,,,,,
2022,004239109,AKR,1164,0,0,-0.0023078914366490063,,,,,,
2022,75025X100,RLGT,1165,0,0,-0.020229652547241076,,,,,,
2022,00857U107,AGL,1166,0,1,0.03273283666999807,,,,,,
2022,497266106,KEX,1167,0,1,-0.022756811749692716,,,,,,
2022,361448103,GATX,1168,0,0,0.0007074885370049157,,,,,,
2022,12571T100,CCMP,1169,0,0,-0.05506156048675734,,,,,,
2022,82837P408,SICP,1170,0,0,0.05565709988473222,,,,,,
2022,28106W103,EDIT,1171,0,0,0.048981121215591575,,,,,,
2022,03676B102,AM,1172,0,1,-0.0043820827787989835,,,,,,
2022,782011100,RSI,1173,0,0,0.0027041459232745152,,,,,,
2022,93148P102,WD,1174,0,0,0.022787187483484878,,,,,,
2022,130788102,CWT,1175,0,0,0.035883779532514724,,,,,,
2022,15961R105,CHPT,1176,0,1,0.005065145008410301,,,,,,
2022,92537N108,VRT,1177,0,1,-0.003557167877224156,,,,,,
2022,705573103,PEGA,1178,0,1,-0.02462581813131613,,,,,,
2022,27616P103,DEA,1179,0,0,-0.009116862466050127,,,,,,
2022,49714P108,KNSL,1180,0,0,0.013286197369246182,,,,,,
2022,207410101,CNMD,1181,0,0,0.05610971911198799,,,,,,
2022,668074305,NWE,1182,0,0,-0.0025709841378418093,,,,,,
2022,018522300,AEBA,1183,0,0,0.09801742145065998,,,,,,
2022,589378108,MRCY,1184,0,1,-0.032663271478024135,,,,,,
2022,925815102,VICR,1185,0,0,0.050617514546144875,,,,,,
2022,12740C103,BXSEUR,1186,0,0,0.014631326837872568,,,,,,
2022,046224101,ASTE,1187,0,0,0.018919273580695124,,,,,,
2022,222070203,COTY,1188,0,1,-0.004409139725255875,,,,,,
2022,115637100,BF-A,1189,0,1,0.002547789502729502,,,,,,
2022,81730H109,S,1190,0,1,0.10460856355430881,,,,,,
2022,93627C101,HCC,1191,0,0,0.02777840581667027,,,,,,
2022,062540109,BOH,1192,0,1,0.017376831239892115,,,,,,
2022,737446104,POST,1193,0,1,-0.056242994087233225,,,,,,
2022,875465106,SKT,1194,0,0,-0.05755294037275648,,,,,,
2022,45781M101,INVA,1195,0,0,0.021667491052667857,,,,,,
2022,450056106,IRTC,1196,0,0,-0.008074269543670702,,,,,,
2022,32051X108,FHB,1197,0,1,-0.018077358992556077,,,,,,
2022,35138V102,FOXF,1198,0,0,0.028913035876697756,,,,,,
2022,381013101,GDEN,1199,0,0,-0.008005862998224231,,,,,,
2022,950755108,WERN,1200,0,0,-0.03442068368070566,,,,,,
2023,26969P108,EXP,800,1,1,-0.03210581518552226,0.01010337070500452,0.00724405468732695,0.08165255560488577,-0.00048486414701253734,0.0369627569356332,0.002773692367215943
2023,G1890L107,CPRI,801,1,1,-0.047971901313522226,,,,,,
2023,G87110105,FTI,802,1,1,0.040744319525402785,,,,,,
2023,31847R102,FAF,803,1,1,0.005285331983796994,-0.016261234504341346,-0.005000014249884773,0.010990784239247663,-0.02327620801211757,-0.0594263260354094,0.016624553408295877
2023,739276103,POWI,804,1,0,0.017567302876843535,-0.017087758852444443,0.013072032847194544,-0.004179158902599844,0.006674293032058911,-0.10580640395966906,-0.0255214547524948
2023,887389104,TKR,805,1,1,-0.027439717996495253,-0.0030495468167974476,0.02471496682195338,0.07239918481079959,0.12470983361051032,-0.0039400658320514394,0.01949034912096827
2023,840441109,SSBUSD,806,1,0,-0.04990156581752572,,,,,,
2023,200340107,CMA,807,1,1,0.0033063441776349164,,,,,,
2023,74967X103,RH,808,1,1,-0.024497168911771894,0.009284140986682753,0.050911882455089486,0.17358529883028054,0.17849868493293222,0.14305564903892495,0.2249345745035958
2023,19247G107,COHR,809,1,1,0.033555441649063406,-0.02726245839577536,0.005626395360702065,0.03623997390401966,0.3915925259554093,0.23713961797661948,-0.0645490736123067
2023,83601L102,SHC,810,1,1,0.006154634910686911,0.030278947550397523,0.2053131228821485,0.17405695818811362,0.01973089091024602,-0.40933231946228876,-0.11237797048743112
2023,98156Q108,WWEUSD,811,1,1,0.058066572381732184,,,,,,
2023,70202L102,PSN,812,1,0,-0.021215461415833373,-0.015396887862677408,-0.008148686957418086,0.011595728615131442,0.08561074053415012,0.10013516093471275,-0.004360094472300711
2023,88146M101,TRNO,813,1,0,0.029646092458090096,0.0002225328783771307,0.00578873018448163,0.017645220569495447,-0.06736716050745256,-0.16953259482819907,0.03975418316771643
2023,29358P101,ENSG,814,1,0,0.017728797298071582,-0.013758595759813076,-0.011337173022902214,0.029899902839323887,0.022309370601049393,-0.01192395166319751,0.007523386631114204
2023,84860W300,SRCUSD,815,1,1,0.005438549829796047,,,,,,
2023,816300107,SIGI,816,1,0,-0.01243001438124552,-0.007178579165626743,-0.015198583369398218,-0.038012317391514075,-0.12254149608966483,-0.07032214406395905,0.014977609972557619
2023,577933104,MMS,817,1,0,-0.006855791871495195,-0.020971216796478023,-0.030465970816400796,-0.019996533999574934,-0.015708018320330794,-0.011904954267151633,0.0037057473403449533
2023,531229607,LSXMKUSD,818,1,1,-0.004256285777727949,,,,,,
2023,25862V105,DV,819,1,1,0.03543680512020084,-0.012584315657184054,-0.009646877129809949,0.010321439438619478,0.05491060995930698,-0.014736236271340488,-0.035551536644140284
2023,25659T107,DLB,820,1,1,-0.0012866482795616378,-0.01768148855460321,-0.019837134290398926,-0.02945732908068109,-0.07148136428087896,-0.16835786863040536,0.030266129799076676
2023,92537N108,VRT,821,1,1,0.06975577110200004,0.028745373323044533,0.034710122713196755,0.056414703137685346,0.25815952702570366,0.35162893476221924,-0.026731398183300704
2023,01749D105,ALGM,822,1,1,-0.01814356438487365,-0.010156078547191989,0.005307573213664459,0.07193923573245814,0.04985142506107713,-0.3135279025118458,0.05400731754882689
2023,199908104,FIX,823,1,0,-0.0009206851901866501,-0.001276462369428603,-0.014427977556956606,-0.0073949386420245344,-0.006489690513876593,-0.0468270874055377,-0.04368081904290364
2023,651229106,NWL,824,1,1,-0.023709251249091765,0.0066789417780385545,0.04079297875674048,0.07338128326393714,-0.003639990317815596,-0.2289859537771356,0.2801640035473047
2023,626717102,MUR,825,1,0,0.029590001401853507,0.006529100633690545,0.008544823637804788,0.026294274833388743,0.020527398710738293,0.0818152113413352,0.10029686340074274
2023,74758T303,QLYS,826,1,0,0.006752665231914646,-0.00498457739020941,-0.006081523222569348,-0.017268255643556288,-0.014563146103427085,-0.11342884901402281,0.008982183731525059
2023,03750L109,AIRCUSD,827,1,1,0.023828781137769903,,,,,,
2023,47233W109,JEF,828,1,1,-0.0774948571169253,0.0036357758975136233,-0.006396809665398654,0.011974476770440258,0.019584041816831113,0.03075016725704289,0.13049431097017983
2023,26210C104,DBX,829,1,1,0.08484061360598907,0.005494395232319029,0.014772050846082007,0.055542100698284844,0.13054723460236103,0.1786427756925809,-0.016012104171414278
2023,68622V106,OGN,830,1,1,0.003374163436455118,-0.019733025709718962,0.008387389203914707,0.05353615494324811,0.034377490008292676,0.05592950132380997,0.08744690763530362
2023,G97822103,PRGO,831,1,1,0.0034999177610491104,,,,,,
2023,576485205,MTDR,832,1,0,0.026130257167672928,0.028668039325966094,0.018238571479569723,0.06123461405167996,0.0690353261704611,0.10261138991237587,0.1170508552780658
2023,626755102,MUSA,833,1,1,-0.022130989679107545,0.0012166661186079042,0.006905736527525796,0.06709736425629027,0.12569749682184872,0.1720176326277517,0.09417157635611116
2023,960413102,WLK,834,1,1,-0.04378032364673417,,,,,,
2023,92839U206,VC,835,1,0,-0.005617202671688342,,,,,,
2023,78377T107,RHP,836,1,0,0.07083187137108801,-0.01661110460587842,-0.02693731055087863,-0.028664733176934094,-0.07272958512629223,-0.02622754467650651,-0.030021009858033704
2023,743606105,PB,837,1,1,0.045574992408001516,-0.0049042633701104985,-0.021902459927095674,-0.028345971405575852,-0.067925351556153,-0.04577191017204143,0.11572287835140907
2023,46116X101,ITCIEUR,838,1,0,0.017176452661048676,,,,,,
2023,750917106,RMBS,839,1,0,0.018192560941348336,-0.023725655192999323,-0.026374553561523347,-0.029860258759547804,-0.0765337504471772,-0.07334866737197893,-0.12315120582050249
2023,808625107,SAIC,840,1,1,-0.018907279199634208,-0.007385455884244414,0.004108115244747398,0.05386778017288707,0.14283034511790793,0.0794063705414531,0.09593626759950466
2023,09581B103,OWL,841,1,1,0.01643277111408694,0.01029634198585955,-0.0011436960870296175,0.013204327065511504,0.06335245574324175,-0.047281651000937425,0.06443016802615395
2023,40637H109,HALO,842,1,0,-0.009071708452045468,-0.026978213830285407,-0.014337627927864721,0.14415490002615483,0.1664466709184313,0.24952894621828167,0.3109065334456868
2023,845467109,SWN1EUR,843,1,1,0.05032454696428005,,,,,,
2023,30214U102,EXPO,844,1,0,0.01232245114719988,-0.03172802539570719,-0.0531632992021902,-0.04083511639874162,0.01575289538958253,0.009540659286913937,0.006062592592703321
2023,N14506104,ESTC,845,1,1,-0.013339870330357597,,,,,,
2023,28414H103,ELAN,846,1,1,-0.006451380279260526,0.003398389546381504,0.020300552518303077,0.04638184426409079,0.14125345201223025,0.19325757178409336,0.20496023113069015
2023,86800U104,SMCIUSD,847,1,0,-0.0877277903595257,,,,,,
2023,552690109,MDU,848,1,1,0.01470337592327093,-0.016329624247741946,0.00638046848882869,0.02733165596755282,-0.00042599277879498687,-0.02298649790792266,0.08809173044320223
2023,224441105,CXT,849,1,1,0.08333421576625248,0.0114519620298476,-0.01107308984782724,-0.04373878615758485,-0.08594988362242861,0.07982093855386832,-0.0679909008208198
2023,784117103,SEIC,850,1,1,0.014620666821696618,-0.004325616005319161,-0.013410636147354446,0.012162705230249147,-0.009576421996456155,-0.0023348033016621934,0.09165621403864938
2023,58506Q109,MEDP,851,1,1,-0.03652244440470474,0.004860756238778283,0.03432556926346693,0.09287748410401775,0.1068697003328144,0.1696806187366957,0.06925271552905168
2023,343412102,FLR,852,1,0,0.035067885293219685,0.008253157594727995,-0.007458359427241365,0.026950793123550747,0.07266613155846482,0.07121221118037707,0.09265941970918247
2023,737446104,POST,853,1,1,-0.0223260021940307,-0.00840262161928366,0.010524614908923254,-0.0015231408677802497,-0.003005168709097352,-0.039987851714908575,0.01828329941359041
2023,M98068105,WIX,854,1,0,0.044159047859680375,,,,,,
2023,69318G106,PBF,855,1,0,-0.044533327731877986,-3.782208312803209e-05,-0.0021084169434899477,0.029326793815953402,0.04342024023797761,-0.0730653555587778,0.11773216762377628
2023,64829B100,NEWREUR,856,1,1,0.044575097392429944,,,,,,
2023,829073105,SSD,857,1,0,-0.013504804733577177,-0.00469760980120577,-0.005139175962464178,0.03478603370942232,-0.021492409019216868,-0.01288401461702108,0.02299585188023157
2023,912909108,USX1,858,1,1,0.023762944013749794,,,,,,
2023,15118V207,CELH,859,1,1,0.02763990852492782,0.023587176914502787,0.053685547566846084,0.012848270673430254,0.02686362887600662,0.3075241540175372,-0.12675099869151332
2023,08265T208,BSY,860,1,1,0.09059383020692681,-0.00829538281997172,-0.00882052432970834,-0.01756263048059785,0.03391593559001457,0.024497524841878046,-0.059833227534742295
2023,81282V100,PRKS,861,1,0,-0.010658191990170991,0.012447023588026292,-0.03419641520508637,-0.08922153459800028,-0.07023013932202224,-0.11086249039054366,-0.09233224165801936
2023,007800105,AJRDEUR,862,1,0,0.043367645606538885,,,,,,
2023,82452J109,FOUR,863,1,1,0.026083276061785766,-0.003387117835230392,-0.04060586116849224,0.011528217240608853,-0.12952994614214924,-0.2816631269051838,-0.023784023321137597
2023,126677103,,864,1,0,,,,,,,
2023,011659109,ALK,865,1,1,0.012919769856977674,0.000450912438366001,0.017665989779162134,0.03994741782388866,0.09974609594034083,0.14837160161344917,0.030743284890762806
2023,98139A105,WK,866,1,0,0.01187446717315211,,,,,,
2023,457985208,IART,867,1,1,-0.04958418895047654,-0.0012714909078797507,0.014635477320537509,0.03972226930614316,0.03718382565551687,-0.18318052590088713,0.16761643105497126
2023,49803T300,KRG,868,1,0,0.03195086892487871,0.0014193238176534624,0.030814930206573006,0.05781896479224981,0.047253139404873135,0.03517105831957036,0.09013510106455085
2023,942749102,WTS,869,1,0,-0.00012144067928215224,,,,,,
2023,686688102,ORA,870,1,0,0.009005474525757139,-0.02182002830256067,-0.040821398143670286,-0.05063884008443349,-0.07686419994944974,-0.03411086930055643,0.017832767501425595
2023,405024100,HAE,871,1,0,-0.004937542466508137,-0.006312155799220153,3.212701876721506e-05,-0.003971999556667516,-0.019341442816710828,2.529969951323499e-06,0.04893972352728271
2023,343498101,FLO,872,1,1,-0.042423954545015706,-0.0008631720673366247,0.006214420747649043,0.022915759900584604,-0.031125793745798443,-0.06034098510424002,0.022555259518863644
2023,84265V105,SCCO,873,1,1,-0.057758202023512915,-0.02781347290287916,-0.0008769637441598359,-0.0405958942436358,0.00871351382021841,-0.09671709758767838,0.0630334406534812
2023,447011107,HUN,874,1,1,-0.08295792377734873,0.025073575673817603,0.04182504357649093,0.0680802138995142,0.003773851237835,-0.06571474092555359,0.087286900943067
2023,681936100,OHI,875,1,1,0.03695016550968325,-0.009236046112048379,-0.013919775644014613,-0.02357777559354882,0.019835971855073516,0.07769284429270588,0.06137473632695766
2023,34354P105,FLS,876,1,1,-0.023897010905309542,-0.0025156700027069625,-0.008931165835111018,0.0033802032415011854,-0.002561390989355079,-0.0008894207422335734,-0.008031653299225557
2023,830830105,SKY,877,1,0,0.027049590333494935,0.007281769719764542,-0.004591832562286587,0.006079775734070279,-0.1454719357592211,-0.29536326765783477,-0.001433846698643805
2023,441593100,HLI,878,1,1,-0.0024666553259549977,0.002729844377184781,0.02294379978646331,0.047842492073896264,0.07876240771343929,0.020317935215885128,0.08355595105609265
2023,G39108108,,879,1,1,-0.11637697640644523,,,,,,
2023,86771W105,RUN,880,1,1,0.006522488136345587,-0.01536269990355692,-0.011471758163381654,-0.07911433352906132,0.03811830168088019,0.0861557796807511,0.17423806303678643
2023,450056106,IRTC,881,1,0,-0.026487460972479775,-0.016593396630472535,-0.008842408347557984,-0.02303228027809221,-0.3254383680526265,-0.43806594480294303,-0.04693032156609994
2023,103304101,BYD,882,1,1,-0.010952226206098056,-0.011571433656740458,-0.015152418406168336,-0.025453772055801162,-0.026731182816625933,-0.07653005591772627,0.010703872801349986
2023,77634L105,RCM1USD,883,1,1,-0.007320912278887156,,,,,,
2023,09239B109,BL,884,1,0,-0.02548816539390317,0.002927691627945714,0.044268264667781033,0.050337883307303884,0.013944813268145652,-0.09356511769679746,0.028917236065666145
2023,649445103,NYCBEUR,885,1,1,0.1012680883556127,,,,,,
2023,127055101,CBT,886,1,0,0.003282524177020293,-0.014825516350868102,-0.014182264389632583,-0.11319929873726814,-0.14694276800969452,-0.24675826424229386,0.007538768273897357
2023,885160101,THO,887,1,1,-0.01600774986295967,0.006417212718729844,0.010155805384791362,0.04929142760722072,0.15483151368569684,0.11055372829999893,0.10115777686125271
2023,07831C103,BRBR,888,1,0,-0.013375591453340567,-0.026031654690498795,-0.015048514787685933,-0.02270844629089639,-0.09355429451870265,-0.14306175001355964,-0.11019502185302754
2023,412822108,HOG,889,1,1,-0.03002824071746801,0.004668776945399692,0.011351373170130758,0.044364509451496184,0.06815486349957983,-0.0024307057287442793,0.11478732295341733
2023,45778Q107,NSP,890,1,0,0.025859416088159573,-0.03899303638485734,-0.01642252250544397,0.013579563527233012,0.013095605002338835,-0.0371367525322429,0.01310160211865745
2023,379577208,GMED,891,1,1,0.10162581865840047,0.010840144903527683,0.022006488132031862,0.08078446880904816,0.1094091635702498,0.22970840756526625,0.07052089175943262
2023,68235P108,OGS,892,1,0,0.025609997784454303,-0.01237937958684088,-0.02323957983747369,-0.03747898173122205,-0.11069595649711496,-0.08776825596184304,0.019102452655888377
2023,11284V105,BEPC.TO,893,1,1,0.04813675035367825,0.004307117589599558,-0.012176549219450293,-0.053289851797264004,-0.15106095233574088,-0.2011206291326471,-0.05393124424859455
2023,451107106,IDA,894,1,1,0.026320090407707303,-0.001016643698232224,0.0017283516055976687,-0.015859948195455897,-0.05345156969966021,-0.03950379866311345,0.02096613350023061
2023,358039105,FRPT,895,1,1,0.023614261050582796,0.008142294303159226,0.004451605783629594,-0.054150007530011854,-0.1462849951263502,-0.22554230016020493,-0.01789930747508761
2023,225310101,CACC,896,1,1,-0.037177195226806584,0.031976513351227316,0.012381911745370039,0.02448467686397583,0.06783441106404967,0.1703163848272911,0.04076767016957718
2023,26603R106,DUOL,897,1,0,0.10858462277742745,-0.01728808015665285,-0.05284235709915232,-0.17558791668866283,-0.31887631269395594,-0.5218890882562872,-0.1516464315343383
2023,553498106,MSA,898,1,1,0.049787700921031505,-0.008239338370879467,-0.005037389485479446,0.08162367868587984,0.15106374238764572,0.17774366188628904,0.002229304585526396
2023,147448104,CWST,899,1,0,0.06863961083454702,-0.006281985793844035,-0.0009277492537549496,0.013248722307834412,-0.09708889739042129,-0.0425371876173495,-0.04211415388933694
2023,707569109,PENN,900,1,1,-0.051663270478787354,-0.009607986908904995,-0.00380060377086186,-0.07480491771635073,-0.0894754372814503,-0.17879044057696922,0.08770334500535779
2023,497266106,KEX,901,1,1,1.50526287716088e-06,0.0025252977446792446,0.005193689213580415,0.005737448504533537,-0.04714256755890186,-0.0573484218402298,-0.012402284596660353
2023,646025106,NJR,902,1,0,-0.017609788084636518,-0.02056223389344991,-0.028545193579295587,-0.017694752883313465,-0.0782078150566831,-0.15088488012397785,-0.014170561810046424
2023,462222100,IONS,903,1,1,0.048828678415062325,-0.03515427632305096,-0.05184460433635066,-0.011096364966078874,-0.08803396198943589,0.0652343557727332,-0.051948368971395056
2023,44267D107,HHC*,904,1,1,0.0030939195250494203,,,,,,
2023,57164Y107,VAC,905,1,1,-0.015292533380849864,-0.01976276969434603,-0.0361695158273078,-0.05429503730107653,-0.0602333867941095,-0.0687168676613762,0.04390504705226356
2023,624756102,MLI,906,1,0,-0.041394809179778516,0.05213003304819637,0.06149848612791345,0.03754128300597501,-0.022296645939744276,-0.07254245489304637,-0.0032030463159046247
2023,00187Y100,APG,907,1,0,-0.047311259672810885,-0.0005280464072657531,0.002919771369607471,0.03962744586035173,0.04888542737688087,-0.01594384264849253,0.01665515461143896
2023,87724P106,TMHC*,908,1,0,0.014686050326141597,,,,,,
2023,109194100,BFAM,909,1,1,0.044680851901525494,-0.007702669574116172,-0.034749582252968245,-0.05667647270150255,-0.027307879925896443,-0.0568688496393736,-0.0437604250228789
2023,021369103,ALTREUR,910,1,0,0.0060768331386364775,,,,,,
2023,G0692U109,AXS,911,1,1,-0.00464102368733054,,,,,,
2023,26856L103,ELF,912,1,0,-0.017423701754031316,-0.035833039634486856,-0.03982630938661676,0.0640523005833608,0.14511558874804867,0.02558273610379031,-0.10261877242528833
2023,254543101,DIOD,913,1,0,-0.0312657203397075,-0.04635073908931163,-0.035524903217650526,-0.041615760875387854,-0.1137567004927928,-0.20799372590174492,-0.036349632012262975
2023,87157D109,SYNA,914,1,0,-0.04003596606332194,0.00202976099120444,0.02930807438105656,-0.014882084715495599,-0.03408516656973212,-0.29384581557709516,0.04860489172872946
2023,559663109,MGY,915,1,0,-0.01630161524325836,0.008730368662002365,0.01691323670985074,0.04672064832696725,-0.01664441699616313,-0.05699066644325184,0.07047136542461867
2023,589889104,MMSI,916,1,0,-0.0001706638678961305,-0.013239123603235255,-0.0004952310775904901,-0.010642789479778812,-0.03505177758878525,0.009060277713996534,-0.07547937793475448
2023,410867105,THG,917,1,1,-0.039009344921834166,-0.008567624651978339,-0.009474170435699513,0.013728987555379366,-0.035596436917265724,-0.054445090007620114,0.03126862367718745
2023,05329W102,AN,918,1,1,-0.13764879469354047,0.016229564418414204,0.027506767187820427,0.07065989568853454,0.06661368243686408,0.0002878729444590264,-0.11347673618150095
2023,97650W108,WTFC,919,1,1,0.017170719633891846,,,,,,
2023,35137L204,FOX,920,1,1,-0.01370164864058943,0.0012465724622753062,0.010295466827159937,0.015891283620110046,0.04879763431527172,-0.05692885151444839,-0.01495692257733319
2023,G4474Y214,,921,1,1,0.018376776965716317,,,,,,
2023,636180101,NFG,922,1,1,-0.00099597873990172,-0.014143048956029174,-0.00811167295926674,0.026700034190922366,0.005674324597512177,-0.024295656106283377,0.06265824055119656
2023,74349U108,,923,1,0,-0.9995415172963662,,,,,,
2023,053807103,AVT,924,1,1,0.019197758376185762,-0.0021323364907477934,-0.002578583574847343,0.030260844294437574,0.11555128826690028,0.027279338819226187,-0.029520523552437682
2023,683344105,ONTO,925,1,0,0.001065221281763826,-0.014445766727982727,0.02704507029328492,0.04937579966695379,-0.012623427116642499,-0.0780680818584635,-0.11032523714932281
2023,344849104,WOO,926,1,0,-0.019247154640322853,,,,,,
2023,56418H100,MAN,927,1,1,0.0015299505978470774,-0.012195538677242641,0.020890356860744516,0.060010233268739534,0.04079041830520309,-0.0057062263335273845,0.03576539860591951
2023,59001A102,MTH,928,1,0,0.021731016556516887,0.02240921880949997,0.005105127503656234,0.06669056374985444,0.09610490882682998,-0.001387360697242608,-0.05236304332373163
2023,23345M107,DTM,929,1,1,0.003518760214569099,-0.01025214124252456,0.005158447749424467,0.029887905134058,0.0375021819168973,0.020930044547420763,0.11925723635845029
2023,01973R101,ALSN,930,1,1,-0.03544224405443804,0.0018336781921121574,0.018820488522183307,0.03576691575331901,0.0841665108666009,0.09980793327189039,0.02790649152910195
2023,00191U102,EFOR,931,1,0,-0.00424056274375346,0.011169872729949808,0.03577567780585923,0.06451754545923204,0.08433508176633285,-0.08398482403192803,0.13329288563443423
2023,48123V102,ZD,932,1,0,-0.03757053104530293,0.002998195859996373,0.02529581940453452,0.07244306928899644,0.0944486660626811,-0.07601848036748889,0.0915222482952514
2023,05478C105,AZEK,933,1,1,-0.07368590369599848,,,,,,
2023,054540208,ACLS,934,1,0,0.004610197058757463,-0.0016552073930016804,0.013418443576250012,-0.014201182193301007,0.023648460023322913,-0.1561634375543462,-0.13253270185854846
2023,000360206,AAON,935,1,0,0.02855037851110054,-0.011685084040650402,-0.038550829840784,-0.020704763736483247,-0.04078609969664906,-0.11337773772994607,-4.689730837206894e-05
2023,858912108,SRCLEUR,936,1,1,0.015705891577918813,,,,,,
2023,82489W107,SHLS,937,1,0,0.01976951238212068,0.003877836159593303,0.02354546808184069,0.01195316850792854,-0.011125986751969252,0.08057999196955848,0.0514593097559214
2023,640491106,NEOG,938,1,0,0.03702628387659887,0.015232229865071762,-0.007941283926092382,0.09889422614890174,0.20959185697760893,0.07328506615681121,-0.031474455655598345
2023,28618M106,ESI,939,1,1,0.01185404463589662,0.0012078740786088723,0.004771475019392558,0.006900557598562491,-0.01601101074460192,-0.07992685036714699,0.04152505126397448
2023,00912X302,,940,1,1,-0.02796358448161293,,,,,,
2023,928881101,VNT,941,1,1,-0.009945898371307736,,,,,,
2023,073685109,BECNUSD,942,1,0,-0.02864920274654164,,,,,,
2023,58463J304,MPT,943,1,1,0.03307982142534369,0.003828995559474444,0.03269389037443386,0.050723198401695785,0.17345020390835658,0.30436157937523356,0.2062386565985619
2023,53814L108,LTHM1EUR,944,1,0,0.010917722674473515,,,,,,
2023,827048109,SLGN,945,1,1,-0.024402232546064235,-0.005632518938771759,0.016023497047193594,0.00630269291015343,-0.006991195656994679,-0.07971792772360124,0.051357046443112994
2023,092113109,BKH,946,1,0,0.013958267180813999,-0.018900699914980647,-0.00715959723010327,-0.015470150608038807,-0.039698468363585857,0.016397513227651546,0.0251188365850478
2023,87166B102,8IN,947,1,1,-0.051181837538659875,,,,,,
2023,12685J105,CABO,948,1,1,-0.012855309889976341,0.01463224882711631,0.022531328826257222,-0.03539416161569228,-0.047672376120537555,-0.10746632997942218,0.10403712340720551
2023,69366J200,PTCT,949,1,0,0.040532979467596805,-0.006155347416839369,-0.06657675141629828,-0.1136260707472555,-0.5368720302779313,-0.4308639707664913,-0.19912845463631065
2023,754907103,RYN,950,1,1,0.006218632942685626,-0.014488791532974356,-0.0036121487808420463,0.0313202599111931,0.039975877958215195,-0.10176952925394323,0.12839680878976242
2023,552848103,MTG,951,1,1,-0.0312181467710987,0.01098632573901059,-0.00568819625817104,0.0071498155734342084,-0.04278949689528119,0.03662862119028473,0.03368127192340751
2023,169905106,CHH,952,1,1,0.12494924562070191,-0.010716932570611173,-0.014517246029351808,0.011458619263318991,-0.01795844081898889,-0.05903838717643437,0.06478389852922296
2023,23282W605,CYTK,953,1,0,0.00859846610943886,-0.04386440219693918,-0.07492861234882982,-0.05748481275849805,-0.1882683090971968,0.07963821183543857,-0.06981735332344946
2023,G76279101,ROIV,954,1,1,0.0818042334430577,,,,,,
2023,197236102,COLB,955,1,1,0.015409592162457124,-0.004585475972245911,-0.027347974849336276,-0.081522016386919,-0.05596805392583206,0.12307697442897576,0.0900655333904109
2023,55616P104,M,956,1,1,0.02460185360938945,0.00318829501736923,0.005174070890007992,0.03977916241782796,0.0977797051916808,0.009543355469707566,0.10869927924346043
2023,29977A105,EVR,957,1,1,0.028701559777349037,-0.008405356676417257,-0.010257284091975596,-0.008731467337949283,0.06518648839372677,-0.007811675547961106,0.13231530425222926
2023,29670E107,EPRT,958,1,0,0.01281801287933156,-0.015713662487364582,-0.027258654012062816,-0.053647993364836825,-0.06837102217856889,-0.08809325896772056,0.09153358801543067
2023,01626W101,ALITEUR,959,1,0,-0.0006332491689906234,,,,,,
2023,007973100,AEIS,960,1,0,0.002033199140926584,0.005251447224619305,0.0016900715905704515,0.019237750902895884,0.08386794290357882,-0.007895981786121404,0.03621514872246906
2023,09227Q100,BLKB,961,1,0,-0.012980392975341903,-0.0065138709129054,-0.01909477949904692,-0.05090183592967709,-0.11171757443431392,-0.08034919577403457,-0.006113184063602653
2023,87161C501,SYU1,962,1,1,0.02018379792435329,,,,,,
2023,30050B101,EVH,963,1,0,0.04652609685809883,-0.033985240756414,-0.011815374126093863,-0.013286133793290474,-0.1516024251798458,-0.2551988611557256,0.015674918269709237
2023,959802109,WU,964,1,1,-0.03482857116661391,,,,,,
2023,222070203,COTY,965,1,1,0.11698769782497971,-0.006985947198192786,-0.01543188697302392,-0.008605940070986712,0.0018760134328478194,-0.14941348517146572,-0.08889530504246798
2023,34417P100,2JE,966,1,0,0.0007309254098471732,,,,,,
2023,453204109,PI,967,1,0,-0.0035800654531619558,-0.024375306693908173,-0.062274626804114754,-0.1400588358618204,-0.09609707224126995,-0.37136910790980276,-0.06221427877330278
2023,88076W103,TDC,968,1,1,0.0013203823365755165,-0.0027807226973585904,-0.009134120851125641,0.0021482987838506128,0.04170907723412272,0.0450262266382704,-0.022725147214205498
2023,90278Q108,UFPI,969,1,0,-0.033928888183791826,0.013601112813975736,0.023211443233352128,0.08273506486012008,0.09207353978272562,0.06919834232733131,0.045412984761004124
2023,681116109,OLLI,970,1,1,-0.0040289279848382716,0.0031365573415568612,0.011034975308808414,-0.09117298185463743,-0.16589947115952872,-0.1752079355393672,0.11619151804812589
2023,26484T106,DNB,971,1,1,-0.006511083327840464,,,,,,
2023,95058W100,WEN,972,1,1,-0.03638850597335857,,,,,,
2023,057665200,BCPC,973,1,0,0.0072995121604685865,-0.0016831296493417195,-0.013239399391388552,-0.0077356601345202215,0.021700507375753963,-0.018070313189742393,-0.03341978459383354
2023,55405Y100,MTSI,974,1,0,-0.00859369043712049,-0.009899127341983947,0.023468900853027788,0.05473607584160817,0.06289627214682467,-0.1884663919278359,0.07522956690821538
2023,077454106,BDC,975,1,0,-0.05221459524293525,-0.03198492966106177,-0.040771584981365384,-0.01895798490834343,0.025012803922411106,-0.06265749038883674,-0.012983203145870223
2023,207410101,CNMD,976,1,0,-0.01539931753556842,-0.009434386337677703,-0.008113539295134326,-0.034772506060719965,-0.014925124871561297,0.021607375627937443,-0.18983377500661622
2023,33768G107,FCFS,977,1,0,-0.02901265212585026,0.002953767284833194,-0.014952017088016918,-0.028012694916208284,-0.1280198269140162,-0.10530241870137393,-0.0057138891117076976
2023,49427F108,KRC,978,1,1,0.012512320474970398,-0.015022653254196772,0.026592829321008996,0.014201458384785186,0.0869390888972289,0.08071891929804124,0.21771030150188775
2023,87918A105,TDOC,979,1,1,-0.04900814900437462,0.013864565476262209,-0.0010638354406233806,0.0020374091918038406,-0.07474317527708868,-0.14097546751392684,-0.09638780022384541
2023,553530106,MSM,980,1,1,0.0339112287139758,0.0076516779260230395,-0.00338755259926976,-0.03018573065446463,-0.045847015045291,0.05252245630073888,-0.017744858529480177
2023,46583P102,OPHTEUR,981,1,0,-0.09300104921958709,,,,,,
2023,05368V106,AVNT,982,1,0,-0.04594132201002876,0.007987662925713086,0.016457168864227687,-0.0010326911452952243,-0.06624069094600586,-0.15929331222549317,-0.02477478682965619
2023,98585X104,YETI,983,1,1,-0.010674372620556274,,,,,,
2023,353514102,FELE,984,1,0,-0.059700313489136396,-0.008614628706266152,-0.014760120817476888,0.013019385863726921,0.01164538039533667,-0.06253770124983103,0.0195908524146199
2023,69349H107,TXNM,985,1,0,0.05916897524349422,-0.010059205156684802,-0.01620074482539674,-0.019028941950556655,-0.0009165170433620639,-0.040385144181827835,0.02445026762068811
2023,94419L101,W,986,1,1,0.06325275880790088,,,,,,
2023,359694106,FUL,987,1,0,0.010514971207942387,-0.005357767776767757,0.006865922744577764,0.09863990111376507,0.06897662315613398,-0.03643285896186632,0.13536009091021295
2023,37637Q105,GBCI,988,1,0,0.008322843811333339,-0.002711189860479045,-0.004696728877839892,-0.0798909218728786,0.06146690350486423,-0.10214694637414476,0.1291694741885903
2023,11275Q107,1939900D,989,1,0,-0.025064045337726847,,,,,,
2023,G98239109,XP,990,1,1,-0.010597289248889443,,,,,,
2023,71943U104,DOCUSD,991,1,0,0.010385983195010636,,,,,,
2023,44980X109,IPGP,992,1,1,-0.002665497275244471,0.03001897099163337,0.0007017634820162891,-0.0073821782970192994,0.06435561017056471,-0.02910348692278881,-0.11788690470624089
2023,85208M102,SFM,993,1,0,0.01072128759207501,0.0020923857046100344,0.05922046987266397,0.026407256858532548,-0.04050468319853911,-0.07362576658611564,0.10564671141396988
2023,989701107,ZION,994,1,1,-0.06477045505347306,,,,,,
2023,783549108,R,995,1,1,-0.039957385700228526,0.006139267688865121,0.026410007790699797,0.0423848088527686,0.03002428312271105,-0.040394074218041795,0.0897002206644307
2023,44891N208,PPLI,996,1,1,-0.008644025340155936,0.008634030959090723,0.008185485203398568,-0.014818516978664376,-0.07639105886958292,-0.0470988810781129,-0.0477262279643343
2023,558868105,MDGL,997,1,0,0.07100214266447176,-0.016239705839838258,-0.014820272879130444,-0.11324567022984564,-0.25140875728488754,-0.056547172707180765,-0.17930350257018665
2023,983793100,XPO,998,1,1,0.12170198105599546,,,,,,
2023,909907107,UBSI,999,1,0,0.029602238589042592,0.006741541955831857,-0.002139026095211074,-0.031361492097833246,-0.017729193784211787,-0.09391056050450264,0.09281173724567546
2023,82900L102,SMPL,1000,1,0,-0.02884050761286364,-0.01166586511077056,-0.03522810916894576,0.0312456980520993,-0.05030453169490906,-0.09595698196565011,0.028374330187976023
2023,844895102,SWX,1001,0,0,0.004344900582002306,0.002653046368145863,0.001204482997560756,0.005342967641765463,0.07429596958925413,0.01304940954515552,0.07587098486473026
2023,546347105,LPX,1002,0,1,0.051058041048347005,0.01506477095289015,0.024592704616305718,0.16921451337605606,0.1714217572762206,0.15835514857675026,0.0669460235376214
2023,477839104,JBTM,1003,0,0,0.012884701018849356,-0.011249620327774911,-0.025994748336252937,0.005657821079584572,0.041984714344327975,-0.043754557451307255,-0.07972524077339146
2023,023586506,UHAL-B,1004,0,1,-0.011278256488550461,-0.015333958864732995,0.01660611138372529,0.026952980229961926,-0.21824068296697868,-0.131351017892987,0.17518627902758888
2023,72919P202,PLUG,1005,0,1,0.010219976518642714,-0.026713507353874028,-0.0431578785813324,-0.0057352149468732246,0.1304348479456775,-0.05613152804643044,0.2789614901329156
2023,06417N103,OZK,1006,0,1,0.028392373109088195,0.01852431391488399,-0.012182586703666155,0.030843133297020875,0.028958869386421546,0.06681199744358703,0.09314858520146721
2023,44930G107,ICUI,1007,0,1,-0.031551113568845136,-0.009553742996588899,-0.022871123639455836,-0.06673203100883152,-0.12542568616459188,-0.028186181031691328,-0.06853947817503367
2023,29404K106,ENVUSD,1008,0,0,0.008860182640407057,,,,,,
2023,680033107,ONB,1009,0,0,0.05735514949862333,0.0017101016521450432,0.03364006987956018,0.03627364060200413,0.08179421615393455,0.0663894773132009,0.18909986959907443
2023,G66721104,NCLH,1010,0,1,0.06230573150719054,,,,,,
2023,03152W109,AM6,1011,0,0,0.043620590871819756,,,,,,
2023,361448103,GATX,1012,0,0,0.004753850916725822,-0.01181087669888407,-0.007083809546900081,0.014644330448459648,0.05822143960062192,0.07119805745229449,0.04328990892405181
2023,750236101,RDN,1013,0,0,-0.05846639218923402,0.007844720342279132,-0.008085233502764301,-0.028887748676627578,-0.1358251126226925,-0.06931991955108668,-0.02192840861293738
2023,513847103,MZTI,1014,0,0,0.01701220506293991,0.046387688249932744,0.049589277438372326,0.059109149617740706,-0.04812329260521029,-0.027312070358375996,-0.045833569944546515
2023,737630103,PCH,1015,0,0,-0.016020127475720628,,,,,,
2023,68268W103,OMF,1016,0,1,0.012384127177177058,0.00853069325446814,-0.007730083988059961,0.012250465400196094,0.031907219779157545,0.015708861237429445,0.06874761978154817
2023,302520101,FNB,1017,0,1,-0.006877390962084702,-0.003342619712374829,-0.013044529154033525,-0.022892365145235908,-0.0054282926982205885,-0.004409462943755783,0.11692294170038026
2023,29275Y102,ENS,1018,0,0,-0.020173547975380048,0.006166775496842955,-0.0021056320479105276,0.005722249891954344,0.1351796739834633,0.07469841749957598,-0.014399305362631547
2023,553368101,MP,1019,0,1,-0.238533739775976,-0.006797254399471996,0.000680198712947987,0.017847837424036107,-0.018465848492182614,-0.22221696942770955,0.06939419018222266
2023,55024U109,LITE,1020,0,1,0.08429185833861894,-0.014174165326056804,0.011728155388989603,0.0069257646784879005,0.15224679231150753,0.07524646945477821,-0.08457692918237653
2023,733174700,BPOP,1021,0,1,-0.0003832212126056427,0.0073232005761587286,0.0024001932130529487,-0.008454133655360956,-0.0401537281910353,0.06510958143628093,0.13297422497510725
2023,44109J106,TWNKEUR,1022,0,0,0.0014594911014093352,,,,,,
2023,001744101,AMN,1023,0,0,-0.038472394511548144,0.01081379425442938,0.02536464447359271,0.017230454321280925,0.13386296707286674,0.22404644162519036,0.06355287825496053
2023,20717M103,8QR,1024,0,1,0.20947578650861845,,,,,,
2023,92243G108,PCVX,1025,0,0,0.1917318381939303,0.006150374591646053,-0.0629436885142673,-0.060781295498778615,-0.07109708482905873,0.2798299849415519,-0.17560508337323047
2023,87901J105,TGNA,1026,0,0,-0.06422600184567534,,,,,,
2023,644393100,NFE1EUR,1027,0,1,0.04776683968735791,,,,,,
2023,10316T104,BOX,1028,0,0,0.019825777601075414,0.0001496437012087756,0.022014272617138845,-0.004764106460917384,0.07146711818012869,0.16847435186708737,0.07168394652137591
2023,67098H104,OI,1029,0,0,-0.011173963542750812,-0.03610425523815242,-0.019566433426401332,-0.01314813735330595,-0.15383397251056133,-0.28279028018302593,0.04253851190370247
2023,668074305,NWE,1030,0,0,0.005658395378440335,-0.02320626816505863,-0.020544271479804914,-0.021619126581177546,-0.03501709354257304,0.0022648497523644444,0.01412938623030528
2023,04247X102,AWI,1031,0,1,-0.013869487447740603,0.012295001931043143,0.029605639573836336,0.05593830116173769,0.07647226525379915,0.01871560372657894,0.05138227565055681
2023,398905109,GPI,1032,0,0,-0.04254376477534455,0.005879278111649584,0.01678042954606817,0.04760740835669033,0.018208794070811312,-0.04277161886778971,-0.0531241220927035
2023,86614U100,7SU,1033,0,0,0.00031157810403656904,,,,,,
2023,801056102,SANM,1034,0,0,-0.035181959178876274,-0.010120023460883861,-0.009616795353601191,0.04309482478717486,0.12258188550528243,-0.009183571013901066,0.021299927505773083
2023,G9618E107,WTM,1035,0,1,0.0015604850507699476,,,,,,
2023,109696104,BCO,1036,0,0,-0.012736825128986143,-0.04136885517172684,-0.019424988157005312,-0.09405026611135832,-0.11085333211469141,-0.14308095557570286,-0.09174155269685051
2023,81730H109,S,1037,0,1,0.06584965342310668,0.028198061098075156,0.00033899637718569353,-0.11135610486567221,-0.4176018333234573,-0.2698807601423882,-0.1894793219149812
2023,84857L101,SR,1038,0,0,0.025485495051397782,-0.012018467845670455,-0.007586250929718801,-0.008467911634713809,-0.09235023825620375,-0.10780271259840701,0.027421190954981932
2023,163851108,CC,1039,0,1,0.07389715521691992,0.016814528892211484,0.026058752163333452,0.10610764758786811,0.17314110864094223,0.10481084270008025,0.07172109036325788
2023,55825T103,MSGS,1040,0,1,-0.002486806574026197,-0.003826909716082967,0.01859001209922538,0.04957021602865241,0.02788745358864437,-0.07254720773829529,0.05232682583149115
2023,04271T100,ARRY,1041,0,0,0.04198315360822506,0.015098982710790174,-0.014748519945024827,0.0009861703302365618,-0.2090879405413305,-0.12757720785458032,-0.19314040635659088
2023,423452101,HP,1042,0,0,-0.0141074573201679,0.015177208265723927,0.02895535108867055,0.07514148528919802,0.10635104164129495,0.13302065645418223,0.27070444401468524
2023,131193104,CALY,1043,0,0,0.029574417905523794,0.009634557950312787,0.017405264478270902,0.02607596037130186,0.16096802190513615,-0.026809739154532372,0.02101492505869297
2023,72346Q104,PNFP,1044,0,1,0.04004969346550538,0.019786537984947505,-0.012755854205481207,0.03906278917979736,0.0810782291300477,0.12821782183849356,0.2913459309549283
2023,78351F107,RYAN,1045,0,1,0.10013748044313678,0.014227947596784987,0.013708269524596365,0.0532020192309969,0.023196481730219883,0.06656093002213975,0.008361253266452519
2023,26622P107,DOCS,1046,0,1,0.048319707576104015,0.01351592698723026,0.032266209805954994,0.049446233523690916,0.02062357199536882,-0.047126808840225284,0.018276934945973274
2023,848574109,S9Q,1047,0,1,-0.008931903573540555,,,,,,
2023,29283F103,ESMTUSD,1048,0,0,0.002646327922368477,,,,,,
2023,38526M106,LOPE,1049,0,1,-0.019099018652643147,0.007104750391654133,5.960535229963815e-05,0.005482356926011782,-0.07211379230005242,-0.13190471384757269,0.05168838345256934
2023,852312305,STAA,1050,0,0,0.04187999912603488,0.009021405146553176,0.027941970974113724,0.008209116135602776,-0.2632551591286211,-0.4235032130989114,0.02065748887419705
2023,74112D101,PBH,1051,0,0,-0.03178340222418268,0.005714614297573474,0.023269850945069975,0.03968335037841458,-0.013166435157823278,-0.07008334306175655,0.09882109198365735
2023,02156B103,AYXEUR,1052,0,1,-0.03087785935791001,,,,,,
2023,056525108,BMI,1053,0,0,0.01846458657171939,-0.019020135962883662,-0.04472237514022721,-0.04896683447474261,-0.04862656218980655,0.014920492474206883,0.05532385509591796
2023,48666K109,KBH,1054,0,0,-0.0484669875843282,0.014924391681010483,-0.014553951580910166,0.0007425704246470446,0.06262370167499229,0.03801829310085125,-0.07366488986225135
2023,704551100,BTU,1055,0,0,-0.054671296897411466,-0.015280108885042318,-0.010546729852442285,0.10155051574323627,0.0796938761309768,-0.05784816716453533,0.08488136172972986
2023,292562105,WIREEUR,1056,0,0,-0.05212267041956944,,,,,,
2023,85209W109,SPT,1057,0,0,0.06300308435186439,-0.019055982788422868,-0.041763306457859146,-0.10773579276243136,-0.026834415485910854,-0.2779945280967184,0.12477245184138107
2023,114340102,AZTA,1058,0,1,-0.09582637906054581,-0.005671858634154675,-0.004187891316371838,0.05540337497036751,0.07947502293117166,0.1478629546294283,0.0836856319717405
2023,69404D108,PACB,1059,0,0,0.0013270979611594326,-0.007353433610254652,0.013879105935457998,-0.05211727410782153,-0.16667597703280362,-0.06840534498821074,-0.12986677751368084
2023,146229109,CRI,1060,0,1,0.0009054416702578326,-0.017327844007660183,-0.00668110276224744,0.0616995659138449,0.11267709620918828,-0.011363711138344473,0.14257968258372525
2023,69553P100,PD,1061,0,0,-0.03044743770462126,-0.0028980181787081095,0.008741857451665036,-0.029023232784131648,-0.33935943488505316,-0.5281008582187268,0.03369464411492676
2023,42704L104,HRI,1062,0,0,-0.006292049564981522,0.006752085109155922,-0.013254174698508037,0.11652255591179526,0.23071513242828995,0.19932633813490697,0.06425406478270838
2023,39874R101,GO,1063,0,1,0.006082610728568577,0.018618308154324054,0.05204219774604354,0.038117995693618095,-0.014198197828171197,-0.008100426410506588,0.11075230274657172
2023,78442P106,SLM,1064,0,1,-0.05251203040564192,-0.009568518630431764,-0.015345164510945001,-0.025471823893713882,0.02556624933349025,0.32689646596719735,0.025552697782011993
2023,45826J105,NTLA,1065,0,0,-0.0010949114573923285,-0.010543190815660965,0.01357909731307291,-0.1381547180045997,-0.21376566319639165,-0.11958619261411753,-0.0833373207170835
2023,004225108,ACAD,1066,0,0,0.02011970745851571,0.023270420117413648,-0.013430997402168333,-0.06804907595904927,-0.24391984115999008,-0.07005447034974108,0.06998312150395798
2023,78454L100,SM,1067,0,0,0.011169309919657745,0.03430085669382942,0.03732610052597674,0.11995548050528888,0.08315463626226292,0.09602306123828433,0.15696604647337783
2023,025676206,AELUSD,1068,0,0,-0.0531439504107461,,,,,,
2023,254067101,DDS,1069,0,0,-0.046418229014959206,0.012062731941833224,-0.0017907186315083042,-0.026404091105045224,0.11026490643353039,0.08706161786204777,-0.039071605868495805
2023,P31076105,CPA,1070,0,0,-0.0071034548658177165,,,,,,
2023,60646V105,,1071,0,1,0.012223162458327034,,,,,,
2023,98983L108,ZWS,1072,0,0,0.021595452665641068,,,,,,
2023,431571108,9HI,1073,0,0,0.006824150767535448,,,,,,
2023,45378A106,IRT,1074,0,0,0.005267549291067064,-0.005225947310654204,0.007881268731489206,-0.023243879632617936,0.0025872416893682644,0.07831563303860367,-0.01945383698381065
2023,880779103,TEX,1075,0,0,0.013994676055820514,-0.008532639090677467,0.004511262899109556,0.025340941293425723,0.12282184465698578,0.06154953153705791,0.023572084900825047
2023,524660107,LEG1*,1076,0,1,0.0022159651320079465,,,,,,
2023,62886E108,VYX,1077,0,1,0.007349110528567719,0.004554361385952799,0.0016693073773205143,0.0010054980283379974,-0.06696792902977226,0.0025914443221224225,0.036558843981946504
2023,45332Y109,NARIUSD,1078,0,0,0.03139232254431498,,,,,,
2023,919794107,VLY,1079,0,0,0.027059376842899118,0.0005324534241273327,-0.015997536878967142,-0.019562279197052806,0.016755327577161305,-0.04854814663131802,0.2862084401640774
2023,637870106,NSA*,1080,0,1,0.014887251802686524,,,,,,
2023,421298100,HAYW,1081,0,1,0.005651567306602291,0.012446151619749744,0.0031660271972480634,0.1145830918974009,-0.03407356376808665,-0.1445745257647238,-0.0011724597463952657
2023,57778K105,MAXRUSD,1082,0,0,-0.992647002015754,,,,,,
2023,92511U102,VRRM,1083,0,0,0.020654594426802543,-0.01353706310139303,-0.020568518473449468,0.026400531418375933,-0.013474615657206385,-0.10698351086353892,0.001353047821382714
2023,81725T100,SXT,1084,0,0,0.005335566103485762,-0.01789577874375689,-0.014169634607489712,-0.053176514151727736,-0.08129110968274098,-0.10628947071974995,-0.11201635234265253
2023,500688106,KOS,1085,0,0,-0.0015699376548598094,-0.04471675516730998,-0.07121245851417973,-0.0343121546485121,-0.19094732530318362,-0.33963886178983554,0.15433941129937753
2023,222795502,CUZ,1086,0,1,-0.01170432971095453,0.0014268481160849035,0.03448215588842485,0.05910970062093236,0.0647156933674307,0.0959194569601966,0.14336165122708072
2023,50050N103,KTB,1087,0,0,-0.02977467665575711,-0.017004331569535586,-0.009236611423723885,-0.01409460447777927,-0.005975022402743628,-0.20746426822507485,-0.016947824942177364
2023,12740C103,BXSEUR,1088,0,0,0.04431521734117649,,,,,,
2023,70614W100,PTON,1089,0,1,-0.012423389767686336,-0.003522362707516803,-0.011876039205481541,-0.23192027971725412,-0.04489873202938194,-0.32908647608183833,0.10888899206725353
2023,05379B107,AVA,1090,0,0,0.0005730985207675917,-0.02127013087110167,-0.022074431143482336,-0.01514727290920848,-0.0971974160265491,-0.07696896755590601,0.019259649580023724
2023,50189K103,LCII,1091,0,0,0.0072304936581332685,-0.005431316063780604,-0.014142918910312198,-0.015819622071303805,0.008331958172497947,-0.057317109013047485,0.038591273415968054
2023,004498101,ACIW,1092,0,0,-0.004348914950508174,-0.00266599933345827,-0.007198602279092495,-0.0024680477937325876,-0.11012896558312513,-0.2819936109841814,0.02117816144279888
2023,896288107,TNET,1093,0,0,0.01135250431285864,-0.017220473764983882,-0.029034451371780085,-0.08863928070221837,-0.10937371351575934,-0.033641219597476034,-0.0630229617530412
2023,018522300,AEBA,1094,0,0,-0.0047705139808241785,,,,,,
2023,501242101,KLIC,1095,0,0,-0.02259536223730812,-0.003834803595977685,0.004817076345378242,-0.004851327661417359,0.0566102304950173,-0.06268587493876371,-0.04217505338572704
2023,529043101,LXPUSD,1096,0,0,-0.0035473820724686075,,,,,,
2023,74340E103,PGNY,1097,0,0,0.001456553433927326,-0.01583318735052526,-0.021513035051811718,-0.030671549044586827,-0.08180270605907987,-0.09344496734964111,-0.010706414421548622
2023,314211103,FHI,1098,0,0,-0.07206471174467456,-0.006828290967701607,-0.05052143966742971,-0.061627974052013076,-0.04227702465611541,-0.1114152093291455,-0.022690509067636408
2023,85571B105,STWD,1099,0,1,-0.011268498398146776,0.010892520451989924,-0.01602316689705819,0.009480572975910059,0.059020412654024405,0.07228814953577081,0.08982182637913214
2023,875372203,TNDM,1100,0,1,-0.009461025014497151,-0.039130436617996325,-0.011159064860212897,-0.04307411693397244,-0.14742484205230122,-0.311833804848101,0.3317274031133377
2023,69007J106,,1101,0,0,-0.011036056434788217,,,,,,
2023,13100M509,CALX,1102,0,0,-0.004711767863759113,0.006034688355301365,-0.010733793077929583,-0.004258328294690701,0.14702800461824667,0.1228681078008848,-0.0012246126250752545
2023,G0585R106,AGO,1103,0,1,-0.0061930931644791284,,,,,,
2023,679369108,,1104,0,1,-0.007573842488548446,,,,,,
2023,039653100,ACA,1105,0,0,0.011890801267952835,-0.02762156735742893,-0.035842508673996604,0.00423909784222167,-0.008806462196003615,-0.015354262965279895,-0.018317668008655134
2023,000957100,ABM,1106,0,0,-0.03419210739244293,-0.005037521413852139,0.0022075118996992653,-0.010037937730446138,-0.05535378699288741,-0.10120128196795945,0.06415207115577247
2023,534187109,LNC,1107,0,1,-0.035094174629164955,0.008650533202692205,0.02792983041553148,0.10207704629290248,0.1355854661410097,0.23202301600878739,0.15234312705461514
2023,03831W108,APP,1108,0,1,-0.12149559979155063,-0.005625222016247189,0.02829309235638775,0.02044265691173491,-0.30378890020364857,-0.15162287568367322,-0.06618223318876039
2023,22002T108,CDP,1109,0,0,-0.017353089082702583,-0.015173925280005232,0.016501568145287936,0.0013644666784469513,0.019564347751938587,0.0560872994498455,0.11940283658662097
2023,589378108,MRCY,1110,0,1,0.04510604031659398,-0.03301929593960265,-0.17630891896194395,-0.15557835473420784,-0.19789736973358985,-0.35846284052442656,0.018653957558753372
2023,71844V201,PECO,1111,0,0,0.18659440717700432,4.330045190917113e-05,0.008472037887673136,0.017295976999075525,0.11888514003111926,0.04598263797769006,0.07931645008641036
2023,313855108,FSS,1112,0,0,0.0020615585522403396,-0.0039031029415846656,-0.009402917655084043,0.016412681730485844,0.10031598106124563,0.0531121230898883,-0.04587789212849578
2023,45826H109,ITGR,1113,0,0,0.007365640068454037,-0.00036405705166545326,0.007553691594155664,0.01662834077052296,0.02164066700760232,-0.03265782366478406,-0.05523004906268232
2023,90400D108,RARE,1114,0,1,0.01528815628747247,-0.01614872981346315,-0.05966736443109512,-0.10555846885350109,-0.2133529631215744,0.1509916267822048,-0.24891942749809434
2023,32051X108,FHB,1115,0,1,0.022059872613951082,-0.0013459589906621196,-0.00799353236873613,-0.023882870045209347,0.07540447040805567,0.020788330813621376,0.24163851132686992
2023,267475101,DY,1116,0,0,-0.029145291094601403,-0.02172171562326862,-0.01699205435803426,0.07057607897238433,0.06365791581860286,0.019812025084114976,-0.006853587695261528
2023,349853101,FWRDUSD,1117,0,0,-0.02512329134918018,,,,,,
2023,74051N102,2655957D,1118,0,1,-0.04561089593252852,,,,,,
2023,68213N109,OMCL,1119,0,0,0.011937524402626193,-0.004554184799430868,-0.012109560281843417,-0.032782842657477676,-0.1582345399935068,-0.09030614799417258,-0.2505840345792477
2023,90984P303,UCB,1120,0,0,0.01510303443454893,-0.007902753759619727,-0.015751750771116194,-0.002205881977352008,0.08480212714256855,-0.002960551945199605,0.1982766129208354
2023,556269108,SHOO,1121,0,0,-0.0015885491889242162,-0.030661215475021597,-0.06538607886499825,-0.05034420537040098,-0.020936352550609758,-0.1698006140747988,0.037606639732708155
2023,13057Q305,CRC,1122,0,0,0.04116840149238564,-0.004319519133957932,0.0013409945670462484,0.07355621274505295,0.11455123473764206,0.1257066146989218,0.1650825998337817
2023,093712107,BE,1123,0,0,0.11900442168611554,-0.03163554293386015,-0.03536576627141763,-0.016658128165983773,0.06129313835854374,-0.10299854319624238,0.12411715910609915
2023,37637K108,GTLB,1124,0,1,0.11827753178760234,0.001258804498696607,0.07839401130179159,0.025341467882713832,0.37608516102044603,0.44292298980130773,0.00046534976546396337
2023,957638109,WAL,1125,0,1,-0.06455983909287298,,,,,,
2023,012348108,AIN,1126,0,0,-0.011872532198635606,0.0038219516660634063,0.008308092542981852,0.029058858892535327,0.03609834017907343,0.05323497861305808,0.0352154568873483
2023,198516106,COLM,1127,0,1,-0.011581740709041955,-0.0027080843150636656,0.0005972555376461512,0.012234976580469159,0.0022336031053202137,-0.11362422503505276,0.037464602192528076
2023,29605J106,ESAB,1128,0,1,-0.007028521044088477,-0.015484864016257142,-0.03351988841521145,-0.016278155975497085,0.02308385010877203,-0.054746335697016694,-0.004865009929261121
2023,82982T106,SITM,1129,0,0,0.055938202078501344,-0.033074913842476406,-0.01098632005728789,-0.004587934300124184,0.15212316092725756,-0.1873958398040277,0.02174034384925857
2023,615394202,MOG-A,1130,0,0,-0.003208932697116373,-0.02131753263940037,-0.036735917296990134,-0.006100535721059952,0.022232373501391962,-0.03315064760235107,-0.009006210955319281
2023,70959W103,PAG,1131,0,1,-0.11263397936369943,0.017834679019804456,0.025159284520379077,0.04863132090864966,0.04844193535526985,-0.014048208921581894,-0.020360673359834824
2023,82983N108,SB9,1132,0,0,0.026832782949925974,,,,,,
2023,03784Y200,APLE,1133,0,0,-0.002416845130338719,-0.009071812887685743,0.004965313448008005,-0.003950305474785353,-0.025768533562234186,-0.0006740437543296153,0.029329841578650144
2023,15687V109,CERT,1134,0,1,-0.002122501628062089,0.007796799270857156,-0.02804262764299942,-0.025568008301467177,-0.28845724467066214,-0.5368650390916562,-0.03749511277915242
2023,45827U109,INTA,1135,0,0,0.07087122596396866,-0.009374990870515545,-0.1790330298826793,-0.2020564235128595,-0.09517449389901886,-0.2300691433086379,-0.33127962863526306
2023,922280102,VRNS,1136,0,0,0.011459440732493945,-0.008685878364437084,-0.021116640745811613,-0.00640341575694579,-0.05320690461145057,-0.13762427745348424,-0.016148843985509462
2023,09627Y109,2655787D,1137,0,0,0.004424287464305911,,,,,,
2023,410120109,HWC,1138,0,0,-0.007017456395693209,0.0033411094255709605,-0.002021054445900384,-0.04729366686296517,-0.0018810365351881603,0.1281418831260271,0.13999769792308298
2023,775133101,ROG,1139,0,0,0.03895436903525322,-0.004741571779094824,-0.02544974501864996,-0.007466022254107089,-0.10929036871024764,-0.18270178652815053,-0.008417900341639152
2023,928298108,VSH,1140,0,0,-0.027814043058445658,,,,,,
2023,05465P101,AXNX*,1141,0,0,-0.005221223612666707,,,,,,
2023,810186106,SMG,1142,0,1,-0.002301350819449921,-0.008078376087999769,-0.010859266245872207,-0.0558879940357631,-0.27153002082161065,-0.46777418661300585,0.04250509687143395
2023,12047B105,BMBL,1143,0,0,0.005887994667783086,0.006202783392397463,-0.031485688169158546,-0.04153299352765069,-0.08375597565017515,-0.10939629209027885,0.06265637822905554
2023,12653C108,CNX,1144,0,0,-0.01794452482510108,-0.004497053582571582,0.009731066619179603,0.040971265555475034,0.044401762894206526,0.02690374593104624,0.06774180403363778
2023,10806X102,BBIO,1145,0,0,-0.011553462399300043,-0.023073174102973923,-0.08125046389596355,-0.06522478171891637,-0.025476604243744358,-0.39259673220133096,0.564233151217437
2023,86881A100,SGRY,1146,0,0,0.026148575186730923,-0.008700163696731548,0.027000610034557088,0.049257341631063836,0.051275777484321564,-0.013957490199771948,-0.14585000700319584
2023,747316107,KWR,1147,0,0,-0.02082233895072364,0.010542944410555526,-0.003776012866528941,-0.009527166086272982,-0.15235134575932757,-0.1856067066570938,-0.062321762499524085
2023,926400102,VSXY,1148,0,1,0.011235690209894351,-0.030409742824638437,-0.03196916211733819,-0.0058146746669841785,-0.2759035275250389,-0.4384302710636947,0.1618092318855015
2023,75615P103,RETAEUR,1149,0,0,0.11223588499220676,,,,,,
2023,55087P104,LYFT,1150,0,1,-0.007091986725072692,-0.005850071051798293,0.04379446580866385,-0.06041291987063169,0.1663812304314073,0.14420906656374421,0.1504057677569784
2023,84790A105,SPB,1151,0,1,-0.006617581334877248,-0.013144425162431417,0.0012602582297390787,0.023585272758809287,-0.020967215176873822,0.09436281026424179,-0.03456211976985349
2023,53190C102,LTH,1152,0,0,0.005754459596236878,0.019253064730695057,-0.012718892315398501,-0.10854980442347084,-0.1922126041190473,-0.1279403023240765,-0.015908855104437316
2023,500643200,KFY,1153,0,0,-0.036446321606794715,0.0017074888754994213,0.021749752367732807,-0.011512134115376733,-0.04627562175692496,-0.05110960191753718,0.04561217225867861
2023,50187T106,LGIH,1154,0,0,-0.02374086438423057,0.004620103267130186,-0.007129419152398454,0.012097012429715382,0.02837797225498633,-0.04782396115783926,-0.03642264866332065
2023,76118Y104,REZI,1155,0,0,-0.00019549507046144336,-0.009396233356380478,-0.016814947363295515,0.004152711486527971,-0.038667397311961074,-0.09777193198684281,0.006721185500356825
2023,753422104,RPD,1156,0,0,0.040159739884911325,0.019780832700890486,0.017904860173343307,-0.02318313918299044,-0.09313403900009379,-0.19278995498880785,-0.027034698942358062
2023,32055Y201,FIBK,1157,0,0,0.012155582991786493,-0.00014213108194969723,0.008697938690015058,-0.010317732158235234,0.054227265336590974,-0.025826021194397978,0.20684250421142375
2023,904708104,UNF,1158,0,0,9.141933176821778e-05,-0.02001073359012396,-0.011907091514128727,-0.12034464265360027,-0.09827394439896689,-0.10739111276968236,-0.07460037611154734
2023,436893200,HOMB,1159,0,0,0.021684092753094,0.0037905912572598656,0.0015807536269884584,-0.03334186772283476,-0.010206327532111658,-0.03451970027885738,0.023680906240697776
2023,130788102,CWT,1160,0,0,0.04893512241651347,-0.03273418305798076,-0.035192570037419685,0.008357381403380283,-0.08897596266761831,-0.08843696270586657,0.05110255834905969
2023,894164102,TNL,1161,0,1,-0.03125691626261846,-0.01986269260827836,-0.03392977503945784,-0.04366646903216226,0.009446777997474533,-0.009256803587256321,0.02405564126559271
2023,099406100,BOOT,1162,0,0,-0.01095778973018738,-0.01805202590523102,0.01827887882656324,0.07174593175558823,0.14764541900926625,-0.05636401237340476,0.08844704854677987
2023,761330109,RVNCEUR,1163,0,0,0.06854357347474457,,,,,,
2023,743312100,PRGS,1164,0,0,-0.03275592268775631,-0.028788045889359792,-0.05473546696704181,-0.07293997834169773,-0.08353568313254232,-0.18741251397841802,-0.0012959606071507451
2023,60786M105,MC,1165,0,0,0.15679081059877184,-0.017096177468949442,0.002933922228373978,-0.022809780320091184,0.14110115155666955,0.08157759294351129,0.157841501177458
2023,029899101,AWR,1166,0,0,0.010481208871868004,-0.024276646757290573,-0.02312766287343077,0.012093445782820591,-0.036304108988603076,-0.0077728705675465595,0.03974464427838863
2023,89469A104,THS,1167,0,0,0.01097842455163097,,,,,,
2023,22410J106,CBRL,1168,0,0,-0.022941052075395603,-0.013246089032389052,-0.005002575983546493,-0.044090547750174874,-0.1905245937255544,-0.299330893314456,0.008872638685828544
2023,00123Q104,AGNC,1169,0,1,-0.06416002399892486,-0.008108227215322578,0.014370218273267236,0.013099663027512823,0.10692457146221027,0.0593166500918344,0.029394922177860414
2023,149568107,CVCO,1170,0,0,0.002475147626308992,0.013521698928089805,0.008646953583522396,0.04212208429072081,-0.07722872344720015,-0.2596464096469043,-0.03548489759992453
2023,78473E103,SPXC,1171,0,0,-0.017727816299297542,0.004559707489291347,-0.007602024937185916,0.0047659772372280005,-0.016478112251827805,0.035797817527284566,-0.07950539114083216
2023,73939C106,,1172,0,0,0.044090105315720975,,,,,,
2023,11135E203,BNL,1173,0,0,0.014937314948591449,-0.00853315918478885,0.002831564051778441,-0.05475737394510968,-0.05987848001173869,-0.10420427743380337,0.08616580030803944
2023,35905A109,FTDR,1174,0,0,-0.049073712091243525,-0.0023697070659008043,-0.00721342342828433,-0.03322330938818499,-0.14430450347191243,-0.16753450744084517,-0.024461368080474596
2023,443320106,HUBG,1175,0,0,-0.061576597952001474,-0.007206385855067126,0.005151592123334223,0.01723945170961945,0.047573324617306484,-0.06962670259860997,0.08117419665426233
2023,902788108,UMBF,1176,0,0,0.020663833568841362,0.015057824072778966,0.018505445916472775,-0.027270174265292733,0.0005709230111373281,0.0988887102778423,0.20316363764595863
2023,45780R101,IBP,1177,0,0,0.03736139662802207,0.0385493491285485,0.03881150610547944,0.12412547045085472,0.12156479667273047,-0.00023624122580970242,-0.00913235812126729
2023,24823R105,DNLI,1178,0,0,0.009389507266366684,-0.04883982962860603,-0.07257178402566362,-0.12037684281938153,-0.18566925004696821,0.0642043994262134,-0.0928141939384172
2023,03676B102,AM,1179,0,1,0.02782882923154473,-0.0029302967755922803,0.0007159489520957504,0.06594625027212023,0.03439634128066565,0.033584259495190075,0.08318320689614507
2023,127203107,WHD,1180,0,0,0.011560125724718474,-0.006711407716052751,0.02297141773225608,0.08665064408684518,0.18831796395494366,0.12018472040966094,0.26170470991425626
2023,45768S105,IOSP,1181,0,0,-0.10518895691275314,-0.005150734038786345,0.0024797403720784525,0.011657079057671412,-0.017249019474788296,-0.04103840334658685,0.08474535791588492
2023,76680R206,RNG,1182,0,1,0.032576857750404135,0.003649004514907239,0.018414112256493156,-0.04782411426468501,-0.0643848215852848,0.10453450882523732,0.1498647714939696
2023,36251C103,GMS1EUR,1183,0,0,-0.028587389066553948,,,,,,
2023,87265H109,T86,1184,0,0,-0.0190568905542856,,,,,,
2023,665531307,NOG,1185,0,0,0.06212294107033148,0.003273479962867481,-0.007329335944155441,0.036959782922420734,0.006489870715982685,0.016818281381809637,0.09488951022583181
2023,407497106,HLNE,1186,0,0,0.02079394382195848,-0.010398720699736167,-0.01014428170876193,0.028391137052660206,0.09141863600717964,-0.027289176605979973,0.09391801339482057
2023,32020R109,FFIN,1187,0,0,0.019235202356548794,-0.01293871734154771,-0.0166797451940078,-0.02393427447401602,0.007293575624432738,-0.09956045977379942,0.13762168790837487
2023,465741106,ITRI,1188,0,0,-0.009183301089757111,-0.01432276952479617,-0.046867941034484425,-0.026342711720584833,-0.059805268717581926,0.036970337411250415,0.008170173949908733
2023,950755108,WERN,1189,0,0,-0.03171136647122408,,,,,,
2023,10922N103,BHF,1190,0,1,-0.01724928019010469,0.005173923565509626,0.020589716516827134,0.06861797391092005,0.10358516101264245,0.08876117593836884,0.12719311187888632
2023,488401100,KMPR,1191,0,1,-0.001974472201274273,-0.00785129972192217,0.05515059753916764,0.09221345577171233,0.05371743282612187,-0.07710773031348492,0.004068781374697313
2023,703481101,PTEN,1192,0,0,-0.013474588333043946,0.007909148418115955,0.010704708176651,0.11121819622323409,0.13095311266752213,0.1935180585542333,0.3245387036699317
2023,382550101,GT,1193,0,0,0.004218081202965988,-0.014375913195578134,0.007574509785042559,-0.008270815553719581,-0.17280873560608617,-0.02603274835871635,0.07594621350663774
2023,47074L105,JAMF,1194,0,0,0.022334134666710106,,,,,,
2023,03966V107,ARNC1USD,1195,0,0,-0.01573625628134789,,,,,,
2023,346375108,FORM,1196,0,0,-0.02315723614305906,-0.02643559956996283,-0.027870625708842106,0.04706340767221472,-0.03475072034147055,-0.23144037147906962,0.026565124538158208
2023,64115T104,NTCT,1197,0,0,0.012168675910467979,-0.012124327829562926,-0.011859652923907695,0.04640210212737402,-0.0324125781769442,0.029141423048260198,-0.0061653938895237445
2023,531229409,LM03,1198,0,1,-0.0009176677352219261,,,,,,
2023,729132100,PLXS,1199,0,0,-0.00111202921379879,-0.016100607461546047,-0.021684663325799977,0.04517204956386313,0.12543922814589986,0.05060396903486208,0.09618308360789324
2023,377322102,GKOS,1200,0,0,0.025646034524462735,0.011416404488852751,0.060271887765921926,0.021185507969132208,0.061163962816469006,0.03765587614048421,-0.02231959554935197
2024,36262G101,GXO,800,1,1,0.04414090351773581,0.02610827645672255,0.02832600807968659,0.04153059816476656,0.018693971892518594,0.11656923586744358,0.157471282545258
2024,624756102,MLI,801,1,0,0.01158795768244935,0.010884315380431782,0.002133739943535065,-0.00689826035432474,-0.08699641122482993,-0.013539223916555498,0.17696703072434564
2024,67000B104,NOVT,802,1,0,0.010414397175633132,0.007803528899342483,-0.01029740297705432,-0.03611608070945635,-0.034981715257026154,0.005231190709765753,0.14219073340489843
2024,G8060N102,ST,803,1,1,0.02628763599457637,,,,,,
2024,09627Y109,2655787D,804,1,0,0.016960229349958857,,,,,,
2024,577081102,MAT,805,1,1,0.187013248256752,0.0018005395691264967,0.003899167210303285,-0.05041800453670296,-0.08875136608618542,-0.14345080678422367,0.19725378310429012
2024,626717102,MUR,806,1,0,0.01168271712548014,0.004638957328921664,0.005013005257627679,0.011425334897021041,-0.05384388810856018,-0.11596566774711681,-0.01516420322809763
2024,784117103,SEIC,807,1,1,-0.008823869875041324,0.009258880101859717,-0.001218885732670147,-0.023051808167252153,-0.061806967384782786,-0.10169572243393438,0.04421583737265775
2024,70438V106,PCTY,808,1,1,-0.03975629062088872,0.0037255398014650835,0.006561804568977973,-0.012922923506438753,-0.11401773448122637,-0.1598236076102714,0.15595013028787355
2024,576323109,MTZ,809,1,1,0.012327008584040384,-0.015036289283768317,-0.05908608820630823,-0.11976784788516173,-0.23818300028600378,-0.08134199624164828,-0.04211398494834663
2024,073685109,BECNUSD,810,1,0,0.0040161922160082625,,,,,,
2024,47233W109,JEF,811,1,1,0.062468078403369175,0.02067304796351414,0.08219620578803764,0.08835113661334962,0.05547271583747301,0.08052806098677466,0.13300044224041413
2024,462222100,IONS,812,1,1,0.016829150968079076,0.015638100196208378,0.00026672969719350806,0.18308493837080658,0.334967559155783,0.3284521070557014,0.13560252912743462
2024,428291108,HXL,813,1,1,-0.013205202319010113,-0.012946801107611466,0.0040040113948087985,0.007632064895368667,-0.06037092135746863,-0.07490566185943066,0.07600096557620463
2024,98311A105,WH,814,1,1,0.04652280982981149,,,,,,
2024,737446104,POST,815,1,1,-0.012128963179642646,0.00393477354224306,0.00207677064726452,0.011500121580434883,-0.03052731324888333,-0.07652193058130041,0.027956788198084285
2024,30161Q104,EXEL,816,1,1,-0.025379046755857473,-0.0009926094293695549,-0.001379955312180491,0.03192269587467937,0.11087938495734553,0.04969980391137851,0.05756871350338481
2024,10806X102,BBIO,817,1,0,0.02521792334751897,0.019159183362963732,0.08438993765310429,-0.006549576078503448,-0.02931403212020156,0.10207185161902582,0.14376479779179682
2024,148929102,CAVA,818,1,1,-0.031107402866451434,0.014343273724750041,0.020998685486032453,-0.061836692810396596,-0.17104983337592608,-0.08345504908043018,-0.23111074709189733
2024,559663109,MGY,819,1,0,-0.008301447274269954,0.0045129488943663025,0.013667069098034805,-0.00260745330560899,-0.055463854872125545,-0.128977579090337,0.019948316183257354
2024,224408104,CR,820,1,1,0.01865621455207353,0.0059343712857299665,-0.004333236726870216,-0.0280416738332588,-0.09292819506763983,-0.03382598439569235,0.07676582464127252
2024,N72482149,1QGEN.MI,821,1,1,0.15995269628879152,,,,,,
2024,558868105,MDGL,822,1,0,0.09979987822480557,-0.01304445953450756,0.018630126599829072,0.07753224061163021,0.23262053061392313,0.15581787728878937,0.005584400347855296
2024,00090Q103,ADT,823,1,1,0.05403501441051376,0.0012368855641202913,-0.031309280579065235,0.012231687888540845,-0.004290782561970279,0.14780064921859237,0.026790270913925537
2024,78454L100,SM,824,1,0,-0.006783232883301804,-0.0003994199551908169,-0.10716313502815047,-0.11520362427749922,-0.18356002998108065,-0.2875594685099196,0.021988859220851347
2024,840441109,SSBUSD,825,1,0,0.02476567232280643,,,,,,
2024,147448104,CWST,826,1,0,0.025662591783592294,-0.0035386205777979654,-0.02158514303450762,-0.005029768579029113,-0.04815793510374247,-0.05321977343727263,0.01167935910543515
2024,68404L201,OPCH,827,1,0,0.04225253224833597,-0.00408785911351053,-0.022004327160300926,-0.030248136017121036,-0.0893588495682316,-0.05965914259746406,0.14723309998634831
2024,92556H206,0VVB,828,1,1,-0.033144567418815635,,,,,,
2024,34354P105,FLS,829,1,1,0.01323828842900437,0.007123648752566447,-0.017701651359608564,-0.05131501810840308,-0.10813700628648058,-0.06587104020892916,0.03344994437026642
2024,69318G106,PBF,830,1,0,-0.04598438268022573,0.024320102798421377,0.027912116289415957,-0.04660979143962095,-0.12984966974422438,-0.28201708464292635,-0.15940952468429787
2024,552848103,MTG,831,1,1,-0.00963433954928361,0.01896471092113087,0.025468509602561168,-0.007721841822549393,0.020600421999811484,-0.023646694490140993,0.13858034090373636
2024,09739D100,BCC,832,1,0,0.021891254805768662,0.013807468846173879,-0.0001256842104043164,-0.0588215417389939,-0.18543125422789766,-0.22026023685620216,0.1878583088534351
2024,92047W101,VVV,833,1,1,0.028118849456528476,0.013676013357506248,-0.012519234525502694,0.04116657434702778,0.05272372854069789,-0.06129426776744629,0.05475641881782139
2024,72346Q104,PNFP,834,1,1,-0.0016364817825325242,0.04145865689700527,0.038585863589369385,0.010374465800321295,0.008734931304157076,0.06096135773492377,0.2230690352916603
2024,008492100,ADC,835,1,1,0.07205257893146634,0.007630269362127556,0.013333331347338264,0.018670044580410827,0.05833123178983998,0.13765538747665937,0.13239913046451698
2024,960413102,WLK,836,1,1,-0.008239953241328247,,,,,,
2024,942749102,WTS,837,1,0,0.024607365245380798,,,,,,
2024,88025T102,TENB,838,1,0,0.011132476217661336,0.023244542960200988,0.04818174354639191,0.09002959897644741,-0.018489586878484694,-0.04687781489806186,0.02588775094509941
2024,497266106,KEX,839,1,1,7.71943889594266e-05,-0.003039413773905504,0.00445357848598329,-0.03336316599833044,-0.1361215685262952,-0.011803157663069918,-0.06263285858740537
2024,04247X102,AWI,840,1,1,0.005740203697278295,0.007096082629468976,-0.007736191260918509,-0.0330327713235195,-0.08418222837149783,-0.15308639177847083,0.12552120999931057
2024,55405Y100,MTSI,841,1,0,0.022683116290289775,0.0231921883426126,0.019875632109487156,0.09118944791553928,0.052734605281989345,0.03266781718431096,-0.11589743156581886
2024,31847R102,FAF,842,1,1,0.007280489236327504,0.014124705287892522,0.012464732253039519,-0.01143039977197418,-0.016576756400849692,0.0029255840959394527,0.15361815368180395
2024,531229789,LM0C,843,1,1,0.008116713235247356,,,,,,
2024,65336K103,NXST,844,1,1,-0.05335978824224728,0.042781942035096325,0.06317764406718467,0.059810016046434114,0.03546175355335973,0.017503679206701064,0.1165038121735373
2024,844895102,SWX,845,1,0,0.010097637025770528,-0.0259415052685043,-0.06541583313619376,-0.07555912062625902,-0.1072612204655565,-0.1461142194043834,0.018269108054734258
2024,76155X100,RVMD,846,1,0,0.05998630078089074,0.010344246839736478,0.005779019229650682,0.017939795883232718,-0.056135648807917285,0.07539283736074077,0.13578410117263193
2024,01626W101,ALITEUR,847,1,0,0.06202714894178976,,,,,,
2024,546347105,LPX,848,1,1,0.03259436887404152,0.0017873183977762843,-0.008803400852257623,-0.10289580914576335,-0.1927884475218905,-0.13630967956126555,0.13211327484823313
2024,816300107,SIGI,849,1,0,0.019020563514878047,0.012987083704033075,0.03751006062547869,-0.006756583536613309,-0.016763261847974716,-0.06403522384174128,-0.035387193413169885
2024,98980F104,GTM,850,1,1,0.02605750329839829,,,,,,
2024,74967X103,RH,851,1,1,0.05407753434103341,0.034421289423040694,0.09626719468039897,0.1061690999014315,-0.08611456118339418,-0.14659595990046126,0.2367837779099225
2024,749607107,RLI,852,1,1,0.022020119709875104,0.0052554679385554545,0.012994464933533192,-0.030582715723661287,-0.034231801447880066,-0.05848895914579606,0.04589898699572108
2024,30190A104,FG,853,1,0,-0.000367824520458401,-0.014274419735010885,0.0015371322782822012,-0.0038558806212994822,-0.029414796941716326,0.0287072140629208,0.16484101869762793
2024,008252108,AMG,854,1,1,-0.023727344954909586,0.006673460551052873,-0.012155589905551293,-0.010986316773196267,-0.05660178857734041,-0.07490408885997103,0.16536917794620384
2024,86614U100,7SU,855,1,0,0.017371829802983893,,,,,,
2024,537008104,LFUS,856,1,1,0.031098506676008872,0.0063079485380953875,-0.030619515640585668,-0.04161782489551176,-0.040654269530076656,0.10387409368089298,0.04197823939794888
2024,28618M106,ESI,857,1,1,-0.006366940889166892,0.01565824835832714,-0.0045767022316309,-0.007114016923136776,0.09793368102341035,0.08229170171300773,0.005552309135097529
2024,043436104,ABG,858,1,0,0.013384260207038009,0.014235850243062769,0.03019499742313331,-0.017424876438628646,-0.059061854551189466,-0.014474622291593214,0.12951675902115892
2024,G491BT108,IVZ,859,1,1,0.010258008706816833,,,,,,
2024,681936100,OHI,860,1,1,0.07552186403382322,0.017618773445222103,0.0172771186213539,0.03029804845851486,0.07954510668893641,0.10328152814746441,0.07472090632520377
2024,26210C104,DBX,861,1,1,-0.05045572055550158,0.009942829030677426,0.042568790858885215,0.08026915216635985,-0.011550971268813536,0.09360740107586873,0.1353319250162705
2024,808625107,SAIC,862,1,1,0.009741302764558578,0.005603255756514942,-0.01918610974868315,-0.022475538629622364,-0.1805172612460306,-0.11877101482458688,0.04742090747839043
2024,43283X105,HGV,863,1,0,0.0062576146279858524,0.03214047079318989,-0.0010066005325106465,-0.03343568368946468,-0.07428087982005671,-0.10517584971569614,0.08161891590807453
2024,81730H109,S,864,1,1,0.10795039073474526,0.0268707524231879,0.07213080628232514,0.13511027931200378,-0.0334435360998947,0.05957887178365086,0.14441012983103876
2024,48666K109,KBH,865,1,0,0.06760087213892749,0.017134700173049775,-0.017023560910366692,-0.06547612679950593,-0.08795393514861413,0.010613836997439804,0.20832188848149813
2024,858912108,SRCLEUR,866,1,1,-0.13177873847245772,,,,,,
2024,013872106,AA,867,1,1,0.06614039186292799,0.029048488005714752,0.002574380992367814,0.02548966839193216,-0.17901569271495904,-0.061577354728228235,-0.21940976549692964
2024,549498103,CCIVGBP,868,1,1,-0.00021080975965664464,,,,,,
2024,02553E106,AEO,869,1,0,-0.011909374685399807,-0.0017989787998290568,-0.0597660370075071,-0.020580625218823666,-0.266658220741719,-0.318035981640616,0.1089017679079675
2024,957638109,WAL,870,1,1,0.01994803525614046,,,,,,
2024,G4474Y214,,871,1,1,0.0009549317113368744,,,,,,
2024,000360206,AAON,872,1,0,0.029606196113098622,0.010241819805944047,-0.013317402271786533,0.06597246431743858,0.11771238466639986,0.03139853594758391,0.015972932386134515
2024,00751Y106,AAP,873,1,1,0.0571967252073357,0.01452563098103516,-0.03155345214866639,-0.11459977843360625,-0.08255779477889692,-0.27801055965678545,-0.022628968600900357
2024,681116109,OLLI,874,1,1,0.022251306875755616,-0.00016306323532017737,-0.0006784110894211509,0.007912521162664835,0.18762017971477707,0.26124387137694227,-0.0029774454748656837
2024,302081104,EXLS,875,1,0,-0.0017515692393245325,0.013155469352568637,0.0252442003675459,0.08630330736724724,0.04116109256172733,0.03953629832025972,0.11809284907132903
2024,035710839,NLY,876,1,1,-0.012928076738852688,-0.027504222055606535,-0.06257043805702092,-0.05374084798579432,-0.040919799697262484,-0.006643593646805147,0.062251999929455855
2024,021369103,ALTREUR,877,1,0,0.07751605520705548,,,,,,
2024,87161C501,SYU1,878,1,1,0.016378615175874803,,,,,,
2024,670703107,,879,1,0,0.035813972698565275,,,,,,
2024,922280102,VRNS,880,1,0,0.045173908796760275,0.04956151052862632,0.09294872699625872,0.07184316575105966,0.0011368403941339408,0.057683842785265546,0.033391901367420235
2024,G0692U109,AXS,881,1,1,0.002339217807181861,,,,,,
2024,127055101,CBT,882,1,0,0.016282788781978516,-0.01275338644486551,-0.06096675062123829,-0.09371052009842253,-0.19589440793019974,-0.1408521639646814,0.043251125005509566
2024,78473E103,SPXC,883,1,0,0.012693098601184755,0.010548890282673421,-0.020727022312088568,-0.03984573418449755,-0.0834988367580924,-0.004208619116304773,0.005853654651263971
2024,577933104,MMS,884,1,0,0.014296753277850955,-0.017732216036633882,-0.02397503756839571,-0.03867094925696319,-0.026551532701544395,0.03742473276234093,0.08678494239678194
2024,887389104,TKR,885,1,1,0.00730049940175831,0.007435457697837292,-0.011087137718174832,-0.036977013345140905,-0.09964509041306446,-0.09328425661656249,0.06896170977874082
2024,607828100,MOD,886,1,0,0.056604126130407745,0.026352487585590143,0.05571765170231577,0.05941819243539559,-0.08224575214938508,-0.1913674086664387,-0.038854817982024704
2024,78351F107,RYAN,887,1,1,0.08478453085297832,-0.010341721884673154,-0.020564546591971614,0.013119488792838772,-0.004735233446414269,-0.03606591083625592,-0.003960578510784751
2024,78442P106,SLM,888,1,1,-0.02726808965160811,0.016229829263288177,0.00794394765535897,-0.013726089648979865,-0.03814040242656811,-0.06273687772643663,0.07750211142241673
2024,33768G107,FCFS,889,1,0,0.000494939296952543,-0.00523911735892945,-0.027061013883848767,-0.056639685384671914,-0.167238957062217,-0.19600880035567741,0.04235966135735254
2024,40637H109,HALO,890,1,0,-0.0029161807025481884,0.016793072065637404,-0.0010627377931210179,0.013756612514470322,0.14584748636910982,0.1835519414575968,0.045463859202930855
2024,733174700,BPOP,891,1,1,0.029293515133225864,0.030146726921228523,0.0248808506892396,-0.0010586640531374063,-0.06017640138655974,-0.006816584145444296,0.14531590272906791
2024,68268W103,OMF,892,1,1,0.04738711058947411,0.013708494405660908,0.004194274727267775,-0.025939188493143438,-0.013586104599307964,0.0025091190948905006,0.09397760969615765
2024,361448103,GATX,893,1,0,0.022959447169859357,0.007500619523786265,-0.00045897712605257046,0.011939312623676574,-0.027842314637161955,-0.03986519106710229,0.02703621177261483
2024,377322102,GKOS,894,1,0,0.05236193719628391,0.010319515777285565,3.732615533546743e-05,0.051688562234649474,-0.013466673082900539,0.08858571516969654,-0.0351738239568498
2024,83200N103,SMARGBP,895,1,1,0.01329820006895673,,,,,,
2024,G39108108,,896,1,1,0.007969228595498713,,,,,,
2024,98983L108,ZWS,897,1,0,-0.005279605666372441,,,,,,
2024,29670E107,EPRT,898,1,0,0.043257184926947155,0.008237042418421808,0.013818693592059242,0.039085057648704735,0.053788105411890726,0.08607979976316064,0.09607380736950773
2024,338307101,FIVN,899,1,1,0.06820667378456924,0.028760518558057273,0.08248960690821631,0.10074963399790465,-0.01885455365914859,-0.037676366526026246,0.14381205600129976
2024,743606105,PB,900,1,1,0.028033819928837054,0.019884506974332698,0.024193971990086827,0.01068045442197325,-0.02201265526351003,0.04106518843852458,0.19530943315636176
2024,25659T107,DLB,901,1,1,-0.006913672933575043,0.004431968071099987,0.025642189962272258,0.011649767237987595,0.018594466530858837,0.015418443963390998,0.026442027493184375
2024,044186104,ASH,902,1,1,-0.010617405767793497,0.0009670210494475088,-0.03580662698176419,-0.06647556761630186,-0.12069816101441314,-0.14800213866814632,-0.024311507241263318
2024,200525103,CBSH,903,1,1,0.021608672213202968,0.0224145394493337,0.01811693909545636,0.032299761593275696,-0.0019146924977179918,0.0740197168113319,0.1634900943619727
2024,23345M107,DTM,904,1,1,0.010787114975865444,0.0017149281505677125,-0.006561138228376338,-0.021290332807749068,0.005346544117532213,0.01940767382869695,0.01290846152553736
2024,294600101,ETRNUSD,905,1,0,0.03387074501010714,,,,,,
2024,81211K100,,906,1,1,0.006705596219687242,,,,,,
2024,703481101,PTEN,907,1,0,0.036266131746958835,0.02509172774946962,0.004180077242844429,-0.029722653420862458,-0.10668529683738995,-0.11451713821190389,0.005995363680117851
2024,00402L107,ASO,908,1,0,0.05716034777837101,0.004889503463240552,-0.032931219937670474,-0.008306710579537184,-0.04884639282457112,-0.07391733721330958,0.06325230974539864
2024,011659109,ALK,909,1,1,0.06343668872800484,-0.0047855692098652345,-0.013756035090058474,-0.09265832726110292,-0.11167599057409998,-0.07647351974366393,-0.03853162986771418
2024,03783C100,APPF,910,1,0,-0.024379512848842134,-0.01342506920311899,0.010817902027737542,0.046248488808948475,-0.02860026061689215,-0.12930679110794135,-0.09901885905410529
2024,225310101,CACC,911,1,1,-0.000441808178708836,0.045042254407407833,0.04777006688243392,0.08021088912414429,0.07807180398206415,0.04595008192194529,0.14527424563701571
2024,750236101,RDN,912,1,0,-0.0022570356622533144,0.014454952840618464,0.0213154748351688,-0.0035332127478413726,-0.010239478762948829,-0.06413669155072285,0.17211712820056582
2024,412822108,HOG,913,1,1,0.012508428553968557,0.010793345033398008,-0.03359481968520173,-0.04506776339686358,-0.09335103101821225,-0.21329831295884583,0.15040505896532536
2024,830830105,SKY,914,1,0,-0.0004842261510225577,0.01470628686105922,-0.01671319607248932,-0.05689570637804847,-0.06409027612695731,-0.10754199704396013,0.23661599050903462
2024,731068102,PII,915,1,1,-0.019095683269324953,0.01497774461614597,-0.0298210249984696,-0.023107964869462864,-0.05939919268814268,-0.1318600658817705,0.09528794892116332
2024,989701107,ZION,916,1,1,0.02903989251049596,,,,,,
2024,826919102,SLAB,917,1,0,-0.0016802539998367811,0.02325029059934762,0.00926907729229583,0.009302078911180775,-0.11193984500944193,-0.15116983136673734,0.12921995109528384
2024,298736109,EEFT,918,1,1,-0.015546492887066395,-0.022144960590223257,-0.040240870849106186,-0.06952557883854191,-0.1445974479801941,-0.08860267793590249,-0.031677305191811986
2024,670837103,OGE,919,1,1,0.021749817112912125,0.0049872889143806375,0.004543607579213335,-0.0029744130371620065,0.0038985852932070155,0.052750404311857436,0.08165270154337696
2024,835495102,SON,920,1,1,0.033665748144637395,-0.015813886609613942,-0.02571895263614485,-0.14736797623255787,-0.21109627582841844,-0.13688731445781366,0.03765862375435125
2024,057665200,BCPC,921,1,0,0.009572639365351257,0.019237400948740664,0.02207464722704665,0.06948534201423853,0.05075355022459405,0.015526557189101092,0.17540502405834663
2024,053774105,CAR,922,1,1,0.00816740261810155,0.007265039232502896,-0.04174459224444953,-0.05066301601110074,-0.02274709321696207,0.16510596742956687,0.10891022485998816
2024,29605J106,ESAB,923,1,1,0.013300287829545348,-0.0006245845901579668,-0.030313335214599002,-0.06388939760723107,-0.15552638057524742,-0.23919286866585499,0.03471025152715625
2024,313855108,FSS,924,1,0,0.013842433020154917,0.006090278451762248,-0.013454607657895827,-0.029624299928337025,-0.09706071843156322,-0.07202434986577108,0.1473653431740483
2024,783549108,R,925,1,1,0.0030177346535943373,0.015735110593345165,0.0016640502278845656,-0.01361297199462728,-0.02773249248182305,0.03786880116936475,0.10278814288397559
2024,G0585R106,AGO,926,1,1,-0.026539013176216337,,,,,,
2024,501147102,KRYS,927,1,0,0.12970297630696975,0.006866421669148327,-0.0034688976223621916,0.07986410014269782,0.10924901375019797,-0.09802672888322321,0.0817342697724125
2024,00191U102,EFOR,928,1,0,0.001576117332957702,0.008921668607865528,0.008792114326650488,-0.020136264239501087,-0.09763178191906383,-0.11162506465951305,0.10889268642385128
2024,62482R107,07WA,929,1,0,0.009135826489023908,,,,,,
2024,423452101,HP,930,1,0,0.026398693183866916,0.018216259326575494,0.016528178155025677,0.04490056614643112,-0.05307451082623063,-0.17405477572159497,0.08750183282018528
2024,589889104,MMSI,931,1,0,0.03833515047392809,0.03381346545557238,0.0335499094391248,0.026042745715390336,0.010270318203331102,0.1581950592285594,0.005222818833198535
2024,46817M107,JXN,932,1,0,0.003035257623890326,0.015584361558696488,0.02078746552403332,-0.040152525043054985,-0.16829433551371623,-0.11110419272008455,0.10144055598533137
2024,06417N103,OZK,933,1,1,0.012476779466511961,0.03567460149864216,0.05156686905496446,0.04708620179991046,0.03663708274626162,0.0821838667378618,0.18744448326947746
2024,88642R109,TDW,934,1,0,0.04057742941516099,0.012945325055341224,-0.023670549502203084,-0.05541500089774608,-0.21850002977929334,-0.21942901368950904,-0.04723900291357795
2024,680033107,ONB,935,1,0,0.060679002305610026,0.03162432158994881,0.0370574155092008,0.025020710817514107,-0.0002296941692760037,0.08942184653504809,0.1718778405094326
2024,405024100,HAE,936,1,0,0.10547987084388315,-0.0012696523237670258,-0.0012674586753793956,-0.008884978117304432,-0.06175085465898664,-0.03502095548082859,0.08930847495449781
2024,12740C103,BXSEUR,937,1,0,0.013020666762379353,,,,,,
2024,172755100,CRUS,938,1,1,0.030895113150859785,0.011830790011825815,-0.0014078708381684664,-0.002260137063858288,-0.016464991257344283,0.13833973872684258,-0.01181818806867804
2024,023586506,UHAL-B,939,1,1,0.0324618864640712,0.014639682560432217,0.012821334204071153,-0.0008768228190654736,-0.025032307927919877,-0.021494038483310975,0.07983564765228389
2024,736508847,POR,940,1,0,0.045415879706603275,0.007307201447738097,0.014960346323117045,0.0010617829135153376,-0.008912842167921242,0.06128706014442302,0.09617576385521569
2024,929042109,VNO,941,1,1,0.10906113693283563,,,,,,
2024,42704L104,HRI,942,1,0,0.021709059014576544,0.027790142337150624,-0.01432228154507582,-0.0401449282706068,-0.11208226690359392,-0.14934661605284444,0.18106466606013713
2024,025676206,AELUSD,943,1,0,-0.9997931778891195,,,,,,
2024,169905106,CHH,944,1,1,0.018573852162904587,0.012820816504116532,0.014356236044654552,0.001857306923782654,0.05971403667856858,0.03622974234807984,0.11005987034457246
2024,053807103,AVT,945,1,1,0.016084223164667007,0.01617876530337064,-0.017737120322027386,-0.033113069539052006,-0.0967698985142073,0.014006534902425791,0.03781126102521584
2024,86881A100,SGRY,946,1,0,0.0405569408874295,-0.012439872354075537,0.004190980548124546,-0.015005339789330094,-0.15125099385782909,-0.04469374588116259,0.3309891961133204
2024,05329W102,AN,947,1,1,-0.041690640539154555,0.02054639557277031,0.03679444975571564,-0.03623855310914443,-0.09432802857875373,-0.06735657247059294,0.10647899299675084
2024,902681105,UGI,948,1,1,0.06868918839425706,0.011892806368509161,-0.0061989050215549655,-0.02580702949045384,-0.09173970198137713,-0.030929381528309804,0.09249712087981993
2024,55616P104,M,949,1,1,-0.039700124956905614,0.031265160689882526,-0.04140238674725517,0.024589391779902894,-0.07979900285994995,0.002377875859353243,-0.10264514441185886
2024,615394202,MOG-A,950,1,0,0.01615790947860111,0.017495615211320734,-0.0269876313581354,0.005611994303775515,-0.056333175553205904,-0.012802441501232924,0.14157123107432062
2024,42226K105,HR,951,1,1,0.013483963608744487,-0.003689466536931572,0.0060273148831263244,0.06243448068817649,0.0899809244112229,0.242564386247806,0.1207055432847128
2024,03750L109,AIRCUSD,952,1,0,-0.9921261918099376,,,,,,
2024,959802109,WU,953,1,1,-0.023459952567256387,,,,,,
2024,977852102,WOLF*,954,1,1,0.02522439196967471,,,,,,
2024,49803T300,KRG,955,1,0,0.010389417263907436,0.015949723393182232,0.0258218158216479,0.02013482606243532,0.06497126552636799,0.11838199514079448,0.10187268244324635
2024,739276103,POWI,956,1,0,0.00492612563629714,0.023351608733276873,-0.0006310268258918512,0.0023452701354289007,-0.07683115499205971,0.07841708760217869,0.08710175623359964
2024,G1890L107,CPRI,957,1,1,0.03301444312232765,,,,,,
2024,45826H109,ITGR,958,1,0,0.056926686334789894,0.01313055512184362,0.00044097978772331646,-0.024711497473207458,-0.12176679294399562,-0.0967457448147677,0.010811133751795772
2024,056525108,BMI,959,1,0,0.012280167861552031,0.0038373872498622128,-0.00030638375624101287,-0.021074480421957004,-0.09379280150428568,0.057138511938150886,0.0753345938235708
2024,09239B109,BL,960,1,0,0.01027465961581838,0.02257937947155675,0.029171280524011405,0.09468487851024768,-0.005810511496179439,-0.13002328702241753,0.0466247682474969
2024,G21810109,CLVT,961,1,1,0.10699990130114148,,,,,,
2024,254067101,DDS,962,1,0,-0.0162492207198758,0.02604559715620685,-0.0025893170602945964,-0.011967908186570201,-0.11363951920333587,-0.08895302526304677,-0.12353310097372724
2024,26484T106,DNB,963,1,1,0.03706229920941593,,,,,,
2024,60786M105,MC,964,1,0,0.008178955285259666,0.045761578246922834,0.0738495738459838,0.0666956376224824,0.0007428838865715503,0.03762784180852473,0.19555886543771234
2024,222070203,COTY,965,1,1,0.01089871792606881,0.003460097670224805,-0.02641042412917939,0.02080097598735041,-0.013327137937186463,-0.053740028861218314,0.038073483080029
2024,82452J109,FOUR,966,1,1,0.11420785690482504,0.010171135644564917,0.03727154173157261,0.040352685246217976,0.07169539178679184,0.1655836272666075,-0.004397372398308724
2024,553530106,MSM,967,1,1,-0.0009872145970377642,0.021747446084678247,-0.0012598540156556013,-0.006915176106833501,-0.0783343602436437,-0.07829224355707651,0.14937005830875874
2024,63947X101,NCNO,968,1,1,0.045305054289409535,0.011925217659686458,0.002090412774400639,0.010571693884251259,0.029955598696001128,0.0010586188240068687,0.10611564172924756
2024,665531307,NOG,969,1,0,0.03294450350875482,-0.010836430411675523,-0.020289451114583395,0.03020748540642944,-0.06053871894219395,-0.10468517265967732,0.07985540802530594
2024,G97822103,PRGO,970,1,1,0.004634710968783611,,,,,,
2024,109696104,BCO,971,1,0,-0.003280982280512377,0.004926587394368756,-0.021436542496099394,-0.02938003406802178,-0.061165511448314766,0.030127822211460778,0.0635217873361471
2024,267475101,DY,972,1,0,0.022851332363834388,-0.009431575844405092,0.0003349894523237591,-0.03883231982210047,-0.21329361111604472,-0.08427083104797531,-0.025487244603017736
2024,103304101,BYD,973,1,1,-0.016310728586028216,0.0017596237323078455,-0.0053682334580441755,0.05501633829788553,0.11045801342119176,-0.049870076418319996,0.1664937727464877
2024,29415F104,NVST,974,1,1,0.04288253379413256,0.01699855519141845,-0.012913870769195875,-0.0215676207553431,-0.06294213019700975,-0.02208434668263929,0.061454417505776515
2024,516544103,LNTH,975,1,0,0.02407637068666322,-0.008089650140215822,0.017262642454607312,-0.05943773480042236,-0.0980968403883383,0.2111124956593073,0.3157805027133913
2024,49427F108,KRC,976,1,1,0.05485712467196413,0.004550129714558517,0.009030265519246336,0.02216071835219694,0.008325362827672989,0.05442340346817512,0.23457495749366902
2024,302520101,FNB,977,1,1,0.014821241765556784,0.03658951105512589,0.04651378302603263,0.031956615877960504,-0.017312877206427747,0.03549009749470435,0.13647832918085187
2024,13057Q305,CRC,978,1,0,-0.008691040821761399,0.017563591396536897,0.02332028640387563,0.0552069512384896,0.11767033798659342,0.095776187925041,0.0039484589383987235
2024,920253101,VMI,979,1,1,0.03300648884718431,0.0034149754837619543,-0.014619737047676905,-0.02657368089164526,0.02271792657601721,0.1862377723535128,0.08515113253613144
2024,407497106,HLNE,980,1,0,-0.01965454724087287,0.02431607943390665,0.04597815181248447,0.04860651849694144,-0.05257203235894191,0.060011933749666506,0.14715316899557895
2024,451107106,IDA,981,1,1,-0.007568445164508268,0.007240164576767214,0.004560541820040934,0.012774472472613386,0.004017921510769228,0.05368203896533898,0.06631504044593249
2024,10316T104,BOX,982,1,0,-0.010768496271912368,0.01108635144469403,0.0310610810586865,-0.0014259900037601886,-0.10873189678303777,-0.11543006169641173,0.04552775363033258
2024,465741106,ITRI,983,1,0,0.045955572782329944,-0.001428358110885172,-0.0036253124608568253,-0.04520458091526912,-0.23245333954893882,-0.1235497016782801,-0.002296041781006058
2024,410867105,THG,984,1,1,0.01886025981612909,0.01603328048346259,0.02204968624010437,0.0070887944167654215,-0.034556886471885616,-0.07390590002693599,0.0699620222716007
2024,880779103,TEX,985,1,0,0.088695367201746,0.036539511334402905,0.010693273182475399,-0.003268120466007415,-0.12112578394655452,-0.12346262088964037,0.21192509936588333
2024,353514102,FELE,986,1,0,0.012217059261330005,0.005661443128821701,-0.015278627976682203,-0.030432789576019567,-0.04935945060828173,-0.06112413478634859,0.103859892544494
2024,30050B101,EVH,987,1,0,0.09248684232099956,-0.03887774857586083,-0.10526136505524722,-0.07354895039466237,-0.005013367540129543,-0.18142754092145605,0.3044157336046673
2024,359694106,FUL,988,1,0,0.034170266141482546,0.012165162784021296,0.003839493110785382,-0.011209900314900198,-0.018751334075599355,-0.0011940305400756981,0.12450238486088713
2024,45778Q107,NSP,989,1,0,0.01461473434833172,0.0018787410717125371,-0.008150386577389061,-0.03386944290424259,-0.028841016277723168,-0.028439207087541097,0.14643876200181302
2024,450056106,IRTC,990,1,0,0.040858561430707936,0.03865246205555086,0.04360961361774524,-0.0807552069611692,0.10875127016816882,0.10428585309709335,-0.1374883275766845
2024,G9618E107,WTM,991,1,1,-0.03707789888383752,,,,,,
2024,48282T104,KAI,992,1,0,0.0604035327815554,0.010570356252215576,0.018913992799299832,0.0551156006465208,0.059930492505367895,-0.048699106881832786,0.2148127266441651
2024,398905109,GPI,993,1,0,0.001682833635293694,0.017003940269230803,0.023506551737553998,-0.0474294449381165,-0.10157457436587428,0.04728967595617898,0.14445687514486794
2024,92511U102,VRRM,994,1,0,-0.013573076191713615,-0.0035879103568553935,-0.026324094113440492,0.010689978384175385,-0.03322265531661246,-0.013675581184328796,0.08206652163225933
2024,204166102,CVLT,995,1,0,0.0015913942274529147,0.013214694815557506,0.0169532073763461,-0.011297449236092143,-0.02667976180796199,-0.01178802507287469,-0.04544835640783014
2024,81282V100,PRKS,996,1,0,0.005597878977814337,0.03597083048716401,0.07318226512864323,0.08887225008993016,0.09913898047653275,0.023115286536728875,0.0018628109286063718
2024,03152W109,AM6,997,1,0,-0.007272797781785042,,,,,,
2024,007973100,AEIS,998,1,0,0.04108535500317865,0.019147505739472326,-0.011427234774209757,-0.005586705483677654,-0.008129738323978983,0.1291839541338143,0.04820771813089717
2024,292562105,WIREEUR,999,1,0,-0.14055988234918498,,,,,,
2024,30214U102,EXPO,1000,1,0,0.01554970134899708,-0.0006006784377681103,-0.008622999534028036,-0.014704087364097179,-0.02669415624041752,0.15177306732723936,0.10972058294574602
2024,447011107,HUN,1001,0,1,0.01166740660622006,0.008143759579911727,-0.01768718735001674,-0.06808103965721506,-0.12546291489982295,-0.08665340359352018,0.07055680288476572
2024,552690109,MDU,1002,0,1,-0.022812022029333884,0.004774203152365595,-0.026435242352780844,-0.053450737217040495,-0.0900928097241126,-0.1382310294393245,0.04215823112382444
2024,534187109,LNC,1003,0,1,0.040327322433373,-0.0009441687867223214,-0.005360840671084639,-0.05913241635170921,-0.1252169114373275,-0.08780617427464504,0.048532644828094135
2024,644393100,NFE1EUR,1004,0,1,0.0835515031330144,,,,,,
2024,848574109,S9Q,1005,0,1,0.08404621578311859,,,,,,
2024,12662P108,CVI,1006,0,0,0.003139273099219413,0.009685536077189338,-0.010154187199748105,-0.058417824363629425,-0.1121246658795239,-0.22835364641898645,0.043262820687081864
2024,077454106,BDC,1007,0,0,0.03066491798734104,0.022317133114544137,-0.01828047481961021,-0.05196753630453384,-0.11735212365980548,-0.0492293961680238,-0.03552588264396037
2024,88025U109,TXG,1008,0,1,0.02807945122368714,-0.0027643029738270847,-0.015706904684149918,0.009926108444357718,-0.004755209812718162,-0.06355274655459156,0.25164251039074625
2024,902788108,UMBF,1009,0,0,0.17025701741676574,0.020003052471204593,0.01719365260810406,0.012379289531066272,0.02248860261620541,0.03480944110110162,0.18190660827641283
2024,020764106,AMR,1010,0,0,-0.024265491141053436,0.02228843006294738,0.16223420007847672,0.05257190913009815,0.013613419309709846,-0.0014357256498101732,0.09338448142607968
2024,09227Q100,BLKB,1011,0,0,-0.00650252075917843,0.0043318104762455996,0.024310037327738718,-0.003243921165358537,-0.04628913695744508,0.14086919661759606,0.0973269508372057
2024,68622V106,OGN,1012,0,1,0.003051181096884365,0.008943129240974079,-0.021902665914416034,-0.062287846248382656,-0.15969476515458272,-0.07530504179409993,0.036132710421444725
2024,421298100,HAYW,1013,0,1,0.010679993499457127,0.007239819303499081,0.0033737681744773346,-0.07604888531459819,-0.18268948854041261,-0.1992130773428077,0.10995165812570748
2024,453204109,PI,1014,0,0,-0.002301658920577475,0.021475856247130488,0.0004772226800992957,0.03518974797936315,-0.18698123003022427,-0.14613357237577682,-0.0655462194310533
2024,457669307,INSM,1015,0,0,0.1819871731904834,-0.002609611634306015,-0.05522808886512189,0.011264528597731967,0.09795714582892692,0.5768143377421163,-0.0027532052132950525
2024,74112D101,PBH,1016,0,0,0.0042967854690806875,-0.009903249940500894,-0.016608252151820768,0.04020074757192041,0.07084594807951336,-0.027568803886261727,0.02326435466823354
2024,34965K107,FTRE,1017,0,1,0.12110371990222475,0.0292598994040587,0.06427290497510273,-0.0016545899736393364,-0.017010802688831376,-0.316174651962851,0.24283749194507737
2024,98139A105,WK,1018,0,0,-0.002075571660655006,,,,,,
2024,12653C108,CNX,1019,0,0,-0.005833871457746955,0.003998623920719417,-0.004627816545561148,0.021602954392038104,-0.06323437194360565,-0.09409085745566806,0.031531613461927274
2024,36251C103,GMS1EUR,1020,0,0,0.03595051027733281,,,,,,
2024,008073108,AVAV,1021,0,0,0.043171404246921743,0.0220924816398567,-0.10535751417504721,-0.23532513720508977,-0.2946557341437243,-0.0632027810946374,-0.12302871598133128
2024,85205L107,SWTXUSD,1022,0,0,-0.00980516000651792,,,,,,
2024,819047101,SHAK,1023,0,0,0.05191308791005896,0.027495022954386508,-0.03289539296844336,-0.07232705253568565,-0.20987979965819986,-0.2846361045925527,-0.09728578473188483
2024,23355L106,DXC,1024,0,1,-0.007212629454408899,0.024247161508333413,0.012799522945790252,0.05834085043312334,0.2859710385263218,0.17356315258381486,0.1631620056322696
2024,90400D108,RARE,1025,0,1,0.11517014395591355,0.0021999333621514827,0.026695771943029356,0.10749514714846523,0.10356405468328794,0.04079847133786188,0.17290052066444483
2024,498894104,KNF,1026,0,0,0.039868774881687795,0.007222246811001494,-0.03291190795926428,0.01972836373008653,-0.052766138627590914,-0.14682761534357983,0.14763920399447894
2024,05368V106,AVNT,1027,0,0,0.03450120847729197,0.014989831312552375,-0.022361016301021656,-0.04944459259662607,-0.09249424609535842,-0.02450571264919328,0.032928979341416226
2024,039653100,ACA,1028,0,0,0.018997388987983067,0.01975892998536521,-0.019877711818157676,-0.03735459922111231,-0.12391352811011129,-0.0146579016837813,0.11303066774369565
2024,87157D109,SYNA,1029,0,0,0.04606243490851795,0.02578974705964106,0.01365625201980646,0.021037320273704693,-0.037419067753876656,0.05502576918850288,0.06500076024420914
2024,98585X104,YETI,1030,0,1,-0.03498987172289867,,,,,,
2024,827048109,SLGN,1031,0,1,-0.0017466443855444055,-0.010795634237625707,-0.03882812884795318,-0.040739673986904076,-0.09530096345377151,-0.1490744701281607,0.12002510620005338
2024,651587107,NEU,1032,0,1,0.03151694191645758,0.014239519960208134,0.01054275614040989,-0.007982291340949039,-0.02963528019527847,-0.14321878901561397,0.1056942739619138
2024,636180101,NFG,1033,0,1,0.014358810743012337,-0.009899781087375104,-0.014050128367828226,-0.010149119429392572,-0.027712380477635534,-0.014593016369368557,0.06310174797152851
2024,29275Y102,ENS,1034,0,0,0.003984787883916601,0.0011740613114784332,-0.004017766156680796,-0.07067132349452097,-0.1112430901632171,0.07835142223255459,0.043476806092389256
2024,552676108,MDC1USD,1035,0,0,-0.9999890615747608,,,,,,
2024,55024U109,LITE,1036,0,1,0.03556963585570662,0.04780465070062963,0.05668791644488401,0.17197347870294827,0.25580774297863507,0.1997412533420027,0.08481283900278656
2024,099406100,BOOT,1037,0,0,-0.08633250521201505,0.008260188475056328,0.011932402296531051,-0.048895957081011944,-0.033265786342941576,0.03870388365122116,-0.04493820953514049
2024,56418H100,MAN,1038,0,1,0.016757730176084066,0.008255047891210614,0.0026166711337963448,-0.014089376663898642,-0.02511162268706869,0.0032149858604433503,0.10976707378289707
2024,71844V201,PECO,1039,0,0,0.00013959405586132156,0.010646771715320006,0.02588447712213443,0.018862990074268806,0.07430878603156656,0.06174399679825198,0.0941500355866012
2024,50155Q100,KD,1040,0,1,0.033254734437816014,0.013980237535188863,0.052243162755038375,-0.02245432502765015,-0.14484998181704356,0.0359121049261386,0.006237499182111099
2024,03676B102,AM,1041,0,1,0.02762803642787438,-0.0025529224658265874,-0.0157492174581999,-0.012585101873688775,-0.0368639882918113,-0.05402561621828526,-0.047393522802919315
2024,50050N103,KTB,1042,0,0,-0.006804123035530296,0.008360704308447651,-0.03158595713593683,-0.04018545413472245,-0.1592815586258117,0.03788083250780248,0.032381905372168514
2024,37637Q105,GBCI,1043,0,0,0.018794211815358234,0.03476736805073881,0.03651904892032497,0.03505456997881757,0.014584499815513113,0.07492486122655748,0.22508839156918486
2024,35137L204,FOX,1044,0,1,0.038468282344067704,0.008421032272853525,-0.011438598721210967,-0.005660829709602867,-0.009003261576528447,0.059771642717606925,0.07972994516115946
2024,20602D101,CNXC,1045,0,1,0.01889322476194257,0.018289425864249656,0.11269801825407298,0.1363826488707875,0.17868068697510814,0.3371932501608109,0.18698883320731857
2024,03770N101,,1046,0,0,0.050226361591039784,,,,,,
2024,22663K107,CRNXGBP,1047,0,0,0.02563119200498584,,,,,,
2024,74340E103,PGNY,1048,0,0,-0.041946211808785154,0.005596101180644209,0.04136090035910468,0.1410469745347952,0.13750097266647715,-0.021094699969368948,0.08792953358906139
2024,29355X107,NPO,1049,0,0,-0.0008892173168091386,0.015673978692824032,-0.004520745049749142,-0.013518376063615277,-0.023498120325929073,-0.06377326425633617,0.19506796694872497
2024,44891N208,PPLI,1050,0,1,0.09985153299564398,0.010686089207280675,-0.001676747679756875,0.006883092987010704,-0.052870931663984294,-0.03500479797834363,0.14883254216046551
2024,80517M109,SVV,1051,0,0,-0.012936703757583407,0.06646177039254586,0.07181227692084526,0.08160798332375335,0.04844242437150992,-0.23624903508754214,-0.11435317032927332
2024,346375108,FORM,1052,0,0,-0.004119542773782844,0.0232984772153847,0.020563953482769654,0.02381037147555218,-0.06545015702829414,0.10785062824506841,-0.175037297631226
2024,004498101,ACIW,1053,0,0,-0.002827920237814264,0.031023060368510318,0.027530060034130555,0.05206042587379277,0.05614421848222752,0.1216669205412648,0.07341460155645949
2024,640491106,NEOG,1054,0,0,0.1394766670403166,-0.007499775120884429,-0.042287373313346296,-0.05024483757373847,0.19534415958952192,0.3616495828635814,0.22227804433769974
2024,11275Q107,1939900D,1055,0,0,0.014498576294072302,,,,,,
2024,222795502,CUZ,1056,0,1,0.009263366017310705,0.03482413264917084,0.029038453982942358,-0.01727418992400554,0.013502577445573325,0.08200581103513627,0.20656968714139334
2024,55305B101,MHO,1057,0,0,-0.028807313546646875,0.03189105642700438,-0.0002534386938268865,0.0011269345600863345,-0.057818761850314926,0.06563161451865868,0.3667077035986708
2024,44267T102,HHH,1058,0,1,0.022375144318048316,0.004605160398154079,0.005554208046623654,0.012904877678945341,0.028796477820062453,0.11870686360639258,0.19988739410102543
2024,85209W109,SPT,1059,0,0,-0.04949918500629836,0.05443737040478458,0.1385205628564176,0.14965714664908586,0.22395961947242274,-0.11952804592395583,0.19495386324523717
2024,45166A102,IDYA,1060,0,0,0.04349913490994799,0.030231132739335795,0.0352879794417124,0.07791366934706073,0.04397113976489653,-0.14516341153705875,0.21893613596418665
2024,197236102,COLB,1061,0,1,0.026721237214859975,0.04863031180630397,0.06515981947204506,0.09293051370884517,0.13638003020444753,0.2944601383676714,0.3561714116218238
2024,38526M106,LOPE,1062,0,1,0.005591401957799485,0.04079266069518117,0.04228998822797386,0.053583504983807005,-0.030437876976787754,-0.011222348197702181,0.08433961599882316
2024,124805102,CBZ,1063,0,0,0.017126517434772965,0.008290184165982541,-0.0024969856368171122,-0.04420976338932731,-0.08683399786571458,-0.1304694160010542,0.11622947863203784
2024,909907107,UBSI,1064,0,0,0.021454360855429764,0.024786268868175296,0.0313477004857758,0.026059868291587077,0.04461700658580636,0.07265703418903297,0.2284154151766992
2024,754907103,RYN,1065,0,1,0.11981284470708493,0.011949482919876193,-0.016962168181133164,-0.0586521412009601,-0.025375579126332478,-0.0021947688968482846,0.06532918756842386
2024,95058W100,WEN,1066,0,1,0.010572959833089507,,,,,,
2024,382550101,GT,1067,0,0,0.01646922165052228,0.02996286880670609,0.010251531557471775,-0.020495554041224096,-0.09042052807467067,-0.054580996845033286,0.10021252727543212
2024,32020R109,FFIN,1068,0,0,0.0394600449366682,0.023196808994857692,0.014121288627006803,0.007812547093440394,-0.05606654345790628,-0.04325155937175286,0.275684663152074
2024,513847103,MZTI,1069,0,0,0.0014279654437360078,0.00815422603641561,0.010636331292602481,-0.0032574257842026676,-0.010696157773843222,-0.1349489559437127,-0.01981847011139904
2024,358054104,FRSH,1070,0,0,-0.03155510854988584,0.007932460648984473,0.04626790304516756,0.09031240483802029,0.030255178890495556,-0.04524127101314558,0.15336237496234378
2024,53115L104,LBRT,1071,0,0,-0.0044480239463726015,0.02997966070410058,-0.0014768300698879688,-0.04550189400106636,-0.24745728285081275,-0.17891214054321536,0.04473028379422167
2024,29404K106,ENVUSD,1072,0,0,-0.013767554057263641,,,,,,
2024,68235P108,OGS,1073,0,0,0.018903886779373522,0.01910694683848927,0.0301668712995012,0.034439800288082856,0.07288077156274644,0.0709510414005611,0.12461670001658888
2024,554382101,MAC,1074,0,0,0.043103984233896345,0.028815716201646538,-0.0020359402210972308,-0.0021892314767846116,-0.009514779922620058,0.01587526017359886,0.10099400609404621
2024,88076W103,TDC,1075,0,1,0.01867569275965609,0.008515794790846753,0.03752861182676098,0.03532378519183782,0.1072400701437774,0.11810023883758423,0.023800088134737787
2024,87265H109,T86,1076,0,0,0.005081091178935674,,,,,,
2024,127203107,WHD,1077,0,0,0.14935043210397514,0.01759398534496373,-0.0035315302942794218,-0.0004279725975905235,-0.0244826363108127,0.0020732427285269674,0.14437184424163005
2024,78440X887,SLG,1078,0,0,-0.0017559273523419178,0.022433403842267066,0.0018772397085810785,-0.024201295557875764,0.06229167286702905,0.08226244460763624,0.16878688001819378
2024,57686G105,MATX,1079,0,0,-0.012947621288416108,0.020529476221291514,0.003530393147860411,0.003720561201451769,-0.00870535092256981,0.19934099465961508,0.02416993550746719
2024,144285103,CRS,1080,0,0,0.01659687832196842,0.023284338354170164,-0.0029785417419514494,0.023883927792848064,-0.19679828076541955,0.1520755651184885,0.1730453252800088
2024,14174T107,CTRE,1081,0,0,0.08958467422011367,0.007986139391791516,0.018118985827646164,0.023957213784125044,-0.006187015875403955,-0.023349633582945315,0.05501954099550224
2024,054540208,ACLS,1082,0,0,0.03092270988752982,0.030616999730399004,0.019753244512728554,0.053431469967785694,0.2000506750544768,0.34169311726876744,-0.09217164019585536
2024,700517105,PK,1083,0,1,0.01819144910334309,0.013812090214913766,0.008296954332768912,-0.02493168087146474,-0.10582591873594542,-0.1010572783048391,0.0456125758505764
2024,092113109,BKH,1084,0,0,-0.0016588461490383787,0.0063928372919562675,0.012299525095392437,0.010862322699650557,-0.020751631474810045,0.022079693168577334,0.0825074482958602
2024,146229109,CRI,1085,0,1,0.07712180811760028,0.003999976478123089,-0.03172411834452544,-0.01906034073170723,-0.018995976446290946,-0.1913892840467499,0.020874435803886537
2024,781846209,RUSHA,1086,0,0,-0.007250603952401075,-0.002217204579126582,-0.02340003467523638,-0.023426747435729887,-0.051945041757229186,-0.13520432394687731,0.2292886903203756
2024,431571108,9HI,1087,0,0,0.02742645221291448,,,,,,
2024,686688102,ORA,1088,0,0,0.018701754888566725,-0.028435840630245214,-0.0501022251635601,0.00400494395005088,-0.040961690257462144,0.14952479632990587,0.08429569061838399
2024,74736L109,QTWO,1089,0,0,0.008695537831156206,0.0037717132267825653,0.01833782651015091,0.03871923095196689,-0.17186149035066495,-0.03774129238669743,0.08049475918797153
2024,92839U206,VC,1090,0,0,0.0069655419060059036,,,,,,
2024,03937C105,ARCB,1091,0,0,0.036582301031552515,0.030942236606834685,0.018758185090584426,0.022265598835160855,0.05222213264381546,-0.1330640766742123,0.20015576573586016
2024,50189K103,LCII,1092,0,0,0.011093475979423123,0.030591307115756243,0.017589820818796,-0.0028253006587925346,-0.060387356072731206,-0.007559197721458667,0.17481798568231322
2024,83601L102,SHC,1093,0,1,-0.21834961461587865,0.0035525502646260973,-0.008126165777662148,0.06876554672833543,0.17420496548360884,0.28775724589728036,0.22441352631550393
2024,031652100,AMKR,1094,0,0,0.007952586065663177,0.038924888382552106,0.03454479909809572,0.022285816533793065,0.16027792772150762,0.26093474504486064,-0.0315013679453432
2024,77634L105,RCM1USD,1095,0,1,0.023996333824153723,,,,,,
2024,410120109,HWC,1096,0,0,0.03158551540928586,0.035842118699435134,0.033121114466229416,0.018354113305931626,-0.0018100215978938874,0.11857418846786677,0.17601396872035277
2024,462260100,IOVA,1097,0,0,0.07612769263322253,0.010847562289674545,-0.0019691948580847,-0.10686464908509065,-0.32445337289472787,-0.5703216203447791,0.14237414631092532
2024,500643200,KFY,1098,0,0,0.014742244496984013,0.02073357232034885,0.002909050539544643,-0.04347242436498908,-0.0495607381463863,-0.029312010967881358,0.051450313483965615
2024,500255104,KSS,1099,0,1,0.016654491671664797,-0.0028862626335503074,-0.05759716797647926,-0.0007297758011497141,-0.23514050485204646,-0.16586376431042055,-0.06060771321180933
2024,011642105,ALRM,1100,0,0,0.08332931132423986,0.013543661112852788,0.022074213228308843,0.04474668656803901,-0.07852225055555771,-0.11261557007470144,0.11415680061738025
2024,810186106,SMG,1101,0,1,0.03355851076026483,-0.0211145942899191,-0.049232589723936626,-0.045109718029061725,-0.10401580077560381,-0.11740237881098797,0.09469362876663774
2024,801056102,SANM,1102,0,0,0.017739296074760724,0.01834015011067554,-0.012646688815796973,-0.034569039642701554,-0.12086881770249788,-0.04898226783593544,0.10495875901714226
2024,194014502,ENOV,1103,0,1,0.03410415851177836,0.012463030531902381,-0.009200859289485698,0.006476347401529345,-0.10076077156049149,-0.19513844459177984,0.10197370845313647
2024,114340102,AZTA,1104,0,1,-0.003904270133157733,0.018560800903860565,-0.04701143027567875,-0.05792811945000891,0.054950740160007804,0.0476838083978284,0.21286593085207822
2024,477839104,JBTM,1105,0,0,0.07811538303101653,-0.01409594601896308,-0.04849080526167588,-0.0888392226597376,-0.05566904679425369,-0.016177226259903206,0.05338214749151918
2024,651229106,NWL,1106,0,1,0.025933358641165867,0.026392305553777563,-0.0006383992554320258,-0.04653257810457136,-0.1682627275403728,-0.07251231280078238,0.3622960458583845
2024,03940C100,ACLXGBX,1107,0,0,0.06892049667151205,,,,,,
2024,83406F102,SOFI,1108,0,1,0.05232856919632898,0.02430665643759463,0.010283526236326168,0.022953936670561594,-0.0744979036688467,0.0959298831017337,0.19603999997088545
2024,457790103,,1109,0,0,0.008198381669127184,,,,,,
2024,149568107,CVCO,1110,0,0,-0.022639526534899746,0.012984893810061937,-0.007701991482669163,-0.05137738712143422,-0.04685869709646956,-0.08129280831624364,0.2103282829553935
2024,929236107,WDFC,1111,0,0,0.007997520783760077,,,,,,
2024,03784Y200,APLE,1112,0,0,0.01733252445680825,0.01951899701905222,0.009405471007520889,-0.011271584570659573,0.0214733087879121,0.017003584133506926,0.08641049338731535
2024,488401100,KMPR,1113,0,1,0.010869583597385622,0.019901847595045905,0.02829598474049972,-0.02168602936691855,-0.027970817615154197,-0.07697977871796703,0.06605691352250655
2024,55825T103,MSGS,1114,0,1,0.02348302537145978,-0.00517473531612549,0.018012777236502228,0.028327947050984053,0.035670109523468926,0.031281311559946054,0.06386358063970451
2024,45768S105,IOSP,1115,0,0,0.00498666801524898,0.010362276635873115,-0.014515949028080417,-0.0018884459017593745,-0.06111660871326967,-0.019693133517026246,0.05930759769843305
2024,11284V105,BEPC.TO,1116,0,1,-0.23013151543963967,-0.0436270295507704,-0.032999357804129784,-0.027565096677709518,-0.13347786163976266,0.1489789458862587,0.012250597590120826
2024,86771W105,RUN,1117,0,1,0.049168133060353475,-0.09925446768818624,-0.13612419943777715,0.031430390733410744,-0.04004018444688284,0.2115243097440176,0.41572788189672805
2024,254543101,DIOD,1118,0,0,0.05521280358066602,0.025515742440698666,0.001327498945297996,0.07524543960556944,0.0541544123519679,0.11321439551832119,0.14691682667302688
2024,436893200,HOMB,1119,0,0,0.02860351817463062,0.01928497298666337,0.02073989917961344,0.01502855919656158,0.01771212815456689,0.07256223544732533,0.19611187700046606
2024,76118Y104,REZI,1120,0,0,0.007618030611171693,0.018241521459993935,-0.00526491788174826,-0.044841013733620844,-0.20782434875602473,-0.18970723435802522,0.13884933882883002
2024,82983N108,SB9,1121,0,0,-0.0028561621056792654,,,,,,
2024,03076K108,ABCB,1122,0,0,-0.005420027576566176,0.031172663610293857,0.04257549335916281,0.01968763838638328,0.029108605750931202,0.14176993825505874,0.22973405933611196
2024,646025106,NJR,1123,0,0,0.018839659929422235,0.006172628989364545,0.006775060201313167,0.006625970518975104,0.01666868605614813,0.051607422337901415,0.11319328802464255
2024,05464T104,AXSM,1124,0,0,0.08988973504351215,0.011536196639733317,0.05624532880034464,0.11374070833129896,0.10330586726770286,0.1559689355092274,0.08650664905309026
2024,85571B105,STWD,1125,0,1,-0.002250786711812252,-0.004500420502588452,-0.018626162365388353,-0.006753622448331468,0.02393360432945514,0.05125355837529807,0.0959550883204916
2024,78573L106,SBC,1126,0,0,0.008143147093125585,-0.018421618764877624,-0.009277271006290092,-0.035071440384875134,-0.054943617256781804,-0.07867679303098335,-0.0320539226146676
2024,75960P104,RELY,1127,0,0,0.08969383541366797,0.006557980934487415,0.017466652739895488,0.12335985205934151,0.012467942315488383,-0.2890425235295516,0.215544040577829
2024,556269108,SHOO,1128,0,0,-0.014203962898856087,0.00256198656155206,-0.033256473790417684,-0.01989937255377119,-0.03103714796214856,0.00034296168678617364,0.04960237195531886
2024,737630103,PCH,1129,0,0,0.042864568018115154,,,,,,
2024,25401T603,DBRG,1130,0,0,0.02028158969851369,0.027582719818172643,0.010078751943375493,0.0881638382271045,0.008935570881046793,-0.11704056729353329,0.12509379304214588
2024,84857L101,SR,1131,0,0,0.02209976412331455,0.013788030082623151,0.022571412301094156,0.01563499824701426,0.00556271137749933,0.047636576244305257,0.12730970431868988
2024,402635502,GPOR,1132,0,0,-0.004264961594076423,-0.013436756899235396,-0.02555161440263686,-0.010199987027483927,-0.10419742009172464,-0.16808688306609842,-0.036698330389842854
2024,57164Y107,VAC,1133,0,1,0.01751055789179495,0.05454129234160118,0.01205223948773812,-0.04605491560183246,-0.163327733064797,-0.17454431500169681,0.0017690116809700195
2024,004225108,ACAD,1134,0,0,0.006994382312436898,0.0013206987697972818,0.05689644599274703,0.17945122348235276,0.28965364690523737,0.3363010500438774,0.293204370430678
2024,73939C106,,1135,0,0,-0.0293920032002123,,,,,,
2024,52110M109,LAZ,1136,0,1,0.11667399694098675,0.05113718942718383,0.08254544712848244,0.04418092895527871,-0.059326673126242166,-0.0746156022505262,0.23044301297425934
2024,45378A106,IRT,1137,0,0,0.06365130528340426,0.02009777133698487,0.028990597568796874,0.027667707722318628,0.12683117797169471,0.18428786937517114,0.01642764135720099
2024,48123V102,ZD,1138,0,0,-0.009886759366097276,0.01847352079143742,-0.004958187898438927,0.005682080920874685,-0.021844463950954726,0.05310524992070159,-0.043015887258760876
2024,238337109,PLAY,1139,0,0,0.007334986357922777,0.01362866554672212,0.03336655126131248,-0.08535491917716839,-0.22853655178792961,-0.3652374507775718,-0.037046358327942674
2024,69349H107,TXNM,1140,0,0,0.02915827317868152,0.004333565015623331,-0.003824973732295213,-0.002142489315077389,-0.009570710862258584,0.04443961339673018,0.13031660785430166
2024,343498101,FLO,1141,0,1,0.023658998852717168,-0.006319961531381529,-0.020174453254592543,-0.029147040291021664,-0.03423016642477916,-0.05130056445994905,0.00667102281409225
2024,668074305,NWE,1142,0,0,0.011788108334685521,0.004555720484246601,0.0015747275591275062,-0.005654993756484169,-0.03557170957476283,0.01760523437703002,0.0698120981888857
2024,750491102,RDNT,1143,0,0,0.019002664588019694,0.002238068331898892,-0.0033039483208922426,-0.031689632596848906,-0.17799001015136418,-0.08897747852854572,-0.041329864290204424
2024,05465P101,AXNX*,1144,0,0,0.00820279750135923,,,,,,
2024,163851108,CC,1145,0,1,0.03965821306267603,-0.01444309499500419,-0.004471354806094157,-0.012571760325924036,-0.11233143647825505,-0.05785747208298386,0.12135319606559641
2024,894164102,TNL,1146,0,1,-0.00548313086218237,0.03059065031299528,-0.017620386990845047,-0.029167768758958892,-0.051369881061919476,-0.07978068567420459,0.03631774762338756
2024,75700L108,RRR,1147,0,0,0.00020887921970086745,0.011048894994396447,0.020657554484990872,0.07152151060842114,0.10709696585124506,-0.06519596673382567,0.08905359339129712
2024,15117B202,CLDX,1148,0,0,0.004238519696436886,-0.012251495516694844,0.0842270116781691,0.03150610044654237,0.0745297575002559,-0.0026752045038407717,0.17342269260835438
2024,418100103,HCP2EUR,1149,0,1,0.06535479743140689,,,,,,
2024,126402106,CSW,1150,0,0,0.022888846198178815,0.006311471202281909,-0.008404361988286393,0.011025343558831401,-0.020748152036861478,0.03510060985199706,0.10009240393446045
2024,03957W106,AROC,1151,0,0,0.014616391041698977,0.010612779613879459,0.015147731591548589,0.036864946438996016,-0.04620575562817887,-0.16046828120381765,0.029935651315840778
2024,191098102,COKE,1152,0,0,0.07956592473153166,0.01501452687726407,0.043392856482825704,0.09885641878607727,0.07000614880048868,0.251649313648901,0.022160676617854258
2024,302492103,FLYW,1153,0,0,0.03920930575493811,-0.0011450585515993088,-0.00993668087017345,0.03336678080608207,-0.05494806371569036,-0.2106545797088786,0.21318994834739077
2024,790148100,JOE,1154,0,0,0.010577088416473356,0.026459755732133404,0.023779309094968223,0.004657640947437409,-0.04058396116503412,0.05627107304058313,0.18294301467330215
2024,753422104,RPD,1155,0,0,0.055679623571917705,0.0241584086397178,0.07886328289888589,0.14107372003880356,0.136720922305013,0.12623470643811907,-0.009530369297747622
2024,39874R101,GO,1156,0,1,0.09507465506834575,0.006624353476632535,-0.0003518967961636276,0.06344070943955943,0.06580079509007154,-0.06451964410478521,0.0035323043428866965
2024,03940R107,ARCH1USD,1157,0,0,-0.03844253992925244,,,,,,
2024,82900L102,SMPL,1158,0,0,0.02643709126469715,0.013463784359234822,-0.006559970713293077,0.007487951858128953,0.018877270542170636,0.17444226503336396,-0.017720399200479093
2024,04956D107,ATMU,1159,0,0,0.0038814115471332237,0.003748902464875716,-0.03735006407112225,-0.01652995792166271,-0.1296433023082378,-0.2942586494677764,0.029554370479904283
2024,872657101,TPG,1160,0,1,0.12325370491080975,-0.004777096086728456,-0.010425773517092613,-0.033023631251931855,-0.06643184210763821,-0.06423508989709185,0.19276330682432197
2024,00857U107,AGL,1161,0,1,0.03037821055036521,0.003791927286083757,-0.05086926193040038,0.029870187316890007,0.22195731866470808,0.7235695500376852,0.22377527145535367
2024,81725T100,SXT,1162,0,0,0.019929516436901988,0.001568700113821811,0.001609662329083635,-0.021371273199585084,-0.056499963621325124,0.02278059528091282,0.04222398639212816
2024,917047102,URBN,1163,0,0,0.04460279869484104,-0.033458691164801366,-0.017807913641722732,-0.034339700224105034,-0.014774782530068621,-0.11456278462195864,0.11830106436437807
2024,224441105,CXT,1164,0,1,0.05140131205145452,0.02589331597243847,-0.013277247678787199,-0.13259507164125758,-0.12632227661866505,-0.015413172486838454,0.03655812220973049
2024,76243J105,RYTM,1165,0,0,0.10644784966492808,0.03139928262344226,0.07879794293650488,0.09263411079964998,0.23485195656808344,0.1787689923712023,0.24043028333584637
2024,76680R206,RNG,1166,0,1,0.011299051993653978,0.022485262280202915,0.09042306928919135,0.005294696429499927,-0.26844796676559163,-0.1833987101324835,0.22479454517632771
2024,93627C101,HCC,1167,0,0,0.03852221897785508,,,,,,
2024,32051X108,FHB,1168,0,1,0.02506185938936462,0.01850527788531419,0.024360615929178896,0.03525958402426548,0.046849851656941624,0.06275308180092434,0.2309147053928378
2024,575385109,DOORUSD,1169,0,0,-0.9999687991284116,,,,,,
2024,01749D105,ALGM,1170,0,1,0.03406876232706475,0.010738246690043451,-0.01415900201665039,0.10466296519582605,-0.01905812647455208,0.08480515817599542,-0.14816166139138418
2024,86333M108,LRN,1171,0,0,0.016251153717445652,0.02180763880534225,0.004163787172125965,-0.04448552377958061,-0.08110581674623643,0.06175481111690818,0.04088557239753412
2024,04280A100,ARWR,1172,0,0,0.02949624726320705,0.027780942444824347,0.01342118503672475,0.11281773376631744,0.16430487739630906,0.3013789826194778,0.23358002574300077
2024,00091G104,ACVA,1173,0,0,0.049737194984681946,0.011189507468097009,-0.026855668184811436,-0.022334944658775998,-0.12248436732061721,-0.09484917444832677,-0.0642891383414777
2024,93148P102,WD,1174,0,0,0.02542134999983638,,,,,,
2024,12621E103,CNO,1175,0,0,-0.003319123401814873,0.008947214592755732,0.013102082751600928,0.00770750356110442,-0.016359357123234906,0.03160232395977254,0.12217451722414983
2024,04316A108,APAM,1176,0,0,0.0019318540931889368,0.02407270375577994,-0.0018688881277616788,-0.048420979870816575,-0.1248935846550338,-0.06273631949714849,0.0663274620365992
2024,41068X100,HASI,1177,0,0,0.04388820766833736,-0.004335437727287879,-0.04008001539299058,-0.07939986591469894,-0.2006610098501964,-0.013621491518402879,0.08791519472095222
2024,55405W104,MYRG,1178,0,0,0.002001562846221844,-0.012750327424559216,-0.020231563484807973,-0.04892236949138804,-0.22034602543538728,-0.2594907513511421,0.06556303534248636
2024,207410101,CNMD,1179,0,0,0.01227417353584004,0.032185220210372234,0.006014535274932377,0.025640268079824273,-0.023798036891941612,0.13167066665008986,0.0955881598363326
2024,704551100,BTU,1180,0,0,-0.05348874903545259,0.029462544368082377,0.08439316090818365,0.04457451000629221,0.02361026625197779,-0.014686359139052828,0.030879019931440856
2024,387328107,GVA,1181,0,0,0.04698979757377751,0.00894056924545513,-0.025989009672541828,-0.0587282080288143,-0.09518107019242036,-0.016522409427900855,0.06764730976765143
2024,88224Q107,TCBI,1182,0,0,-0.022516771740703843,0.029907407976394393,0.034441596022955316,0.02591561706510593,0.01147588569756213,0.09934760789909125,0.10403731283358844
2024,012348108,AIN,1183,0,0,0.053114902528138885,0.0015554089993620613,-0.01589401903036666,-0.010436305165009048,-0.04322809148013832,0.03300540355064516,0.13266985528487846
2024,19239V302,CCOI,1184,0,0,0.05770501583597577,0.04625406040585023,0.0595430475166483,0.11136127931129791,0.012659909054313159,0.03813752676451888,0.22555363817569177
2024,707569109,PENN,1185,0,1,0.05844939877529398,0.03416758504841273,0.04420153535968288,0.053945186751373,0.3997005966551926,0.41846846277822364,0.13261864737203222
2024,875465106,SKT,1186,0,0,0.01371511921244844,0.010641364696251654,-0.007115875785509245,-0.018311118659149375,-0.03487195793835609,-0.012299127188006482,0.07562181830519014
2024,896945201,TRIP,1187,0,1,0.023635638269821173,0.024679774875303134,0.008344396024999725,0.01499021045156355,0.02473703733045958,-0.32393211443497183,0.058530384652334025
2024,45867G101,IDCC,1188,0,0,0.022403487146281886,0.008914267755444146,0.002394156091700711,0.032749109188641545,0.040534762302806414,0.1704881671385143,0.047164707459992954
2024,023436108,AMED,1189,0,1,0.0010682996140744761,,,,,,
2024,04335A105,ARVN,1190,0,0,0.05634405676159327,0.03769577894558998,0.0150358679185725,0.034496436968013744,-0.2542370801088781,-0.23034257575120712,0.1108115501086354
2024,45332Y109,NARIUSD,1191,0,0,-0.029379336543579798,,,,,,
2024,219798105,QDEL,1192,0,1,0.05585801065129783,-0.004281271501302565,-0.04998078041918402,-0.08170762825679495,-0.23197646681333375,0.07156868406534031,0.2599234610049529
2024,747316107,KWR,1193,0,0,0.022875094025604035,0.005388169402348797,0.00840679832419226,0.024587643455252245,-0.044681038863378104,-0.07171785524308792,0.10502603715714576
2024,10576N102,BRZE,1194,0,0,0.11513539603377752,0.03202547095353206,0.10552858278121695,0.12983138424998514,-0.06741762450065054,0.033804698780271286,0.16862789719724025
2024,22002T108,CDP,1195,0,0,0.025735106447361617,0.015971873495822297,0.013473256236432257,0.045433195307605014,0.0611724186922275,0.12336297430697786,0.15052704088484006
2024,318672706,FBP,1196,0,0,0.0036659578465827614,0.02247702830144794,0.03339102528561045,-0.009567167928384157,-0.03147399008189723,0.024098096340015814,0.1594975913989848
2024,00123Q104,AGNC,1197,0,1,0.03944458396493493,-0.0057098591399726215,-0.016475827104708386,-0.014088646343852512,-0.001956509935300329,0.0011970525784096176,0.0766223198548475
2024,70959W103,PAG,1198,0,1,-0.025913235573372478,0.012294433175590888,-0.001421287332707669,-0.02802625425783103,-0.02594318932186637,0.0007244062538100046,0.12051391660565758
2024,60646V105,,1199,0,1,-0.0017798527567820834,,,,,,
2024,531229813,22941EUR,1200,0,1,-0.026816972613378925,,,,,,
2025,227046109,CROX,800,1,1,-0.0038595791496919387,0.024066677736919007,0.00793118740959516,0.021241546299265515,-0.05791720685786345,-0.11786520351698596,-0.00816283703007822
2025,62955J103,NOV,801,1,1,0.005969685209804022,-0.026098320083376203,-0.05071961725183686,-0.1118246330119221,0.013796256532042079,-0.19931530316940987,0.09383465562042194
2025,929042109,VNO,802,1,1,0.1441656712066499,,,,,,
2025,09627Y109,2655787D,803,1,0,-0.06135669374516091,,,,,,
2025,68404L201,OPCH,804,1,0,0.018672785244928145,0.003372100259455511,0.007556236490939058,-0.06508712998212919,-0.12192121499108746,-0.2956443751232077,-0.1516691602971256
2025,549498103,CCIVGBP,805,1,1,0.020508399679657698,,,,,,
2025,497266106,KEX,806,1,1,0.0363545148465289,-0.0033243770861159133,-0.010394755360646067,-0.02040759748196263,-0.025390441588384778,0.0017463248492266335,0.003117924645414577
2025,92556H206,0VVB,807,1,1,0.09251301433384367,,,,,,
2025,829933100,SIRI,808,1,1,-0.008143030233676582,-0.0023332590598836825,0.006695868239138149,0.06014343391914101,0.006504099201214239,-0.07773495418619071,0.009050881985057293
2025,361448103,GATX,809,1,0,0.018933166853625265,-0.0027517004957521075,-0.007537937931447053,0.01021681909531304,0.06393649804188561,-0.01950643563963304,-0.024570683400048296
2025,457730109,INSP,810,1,1,-0.006938131921068266,0.018348675119429385,-0.026509984216135634,-0.02980218933150695,-0.08273414558927412,-0.10975752361609448,0.007552583705241615
2025,971378104,WSC,811,1,1,-0.02202539065394531,,,,,,
2025,343412102,FLR,812,1,0,0.03777380985303271,-0.00454091468104654,0.010468358464891992,0.006197247840455805,0.1713656001138862,0.32455045578793384,0.07152439799060259
2025,N72482206,1QGEN.MI,813,1,1,0.04863916037835078,,,,,,
2025,53190C102,LTH,814,1,0,0.01584614871602306,0.0016313571857802765,0.013717634426202002,-0.011924237291378093,-0.10280141478965076,-0.2591562245132074,-0.12189312380572626
2025,004498101,ACIW,815,1,0,-0.002782164631090075,-0.0021894318994949294,0.0014347524647412725,-0.01122260773263623,-0.04298200588321097,-0.21045720982376132,-0.034368030066398984
2025,87161C501,SYU1,816,1,1,0.005431251677738452,,,,,,
2025,688239201,OSK,817,1,1,0.007595929510037614,-0.0010441796381796247,0.009948252080132811,0.07517901499749428,0.13901686180380177,0.04262968504805503,0.07776441832218416
2025,770323103,RHI,818,1,1,0.05212601750876206,-0.0029014044029682553,-0.0007207845899288128,0.004271609717096069,-0.05279789018038697,-0.11100965190954647,0.005135993713462508
2025,552953101,MGM,819,1,1,0.04539158023328126,0.011240198751310758,-0.005966564486801946,0.04559337164075509,0.10209397091395976,0.07527385077044828,0.08554594940166302
2025,001084102,AGCO,820,1,1,-0.028457844637613087,-0.007917271874912922,0.004203201521858843,0.005533521470558525,-0.02001187081374636,-0.05550278204682316,0.015530976609103807
2025,683344105,ONTO,821,1,1,0.06528236026581032,-0.01846866909881184,0.019189246807277884,-0.00010904137678289377,0.08730202399633924,-0.05226618531017253,0.07051341588277278
2025,011659109,ALK,822,1,1,-0.07691213518956568,0.0017335216998251137,-0.004267863723806116,0.04060154282306409,-0.0473713893799116,-0.006749838500988168,0.08587325469116265
2025,354613101,BEN,823,1,1,0.01382716142776059,0.008706226058391237,0.007488523274228962,0.037496095665787196,0.053998470699301145,0.07875955638327943,-0.013208656191474915
2025,042735100,ARW,824,1,1,0.021043289332880653,-0.01305055149110366,-0.014297495236900085,0.012516612855062285,0.03169440146046845,0.08827929163064588,-0.030337144295034278
2025,91347P105,OLED,825,1,1,0.029310997740123353,-0.008652753959992078,-0.03798572801126794,-0.046861317057769025,-0.009355283931431414,-0.028085258358137355,-0.08891154786823785
2025,830830105,SKY,826,1,0,0.0008293869935945636,0.002911939399095644,0.010331367936254585,0.07709536436652727,0.02866920012912998,-0.30526611647046603,0.0712016341926982
2025,803607100,SRPT,827,1,1,-0.035718332574540795,-0.0017584781932275017,-0.008696054156468205,-0.10219273986205887,-0.529664512519093,-0.7189783669502461,-0.020373152300982994
2025,G0378L100,AU,828,1,1,0.11464177442322641,,,,,,
2025,00912X302,,829,1,1,-0.037978194674483524,,,,,,
2025,90278Q108,UFPI,830,1,0,-0.0212728692234887,-0.0029268969807020708,-0.0063848365712634945,0.0674954046320176,0.054458218905897846,-0.04527270675926947,0.04933856023934369
2025,559663109,MGY,831,1,0,-0.00818716254343852,-0.015566693713087741,-0.03777530432687409,-0.10859235151650244,-0.022585759800416126,-0.17360797672462355,0.03352285912522142
2025,55306N104,MKSI,832,1,1,0.060234381766173684,-0.010463531756647588,-0.028919221715615957,0.03403245999391617,0.10341621551287049,0.12253362674867956,-0.022192197606885344
2025,989701107,ZION,833,1,1,0.018647071174840223,,,,,,
2025,12769G100,CZR,834,1,1,-0.019678417252605305,0.006803203582996974,-0.027520233057696762,0.02345468393019163,0.03835116859132913,0.12411848865188976,0.006610478572740942
2025,26210C104,DBX,835,1,1,-0.06882700879959854,0.001033067427135396,-0.010892213663057856,-0.05875769051063977,-0.07682620327416613,0.0033726160943886386,-0.019920265357404376
2025,78473E103,SPXC,836,1,0,0.038296930356282226,-0.0026031104276379017,0.015055532973008483,0.03410645727931866,0.030791362304346655,0.11863557411091231,0.024678538186233195
2025,302941109,FCN,837,1,1,0.0011387814956639794,0.00382220622216993,-0.0014260807387685434,0.03459740310695148,0.04962107053215408,0.05112344289100584,0.08280277277976575
2025,552848103,MTG,838,1,1,0.018967010134590987,-0.0022388743111574484,-0.0029191833797989246,-0.022968872862976435,-0.03171644476112519,-0.025431187184729243,-0.1277305752762286
2025,636180101,NFG,839,1,1,0.015468982900077529,0.0024604034011063407,-0.0028794660781078143,-0.06791806327765984,-0.07768014014079995,-0.148073423104921,-0.06113083741784109
2025,576485205,MTDR,840,1,1,0.01486751528889227,-0.013378266505814324,-0.022369220066597938,-0.07453820513050058,0.08979137721865918,-0.0568332348741256,0.0795159914930006
2025,477839104,JBTM,841,1,0,0.05437725933610133,0.011104597621033673,0.0017685743901328585,0.0019726529853434614,0.017243101444801585,-0.06001437565438121,0.11027817687490982
2025,45867G101,IDCC,842,1,0,0.0012930698034123891,0.010904501963332487,-0.04500286267798946,-0.036648853410733054,-0.011890115386963013,-0.02559392412603196,-0.08707667454470867
2025,29786A106,ETSY,843,1,1,0.03956622289724038,-0.0036680875045932834,-0.06984166265270647,-0.05869478940973087,0.004191090125172709,0.009522097140917424,0.190827263057038
2025,G4474Y214,,844,1,1,-0.008866691327010573,,,,,,
2025,013872106,AA,845,1,1,0.08589579205021923,-0.054588568556277715,0.028639618200627708,0.025136050689632785,0.06275858332833327,-0.027126949489675332,0.08199719228099213
2025,40131M109,GH,846,1,0,0.049104148621265435,0.007978512927230563,0.01320649133576705,-0.09308780765486195,0.13398962328413738,-0.07665112959323675,-0.22729461226426764
2025,942749102,WTS,847,1,0,0.02145564285912645,,,,,,
2025,46817M107,JXN,848,1,0,-0.0199444500535517,0.003191054084526161,0.0025330349242035487,-0.021877565691251315,0.00911552921628136,-0.028943285351675924,-0.05414970549936835
2025,927959106,VNOMUSD,849,1,1,0.05509762755344868,,,,,,
2025,056525108,BMI,850,1,0,0.02002127189425869,-0.009345448571715896,-0.009135143746567539,-0.0581030839143079,-0.11107687952342081,0.08628611683741591,-0.304757443621571
2025,03064D108,COLD,851,1,1,0.06051206350583963,-0.0015313308192185329,-0.0032645857210999944,-0.03233089805185508,0.024846420959087553,-0.15505418598861892,-0.014207547935140528
2025,15118V207,CELH,852,1,1,0.17149463323747305,0.004051011286776691,-0.0005404941526980893,-0.021226675301679213,0.1577847932010187,0.016658872322568033,-0.05744894920978998
2025,14174T107,CTRE,853,1,0,0.09126385442537586,-0.00026645902305798296,-0.0023197466389872625,0.02410903370828093,0.05506625218120484,0.014680503905514012,-0.020065933967104387
2025,53947R105,LOAR,854,1,1,0.1076348748473124,0.013942234385827139,0.0031713403800386793,-0.08434039876185453,-0.17610692977476894,0.01701048126709205,-0.2636572603234791
2025,451107106,IDA,855,1,1,0.1193256526921343,-0.0012317094101392486,0.011653070583639315,0.009919764154886193,-0.01888020793171641,-0.06835887770150403,0.03421061848751533
2025,783549108,R,856,1,1,0.10713959593870963,0.007938069193407605,0.0018490896920681163,0.07386956150643892,0.07173280239434013,0.03611631602404629,0.09763648138763815
2025,946784105,WAY,857,1,0,0.060426994623417475,,,,,,
2025,45765U103,NSIT,858,1,0,-0.012522516737424444,-0.008120879445816563,0.016040971533357214,0.044188115283415624,0.052629524822968746,-0.09887315176131373,0.0741303758724604
2025,515098101,LSTR,859,1,1,0.030217543634397777,0.013615701110777033,0.0019127116825216148,0.03698571929103123,0.06153048187209943,-0.0010466375426463007,0.03370437884046215
2025,743606105,PB,860,1,1,0.05300865881117484,-0.012089014299454156,0.005705497070693984,0.06627277704098614,0.04458871239839265,-0.03344782386872691,-0.044495504974412264
2025,410867105,THG,861,1,1,0.01387324472419785,-0.011605258042237181,0.013857832658934458,-0.05658429420983561,-0.11209187533698035,-0.14639590786287424,-0.051834105274547966
2025,23282W605,CYTK,862,1,0,0.019297594635516363,-0.02074389568498078,0.001251410642627902,0.04614194473113721,0.18100614487386266,0.02395830222729621,0.16806168356824272
2025,15872M104,APY1EUR,863,1,0,0.023240077648090537,,,,,,
2025,28414H103,ELAN,864,1,1,0.08993923098287625,-0.008234078652645234,0.010981713726002693,0.02082670072583392,-0.02072396840558745,0.12346353476319304,-0.04599764846580245
2025,68268W103,OMF,865,1,1,0.01905460731821546,0.0010234586954995387,-9.608781345415811e-05,0.04467352772822813,0.052230395202146764,0.010467644361279206,-0.007279752876352469
2025,69349H107,TXNM,866,1,0,0.0988194064869001,-0.005694463688416072,-0.010344361955908756,-0.03505842826504458,-0.06133054483067457,-0.07181192607318683,-0.03141729139149773
2025,670703107,,867,1,0,-0.0004902070918155283,,,,,,
2025,12510Q100,CCC,868,1,1,0.04795852099001281,0.010113498581228566,0.022197935169701144,0.03490388941172917,0.150283707620691,0.15737940819499663,0.09386153866614058
2025,55024U109,LITE,869,1,1,0.04899200652158012,-0.010024633111246475,-0.002140394556942082,-0.048574931621131454,0.053501945536082174,0.2531893652694045,0.059447374024557124
2025,733174700,BPOP,870,1,1,0.006617002885475185,-0.0016518292435248058,0.0021197994016710353,0.0460982864006281,0.025376878878348434,0.04286749395462181,-0.005831972076688903
2025,358039105,FRPT,871,1,1,0.03595068964331261,0.002569320124414234,0.00020421024153659002,-0.028466068622278656,-0.05920914825565912,0.07797332982264406,0.10930234965882063
2025,98983L108,ZWS,872,1,0,0.005693050636363254,,,,,,
2025,80004C200,SNDK,873,1,1,0.2840316846240734,-0.018540265808253464,-0.08380607031795739,-0.1328216881064423,-0.008595444017401685,-0.3327949093739046,-0.23293515471070764
2025,74736L109,QTWO,874,1,0,8.935259618362856e-05,-0.013216602235200202,-0.013441757663786106,0.01142582243925391,0.026661505915755637,0.11862000879532598,-0.05472257837339664
2025,237266101,DAR,875,1,1,0.03768230392630822,-0.00866092448317541,0.003058323486520159,-0.04439877013207841,0.1545883985496845,0.158214458591874,-0.12093299108917945
2025,465741106,ITRI,876,1,0,0.039832575985206294,-0.007101607291108232,-0.0134696416635189,0.02987250319664707,0.11373473250968208,0.1283448255907516,-0.009875271771893337
2025,371901109,GNTX,877,1,1,-0.002591271417048994,0.0061410836392057355,0.016153751354949536,0.07292016799021132,0.10360909076810808,0.06869496664621873,0.2779670184628558
2025,28618M106,ESI,878,1,1,0.03310346804616466,-0.012393385462841173,-0.018026043296588502,0.11071537497254562,0.11040066746629183,-0.014084850822441234,0.029244623617555754
2025,29605J106,ESAB,879,1,1,-0.0015224399190508233,-0.01065163653307511,-0.004762538244086823,0.009882660979434393,-0.057109338760865866,-0.08756217628391973,0.041656457412815234
2025,521865204,LEA,880,1,1,0.018115182536685807,-0.0010399851636141103,0.008800370350661035,0.0881617994204191,0.09520296269094847,0.010831643525052769,0.025021255759925868
2025,80874P109,LNWO,881,1,1,-0.05015997481334899,-0.004269796361603944,-0.002396800579855878,0.08903034430827077,-0.0018146093700747382,-0.038577661740991115,-0.020266426946035962
2025,78463M107,SPSC,882,1,0,0.029095505763103734,-0.009191379081304154,0.00940059681083695,0.016176515384534938,-0.023621753651420777,0.0692997709971699,0.06957546306829734
2025,42226K105,HR,883,1,1,0.020082969514015662,0.013264024438758754,0.01449037149986445,0.05660859256142736,0.11711923841477442,-0.004838076544163083,0.013455556110515594
2025,920253101,VMI,884,1,1,0.028332852896831726,-0.00382566549337394,-0.013647596444685517,0.01096505324555918,-0.000670474453977366,0.042851716201629954,0.027771155240879464
2025,501147102,KRYS,885,1,0,0.012230046169808046,-0.027618955705507053,-0.0419858828669662,0.054045822627003276,0.14623064587452925,-0.18529746950723536,0.11791663348605302
2025,398905109,GPI,886,1,0,-0.026930938201554667,0.007322223717376569,-0.027911601565375935,0.01549795993428949,0.02584394165808296,0.04710972346899806,-0.06411915704365968
2025,403949100,DINO,887,1,1,-0.01226243295351739,-0.016148235486366347,-0.01703401056222972,0.02243672200245886,0.13851526667489927,0.10364667307557157,0.044468914606248265
2025,59001A102,MTH,888,1,0,0.0412854104167158,0.005563352865285613,0.01068469360405789,0.08722649618810066,0.08391887112222912,-0.014332887362630343,0.06447153607560681
2025,65336K103,NXST,889,1,1,0.019042085444906657,-0.009856064781690033,-0.0054663331150232915,0.01594820057982654,-0.04431961601722445,-0.17329058937037267,0.05645191561658296
2025,222795502,CUZ,890,1,1,0.03110978395911595,-0.003378125065212182,-0.002597863933831204,-0.06851874165128632,0.02552172772454327,0.002915013693190612,-0.10623751495330838
2025,30190A104,FG,891,1,0,-0.0037638536449809096,-0.005497439722583399,0.007965599767298643,-0.014250368278223898,0.022739037106538358,-0.01904181841762644,0.03209922419854187
2025,364760108,GAP,892,1,1,-0.07002512898347554,-0.012447161767386045,-0.014000541515043647,0.009251597567370665,-0.34312528600352615,-0.18033887514809724,-0.15592865134675318
2025,03676B102,AM,893,1,1,0.031164969356474913,-0.0069719725098840455,0.008342497583934643,-0.059282554819665975,-0.14183757011110587,-0.14703750246445754,-0.17980453653282813
2025,191098102,COKE,894,1,1,9.517552357128444,0.0039311993984516205,0.03172365819976528,0.08207262347778241,0.016839338446234475,-0.17292714805072873,0.04596164755546586
2025,000360206,AAON,895,1,1,0.04372949081028538,0.010273768658330632,-0.005780172257617688,-0.011396285175571303,-0.30811835296572304,-0.07703628671061874,0.1096348295116035
2025,G39108108,,896,1,1,0.031286460561474765,,,,,,
2025,781154109,RBRK,897,1,1,0.2927680544801169,-0.06515259974539203,-0.05318944112548192,-0.07816412417215698,-0.23804145428124587,-0.030345939908014707,-0.13852373195658682
2025,057665200,BCPC,898,1,0,0.012645689720173147,-0.005175028781701124,-0.0033053541457436627,-0.006779712844161535,-0.057868623298871484,-0.11232963541422127,-0.0736808204433667
2025,82982L103,SITE,899,1,1,-0.018426381658015266,-0.009232297439240483,-0.009052002672756675,0.0529781027590651,0.053844223825158036,-0.03011516742103413,0.07151157339726377
2025,844895102,SWX,900,1,0,0.043868955235793435,-0.0051280152655838246,0.001750347990834368,-0.027975742016676824,0.0062730965080551,-0.002743872222583964,0.034234621063497395
2025,81730H109,S,901,1,1,0.025187321517757946,-0.014259100596503316,0.0104579875823928,-0.0040125744932766345,-0.11769524205025211,-0.06792153463631607,0.07171913106899883
2025,302491303,FMC,902,1,1,0.05216088695666855,-0.007271213695063989,-0.016865016205348228,0.02737866333198352,0.09820859565227351,0.06413795638637292,0.005809803336482868
2025,48282T104,KAI,903,1,0,-0.007116648496132971,-0.007122418462656532,0.012328733785261795,-0.010433739639717311,-0.03938530534186785,-0.13686583776134784,0.06619489751782612
2025,G98239109,XP,904,1,1,0.02752793956202045,,,,,,
2025,201723103,CMC,905,1,0,0.007008657740478271,-0.006673981730518687,-0.02446752867704668,0.001287210592402055,0.03468320707562374,0.007416883720539876,0.0222894416038516
2025,736508847,POR,906,1,0,0.0010715774818147062,-0.0062644873586969255,0.013568359466449806,0.013569495193578819,-0.029125546064614656,-0.10302862514764954,0.01775372516033158
2025,82846H405,QXO,907,1,1,0.7325115493548674,-0.05209069119035179,-0.03134681105421774,-0.08108534594592365,0.1750445705029064,0.2956842683993123,0.002655447931945533
2025,615394202,MOG-A,908,1,0,0.018035960549098538,-0.020448482273477134,0.001793710402191141,0.0053999801577240825,-0.05399970116085814,-0.022706317011434246,0.009080490324193866
2025,433000106,HIMS,909,1,0,0.11806036854317606,0.04665013179084997,0.12326378954961985,-0.40271662952758425,-0.42130737652145334,-0.17369983340333106,-0.06276773740959718
2025,12653C108,CNX,910,1,0,-0.055616572838286284,0.0063875635581018934,0.008658463987737251,-0.06416220341990571,0.04053832051860454,0.12692099484391536,-0.08276546200632509
2025,02376R102,AAL,911,1,1,-0.029359335405616593,0.009506823818435508,-0.0016352308962332062,0.07537595413888913,0.035152606073937345,0.17157840290552043,0.053707202287412215
2025,45378A106,IRT,912,1,0,0.0031406330808971357,-0.01983647853523487,0.007217760422970239,-0.02551889768377767,-0.05244555150485307,-0.19941423128669608,-0.027878445299724365
2025,043436104,ABG,913,1,0,-0.018572239110146903,0.013292310896928486,-0.024427172236966468,0.045284856281768815,0.06975391961776689,0.04634104905580707,-0.08488448333968349
2025,750917106,RMBS,914,1,0,0.02634263230132173,0.013383058446628208,-0.0016146190513408407,-0.0256382873959897,0.04914789730917169,0.012294506328944977,-0.06995886680402116
2025,33768G107,FCFS,915,1,0,0.003038526711757301,-0.026128926251853882,-0.00556090268318834,0.024822403519384494,0.00490596093348279,-0.03362125048979247,-0.1620605109363853
2025,172755100,CRUS,916,1,1,0.012390571760326952,-0.020786866374185052,-0.05512112706897378,-0.03469984948277832,-0.019204927609589997,-0.06899242540705394,-0.06650132204014764
2025,922280102,VRNS,917,1,0,-0.007377152923759765,-0.017116172006786775,-0.0014871340634074574,-0.004175189683803336,0.0282125962145919,0.11870931038431981,0.04429492077424845
2025,816300107,SIGI,918,1,0,0.03401483047162045,-0.00046356097189197696,0.023531546278790665,0.0002660891272694933,-0.004437256691035487,-0.0454434600344819,-0.08805173854674625
2025,537008104,LFUS,919,1,1,0.013221765408971714,-0.009791229045854052,-0.017918061957411746,0.011708608304673677,0.06282917649594791,0.07553639728302279,0.02334199885547153
2025,45826H109,ITGR,920,1,0,0.0043831605469084045,0.002858768893774773,0.007382503703941001,-0.034387247459126274,-0.034753574924952464,0.02925743275805065,-0.13122924914007342
2025,197236102,COLB,921,1,1,0.07148177611231517,-0.012905115215746813,0.005200108511914351,0.09245878783526669,0.03655233501134436,-0.08493057516521423,0.04094341387017883
2025,49803T300,KRG,922,1,0,0.0703254069893233,-0.0067007773954447895,0.006421113933822756,-0.007719719523584868,0.03791867655838928,0.03922611855997002,0.0008282298330494651
2025,553498106,MSA,923,1,1,0.09147955631771955,-0.01421681247944247,-0.015087197054762923,0.013186925200980994,0.021874904120484987,0.07751558468388003,0.04246516738925087
2025,008252108,AMG,924,1,1,-0.018054511907193985,0.023397091641560935,0.019127396243277316,0.04863032769201733,0.0988113363217125,0.09622170192668375,0.046312978246872846
2025,116794108,BRKR,925,1,1,0.03199870813071312,-0.009889617280695411,0.0011240444217192093,0.08014558088630991,0.17036848295515966,0.179880398300124,0.10359196691822703
2025,06417N103,OZK,926,1,1,0.012963186883491282,-0.008941820464652528,-0.00683534804941088,0.07652585302584414,0.0691498097788755,-0.014547958597620312,0.04072334206352378
2025,12740C103,BXSEUR,927,1,0,0.046538876571699674,,,,,,
2025,773122106,RKLB,928,1,0,-0.9648704920854729,-0.032698829195709204,0.06068774462446685,0.24150581244313973,0.15140131039995086,0.41298393301157493,0.14598836851392935
2025,08265T208,BSY,929,1,1,0.11254922904076817,-0.0036572350006149434,0.015668793100295314,0.05982886472672361,0.10088679017845342,0.20774049892629903,0.07889086606396631
2025,462222100,IONS,930,1,1,0.018258130703138996,-0.0029831409577151186,-0.02506246264050005,0.09694753678139947,0.22659358872637167,0.242955520377843,0.019086070349296262
2025,50077B207,KTOS,931,1,0,0.08077174609969628,0.0956873767498903,0.06686531462751899,-0.011768773525962329,0.04354330227109516,0.1394280515162227,0.15803457052642927
2025,534187109,LNC,932,1,1,0.04979302357901029,-0.006366794648891209,0.022019790080698744,-0.02831867386681859,-0.049453176165545745,-0.20076089779774606,-0.04530348753792094
2025,10316T104,BOX,933,1,0,0.06377952922918587,-0.008165173824444816,-0.012641930263688895,-0.09084898308909813,-0.17360702425344585,-0.044580082256263476,-0.08231585459398341
2025,090572207,BIO,934,1,1,-0.005629877709858963,0.00027273005986730653,-0.0069660755370838014,0.060869655040285686,0.10969471914091596,0.11921563276926767,0.07114221948626825
2025,25659T107,DLB,935,1,1,0.032920485915735515,-0.013675002807627165,-0.00986953754208723,-0.005168130502945326,-0.028198581251063087,-0.12484857815810729,0.011090163719150465
2025,928881101,VNT,936,1,1,0.014463379338314817,,,,,,
2025,45674M101,INFA1EUR,937,1,1,0.008237842944963077,,,,,,
2025,607828100,MOD,938,1,0,0.0051730524936649145,-0.011383964195107945,-0.0655488809046402,-0.009543250596613428,0.05199842164597694,0.24234248602127145,0.02036692810074036
2025,099406100,BOOT,939,1,0,-0.03919639203780479,0.004758850472576941,-0.023225878957967468,-0.06992973666994672,-0.09585878812133374,0.18067396889509998,0.07850975439701104
2025,74112D101,PBH,940,1,0,0.016341833338771983,-0.006292970236827932,-0.03432680367991103,-0.08528395727881516,-0.11319669499254637,-0.15376021192277461,-0.09108816851749743
2025,267475101,DY,941,1,0,-0.04187158682997522,0.018616091752676957,0.003154475460282441,0.012983387924074528,-0.018448322662660256,0.22378512670352715,-0.01465773180164616
2025,03957W106,AROC,942,1,0,-0.004917344436118098,-0.015696966064351836,-0.01311955150975269,-0.09463843101937061,-0.13034713816764926,-0.1852270670876846,-0.12146243391997913
2025,498894104,KNF,943,1,0,0.02816469455437337,0.009132985934747553,-0.015924543625528836,-0.04954514580881702,-0.24700536373260926,-0.17533916329012467,-0.04442834298503692
2025,126402106,CSW,944,1,0,0.006624307213669159,0.0022833343183040877,-0.007619864348434747,-0.028199141177526185,-0.11060250556300227,-0.0313199397653344,-0.03743556669997706
2025,05464T104,AXSM,945,1,0,0.022695462823781824,0.002151962793328517,-0.011842379217441251,-0.005098575167533759,-0.0470730671686137,-0.3077262180936858,-0.09345725873360908
2025,74758T303,QLYS,946,1,0,0.005684005151686769,-0.00910753101786177,-0.0017857590082547368,0.04033854804045846,0.038916736804399485,0.05385226455844917,-0.0497468573485185
2025,36262G101,GXO,947,1,1,0.01843915044681985,0.013686851958307305,-0.0006176170081353231,0.1171025153804863,0.15180893777212975,0.15638309052603205,0.03690983751220834
2025,872657101,TPG,948,1,1,0.3310645389510775,7.304232328902548e-05,-0.010851636810941184,0.030103224240205187,0.09451173906466354,0.13512832719066684,0.09451682370832817
2025,457152106,INGM,949,1,1,0.00645624178636013,-0.014300348677562455,0.005314553847189777,-0.010319243195513354,-0.0407779606066588,0.028775225087969453,-0.024730450849140943
2025,60786M105,MC,950,1,0,0.03193924440063249,-0.004865632258046225,-0.007886543174979084,0.12367745663330824,0.12897947527306425,0.10154702288398476,0.12663870205719024
2025,03783C100,APPF,951,1,1,0.04536453725990626,-0.011011691689138903,-0.011761201459043562,0.060700578221143754,0.15504326113705752,0.0629005484512434,0.14231859490708781
2025,169905106,CHH,952,1,1,0.031871698996581155,0.004196113706608314,-0.0012444750063174033,0.04302401058293116,-0.011607819541860815,-0.058230683559002225,0.025503636475825656
2025,33829M101,FIVE,953,1,1,0.04650525710559101,-0.004166873357024685,-0.009524589850969123,-0.026877017396969828,0.01255121626899626,0.3432933435602691,0.00981289127203059
2025,38526M106,LOPE,954,1,1,0.009159126216848782,0.008821514626967671,0.0013691696192180674,-0.09209574290293439,-0.16749665653963705,-0.08225609796568305,-0.18461953081084936
2025,92047W101,VVV,955,1,1,0.09256630785892056,0.02834565322643213,0.014667689886357787,0.05108208227785844,0.11296629868023306,0.06942892765921488,-0.0740583255345115
2025,887389104,TKR,956,1,1,0.03405111621524552,-0.01675997919946102,-0.026893077229820962,0.02502483638767751,0.02419268787333538,-0.07687519393969627,0.07336277569744694
2025,554382101,MAC,957,1,0,0.005494745732817825,-0.009100357511499953,0.00652227461959518,-0.01925957591284589,0.010375102194167582,-0.04090822863683537,0.0708661415718936
2025,45780R101,IBP,958,1,0,0.09917350459963174,0.006908319277466537,0.011557842984297748,0.13946512872782565,0.19995486491528033,0.03638509903460782,0.13774522382812585
2025,808625107,SAIC,959,1,1,0.006940364985491841,-0.0010630155241211673,0.039325900519792185,0.10093208912007726,-0.005357071500089508,-0.07442726288835315,0.019274850206809913
2025,G9618E107,WTM,960,1,1,0.018905189394538422,,,,,,
2025,649445400,FLG,961,1,0,0.047705533256468285,-0.024011162345517742,-0.030585084866603118,-0.08983072769064668,-0.1516346068592357,-0.2886051002219458,-0.025035029975519207
2025,55087P104,LYFT,962,1,1,0.10172799997778573,-0.01709542749019358,-0.017422003850465495,0.014627905828254427,-0.12342526888097408,0.023635604864521213,-0.19455845898598825
2025,963320106,WHR,963,1,1,0.10287931404101905,,,,,,
2025,L44385109,GLOB,964,1,1,0.04257886904800706,,,,,,
2025,398182303,AHR,965,1,0,0.06920627812952299,-0.007366296155004015,-0.00025678504068828156,-0.014305009257856079,-0.024366020319078162,-0.0018515231803474226,-0.034467409429941046
2025,67000B104,NOVT,966,1,0,-0.000118983854100537,0.015293886420941753,0.008583292217586863,0.025764367014477853,0.03817111531758821,0.02591285530948059,-0.044830855752947235
2025,053807103,AVT,967,1,1,-0.011669930495349671,-0.005315032471245623,0.002024256180503947,0.0438462980254517,0.044610502838179814,0.01739865646930778,-0.0010550487121969952
2025,127055101,CBT,968,1,0,-0.0034827611258843637,-0.0008541260418401836,-0.007968914397291277,0.03811308756972832,0.039424502710181726,-0.02836709788394586,-0.0006093801195411665
2025,298736109,EEFT,969,1,1,0.013823411678448133,-0.010094445462597298,-0.017266999872117383,0.011825495043151637,-0.08217785801837835,-0.17511304118670712,-0.018985687054475238
2025,313855108,FSS,970,1,0,0.030807839764666035,-0.008914130536699445,0.018230933756939,0.03716751575566601,0.1031981667507835,0.25460412455083,-0.0045363788467051094
2025,G0585R106,AGO,971,1,1,-0.07995126900785926,,,,,,
2025,885160101,THO,972,1,1,0.03559147426258322,0.00848774493326382,0.013855569424434822,0.038976089473031036,0.10272256432519726,0.17541297566136838,0.05718879484338747
2025,827048109,SLGN,973,1,1,0.030702483560902293,-0.01158108195835548,-0.02047557060858499,0.019237581099775226,-0.019697120258256248,-0.032858088297900184,-0.014543339487611768
2025,69366J200,PTCT,974,1,0,0.014368412283572978,0.0004955507492869432,-0.019667101351544685,-0.0923575996902367,-0.05060572101291276,-0.14242935901121154,-0.16047304226710182
2025,225310101,CACC,975,1,1,-0.02394552644433128,-0.017187105537705576,-0.0179118378311701,0.012098142070662418,0.011362083892358132,-0.14635572496258906,-0.018307420207217966
2025,428291108,HXL,976,1,1,0.05265516849051233,-0.00288779812746872,0.0005964550852318173,0.033234868915092676,0.09654213232972125,0.05581377481683975,0.08460952230131258
2025,05329W102,AN,977,1,1,0.037796479171335766,-0.011035117652294467,-0.025686874322200362,0.04596046560957456,0.07297314033256475,0.06982284509904872,-0.06227342652111352
2025,68235P108,OGS,978,1,0,0.04960068556790873,-0.00901018630108789,-0.005311780474906177,0.0008738557993799752,-0.03523223810161026,-0.10528385448997746,-0.00912599872224943
2025,624758108,MWA,979,1,0,-0.03578149937124955,-0.011688203383166014,-0.0038453661299656244,-0.002389352445902943,-0.080184691253695,-0.1936100586753396,-0.015781701090609272
2025,192422103,CGNX,980,1,1,0.01665883244489681,-0.008979028668483473,0.013121389737938034,0.031546627353226844,0.024967813808008072,0.03835197163213312,0.08586915100302675
2025,74967X103,RH,981,1,1,-0.03317000734714318,-0.01827817105898691,-0.01706635381937781,0.021216416261594904,0.1169790844043324,-0.012410594956733585,0.18508598317469263
2025,750236101,RDN,982,1,0,-0.01439781566127374,-0.001965580900056844,-0.004270963072976557,-0.003683226384373659,-0.004766022436477762,-0.01968435458074894,-0.10714055457048086
2025,000899104,ADMA,983,1,0,0.03157264524887097,-0.01953743482000049,0.012093633539878038,-0.06738663564718189,-0.17666829153526994,-0.2636395954157126,-0.0706148199478338
2025,01749D105,ALGM,984,1,1,-0.06573970970877452,0.004198316147391181,-1.0590825444186519e-05,0.04152384929557761,0.16546158006863967,0.030675617738732106,-0.0929621295112
2025,37637Q105,GBCI,985,1,0,0.054497710095811884,-0.021987368110727087,-0.007443046548069078,0.10364776568353268,0.10016087593024821,-0.00935309945087124,0.08441310958956405
2025,149568107,CVCO,986,1,0,-0.00889948945805317,0.009251217789628442,0.032308429794182005,0.08403188976814134,-0.007099500744871201,-0.24412193448160474,-0.05890263949723772
2025,093712107,BE,987,1,0,0.04481672728144706,-0.01248650733364181,0.08101555611199962,0.08491562615777425,0.174095148322818,0.06516038617291531,0.4257428809779957
2025,410120109,HWC,988,1,0,-0.006005950088544987,-0.0016022920445198327,0.007725736326336873,0.07140570740687557,0.032877988584530574,-0.004873015197374762,0.014357351768446186
2025,43283X105,HGV,989,1,0,-0.033392002894989684,0.008142382692680968,0.001149561183511203,0.08876671743577594,0.10767766257088718,0.004151153982730643,0.17572155907958767
2025,88322Q108,TGTX,990,1,0,0.034659570426257405,-0.03693469114156188,-0.04795136391345904,-0.012849300107407391,-0.043260465244104956,-0.211621584049405,-0.06818392594057715
2025,45827U109,INTA,991,1,0,0.033569569357176546,-0.004641766452339917,0.011875517606741805,-0.14507972710016195,-0.17481254106060248,-0.17091701016969701,-0.23509062110630446
2025,879433829,TDS,992,1,0,0.015073008091304265,-0.02225642872433104,0.0006292758900514547,0.02450681104574947,-0.028285128414060112,-0.20177519268255328,0.09825811076933608
2025,128030202,CALM,993,1,0,0.0478463519801658,0.004781086634624094,-0.0014438017069086503,-0.02383741136018882,0.0819804833199842,0.10719405422530374,0.05600434434994464
2025,03940C100,ACLXGBX,994,1,0,-0.0029961633984023667,,,,,,
2025,48666K109,KBH,995,1,0,-0.014104148232467804,0.010915726832289006,0.020784449466962306,0.047321973420880174,0.05918454036385868,-0.0005656655197379869,0.10800582995402111
2025,387328107,GVA,996,1,0,0.010323615444534431,0.011501147935637229,0.01767018896958127,0.016212694003422925,-0.012279096300367293,0.11688202311338568,-0.018638854451246918
2025,077454106,BDC,997,1,0,0.00924929163925285,-0.007169355226275787,-0.010170248301613382,0.04317809650304498,0.040749934266789425,0.052429129512559534,0.07251916334160108
2025,302520101,FNB,998,1,1,0.03829336565921872,-0.004202310011851587,0.0038685967109691475,0.08406669595575235,0.06444134315045419,0.011681236939091559,0.05011277268089685
2025,84857L101,SR,999,1,0,0.04925866919795065,-0.012358290278504764,-0.004312367933676077,0.006554241535596181,-0.026584587913968016,-0.13592496123315456,0.016556923839145164
2025,834203309,SLNOEUR,1000,1,0,0.03996513506159475,,,,,,
2025,94419L101,W,1001,0,1,0.004416153149729177,,,,,,
2025,296315104,ESE,1002,0,0,0.014267114769979067,-0.0021378143577771907,-0.01771068770868136,-0.02117328836422091,-0.08093658550544083,-0.07688252937984409,-0.11417116531596899
2025,801056102,SANM,1003,0,0,0.03859254516764046,0.004147632730522914,0.0035532491473438677,0.062296352468455565,0.08957449605341176,0.07876979635375644,-0.05888129135578631
2025,002896207,ANF,1004,0,0,-0.07378386725983056,0.03439122100662596,0.03589192751083591,0.16883295924984135,0.07389473010052836,0.2859042939252791,0.23835068916351632
2025,30214U102,EXPO,1005,0,0,0.043356400600415165,-0.024432986973872948,-0.0067328402202811565,0.006752051062938167,0.01247439515783549,-0.034690144162257644,-0.02644983936635046
2025,71844V201,PECO,1006,0,0,0.04405985846773615,-0.0046841051522550185,0.009990221152797116,-0.021892403090352217,-0.0028122457108467978,-0.042493681073941136,-0.020635606108708196
2025,78573L106,SBC,1007,0,0,0.04098469059234026,0.03678009911741531,0.08793756224808398,-0.010577994658259173,0.05255860242895768,0.4956815303649534,0.030649048666924535
2025,090043100,BILL,1008,0,1,0.0492784746645896,0.003915570667493046,0.021432381028065946,0.11283250600362184,0.14048193948601612,0.22628203776724343,0.08022472248928521
2025,023586506,UHAL-B,1009,0,1,0.009567962934644222,0.007839508189720616,-0.007897251756203066,-0.015041955442283907,-0.01484823072395601,-0.06622091189695029,-0.004289271158899578
2025,12621E103,CNO,1010,0,0,-0.02461045584365974,-0.0014534465622609211,0.011447168358105312,-0.027860600854900063,-0.05561095585335942,-0.1788327742778112,-0.05957563631435117
2025,577933104,MMS,1011,0,0,0.014867844894884099,-0.020918961875499305,-0.0025101535647094105,0.020385431606516468,-0.029723402590163987,0.011281096093696617,0.03406949481927601
2025,218937100,CNR,1012,0,0,0.002304112041529121,-0.0032665316906366065,0.03976188112548294,-0.03303691033506907,0.07620747028549579,0.06956504442913114,0.16391027141853193
2025,42704L104,HRI,1013,0,0,0.18957506870266783,0.009915590331859,0.025562804251213482,0.19256540703735392,0.08840486923500289,0.07763182777905596,0.15677069845575786
2025,826919102,SLAB,1014,0,0,0.001628961035954708,-0.01373358849250126,-0.03845522540752683,-0.07390374142487942,0.03280974536529699,0.115646932054399,-0.14069864536293164
2025,436893200,HOMB,1015,0,0,0.010926537280419812,-0.006860736810657885,-0.004491540255025913,0.03272502379518641,-0.006177881602156821,-0.06626145861326319,-0.01598959988763863
2025,488401100,KMPR,1016,0,1,-0.012471020739944199,-0.006116975217909675,0.011892370378779887,-0.02822107208021207,-0.024165928692073006,-0.08361663199202207,-0.08424994655525113
2025,26484T106,DNB,1017,0,1,-0.044820806884248096,,,,,,
2025,671044105,OSIS,1018,0,0,-0.03305023319002295,-0.00984935135840246,0.02076163740835043,-0.012904734214762978,-0.05725701653374958,-0.11212512686781084,-0.08776325125092971
2025,092113109,BKH,1019,0,0,6.828975513009223e-05,-0.0003261529048538195,0.004740790238594826,0.0022395501003241646,-0.028173810140791913,-0.09071749434035871,-0.005349519832491326
2025,05370A108,RNAGBP,1020,0,0,0.019394628273416994,,,,,,
2025,007973100,AEIS,1021,0,0,0.0037084299705261075,-0.020450164257737276,-0.037540941832459096,-0.011238056040922487,0.06826652818925898,0.1589569749162554,0.007251206369937787
2025,17243V102,CNK,1022,0,0,0.009929871840382963,-0.013082034374845505,-0.008334240274684157,-0.10831353782127001,-0.13886698112912696,0.12032923223410569,-0.08827112575574382
2025,81211K100,,1023,0,1,0.03296354413466954,,,,,,
2025,646025106,NJR,1024,0,0,0.02828225263640534,-0.006674178819946009,0.007746351125567397,0.019167408672716404,-0.002666005406199801,-0.08919212536057931,0.01767476942065645
2025,26856L103,ELF,1025,0,1,-0.027583561756043914,0.007991287330923871,-0.021812867447957806,-0.014585760358363432,0.3132979669144279,0.7715860963839826,-0.025468873755012493
2025,36162J106,GEO,1026,0,0,0.0033419176130425705,0.01145996264659191,0.02056092995984464,0.059363605213656974,-0.05794347321538752,-0.2691440812758901,0.06530863223561376
2025,896288107,TNET,1027,0,0,0.01719426999918118,-0.012184367143000382,-0.005048751351543026,-0.05806778896909654,-0.12996562468134018,-0.07609738789792263,-0.033284684733536116
2025,103304101,BYD,1028,0,1,-0.039145054469889126,0.010821566150100704,-0.016427201901801757,0.020451477115457195,0.01694928938441844,0.07309045968565614,0.048830973314301564
2025,450056106,IRTC,1029,0,0,-0.015891887481869562,0.004536911186827364,-0.011722605734201438,-0.1253538501048901,-0.17711610154646554,0.038864600274161124,-0.23958661828971523
2025,88025T102,TENB,1030,0,0,0.056260764733497524,-0.01625726682694723,-0.0005706987115056822,0.03608053518099903,0.07707773291709427,-0.015155231584298339,0.02356797044820243
2025,32020R109,FFIN,1031,0,0,-0.14459087841533788,-0.006153536580268631,-0.009663057354714412,0.036353215043076585,0.034576845716360514,-0.04427343679352638,-0.013042491150818913
2025,13057Q305,CRC,1032,0,0,0.02909499990802887,-0.005207041820415414,-0.00438552659174959,-0.023479167529799838,0.06379859628267928,0.02791852912823076,0.09981346174168951
2025,835495102,SON,1033,0,1,0.025382645212667605,-0.00421315358012717,-0.00961508589578077,0.046476231761707745,-0.004909150709812073,-0.0965849669266702,0.07503615833405394
2025,848574109,S9Q,1034,0,1,0.07073168309634147,,,,,,
2025,03076K108,ABCB,1035,0,0,0.028555377139364773,-0.0028625533635458873,0.007490234592885501,0.06418097462246243,0.03555546415042438,0.03795285912402775,-0.00853492526383449
2025,553530106,MSM,1036,0,1,0.030086207090119062,0.003483611096267771,0.020890575616684406,0.044282423732488245,0.0055200418749816555,-0.0400756519802071,-0.02099810313460524
2025,960413102,WLK,1037,0,1,0.09770681622085114,,,,,,
2025,919794107,VLY,1038,0,0,-0.018008100497504925,-0.00557124955026308,0.000988335386038981,0.073106601277195,0.04198007093254807,-0.061495583578089874,0.03382196608695508
2025,626717102,MUR,1039,0,0,0.02850745750777773,-0.012521492917588833,-0.0179006210668465,-0.07094117347286207,0.12276510003251248,-0.14507502469702893,0.18415589201964852
2025,49427F108,KRC,1040,0,1,0.13760869670495413,0.003094272772708272,-0.004070090725783664,-0.025005393253542046,0.07205168505256111,0.1088624071861157,0.06307236016848339
2025,75960P104,RELY,1041,0,0,0.07417600095828253,0.0020666417868250775,-0.05924714477850186,-0.13447944691088534,-0.18990070061139852,-0.1562474076898727,-0.11824034006515907
2025,819047101,SHAK,1042,0,0,0.036701082566198896,-0.007372853876820265,0.021072093139927556,0.0293572112712378,0.022320761430949673,0.31489661523893336,-0.053768241439286324
2025,52110M109,LAZ,1043,0,1,-0.0018640778691131183,-0.001455293258739181,-0.0024759325213968408,0.08300151149868382,0.06492956817027268,0.02750334722472679,0.09519637167317004
2025,117043109,BC,1044,0,1,0.026616102178252492,-0.0026518594084591774,-0.009474839579754436,0.02095705229042342,0.13528711664658252,0.05399489486705039,0.08286741089673955
2025,57686G105,MATX,1045,0,0,-0.014363733842311146,0.026234357381900855,0.008959993630980191,-0.025366942627668233,-0.017021250682932754,-0.1237075059261496,-0.03806486321164115
2025,78440X887,SLG,1046,0,0,0.046712776706108454,0.014754850046891047,0.043307789247817495,-0.08460878768431315,0.04247134727256281,0.06829028752701882,-0.058480789993080394
2025,00123Q104,AGNC,1047,0,1,0.0978540934987314,-0.007564999017617107,-0.01596725443297288,-0.013857965831965736,-0.003130081620997925,-0.08736473411144385,0.021102957277266448
2025,353514102,FELE,1048,0,0,0.01903960635416215,-0.018777764444194347,0.0018403006700048307,0.04644748852610312,0.05159628315634677,-0.03683005554155025,0.030773431700602826
2025,63947X101,NCNO,1049,0,1,0.01818166268828556,0.008887057744827544,0.061366599321717924,0.06678821621336842,0.08879144781209904,0.07109632931094229,0.11087277119665354
2025,78454L100,SM,1050,0,0,-0.01634521837768338,-0.017730266646950016,-0.016566830832023878,-0.10007687957556126,0.09633889686619897,-0.049240918976703484,0.1700933173648886
2025,50050N103,KTB,1051,0,0,0.0289751140192791,0.006563106824244136,0.023830164490925662,0.07438176799340619,0.0085999565251721,0.0401017737073476,-0.05954741542509727
2025,83001C108,FUN,1052,0,0,0.056876704926945,0.004087379080646841,-0.010149515095037549,0.0038151303362607657,-0.09943034346266126,-0.07954676286429756,0.031223694952359708
2025,917047102,URBN,1053,0,0,0.04000801004848967,-0.027881779563160423,0.017721325200244213,-0.06054740116500995,-0.21084762915864497,-0.03564536665824257,0.003654539442269261
2025,109696104,BCO,1054,0,0,-0.0068865462006952195,-0.012163884079115127,-0.004119636792191312,0.06362189863525557,0.11081302682433271,0.026105448004927468,0.02055116878533043
2025,G8060N102,ST,1055,0,1,0.02508056421971144,,,,,,
2025,10950A106,BTSG,1056,0,0,0.04529436002146267,0.01176631786672218,0.015901932245667993,-0.08859304362008998,-0.18675241336995405,-0.017202227157125882,-0.23536428362906084
2025,20464U100,COMP,1057,0,0,0.046867504358567444,0.010570531287690314,-0.018259012791766546,0.00039516709449759213,-0.00034852977340997515,-0.40389788048249325,0.10128827547935723
2025,00737L103,CVSA,1058,0,0,-0.0281291739247363,0.01641401571176671,0.005933252409039344,-0.09776292084751191,-0.2318867825881627,-0.0677168562968005,-0.2270904413552819
2025,875465106,SKT,1059,0,0,0.03548875009024821,0.0011195000366698215,0.010241868949900416,0.03130143719296466,0.055101442094522196,-0.08380039827131584,0.014673685162136536
2025,17888H103,CIVI,1060,0,1,0.036225873012624046,,,,,,
2025,44930G107,ICUI,1061,0,0,0.03258216802383657,0.005624095142353638,-0.011242899064290398,-0.008501638058058952,0.004641909719855626,-0.030176140275824458,-0.030348674466033447
2025,039653100,ACA,1062,0,0,0.0050864109367098785,-0.00018850262287923268,-0.001883618305379045,0.0015556875746827134,0.013765496615275421,0.10915703023979947,-0.004169873362995315
2025,44267T102,HHH,1063,0,1,0.1484030944258721,0.0059556593530516845,0.01350600532560409,-0.02518126468431762,-0.005054129401619223,-0.0856560976961575,0.012982940622034832
2025,909907107,UBSI,1064,0,0,0.04727305960111599,-0.012252081042143221,-0.0020028706435575114,0.059496465946339255,0.016421139687085362,0.005247512311759232,-0.0072132177384888335
2025,278768106,ECHO,1065,0,0,-0.013093942527373417,0.11931617381338608,0.1015198491093951,0.20343537098638467,0.4261637849349548,0.09600021475754376,0.020458651391830993
2025,665531307,NOG,1066,0,0,0.0016068306267220734,-0.019926099630468146,-0.03421259701704539,-0.10015298851024595,0.05280504894682121,-0.016988446851818682,0.025858079952148123
2025,G97822103,PRGO,1067,0,1,0.03890557360295795,,,,,,
2025,693656100,PVH,1068,0,1,0.015404603250694898,0.005651798230318271,0.06063289782019024,0.09119019847499267,-0.1890458687506499,0.017337949999314064,0.1518902864430498
2025,86881A100,SGRY,1069,0,0,0.033867449316005875,0.007249788469195396,0.009211327960253151,0.07007170796235802,-0.09574575546839259,-0.1909304723962812,-0.017582882035975363
2025,21044C107,ROAD,1070,0,0,-0.011856181249087749,-0.027465836998990516,-0.025444774935819398,-0.032613513460731894,-0.09908819856970195,0.16409790327073975,-0.11591840903245762
2025,76243J105,RYTM,1071,0,0,0.029597622701090398,0.01705145287205487,0.001782288541422268,0.0467556588213541,0.05881911092148917,0.0740343797878182,0.2780473768002254
2025,41068X100,HASI,1072,0,0,0.020099722609801477,-0.006267747512446005,0.005051057267831331,0.009358082782139888,0.03324432393800622,-0.07464556536279235,-0.007610893664171437
2025,29415F104,NVST,1073,0,1,0.02384418744668393,-0.005063472981719313,-0.011958670017693726,0.01002158367367495,-0.0006425814119723067,0.032992760897412404,0.015442864817800998
2025,402635502,GPOR,1074,0,0,0.002658823568675976,-0.008387198393262955,-0.021379410078308323,-0.15714975651664187,-0.12657895459789023,-0.01633694454978859,-0.23761354464793435
2025,09739D100,BCC,1075,0,0,0.005742883942072475,0.008465762187757856,-0.015635867122063246,0.06678907996897257,0.06608503462537443,-0.000611670817624848,0.008937456833298585
2025,531229722,LLYVK*,1076,0,1,0.023909536197585107,,,,,,
2025,816850101,SMTC,1077,0,0,0.07073719036443905,-0.02252992436871388,-0.012473009394463356,-0.019199558860506297,0.1433566630090478,0.3539857042889781,0.20578591678179342
2025,36467W109,GME,1078,0,1,0.1770044544340785,-0.015436914038538615,0.02363785197019881,-0.06019403467454022,-0.3564266013481429,-0.003593024477988734,-0.04828204399827523
2025,29275Y102,ENS,1079,0,0,-0.0027224121090341324,0.0013904906187603532,-0.003899174985818196,0.024781121614938544,0.027839146100696887,-0.08826675817442264,0.0606898638972336
2025,29355X107,NPO,1080,0,0,0.0041932540736898186,-0.009513943435053702,-0.008111812665920428,0.011996725880532839,0.010781499146778893,0.014974758327937033,0.04581316539728665
2025,668074305,NWE,1081,0,0,0.037307582933462036,-0.007406401979236509,0.0058891441355474255,0.007930498152805552,-0.06281383570867738,-0.15880344764332824,0.014013253725469015
2025,81768T108,SFBS,1082,0,0,0.046306392589814095,0.0024146329355845186,-0.0017207932799112695,0.09472956607071428,0.07424998467189628,-0.054180693460778216,0.013443047228741189
2025,686688102,ORA,1083,0,0,0.0178110343748349,-0.017163746320144273,-0.026992514639016266,0.0033323842605348358,0.14560764655295777,0.09864508928444504,0.023257634246862294
2025,023939101,AMTM,1084,0,1,0.05662625104892766,-0.030568918856219943,-0.0010848274767679541,0.05739777923000041,0.09724587316088672,0.15266820819551957,0.035529700898354555
2025,G48833118,WFRD,1085,0,1,0.00752432426292873,,,,,,
2025,85571B105,STWD,1086,0,1,0.023902637487105038,-0.0045566407857605806,-0.02309628361856981,-0.005529645052487814,-0.007924892690836042,-0.06251747867448347,-0.06373375707614447
2025,724078100,PJCEUR,1087,0,0,0.06904782859434082,,,,,,
2025,405024100,HAE,1088,0,0,-0.0006362301250225569,-0.014991094348508874,0.008736501461093553,0.059797045714388014,0.1060627672823838,0.1737626393077352,0.016673562807294068
2025,20602D101,CNXC,1089,0,1,0.01824752884851091,-0.07137863676450601,-0.049041288027427105,-0.001407778278015459,-0.12830835322821982,-0.32808262969618374,0.0580989637822565
2025,00973Y108,,1090,0,0,0.06576265921000062,,,,,,
2025,53566V106,LINE,1091,0,1,0.23446039562034965,-0.018202181377573106,-0.016440722928123198,-0.04052275806098845,0.0019371016737934794,-0.18542310763868805,0.004255655869626713
2025,00402L107,ASO,1092,0,0,0.0032402448390988067,0.013258546183820323,-0.009459964491609699,0.05826902573065393,0.15830050144202065,0.08133805321769738,0.19763281024086032
2025,92511U102,VRRM,1093,0,0,0.00016977261198111718,0.0006141922333812422,0.004665198580629532,0.026838281284133347,0.015464786655248372,0.06771546987365637,-0.03340935831660013
2025,85914M107,STEP,1094,0,0,0.021418547547360042,-0.006701072945224901,-0.019825217246757183,-0.005962213193651634,-0.15683228700064317,-0.11111181692042668,0.0074070680710980365
2025,750491102,RDNT,1095,0,0,0.03593309922052852,-0.01886002553723056,0.003491895327476598,-0.04616516770797163,0.005092932307076496,0.18611591614046558,0.02361066984123324
2025,98139A105,WK,1096,0,0,-0.0072713113114719384,,,,,,
2025,500643200,KFY,1097,0,0,0.05020721842646095,-0.005511020198024558,-0.015139198481759297,0.00403226558901891,0.03789066945143098,0.003249439055724953,-0.019231781319831897
2025,008073108,AVAV,1098,0,0,0.03128488948065657,0.014449460312373905,0.17156251128149672,0.18385601664790746,0.22212176039285675,0.6715985211337054,-0.08882786183469181
2025,01625V104,ALHC,1099,0,0,0.039992201516760535,0.0043229155583561045,0.015455924622922335,-0.11809687566266183,-0.20358638613726876,-0.46001237789183635,-0.2083001059703644
2025,651587107,NEU,1100,0,1,0.006893405806605946,0.004016836112592627,0.0111730585027264,0.09022920709777774,0.08090821438608732,0.03807674290804864,-0.04015944978772614
2025,69753M105,PLMR,1101,0,0,0.008551726621191033,-0.009790286497232275,-0.006062785601146557,-0.1405084593035779,-0.26268377586737185,-0.21818881890250444,-0.2744203274081024
2025,45778Q107,NSP,1102,0,0,0.00703584600884677,0.006582492218135732,0.021769770513688447,-0.000916613921313569,-0.04680804912686839,-0.34962105632118184,0.05288825535514237
2025,22002T108,CDP,1103,0,0,0.012336979245743632,-0.006541543954442465,-0.011418431736548055,-0.01686362382235477,0.03809714093172311,0.05449771984070321,0.01666551913263141
2025,781846209,RUSHA,1104,0,0,0.004907060745339561,0.011069975513351902,0.00195899237977963,0.05560049173420491,0.06436147673865043,-0.05076751066200773,0.04636904873941786
2025,22663K107,CRNXGBP,1105,0,0,0.026237416662970536,,,,,,
2025,05368V106,AVNT,1106,0,0,0.026830995808165472,-0.012178194608456996,-0.03560658874719395,-0.0709959807820802,-0.13758251915772118,-0.18360846274631254,-0.0015196449372583219
2025,74982T103,RXO,1107,0,0,-0.0033708432754885544,-0.010823983156483294,-0.018247208923067998,0.024602051683047684,0.0580618990100638,-0.09503260774216865,0.09694262266948571
2025,830879102,SKYW,1108,0,0,-0.002050657481713319,0.017412594339013404,0.017001266361466313,0.05665183158433716,-0.011525862736347054,0.048160020320586534,0.08353740944974336
2025,90364P105,PATH,1109,0,1,0.12146023104420427,-0.00945488434940567,0.0038645373100634614,0.012785944268501489,-0.0548386631988787,0.08514407530301166,-0.08843710675327546
2025,703481101,PTEN,1110,0,0,0.060113435340291295,-0.00305026714956884,0.005958144961003719,-0.07945812613095303,0.08315417537086431,-0.28830033997725013,0.05925051000671921
2025,82982T106,SITM,1111,0,0,0.1569476828868447,0.006589702737567824,0.0015687513269574526,-0.20730785241242047,-0.0932915242752489,0.1379918753227317,-0.163530943042176
2025,124805102,CBZ,1112,0,0,0.07472127184792007,-0.012363097569831732,-7.42653272101379e-05,0.061351576753182986,-0.015081778474127417,-0.06182757791622979,0.07473306787991237
2025,55825T103,MSGS,1113,0,1,0.02258420930170133,0.0074365206192112294,0.009329864083457979,0.06387401490382626,0.09830130811580227,0.11842225946040526,-0.017177538785514306
2025,127203107,WHD,1114,0,0,-0.0005895362641357641,-0.010811938755653769,-0.00820703641169539,-0.05228729935661909,0.06761834158510723,0.04187525902003682,0.09686151386995373
2025,01626W101,ALITEUR,1115,0,0,-0.019319209889228892,,,,,,
2025,729132100,PLXS,1116,0,0,0.012722037990456493,-0.008212743131976842,-0.006461644980079646,0.024254950424847238,0.035343077833711926,0.06342030359656858,-0.08551645149176665
2025,045487105,ASB,1117,0,0,-0.0046470814919755375,-0.010147429647743105,-0.002214994177597498,0.07119836691451947,0.04722213850654892,-0.0036199232457716623,0.006327889473264729
2025,44951W106,IESC,1118,0,0,0.019385516332431206,0.007373293712787108,0.014222481662985863,0.01233482611814462,0.03337745093513873,0.26751641333036713,0.08141138731239757
2025,83601L102,SHC,1119,0,1,0.007964230969176873,-0.008125177953359115,-0.01868000528290347,0.009670444595980689,-0.10076940101867915,-0.06802749597779496,0.0647495469919621
2025,88224Q107,TCBI,1120,0,0,0.0067204650861820365,-0.0022873098611634907,0.014807672091541813,0.09098430212893263,0.14445439207868457,0.01615460299662283,0.0738949657894667
2025,74366E102,PTGX,1121,0,0,0.08757922509174762,0.006084846077501949,0.007267395602659798,-0.10277939675295575,0.033506996989322316,0.022726275080785667,-0.029298923214156763
2025,44891N208,PPLI,1122,0,1,0.04673153568289797,0.012163024653994204,0.008134175395760598,-0.0039334485300720375,-0.01571842552196538,-0.11191803043619057,0.032521892970566804
2025,80706P103,SRRK,1123,0,0,0.04705280140945617,0.006555446534398894,-0.022685075026400263,-0.030756192809520785,0.23789428213614586,0.22706055821402246,0.06850779024856027
2025,09239B109,BL,1124,0,0,0.005892679268617347,-0.0013274858108214013,-0.004125835325590028,0.01739504835207134,0.01676684181103533,0.13671338671707522,-0.026928512287644972
2025,05589G102,BWIN,1125,0,0,0.06146927073724619,0.003848730212788247,0.014025658053300128,-0.020887972977515285,0.002115411817400697,-0.11993329830663077,-0.09784287840311956
2025,90400D108,RARE,1126,0,1,0.059762367569249526,-0.018699960770784906,-0.038599716316661724,0.04701016325008769,0.14679474394835382,0.04863809326905506,-0.27028335446876656
2025,81282V100,PRKS,1127,0,0,-0.06879313908877809,0.013427517521754187,0.024523440792614076,0.10943991208030587,-5.215477813063328e-05,0.020919384318257912,0.05666350541013726
2025,82900L102,SMPL,1128,0,0,0.011595002841224469,0.003771962984316952,-0.008914087294752002,-0.04302181531903973,-0.07804363446413885,-0.047870901692045956,0.01265942570012183
2025,85205L107,SWTXUSD,1129,0,0,0.02088106657340217,,,,,,
2025,83417Q204,0OIA,1130,0,0,-0.9999980711599566,,,,,,
2025,053774105,CAR,1131,0,1,0.025371152355515028,-0.039644947075876624,-0.07516783730283082,0.23781759426121893,0.2301147892654223,0.45592155448451493,0.03897655781371317
2025,00404A109,ACHC,1132,0,1,0.05968543523293976,-0.005058329322712847,0.08513249008418008,0.11582553967972056,0.13277047060863817,-0.04931549868305094,0.12310737004097325
2025,81725T100,SXT,1133,0,0,0.09773254333866527,-0.002529555496314741,-0.018331066252710207,0.05614239574340091,0.026655005150799403,0.05948468053681298,0.063383861359592
2025,32051X108,FHB,1134,0,1,0.02209510915452192,0.0009323045320783199,0.016960334692252103,0.10528658203631351,0.08663005554489976,-0.003029228398746398,0.0024008221286174955
2025,38267D109,GSHD,1135,0,0,0.046633229382168954,0.012199880290789713,0.070864563462602,-0.011366470486837369,-0.12597669045720944,-0.2296098969702763,-0.21960551554442753
2025,221006109,CRVL,1136,0,0,0.021257666093487827,0.010587295091242878,-0.009057477713169488,-0.046138584813885455,-0.1290267469874544,-0.12791715128121015,-0.18119827876089034
2025,35086T109,FCPT,1137,0,0,0.0022013961009089015,-0.00855149099683293,-0.005344799684779262,-0.021790682762699545,-0.021120264668956043,-0.0807374977495495,-0.044730223892814634
2025,705573103,PEGA,1138,0,1,1.1877474614286747,0.014216077505906321,0.04339742212788941,0.023860982351840476,0.04505877594449357,0.28160977864099274,0.06359562247499481
2025,254067101,DDS,1139,0,1,-0.012537764642857661,0.00019721750100449437,0.0008246594813069242,0.09529310789760399,0.0554994759858238,0.0734182295865129,0.18192341251977823
2025,185899101,CLF,1140,0,1,0.05385832627122863,-0.008167066068704446,0.05945140537573057,0.13040681516626856,0.3812669690688729,0.013146847026510401,0.44757167968918843
2025,343498101,FLO,1141,0,1,0.07943778184496403,-0.0031744528085155353,0.005383808149113651,-0.001176040183416889,-0.04521768964423663,-0.081718770523112,0.04718130144247074
2025,553368101,MP,1142,0,1,0.06518627072883687,-0.09676448539749782,-0.08557952934953462,-0.2425609289782884,0.3492472945563311,0.07037214221379759,0.5883462130539401
2025,737630103,PCH,1143,0,0,0.0820053036021197,,,,,,
2025,26884U109,EPR,1144,0,1,0.05403612823771267,-0.007375986172706735,-0.004037957062862233,-0.01726044735800253,-0.010644961519429634,-0.09437995474863276,-0.07782534502333216
2025,754907103,RYN,1145,0,1,0.08867695751404804,-0.026536987468276388,-0.012763132741088881,-0.005066702634038609,-0.03106550196120669,-0.21417988591411635,0.0656446747283855
2025,11276H106,BIPC,1146,0,0,0.016097057461681337,0.0074010397924178534,0.002276120822454311,0.012597227295154676,0.038961320255790265,0.08029144190121403,-0.030843299419170026
2025,703343103,PATK,1147,0,0,0.014250566997464237,0.006475469763274909,0.008636633243448594,0.03620455147010491,0.04692196167670843,-0.022986020059578016,0.03798793212347051
2025,98585X104,YETI,1148,0,1,-0.0734329091843576,,,,,,
2025,G0260P102,AS,1149,0,1,-0.21427824785494987,,,,,,
2025,05465C100,AX,1150,0,0,-0.01884269535238899,-0.0032945498596297896,-0.00663277688147294,0.11425958544812162,0.10893068208509815,0.07363844934907643,0.07245385209964413
2025,04956D107,ATMU,1151,0,0,0.0036773500677495363,-0.03196919029213065,-0.01142334719870319,0.03061243574793527,-0.009529787228900282,-0.08766814932403078,0.05211304273697931
2025,859241101,STRL,1152,0,0,0.1551160174585946,0.003747423490847151,-0.0033831671973047137,-0.013781379064879614,0.12066160720710072,0.505540385965598,0.054544990533243846
2025,959802109,WU,1153,0,1,-0.04637422693283819,,,,,,
2025,513847103,MZTI,1154,0,0,0.015010763535430377,-0.001231979503171415,0.01789874749972395,0.024583887273093373,0.05400544129728026,-0.011792165770655309,0.05498834015826422
2025,739276103,POWI,1155,0,0,-0.025431526558907763,-0.01718194864529515,-0.019389161944747706,0.014515767466809978,0.10304747228655786,0.09933238912960698,-0.06607992100348858
2025,98980F104,GTM,1156,0,1,-0.053785684601524796,,,,,,
2025,421298100,HAYW,1157,0,1,0.05852781218375134,-0.0012991802885841345,-0.015348471344114406,0.01566283500194581,-0.02074708744994696,-0.048766262515818844,0.06293968097508548
2025,601137102,MRP,1158,0,1,0.02369659071846813,0.00925822323122068,-0.0004707954050307151,-0.06694405848152471,-0.10310969074983344,-0.179113679170878,-0.017859386496614293
2025,88023B103,TEM,1159,0,1,0.39408867411817344,-0.04378818373759944,-0.08689817268791718,-0.3190433251999675,-0.16544228588521082,-0.18702977770462656,-0.24741157639208672
2025,004225108,ACAD,1160,0,0,-0.009842941398127867,-0.009990797696574334,-0.062212678615470564,-0.1461299700457971,-0.14541710234260963,0.09782149961658826,-0.042980647891524795
2025,258278100,DORM,1161,0,0,0.03025114134914886,0.0037816257202900245,0.0023429805882789513,0.0027010144396093054,-0.04876015795256039,-0.018099830227377232,-0.03586696835491952
2025,358054104,FRSH,1162,0,0,0.02277134773168653,-0.005738055164192088,-0.00036848692421044636,-0.03697142232396949,-0.0536380602530075,-0.028282575210512306,-0.08776864213822297
2025,929236107,WDFC,1163,0,0,0.029661104241739338,,,,,,
2025,09227Q100,BLKB,1164,0,0,0.004553830991030816,-0.00313226006548611,0.0008107849659858416,0.08717288345210919,0.08500909974859319,0.10394814757102346,0.021576002618961063
2025,68622V106,OGN,1165,0,1,0.058786471953913615,-0.011942490639118852,-0.03460724568725238,0.0010863388486652397,0.13584757796465655,-0.20322278633243349,0.07560245301186286
2025,74164F103,PRIM,1166,0,0,-0.015401786878393376,0.01164565785738559,-0.0021022202869905894,0.09241328265483241,0.12253708737768179,0.2580215412322401,0.11259184709273376
2025,318672706,FBP,1167,0,0,-0.000735270511576517,-0.013782983917620107,-0.005376686525979241,0.05942061337971681,-0.003644752985609333,-0.04842333745964196,-0.027189878251436157
2025,90984P303,UCB,1168,0,0,0.01711801977763779,-0.002295703541578954,0.011171925495980829,0.08888507531035482,0.0577476951823247,0.03783810936248672,0.033810667637410356
2025,359694106,FUL,1169,0,0,-0.020549490838599353,-0.006729863719110931,0.062229628521294406,0.10307365952773515,0.08890647115812883,0.12871981130217014,-0.0462063574328062
2025,69343T107,PJT,1170,0,0,0.003292777180400736,-0.004251147192035672,-0.00027213077577915856,0.06772141986789874,0.08005113417884455,0.12067461969906809,0.06608272034501729
2025,87043Q108,SG,1171,0,0,-0.028667481417136282,-0.0027723992574961564,0.16190498991939425,0.11494804082252966,0.1280520131397874,-0.21503065534683033,0.13318795153094606
2025,64828T201,RITM,1172,0,1,0.008942571992838148,-0.004353652032891251,-0.011697208697387773,-0.00020892201036223912,-0.012370826266233002,-0.09873524195453905,0.035900561315702344
2025,36251C103,GMS1EUR,1173,0,0,-0.07486429887194594,,,,,,
2025,05379B107,AVA,1174,0,0,0.02121941608958547,-0.0030532146562183967,0.007249698196953332,0.0087440294679772,-0.014476184491343044,-0.1405096504686489,-0.032004496094412305
2025,19239V302,CCOI,1175,0,0,0.06117642843471923,0.0014963872783156657,0.000913911742263146,0.0738171002631782,0.13409843913212982,-0.01742931821613574,0.05465771451401207
2025,74276L105,PRCT,1176,0,0,0.05758467443436749,-0.03141111604211839,-0.018199185341313557,-0.04817736350245963,0.0010593329857138643,0.07935392493352542,-0.0212806553542357
2025,03753U106,APLSUSD,1177,0,1,0.04072690269185538,,,,,,
2025,98954M101,ZG,1178,0,1,0.028185568016768615,,,,,,
2025,04911A107,AUB,1179,0,0,0.30182686944263876,-0.008481838135256707,0.0025482127915819677,0.07661622185222029,0.10120079042099249,0.041443825296305824,0.05692891328622173
2025,55616P104,M,1180,0,1,0.04155514889569599,0.017274828817938664,0.043287443390992275,0.10434240355706909,0.05379226123432741,-0.016533919318369745,0.211805522967191
2025,453204109,PI,1181,0,0,0.025923145722812402,0.0225752856669489,-0.0016626703840717932,0.025076419162437066,-0.07136645419587008,0.15877656312256344,0.09502360176541522
2025,552690109,MDU,1182,0,1,-0.008169922824789972,0.010071705675809709,0.027323748013892108,0.01453995016825824,-0.014707848204733295,-0.016279053856085544,0.01876664242860135
2025,018522300,AEBA,1183,0,0,0.03109002977254327,,,,,,
2025,550241103,LUMN,1184,0,0,0.018160108569759758,0.030788807947630385,0.0002901432228635814,0.0715356800732471,0.09945563663813392,0.16542856155389848,-0.007682816551561875
2025,55305B101,MHO,1185,0,0,0.009399080457874716,0.012532627936943194,0.016100534353805696,0.06783817629445998,0.06743387844746035,0.060963505811382226,0.11136324553715116
2025,35905A109,FTDR,1186,0,0,0.0014789517351254027,0.008441753136554654,0.004474079023249735,-0.00987740920875832,0.02199682760190989,0.34540287108269346,-0.029916714958362792
2025,95058W100,WEN,1187,0,1,0.05216462898597235,,,,,,
2025,00217D100,ASTS,1188,0,1,0.03936438761941151,-0.03675234425101526,-0.1070210956139047,-0.06425613856693438,0.46150865638528804,0.4895651164687923,-0.008097925430543693
2025,928254101,VIRT,1189,0,1,0.0058513537831744586,,,,,,
2025,91680M107,UPST,1190,0,0,0.03860863870325557,,,,,,
2025,589378108,MRCY,1191,0,0,0.03036500668729494,0.03520514998811902,0.05860932720360847,-0.03448862693683806,-0.0018021753133198367,0.08129657338261799,-0.058126305791904316
2025,000957100,ABM,1192,0,0,0.023771803803460532,0.0095908482719517,0.047429844809077845,0.06272698182294881,-0.12036545440913189,-0.09737374360416629,-0.012389319424204216
2025,11285B108,BEPC,1193,0,1,0.009232812327364942,0.0009954355943302962,-0.002520738853123863,0.029721113317968964,0.07523613162196416,0.05183499841255441,0.07669199438860592
2025,70932M107,PFSI,1194,0,0,-0.013116681039445048,-0.009259072724559059,0.01370547466216061,0.04271459106039085,0.029978000839015917,-0.02152845044559655,-0.06564346363489679
2025,87265H109,T86,1195,0,0,-0.005288337793458436,,,,,,
2025,02215L209,KNTK,1196,0,0,0.0806352543234108,0.0008782303647720245,0.035894407385098255,-0.023689416467216236,-0.07020876439054322,-0.14001671225135423,-0.04233215281232046
2025,861896108,SNEX,1197,0,0,0.01962341292119685,-0.0023443230956981913,0.009991736103432786,0.024444270422387518,-0.041409000292068364,-0.0859236724678784,-0.05681078480301841
2025,25960P109,DEI,1198,0,0,-0.011458983628196927,0.004099500980695515,0.019394403136716004,0.0241264360883984,0.08731222684173197,0.013066454884151051,0.03002005146058489
2025,023436108,AMED,1199,0,1,0.06697225626251976,,,,,,
2025,404030108,HEESEUR,1200,0,0,-0.9997759112591621,,,,,,
2026,G3922B107,G,800,1,1,0.12978657440795074,,,,,,
2026,903731107,ULS,801,1,1,0.17438843741116647,0.04162048775939591,0.059805825522859964,-0.08399801580128194,-0.1508936042311308,-0.07511856887967858,-0.13661647602159982
2026,13057Q305,CRC,802,1,0,0.11028806963212144,-0.008303863033630739,-0.020346652672779283,-0.125525032659369,-0.2590465333892712,-0.38365834912341634,-0.11580042680527781
2026,143130102,KMX,803,1,1,0.09838786683428549,0.006475774899394512,0.03339503870550003,0.04308707870977886,0.17813259640525603,0.11954780026933343,0.09023310059601984
2026,69349H107,TXNM,804,1,0,0.17983397850411922,-0.0063668230998707295,-0.010111295257066836,0.0022383772474880922,-0.0515137078429716,-0.03243884663674048,0.015851366974770652
2026,45780R101,IBP,805,1,0,0.3359197995869139,0.041812266752309965,0.012130162387642737,0.08245595069865683,0.1425152056037969,-0.10840620687338164,0.026478099701336404
2026,001084102,AGCO,806,1,1,0.24881383705992718,-0.004665339875139342,0.029049556378066128,0.041506780599365994,0.03720798154973168,-0.10753437472648111,0.012022453990319608
2026,G02602103,DOX,807,1,1,0.05376510400857964,,,,,,
2026,576485205,MTDR,808,1,1,0.20024860682626366,-0.016675916080783268,-0.004263463992659033,-0.030375410979811505,-0.1335354574442541,-0.2953197873702503,-0.10487503556846162
2026,76243J105,RYTM,809,1,0,0.23924416999667752,0.02801870959688724,0.01648409507071096,0.16561685665373818,0.2758247316245927,0.3254126786983953,0.005036834414772519
2026,98983L108,ZWS,810,1,0,0.16305400510602439,,,,,,
2026,113006100,BBUC,811,1,0,0.04109206558610679,-0.01623243063951412,-0.10899635444330749,-0.001720295100140233,-0.0008756699273665056,-0.059576018220744015,0.027992133123822524
2026,681116109,OLLI,812,1,1,0.19956420703161437,0.01686181253182727,-0.020180720507342844,-0.07938870751080325,-0.02248804865154419,-0.09277406030330285,-0.0033675829281333176
2026,G0750C108,AXTA,813,1,1,0.11439847745526026,,,,,,
2026,015271109,ARE,814,1,1,0.3991572346904781,0.04473037492293464,0.07216668867301203,0.007366202807274985,0.020699938326820433,0.0680886344431242,-0.06974414654121924
2026,339750101,FND,815,1,1,0.12501698332227912,0.039505483476278316,0.019280613596300844,0.1427199984637171,0.23248049832183776,0.15267592099827054,-0.022169215267047918
2026,76169C100,REXR,816,1,1,0.18767218227746768,0.03290468516555452,0.011075827394524677,0.057682466467463965,-0.022217881120780436,0.01587446246991893,0.13681429702485676
2026,201723103,CMC,817,1,0,0.18223605245786975,-0.05628191823730616,-0.11308325128256234,-0.1714272432285329,-0.18838624907754178,-0.054020211428571246,-0.028546429534623996
2026,M2029K104,BIRK,818,1,1,-0.02717123223038857,,,,,,
2026,09581B103,OWL,819,1,1,0.007259959053230973,0.027264855483449348,0.005595575205305632,0.03759426930039684,0.07291799110518038,0.048584594310914206,0.20792275294567078
2026,03676B102,AM,820,1,1,0.1599207399749463,0.018274641289279667,0.025106395704378247,0.012578253594546823,-0.016420095999853973,-0.08946956726714189,-0.09127872978863048
2026,552953101,MGM,821,1,1,0.08551374334490414,0.048457729518947695,0.04158837075877313,-0.020050615083352753,0.09965377137163474,0.14983245668658274,-0.08281783694440675
2026,05464T104,AXSM,822,1,1,0.4083290756650121,0.023454941275955838,-0.0014391226886089972,-0.06929586986658147,-0.00843032679376687,0.1762906110081533,-0.05860949756501632
2026,377322102,GKOS,823,1,0,0.30867294741960033,0.0244656686534726,0.0219379460709222,0.1529779570921287,0.3423665125104071,0.21916830367461704,0.06342447704195284
2026,26701L100,BROS,824,1,1,0.13521854330986707,0.0927759790316535,0.05324380128144962,0.03898990830697541,0.2670256126245324,0.2946426982508571,-0.06083314677641547
2026,74736K101,QRVO,825,1,1,0.22756285890624248,-0.012193139291633272,-0.04961178372176006,-0.10777198748771308,-0.21356641264923265,0.027225752146775813,-0.08251814855446682
2026,G48833118,WFRD,826,1,1,0.2363921029345588,,,,,,
2026,636180101,NFG,827,1,1,0.32522728812979906,0.022681509239514334,0.028199985163708235,0.033190405401459636,-0.0025942267594408937,-0.15123896420743288,0.03152360387358576
2026,521865204,LEA,828,1,1,0.2760496724673463,-0.0017419457295163986,-0.03046748349745826,-0.06188359367498482,-0.11779980463588453,-0.09515950047920399,0.01687029588776092
2026,205887102,CAG,829,1,1,0.15508347128752914,0.022753922918979493,0.03596145277620028,0.07606128841576724,0.09781069926547377,0.06289808143001471,0.13050497295852487
2026,887389104,TKR,830,1,1,0.3274070027728995,-0.010333130541753529,0.014312322506919418,-0.02978914223955516,0.0442343715317217,-0.002645520897390693,-0.07469215335179187
2026,03940C100,ACLXGBX,831,1,0,-0.9994353245588418,,,,,,
2026,989701107,ZION,832,1,1,0.3042106014879749,,,,,,
2026,536797103,LAD,833,1,1,0.4137822963906055,-0.005214095986683426,-0.051527841124799176,0.06345141542416098,0.11435304207413051,0.1548925158344934,0.19935047524105692
2026,81211K100,,834,1,0,-0.9999897930166143,,,,,,
2026,826919102,SLAB,835,1,0,0.44141633456703455,-0.00251439523918792,-0.011061711225164689,-0.061254494902314154,-0.13403013911425393,-0.25759005341726615,-0.10726450435055886
2026,387328107,GVA,836,1,0,0.21813637788865925,0.03204133071737928,0.03160910430665859,0.013731104962633247,0.0860398682567076,0.12276326536696822,-0.26952169873743304
2026,46817M107,JXN,837,1,0,0.2741118215554666,0.014388681899928103,-0.028364274251066628,0.007232362155309254,0.09067623585647608,-0.06458625565916583,0.13844311410204663
2026,559663109,MGY,838,1,0,0.13384548488477102,-0.02463176141988679,-0.04583157079960214,-0.09402538841268837,-0.1770344250555107,-0.2530723044221483,-0.1593495780955786
2026,57060D108,MKTX,839,1,1,0.2507724228639207,0.033075218183107886,-0.020630287709792243,0.007009602350171848,-0.036628614191025186,-0.16943278042669077,0.11128786649592383
2026,361448103,GATX,840,1,0,0.32508842367249857,0.009013664280962095,-0.012165509218604532,0.021650176984571938,0.043950662250577636,0.01678382479458155,0.007942970214879374
2026,96208T104,WEX,841,1,1,0.24377070303633186,,,,,,
2026,313855108,FSS,842,1,0,0.2955678968138377,-0.003095886190230962,0.028703757859594753,0.15037232673117434,0.15202600450928822,0.031835067269085034,-0.06493312460337465
2026,156431108,CENX,843,1,0,0.12933322769946387,0.012904983061223244,0.020148591627345534,-0.21232509649378617,-0.44741676659721874,-0.5580582609543788,-0.12886190674813233
2026,03770N101,,844,1,0,-0.043852246881499246,,,,,,
2026,Q4982L109,IREN,845,1,1,0.4423425459337373,,,,,,
2026,553368101,MP,846,1,1,0.28689081433945685,-0.016047361717234313,-0.05617394772843369,-0.17303353634170468,-0.2215688203447764,-0.1723202666283589,-0.26219394949720404
2026,36262G101,GXO,847,1,1,0.19003949802913195,0.0005377885867766264,-0.0027146955993348626,0.061165439008716974,0.07404126274894814,-0.09980022394419565,0.07918220107090815
2026,829933100,SIRI,848,1,1,0.17197625030851693,0.019349085197269394,0.032971090559684404,0.05189636767992594,-0.060235319453820414,-0.044203774241958885,0.019036630039439492
2026,98420N105,XENE,849,1,0,0.09691139604970002,,,,,,
2026,91879Q109,MTN,850,1,1,0.22968177391397487,0.039346988262322205,-0.0693064407669949,0.08887885754169556,0.09848708505425477,0.05914870317777983,0.07819438348646854
2026,70202L102,PSN,851,1,1,0.10953325337799055,0.0878504774814016,0.044981911552458,0.05302269738668839,0.054383997864244284,-0.05142131944850034,0.17653152623481996
2026,736508847,POR,852,1,0,0.20963697675933607,0.01650661860934887,0.0010577693101631513,0.03650236601014778,-0.0021811196168383847,-0.03323084796994381,-0.03828489911086583
2026,457152106,INGM,853,1,1,0.017969906755197617,0.0024925748342967133,-0.023826077988533725,-0.11219826991162404,-0.06772867770649638,-0.04969607941857762,0.015545514009077537
2026,98311A105,WH,854,1,1,0.17026010982315531,,,,,,
2026,343412102,FLR,855,1,0,0.17457924522039453,0.01295773667693938,-0.00820429570585856,-0.03412080501793345,0.0798940436501655,-0.05226335732713652,-0.06279566580860381
2026,88146M101,TRNO,856,1,0,0.2610200676593654,0.013096705596543863,-0.0035834016518238726,0.05249509605463031,0.0047727679308202965,-0.042562771737585416,0.07844473581621737
2026,918284100,VSEC,857,1,0,0.2282209981910205,0.005862746589544193,0.008466731789057248,0.12439856185257855,0.38013514235480805,0.05061627925027539,-0.07669359206857475
2026,000360206,AAON,858,1,1,0.15630997551725653,-0.04065586638577787,-0.07811516277656826,-0.2710891737421542,-0.3567678426778878,-0.04223634842657394,-0.33799587254314134
2026,47233W109,JEF,859,1,1,0.13624384916049162,-0.05159328427435151,-0.1820974773615201,-0.10833959222928481,0.14238812279841198,0.1518259299129309,0.18097795053841675
2026,16935C109,CHYM,860,1,1,0.02980895244322756,0.12903682142592718,0.18287043307020218,0.29016290434476816,0.36953736830119716,0.18992411988495306,0.16081726432260174
2026,03957W106,AROC,861,1,0,0.17850511016337878,0.015255183109239207,0.02682057118968676,-0.009841472570891737,-0.06701039074427269,-0.0640069057136271,-0.22503327180919389
2026,21874A106,CORZ,862,1,0,0.042123956063897634,0.015600276293296567,-0.11039045545977345,-0.29746653596543693,-0.26816888331599154,0.03853301166868721,-0.3801039676787965
2026,15102K100,CELC,863,1,0,0.21906606121070063,0.04682461018021004,0.04477964200270865,0.17362630608990637,-0.261558715236329,-0.3495571777267103,-0.24794440022951175
2026,26969P108,EXP,864,1,1,0.4131767868177109,0.003150875072278676,-0.03733120341990573,0.011584853046366313,0.033134546573083096,0.12321347266455339,-0.07695130081234201
2026,147448104,CWST,865,1,0,0.2251316381632968,0.027613724360916005,0.03221385453970788,0.1237558691728085,0.1567194928063881,0.21477083721036672,-0.026479425389949362
2026,929089100,VOYA,866,1,1,0.17565259293511343,,,,,,
2026,15118V207,CELH,867,1,1,0.18530338803123142,0.066660439077807,0.04825611210905531,0.12170199502154345,0.15849919093154818,0.02994763076562835,0.04197175217850786
2026,31847R102,FAF,868,1,1,0.20704491566319236,0.028267475135145916,0.015654214895608712,0.021391213321494483,0.02509749783742074,0.016441688297677486,0.11274477202294463
2026,29275Y102,ENS,869,1,0,0.453514717590849,-0.00988190012034155,-0.004454197226779137,-0.12320654128882297,-0.18055196516754907,-0.15485598445569887,-0.23908197732476566
2026,82982L103,SITE,870,1,1,0.12221057768868747,0.024638021463418223,0.022343766225731747,0.054106753388674295,0.024084758629294642,-0.15162277167407978,-0.11615258272174336
2026,G0260P102,AS,871,1,1,0.04329773844407419,,,,,,
2026,85254J102,STAG,872,1,1,0.2965231130018131,0.01192253437910051,-0.003601536683869701,0.041873556581775606,0.021702712023911663,0.023074206066328318,0.024900566010324428
2026,957638109,WAL,873,1,1,0.29245566718105737,,,,,,
2026,743606105,PB,874,1,1,0.21963388293297728,0.018536492699380385,0.007790946188994653,0.002428849491835305,0.046767885217957564,0.07240753976527763,-0.020786857334662515
2026,03753U106,APLSUSD,875,1,0,-0.9999981168376206,,,,,,
2026,440452100,HRL,876,1,1,0.08256885356907048,0.020317277998734094,0.032594930733953094,0.011283949600534263,0.18023300163833775,0.21166334821239252,0.00735135555110298
2026,515098101,LSTR,877,1,1,0.2967929524951033,-0.0005719499616687429,-0.010861284569237791,-0.06186664967661588,-0.05422920318812942,0.009212745484059192,-0.15027651868646097
2026,92552V100,VSAT,878,1,0,0.3249038019023737,0.048215501306244773,0.1580499681072462,0.15078052830004593,-0.1839779485101821,-0.4664849909625156,0.02415144616180443
2026,46222L108,IONQ,879,1,1,0.24092648215193094,-0.0006899240726359022,-0.03228393810548365,-0.16524043551540585,-0.307843975536086,0.0989859771890369,-0.37372241283590824
2026,051774107,AUR,880,1,1,0.11614580887690137,0.037045478867213766,0.021425310475265587,0.04285061045749686,-0.08313829096796443,-0.09902729902449289,-0.12287021580201067
2026,68268W103,OMF,881,1,1,0.21744424142544846,0.020232872670143155,0.060635551078708196,0.06246618497832751,0.18419177934045566,0.18812826639146582,0.06306582220047549
2026,008073108,AVAV,882,1,1,0.29608295980333077,0.027291604769660645,-0.02808978311515917,0.08223883491744509,0.09412759594198765,-0.22886022766489372,0.1792611568470873
2026,844895102,SWX,883,1,0,0.24139172667964398,0.02054543085563027,0.005941782620078339,0.006226785572210833,-0.024413328494241503,-0.028732275865646043,-0.008209725558948593
2026,70432V102,PAYC,884,1,1,0.12558530806640603,0.03817677446160564,0.005969151264263818,0.14369369958446268,0.10226484038094483,0.1869505955790829,0.19481613864787675
2026,G39108108,,885,1,1,0.08768855032727295,,,,,,
2026,090572207,BIO,886,1,1,0.3574834331286643,0.014054325678298753,0.0474079712640086,0.03300026570935867,-0.018982654407583253,0.042628793342527685,0.05291222119923662
2026,477839104,JBTM,887,1,0,0.3823568695825919,0.02551463149331529,0.041549636882708185,0.1415355489836461,0.16093767168199755,0.07131168452254984,0.04644992343061521
2026,364760108,GAP,888,1,1,0.07387886502628245,0.010894926904410261,-0.11873531514665026,-0.07538515216372829,-0.1689721230381,-0.2372571573033078,-0.009048286516397025
2026,781154109,RBRK,889,1,1,0.38813186640032554,0.03154229662008075,0.020033387941443402,0.2442672615798507,0.35642096948597235,0.4325950539416899,0.07162200701997382
2026,21044C107,ROAD,890,1,0,0.22489791837195802,-0.00794930227356484,-0.05753147457581622,-0.1208114571056447,-0.04377418772654419,-0.06145847270058198,-0.15975752265819196
2026,87724P106,TMHC*,891,1,0,0.1017504085992547,,,,,,
2026,516544103,LNTH,892,1,0,0.26351529057823897,0.010378350477277715,0.02553119616585209,-0.05024471074449275,-0.04586076940537597,0.09081343246903262,-0.09117890942502219
2026,G4253H101,JHX,893,1,1,0.11097383275542883,,,,,,
2026,156944100,CGON,894,1,0,0.1734972913591193,-0.008080211082836856,0.05157707711751347,0.09126073247189426,0.053972538889109356,-0.19585069210937278,-0.04965530175879631
2026,53190C102,LTH,895,1,0,0.0953778599816391,0.037310739623994435,0.043763936986455254,0.14463758311896305,0.19259793832988717,0.2054061775720908,0.028352223029861297
2026,252828108,DNTH,896,1,0,0.14365869814852414,0.040998577322896454,0.022610052628905798,0.04589179117218526,-0.09601659278516786,-0.3530647034133859,-0.051906371633877416
2026,023939101,AMTM,897,1,1,0.11240942031947393,0.01709044294887499,-0.006993619536719516,0.05649861302183903,0.0410653510651997,-0.14976449511949197,0.17160039584433887
2026,686688102,ORA,898,1,0,0.28400877162082544,-0.02988502073327501,-0.12922689161651701,-0.13560161746957217,-0.25458727902114625,-0.14122416205451258,-0.1717479123466864
2026,50012A108,KGS,899,1,0,0.3203568327394451,0.02907034744124563,0.028771614504694405,-0.07640519839378135,-0.21363999122012237,-0.1512284445367104,-0.40203372950624494
2026,55087P104,LYFT,900,1,1,0.14804616065769713,0.027223844958176764,0.058092039369481124,0.11794385223309452,0.23638205005088198,0.2253727097053019,0.1319398669518908
2026,72703H101,PLNT,901,1,1,0.11658883743930981,0.028190258169115696,-0.02636331329156834,0.12174293077309847,0.21553398935346657,0.056546988578467336,0.17840546359387838
2026,78377T107,RHP,902,1,0,0.30710613112897384,0.014628126179521212,0.003462790326206097,0.021039862815545006,0.07753661485923583,0.17686776337836155,-0.013223570279660072
2026,530307305,8L8C,903,1,1,0.21564518762901105,,,,,,
2026,55825T103,MSGS,904,1,1,0.5456863360737335,0.04013267619065688,0.07957729383243674,0.024378728594600017,-0.018294645010758892,-0.052500806940972054,-0.05431845454272871
2026,05352A100,AVTR,905,1,1,0.11688609110775985,0.03363712627558919,0.03366456002163359,0.12164661620397843,0.3229920901866088,0.3810448723707321,0.2037773962348475
2026,302941109,FCN,906,1,1,0.23578391099135498,0.07326322690931904,0.0377911924105685,0.04482750271433775,0.030990907789598055,-0.0664456307139059,0.08832844012472557
2026,534187109,LNC,907,1,1,0.19816869281125415,0.023905115976575454,0.006277841747467004,0.047781792755566294,0.18019944270800034,0.10347471238833865,0.16946325010762547
2026,553498106,MSA,908,1,1,0.37618276606660184,0.02436372860262418,0.03035530570327786,0.06119413701111589,0.00866475273249612,-0.06834277510101422,0.021362821098386026
2026,12653C108,CNX,909,1,0,0.12091914045870768,0.0013341203136281459,-0.007375317006250901,0.027009338766554616,0.0026776316035237654,-0.0857911682804307,0.015763310071401554
2026,626717102,MUR,910,1,0,0.14950095577786204,-0.0310421245694531,-0.033815207043642215,-0.11747497357869957,-0.17344553724253026,-0.18944049961509507,0.04848905592454681
2026,608190104,MHK,911,1,1,0.2515456782809295,0.0025221194217771165,-0.01342509574375143,0.07109657630915489,0.1362647029077832,0.11819168901979943,-0.02087981048260132
2026,729132100,PLXS,912,1,0,0.5063210853297665,-0.025632451497087524,-0.025379698103769863,-0.13732451008415117,-0.09493700642218075,-0.09576747512103184,-0.23828976628228518
2026,L6388F110,TIGO,913,1,1,0.36197821333317176,,,,,,
2026,092113109,BKH,914,1,0,0.21488974521680193,0.023378992633159557,0.006094992050448379,-0.0065341105311299726,-0.047170998721853,0.04133025825579081,-0.031736371792745695
2026,596278101,MIDD,915,1,1,0.29261435580189543,0.01890461793013072,0.013515247857383922,0.07572207170958296,0.1679851561172058,0.18299870531479367,-0.026189023329800623
2026,G8060N102,ST,916,1,1,0.14310037964693106,,,,,,
2026,410867105,THG,917,1,1,0.42745601833931124,0.024997175012136687,0.01670723533499472,0.09197186344372354,0.1299945492756245,0.16451281441950447,0.023335260051301217
2026,53947R105,LOAR,918,1,1,0.07084989329216533,0.040653026173516287,0.06427261783430195,0.18256497148533773,0.34151785186148903,0.2380249765108255,-0.06906586113400753
2026,81764X103,TTAN,919,1,0,0.254449474744239,0.09960549047953553,0.08571651042648175,0.27413807842390686,0.36148793154157116,0.3788187324879743,0.18801142653019004
2026,29786A106,ETSY,920,1,1,0.15031394778830692,0.013082776149650241,0.0071529348016064085,0.010630891978861634,0.15515595656411113,0.3067324738236296,0.05021444699435579
2026,872657101,TPG,921,1,1,0.23824522695580377,0.008520905871355048,0.009657813013510645,0.0427647202394216,0.17085545840337943,0.13147349500618793,0.17300041970626884
2026,92047W101,VVV,922,1,1,0.10305452249114043,0.01819895342306808,-0.01134055892160956,0.007942656723593261,0.08747061271818757,0.005616698804220811,-0.04562605803288235
2026,12769G100,CZR,923,1,1,0.06770155811176425,-0.0028972558996426543,-0.004813835866383967,0.005948053983969442,0.010911464593741038,-0.023793512718042004,-0.044561002417848807
2026,879369106,TFX,924,1,1,0.2228886454832427,0.022662917848416238,-0.0009298076529411434,0.06232869767210665,0.03663652200205174,0.009028334189460223,0.001141053415050922
2026,649445400,FLG,925,1,0,0.018369986250040448,0.015195363361747396,-0.0183599575428196,0.0015327997907549351,0.053020937671171275,0.02766016998757867,-0.12094488499070025
2026,946784105,WAY,926,1,0,0.10037654383362173,,,,,,
2026,739128106,POWL,927,1,1,3.1229592267593214,-0.0942769589093878,-0.09219271001437154,-0.2891358170737662,-0.3965058647618526,-0.2761639477744307,-0.43820171987484646
2026,302520101,FNB,928,1,1,0.1871350587831304,0.013278777582324517,0.0014227701300446316,0.05123569749765917,0.10567300238340052,0.07244156394815912,-0.020735570034049765
2026,053807103,AVT,929,1,1,0.22777536226087955,-0.04434556720305577,-0.03566919346903518,-0.1553966529372605,-0.17468629066801092,-0.09433472696078748,-0.08804396075216937
2026,960413102,WLK,930,1,1,0.017474428676478155,,,,,,
2026,116794108,BRKR,931,1,1,0.1510465601489961,0.015969832786068356,0.005685248109269417,0.10414657500744726,0.2704393609524418,0.39079121219948054,-0.010050787593937252
2026,65336K103,NXST,932,1,1,0.3844194782849571,0.06372034861402619,0.014955854875791819,0.10577710562723903,0.02411700141810905,-0.11044584062113909,0.1461947994152582
2026,919794107,VLY,933,1,0,0.15981553135832727,0.0011125041811607672,-0.008191602577578908,0.041577911933655856,0.06012000129933898,0.0488875826804038,-0.0520622580989704
2026,300426103,ECG,934,1,1,0.33986635598615555,-0.03808297239817665,-0.0281220102290122,-0.1402975050947485,-0.14432409039105884,-0.2132299064441517,-0.2985658311588367
2026,29355X107,NPO,935,1,0,0.5562075113682678,0.007052909638317783,-0.009404266004269676,-0.11174189121277253,0.013218915535019901,0.07897420194657784,-0.21140551175423788
2026,76118Y104,REZI,936,1,0,0.149957964217146,-0.02486960948367589,-0.06587865789296085,0.06192371838098331,0.1332780780137383,-0.1470813461195362,0.1683779523463102
2026,031652100,AMKR,937,1,1,0.23121003001089685,-0.06370627844648964,-0.04774407777411619,-0.2895150156991493,-0.11306723919583977,0.007410719791176593,-0.36318587839652183
2026,254067101,DDS,938,1,1,0.2885990103507626,0.0010640242872503305,-0.0841035561048858,-0.07807997828009704,-0.10684214743019746,-0.009165429497352703,0.0027700606515237494
2026,200525103,CBSH,939,1,1,0.2893208464029106,0.010619301711223012,0.021691242426154715,0.06992080546563292,0.13773737255933968,0.13968789549505967,0.02515274417570692
2026,115637209,BF-B,940,1,1,0.11168982068930002,0.008726079632666243,-0.001453137485685473,0.010427468568901359,-0.010164946027867003,0.06277835623788432,-0.020218229285439163
2026,03076K108,ABCB,941,1,0,0.263569566138846,0.011323509320485753,0.0014825877644568525,0.03717189778031031,0.05034994456896684,0.0255572648538338,-0.07874895900179088
2026,08265T208,BSY,942,1,1,0.17067303982012436,0.0498579192192664,0.03766845827964958,0.12286405704751474,0.07408816537056864,-0.07851436770838836,0.15419285457756032
2026,N72482156,QGEN,943,1,1,0.1799290623170652,,,,,,
2026,671044105,OSIS,944,1,0,0.33395938149710236,0.007440764688692398,-0.005641891678130707,0.02916052364919476,0.08215757130480746,-0.18572032674959124,0.03309506772399993
2026,117043109,BC,945,1,1,0.20534974208425283,0.002109806607768971,-0.005899150558773283,-0.03661535581536418,-0.04477113931572857,0.015382006473535407,-0.0915955650545694
2026,218937100,CNR,946,1,0,0.10022098523322412,-0.009512838482592767,-0.018075546244940562,-0.06946029376475049,-0.12799982737801996,-0.2673027517815161,0.0021537937355191362
2026,410120109,HWC,947,1,0,0.19653685314983885,0.008661263096278656,0.01543680342266119,0.06329535095236943,0.10612883575670093,0.0667614532374167,0.005888856306923609
2026,099406100,BOOT,948,1,0,0.2722321305308073,0.025584403275426184,-0.08408405512651433,-0.04015972530581645,0.008643255621724175,0.1633155044063543,-0.11487940584837245
2026,171484108,CHDN,949,1,1,0.2839241538266968,0.0663584003835186,0.073515856251693,0.04383056046502926,0.11545314860193762,0.13402647097575945,0.0495614418013745
2026,038169207,APLD,950,1,1,0.18133817304692382,-0.014151645097161367,-0.16134099973880572,-0.3988489281190375,-0.4511925532908168,-0.1618950127824842,-0.509021314577557
2026,546347105,LPX,951,1,1,0.20345007966457632,0.023052835270819604,0.000778636189206372,0.03298788121309184,0.08660805326951854,0.07036884092208626,-0.08158800812959632
2026,34964C106,FBIN,952,1,1,0.14670608064833943,0.007280735000711108,0.1272610501138569,0.26045193308798725,0.367905083573076,0.2223500629383045,0.16952941736234878
2026,928881101,VNT,953,1,1,0.17747526820243,,,,,,
2026,42226K105,HR,954,1,1,0.16287600940706215,0.0106197502743248,0.0026004235192020357,-0.001721390956026048,-0.02688050855941149,0.05998860029934017,0.01595056875966223
2026,530909308,LLYVK,955,1,1,0.1621986804901818,0.02467294336088053,0.049884595461636205,0.045505306012244076,0.07174448788873537,-0.05073978371690809,-0.0407892771454501
2026,G9618E107,WTM,956,1,1,2.836339451468135,,,,,,
2026,552848103,MTG,957,1,1,0.19590010949986753,0.020889389472641136,0.04424226310925601,0.08453431587871993,0.12533607375512976,0.11605467485914148,0.10064946397599264
2026,00090Q103,ADT,958,1,1,0.06032015495403979,0.02536949250625612,-0.011524755947805075,0.05535436483655434,0.05917363536805895,-0.008439676701949748,0.15199348053383455
2026,53115L104,LBRT,959,1,0,0.18693131388517722,-0.018942603197468915,-0.012691977726544582,-0.2079398301637102,-0.38175294656434505,-0.3733029178356799,-0.5631117962103672
2026,974155103,WING,960,1,1,0.2636531842418987,,,,,,
2026,02376R102,AAL,961,1,1,0.28735112184540046,0.035408330954407596,0.011000850853238871,0.13639620888143084,0.2334966222449027,0.3921985575104766,-0.16103382941225852
2026,37637Q105,GBCI,962,1,0,0.23873145860105968,0.031728042679162016,0.020683580208289934,0.07455091926711781,0.09413431866923096,0.03501201841733545,-0.07156297150077365
2026,20464U100,COMP,963,1,0,0.2365508102161155,0.05820523356405107,0.10329815138310121,0.33909729055247634,0.5702819790721044,0.3987029163765895,0.09714159865571592
2026,88023B103,TEM,964,1,1,0.2477178360745034,0.042869211801984844,0.10589369024546239,0.23600814249824797,0.36200442598021915,0.2361772241296698,-0.21216770942949303
2026,513272104,LW,965,1,1,0.22567877949509332,0.01478874414394329,-0.04005197189913873,0.0414809418183741,0.08184719496199923,0.04089275601912156,0.16082652387098642
2026,518613203,LAUR,966,1,0,0.08750930787062912,0.023183049405975438,-0.018822911959186332,0.09276581962815827,0.19505381572596295,0.03383939370011804,0.01612642649997116
2026,550241103,LUMN,967,1,0,0.2176959458803416,-0.007500846444695047,-0.045967624412686994,-0.2701574282751602,-0.5317569781471978,-0.22826782211067245,-0.3058580322826586
2026,03152W109,AM6,968,1,0,-0.9999974140048735,,,,,,
2026,06417N103,OZK,969,1,1,0.19351120808159814,0.011233228238516451,0.00619630744729897,0.005828818072353945,0.0360472338149692,0.06348559013867193,-0.03892916667656629
2026,68235P108,OGS,970,1,0,0.2543511132133408,0.01139480939007242,0.007024843087893157,-0.01062054019610316,-0.08855599897628535,-0.10160623756816554,-0.006766692267920957
2026,29355A107,ENPH,971,1,1,0.1449127051028724,0.016864297249672585,-0.028494885259489487,-0.1631512155393016,-0.611019147922505,-0.36373045776150853,-0.37049687344015303
2026,78573L106,SBC,972,1,0,0.2077608980218509,0.045133394814583463,0.031141797285140188,0.06064138114012274,0.09310850566455092,-0.06288281657268067,0.03515572008096855
2026,057665200,BCPC,973,1,0,0.3818666878295931,0.013387179492099546,-0.0038862034761207673,0.009705794152538902,0.030946837505363402,-0.047159100161287985,-0.046471070376951314
2026,05329W102,AN,974,1,1,0.34736549742775286,0.0064311156627010185,-0.03678717659606927,0.026244922931087912,0.01623274021176601,-0.05259878650822934,0.11866208289974242
2026,861896108,SNEX,975,1,0,0.2851586904380257,-0.006861901398185905,-0.1901313410968519,-0.1494443081210361,-0.02831077941734606,0.07478270812771734,-0.29930335137207564
2026,29415F104,NVST,976,1,1,0.18424635102178594,0.027114949011011233,0.020009448539172053,0.08709291099981686,0.19321710394127975,-0.10104296350593385,-0.015730182735523502
2026,302081104,EXLS,977,1,1,0.1405010065244865,0.0389531160259171,-0.022256891520305747,0.014482048631279158,0.05701796419034393,0.02897051260083311,0.17488898620008134
2026,039653100,ACA,978,1,0,0.27354108386261783,0.0076979141587659086,-0.015102956476264815,0.06363025497384373,0.12814773995342543,0.11047821966162771,-0.02125076549735097
2026,84857L101,SR,979,1,0,0.2484153466084337,0.017967359812201013,-0.002369743268689703,0.011945126049651094,-0.10053002600201856,-0.13066077467926956,0.011494833406589659
2026,589378108,MRCY,980,1,0,0.19916959469846177,0.050957416035668085,0.022858056062545516,0.024739631511269206,0.2159426554209654,0.08576296818910147,-0.09735709455254982
2026,16359R103,CHE,981,1,1,0.8195177102472554,0.024037405855571802,0.02495736556872675,0.0933051848876442,0.08883105504624533,0.17503418649916383,0.09089844504546289
2026,69318G106,PBF,982,1,0,0.21009549660560728,0.0019136272902615069,0.1426308040366517,0.23170202992125366,0.10584250999507237,-0.23168843664571376,0.29493025721453525
2026,48242W106,KBR,983,1,1,0.19613371984235609,0.041815391808779565,0.016141648227421194,0.1178544655578089,0.1934322701709671,-0.008978702744891737,0.14154210614963827
2026,109194100,BFAM,984,1,1,0.18527483490097368,0.051659455859295794,0.05759939304127366,0.22117605233650958,0.31602863415474275,0.15668931619647458,0.20076612356729007
2026,835495102,SON,985,1,1,0.31266193084311417,0.017203316736901703,0.0319792913859849,0.1016032000016363,0.11361139881841534,-0.09064273347809568,0.039283984613359066
2026,11285B108,BEPC,986,1,1,0.06704622899208071,0.011652168016143778,-0.020690302744512085,0.011472551045009986,-0.045420055169373225,-0.1435428281435493,-0.14367303333294823
2026,18467V109,YOU,987,1,0,0.20444108423947271,0.04205083888355776,0.03282139371268729,0.054621219056728995,-0.09133771890598191,-0.27720830445902545,-0.12463634269941262
2026,60786M105,MC,988,1,0,0.18060939628868428,-0.002140451123815699,-0.045370110504182326,0.0808586090163701,0.13551410188544585,0.05826930303459034,0.06666169265853251
2026,703481101,PTEN,989,1,0,0.11381553668967472,-0.03241332467473464,-0.008776119367137836,-0.25140447243988145,-0.4792503470437102,-0.4492650417285585,-0.1500163293783355
2026,749607107,RLI,990,1,1,0.26391894117565673,0.04362388579462628,0.07219568016441597,0.1813475859187128,0.22046942573256473,0.14605264915559416,0.14707591352739838
2026,000361105,AIR,991,1,0,0.26131982901897677,0.046976555649946905,0.039570940220448166,0.04229760550978401,0.21066204174933695,-0.03784362843749446,-0.09503441159009368
2026,04956D107,ATMU,992,1,0,0.1875083204167632,0.007066249620780584,-0.003664543605097645,0.02269552678618237,0.10081243810789821,-0.11093316013338789,0.024585403654483317
2026,20459V105,GPGI,993,1,0,0.14676209117819566,0.0629916602298545,0.08303223133113699,0.22762737130966534,0.4991929222989309,0.005470601652070306,0.044189737409707455
2026,88080T104,WULF,994,1,1,0.4096906271414767,0.01338296313237509,-0.10685338137492456,-0.3318816460466966,-0.3162786184997134,-0.19644054828383573,-0.5110559414812309
2026,55616P104,M,995,1,1,0.16975520359594137,0.018396153815068886,-0.04128173151625654,-0.006880305742329328,0.152594617463058,0.3372975540934173,-0.024834178280341915
2026,N14506104,ESTC,996,1,1,0.17051092947937246,,,,,,
2026,68404L201,OPCH,997,1,0,0.04677660719936937,0.020151246491831365,-0.020786030323232493,0.02606385176760684,0.08922308620079433,0.017000558298221096,0.07728303884550555
2026,056525108,BMI,998,1,0,0.3766290000676513,0.007994449290736694,0.04274572694475121,0.1407852858578278,0.2762433447734961,0.10082800182778062,-0.027000065046305897
2026,67000B104,NOVT,999,1,0,0.40421849579883734,-0.006503512527305869,0.014300210954985848,0.04566179033425795,-0.01622022316836303,-0.005480945154469362,-0.1638763661914613
2026,465741106,ITRI,1000,1,0,0.20533519625742355,0.02576711917261021,0.015134179971163272,0.0939496510982308,0.07906823523706415,-0.09098804760792448,0.03689557516635926
2026,554382101,MAC,1001,0,0,0.4473715190057459,0.020643249015641595,-0.0017308128073029797,0.0681873628280683,0.0807140708024232,0.11534254119236262,-0.023764058650429975
2026,60471A101,MIR,1002,0,0,0.16489032524298033,0.016566378515697578,-0.04581383225805444,-0.013117364683873249,0.12275593597438705,0.11190952699099523,-0.016695932481362273
2026,553530106,MSM,1003,0,1,0.22593042322300844,-0.006453176290214285,-0.011941392462269874,0.021042138599321372,0.07319342720304162,0.061203222806587396,0.023698574134357726
2026,830830105,SKY,1004,0,0,0.2068862068990547,0.03389558481739872,-0.016139310367014763,0.04694897859815616,0.18949167524011698,0.1655564750462922,-0.042665223310164015
2026,00773J202,SYRE,1005,0,0,0.26958129492858346,-0.0009354603659588699,0.005853164598673587,-0.07956887688496224,0.04133346351402459,0.012701526775503198,-0.01901352178781899
2026,03823U102,AAOI,1006,0,1,0.2937656591801365,-0.01417379162498392,-0.04959394699162682,-0.4946316524989069,-0.7367676917416762,-0.7717940512910524,-0.640261501241393
2026,29479A108,ERAS,1007,0,0,0.06323297257535812,0.0669635233519927,0.14885212733885542,0.16159260998717545,0.12928689983825287,-0.7771400035035456,-0.07062754535514135
2026,01862Q107,ALH,1008,0,0,0.044159212254296906,0.01534321602424412,-0.012447704933664289,-0.028517466685406716,-0.0006219739717827841,0.03458511950972672,-0.050992544032026486
2026,55405W104,MYRG,1009,0,0,0.7065154523181084,-0.012584366619770554,0.02729867896228496,-0.09434606435659429,-0.22208948982567045,-0.037420216669606,-0.4031870544026822
2026,90278Q108,UFPI,1010,0,0,0.2572654715180572,0.009585265926661372,0.013945215777689222,0.046371419669098066,0.1002257456157626,0.009127798111368223,-0.020218710054351004
2026,371901109,GNTX,1011,0,1,0.1761644280692853,0.0017781457694690727,-0.003877140278999533,-0.043332139418179885,0.02326842704073324,0.08848119635266323,-0.11548089971770979
2026,750940108,RAL,1012,0,1,0.21733492088295842,-0.0015553442779707716,-0.021231473486098846,-0.0005587956685696189,0.10530916165205975,0.2805996143107522,-0.06130721107725196
2026,52476L109,LGN,1013,0,0,0.293430789601667,0.007243819410620955,-0.03157142820494466,-0.1774396382454155,-0.24652460940861656,-0.25773519924885036,-0.30312240279994007
2026,577081102,MAT,1014,0,1,0.10828556006105775,0.020998450409686335,-0.010690598468720697,-0.017285898068425943,-0.041024982367453756,0.10125954429487022,0.11814205984506923
2026,879433829,TDS,1015,0,0,0.2009525771369235,0.036864525436606906,0.005405802218221189,-0.1064049229495945,-0.08791049346225613,-0.10678096401095286,-0.12287630291629376
2026,22663K107,CRNXGBP,1016,0,0,0.10595754445389108,,,,,,
2026,754907103,RYN,1017,0,1,0.27210284367056253,0.005200064937774342,-0.0028218956665660953,0.044415487112879265,0.061055343536739914,0.052570165824849656,0.00017513306398504475
2026,724078209,PIPR,1018,0,0,0.29371924042134573,-0.00598039249976727,-0.09484159343473866,-0.09984770569398578,-0.02423252807503992,-0.0643412577177706,0.023795976386949746
2026,93627C101,HCC,1019,0,0,0.24643154720111674,,,,,,
2026,402635502,GPOR,1020,0,0,0.2971890827846099,0.01817790897980955,0.04216004748720775,0.046227464066061666,0.004720173320899152,-0.09634180725774222,-0.0189921348086238
2026,78442P106,SLM,1021,0,1,0.13113136294373096,0.044257745636643836,0.08934330115831073,0.12647054488258444,0.2343640333304082,0.2510607850052269,0.04694519712461413
2026,885160101,THO,1022,0,1,0.21820248303448647,0.02422236056862362,0.04163004116228371,0.07601388585699516,0.06127303725085216,0.049213016491812714,0.03195908863128646
2026,450056106,IRTC,1023,0,0,0.25434054609451645,0.03704788560828779,0.05834737687672671,0.2617348307109884,0.2668445391948978,0.24510005291051712,0.0398123665725037
2026,38526M106,LOPE,1024,0,1,0.27955791859380485,0.020131849939559462,-0.021026249131353092,0.08259568781619497,0.044564623238376934,-0.12863195994572066,0.0178599864281015
2026,925283103,VSNT,1025,0,1,0.21233340099601217,0.014225832508966847,-0.06342694697880367,-0.02250302036436632,-0.1273708559409431,-0.0222359969411344,0.0038339191213553163
2026,53220K504,LGND,1026,0,0,0.5300552877886586,0.03410336736018039,0.08071520311697856,0.16830463743985005,0.2798305258151994,0.2096965249493991,-0.05746908922580629
2026,41068X100,HASI,1027,0,0,0.20022477209687803,0.0156489146580687,-0.020076418276347846,-0.026834796527658158,-0.134976884824875,-0.15866855323083118,-0.0808305911260504
2026,126402106,CSW,1028,0,0,0.4049471891603252,-0.00882578646073183,-0.04660149232233478,0.031354895649120994,0.002454448249823625,-0.0142388635314841,0.047503410141037254
2026,737446104,POST,1029,0,1,0.25621074469478383,0.006116685340805359,-0.015505289252339577,-0.004286299408263555,-0.07083943287146036,-0.11237993098291636,0.028486501067089397
2026,44952J104,CRGY,1030,0,0,0.09271543889587602,-0.005658511482548982,-0.023151388724721583,-0.20085276808738822,-0.356362242480623,-0.45576611289938695,-0.03603211897647694
2026,55826T102,SPHR,1031,0,0,0.2844940080539429,0.05981789437088496,0.08461807680614418,-0.04591267665766237,0.09120512436288425,0.14774105423291872,-0.25080564825911117
2026,909907107,UBSI,1032,0,0,0.22524773396736833,0.00515762811638461,-0.008074089908538053,0.035158389052171155,0.055553148200766594,-0.005187775151269007,0.016350231905365026
2026,88642R109,TDW,1033,0,0,0.18793413668115147,0.023312636168773788,0.015024178483413999,-0.0380904446789418,-0.18837733479491695,-0.47716230310960805,0.07736411797105014
2026,49803T300,KRG,1034,0,0,0.18544569250113063,0.008001878986402061,-0.004129192515070013,-0.007150220592741344,0.0032310174962560355,0.07528016071870888,-0.017975321773174083
2026,407497106,HLNE,1035,0,1,0.2503281443881637,0.034132645237589174,0.018746928669778,0.05234473722945119,0.03888204382226324,-0.09245342497753674,0.2058634548478926
2026,70438V106,PCTY,1036,0,1,0.24315356049177156,0.058792008122542476,0.029870067859694194,0.16147356553033765,0.12704208261697186,0.19789000513123667,0.268434648318358
2026,01749D105,ALGM,1037,0,1,0.3207364162424441,-0.023998854627009656,0.1424825886071412,-0.029714000125741203,0.042350545655255936,0.13499138463723695,-0.3229392146809505
2026,02156V109,OKLO,1038,0,1,0.12107439050345632,0.01430420560289309,-0.05408129891193787,-0.1336464776737749,-0.1562356155313258,-0.21958840450595749,-0.14543742581415423
2026,109696104,BCO,1039,0,0,0.32557091579293224,1.9839038603967907e-06,-0.05032775800481837,0.0774203073510639,0.03989579218053915,-0.11673558351695199,0.2518978213608881
2026,646025106,NJR,1040,0,0,0.284249916647081,0.011978669786220041,0.0020327474762105047,-0.004512396081815612,-0.06823222160052375,-0.06904816592307535,-0.01012715394262209
2026,87583X109,TNGX,1041,0,0,0.22175141314141839,0.0444360174408103,0.07917323980119936,-0.166880270001441,0.24074023127540706,-0.08699416482414246,-0.3168738020860738
2026,86333M108,LRN,1042,0,0,0.194718801299424,0.015157745794530492,0.0014745332924928703,0.028908263957166943,-0.07551924355375117,-0.24189915064345718,-0.02954270369936981
2026,04911A107,AUB,1043,0,0,0.17632904192979915,0.01218191106858212,0.025515559128015477,0.07671695243726796,0.12164528348153954,0.06458956250339133,-2.473204199914588e-05
2026,589889104,MMSI,1044,0,0,0.23632484484099628,0.022373393219781275,0.017201007763031524,0.12617043740337078,0.24110023896886115,0.18868384251190845,0.13197258677579418
2026,28036F105,EWTX,1045,0,0,0.04610203924411504,0.0008490224861952625,-0.05095945004776986,0.10427279235307584,0.12752722717472514,0.033949687380867476,-0.05071790262701037
2026,750491102,RDNT,1046,0,0,0.1971420695571344,0.028528151564977657,0.014830703994884405,0.29156455359124733,0.3596160852339789,0.11774083041080341,0.07785836826873457
2026,59001A102,MTH,1047,0,0,0.24127805272000954,0.031636333603232474,0.013508962912165245,0.09279239600437483,0.2100812158351346,0.24137903979434888,-0.1450492780172642
2026,498894104,KNF,1048,0,0,0.19332492829104633,0.01555876856284691,-0.07253252063486076,0.0006808378167205975,0.10117780432667534,-0.06691487486323561,-0.17947757784151408
2026,05465C100,AX,1049,0,0,0.24930763229444616,0.017647979798681157,0.01276396133539615,0.13074387822530192,0.1670973618925756,0.05577130175719126,-0.0002551672722073139
2026,002896207,ANF,1050,0,0,0.25202433755380205,0.035601717816968165,0.012497360735999455,0.10298357845107206,0.23221881171360856,0.23850018672741244,0.1741586939895464
2026,617700109,MORN,1051,0,1,0.27795784425299075,0.09157270790527641,0.020335214375247795,0.03413599508045728,0.0026244814379766702,0.03231253302105737,0.2086050206980131
2026,004498101,ACIW,1052,0,0,0.21457060349887777,0.06246994572902381,0.06220463613641715,0.23606886289052353,0.330914234651888,0.20274931208426497,0.19026798584843546
2026,741511109,PSMT,1053,0,0,0.3787805663226399,0.005661395805167389,0.022185162350953587,0.045452102790002454,0.06952031248780915,0.00812374400143223,-0.10136070359416925
2026,077454106,BDC,1054,0,0,0.29378500876087504,-0.0032792217047275182,-0.006241873615320994,-0.05339605407446879,0.10508195558324665,0.013464980348197455,-0.09835614225626028
2026,00123Q104,AGNC,1055,0,1,0.3366834944662952,0.0345464296630134,0.04031006569222197,0.07992338343814018,0.09017463412164531,0.028854898628217003,-0.014718488313413158
2026,89531P105,TREX,1056,0,1,0.1723823505139181,0.006942883706632936,-0.0015289728085841267,0.036696166058532015,0.1472598705371575,0.09449429443262673,-0.1468816631155769
2026,134429109,CPB,1057,0,1,0.1207326247020558,0.01824078532392747,0.04482459292813064,0.10531627448665358,0.1751320086530336,0.22920016801641707,0.04435072434097523
2026,69007J304,OUT,1058,0,0,0.1860648232394444,0.05448225190203606,0.012787705080771351,0.006703927776759336,-0.05709087266689356,-0.013258874691919324,-0.08514170337275143
2026,57686G105,MATX,1059,0,0,0.19628626041206407,-0.0018254974014123137,-0.028616997734589436,0.006376627089713894,0.03461717266882322,-0.15310505352254292,-0.017375031013829742
2026,185899101,CLF,1060,0,1,0.1208538292552218,-0.0592555390883706,-0.135794075680314,-0.26440636176985444,-0.20941972919496116,0.033782163952658165,0.22710391172840383
2026,83601L102,SHC,1061,0,1,0.1528442325201056,0.029095457765558136,0.04154078524349507,0.1536009202954938,0.20568035063256482,0.22961543584117838,0.02487131925681614
2026,88224Q107,TCBI,1062,0,0,0.24826792220102936,0.004532099859890735,-0.012503615861647055,0.04701200241890673,0.07044233910606303,-0.013736402070287795,-0.06097367052796778
2026,781846209,RUSHA,1063,0,0,0.2359304461423059,-0.002343986880342784,-0.013297126762694775,0.05783129854090115,-0.02250330541276723,-0.13555044250450504,0.0028677337892689123
2026,09175A206,BMNR,1064,0,1,0.3541298046526936,0.05309429101197742,-0.03423855205714999,0.018041101064204763,-0.004081076977723301,-0.4005748728980376,0.3728179684609752
2026,703343103,PATK,1065,0,0,0.1432421098122996,0.03884772274593236,0.02742118719371238,0.01607725379962812,-0.02221571440285624,-0.10881584848752544,-0.08314807178733483
2026,917047102,URBN,1066,0,0,0.16197381547000456,0.04008583803228197,-0.021347299975225963,-0.04761793187338852,-0.05032414180273918,0.08504061300826751,-0.005788858967947348
2026,668074305,NWE,1067,0,0,0.16161475595191793,0.02752245460327953,0.006011783461046714,-0.006619396836451189,-0.06331442902025647,0.02581449449596425,-0.03873136047290961
2026,624758108,MWA,1068,0,0,0.1471388978670382,-0.0034507558694936505,-0.014413973811936036,-0.02309417794654157,-0.009590690608985254,-0.13063272710744445,-0.06929169244010591
2026,103304101,BYD,1069,0,1,0.27541598421491625,0.016961748960030398,0.025167773216125684,0.05875745651026566,0.10603027695592727,0.0662209294586952,0.00698684377855972
2026,00402L107,ASO,1070,0,0,0.15148619281693637,0.009165175870840637,-0.09562484901264426,-0.06633406269644042,-0.11071489311874523,-0.23193852076946292,0.022613230670182213
2026,29605J106,ESAB,1071,0,1,0.3335076354392952,0.03553398748949628,0.004835722655754271,-0.009060678367716068,0.12504091499769585,0.04049623705524236,-0.08496187659523576
2026,17253J106,CIFR,1072,0,0,0.3442286243651311,0.03842331408621392,-0.10185258891462103,-0.2649574855096922,-0.18761141055992098,0.0982742196992821,-0.2653279570653211
2026,44812J104,HUT,1073,0,0,0.4042506972354569,0.07567901746145889,-0.04761491475702409,-0.2556071065491228,-0.25186661656014386,0.0659512816221227,-0.32362704963883393
2026,090043100,BILL,1074,0,1,0.07733995016212028,0.08294142634862868,0.06961910124040699,0.26616561183593246,0.31262672327586805,0.06130306689930206,0.33547230098528286
2026,78475V103,MWH,1075,0,1,0.10491741471245236,-0.016780835308188538,0.00642429195041426,-0.13216518470532845,-0.21774923607621177,-0.045917052269299166,-0.28228729886919274
2026,169905106,CHH,1076,0,1,0.10165432131009235,0.017681005401002405,-0.011992367832181347,-0.07921846535710005,-0.10758959726739294,-0.07268333596872517,-0.03181596263243013
2026,929042109,VNO,1077,0,1,0.34064658283748694,,,,,,
2026,784730103,SSRM,1078,0,0,0.0676382806241501,0.05040007358212053,-0.028214368569907694,-0.07834353046611382,0.014436487366196234,-0.29348361432135867,-0.1577402105180092
2026,552690109,MDU,1079,0,1,0.136639377948238,0.010032522716168595,-0.01593469141192242,-0.03908716552990514,-0.09442824621222992,-0.04024325137041351,-0.06748098516718638
2026,20337X109,VISN,1080,0,0,0.18428902575855768,0.016498695321806908,0.022276373686148543,0.01936053131846826,0.13425632007194932,-0.2728696208533852,0.025219980688219706
2026,48282T104,KAI,1081,0,0,0.4231699023118491,0.019251676920687705,0.0004559892028825896,0.04598593569912262,-0.05908805146767221,-0.09811268839347327,-0.06091749257607501
2026,227046109,CROX,1082,0,1,0.23453832530684748,0.07603318996457276,0.015350671969220644,-0.028695919000529167,-0.0030093394759186038,0.19529078233971847,-0.008579974524973001
2026,45579U109,INDV,1083,0,0,0.08109347925161617,0.0243817907661956,-0.017012674223468142,0.04447427615180986,0.09996088435243354,0.23291831164292004,-0.043025864265252296
2026,26603R106,DUOL,1084,0,1,0.2465882708505633,0.023938950210944186,-0.12127519985749785,0.10111886799943069,0.3296271325563687,0.4884703144329941,0.19068734525021547
2026,043436104,ABG,1085,0,0,0.2997593491972406,0.01987967489732059,-0.025599877414950224,0.10655461773322197,0.13915309959700858,0.09056429858577862,0.14084048556238074
2026,093671105,HRB,1086,0,1,0.2083211352783774,0.04066087761373113,0.054283207327031784,0.11785344489421415,0.04490738700123367,0.2350705573577379,0.1525120977453389
2026,011659109,ALK,1087,0,1,0.10538127234442114,0.03481157887656658,-0.011831813962924514,0.04394255728656173,0.18304984150876558,0.2702931682723181,-0.09237234859979324
2026,926400102,VSXY,1088,0,0,0.2029599038022543,0.07876533839918143,0.05383912292763205,-0.020337980656376715,0.33866620367418426,0.5265192558770477,-0.03746382646945707
2026,00737L103,CVSA,1089,0,0,0.26427534560735316,0.029017704325394165,-0.00030238418403373546,0.07888476234140436,0.023111977418179466,-0.0316544316083196,-0.09027936124240202
2026,816300107,SIGI,1090,0,0,0.3077037499820478,0.01873511451514501,0.02214381123268451,0.05208863856845358,0.08487408348004624,0.2016724865620992,-0.04917925292896874
2026,90184D100,TWST,1091,0,0,0.1495859764113117,0.04847318124040087,0.03132575847060064,0.10044409333571588,0.32653246264770697,0.16978773327627356,-0.2687451321831968
2026,004225108,ACAD,1092,0,0,0.11839766606778752,0.0772146246804595,0.07379780203532316,0.1981219752821746,0.2837639340565572,0.22610326347835813,0.05538229417816433
2026,070830104,BBWI,1093,0,1,0.14849441626991539,0.05912220853384392,0.06418246681675803,0.06654486851184259,0.16331839188441424,0.09615771633576956,-0.09503711423401418
2026,83418M103,SEI,1094,0,0,0.18419332407603736,-0.01968571547464503,0.011997691838392832,-0.2421734848325673,-0.11935275442182093,-0.08445680120326396,-0.4549081059091623
2026,705573103,PEGA,1095,0,1,0.17955706088312148,0.08130446674165746,0.028785313306630485,0.09438112610295571,0.09071103157473553,-0.015215601264038259,0.04483331616021359
2026,85914M107,STEP,1096,0,0,0.11233245927995358,-0.01796039228219594,-0.029305743663712303,-0.0258996043172581,-0.08002777646331999,-0.18198044240187627,0.17167995011740278
2026,149568107,CVCO,1097,0,0,0.7694223218355689,0.029833892036726966,-0.006222554643708467,0.004140141587674791,0.1294788729443672,0.1955094763181522,-0.04131417100326666
2026,398905109,GPI,1098,0,0,0.5034754298406533,0.01213757866516821,-0.06568561864844986,-0.01167315400880482,-0.04546015196120906,-0.057582706558827884,0.15070756011974168
2026,127055101,CBT,1099,0,0,0.26914257543726655,0.005270905408302654,-0.028899180316069275,-0.040292041953191395,-0.03781328332908741,0.00600172382742217,-0.093479255204443
2026,916896103,UEC,1100,0,0,0.1848239112539453,0.041384744115495406,-0.03222465306638014,-0.10018582099961004,-0.20771976948112786,-0.47124113987174665,-0.09886904849283887
2026,894164102,TNL,1101,0,1,0.31446104688884285,0.033815608697492054,0.004712120349463864,-0.00683791487160626,0.13006675660348183,0.05921081699984086,-0.010590689777856769
2026,423452101,HP,1102,0,0,0.11629346351367897,-0.008158527860263939,0.008113073764871002,-0.19143318578438714,-0.3053481672668846,-0.24810385190663664,-0.0632401707493176
2026,35905A109,FTDR,1103,0,0,0.1995710500406852,0.013310581981642186,0.03233774549153767,0.12881720043129757,0.24900145708517774,0.2351354877855133,-0.038221902457375376
2026,71844V201,PECO,1104,0,0,0.34570107899929037,0.002593720824437766,-0.0028596516900276925,0.016015359600083094,-0.010618844328445174,0.030629775109031063,-0.003975070911344996
2026,904708104,UNF,1105,0,0,0.403735854456779,0.013542943551119489,-0.011028557375213603,0.003754947692349138,-0.056783164602273915,-0.15966083147124224,0.049490576388684704
2026,750236101,RDN,1106,0,0,0.20459510041239062,0.013926245684259392,0.03389998095132764,0.0926328875824631,0.08427248901708657,0.13353546765908456,0.042727937631836674
2026,819047101,SHAK,1107,0,0,0.008611697865365638,0.04682529419610652,-0.0063537077734706,-0.0622135333485371,-0.06857741298201928,-0.3978378221584205,0.13564867850632997
2026,358039105,FRPT,1108,0,1,0.18295250245022537,0.08058359926209771,0.1386188705697217,-0.014255408294144352,0.08982985039427657,0.04644031528633208,0.06973581846149851
2026,87265H109,T86,1109,0,0,-0.9999991480471497,,,,,,
2026,12662P108,CVI,1110,0,0,0.06354497127603749,-0.01866930314736028,0.04852563808135615,0.02060590533129604,-0.18808931958176786,-0.30556356768474036,0.17719556442612697
2026,112463104,BKD,1111,0,0,0.14229356700056556,0.022792320708719244,0.06455175718245583,0.10685076149663758,0.1010686834834538,-0.03673175764709816,-0.05643125991542369
2026,436893200,HOMB,1112,0,0,0.23305708783027168,0.025590313116544396,-0.0019100422232186283,0.04805985240831517,0.09891945266007723,0.07645610188964827,0.06701600301971339
2026,353514102,FELE,1113,0,0,0.21628403462307338,-0.0026741136011036743,-0.0024709622526765396,0.011298620492259782,0.0463624782647405,0.06814395214812437,-0.02989920323351435
2026,222795502,CUZ,1114,0,1,0.2036479271005771,0.031718642641732374,0.04084515944321551,0.09281502918551085,0.14552148195857573,0.21023114297650775,0.06503147960711046
2026,50050N103,KTB,1115,0,0,0.31022664471081474,0.046777192832351704,0.03793177105499564,0.126556711955709,0.1484704695068813,0.047168966150445496,-0.0019877469076666453
2026,26210C104,DBX,1116,0,1,0.12992309467366014,0.06414887965304665,0.038965417986461776,0.08274861021270044,0.12007348163911198,0.17567165704420434,0.1522943934934829
2026,704551100,BTU,1117,0,0,0.10352707831209719,-0.011005554158597976,0.007438545447407,-0.10840600917423995,-0.13166043677069683,-0.2968894903747248,0.002978404707293344
2026,34631F102,FPS,1118,0,1,0.601066757333805,-0.041642773599493796,-0.1293061700409167,-0.33289244084794023,-0.05480064271777075,0.09100264498153869,-0.5068504331697545
2026,22002T108,CDP,1119,0,0,0.23205376743837675,0.03246690407576354,0.04019004547549754,0.10127762113238414,0.11391998164426129,0.047350849263480876,0.02353537725372456
2026,89377M109,TMDX,1120,0,0,0.11620058478227803,-0.11456640425302023,-0.13319309583877864,0.03000450072214037,0.18005910499497416,-0.061551163343793514,0.196891961457119
2026,31188V100,FSLY,1121,0,0,0.21411917973933542,0.05507055225192836,0.07343257397210694,-0.010330409540406729,-0.026847794363838298,-0.7693785157119448,0.06239465872538483
2026,045487105,ASB,1122,0,0,0.19987239086984207,0.021186359729451217,0.007670271529402438,0.04448850124305447,0.08995237721819939,0.08711546024806324,-0.03421663831513289
2026,963320106,WHR,1123,0,1,0.12755785066528283,,,,,,
2026,601137102,MRP,1124,0,1,0.26332039916072725,0.04289117275183043,0.03697884049813736,0.014627614897278589,0.050608525427464184,0.08086863161881916,-0.0675402544030965
2026,12621E103,CNO,1125,0,0,0.13673876921101089,0.017712552116382303,-0.009076165186928768,0.01481664077261617,0.12371020896759904,0.14539557625545954,-0.0015711939418743127
2026,81725T100,SXT,1126,0,0,0.26393948556783803,-0.008043621128540769,-0.03356981657645092,0.08600971721340905,0.018807746500588286,0.10311706381889599,-0.0013614669459641113
2026,91347P105,OLED,1127,0,1,0.3632110288053289,0.006723628868162054,-0.015929038590664205,-0.025485761008182832,-0.043411740379368235,0.03542748767886616,-0.012701555465422204
2026,11276H106,BIPC,1128,0,0,0.05016391489737972,0.019347674687430965,-0.01131216642450014,0.00881608015173048,-0.01311117889844569,0.012075649956802558,0.06548387520886606
2026,971378104,WSC,1129,0,1,0.13983414142959694,,,,,,
2026,767292105,RIOT,1130,0,0,0.23399921032582993,0.05648612070795603,-0.04352834705570147,-0.2789450741648555,-0.25771044811430055,0.05923628974343792,-0.39039322452957803
2026,52110M109,LAZ,1131,0,1,0.25209993422239896,0.0032211939436426057,-0.01716760322698319,-0.003422136793802183,-0.059185666550412366,-0.15935656144687027,0.08102197524381607
2026,78351F107,RYAN,1132,0,1,0.17258517038062166,0.08308671629136509,0.11710605496856577,0.20550230186074356,0.3501671558606993,0.44153663218842576,0.19652605546464838
2026,693656100,PVH,1133,0,1,0.1670097765437563,0.039098043238970495,-0.012522801379702395,-0.03855276157908574,-0.2888693230877362,-0.21551737977266544,0.055292426545107305
2026,43283X105,HGV,1134,0,0,0.06793466789783958,0.02644562745904208,-0.03431015071866027,-0.034854750016500076,0.006076305091508964,0.13717855472276863,-0.09507514270818129
2026,235825205,DAN,1135,0,0,0.16950831409641068,-0.0019074997185686126,-0.0909075462411045,-0.13493145734071194,-0.3905396424285209,-0.5168073056368868,-0.10656360649718964
2026,675232102,OII,1136,0,0,0.18844846771804635,0.01899113178873504,0.0644857576109823,0.03540177883432795,-0.10145088149558219,-0.21577351635670147,0.17380504775946404
2026,44267T102,HHH,1137,0,1,0.13913204479374952,0.04256195782059513,0.032187534919457236,0.13938847195742546,0.23398361783188487,0.21735493638917466,-0.04418615974336186
2026,88322Q108,TGTX,1138,0,0,0.2694186393619637,0.04675323955972376,0.021920681536756297,0.04041155464011463,0.30288912570339244,0.30954525921018544,-0.05010056035321897
2026,577933104,MMS,1139,0,0,0.17537593865454146,-0.0011746560644521065,-0.036812318472462954,-0.023699866194064525,-5.968777070482472e-05,-0.029744483398848356,0.18059312073348802
2026,03064D108,COLD,1140,0,1,0.1272672700994077,0.07224354924281129,0.11895564417614617,0.1083473511593877,0.023874376177789956,0.1562494521661114,-0.11840138375272041
2026,02215L209,KNTK,1141,0,0,0.12059612408558008,0.03043848028947336,0.019888342182235078,0.007703038448037538,-0.07653752374069918,-0.12080204549149368,-0.07486469439403123
2026,680665205,OLN,1142,0,1,0.11367156242770783,0.01957037446968814,-0.020419577228153657,-0.17923017258946802,-0.316093904101712,-0.482055290015575,-0.03365856705691726
2026,128030202,CALM,1143,0,0,0.2233833810880274,0.027412080014995167,0.0035653822387937285,0.08860392652086714,0.1309222831143301,0.028616690290012035,0.11089825623601092
2026,90364P105,PATH,1144,0,1,0.30128905801700095,0.06643778286634672,0.04313010450118751,0.186015366083216,0.16960980005653634,0.16232821933581376,0.17794516071037908
2026,45826H109,ITGR,1145,0,0,0.2252398644550803,0.014329447335484188,-0.012388395860461768,0.0258309445027508,0.03712515408362792,-0.05488708321998313,0.03664009588908124
2026,30190A104,FG,1146,0,0,0.057894197294596675,0.030882357370703335,0.014153588302894243,0.06446816061521005,0.0701623457270657,0.04114025499143845,0.11857681968132738
2026,44980X109,IPGP,1147,0,1,0.2668751554313977,-0.021714493942650306,0.0038742933728849425,-0.1404246109621261,-0.20630004008509123,-0.41882165031522633,-0.26900107460800493
2026,49427F108,KRC,1148,0,1,0.15511187554603198,0.021928109535266947,0.03455586932439171,0.08896369788505433,0.1559732289198094,0.2637251182392082,0.053407178346973165
2026,00751Y106,AAP,1149,0,0,0.1601865443681842,0.05665070385644891,0.03923801139600601,-0.0788493358057585,-0.10279002156839326,-0.16296569240931025,-0.14545851638398818
2026,81730H109,S,1150,0,1,0.20306187835585957,0.06847655203888163,0.08768924654664345,0.18080120573006436,-0.010374497384721543,0.03352194876682363,0.1009795990280315
2026,359694106,FUL,1151,0,0,0.163894413012612,0.03133397617589181,-0.09975834165101569,-0.11259675064669808,-0.03783859626891607,-0.07554443832360874,-0.11328876306494165
2026,349381103,FIGR,1152,0,1,0.274586249993089,0.01979187731202422,-0.025186967710240676,0.23971324340473515,0.11382749851384967,-0.2276151461009215,0.11994219296513474
2026,45166A102,IDYA,1153,0,0,0.14422068704489843,0.02247452747119958,0.004486969123846881,0.24552694673256983,0.36388511920083383,0.1695615474488114,0.03960779491581136
2026,25659T107,DLB,1154,0,1,0.25768820915725155,0.02684555626085981,-0.011021812320924244,-0.010086386633106868,-0.05249233859515593,-0.05788574774638379,-0.009982208169887197
2026,86771W105,RUN,1155,0,0,0.12468641058766049,0.016456511306942322,-0.08279656561918167,0.05364226371501926,-0.0432899834049074,-0.010870859322200551,-0.2482689737676977
2026,12510Q100,CCC,1156,0,1,0.12240229817424686,0.12414459992398581,0.09490163133281382,0.31468353918271363,0.367939843968032,0.08107207855962034,0.28861238617779106
2026,651587107,NEU,1157,0,1,1.5445761056965597,-0.005845230689162701,-0.009677368512821128,0.02654285587985422,0.006478955533509312,0.09744448090830259,-0.04400818502883551
2026,17243V102,CNK,1158,0,0,0.13884624759011244,0.034016040585875186,-0.02151974589673244,-0.11876119878808539,0.06520252606305826,0.057737366812624605,-0.022753433675105954
2026,87650L103,TARS,1159,0,0,0.12331447547296469,-0.009680564342292067,-0.09079507912884499,0.09973533173253452,0.21831286666861788,0.029431279847721085,0.022724100300025012
2026,827048109,SLGN,1160,0,1,0.3010075602375994,0.02766438551900848,0.029906665508927573,0.10147646207584274,0.23224297173745076,0.16028366425211968,0.024552743419744665
2026,875465106,SKT,1161,0,0,0.2502971212690784,-0.011387603984337354,-0.019170694327871187,0.007474250571915243,0.08340724890777002,0.08420289373360881,0.019723568481587427
2026,928254101,VIRT,1162,0,1,0.2544562004117205,,,,,,
2026,71385M107,PRM,1163,0,0,0.16413077144448796,-0.060513577693832116,-0.10244469436062684,-0.07041297426503687,0.06381042065552489,0.28184512039060916,-0.052543759689359926
2026,665531307,NOG,1164,0,0,0.07518747982330565,-0.03527871999467713,-0.08659947356807833,-0.10387570696233697,-0.22233802070648728,-0.37943746387754274,0.052953633936780146
2026,830879102,SKYW,1165,0,0,0.1458822434716405,0.02486657288549754,0.012822666011902632,0.08483223304541336,0.2070514204410137,0.07244625186100354,0.14294863155463897
2026,01625V104,ALHC,1166,0,0,0.20348347129296443,0.029578265441196433,0.07026415040200171,0.15782496456853534,0.5076769739846022,0.3835830128098251,-0.16953628764644077
2026,03969K108,ARQT,1167,0,0,0.05028789094724782,0.02827573024136471,-0.025659923314013705,0.023696238002596903,0.3308655304936562,0.28983823699574873,0.10294710705377293
2026,388689101,GPK,1168,0,1,0.132956758759618,0.024148327048948218,-0.012202761708505781,0.027906098694929146,0.10032788336460126,0.238350392323055,0.08645973963776335
2026,03783C100,APPF,1169,0,1,0.41304821920239243,0.08183705495603076,0.05595901380290018,0.20636922252553266,0.18666828156980028,0.15467291652009002,0.15585337627423343
2026,42704L104,HRI,1170,0,0,0.3228670586139413,0.0049167647297739155,0.008772907209284642,-0.06529138226877007,0.047821578358116325,0.32967265585466704,0.08104018451702331
2026,92645B103,VCTR,1171,0,0,0.04328942398506784,0.024056186973854796,-0.03242105750795542,0.00283945056199204,-0.011739901844757407,-0.06735238268116724,0.12051649888506696
2026,26856L103,ELF,1172,0,1,0.10178049998215528,0.04971784369047418,0.07759214188686223,0.19187273880211253,0.35465827832745966,0.18064860581256448,0.2838326466927435
2026,36467W109,GME,1173,0,1,0.2993554211572679,0.042249775678504714,0.017447663986975413,0.04486667086622635,0.05169679591297709,-0.1515158826274881,-0.021208623894362646
2026,127203107,WHD,1174,0,0,0.19349831894050634,-0.024535105663623467,-0.04258790492533597,-0.15064222761682222,-0.2367887609427433,-0.13617829800522405,-0.01660727917873251
2026,05368V106,AVNT,1175,0,0,0.18483411458774351,0.032522545511979056,-0.012947078749435771,0.03341411080670968,0.060453966928398564,-0.12556211980456383,-0.06281062929916614
2026,770323103,RHI,1176,0,1,0.13105361528420975,0.08775520164780047,0.07117115926102867,0.030155113368795873,0.2125123347899316,0.21302636294229776,0.19516315003794332
2026,155923105,CTRI,1177,0,0,0.07410010510812594,-0.027212442274640113,-0.04853644273706734,-0.11505809908377035,-0.13664612235224083,-0.16406481098156597,-0.14747326603304953
2026,366505105,GTX,1178,0,0,0.08517447631751678,0.012452738951539031,0.016653364326090457,-0.095914225811461,-0.13827590531492573,0.12803023143844924,-0.25196829034288853
2026,002474104,AZZ,1179,0,0,0.3025353327013212,-0.015639965609077926,-0.019955934244635647,-0.03067931236433901,0.03149630119507511,-0.008137056803959035,-0.1016009890368517
2026,453204109,PI,1180,0,0,0.29251468605720876,0.002391317890603418,0.029847457471144367,0.18481268287241523,0.004363575051225171,0.22908326575228613,0.012261390916424798
2026,82452J109,FOUR,1181,0,1,0.06491118944742748,0.10043787211366632,0.08718969958975682,0.30864869064165085,0.3131991886456992,0.19945634325416906,0.13188329592471418
2026,98585X104,YETI,1182,0,1,0.08776229141366966,,,,,,
2026,G0585R106,AGO,1183,0,1,0.24925654335791309,,,,,,
2026,06652K103,BKU,1184,0,0,0.17961571349858999,-0.012771117916457166,-0.04930509349474089,0.04553725241967696,0.06887313289238198,0.002815632948311971,-0.06780073509475057
2026,00404A109,ACHC,1185,0,0,0.10440696045191598,0.0387713446798364,0.087848057024394,0.22163669412456613,0.11770285729639998,-0.14043395844628587,0.06416559196727395
2026,901109108,TPC,1186,0,0,0.19904353533384944,-0.012269017125278128,-0.022041607804559514,0.008395176317109915,0.08364299112969076,-0.1200054747087948,0.06364095606050299
2026,50189K103,LCII,1187,0,0,0.18517776480797185,0.010033350152738226,0.05524985620820384,0.15613001521628275,-0.033210898130202525,-0.27494176286811745,0.09708327848921545
2026,69888T207,PARR,1188,0,0,0.11205229284766775,-0.006749832050265388,0.0965529362418524,0.13007673705303907,-0.08246818833614969,-0.3307846840180389,0.26213631070049753
2026,11135E203,BNL,1189,0,0,0.20110930227938695,0.0084038546036564,-0.002492848875845533,0.016039701365085833,-0.006810654157485647,0.02319575036164502,0.022459591754818993
2026,808625107,SAIC,1190,0,1,0.2748672163150064,0.034669343203848874,0.03931339769555854,0.07052106823614279,0.12107134839622674,0.13483740173310305,0.0703235548293
2026,018581108,BFH,1191,0,0,0.14014839148587868,0.021667099049813128,0.019488885465679968,-0.005491077601581526,0.12276934291478321,0.1413602297621526,-0.03303640418059834
2026,89422G107,TVTX,1192,0,0,0.13019384592363653,0.009560458725456938,-0.010006003168414556,0.02936667159720204,0.17026846079128194,0.4664140787345056,-0.0724396404966914
2026,48666K109,KBH,1193,0,0,0.20130930346847264,0.03447399846667977,0.013950285219353136,0.14184508964429288,0.2426430093622225,0.19712282213021576,-0.04596293118861431
2026,44930G107,ICUI,1194,0,0,0.3233007335112872,0.009591744811549214,0.02300695784907204,0.14293828641342093,0.1877337310306652,0.05239049037113783,0.09995864107715534
2026,90984P303,UCB,1195,0,0,0.22018579207045183,0.020941353060295896,0.015629195246511456,0.08115379336697798,0.0688710438291443,0.04261933580111206,-0.02137897167483925
2026,45378A106,IRT,1196,0,0,0.18465738989837668,0.01368443417689766,0.014661227280027552,0.07539170260497965,0.06654992129336093,0.125110024407078,-0.014991920801729937
2026,49845K101,KVYO,1197,0,1,0.021228129003609812,0.07178120058331434,0.0817047163426488,0.3230458387127365,0.40384459645377013,0.2281313433193266,0.34137374662833603
2026,32051X108,FHB,1198,0,1,0.20191989697809123,0.014682300072228269,0.0013822883280153256,0.07821641315170204,0.11135479118218988,0.0879925783127126,-0.07120972890946431
2026,854231107,SXI,1199,0,0,0.5194629656975359,0.01762743262936931,0.09138531470723482,0.04669287360859424,0.1253994821742319,0.03027076124679073,-0.13361688538313407
2026,29357K103,ENVA,1200,0,0,0.3825214011599169,0.05501151259713448,0.07200865078712156,0.16607999772125637,0.4053911041307609,0.4208657544662459,0.08982555340735239
